ticker,event_ticker,result,volume_fp,liquidity_dollars,close_time,previous_yes_ask_dollars
KXMLBGAME-26SEP101940PITCWS-PIT,KXMLBGAME-26SEP101940PITCWS,yes,1087987.21,0.0000,2026-09-11T02:14:31Z,0.5100
KXMLBGAME-26SEP101940PITCWS-CWS,KXMLBGAME-26SEP101940PITCWS,no,2336914.28,0.0000,2026-09-11T02:14:31Z,0.5100
KXMLBGAME-26SEP101905COLNYY-NYY,KXMLBGAME-26SEP101905COLNYY,yes,1401870.87,0.0000,2026-09-11T02:19:35Z,0.7300
KXMLBGAME-26SEP101905COLNYY-COL,KXMLBGAME-26SEP101905COLNYY,no,2035182.26,0.0000,2026-09-11T02:19:35Z,0.2800
KXMLBGAME-26SEP101610TEXSEA-TEX,KXMLBGAME-26SEP101610TEXSEA,no,4120026.33,0.0000,2026-09-10T22:49:39Z,0.4700
KXMLBGAME-26SEP101610TEXSEA-SEA,KXMLBGAME-26SEP101610TEXSEA,yes,4627124.17,0.0000,2026-09-10T22:49:39Z,0.5400
KXMLBGAME-26SEP101305HOUPHI-PHI,KXMLBGAME-26SEP101305HOUPHI,no,3083709.88,0.0000,2026-09-10T19:39:44Z,0.6300
KXMLBGAME-26SEP101305HOUPHI-HOU,KXMLBGAME-26SEP101305HOUPHI,yes,2464334.06,0.0000,2026-09-10T19:39:44Z,0.3800
KXMLBGAME-26SEP101215TBATL-TB,KXMLBGAME-26SEP101215TBATL,no,2649422.23,0.0000,2026-09-10T18:29:41Z,0.4700
KXMLBGAME-26SEP101215TBATL-ATL,KXMLBGAME-26SEP101215TBATL,yes,1924832.75,0.0000,2026-09-10T18:29:41Z,0.5400
KXMLBGAME-26SEP092210CINLAD-LAD,KXMLBGAME-26SEP092210CINLAD,yes,1191472.82,0.0000,2026-09-10T04:54:23Z,1.0000
KXMLBGAME-26SEP092210CINLAD-CIN,KXMLBGAME-26SEP092210CINLAD,no,2500619.77,0.0000,2026-09-10T04:54:23Z,1.0000
KXMLBGAME-26SEP091940PITCWS-PIT,KXMLBGAME-26SEP091940PITCWS,yes,857726.28,0.0000,2026-09-10T02:54:32Z,1.0000
KXMLBGAME-26SEP091940PITCWS-CWS,KXMLBGAME-26SEP091940PITCWS,no,1369517.01,0.0000,2026-09-10T02:54:32Z,1.0000
KXMLBGAME-26SEP091940AZKC-KC,KXMLBGAME-26SEP091940AZKC,yes,616928.82,0.0000,2026-09-10T03:09:43Z,1.0000
KXMLBGAME-26SEP091940AZKC-AZ,KXMLBGAME-26SEP091940AZKC,no,1393995.62,0.0000,2026-09-10T03:09:43Z,1.0000
KXMLBGAME-26SEP091940CHCMIL-MIL,KXMLBGAME-26SEP091940CHCMIL,yes,708664.17,0.0000,2026-09-10T02:49:45Z,1.0000
KXMLBGAME-26SEP091940CHCMIL-CHC,KXMLBGAME-26SEP091940CHCMIL,no,1709726.15,0.0000,2026-09-10T02:49:45Z,1.0000
KXMLBGAME-26SEP091915TBATL-TB,KXMLBGAME-26SEP091915TBATL,yes,494072.35,0.0000,2026-09-10T01:55:25Z,1.0000
KXMLBGAME-26SEP091915TBATL-ATL,KXMLBGAME-26SEP091915TBATL,no,832870.35,0.0000,2026-09-10T01:55:25Z,1.0000
KXMLBGAME-26SEP091905COLNYY-NYY,KXMLBGAME-26SEP091905COLNYY,yes,469440.73,0.0000,2026-09-10T01:39:46Z,1.0000
KXMLBGAME-26SEP091905COLNYY-COL,KXMLBGAME-26SEP091905COLNYY,no,320529.09,0.0000,2026-09-10T01:39:46Z,1.0000
KXMLBGAME-26SEP091845LAABOS-LAA,KXMLBGAME-26SEP091845LAABOS,yes,699565.07,0.0000,2026-09-10T01:34:25Z,1.0000
KXMLBGAME-26SEP091845LAABOS-BOS,KXMLBGAME-26SEP091845LAABOS,no,1153521.18,0.0000,2026-09-10T01:34:25Z,1.0000
KXMLBGAME-26SEP091840NYMMIA-NYM,KXMLBGAME-26SEP091840NYMMIA,yes,2015733.72,0.0000,2026-09-10T02:24:32Z,1.0000
KXMLBGAME-26SEP091840NYMMIA-MIA,KXMLBGAME-26SEP091840NYMMIA,no,3482323.55,0.0000,2026-09-10T02:24:32Z,1.0000
KXMLBGAME-26SEP091835CLEBAL-CLE,KXMLBGAME-26SEP091835CLEBAL,no,1850434.21,0.0000,2026-09-10T01:24:42Z,1.0000
KXMLBGAME-26SEP091835CLEBAL-BAL,KXMLBGAME-26SEP091835CLEBAL,yes,1289749.92,0.0000,2026-09-10T01:24:42Z,1.0000
KXMLBGAME-26SEP091840HOUPHI-PHI,KXMLBGAME-26SEP091840HOUPHI,yes,2196609.16,0.0000,2026-09-10T01:44:56Z,1.0000
KXMLBGAME-26SEP091840HOUPHI-HOU,KXMLBGAME-26SEP091840HOUPHI,no,1021725.83,0.0000,2026-09-10T01:44:56Z,1.0000
KXMLBGAME-26SEP091610WSHSD-WSH,KXMLBGAME-26SEP091610WSHSD,no,1264131.08,0.0000,2026-09-09T23:09:41Z,1.0000
KXMLBGAME-26SEP091610WSHSD-SD,KXMLBGAME-26SEP091610WSHSD,yes,1117860.31,0.0000,2026-09-09T23:09:41Z,1.0000
KXMLBGAME-26SEP091610TEXSEA-TEX,KXMLBGAME-26SEP091610TEXSEA,no,1388956.90,0.0000,2026-09-09T22:36:33Z,1.0000
KXMLBGAME-26SEP091610TEXSEA-SEA,KXMLBGAME-26SEP091610TEXSEA,yes,739693.64,0.0000,2026-09-09T22:36:33Z,1.0000
KXMLBGAME-26SEP091545STLSF-STL,KXMLBGAME-26SEP091545STLSF,no,2404616.83,0.0000,2026-09-09T22:32:41Z,1.0000
KXMLBGAME-26SEP091545STLSF-SF,KXMLBGAME-26SEP091545STLSF,yes,1691901.86,0.0000,2026-09-09T22:32:41Z,1.0000
KXMLBGAME-26SEP091505TORATH-TOR,KXMLBGAME-26SEP091505TORATH,no,903774.32,0.0000,2026-09-09T21:24:31Z,1.0000
KXMLBGAME-26SEP091505TORATH-ATH,KXMLBGAME-26SEP091505TORATH,yes,604361.70,0.0000,2026-09-09T21:24:31Z,1.0000
KXMLBGAME-26SEP091310MINDET-MIN,KXMLBGAME-26SEP091310MINDET,no,1490711.37,0.0000,2026-09-09T21:44:32Z,1.0000
KXMLBGAME-26SEP091310MINDET-DET,KXMLBGAME-26SEP091310MINDET,yes,1206101.71,0.0000,2026-09-09T21:44:32Z,1.0000
KXMLBGAME-26SEP082210CINLAD-LAD,KXMLBGAME-26SEP082210CINLAD,yes,1634761.32,0.0000,2026-09-09T04:39:33Z,1.0000
KXMLBGAME-26SEP082210CINLAD-CIN,KXMLBGAME-26SEP082210CINLAD,no,3910265.24,0.0000,2026-09-09T04:39:33Z,1.0000
KXMLBGAME-26SEP082145STLSF-STL,KXMLBGAME-26SEP082145STLSF,no,2079726.25,0.0000,2026-09-09T04:14:28Z,1.0000
KXMLBGAME-26SEP082145STLSF-SF,KXMLBGAME-26SEP082145STLSF,yes,1053880.58,0.0000,2026-09-09T04:14:28Z,1.0000
KXMLBGAME-26SEP082140TEXSEA-TEX,KXMLBGAME-26SEP082140TEXSEA,yes,1275823.64,0.0000,2026-09-09T04:54:27Z,1.0000
KXMLBGAME-26SEP082140TEXSEA-SEA,KXMLBGAME-26SEP082140TEXSEA,no,1964160.79,0.0000,2026-09-09T04:54:27Z,1.0000
KXMLBGAME-26SEP082140WSHSD-WSH,KXMLBGAME-26SEP082140WSHSD,no,1299162.57,0.0000,2026-09-09T04:14:29Z,1.0000
KXMLBGAME-26SEP082140WSHSD-SD,KXMLBGAME-26SEP082140WSHSD,yes,1714993.62,0.0000,2026-09-09T04:14:29Z,1.0000
KXMLBGAME-26SEP082140TORATH-TOR,KXMLBGAME-26SEP082140TORATH,yes,797325.31,0.0000,2026-09-09T04:14:29Z,1.0000
KXMLBGAME-26SEP082140TORATH-ATH,KXMLBGAME-26SEP082140TORATH,no,939307.03,0.0000,2026-09-09T04:14:29Z,1.0000
KXMLBGAME-26SEP081940PITCWS-PIT,KXMLBGAME-26SEP081940PITCWS,yes,559262.21,0.0000,2026-09-09T02:29:51Z,1.0000
KXMLBGAME-26SEP081940PITCWS-CWS,KXMLBGAME-26SEP081940PITCWS,no,1094633.31,0.0000,2026-09-09T02:29:51Z,1.0000
KXMLBGAME-26SEP081940AZKC-KC,KXMLBGAME-26SEP081940AZKC,no,2608706.34,0.0000,2026-09-09T03:14:36Z,1.0000
KXMLBGAME-26SEP081940AZKC-AZ,KXMLBGAME-26SEP081940AZKC,yes,3257147.66,0.0000,2026-09-09T03:14:36Z,1.0000
KXMLBGAME-26SEP081940CHCMIL-MIL,KXMLBGAME-26SEP081940CHCMIL,yes,3026705.58,0.0000,2026-09-09T02:54:30Z,1.0000
KXMLBGAME-26SEP081940CHCMIL-CHC,KXMLBGAME-26SEP081940CHCMIL,no,3055964.96,0.0000,2026-09-09T02:54:30Z,1.0000
KXMLBGAME-26SEP081905COLNYY-NYY,KXMLBGAME-26SEP081905COLNYY,yes,1010310.06,0.0000,2026-09-09T01:54:33Z,1.0000
KXMLBGAME-26SEP081905COLNYY-COL,KXMLBGAME-26SEP081905COLNYY,no,1161404.16,0.0000,2026-09-09T01:54:33Z,1.0000
KXMLBGAME-26SEP081915TBATL-TB,KXMLBGAME-26SEP081915TBATL,yes,812277.37,0.0000,2026-09-09T01:59:40Z,1.0000
KXMLBGAME-26SEP081915TBATL-ATL,KXMLBGAME-26SEP081915TBATL,no,867189.05,0.0000,2026-09-09T01:59:40Z,1.0000
KXMLBGAME-26SEP081840MINDET-MIN,KXMLBGAME-26SEP081840MINDET,yes,699982.99,0.0000,2026-09-09T01:19:50Z,1.0000
KXMLBGAME-26SEP081840MINDET-DET,KXMLBGAME-26SEP081840MINDET,no,734771.41,0.0000,2026-09-09T01:19:50Z,1.0000
KXMLBGAME-26SEP081840HOUPHI-PHI,KXMLBGAME-26SEP081840HOUPHI,no,2874330.37,0.0000,2026-09-09T01:44:32Z,1.0000
KXMLBGAME-26SEP081840HOUPHI-HOU,KXMLBGAME-26SEP081840HOUPHI,yes,2579449.62,0.0000,2026-09-09T01:44:32Z,1.0000
KXMLBGAME-26SEP081840NYMMIA-NYM,KXMLBGAME-26SEP081840NYMMIA,yes,1184506.78,0.0000,2026-09-09T01:24:32Z,1.0000
KXMLBGAME-26SEP081840NYMMIA-MIA,KXMLBGAME-26SEP081840NYMMIA,no,1927769.37,0.0000,2026-09-09T01:24:32Z,1.0000
KXMLBGAME-26SEP081845LAABOS-LAA,KXMLBGAME-26SEP081845LAABOS,yes,1157853.29,0.0000,2026-09-09T01:49:45Z,1.0000
KXMLBGAME-26SEP081845LAABOS-BOS,KXMLBGAME-26SEP081845LAABOS,no,2339379.11,0.0000,2026-09-09T01:49:45Z,1.0000
KXMLBGAME-26SEP081835CLEBAL-CLE,KXMLBGAME-26SEP081835CLEBAL,yes,856039.23,0.0000,2026-09-09T01:44:32Z,1.0000
KXMLBGAME-26SEP081835CLEBAL-BAL,KXMLBGAME-26SEP081835CLEBAL,no,1770348.77,0.0000,2026-09-09T01:44:32Z,1.0000
KXMLBGAME-26SEP072205TORATH-TOR,KXMLBGAME-26SEP072205TORATH,no,5384539.93,0.0000,2026-09-08T05:04:38Z,1.0000
KXMLBGAME-26SEP072205TORATH-ATH,KXMLBGAME-26SEP072205TORATH,yes,2532127.99,0.0000,2026-09-08T05:04:38Z,1.0000
KXMLBGAME-26SEP072110CINLAD-LAD,KXMLBGAME-26SEP072110CINLAD,yes,1834098.58,0.0000,2026-09-08T03:49:49Z,1.0000
KXMLBGAME-26SEP072110CINLAD-CIN,KXMLBGAME-26SEP072110CINLAD,no,2718559.31,0.0000,2026-09-08T03:49:49Z,1.0000
KXMLBGAME-26SEP072010STLSF-STL,KXMLBGAME-26SEP072010STLSF,no,5239388.66,0.0000,2026-09-08T03:49:49Z,1.0000
KXMLBGAME-26SEP072010STLSF-SF,KXMLBGAME-26SEP072010STLSF,yes,3526212.53,0.0000,2026-09-08T03:49:49Z,1.0000
KXMLBGAME-26SEP071710WSHSD-WSH,KXMLBGAME-26SEP071710WSHSD,no,2601451.16,0.0000,2026-09-07T23:44:35Z,1.0000
KXMLBGAME-26SEP071710WSHSD-SD,KXMLBGAME-26SEP071710WSHSD,yes,1183340.96,0.0000,2026-09-07T23:44:35Z,1.0000
KXMLBGAME-26SEP071510MINDET-MIN,KXMLBGAME-26SEP071510MINDET,no,2220509.51,0.0000,2026-09-07T21:49:36Z,1.0000
KXMLBGAME-26SEP071510MINDET-DET,KXMLBGAME-26SEP071510MINDET,yes,1031716.96,0.0000,2026-09-07T21:49:36Z,1.0000
KXMLBGAME-26SEP071410AZKC-KC,KXMLBGAME-26SEP071410AZKC,no,1994422.74,0.0000,2026-09-07T21:19:37Z,1.0000
KXMLBGAME-26SEP071410AZKC-AZ,KXMLBGAME-26SEP071410AZKC,yes,2385452.53,0.0000,2026-09-07T21:19:37Z,1.0000
KXMLBGAME-26SEP071410CHCMIL-MIL,KXMLBGAME-26SEP071410CHCMIL,yes,1716867.71,0.0000,2026-09-07T20:49:35Z,1.0000
KXMLBGAME-26SEP071410CHCMIL-CHC,KXMLBGAME-26SEP071410CHCMIL,no,2054063.18,0.0000,2026-09-07T20:49:35Z,1.0000
KXMLBGAME-26SEP071335LAABOS-LAA,KXMLBGAME-26SEP071335LAABOS,no,1199526.13,0.0000,2026-09-07T20:29:43Z,1.0000
KXMLBGAME-26SEP071335LAABOS-BOS,KXMLBGAME-26SEP071335LAABOS,yes,1278254.49,0.0000,2026-09-07T20:29:43Z,1.0000
KXMLBGAME-26SEP071335CLEBAL-CLE,KXMLBGAME-26SEP071335CLEBAL,no,1530108.91,0.0000,2026-09-07T20:39:36Z,1.0000
KXMLBGAME-26SEP071335CLEBAL-BAL,KXMLBGAME-26SEP071335CLEBAL,yes,976277.05,0.0000,2026-09-07T20:39:36Z,1.0000
KXMLBGAME-26SEP071305ATLPHI-PHI,KXMLBGAME-26SEP071305ATLPHI,yes,1310044.36,0.0000,2026-09-07T19:04:37Z,1.0000
KXMLBGAME-26SEP071305ATLPHI-ATL,KXMLBGAME-26SEP071305ATLPHI,no,1823339.27,0.0000,2026-09-07T19:04:37Z,1.0000
KXMLBGAME-26SEP071310NYMMIA-NYM,KXMLBGAME-26SEP071310NYMMIA,yes,1196346.50,0.0000,2026-09-07T20:24:35Z,1.0000
KXMLBGAME-26SEP071310NYMMIA-MIA,KXMLBGAME-26SEP071310NYMMIA,no,1466876.73,0.0000,2026-09-07T20:24:35Z,1.0000
KXMLBGAME-26SEP062210WSHLAD-WSH,KXMLBGAME-26SEP062210WSHLAD,no,6639151.17,0.0000,2026-09-07T05:09:34Z,1.0000
KXMLBGAME-26SEP062210WSHLAD-LAD,KXMLBGAME-26SEP062210WSHLAD,yes,7803966.38,0.0000,2026-09-07T05:09:34Z,1.0000
KXMLBGAME-26SEP061820MINCWS-MIN,KXMLBGAME-26SEP061820MINCWS,no,2003741.12,0.0000,2026-09-07T01:19:39Z,1.0000
KXMLBGAME-26SEP061820MINCWS-CWS,KXMLBGAME-26SEP061820MINCWS,yes,1401545.66,0.0000,2026-09-07T01:19:39Z,1.0000
KXMLBGAME-26SEP061610NYYSD-SD,KXMLBGAME-26SEP061610NYYSD,yes,1294938.74,0.0000,2026-09-06T22:44:28Z,1.0000
KXMLBGAME-26SEP061610NYYSD-NYY,KXMLBGAME-26SEP061610NYYSD,no,3676312.76,0.0000,2026-09-06T22:44:28Z,1.0000
KXMLBGAME-26SEP061610ATHSEA-SEA,KXMLBGAME-26SEP061610ATHSEA,yes,614564.30,0.0000,2026-09-06T22:44:28Z,1.0000
KXMLBGAME-26SEP061610ATHSEA-ATH,KXMLBGAME-26SEP061610ATHSEA,no,1337829.82,0.0000,2026-09-06T22:44:28Z,1.0000
KXMLBGAME-26SEP061510STLCOL-STL,KXMLBGAME-26SEP061510STLCOL,yes,1808598.89,0.0000,2026-09-06T22:24:29Z,1.0000
KXMLBGAME-26SEP061510STLCOL-COL,KXMLBGAME-26SEP061510STLCOL,no,765526.28,0.0000,2026-09-06T22:24:29Z,1.0000
KXMLBGAME-26SEP061435TBTEX-TEX,KXMLBGAME-26SEP061435TBTEX,yes,1355426.04,0.0000,2026-09-06T21:49:40Z,1.0000
KXMLBGAME-26SEP061435TBTEX-TB,KXMLBGAME-26SEP061435TBTEX,no,1807026.83,0.0000,2026-09-06T21:49:40Z,1.0000
KXMLBGAME-26SEP061410TORKC-TOR,KXMLBGAME-26SEP061410TORKC,no,570044.76,0.0000,2026-09-06T20:59:46Z,1.0000
KXMLBGAME-26SEP061410TORKC-KC,KXMLBGAME-26SEP061410TORKC,yes,349462.05,0.0000,2026-09-06T20:59:46Z,1.0000
KXMLBGAME-26SEP061410AZHOU-HOU,KXMLBGAME-26SEP061410AZHOU,no,1218988.00,0.0000,2026-09-06T21:14:30Z,1.0000
KXMLBGAME-26SEP061410AZHOU-AZ,KXMLBGAME-26SEP061410AZHOU,yes,972331.58,0.0000,2026-09-06T21:14:30Z,1.0000
KXMLBGAME-26SEP061340DETCLE-DET,KXMLBGAME-26SEP061340DETCLE,no,872109.92,0.0000,2026-09-06T20:34:36Z,1.0000
KXMLBGAME-26SEP061340DETCLE-CLE,KXMLBGAME-26SEP061340DETCLE,yes,850040.45,0.0000,2026-09-06T20:34:36Z,1.0000
KXMLBGAME-26SEP061340CHCMIA-MIA,KXMLBGAME-26SEP061340CHCMIA,yes,557123.99,0.0000,2026-09-06T20:34:36Z,1.0000
KXMLBGAME-26SEP061340CHCMIA-CHC,KXMLBGAME-26SEP061340CHCMIA,no,1452922.92,0.0000,2026-09-06T20:34:36Z,1.0000
KXMLBGAME-26SEP061335BOSBAL-BOS,KXMLBGAME-26SEP061335BOSBAL,yes,1230323.75,0.0000,2026-09-06T20:24:35Z,1.0000
KXMLBGAME-26SEP061335BOSBAL-BAL,KXMLBGAME-26SEP061335BOSBAL,no,1027331.02,0.0000,2026-09-06T20:24:35Z,1.0000
KXMLBGAME-26SEP061340SFNYM-SF,KXMLBGAME-26SEP061340SFNYM,no,446908.99,0.0000,2026-09-06T20:14:37Z,1.0000
KXMLBGAME-26SEP061340SFNYM-NYM,KXMLBGAME-26SEP061340SFNYM,yes,559385.11,0.0000,2026-09-06T20:14:37Z,1.0000
KXMLBGAME-26SEP061335LAAPIT-PIT,KXMLBGAME-26SEP061335LAAPIT,yes,360497.55,0.0000,2026-09-06T19:59:48Z,1.0000
KXMLBGAME-26SEP061335LAAPIT-LAA,KXMLBGAME-26SEP061335LAAPIT,no,556740.48,0.0000,2026-09-06T19:59:48Z,1.0000
KXMLBGAME-26SEP061310ATLPHI-PHI,KXMLBGAME-26SEP061310ATLPHI,no,1516867.90,0.0000,2026-09-06T19:59:47Z,1.0000
KXMLBGAME-26SEP061310ATLPHI-ATL,KXMLBGAME-26SEP061310ATLPHI,yes,2335091.63,0.0000,2026-09-06T19:59:47Z,1.0000
KXMLBGAME-26SEP061210MILCIN-MIL,KXMLBGAME-26SEP061210MILCIN,no,4707440.66,0.0000,2026-09-06T19:29:54Z,1.0000
KXMLBGAME-26SEP061210MILCIN-CIN,KXMLBGAME-26SEP061210MILCIN,yes,1792138.98,0.0000,2026-09-06T19:29:54Z,1.0000
KXMLBGAME-26SEP052140ATHSEA-SEA,KXMLBGAME-26SEP052140ATHSEA,no,1104717.95,0.0000,2026-09-06T04:09:41Z,1.0000
KXMLBGAME-26SEP052140ATHSEA-ATH,KXMLBGAME-26SEP052140ATHSEA,yes,1017488.50,0.0000,2026-09-06T04:09:41Z,1.0000
KXMLBGAME-26SEP052110WSHLAD-WSH,KXMLBGAME-26SEP052110WSHLAD,no,2439013.01,0.0000,2026-09-06T04:09:41Z,1.0000
KXMLBGAME-26SEP052110WSHLAD-LAD,KXMLBGAME-26SEP052110WSHLAD,yes,2920829.04,0.0000,2026-09-06T04:09:41Z,1.0000
KXMLBGAME-26SEP052010STLCOL-STL,KXMLBGAME-26SEP052010STLCOL,no,1079565.27,0.0000,2026-09-06T03:19:41Z,1.0000
KXMLBGAME-26SEP052010STLCOL-COL,KXMLBGAME-26SEP052010STLCOL,yes,893032.27,0.0000,2026-09-06T03:19:41Z,1.0000
KXMLBGAME-26SEP051905BOSBAL-BOS,KXMLBGAME-26SEP051905BOSBAL,yes,1322278.96,0.0000,2026-09-06T02:09:45Z,1.0000
KXMLBGAME-26SEP051905BOSBAL-BAL,KXMLBGAME-26SEP051905BOSBAL,no,829280.02,0.0000,2026-09-06T02:09:45Z,1.0000
KXMLBGAME-26SEP051915NYYSD-SD,KXMLBGAME-26SEP051915NYYSD,no,1300770.31,0.0000,2026-09-06T02:30:08Z,1.0000
KXMLBGAME-26SEP051915NYYSD-NYY,KXMLBGAME-26SEP051915NYYSD,yes,1330743.81,0.0000,2026-09-06T02:30:08Z,1.0000
KXMLBGAME-26SEP051905TBTEX-TEX,KXMLBGAME-26SEP051905TBTEX,no,859862.06,0.0000,2026-09-06T01:59:51Z,1.0000
KXMLBGAME-26SEP051905TBTEX-TB,KXMLBGAME-26SEP051905TBTEX,yes,809897.60,0.0000,2026-09-06T01:59:51Z,1.0000
KXMLBGAME-26SEP051910TORKC-TOR,KXMLBGAME-26SEP051910TORKC,yes,577568.74,0.0000,2026-09-06T01:49:43Z,1.0000
KXMLBGAME-26SEP051910TORKC-KC,KXMLBGAME-26SEP051910TORKC,no,380057.47,0.0000,2026-09-06T01:49:43Z,1.0000
KXMLBGAME-26SEP051910MINCWS-MIN,KXMLBGAME-26SEP051910MINCWS,yes,483801.98,0.0000,2026-09-06T01:59:51Z,1.0000
KXMLBGAME-26SEP051910MINCWS-CWS,KXMLBGAME-26SEP051910MINCWS,no,643465.05,0.0000,2026-09-06T01:59:51Z,1.0000
KXMLBGAME-26SEP051915AZHOU-HOU,KXMLBGAME-26SEP051915AZHOU,no,1036084.42,0.0000,2026-09-06T02:39:35Z,1.0000
KXMLBGAME-26SEP051915AZHOU-AZ,KXMLBGAME-26SEP051915AZHOU,yes,1568953.61,0.0000,2026-09-06T02:39:35Z,1.0000
KXMLBGAME-26SEP051840MILCIN-MIL,KXMLBGAME-26SEP051840MILCIN,no,2001815.48,0.0000,2026-09-06T03:54:26Z,1.0000
KXMLBGAME-26SEP051840MILCIN-CIN,KXMLBGAME-26SEP051840MILCIN,yes,859534.00,0.0000,2026-09-06T03:54:26Z,1.0000
KXMLBGAME-26SEP051840LAAPIT-PIT,KXMLBGAME-26SEP051840LAAPIT,no,976809.38,0.0000,2026-09-06T01:24:30Z,1.0000
KXMLBGAME-26SEP051840LAAPIT-LAA,KXMLBGAME-26SEP051840LAAPIT,yes,351118.26,0.0000,2026-09-06T01:24:30Z,1.0000
KXMLBGAME-26SEP051805ATLPHI-PHI,KXMLBGAME-26SEP051805ATLPHI,yes,801326.47,0.0000,2026-09-06T00:34:34Z,1.0000
KXMLBGAME-26SEP051805ATLPHI-ATL,KXMLBGAME-26SEP051805ATLPHI,no,1681875.50,0.0000,2026-09-06T00:34:34Z,1.0000
KXMLBGAME-26SEP051810DETCLE-DET,KXMLBGAME-26SEP051810DETCLE,yes,543006.70,0.0000,2026-09-06T00:39:45Z,1.0000
KXMLBGAME-26SEP051810DETCLE-CLE,KXMLBGAME-26SEP051810DETCLE,no,988926.86,0.0000,2026-09-06T00:39:45Z,1.0000
KXMLBGAME-26SEP051610SFNYM-SF,KXMLBGAME-26SEP051610SFNYM,yes,774369.53,0.0000,2026-09-05T22:49:40Z,1.0000
KXMLBGAME-26SEP051610SFNYM-NYM,KXMLBGAME-26SEP051610SFNYM,no,1247246.65,0.0000,2026-09-05T22:49:40Z,1.0000
KXMLBGAME-26SEP051610CHCMIA-MIA,KXMLBGAME-26SEP051610CHCMIA,no,1892740.80,0.0000,2026-09-05T23:39:42Z,1.0000
KXMLBGAME-26SEP051610CHCMIA-CHC,KXMLBGAME-26SEP051610CHCMIA,yes,1857847.45,0.0000,2026-09-05T23:39:42Z,1.0000
KXMLBGAME-26SEP042210WSHLAD-WSH,KXMLBGAME-26SEP042210WSHLAD,no,2615385.61,0.0000,2026-09-05T04:54:25Z,1.0000
KXMLBGAME-26SEP042210WSHLAD-LAD,KXMLBGAME-26SEP042210WSHLAD,yes,1702006.83,0.0000,2026-09-05T04:54:25Z,1.0000
KXMLBGAME-26SEP042210ATHSEA-SEA,KXMLBGAME-26SEP042210ATHSEA,no,3338819.99,0.0000,2026-09-05T05:09:38Z,1.0000
KXMLBGAME-26SEP042210ATHSEA-ATH,KXMLBGAME-26SEP042210ATHSEA,yes,2087070.88,0.0000,2026-09-05T05:09:38Z,1.0000
KXMLBGAME-26SEP042140NYYSD-SD,KXMLBGAME-26SEP042140NYYSD,yes,3075880.25,0.0000,2026-09-05T04:19:35Z,1.0000
KXMLBGAME-26SEP042140NYYSD-NYY,KXMLBGAME-26SEP042140NYYSD,no,4333471.79,0.0000,2026-09-05T04:19:35Z,1.0000
KXMLBGAME-26SEP042040STLCOL-STL,KXMLBGAME-26SEP042040STLCOL,yes,1999677.39,0.0000,2026-09-05T03:34:28Z,1.0000
KXMLBGAME-26SEP042040STLCOL-COL,KXMLBGAME-26SEP042040STLCOL,no,1251696.51,0.0000,2026-09-05T03:34:28Z,1.0000
KXMLBGAME-26SEP042005TBTEX-TEX,KXMLBGAME-26SEP042005TBTEX,no,2081170.75,0.0000,2026-09-05T03:14:32Z,1.0000
KXMLBGAME-26SEP042005TBTEX-TB,KXMLBGAME-26SEP042005TBTEX,yes,1913271.84,0.0000,2026-09-05T03:14:32Z,1.0000
KXMLBGAME-26SEP042010AZHOU-HOU,KXMLBGAME-26SEP042010AZHOU,yes,551026.71,0.0000,2026-09-05T02:49:36Z,1.0000
KXMLBGAME-26SEP042010AZHOU-AZ,KXMLBGAME-26SEP042010AZHOU,no,902139.23,0.0000,2026-09-05T02:49:36Z,1.0000
KXMLBGAME-26SEP042010TORKC-TOR,KXMLBGAME-26SEP042010TORKC,yes,465855.35,0.0000,2026-09-05T02:39:41Z,1.0000
KXMLBGAME-26SEP042010TORKC-KC,KXMLBGAME-26SEP042010TORKC,no,276087.60,0.0000,2026-09-05T02:39:41Z,1.0000
KXMLBGAME-26SEP041940MINCWS-MIN,KXMLBGAME-26SEP041940MINCWS,no,499026.03,0.0000,2026-09-05T02:04:33Z,1.0000
KXMLBGAME-26SEP041940MINCWS-CWS,KXMLBGAME-26SEP041940MINCWS,yes,312204.48,0.0000,2026-09-05T02:04:33Z,1.0000
KXMLBGAME-26SEP041915DETCLEG2-DET,KXMLBGAME-26SEP041915DETCLEG2,no,895893.85,0.0000,2026-09-05T02:44:32Z,1.0000
KXMLBGAME-26SEP041915DETCLEG2-CLE,KXMLBGAME-26SEP041915DETCLEG2,yes,1022429.36,0.0000,2026-09-05T02:44:32Z,1.0000
KXMLBGAME-26SEP041910CHCMIA-MIA,KXMLBGAME-26SEP041910CHCMIA,no,782432.30,0.0000,2026-09-05T02:09:41Z,1.0000
KXMLBGAME-26SEP041910CHCMIA-CHC,KXMLBGAME-26SEP041910CHCMIA,yes,770476.97,0.0000,2026-09-05T02:09:41Z,1.0000
KXMLBGAME-26SEP041905BOSBAL-BOS,KXMLBGAME-26SEP041905BOSBAL,yes,643719.45,0.0000,2026-09-05T01:44:37Z,1.0000
KXMLBGAME-26SEP041905BOSBAL-BAL,KXMLBGAME-26SEP041905BOSBAL,no,834747.06,0.0000,2026-09-05T01:44:37Z,1.0000
KXMLBGAME-26SEP041910SFNYM-SF,KXMLBGAME-26SEP041910SFNYM,no,1801837.91,0.0000,2026-09-05T01:59:51Z,1.0000
KXMLBGAME-26SEP041910SFNYM-NYM,KXMLBGAME-26SEP041910SFNYM,yes,915422.15,0.0000,2026-09-05T01:59:51Z,1.0000
KXMLBGAME-26SEP041845LAAPIT-PIT,KXMLBGAME-26SEP041845LAAPIT,yes,388923.97,0.0000,2026-09-05T01:49:41Z,1.0000
KXMLBGAME-26SEP041845LAAPIT-LAA,KXMLBGAME-26SEP041845LAAPIT,no,619061.70,0.0000,2026-09-05T01:49:41Z,1.0000
KXMLBGAME-26SEP041840ATLPHI-PHI,KXMLBGAME-26SEP041840ATLPHI,no,1889792.41,0.0000,2026-09-05T01:19:42Z,1.0000
KXMLBGAME-26SEP041840ATLPHI-ATL,KXMLBGAME-26SEP041840ATLPHI,yes,1749662.55,0.0000,2026-09-05T01:19:42Z,1.0000
KXMLBGAME-26SEP041810MILCIN-MIL,KXMLBGAME-26SEP041810MILCIN,yes,2320559.50,0.0000,2026-09-05T02:19:41Z,1.0000
KXMLBGAME-26SEP041810MILCIN-CIN,KXMLBGAME-26SEP041810MILCIN,no,1192192.81,0.0000,2026-09-05T02:19:41Z,1.0000
KXMLBGAME-26SEP041410DETCLEG1-DET,KXMLBGAME-26SEP041410DETCLEG1,no,3644633.77,0.0000,2026-09-04T22:04:38Z,1.0000
KXMLBGAME-26SEP041410DETCLEG1-CLE,KXMLBGAME-26SEP041410DETCLEG1,yes,3083217.73,0.0000,2026-09-04T22:04:38Z,1.0000
KXMLBGAME-26SEP032210STLLAD-STL,KXMLBGAME-26SEP032210STLLAD,no,4513174.49,0.0000,2026-09-04T05:14:27Z,1.0000
KXMLBGAME-26SEP032210STLLAD-LAD,KXMLBGAME-26SEP032210STLLAD,yes,5371652.72,0.0000,2026-09-04T05:14:27Z,1.0000
KXMLBGAME-26SEP032140ATHSEA-SEA,KXMLBGAME-26SEP032140ATHSEA,no,1933808.07,0.0000,2026-09-04T05:09:37Z,1.0000
KXMLBGAME-26SEP032140ATHSEA-ATH,KXMLBGAME-26SEP032140ATHSEA,yes,2628912.29,0.0000,2026-09-04T05:09:37Z,1.0000
KXMLBGAME-26SEP032005TBTEX-TEX,KXMLBGAME-26SEP032005TBTEX,yes,576204.00,0.0000,2026-09-04T02:29:39Z,1.0000
KXMLBGAME-26SEP032005TBTEX-TB,KXMLBGAME-26SEP032005TBTEX,no,1196420.73,0.0000,2026-09-04T02:29:39Z,1.0000
KXMLBGAME-26SEP031940MIAKC-MIA,KXMLBGAME-26SEP031940MIAKC,no,1357560.28,0.0000,2026-09-04T02:24:29Z,1.0000
KXMLBGAME-26SEP031940MIAKC-KC,KXMLBGAME-26SEP031940MIAKC,yes,1091331.37,0.0000,2026-09-04T02:24:29Z,1.0000
KXMLBGAME-26SEP031915MILCHC-MIL,KXMLBGAME-26SEP031915MILCHC,no,4716577.89,0.0000,2026-09-04T01:34:28Z,1.0000
KXMLBGAME-26SEP031915MILCHC-CHC,KXMLBGAME-26SEP031915MILCHC,yes,1369140.16,0.0000,2026-09-04T01:34:28Z,1.0000
KXMLBGAME-26SEP031915BOSBAL-BOS,KXMLBGAME-26SEP031915BOSBAL,yes,2489829.13,0.0000,2026-09-04T01:59:48Z,1.0000
KXMLBGAME-26SEP031915BOSBAL-BAL,KXMLBGAME-26SEP031915BOSBAL,no,1523778.03,0.0000,2026-09-04T01:59:48Z,1.0000
KXMLBGAME-26SEP031410CWSHOU-HOU,KXMLBGAME-26SEP031410CWSHOU,yes,1050948.73,0.0000,2026-09-03T20:39:37Z,1.0000
KXMLBGAME-26SEP031410CWSHOU-CWS,KXMLBGAME-26SEP031410CWSHOU,no,1902141.98,0.0000,2026-09-03T20:39:37Z,1.0000
KXMLBGAME-26SEP031310TORCLE-TOR,KXMLBGAME-26SEP031310TORCLE,yes,2060224.98,0.0000,2026-09-03T20:44:30Z,1.0000
KXMLBGAME-26SEP031310TORCLE-CLE,KXMLBGAME-26SEP031310TORCLE,no,4839414.55,0.0000,2026-09-03T20:44:30Z,1.0000
KXMLBGAME-26SEP031235SFPIT-SF,KXMLBGAME-26SEP031235SFPIT,no,1905206.75,0.0000,2026-09-03T19:24:30Z,1.0000
KXMLBGAME-26SEP031235SFPIT-PIT,KXMLBGAME-26SEP031235SFPIT,yes,1226371.78,0.0000,2026-09-03T19:24:30Z,1.0000
KXMLBGAME-26SEP022210STLLAD-STL,KXMLBGAME-26SEP022210STLLAD,yes,7798353.14,0.0000,2026-09-03T05:24:23Z,1.0000
KXMLBGAME-26SEP022210STLLAD-LAD,KXMLBGAME-26SEP022210STLLAD,no,4958200.43,0.0000,2026-09-03T05:24:23Z,1.0000
KXMLBGAME-26SEP022138NYYLAA-NYY,KXMLBGAME-26SEP022138NYYLAA,yes,5837000.47,0.0000,2026-09-03T05:19:39Z,1.0000
KXMLBGAME-26SEP022138NYYLAA-LAA,KXMLBGAME-26SEP022138NYYLAA,no,3497701.79,0.0000,2026-09-03T05:19:39Z,1.0000
KXMLBGAME-26SEP022010CWSHOU-HOU,KXMLBGAME-26SEP022010CWSHOU,yes,1117499.10,0.0000,2026-09-03T02:39:44Z,1.0000
KXMLBGAME-26SEP022010CWSHOU-CWS,KXMLBGAME-26SEP022010CWSHOU,no,1310621.87,0.0000,2026-09-03T02:39:44Z,1.0000
KXMLBGAME-26SEP021940DETMIN-MIN,KXMLBGAME-26SEP021940DETMIN,no,3639603.41,0.0000,2026-09-03T03:59:52Z,1.0000
KXMLBGAME-26SEP021940DETMIN-DET,KXMLBGAME-26SEP021940DETMIN,yes,4602577.26,0.0000,2026-09-03T03:59:52Z,1.0000
KXMLBGAME-26SEP021940MILCHC-MIL,KXMLBGAME-26SEP021940MILCHC,yes,2594584.83,0.0000,2026-09-03T03:04:32Z,1.0000
KXMLBGAME-26SEP021940MILCHC-CHC,KXMLBGAME-26SEP021940MILCHC,no,2537818.69,0.0000,2026-09-03T03:04:32Z,1.0000
KXMLBGAME-26SEP021940MIAKC-MIA,KXMLBGAME-26SEP021940MIAKC,yes,1285739.86,0.0000,2026-09-03T02:59:49Z,1.0000
KXMLBGAME-26SEP021940MIAKC-KC,KXMLBGAME-26SEP021940MIAKC,no,906949.80,0.0000,2026-09-03T02:59:49Z,1.0000
KXMLBGAME-26SEP021840TORCLE-TOR,KXMLBGAME-26SEP021840TORCLE,yes,3147998.95,0.0000,2026-09-03T01:24:29Z,1.0000
KXMLBGAME-26SEP021840TORCLE-CLE,KXMLBGAME-26SEP021840TORCLE,no,1420018.40,0.0000,2026-09-03T01:24:29Z,1.0000
KXMLBGAME-26SEP021840SFPIT-SF,KXMLBGAME-26SEP021840SFPIT,yes,1729510.58,0.0000,2026-09-03T01:44:29Z,1.0000
KXMLBGAME-26SEP021840SFPIT-PIT,KXMLBGAME-26SEP021840SFPIT,no,1481809.06,0.0000,2026-09-03T01:44:29Z,1.0000
KXMLBGAME-26SEP021840NYMTB-TB,KXMLBGAME-26SEP021840NYMTB,no,2052049.73,0.0000,2026-09-03T01:39:39Z,1.0000
KXMLBGAME-26SEP021840NYMTB-NYM,KXMLBGAME-26SEP021840NYMTB,yes,1115760.93,0.0000,2026-09-03T01:39:39Z,1.0000
KXMLBGAME-26SEP021610SEABOS-SEA,KXMLBGAME-26SEP021610SEABOS,yes,1460577.39,0.0000,2026-09-02T22:59:49Z,1.0000
KXMLBGAME-26SEP021610SEABOS-BOS,KXMLBGAME-26SEP021610SEABOS,no,1921410.17,0.0000,2026-09-02T22:59:49Z,1.0000
KXMLBGAME-26SEP021540PHIAZ-PHI,KXMLBGAME-26SEP021540PHIAZ,no,2700282.44,0.0000,2026-09-02T21:49:41Z,1.0000
KXMLBGAME-26SEP021540PHIAZ-AZ,KXMLBGAME-26SEP021540PHIAZ,yes,1543851.50,0.0000,2026-09-02T21:49:41Z,1.0000
KXMLBGAME-26SEP021510BALCOL-COL,KXMLBGAME-26SEP021510BALCOL,yes,3008602.90,0.0000,2026-09-02T22:54:28Z,1.0000
KXMLBGAME-26SEP021510BALCOL-BAL,KXMLBGAME-26SEP021510BALCOL,no,3905168.80,0.0000,2026-09-02T22:54:28Z,1.0000
KXMLBGAME-26SEP021435ATHTEX-TEX,KXMLBGAME-26SEP021435ATHTEX,no,1202383.45,0.0000,2026-09-02T21:34:37Z,1.0000
KXMLBGAME-26SEP021435ATHTEX-ATH,KXMLBGAME-26SEP021435ATHTEX,yes,949749.83,0.0000,2026-09-02T21:34:37Z,1.0000
KXMLBGAME-26SEP021305ATLWSH-WSH,KXMLBGAME-26SEP021305ATLWSH,no,1106011.20,0.0000,2026-09-02T21:09:42Z,1.0000
KXMLBGAME-26SEP021305ATLWSH-ATL,KXMLBGAME-26SEP021305ATLWSH,yes,3128178.37,0.0000,2026-09-02T21:09:42Z,1.0000
KXMLBGAME-26SEP021240SDCIN-SD,KXMLBGAME-26SEP021240SDCIN,no,3959728.43,0.0000,2026-09-02T19:39:49Z,1.0000
KXMLBGAME-26SEP021240SDCIN-CIN,KXMLBGAME-26SEP021240SDCIN,yes,1638434.70,0.0000,2026-09-02T19:39:49Z,1.0000
KXMLBGAME-26SEP012210STLLAD-STL,KXMLBGAME-26SEP012210STLLAD,yes,2067696.75,0.0000,2026-09-02T05:14:28Z,1.0000
KXMLBGAME-26SEP012210STLLAD-LAD,KXMLBGAME-26SEP012210STLLAD,no,4941157.92,0.0000,2026-09-02T05:14:28Z,1.0000
KXMLBGAME-26SEP012138NYYLAA-NYY,KXMLBGAME-26SEP012138NYYLAA,yes,1685443.51,0.0000,2026-09-02T04:39:34Z,1.0000
KXMLBGAME-26SEP012138NYYLAA-LAA,KXMLBGAME-26SEP012138NYYLAA,no,1507896.86,0.0000,2026-09-02T04:39:34Z,1.0000
KXMLBGAME-26SEP012140PHIAZ-PHI,KXMLBGAME-26SEP012140PHIAZ,yes,929776.28,0.0000,2026-09-02T04:30:02Z,1.0000
KXMLBGAME-26SEP012140PHIAZ-AZ,KXMLBGAME-26SEP012140PHIAZ,no,1264410.72,0.0000,2026-09-02T04:30:02Z,1.0000
KXMLBGAME-26SEP012040BALCOL-COL,KXMLBGAME-26SEP012040BALCOL,yes,1064854.21,0.0000,2026-09-02T03:34:27Z,1.0000
KXMLBGAME-26SEP012040BALCOL-BAL,KXMLBGAME-26SEP012040BALCOL,no,1877968.48,0.0000,2026-09-02T03:34:27Z,1.0000
KXMLBGAME-26SEP012010CWSHOU-HOU,KXMLBGAME-26SEP012010CWSHOU,no,1079773.95,0.0000,2026-09-02T03:24:29Z,1.0000
KXMLBGAME-26SEP012010CWSHOU-CWS,KXMLBGAME-26SEP012010CWSHOU,yes,1771512.02,0.0000,2026-09-02T03:24:29Z,1.0000
KXMLBGAME-26SEP012005ATHTEX-TEX,KXMLBGAME-26SEP012005ATHTEX,yes,833294.87,0.0000,2026-09-02T03:24:29Z,1.0000
KXMLBGAME-26SEP012005ATHTEX-ATH,KXMLBGAME-26SEP012005ATHTEX,no,1032896.17,0.0000,2026-09-02T03:24:29Z,1.0000
KXMLBGAME-26SEP011940MIAKC-MIA,KXMLBGAME-26SEP011940MIAKC,yes,988854.59,0.0000,2026-09-02T02:09:45Z,1.0000
KXMLBGAME-26SEP011940MIAKC-KC,KXMLBGAME-26SEP011940MIAKC,no,686097.06,0.0000,2026-09-02T02:09:45Z,1.0000
KXMLBGAME-26SEP011940DETMIN-MIN,KXMLBGAME-26SEP011940DETMIN,yes,401405.18,0.0000,2026-09-02T02:39:38Z,1.0000
KXMLBGAME-26SEP011940DETMIN-DET,KXMLBGAME-26SEP011940DETMIN,no,456650.67,0.0000,2026-09-02T02:39:38Z,1.0000
KXMLBGAME-26SEP011940MILCHC-MIL,KXMLBGAME-26SEP011940MILCHC,yes,2774177.07,0.0000,2026-09-02T03:04:38Z,1.0000
KXMLBGAME-26SEP011940MILCHC-CHC,KXMLBGAME-26SEP011940MILCHC,no,1879664.51,0.0000,2026-09-02T03:04:38Z,1.0000
KXMLBGAME-26SEP011840SDCIN-SD,KXMLBGAME-26SEP011840SDCIN,no,1704767.43,0.0000,2026-09-02T01:34:32Z,1.0000
KXMLBGAME-26SEP011840SDCIN-CIN,KXMLBGAME-26SEP011840SDCIN,yes,1274447.56,0.0000,2026-09-02T01:34:32Z,1.0000
KXMLBGAME-26SEP011840SFPIT-SF,KXMLBGAME-26SEP011840SFPIT,no,3740883.08,0.0000,2026-09-02T02:24:29Z,1.0000
KXMLBGAME-26SEP011840SFPIT-PIT,KXMLBGAME-26SEP011840SFPIT,yes,1892335.97,0.0000,2026-09-02T02:24:29Z,1.0000
KXMLBGAME-26SEP011840TORCLE-TOR,KXMLBGAME-26SEP011840TORCLE,no,2275323.05,0.0000,2026-09-02T01:14:35Z,1.0000
KXMLBGAME-26SEP011840TORCLE-CLE,KXMLBGAME-26SEP011840TORCLE,yes,1055137.03,0.0000,2026-09-02T01:14:35Z,1.0000
KXMLBGAME-26SEP011845ATLWSH-WSH,KXMLBGAME-26SEP011845ATLWSH,yes,747668.20,0.0000,2026-09-02T01:34:32Z,1.0000
KXMLBGAME-26SEP011845ATLWSH-ATL,KXMLBGAME-26SEP011845ATLWSH,no,1842044.55,0.0000,2026-09-02T01:34:32Z,1.0000
KXMLBGAME-26SEP011840NYMTB-TB,KXMLBGAME-26SEP011840NYMTB,yes,3343935.93,0.0000,2026-09-02T01:09:45Z,1.0000
KXMLBGAME-26SEP011840NYMTB-NYM,KXMLBGAME-26SEP011840NYMTB,no,1423667.74,0.0000,2026-09-02T01:09:45Z,1.0000
KXMLBGAME-26SEP011845SEABOS-SEA,KXMLBGAME-26SEP011845SEABOS,yes,1343659.25,0.0000,2026-09-02T02:14:38Z,1.0000
KXMLBGAME-26SEP011845SEABOS-BOS,KXMLBGAME-26SEP011845SEABOS,no,2550892.19,0.0000,2026-09-02T02:14:38Z,1.0000
KXMLBGAME-26AUG312138NYYLAA-NYY,KXMLBGAME-26AUG312138NYYLAA,no,3749976.87,0.0000,2026-09-01T04:24:32Z,1.0000
KXMLBGAME-26AUG312138NYYLAA-LAA,KXMLBGAME-26AUG312138NYYLAA,yes,1512891.13,0.0000,2026-09-01T04:24:32Z,1.0000
KXMLBGAME-26AUG312140PHIAZ-PHI,KXMLBGAME-26AUG312140PHIAZ,yes,2336125.52,0.0000,2026-09-01T04:44:38Z,1.0000
KXMLBGAME-26AUG312140PHIAZ-AZ,KXMLBGAME-26AUG312140PHIAZ,no,3551572.01,0.0000,2026-09-01T04:44:38Z,1.0000
KXMLBGAME-26AUG312040BALCOL-COL,KXMLBGAME-26AUG312040BALCOL,no,2218041.72,0.0000,2026-09-01T04:59:42Z,1.0000
KXMLBGAME-26AUG312040BALCOL-BAL,KXMLBGAME-26AUG312040BALCOL,yes,3674923.92,0.0000,2026-09-01T04:59:42Z,1.0000
KXMLBGAME-26AUG312010CWSHOU-HOU,KXMLBGAME-26AUG312010CWSHOU,yes,3279785.98,0.0000,2026-09-01T03:19:49Z,1.0000
KXMLBGAME-26AUG312010CWSHOU-CWS,KXMLBGAME-26AUG312010CWSHOU,no,3203578.96,0.0000,2026-09-01T03:19:49Z,1.0000
KXMLBGAME-26AUG312005ATHTEX-TEX,KXMLBGAME-26AUG312005ATHTEX,yes,606927.16,0.0000,2026-09-01T02:34:32Z,1.0000
KXMLBGAME-26AUG312005ATHTEX-ATH,KXMLBGAME-26AUG312005ATHTEX,no,697628.08,0.0000,2026-09-01T02:34:32Z,1.0000
KXMLBGAME-26AUG311940MILCHC-MIL,KXMLBGAME-26AUG311940MILCHC,no,1753939.11,0.0000,2026-09-01T02:29:54Z,1.0000
KXMLBGAME-26AUG311940MILCHC-CHC,KXMLBGAME-26AUG311940MILCHC,yes,725364.19,0.0000,2026-09-01T02:29:54Z,1.0000
KXMLBGAME-26AUG311940DETMIN-MIN,KXMLBGAME-26AUG311940DETMIN,yes,378751.32,0.0000,2026-09-01T02:14:32Z,1.0000
KXMLBGAME-26AUG311940DETMIN-DET,KXMLBGAME-26AUG311940DETMIN,no,487189.73,0.0000,2026-09-01T02:14:32Z,1.0000
KXMLBGAME-26AUG311840NYMTB-TB,KXMLBGAME-26AUG311840NYMTB,no,3008617.27,0.0000,2026-09-01T01:24:32Z,1.0000
KXMLBGAME-26AUG311840NYMTB-NYM,KXMLBGAME-26AUG311840NYMTB,yes,2056893.82,0.0000,2026-09-01T01:24:32Z,1.0000
KXMLBGAME-26AUG311840SDCIN-SD,KXMLBGAME-26AUG311840SDCIN,yes,1102010.60,0.0000,2026-09-01T01:39:46Z,1.0000
KXMLBGAME-26AUG311840SDCIN-CIN,KXMLBGAME-26AUG311840SDCIN,no,779476.49,0.0000,2026-09-01T01:39:46Z,1.0000
KXMLBGAME-26AUG311845MIAWSH-WSH,KXMLBGAME-26AUG311845MIAWSH,yes,893402.83,0.0000,2026-09-01T01:44:40Z,1.0000
KXMLBGAME-26AUG311845MIAWSH-MIA,KXMLBGAME-26AUG311845MIAWSH,no,1402467.54,0.0000,2026-09-01T01:44:40Z,1.0000
KXMLBGAME-26AUG311845SEABOS-SEA,KXMLBGAME-26AUG311845SEABOS,no,2573775.01,0.0000,2026-09-01T01:54:30Z,1.0000
KXMLBGAME-26AUG311845SEABOS-BOS,KXMLBGAME-26AUG311845SEABOS,yes,4171699.95,0.0000,2026-09-01T01:54:30Z,1.0000
KXMLBGAME-26AUG311805SFATL-SF,KXMLBGAME-26AUG311805SFATL,yes,2072616.39,0.0000,2026-09-01T00:39:41Z,1.0000
KXMLBGAME-26AUG311805SFATL-ATL,KXMLBGAME-26AUG311805SFATL,no,2891555.16,0.0000,2026-09-01T00:39:41Z,1.0000
KXMLBGAME-26AUG301920CINCHC-CIN,KXMLBGAME-26AUG301920CINCHC,yes,4854378.36,0.0000,2026-08-31T02:42:34Z,1.0000
KXMLBGAME-26AUG301920CINCHC-CHC,KXMLBGAME-26AUG301920CINCHC,no,6324634.71,0.0000,2026-08-31T02:42:34Z,1.0000
KXMLBGAME-26AUG301605BALATH-BAL,KXMLBGAME-26AUG301605BALATH,yes,1191783.05,0.0000,2026-08-30T22:54:27Z,1.0000
KXMLBGAME-26AUG301605BALATH-ATH,KXMLBGAME-26AUG301605BALATH,no,924329.74,0.0000,2026-08-30T22:54:27Z,1.0000
KXMLBGAME-26AUG301607PHILAA-PHI,KXMLBGAME-26AUG301607PHILAA,yes,3471165.27,0.0000,2026-08-30T23:13:32Z,1.0000
KXMLBGAME-26AUG301607PHILAA-LAA,KXMLBGAME-26AUG301607PHILAA,no,1710926.38,0.0000,2026-08-30T23:13:32Z,1.0000
KXMLBGAME-26AUG301510HOUNYM-NYM,KXMLBGAME-26AUG301510HOUNYM,no,1228913.23,0.0000,2026-08-30T22:19:37Z,1.0000
KXMLBGAME-26AUG301510HOUNYM-HOU,KXMLBGAME-26AUG301510HOUNYM,yes,1352810.63,0.0000,2026-08-30T22:19:37Z,1.0000
KXMLBGAME-26AUG301410TEXMIL-TEX,KXMLBGAME-26AUG301410TEXMIL,yes,954447.96,0.0000,2026-08-30T21:39:44Z,1.0000
KXMLBGAME-26AUG301410TEXMIL-MIL,KXMLBGAME-26AUG301410TEXMIL,no,1798533.48,0.0000,2026-08-30T21:39:44Z,1.0000
KXMLBGAME-26AUG301410CWSMIN-MIN,KXMLBGAME-26AUG301410CWSMIN,yes,303466.46,0.0000,2026-08-30T20:29:43Z,1.0000
KXMLBGAME-26AUG301410CWSMIN-CWS,KXMLBGAME-26AUG301410CWSMIN,no,808976.73,0.0000,2026-08-30T20:29:43Z,1.0000
KXMLBGAME-26AUG301415PITSTL-STL,KXMLBGAME-26AUG301415PITSTL,no,939515.25,0.0000,2026-08-30T21:14:30Z,1.0000
KXMLBGAME-26AUG301415PITSTL-PIT,KXMLBGAME-26AUG301415PITSTL,yes,729869.02,0.0000,2026-08-30T21:14:30Z,1.0000
KXMLBGAME-26AUG301337SEATOR-TOR,KXMLBGAME-26AUG301337SEATOR,yes,393482.20,0.0000,2026-08-30T20:09:49Z,1.0000
KXMLBGAME-26AUG301337SEATOR-SEA,KXMLBGAME-26AUG301337SEATOR,no,959020.42,0.0000,2026-08-30T20:09:49Z,1.0000
KXMLBGAME-26AUG301340LADDET-LAD,KXMLBGAME-26AUG301340LADDET,yes,2488004.04,0.0000,2026-08-30T21:24:29Z,1.0000
KXMLBGAME-26AUG301340LADDET-DET,KXMLBGAME-26AUG301340LADDET,no,711204.40,0.0000,2026-08-30T21:24:29Z,1.0000
KXMLBGAME-26AUG301340SDTB-TB,KXMLBGAME-26AUG301340SDTB,yes,2774722.37,0.0000,2026-08-30T21:09:38Z,1.0000
KXMLBGAME-26AUG301340SDTB-SD,KXMLBGAME-26AUG301340SDTB,no,2318210.70,0.0000,2026-08-30T21:09:38Z,1.0000
KXMLBGAME-26AUG301340KCCLE-KC,KXMLBGAME-26AUG301340KCCLE,no,865070.28,0.0000,2026-08-30T20:39:37Z,1.0000
KXMLBGAME-26AUG301340KCCLE-CLE,KXMLBGAME-26AUG301340KCCLE,yes,547745.47,0.0000,2026-08-30T20:39:37Z,1.0000
KXMLBGAME-26AUG301335COLATL-COL,KXMLBGAME-26AUG301335COLATL,no,1028173.96,0.0000,2026-08-30T20:24:29Z,1.0000
KXMLBGAME-26AUG301335COLATL-ATL,KXMLBGAME-26AUG301335COLATL,yes,1171238.59,0.0000,2026-08-30T20:24:29Z,1.0000
KXMLBGAME-26AUG301335BOSNYY-NYY,KXMLBGAME-26AUG301335BOSNYY,yes,1629470.08,0.0000,2026-08-30T20:29:42Z,1.0000
KXMLBGAME-26AUG301335BOSNYY-BOS,KXMLBGAME-26AUG301335BOSNYY,no,2288811.33,0.0000,2026-08-30T20:29:42Z,1.0000
KXMLBGAME-26AUG301215MIAWSH-WSH,KXMLBGAME-26AUG301215MIAWSH,no,1771310.23,0.0000,2026-08-30T19:14:37Z,1.0000
KXMLBGAME-26AUG301215MIAWSH-MIA,KXMLBGAME-26AUG301215MIAWSH,yes,2865895.68,0.0000,2026-08-30T19:14:37Z,1.0000
KXMLBGAME-26AUG292205AZSFG2-SF,KXMLBGAME-26AUG292205AZSFG2,yes,1246000.00,0.0000,2026-08-30T05:04:29Z,1.0000
KXMLBGAME-26AUG292205AZSFG2-AZ,KXMLBGAME-26AUG292205AZSFG2,no,1872948.58,0.0000,2026-08-30T05:04:29Z,1.0000
KXMLBGAME-26AUG292205BALATH-BAL,KXMLBGAME-26AUG292205BALATH,yes,1306636.53,0.0000,2026-08-30T04:59:47Z,1.0000
KXMLBGAME-26AUG292205BALATH-ATH,KXMLBGAME-26AUG292205BALATH,no,1610048.79,0.0000,2026-08-30T04:59:47Z,1.0000
KXMLBGAME-26AUG292207PHILAA-PHI,KXMLBGAME-26AUG292207PHILAA,yes,2911516.32,0.0000,2026-08-30T05:14:35Z,1.0000
KXMLBGAME-26AUG292207PHILAA-LAA,KXMLBGAME-26AUG292207PHILAA,no,2951042.09,0.0000,2026-08-30T05:14:35Z,1.0000
KXMLBGAME-26AUG291915TEXMIL-TEX,KXMLBGAME-26AUG291915TEXMIL,no,1294672.19,0.0000,2026-08-30T01:59:52Z,1.0000
KXMLBGAME-26AUG291915TEXMIL-MIL,KXMLBGAME-26AUG291915TEXMIL,yes,1064463.63,0.0000,2026-08-30T01:59:52Z,1.0000
KXMLBGAME-26AUG291915BOSNYYG2-NYY,KXMLBGAME-26AUG291915BOSNYYG2,yes,2034791.76,0.0000,2026-08-30T02:29:42Z,1.0000
KXMLBGAME-26AUG291915BOSNYYG2-BOS,KXMLBGAME-26AUG291915BOSNYYG2,no,2887335.67,0.0000,2026-08-30T02:29:42Z,1.0000
KXMLBGAME-26AUG291610COLATL-COL,KXMLBGAME-26AUG291610COLATL,no,1467033.52,0.0000,2026-08-29T23:29:42Z,1.0000
KXMLBGAME-26AUG291610COLATL-ATL,KXMLBGAME-26AUG291610COLATL,yes,2361725.57,0.0000,2026-08-29T23:29:42Z,1.0000
KXMLBGAME-26AUG291605AZSFG1-SF,KXMLBGAME-26AUG291605AZSFG1,no,625283.18,0.0000,2026-08-29T22:49:42Z,1.0000
KXMLBGAME-26AUG291605AZSFG1-AZ,KXMLBGAME-26AUG291605AZSFG1,yes,929381.81,0.0000,2026-08-29T22:49:42Z,1.0000
KXMLBGAME-26AUG291610KCCLE-KC,KXMLBGAME-26AUG291610KCCLE,yes,646103.55,0.0000,2026-08-29T22:49:41Z,1.0000
KXMLBGAME-26AUG291610KCCLE-CLE,KXMLBGAME-26AUG291610KCCLE,no,754158.26,0.0000,2026-08-29T22:49:41Z,1.0000
KXMLBGAME-26AUG291610SDTB-TB,KXMLBGAME-26AUG291610SDTB,yes,1525606.67,0.0000,2026-08-29T22:59:53Z,1.0000
KXMLBGAME-26AUG291610SDTB-SD,KXMLBGAME-26AUG291610SDTB,no,1705931.64,0.0000,2026-08-29T22:59:53Z,1.0000
KXMLBGAME-26AUG291610HOUNYM-NYM,KXMLBGAME-26AUG291610HOUNYM,yes,597299.23,0.0000,2026-08-29T22:54:27Z,1.0000
KXMLBGAME-26AUG291610HOUNYM-HOU,KXMLBGAME-26AUG291610HOUNYM,no,1287193.24,0.0000,2026-08-29T22:54:27Z,1.0000
KXMLBGAME-26AUG291605MIAWSH-WSH,KXMLBGAME-26AUG291605MIAWSH,yes,1703626.79,0.0000,2026-08-29T23:09:36Z,1.0000
KXMLBGAME-26AUG291605MIAWSH-MIA,KXMLBGAME-26AUG291605MIAWSH,no,1825548.05,0.0000,2026-08-29T23:09:36Z,1.0000
KXMLBGAME-26AUG291507SEATOR-TOR,KXMLBGAME-26AUG291507SEATOR,yes,1225906.11,0.0000,2026-08-29T22:29:56Z,1.0000
KXMLBGAME-26AUG291507SEATOR-SEA,KXMLBGAME-26AUG291507SEATOR,no,890753.14,0.0000,2026-08-29T22:29:56Z,1.0000
KXMLBGAME-26AUG291420CINCHC-CIN,KXMLBGAME-26AUG291420CINCHC,no,922519.00,0.0000,2026-08-29T21:14:36Z,1.0000
KXMLBGAME-26AUG291420CINCHC-CHC,KXMLBGAME-26AUG291420CINCHC,yes,592030.25,0.0000,2026-08-29T21:14:36Z,1.0000
KXMLBGAME-26AUG291410CWSMIN-MIN,KXMLBGAME-26AUG291410CWSMIN,no,766248.00,0.0000,2026-08-29T20:49:42Z,1.0000
KXMLBGAME-26AUG291410CWSMIN-CWS,KXMLBGAME-26AUG291410CWSMIN,yes,1086391.44,0.0000,2026-08-29T20:49:42Z,1.0000
KXMLBGAME-26AUG291415PITSTL-STL,KXMLBGAME-26AUG291415PITSTL,no,812812.20,0.0000,2026-08-29T21:09:42Z,1.0000
KXMLBGAME-26AUG291415PITSTL-PIT,KXMLBGAME-26AUG291415PITSTL,yes,552653.74,0.0000,2026-08-29T21:09:42Z,1.0000
KXMLBGAME-26AUG291310LADDET-LAD,KXMLBGAME-26AUG291310LADDET,no,3331727.30,0.0000,2026-08-29T20:04:39Z,1.0000
KXMLBGAME-26AUG291310LADDET-DET,KXMLBGAME-26AUG291310LADDET,yes,1208136.71,0.0000,2026-08-29T20:04:39Z,1.0000
KXMLBGAME-26AUG291305BOSNYYG1-NYY,KXMLBGAME-26AUG291305BOSNYYG1,no,1478324.07,0.0000,2026-08-29T20:09:48Z,1.0000
KXMLBGAME-26AUG291305BOSNYYG1-BOS,KXMLBGAME-26AUG291305BOSNYYG1,yes,1228701.82,0.0000,2026-08-29T20:09:48Z,1.0000
KXMLBGAME-26AUG282215AZSF-SF,KXMLBGAME-26AUG282215AZSF,no,2408580.65,0.0000,2026-08-29T05:29:42Z,1.0000
KXMLBGAME-26AUG282215AZSF-AZ,KXMLBGAME-26AUG282215AZSF,yes,1605012.12,0.0000,2026-08-29T05:29:42Z,1.0000
KXMLBGAME-26AUG282140BALATH-BAL,KXMLBGAME-26AUG282140BALATH,yes,2604941.66,0.0000,2026-08-29T04:44:33Z,1.0000
KXMLBGAME-26AUG282140BALATH-ATH,KXMLBGAME-26AUG282140BALATH,no,1872337.08,0.0000,2026-08-29T04:44:33Z,1.0000
KXMLBGAME-26AUG282138PHILAA-PHI,KXMLBGAME-26AUG282138PHILAA,yes,4800601.49,0.0000,2026-08-29T04:39:38Z,1.0000
KXMLBGAME-26AUG282138PHILAA-LAA,KXMLBGAME-26AUG282138PHILAA,no,2421393.98,0.0000,2026-08-29T04:39:38Z,1.0000
KXMLBGAME-26AUG282010CWSMIN-MIN,KXMLBGAME-26AUG282010CWSMIN,no,852728.99,0.0000,2026-08-29T03:19:36Z,1.0000
KXMLBGAME-26AUG282010CWSMIN-CWS,KXMLBGAME-26AUG282010CWSMIN,yes,961004.73,0.0000,2026-08-29T03:19:36Z,1.0000
KXMLBGAME-26AUG282015PITSTL-STL,KXMLBGAME-26AUG282015PITSTL,yes,407177.11,0.0000,2026-08-29T02:54:29Z,1.0000
KXMLBGAME-26AUG282015PITSTL-PIT,KXMLBGAME-26AUG282015PITSTL,no,631558.26,0.0000,2026-08-29T02:54:29Z,1.0000
KXMLBGAME-26AUG281940TEXMIL-TEX,KXMLBGAME-26AUG281940TEXMIL,no,628537.01,0.0000,2026-08-29T02:29:50Z,1.0000
KXMLBGAME-26AUG281940TEXMIL-MIL,KXMLBGAME-26AUG281940TEXMIL,yes,780840.23,0.0000,2026-08-29T02:29:50Z,1.0000
KXMLBGAME-26AUG281910HOUNYM-NYM,KXMLBGAME-26AUG281910HOUNYM,no,521515.47,0.0000,2026-08-29T02:00:04Z,1.0000
KXMLBGAME-26AUG281910HOUNYM-HOU,KXMLBGAME-26AUG281910HOUNYM,yes,907818.30,0.0000,2026-08-29T02:00:04Z,1.0000
KXMLBGAME-26AUG281910KCCLE-KC,KXMLBGAME-26AUG281910KCCLE,yes,622700.78,0.0000,2026-08-29T01:39:41Z,1.0000
KXMLBGAME-26AUG281910KCCLE-CLE,KXMLBGAME-26AUG281910KCCLE,no,478610.69,0.0000,2026-08-29T01:39:41Z,1.0000
KXMLBGAME-26AUG281915COLATL-COL,KXMLBGAME-26AUG281915COLATL,no,884363.02,0.0000,2026-08-29T02:14:41Z,1.0000
KXMLBGAME-26AUG281915COLATL-ATL,KXMLBGAME-26AUG281915COLATL,yes,1150564.18,0.0000,2026-08-29T02:14:41Z,1.0000
KXMLBGAME-26AUG281910SDTB-TB,KXMLBGAME-26AUG281910SDTB,yes,1005463.75,0.0000,2026-08-29T01:49:40Z,1.0000
KXMLBGAME-26AUG281910SDTB-SD,KXMLBGAME-26AUG281910SDTB,no,1339384.57,0.0000,2026-08-29T01:49:40Z,1.0000
KXMLBGAME-26AUG281915SEATOR-TOR,KXMLBGAME-26AUG281915SEATOR,yes,595341.12,0.0000,2026-08-29T01:54:34Z,1.0000
KXMLBGAME-26AUG281915SEATOR-SEA,KXMLBGAME-26AUG281915SEATOR,no,669948.57,0.0000,2026-08-29T01:54:34Z,1.0000
KXMLBGAME-26AUG281915BOSNYY-NYY,KXMLBGAME-26AUG281915BOSNYY,yes,1167832.26,0.0000,2026-08-29T02:09:48Z,1.0000
KXMLBGAME-26AUG281915BOSNYY-BOS,KXMLBGAME-26AUG281915BOSNYY,no,1624984.45,0.0000,2026-08-29T02:09:48Z,1.0000
KXMLBGAME-26AUG281840LADDET-LAD,KXMLBGAME-26AUG281840LADDET,yes,4250137.95,0.0000,2026-08-29T01:29:54Z,1.0000
KXMLBGAME-26AUG281840LADDET-DET,KXMLBGAME-26AUG281840LADDET,no,1669935.59,0.0000,2026-08-29T01:29:54Z,1.0000
KXMLBGAME-26AUG281845MIAWSH-WSH,KXMLBGAME-26AUG281845MIAWSH,yes,667597.27,0.0000,2026-08-29T01:29:53Z,1.0000
KXMLBGAME-26AUG281845MIAWSH-MIA,KXMLBGAME-26AUG281845MIAWSH,no,1455932.38,0.0000,2026-08-29T01:29:53Z,1.0000
KXMLBGAME-26AUG281420CINCHC-CIN,KXMLBGAME-26AUG281420CINCHC,yes,5444756.17,0.0000,2026-08-28T21:34:39Z,1.0000
KXMLBGAME-26AUG281420CINCHC-CHC,KXMLBGAME-26AUG281420CINCHC,no,4384357.69,0.0000,2026-08-28T21:34:39Z,1.0000
KXMLBGAME-26AUG272145AZSF-SF,KXMLBGAME-26AUG272145AZSF,yes,2838828.52,0.0000,2026-08-28T04:24:29Z,1.0000
KXMLBGAME-26AUG272145AZSF-AZ,KXMLBGAME-26AUG272145AZSF,no,4316161.66,0.0000,2026-08-28T04:24:29Z,1.0000
KXMLBGAME-26AUG271910MILNYM-NYM,KXMLBGAME-26AUG271910MILNYM,no,1356935.53,0.0000,2026-08-28T02:04:39Z,1.0000
KXMLBGAME-26AUG271910MILNYM-MIL,KXMLBGAME-26AUG271910MILNYM,yes,1677112.30,0.0000,2026-08-28T02:04:39Z,1.0000
KXMLBGAME-26AUG271907KCTOR-TOR,KXMLBGAME-26AUG271907KCTOR,no,1403131.22,0.0000,2026-08-28T01:59:47Z,1.0000
KXMLBGAME-26AUG271907KCTOR-KC,KXMLBGAME-26AUG271907KCTOR,yes,1124407.38,0.0000,2026-08-28T01:59:47Z,1.0000
KXMLBGAME-26AUG271905HOUNYY-NYY,KXMLBGAME-26AUG271905HOUNYY,no,2540315.15,0.0000,2026-08-28T02:04:39Z,1.0000
KXMLBGAME-26AUG271905HOUNYY-HOU,KXMLBGAME-26AUG271905HOUNYY,yes,904795.76,0.0000,2026-08-28T02:04:39Z,1.0000
KXMLBGAME-26AUG271915LADATL-LAD,KXMLBGAME-26AUG271915LADATL,no,5547907.49,0.0000,2026-08-28T01:39:40Z,1.0000
KXMLBGAME-26AUG271915LADATL-ATL,KXMLBGAME-26AUG271915LADATL,yes,2092054.24,0.0000,2026-08-28T01:39:40Z,1.0000
KXMLBGAME-26AUG271415BALSTL-STL,KXMLBGAME-26AUG271415BALSTL,yes,1682281.42,0.0000,2026-08-27T20:59:53Z,1.0000
KXMLBGAME-26AUG271415BALSTL-BAL,KXMLBGAME-26AUG271415BALSTL,no,2831366.02,0.0000,2026-08-27T20:59:53Z,1.0000
KXMLBGAME-26AUG271305COLWSH-WSH,KXMLBGAME-26AUG271305COLWSH,yes,2808845.77,0.0000,2026-08-27T20:44:36Z,1.0000
KXMLBGAME-26AUG271305COLWSH-COL,KXMLBGAME-26AUG271305COLWSH,no,1468699.78,0.0000,2026-08-27T20:44:36Z,1.0000
KXMLBGAME-26AUG262105MINATH-MIN,KXMLBGAME-26AUG262105MINATH,no,1930729.96,0.0000,2026-08-27T03:39:40Z,1.0000
KXMLBGAME-26AUG262105MINATH-ATH,KXMLBGAME-26AUG262105MINATH,yes,2052401.34,0.0000,2026-08-27T03:39:40Z,1.0000
KXMLBGAME-26AUG261945BALSTL-STL,KXMLBGAME-26AUG261945BALSTL,no,2541374.46,0.0000,2026-08-27T03:09:34Z,1.0000
KXMLBGAME-26AUG261945BALSTL-BAL,KXMLBGAME-26AUG261945BALSTL,yes,2075510.70,0.0000,2026-08-27T03:09:34Z,1.0000
KXMLBGAME-26AUG261940TEXCWS-TEX,KXMLBGAME-26AUG261940TEXCWS,no,2282560.62,0.0000,2026-08-27T03:09:35Z,1.0000
KXMLBGAME-26AUG261940TEXCWS-CWS,KXMLBGAME-26AUG261940TEXCWS,yes,1548208.01,0.0000,2026-08-27T03:09:35Z,1.0000
KXMLBGAME-26AUG261907KCTOR-TOR,KXMLBGAME-26AUG261907KCTOR,yes,927653.77,0.0000,2026-08-27T01:39:45Z,1.0000
KXMLBGAME-26AUG261907KCTOR-KC,KXMLBGAME-26AUG261907KCTOR,no,1094004.48,0.0000,2026-08-27T01:39:45Z,1.0000
KXMLBGAME-26AUG261910MILNYM-NYM,KXMLBGAME-26AUG261910MILNYM,no,752352.35,0.0000,2026-08-27T02:04:31Z,1.0000
KXMLBGAME-26AUG261910MILNYM-MIL,KXMLBGAME-26AUG261910MILNYM,yes,1186987.28,0.0000,2026-08-27T02:04:31Z,1.0000
KXMLBGAME-26AUG261905HOUNYY-NYY,KXMLBGAME-26AUG261905HOUNYY,yes,3062597.04,0.0000,2026-08-27T02:09:37Z,1.0000
KXMLBGAME-26AUG261905HOUNYY-HOU,KXMLBGAME-26AUG261905HOUNYY,no,2817314.65,0.0000,2026-08-27T02:09:37Z,1.0000
KXMLBGAME-26AUG261915LADATL-LAD,KXMLBGAME-26AUG261915LADATL,no,7914235.32,0.0000,2026-08-27T02:39:38Z,1.0000
KXMLBGAME-26AUG261915LADATL-ATL,KXMLBGAME-26AUG261915LADATL,yes,2945190.84,0.0000,2026-08-27T02:39:38Z,1.0000
KXMLBGAME-26AUG261840BOSMIA-MIA,KXMLBGAME-26AUG261840BOSMIA,yes,1287621.00,0.0000,2026-08-27T01:24:38Z,1.0000
KXMLBGAME-26AUG261840BOSMIA-BOS,KXMLBGAME-26AUG261840BOSMIA,no,4773144.68,0.0000,2026-08-27T01:24:38Z,1.0000
KXMLBGAME-26AUG261845COLWSH-WSH,KXMLBGAME-26AUG261845COLWSH,no,528552.23,0.0000,2026-08-27T01:49:39Z,1.0000
KXMLBGAME-26AUG261845COLWSH-COL,KXMLBGAME-26AUG261845COLWSH,yes,538909.65,0.0000,2026-08-27T01:49:39Z,1.0000
KXMLBGAME-26AUG261610PHISEA-SEA,KXMLBGAME-26AUG261610PHISEA,no,819491.06,0.0000,2026-08-26T22:52:43Z,1.0000
KXMLBGAME-26AUG261610PHISEA-PHI,KXMLBGAME-26AUG261610PHISEA,yes,926330.97,0.0000,2026-08-26T22:52:43Z,1.0000
KXMLBGAME-26AUG261610PITSD-SD,KXMLBGAME-26AUG261610PITSD,yes,1484472.63,0.0000,2026-08-26T23:04:33Z,1.0000
KXMLBGAME-26AUG261610PITSD-PIT,KXMLBGAME-26AUG261610PITSD,no,1203005.67,0.0000,2026-08-26T23:04:33Z,1.0000
KXMLBGAME-26AUG261607CLELAA-LAA,KXMLBGAME-26AUG261607CLELAA,no,1261011.76,0.0000,2026-08-26T22:59:55Z,1.0000
KXMLBGAME-26AUG261607CLELAA-CLE,KXMLBGAME-26AUG261607CLELAA,yes,3185055.56,0.0000,2026-08-26T22:59:55Z,1.0000
KXMLBGAME-26AUG261545CINSF-SF,KXMLBGAME-26AUG261545CINSF,no,3871843.20,0.0000,2026-08-26T23:19:40Z,1.0000
KXMLBGAME-26AUG261545CINSF-CIN,KXMLBGAME-26AUG261545CINSF,yes,3809096.06,0.0000,2026-08-26T23:19:40Z,1.0000
KXMLBGAME-26AUG261540CHCAZ-CHC,KXMLBGAME-26AUG261540CHCAZ,no,2199328.07,0.0000,2026-08-26T21:59:53Z,1.0000
KXMLBGAME-26AUG261540CHCAZ-AZ,KXMLBGAME-26AUG261540CHCAZ,yes,1652556.18,0.0000,2026-08-26T21:59:53Z,1.0000
KXMLBGAME-26AUG261310TBDET-TB,KXMLBGAME-26AUG261310TBDET,yes,2327617.85,0.0000,2026-08-26T19:19:52Z,1.0000
KXMLBGAME-26AUG261310TBDET-DET,KXMLBGAME-26AUG261310TBDET,no,1996314.91,0.0000,2026-08-26T19:19:52Z,1.0000
KXMLBGAME-26AUG252140CHCAZ-CHC,KXMLBGAME-26AUG252140CHCAZ,no,1991334.75,0.0000,2026-08-26T04:19:36Z,1.0000
KXMLBGAME-26AUG252140CHCAZ-AZ,KXMLBGAME-26AUG252140CHCAZ,yes,1682669.46,0.0000,2026-08-26T04:19:36Z,1.0000
KXMLBGAME-26AUG252145CINSF-SF,KXMLBGAME-26AUG252145CINSF,yes,703950.08,0.0000,2026-08-26T04:09:36Z,1.0000
KXMLBGAME-26AUG252145CINSF-CIN,KXMLBGAME-26AUG252145CINSF,no,1154376.37,0.0000,2026-08-26T04:09:36Z,1.0000
KXMLBGAME-26AUG252138CLELAA-LAA,KXMLBGAME-26AUG252138CLELAA,no,3988244.48,0.0000,2026-08-26T05:09:36Z,1.0000
KXMLBGAME-26AUG252138CLELAA-CLE,KXMLBGAME-26AUG252138CLELAA,yes,5923937.70,0.0000,2026-08-26T05:09:36Z,1.0000
KXMLBGAME-26AUG252140PITSD-SD,KXMLBGAME-26AUG252140PITSD,no,2010110.81,0.0000,2026-08-26T04:09:37Z,1.0000
KXMLBGAME-26AUG252140PITSD-PIT,KXMLBGAME-26AUG252140PITSD,yes,1698303.09,0.0000,2026-08-26T04:09:37Z,1.0000
KXMLBGAME-26AUG252140MINATH-MIN,KXMLBGAME-26AUG252140MINATH,no,1028906.86,0.0000,2026-08-26T04:14:30Z,1.0000
KXMLBGAME-26AUG252140MINATH-ATH,KXMLBGAME-26AUG252140MINATH,yes,494668.10,0.0000,2026-08-26T04:14:30Z,1.0000
KXMLBGAME-26AUG252140PHISEA-SEA,KXMLBGAME-26AUG252140PHISEA,yes,1213226.44,0.0000,2026-08-26T04:14:30Z,1.0000
KXMLBGAME-26AUG252140PHISEA-PHI,KXMLBGAME-26AUG252140PHISEA,no,2276698.23,0.0000,2026-08-26T04:14:30Z,1.0000
KXMLBGAME-26AUG251945BALSTL-STL,KXMLBGAME-26AUG251945BALSTL,no,492498.47,0.0000,2026-08-26T02:44:40Z,1.0000
KXMLBGAME-26AUG251945BALSTL-BAL,KXMLBGAME-26AUG251945BALSTL,yes,636280.09,0.0000,2026-08-26T02:44:40Z,1.0000
KXMLBGAME-26AUG251940TEXCWS-TEX,KXMLBGAME-26AUG251940TEXCWS,no,2017411.20,0.0000,2026-08-26T03:04:40Z,1.0000
KXMLBGAME-26AUG251940TEXCWS-CWS,KXMLBGAME-26AUG251940TEXCWS,yes,1337004.07,0.0000,2026-08-26T03:04:40Z,1.0000
KXMLBGAME-26AUG251905HOUNYY-NYY,KXMLBGAME-26AUG251905HOUNYY,no,2304393.66,0.0000,2026-08-26T02:19:42Z,1.0000
KXMLBGAME-26AUG251905HOUNYY-HOU,KXMLBGAME-26AUG251905HOUNYY,yes,1747162.22,0.0000,2026-08-26T02:19:42Z,1.0000
KXMLBGAME-26AUG251915LADATL-LAD,KXMLBGAME-26AUG251915LADATL,no,3317831.04,0.0000,2026-08-26T02:04:35Z,1.0000
KXMLBGAME-26AUG251915LADATL-ATL,KXMLBGAME-26AUG251915LADATL,yes,1697684.73,0.0000,2026-08-26T02:04:35Z,1.0000
KXMLBGAME-26AUG251907KCTOR-TOR,KXMLBGAME-26AUG251907KCTOR,no,1126928.57,0.0000,2026-08-26T02:09:41Z,1.0000
KXMLBGAME-26AUG251907KCTOR-KC,KXMLBGAME-26AUG251907KCTOR,yes,1393869.94,0.0000,2026-08-26T02:09:41Z,1.0000
KXMLBGAME-26AUG251910MILNYM-NYM,KXMLBGAME-26AUG251910MILNYM,yes,1834219.87,0.0000,2026-08-26T02:19:45Z,1.0000
KXMLBGAME-26AUG251910MILNYM-MIL,KXMLBGAME-26AUG251910MILNYM,no,2957188.20,0.0000,2026-08-26T02:19:45Z,1.0000
KXMLBGAME-26AUG251845COLWSH-WSH,KXMLBGAME-26AUG251845COLWSH,no,1142992.50,0.0000,2026-08-26T01:44:34Z,1.0000
KXMLBGAME-26AUG251845COLWSH-COL,KXMLBGAME-26AUG251845COLWSH,yes,595309.12,0.0000,2026-08-26T01:44:34Z,1.0000
KXMLBGAME-26AUG251840BOSMIA-MIA,KXMLBGAME-26AUG251840BOSMIA,no,2478854.33,0.0000,2026-08-26T02:14:35Z,1.0000
KXMLBGAME-26AUG251840BOSMIA-BOS,KXMLBGAME-26AUG251840BOSMIA,yes,4817309.19,0.0000,2026-08-26T02:14:35Z,1.0000
KXMLBGAME-26AUG251840TBDET-TB,KXMLBGAME-26AUG251840TBDET,no,1624858.06,0.0000,2026-08-26T01:14:51Z,1.0000
KXMLBGAME-26AUG251840TBDET-DET,KXMLBGAME-26AUG251840TBDET,yes,962381.53,0.0000,2026-08-26T01:14:51Z,1.0000
KXMLBGAME-26AUG242145CINSF-SF,KXMLBGAME-26AUG242145CINSF,yes,812853.45,0.0000,2026-08-25T04:20:35Z,1.0000
KXMLBGAME-26AUG242145CINSF-CIN,KXMLBGAME-26AUG242145CINSF,no,1898297.99,0.0000,2026-08-25T04:20:35Z,1.0000
KXMLBGAME-26AUG242140PITSD-SD,KXMLBGAME-26AUG242140PITSD,no,7626959.86,0.0000,2026-08-25T05:59:44Z,1.0000
KXMLBGAME-26AUG242140PITSD-PIT,KXMLBGAME-26AUG242140PITSD,yes,5266899.57,0.0000,2026-08-25T05:59:44Z,1.0000
KXMLBGAME-26AUG242140CHCAZ-CHC,KXMLBGAME-26AUG242140CHCAZ,yes,1055698.99,0.0000,2026-08-25T04:24:28Z,1.0000
KXMLBGAME-26AUG242140CHCAZ-AZ,KXMLBGAME-26AUG242140CHCAZ,no,851502.31,0.0000,2026-08-25T04:24:28Z,1.0000
KXMLBGAME-26AUG242140PHISEA-SEA,KXMLBGAME-26AUG242140PHISEA,yes,1190766.46,0.0000,2026-08-25T04:29:53Z,1.0000
KXMLBGAME-26AUG242140PHISEA-PHI,KXMLBGAME-26AUG242140PHISEA,no,4505548.13,0.0000,2026-08-25T04:29:53Z,1.0000
KXMLBGAME-26AUG242138CLELAA-LAA,KXMLBGAME-26AUG242138CLELAA,no,1094139.71,0.0000,2026-08-25T04:20:34Z,1.0000
KXMLBGAME-26AUG242138CLELAA-CLE,KXMLBGAME-26AUG242138CLELAA,yes,1390228.67,0.0000,2026-08-25T04:20:34Z,1.0000
KXMLBGAME-26AUG242140MINATH-MIN,KXMLBGAME-26AUG242140MINATH,yes,1225123.89,0.0000,2026-08-25T04:39:34Z,1.0000
KXMLBGAME-26AUG242140MINATH-ATH,KXMLBGAME-26AUG242140MINATH,no,622905.98,0.0000,2026-08-25T04:39:34Z,1.0000
KXMLBGAME-26AUG241940TEXCWS-TEX,KXMLBGAME-26AUG241940TEXCWS,yes,1107796.45,0.0000,2026-08-25T02:54:35Z,1.0000
KXMLBGAME-26AUG241940TEXCWS-CWS,KXMLBGAME-26AUG241940TEXCWS,no,1697404.96,0.0000,2026-08-25T02:54:35Z,1.0000
KXMLBGAME-26AUG241845COLWSH-WSH,KXMLBGAME-26AUG241845COLWSH,yes,1068518.53,0.0000,2026-08-25T01:54:32Z,1.0000
KXMLBGAME-26AUG241845COLWSH-COL,KXMLBGAME-26AUG241845COLWSH,no,846549.05,0.0000,2026-08-25T01:54:32Z,1.0000
KXMLBGAME-26AUG241840BOSMIA-MIA,KXMLBGAME-26AUG241840BOSMIA,no,3398362.53,0.0000,2026-08-25T01:49:37Z,1.0000
KXMLBGAME-26AUG241840BOSMIA-BOS,KXMLBGAME-26AUG241840BOSMIA,yes,5023290.17,0.0000,2026-08-25T01:49:37Z,1.0000
KXMLBGAME-26AUG241840TBDET-TB,KXMLBGAME-26AUG241840TBDET,yes,2497240.48,0.0000,2026-08-25T01:24:32Z,1.0000
KXMLBGAME-26AUG241840TBDET-DET,KXMLBGAME-26AUG241840TBDET,no,1103804.21,0.0000,2026-08-25T01:24:32Z,1.0000
KXMLBGAME-26AUG231910ATLMIL-MIL,KXMLBGAME-26AUG231910ATLMIL,no,5622361.20,0.0000,2026-08-24T02:19:33Z,1.0000
KXMLBGAME-26AUG231910ATLMIL-ATL,KXMLBGAME-26AUG231910ATLMIL,yes,4256847.38,0.0000,2026-08-24T02:19:33Z,1.0000
KXMLBGAME-26AUG231615CINAZ-CIN,KXMLBGAME-26AUG231615CINAZ,no,1382799.69,0.0000,2026-08-23T23:09:39Z,1.0000
KXMLBGAME-26AUG231615CINAZ-AZ,KXMLBGAME-26AUG231615CINAZ,yes,1650394.48,0.0000,2026-08-23T23:09:39Z,1.0000
KXMLBGAME-26AUG231610PITLAD-PIT,KXMLBGAME-26AUG231610PITLAD,no,1178853.61,0.0000,2026-08-23T22:49:36Z,1.0000
KXMLBGAME-26AUG231610PITLAD-LAD,KXMLBGAME-26AUG231610PITLAD,yes,921141.97,0.0000,2026-08-23T22:49:36Z,1.0000
KXMLBGAME-26AUG231610CHCSEA-SEA,KXMLBGAME-26AUG231610CHCSEA,no,1072901.67,0.0000,2026-08-23T23:30:05Z,1.0000
KXMLBGAME-26AUG231610CHCSEA-CHC,KXMLBGAME-26AUG231610CHCSEA,yes,2479654.12,0.0000,2026-08-23T23:30:05Z,1.0000
KXMLBGAME-26AUG231610MINSD-SD,KXMLBGAME-26AUG231610MINSD,yes,1126138.67,0.0000,2026-08-23T22:59:44Z,1.0000
KXMLBGAME-26AUG231610MINSD-MIN,KXMLBGAME-26AUG231610MINSD,no,1086155.48,0.0000,2026-08-23T22:59:44Z,1.0000
KXMLBGAME-26AUG231510CLECOL-COL,KXMLBGAME-26AUG231510CLECOL,no,558575.83,0.0000,2026-08-23T22:29:39Z,1.0000
KXMLBGAME-26AUG231510CLECOL-CLE,KXMLBGAME-26AUG231510CLECOL,yes,575274.31,0.0000,2026-08-23T22:29:39Z,1.0000
KXMLBGAME-26AUG231515SFBOS-SF,KXMLBGAME-26AUG231515SFBOS,no,1429362.09,0.0000,2026-08-23T21:54:26Z,1.0000
KXMLBGAME-26AUG231515SFBOS-BOS,KXMLBGAME-26AUG231515SFBOS,yes,1704173.22,0.0000,2026-08-23T21:54:26Z,1.0000
KXMLBGAME-26AUG231435LAATEX-TEX,KXMLBGAME-26AUG231435LAATEX,yes,1025978.28,0.0000,2026-08-23T21:24:28Z,1.0000
KXMLBGAME-26AUG231435LAATEX-LAA,KXMLBGAME-26AUG231435LAATEX,no,870816.77,0.0000,2026-08-23T21:24:28Z,1.0000
KXMLBGAME-26AUG231410ATHHOU-HOU,KXMLBGAME-26AUG231410ATHHOU,no,1371005.82,0.0000,2026-08-23T21:29:41Z,1.0000
KXMLBGAME-26AUG231410ATHHOU-ATH,KXMLBGAME-26AUG231410ATHHOU,yes,1508596.10,0.0000,2026-08-23T21:29:41Z,1.0000
KXMLBGAME-26AUG231410NYMCWS-NYM,KXMLBGAME-26AUG231410NYMCWS,no,1347026.85,0.0000,2026-08-23T20:49:41Z,1.0000
KXMLBGAME-26AUG231410NYMCWS-CWS,KXMLBGAME-26AUG231410NYMCWS,yes,851861.08,0.0000,2026-08-23T20:49:41Z,1.0000
KXMLBGAME-26AUG231410DETKC-KC,KXMLBGAME-26AUG231410DETKC,yes,475659.43,0.0000,2026-08-23T21:09:41Z,1.0000
KXMLBGAME-26AUG231410DETKC-DET,KXMLBGAME-26AUG231410DETKC,no,1311086.38,0.0000,2026-08-23T21:09:41Z,1.0000
KXMLBGAME-26AUG231335TORNYY-TOR,KXMLBGAME-26AUG231335TORNYY,no,1382182.00,0.0000,2026-08-23T20:34:41Z,1.0000
KXMLBGAME-26AUG231335TORNYY-NYY,KXMLBGAME-26AUG231335TORNYY,yes,2003858.67,0.0000,2026-08-23T20:34:41Z,1.0000
KXMLBGAME-26AUG231335STLPHI-STL,KXMLBGAME-26AUG231335STLPHI,no,1480679.21,0.0000,2026-08-23T20:19:40Z,1.0000
KXMLBGAME-26AUG231335STLPHI-PHI,KXMLBGAME-26AUG231335STLPHI,yes,2014688.84,0.0000,2026-08-23T20:19:40Z,1.0000
KXMLBGAME-26AUG231340WSHMIA-WSH,KXMLBGAME-26AUG231340WSHMIA,no,631888.15,0.0000,2026-08-23T20:34:41Z,1.0000
KXMLBGAME-26AUG231340WSHMIA-MIA,KXMLBGAME-26AUG231340WSHMIA,yes,978236.90,0.0000,2026-08-23T20:34:41Z,1.0000
KXMLBGAME-26AUG231335TBBAL-TB,KXMLBGAME-26AUG231335TBBAL,yes,2126218.74,0.0000,2026-08-23T20:24:40Z,1.0000
KXMLBGAME-26AUG231335TBBAL-BAL,KXMLBGAME-26AUG231335TBBAL,no,1126254.10,0.0000,2026-08-23T20:24:40Z,1.0000
KXMLBGAME-26AUG222040MINSD-SD,KXMLBGAME-26AUG222040MINSD,yes,2929737.71,0.0000,2026-08-23T03:44:25Z,1.0000
KXMLBGAME-26AUG222040MINSD-MIN,KXMLBGAME-26AUG222040MINSD,no,1981039.22,0.0000,2026-08-23T03:44:25Z,1.0000
KXMLBGAME-26AUG222010CINAZ-CIN,KXMLBGAME-26AUG222010CINAZ,yes,503224.33,0.0000,2026-08-23T03:14:28Z,1.0000
KXMLBGAME-26AUG222010CINAZ-AZ,KXMLBGAME-26AUG222010CINAZ,no,1219222.38,0.0000,2026-08-23T03:14:28Z,1.0000
KXMLBGAME-26AUG222010CLECOL-COL,KXMLBGAME-26AUG222010CLECOL,no,686771.27,0.0000,2026-08-23T02:44:30Z,1.0000
KXMLBGAME-26AUG222010CLECOL-CLE,KXMLBGAME-26AUG222010CLECOL,yes,906968.18,0.0000,2026-08-23T02:44:30Z,1.0000
KXMLBGAME-26AUG221910NYMCWS-NYM,KXMLBGAME-26AUG221910NYMCWS,yes,1476325.40,0.0000,2026-08-23T02:39:35Z,1.0000
KXMLBGAME-26AUG221910NYMCWS-CWS,KXMLBGAME-26AUG221910NYMCWS,no,1625843.97,0.0000,2026-08-23T02:39:35Z,1.0000
KXMLBGAME-26AUG221915PITLAD-PIT,KXMLBGAME-26AUG221915PITLAD,no,1516572.11,0.0000,2026-08-23T02:04:34Z,1.0000
KXMLBGAME-26AUG221915PITLAD-LAD,KXMLBGAME-26AUG221915PITLAD,yes,2214403.99,0.0000,2026-08-23T02:04:34Z,1.0000
KXMLBGAME-26AUG221905LAATEX-TEX,KXMLBGAME-26AUG221905LAATEX,no,700762.71,0.0000,2026-08-23T01:34:40Z,1.0000
KXMLBGAME-26AUG221905LAATEX-LAA,KXMLBGAME-26AUG221905LAATEX,yes,651634.11,0.0000,2026-08-23T01:34:40Z,1.0000
KXMLBGAME-26AUG221905TBBAL-TB,KXMLBGAME-26AUG221905TBBAL,no,1783490.31,0.0000,2026-08-23T01:49:39Z,1.0000
KXMLBGAME-26AUG221905TBBAL-BAL,KXMLBGAME-26AUG221905TBBAL,yes,1127790.60,0.0000,2026-08-23T01:49:39Z,1.0000
KXMLBGAME-26AUG221915DETKC-KC,KXMLBGAME-26AUG221915DETKC,yes,364262.57,0.0000,2026-08-23T01:24:32Z,1.0000
KXMLBGAME-26AUG221915DETKC-DET,KXMLBGAME-26AUG221915DETKC,no,371236.25,0.0000,2026-08-23T01:24:32Z,1.0000
KXMLBGAME-26AUG221910ATHHOU-HOU,KXMLBGAME-26AUG221910ATHHOU,no,782925.04,0.0000,2026-08-23T02:04:32Z,1.0000
KXMLBGAME-26AUG221910ATHHOU-ATH,KXMLBGAME-26AUG221910ATHHOU,yes,896744.93,0.0000,2026-08-23T02:04:32Z,1.0000
KXMLBGAME-26AUG221915CHCSEA-SEA,KXMLBGAME-26AUG221915CHCSEA,yes,599228.82,0.0000,2026-08-23T02:00:29Z,1.0000
KXMLBGAME-26AUG221915CHCSEA-CHC,KXMLBGAME-26AUG221915CHCSEA,no,1447055.34,0.0000,2026-08-23T02:00:29Z,1.0000
KXMLBGAME-26AUG221915SFBOS-SF,KXMLBGAME-26AUG221915SFBOS,no,1157695.02,0.0000,2026-08-23T02:34:28Z,1.0000
KXMLBGAME-26AUG221915SFBOS-BOS,KXMLBGAME-26AUG221915SFBOS,yes,1925367.97,0.0000,2026-08-23T02:34:28Z,1.0000
KXMLBGAME-26AUG221805STLPHI-STL,KXMLBGAME-26AUG221805STLPHI,no,1507129.80,0.0000,2026-08-23T00:39:43Z,1.0000
KXMLBGAME-26AUG221805STLPHI-PHI,KXMLBGAME-26AUG221805STLPHI,yes,1166253.36,0.0000,2026-08-23T00:39:43Z,1.0000
KXMLBGAME-26AUG221610WSHMIA-WSH,KXMLBGAME-26AUG221610WSHMIA,no,1414961.89,0.0000,2026-08-22T22:59:50Z,1.0000
KXMLBGAME-26AUG221610WSHMIA-MIA,KXMLBGAME-26AUG221610WSHMIA,yes,903997.96,0.0000,2026-08-22T22:59:50Z,1.0000
KXMLBGAME-26AUG221410ATLMIL-MIL,KXMLBGAME-26AUG221410ATLMIL,yes,1606580.64,0.0000,2026-08-22T20:54:34Z,1.0000
KXMLBGAME-26AUG221410ATLMIL-ATL,KXMLBGAME-26AUG221410ATLMIL,no,1474117.84,0.0000,2026-08-22T20:54:34Z,1.0000
KXMLBGAME-26AUG221335TORNYY-TOR,KXMLBGAME-26AUG221335TORNYY,yes,2456048.16,0.0000,2026-08-22T21:00:07Z,1.0000
KXMLBGAME-26AUG221335TORNYY-NYY,KXMLBGAME-26AUG221335TORNYY,no,3808294.74,0.0000,2026-08-22T21:00:07Z,1.0000
KXMLBGAME-26AUG212210PITLAD-PIT,KXMLBGAME-26AUG212210PITLAD,no,4324975.91,0.0000,2026-08-22T05:39:36Z,1.0000
KXMLBGAME-26AUG212210PITLAD-LAD,KXMLBGAME-26AUG212210PITLAD,yes,5641399.82,0.0000,2026-08-22T05:39:36Z,1.0000
KXMLBGAME-26AUG212210CHCSEA-SEA,KXMLBGAME-26AUG212210CHCSEA,yes,2251076.44,0.0000,2026-08-22T05:09:31Z,1.0000
KXMLBGAME-26AUG212210CHCSEA-CHC,KXMLBGAME-26AUG212210CHCSEA,no,4717190.18,0.0000,2026-08-22T05:09:31Z,1.0000
KXMLBGAME-26AUG212140CINAZ-CIN,KXMLBGAME-26AUG212140CINAZ,no,539933.18,0.0000,2026-08-22T04:34:27Z,1.0000
KXMLBGAME-26AUG212140CINAZ-AZ,KXMLBGAME-26AUG212140CINAZ,yes,943165.22,0.0000,2026-08-22T04:34:27Z,1.0000
KXMLBGAME-26AUG212140MINSD-SD,KXMLBGAME-26AUG212140MINSD,yes,1087502.42,0.0000,2026-08-22T03:54:27Z,1.0000
KXMLBGAME-26AUG212140MINSD-MIN,KXMLBGAME-26AUG212140MINSD,no,975117.24,0.0000,2026-08-22T03:54:27Z,1.0000
KXMLBGAME-26AUG212040CLECOL-COL,KXMLBGAME-26AUG212040CLECOL,no,359814.03,0.0000,2026-08-22T03:39:34Z,1.0000
KXMLBGAME-26AUG212040CLECOL-CLE,KXMLBGAME-26AUG212040CLECOL,yes,1028210.27,0.0000,2026-08-22T03:39:34Z,1.0000
KXMLBGAME-26AUG212015LAATEX-TEX,KXMLBGAME-26AUG212015LAATEX,yes,2918321.71,0.0000,2026-08-22T03:29:39Z,1.0000
KXMLBGAME-26AUG212015LAATEX-LAA,KXMLBGAME-26AUG212015LAATEX,no,1901650.06,0.0000,2026-08-22T03:29:39Z,1.0000
KXMLBGAME-26AUG212010ATHHOU-HOU,KXMLBGAME-26AUG212010ATHHOU,yes,651380.08,0.0000,2026-08-22T03:09:35Z,1.0000
KXMLBGAME-26AUG212010ATHHOU-ATH,KXMLBGAME-26AUG212010ATHHOU,no,528308.04,0.0000,2026-08-22T03:09:35Z,1.0000
KXMLBGAME-26AUG212010DETKC-KC,KXMLBGAME-26AUG212010DETKC,yes,1174487.11,0.0000,2026-08-22T02:49:52Z,1.0000
KXMLBGAME-26AUG212010DETKC-DET,KXMLBGAME-26AUG212010DETKC,no,1295596.99,0.0000,2026-08-22T02:49:52Z,1.0000
KXMLBGAME-26AUG211940NYMCWS-NYM,KXMLBGAME-26AUG211940NYMCWS,no,1260141.71,0.0000,2026-08-22T02:29:49Z,1.0000
KXMLBGAME-26AUG211940NYMCWS-CWS,KXMLBGAME-26AUG211940NYMCWS,yes,2015144.94,0.0000,2026-08-22T02:29:49Z,1.0000
KXMLBGAME-26AUG211910WSHMIA-WSH,KXMLBGAME-26AUG211910WSHMIA,no,905980.79,0.0000,2026-08-22T02:14:37Z,1.0000
KXMLBGAME-26AUG211910WSHMIA-MIA,KXMLBGAME-26AUG211910WSHMIA,yes,1047045.94,0.0000,2026-08-22T02:14:37Z,1.0000
KXMLBGAME-26AUG211910SFBOS-SF,KXMLBGAME-26AUG211910SFBOS,no,850349.35,0.0000,2026-08-22T02:04:38Z,1.0000
KXMLBGAME-26AUG211910SFBOS-BOS,KXMLBGAME-26AUG211910SFBOS,yes,1524437.69,0.0000,2026-08-22T02:04:38Z,1.0000
KXMLBGAME-26AUG211915TBBAL-TB,KXMLBGAME-26AUG211915TBBAL,no,1478537.81,0.0000,2026-08-22T01:34:35Z,1.0000
KXMLBGAME-26AUG211915TBBAL-BAL,KXMLBGAME-26AUG211915TBBAL,yes,936555.25,0.0000,2026-08-22T01:34:35Z,1.0000
KXMLBGAME-26AUG211905TORNYY-TOR,KXMLBGAME-26AUG211905TORNYY,no,1007526.50,0.0000,2026-08-22T02:09:41Z,1.0000
KXMLBGAME-26AUG211905TORNYY-NYY,KXMLBGAME-26AUG211905TORNYY,yes,1022843.06,0.0000,2026-08-22T02:09:41Z,1.0000
KXMLBGAME-26AUG211840STLPHI-STL,KXMLBGAME-26AUG211840STLPHI,no,3642738.54,0.0000,2026-08-22T01:54:31Z,1.0000
KXMLBGAME-26AUG211840STLPHI-PHI,KXMLBGAME-26AUG211840STLPHI,yes,2248928.01,0.0000,2026-08-22T01:54:31Z,1.0000
KXMLBGAME-26AUG211610ATLMIL-MIL,KXMLBGAME-26AUG211610ATLMIL,yes,3348123.41,0.0000,2026-08-21T22:35:35Z,1.0000
KXMLBGAME-26AUG211610ATLMIL-ATL,KXMLBGAME-26AUG211610ATLMIL,no,3583448.06,0.0000,2026-08-21T22:35:35Z,1.0000
KXMLBGAME-26AUG202005WSHTEX-WSH,KXMLBGAME-26AUG202005WSHTEX,no,3200667.27,0.0000,2026-08-21T02:34:46Z,1.0000
KXMLBGAME-26AUG202005WSHTEX-TEX,KXMLBGAME-26AUG202005WSHTEX,yes,1408240.76,0.0000,2026-08-21T02:34:46Z,1.0000
KXMLBGAME-26AUG202010LAAHOU-LAA,KXMLBGAME-26AUG202010LAAHOU,yes,969275.29,0.0000,2026-08-21T03:14:39Z,1.0000
KXMLBGAME-26AUG202010LAAHOU-HOU,KXMLBGAME-26AUG202010LAAHOU,no,2277923.75,0.0000,2026-08-21T03:14:39Z,1.0000
KXMLBGAME-26AUG201835NYYBAL-NYY,KXMLBGAME-26AUG201835NYYBAL,yes,4518065.90,0.0000,2026-08-21T01:49:42Z,1.0000
KXMLBGAME-26AUG201835NYYBAL-BAL,KXMLBGAME-26AUG201835NYYBAL,no,2456922.15,0.0000,2026-08-21T01:49:42Z,1.0000
KXMLBGAME-26AUG201410ATHKC-KC,KXMLBGAME-26AUG201410ATHKC,yes,831063.91,0.0000,2026-08-20T21:14:39Z,1.0000
KXMLBGAME-26AUG201410ATHKC-ATH,KXMLBGAME-26AUG201410ATHKC,no,873162.26,0.0000,2026-08-20T21:14:39Z,1.0000
KXMLBGAME-26AUG201410SEAMIL-SEA,KXMLBGAME-26AUG201410SEAMIL,no,1573296.28,0.0000,2026-08-20T21:19:36Z,1.0000
KXMLBGAME-26AUG201410SEAMIL-MIL,KXMLBGAME-26AUG201410SEAMIL,yes,1219365.44,0.0000,2026-08-20T21:19:36Z,1.0000
KXMLBGAME-26AUG201410ATLCWS-CWS,KXMLBGAME-26AUG201410ATLCWS,no,1909921.89,0.0000,2026-08-20T20:39:38Z,1.0000
KXMLBGAME-26AUG201410ATLCWS-ATL,KXMLBGAME-26AUG201410ATLCWS,yes,2160180.86,0.0000,2026-08-20T20:39:38Z,1.0000
KXMLBGAME-26AUG201310TORTB-TOR,KXMLBGAME-26AUG201310TORTB,yes,1030765.61,0.0000,2026-08-20T19:59:45Z,1.0000
KXMLBGAME-26AUG201310TORTB-TB,KXMLBGAME-26AUG201310TORTB,no,1293831.29,0.0000,2026-08-20T19:59:45Z,1.0000
KXMLBGAME-26AUG201310SFCLE-SF,KXMLBGAME-26AUG201310SFCLE,no,1291987.13,0.0000,2026-08-20T19:54:32Z,1.0000
KXMLBGAME-26AUG201310SFCLE-CLE,KXMLBGAME-26AUG201310SFCLE,yes,611066.29,0.0000,2026-08-20T19:54:32Z,1.0000
KXMLBGAME-26AUG201240STLCIN-STL,KXMLBGAME-26AUG201240STLCIN,yes,4656545.16,0.0000,2026-08-20T19:49:39Z,1.0000
KXMLBGAME-26AUG201240STLCIN-CIN,KXMLBGAME-26AUG201240STLCIN,no,3043195.63,0.0000,2026-08-20T19:49:39Z,1.0000
KXMLBGAME-26AUG192040LADCOL-LAD,KXMLBGAME-26AUG192040LADCOL,yes,5691159.44,0.0000,2026-08-20T04:09:32Z,1.0000
KXMLBGAME-26AUG192040LADCOL-COL,KXMLBGAME-26AUG192040LADCOL,no,3562813.50,0.0000,2026-08-20T04:09:32Z,1.0000
KXMLBGAME-26AUG192010LAAHOU-LAA,KXMLBGAME-26AUG192010LAAHOU,no,1481868.67,0.0000,2026-08-20T03:14:27Z,1.0000
KXMLBGAME-26AUG192010LAAHOU-HOU,KXMLBGAME-26AUG192010LAAHOU,yes,1223787.68,0.0000,2026-08-20T03:14:27Z,1.0000
KXMLBGAME-26AUG192005WSHTEX-WSH,KXMLBGAME-26AUG192005WSHTEX,yes,997053.73,0.0000,2026-08-20T02:49:38Z,1.0000
KXMLBGAME-26AUG192005WSHTEX-TEX,KXMLBGAME-26AUG192005WSHTEX,no,1367540.30,0.0000,2026-08-20T02:49:38Z,1.0000
KXMLBGAME-26AUG191940ATHKC-KC,KXMLBGAME-26AUG191940ATHKC,yes,1684857.33,0.0000,2026-08-20T02:14:38Z,1.0000
KXMLBGAME-26AUG191940ATHKC-ATH,KXMLBGAME-26AUG191940ATHKC,no,1367289.97,0.0000,2026-08-20T02:14:38Z,1.0000
KXMLBGAME-26AUG191940SEAMIL-SEA,KXMLBGAME-26AUG191940SEAMIL,yes,1608081.66,0.0000,2026-08-20T02:49:38Z,1.0000
KXMLBGAME-26AUG191940SEAMIL-MIL,KXMLBGAME-26AUG191940SEAMIL,no,3431382.36,0.0000,2026-08-20T02:49:38Z,1.0000
KXMLBGAME-26AUG191840TORTB-TOR,KXMLBGAME-26AUG191840TORTB,no,2088845.52,0.0000,2026-08-20T01:30:14Z,1.0000
KXMLBGAME-26AUG191840TORTB-TB,KXMLBGAME-26AUG191840TORTB,yes,1430760.35,0.0000,2026-08-20T01:30:14Z,1.0000
KXMLBGAME-26AUG191840SFCLE-SF,KXMLBGAME-26AUG191840SFCLE,yes,743132.59,0.0000,2026-08-20T01:04:28Z,1.0000
KXMLBGAME-26AUG191840SFCLE-CLE,KXMLBGAME-26AUG191840SFCLE,no,946958.04,0.0000,2026-08-20T01:04:28Z,1.0000
KXMLBGAME-26AUG191840STLCIN-STL,KXMLBGAME-26AUG191840STLCIN,no,1044693.81,0.0000,2026-08-20T01:44:30Z,1.0000
KXMLBGAME-26AUG191840STLCIN-CIN,KXMLBGAME-26AUG191840STLCIN,yes,1232650.88,0.0000,2026-08-20T01:44:30Z,1.0000
KXMLBGAME-26AUG191835NYYBAL-NYY,KXMLBGAME-26AUG191835NYYBAL,yes,2825055.37,0.0000,2026-08-20T01:54:37Z,1.0000
KXMLBGAME-26AUG191835NYYBAL-BAL,KXMLBGAME-26AUG191835NYYBAL,no,1665091.49,0.0000,2026-08-20T01:54:37Z,1.0000
KXMLBGAME-26AUG191805MIAPHI-PHI,KXMLBGAME-26AUG191805MIAPHI,yes,1266012.33,0.0000,2026-08-20T00:44:33Z,1.0000
KXMLBGAME-26AUG191805MIAPHI-MIA,KXMLBGAME-26AUG191805MIAPHI,no,1543587.97,0.0000,2026-08-20T00:44:33Z,1.0000
KXMLBGAME-26AUG191610AZBOS-BOS,KXMLBGAME-26AUG191610AZBOS,no,4313445.55,0.0000,2026-08-19T23:34:31Z,1.0000
KXMLBGAME-26AUG191610AZBOS-AZ,KXMLBGAME-26AUG191610AZBOS,yes,6072066.31,0.0000,2026-08-19T23:34:31Z,1.0000
KXMLBGAME-26AUG191420CWSCHC-CWS,KXMLBGAME-26AUG191420CWSCHC,yes,1765025.57,0.0000,2026-08-19T20:57:34Z,1.0000
KXMLBGAME-26AUG191420CWSCHC-CHC,KXMLBGAME-26AUG191420CWSCHC,no,4017818.53,0.0000,2026-08-19T20:57:34Z,1.0000
KXMLBGAME-26AUG191340ATLMIN-MIN,KXMLBGAME-26AUG191340ATLMIN,yes,1458442.06,0.0000,2026-08-19T20:39:42Z,1.0000
KXMLBGAME-26AUG191340ATLMIN-ATL,KXMLBGAME-26AUG191340ATLMIN,no,2751870.25,0.0000,2026-08-19T20:39:42Z,1.0000
KXMLBGAME-26AUG191310SDNYM-SD,KXMLBGAME-26AUG191310SDNYM,no,3205676.13,0.0000,2026-08-19T20:04:35Z,1.0000
KXMLBGAME-26AUG191310SDNYM-NYM,KXMLBGAME-26AUG191310SDNYM,yes,1726627.91,0.0000,2026-08-19T20:04:35Z,1.0000
KXMLBGAME-26AUG191235DETPIT-PIT,KXMLBGAME-26AUG191235DETPIT,yes,2556751.68,0.0000,2026-08-19T19:34:34Z,1.0000
KXMLBGAME-26AUG191235DETPIT-DET,KXMLBGAME-26AUG191235DETPIT,no,2370119.11,0.0000,2026-08-19T19:34:34Z,1.0000
KXMLBGAME-26AUG182040LADCOL-LAD,KXMLBGAME-26AUG182040LADCOL,yes,3149053.01,0.0000,2026-08-19T03:44:28Z,1.0000
KXMLBGAME-26AUG182040LADCOL-COL,KXMLBGAME-26AUG182040LADCOL,no,1977970.78,0.0000,2026-08-19T03:44:28Z,1.0000
KXMLBGAME-26AUG182005WSHTEX-WSH,KXMLBGAME-26AUG182005WSHTEX,no,660277.46,0.0000,2026-08-19T02:49:37Z,1.0000
KXMLBGAME-26AUG182005WSHTEX-TEX,KXMLBGAME-26AUG182005WSHTEX,yes,475692.26,0.0000,2026-08-19T02:49:37Z,1.0000
KXMLBGAME-26AUG182005CWSCHC-CWS,KXMLBGAME-26AUG182005CWSCHC,no,3061987.94,0.0000,2026-08-19T04:44:28Z,1.0000
KXMLBGAME-26AUG182005CWSCHC-CHC,KXMLBGAME-26AUG182005CWSCHC,yes,2472664.05,0.0000,2026-08-19T04:44:28Z,1.0000
KXMLBGAME-26AUG182010LAAHOU-LAA,KXMLBGAME-26AUG182010LAAHOU,yes,631783.54,0.0000,2026-08-19T02:59:52Z,1.0000
KXMLBGAME-26AUG182010LAAHOU-HOU,KXMLBGAME-26AUG182010LAAHOU,no,1161618.89,0.0000,2026-08-19T02:59:52Z,1.0000
KXMLBGAME-26AUG181940ATHKC-KC,KXMLBGAME-26AUG181940ATHKC,yes,838905.64,0.0000,2026-08-19T02:29:41Z,1.0000
KXMLBGAME-26AUG181940ATHKC-ATH,KXMLBGAME-26AUG181940ATHKC,no,683092.84,0.0000,2026-08-19T02:29:41Z,1.0000
KXMLBGAME-26AUG181940ATLMIN-MIN,KXMLBGAME-26AUG181940ATLMIN,yes,616879.16,0.0000,2026-08-19T02:04:41Z,1.0000
KXMLBGAME-26AUG181940ATLMIN-ATL,KXMLBGAME-26AUG181940ATLMIN,no,1842294.31,0.0000,2026-08-19T02:04:41Z,1.0000
KXMLBGAME-26AUG181940SEAMIL-SEA,KXMLBGAME-26AUG181940SEAMIL,no,593814.81,0.0000,2026-08-19T02:54:27Z,1.0000
KXMLBGAME-26AUG181940SEAMIL-MIL,KXMLBGAME-26AUG181940SEAMIL,yes,954765.60,0.0000,2026-08-19T02:54:27Z,1.0000
KXMLBGAME-26AUG181910AZBOS-BOS,KXMLBGAME-26AUG181910AZBOS,yes,601514.81,0.0000,2026-08-19T02:09:43Z,1.0000
KXMLBGAME-26AUG181910AZBOS-AZ,KXMLBGAME-26AUG181910AZBOS,no,754612.36,0.0000,2026-08-19T02:09:43Z,1.0000
KXMLBGAME-26AUG181910SDNYM-SD,KXMLBGAME-26AUG181910SDNYM,yes,1368608.12,0.0000,2026-08-19T02:19:39Z,1.0000
KXMLBGAME-26AUG181910SDNYM-NYM,KXMLBGAME-26AUG181910SDNYM,no,998819.89,0.0000,2026-08-19T02:19:39Z,1.0000
KXMLBGAME-26AUG181840SFCLE-SF,KXMLBGAME-26AUG181840SFCLE,no,693094.92,0.0000,2026-08-19T01:24:34Z,1.0000
KXMLBGAME-26AUG181840SFCLE-CLE,KXMLBGAME-26AUG181840SFCLE,yes,490638.71,0.0000,2026-08-19T01:24:34Z,1.0000
KXMLBGAME-26AUG181840DETPIT-PIT,KXMLBGAME-26AUG181840DETPIT,yes,477971.31,0.0000,2026-08-19T00:49:48Z,1.0000
KXMLBGAME-26AUG181840DETPIT-DET,KXMLBGAME-26AUG181840DETPIT,no,881473.93,0.0000,2026-08-19T00:49:48Z,1.0000
KXMLBGAME-26AUG181840TORTB-TOR,KXMLBGAME-26AUG181840TORTB,yes,919050.36,0.0000,2026-08-19T01:29:43Z,1.0000
KXMLBGAME-26AUG181840TORTB-TB,KXMLBGAME-26AUG181840TORTB,no,1818107.59,0.0000,2026-08-19T01:29:43Z,1.0000
KXMLBGAME-26AUG181835NYYBAL-NYY,KXMLBGAME-26AUG181835NYYBAL,yes,2438359.62,0.0000,2026-08-19T01:24:34Z,1.0000
KXMLBGAME-26AUG181835NYYBAL-BAL,KXMLBGAME-26AUG181835NYYBAL,no,1366699.84,0.0000,2026-08-19T01:24:34Z,1.0000
KXMLBGAME-26AUG181840STLCIN-STL,KXMLBGAME-26AUG181840STLCIN,yes,839198.42,0.0000,2026-08-19T01:09:42Z,1.0000
KXMLBGAME-26AUG181840STLCIN-CIN,KXMLBGAME-26AUG181840STLCIN,no,376581.47,0.0000,2026-08-19T01:09:42Z,1.0000
KXMLBGAME-26AUG181840MIAPHI-PHI,KXMLBGAME-26AUG181840MIAPHI,yes,1235943.50,0.0000,2026-08-19T01:49:38Z,1.0000
KXMLBGAME-26AUG181840MIAPHI-MIA,KXMLBGAME-26AUG181840MIAPHI,no,1421330.64,0.0000,2026-08-19T01:49:38Z,1.0000
KXMLBGAME-26AUG172040LADCOL-LAD,KXMLBGAME-26AUG172040LADCOL,yes,1401737.64,0.0000,2026-08-18T03:34:26Z,1.0000
KXMLBGAME-26AUG172040LADCOL-COL,KXMLBGAME-26AUG172040LADCOL,no,1162106.98,0.0000,2026-08-18T03:34:26Z,1.0000
KXMLBGAME-26AUG172005CWSCHC-CWS,KXMLBGAME-26AUG172005CWSCHC,no,3906173.86,0.0000,2026-08-18T03:29:40Z,1.0000
KXMLBGAME-26AUG172005CWSCHC-CHC,KXMLBGAME-26AUG172005CWSCHC,yes,3832624.21,0.0000,2026-08-18T03:29:40Z,1.0000
KXMLBGAME-26AUG171940ATHKC-KC,KXMLBGAME-26AUG171940ATHKC,yes,477295.60,0.0000,2026-08-18T02:29:54Z,1.0000
KXMLBGAME-26AUG171940ATHKC-ATH,KXMLBGAME-26AUG171940ATHKC,no,943659.73,0.0000,2026-08-18T02:29:54Z,1.0000
KXMLBGAME-26AUG171940ATLMIN-MIN,KXMLBGAME-26AUG171940ATLMIN,yes,1155911.49,0.0000,2026-08-18T03:19:51Z,1.0000
KXMLBGAME-26AUG171940ATLMIN-ATL,KXMLBGAME-26AUG171940ATLMIN,no,3738710.31,0.0000,2026-08-18T03:19:51Z,1.0000
KXMLBGAME-26AUG171910AZBOS-BOS,KXMLBGAME-26AUG171910AZBOS,yes,736667.56,0.0000,2026-08-18T02:09:41Z,1.0000
KXMLBGAME-26AUG171910AZBOS-AZ,KXMLBGAME-26AUG171910AZBOS,no,837537.66,0.0000,2026-08-18T02:09:41Z,1.0000
KXMLBGAME-26AUG171910SDNYM-SD,KXMLBGAME-26AUG171910SDNYM,no,1358783.89,0.0000,2026-08-18T01:39:45Z,1.0000
KXMLBGAME-26AUG171910SDNYM-NYM,KXMLBGAME-26AUG171910SDNYM,yes,814292.19,0.0000,2026-08-18T01:39:45Z,1.0000
KXMLBGAME-26AUG171905DETPIT-PIT,KXMLBGAME-26AUG171905DETPIT,no,1617702.65,0.0000,2026-08-18T02:34:27Z,1.0000
KXMLBGAME-26AUG171905DETPIT-DET,KXMLBGAME-26AUG171905DETPIT,yes,1741961.10,0.0000,2026-08-18T02:34:27Z,1.0000
KXMLBGAME-26AUG171840STLCING2-STL,KXMLBGAME-26AUG171840STLCING2,no,2688253.38,0.0000,2026-08-18T01:39:43Z,1.0000
KXMLBGAME-26AUG171840STLCING2-CIN,KXMLBGAME-26AUG171840STLCING2,yes,2153749.99,0.0000,2026-08-18T01:39:43Z,1.0000
KXMLBGAME-26AUG171840MIAPHI-PHI,KXMLBGAME-26AUG171840MIAPHI,yes,1348709.66,0.0000,2026-08-18T01:59:46Z,1.0000
KXMLBGAME-26AUG171840MIAPHI-MIA,KXMLBGAME-26AUG171840MIAPHI,no,2159693.31,0.0000,2026-08-18T01:59:46Z,1.0000
KXMLBGAME-26AUG171805BALTB-TB,KXMLBGAME-26AUG171805BALTB,yes,3386233.89,0.0000,2026-08-18T01:09:38Z,1.0000
KXMLBGAME-26AUG171805BALTB-BAL,KXMLBGAME-26AUG171805BALTB,no,3542661.84,0.0000,2026-08-18T01:09:38Z,1.0000
KXMLBGAME-26AUG171340STLCING1-STL,KXMLBGAME-26AUG171340STLCING1,yes,3559268.04,0.0000,2026-08-17T20:29:54Z,1.0000
KXMLBGAME-26AUG171340STLCING1-CIN,KXMLBGAME-26AUG171340STLCING1,no,2070380.27,0.0000,2026-08-17T20:29:54Z,1.0000
KXMLBGAME-26AUG161920SEAHOU-SEA,KXMLBGAME-26AUG161920SEAHOU,yes,5052428.30,0.0000,2026-08-17T02:24:25Z,1.0000
KXMLBGAME-26AUG161920SEAHOU-HOU,KXMLBGAME-26AUG161920SEAHOU,no,6500940.28,0.0000,2026-08-17T02:24:25Z,1.0000
KXMLBGAME-26AUG161605COLSF-SF,KXMLBGAME-26AUG161605COLSF,no,2092156.75,0.0000,2026-08-16T23:19:39Z,1.0000
KXMLBGAME-26AUG161605COLSF-COL,KXMLBGAME-26AUG161605COLSF,yes,2075659.36,0.0000,2026-08-16T23:19:39Z,1.0000
KXMLBGAME-26AUG161610MILLAD-MIL,KXMLBGAME-26AUG161610MILLAD,yes,2748702.25,0.0000,2026-08-16T23:09:34Z,1.0000
KXMLBGAME-26AUG161610MILLAD-LAD,KXMLBGAME-26AUG161610MILLAD,no,3436116.25,0.0000,2026-08-16T23:09:34Z,1.0000
KXMLBGAME-26AUG161605TEXATH-TEX,KXMLBGAME-26AUG161605TEXATH,no,1540805.50,0.0000,2026-08-16T22:49:38Z,1.0000
KXMLBGAME-26AUG161605TEXATH-ATH,KXMLBGAME-26AUG161605TEXATH,yes,843749.95,0.0000,2026-08-16T22:49:38Z,1.0000
KXMLBGAME-26AUG161607KCLAA-LAA,KXMLBGAME-26AUG161607KCLAA,no,668767.41,0.0000,2026-08-16T22:29:52Z,1.0000
KXMLBGAME-26AUG161607KCLAA-KC,KXMLBGAME-26AUG161607KCLAA,yes,1044531.43,0.0000,2026-08-16T22:29:52Z,1.0000
KXMLBGAME-26AUG161515STLCHC-STL,KXMLBGAME-26AUG161515STLCHC,yes,1128961.05,0.0000,2026-08-16T22:24:31Z,1.0000
KXMLBGAME-26AUG161515STLCHC-CHC,KXMLBGAME-26AUG161515STLCHC,no,1258149.53,0.0000,2026-08-16T22:24:31Z,1.0000
KXMLBGAME-26AUG161410PHIMIN-PHI,KXMLBGAME-26AUG161410PHIMIN,yes,2378633.46,0.0000,2026-08-16T21:19:39Z,1.0000
KXMLBGAME-26AUG161410PHIMIN-MIN,KXMLBGAME-26AUG161410PHIMIN,no,1362450.44,0.0000,2026-08-16T21:19:39Z,1.0000
KXMLBGAME-26AUG161335BOSPIT-PIT,KXMLBGAME-26AUG161335BOSPIT,yes,1122960.73,0.0000,2026-08-16T22:54:26Z,1.0000
KXMLBGAME-26AUG161335BOSPIT-BOS,KXMLBGAME-26AUG161335BOSPIT,no,2834600.67,0.0000,2026-08-16T22:54:26Z,1.0000
KXMLBGAME-26AUG161340MIACIN-MIA,KXMLBGAME-26AUG161340MIACIN,yes,948641.19,0.0000,2026-08-16T20:44:32Z,1.0000
KXMLBGAME-26AUG161340MIACIN-CIN,KXMLBGAME-26AUG161340MIACIN,no,645174.46,0.0000,2026-08-16T20:44:32Z,1.0000
KXMLBGAME-26AUG161340SDCLE-SD,KXMLBGAME-26AUG161340SDCLE,yes,1442578.94,0.0000,2026-08-16T23:39:38Z,1.0000
KXMLBGAME-26AUG161340SDCLE-CLE,KXMLBGAME-26AUG161340SDCLE,no,827278.89,0.0000,2026-08-16T23:39:38Z,1.0000
KXMLBGAME-26AUG161337NYYTOR-TOR,KXMLBGAME-26AUG161337NYYTOR,no,2233430.86,0.0000,2026-08-16T20:39:46Z,1.0000
KXMLBGAME-26AUG161337NYYTOR-NYY,KXMLBGAME-26AUG161337NYYTOR,yes,2108790.56,0.0000,2026-08-16T20:39:46Z,1.0000
KXMLBGAME-26AUG161340WSHNYM-WSH,KXMLBGAME-26AUG161340WSHNYM,no,874978.35,0.0000,2026-08-16T20:14:34Z,1.0000
KXMLBGAME-26AUG161340WSHNYM-NYM,KXMLBGAME-26AUG161340WSHNYM,yes,713904.14,0.0000,2026-08-16T20:14:34Z,1.0000
KXMLBGAME-26AUG161335AZATL-AZ,KXMLBGAME-26AUG161335AZATL,no,1629536.05,0.0000,2026-08-16T20:04:32Z,1.0000
KXMLBGAME-26AUG161335AZATL-ATL,KXMLBGAME-26AUG161335AZATL,yes,1399261.74,0.0000,2026-08-16T20:04:32Z,1.0000
KXMLBGAME-26AUG161340CWSDET-DET,KXMLBGAME-26AUG161340CWSDET,no,1088014.51,0.0000,2026-08-16T20:34:32Z,1.0000
KXMLBGAME-26AUG161340CWSDET-CWS,KXMLBGAME-26AUG161340CWSDET,yes,1529891.98,0.0000,2026-08-16T20:34:32Z,1.0000
KXMLBGAME-26AUG161215BALTB-TB,KXMLBGAME-26AUG161215BALTB,no,2588140.00,0.0000,2026-08-16T19:14:33Z,1.0000
KXMLBGAME-26AUG161215BALTB-BAL,KXMLBGAME-26AUG161215BALTB,yes,1991225.14,0.0000,2026-08-16T19:14:33Z,1.0000
KXMLBGAME-26AUG152138KCLAA-LAA,KXMLBGAME-26AUG152138KCLAA,yes,1421946.82,0.0000,2026-08-16T03:49:36Z,1.0000
KXMLBGAME-26AUG152138KCLAA-KC,KXMLBGAME-26AUG152138KCLAA,no,2152587.10,0.0000,2026-08-16T03:49:36Z,1.0000
KXMLBGAME-26AUG152140TEXATH-TEX,KXMLBGAME-26AUG152140TEXATH,yes,2552530.77,0.0000,2026-08-16T04:29:49Z,1.0000
KXMLBGAME-26AUG152140TEXATH-ATH,KXMLBGAME-26AUG152140TEXATH,no,2499791.94,0.0000,2026-08-16T04:29:49Z,1.0000
KXMLBGAME-26AUG151915BOSPIT-PIT,KXMLBGAME-26AUG151915BOSPIT,no,965363.21,0.0000,2026-08-16T02:04:29Z,1.0000
KXMLBGAME-26AUG151915BOSPIT-BOS,KXMLBGAME-26AUG151915BOSPIT,yes,1471234.97,0.0000,2026-08-16T02:04:29Z,1.0000
KXMLBGAME-26AUG151910SDCLE-SD,KXMLBGAME-26AUG151910SDCLE,no,1113941.31,0.0000,2026-08-16T01:44:31Z,1.0000
KXMLBGAME-26AUG151910SDCLE-CLE,KXMLBGAME-26AUG151910SDCLE,yes,411537.44,0.0000,2026-08-16T01:44:31Z,1.0000
KXMLBGAME-26AUG151910PHIMIN-PHI,KXMLBGAME-26AUG151910PHIMIN,yes,1050008.64,0.0000,2026-08-16T02:04:29Z,1.0000
KXMLBGAME-26AUG151910PHIMIN-MIN,KXMLBGAME-26AUG151910PHIMIN,no,778682.47,0.0000,2026-08-16T02:04:29Z,1.0000
KXMLBGAME-26AUG151910SEAHOU-SEA,KXMLBGAME-26AUG151910SEAHOU,yes,513445.03,0.0000,2026-08-16T01:59:49Z,1.0000
KXMLBGAME-26AUG151910SEAHOU-HOU,KXMLBGAME-26AUG151910SEAHOU,no,1417679.90,0.0000,2026-08-16T01:59:49Z,1.0000
KXMLBGAME-26AUG151915AZATL-AZ,KXMLBGAME-26AUG151915AZATL,yes,536462.85,0.0000,2026-08-16T02:04:28Z,1.0000
KXMLBGAME-26AUG151915AZATL-ATL,KXMLBGAME-26AUG151915AZATL,no,953351.71,0.0000,2026-08-16T02:04:28Z,1.0000
KXMLBGAME-26AUG151915MILLAD-MIL,KXMLBGAME-26AUG151915MILLAD,yes,1249218.31,0.0000,2026-08-16T01:49:41Z,1.0000
KXMLBGAME-26AUG151915MILLAD-LAD,KXMLBGAME-26AUG151915MILLAD,no,2402127.56,0.0000,2026-08-16T01:49:41Z,1.0000
KXMLBGAME-26AUG151840MIACIN-MIA,KXMLBGAME-26AUG151840MIACIN,yes,1180239.67,0.0000,2026-08-16T01:44:32Z,1.0000
KXMLBGAME-26AUG151840MIACIN-CIN,KXMLBGAME-26AUG151840MIACIN,no,835114.61,0.0000,2026-08-16T01:44:32Z,1.0000
KXMLBGAME-26AUG151810BALTB-TB,KXMLBGAME-26AUG151810BALTB,no,2759195.74,0.0000,2026-08-16T01:19:41Z,1.0000
KXMLBGAME-26AUG151810BALTB-BAL,KXMLBGAME-26AUG151810BALTB,yes,1549057.30,0.0000,2026-08-16T01:19:41Z,1.0000
KXMLBGAME-26AUG151610WSHNYM-WSH,KXMLBGAME-26AUG151610WSHNYM,no,2260741.16,0.0000,2026-08-15T23:09:35Z,1.0000
KXMLBGAME-26AUG151610WSHNYM-NYM,KXMLBGAME-26AUG151610WSHNYM,yes,2175957.49,0.0000,2026-08-15T23:09:35Z,1.0000
KXMLBGAME-26AUG151605COLSF-SF,KXMLBGAME-26AUG151605COLSF,yes,835284.82,0.0000,2026-08-15T22:34:29Z,1.0000
KXMLBGAME-26AUG151605COLSF-COL,KXMLBGAME-26AUG151605COLSF,no,956213.31,0.0000,2026-08-15T22:34:29Z,1.0000
KXMLBGAME-26AUG151507NYYTOR-TOR,KXMLBGAME-26AUG151507NYYTOR,yes,1949891.17,0.0000,2026-08-15T21:54:31Z,1.0000
KXMLBGAME-26AUG151507NYYTOR-NYY,KXMLBGAME-26AUG151507NYYTOR,no,2277917.47,0.0000,2026-08-15T21:54:31Z,1.0000
KXMLBGAME-26AUG151420STLCHC-STL,KXMLBGAME-26AUG151420STLCHC,yes,1981421.77,0.0000,2026-08-15T21:04:38Z,1.0000
KXMLBGAME-26AUG151420STLCHC-CHC,KXMLBGAME-26AUG151420STLCHC,no,2226972.06,0.0000,2026-08-15T21:04:38Z,1.0000
KXMLBGAME-26AUG151310CWSDET-DET,KXMLBGAME-26AUG151310CWSDET,no,2290416.20,0.0000,2026-08-15T19:49:41Z,1.0000
KXMLBGAME-26AUG151310CWSDET-CWS,KXMLBGAME-26AUG151310CWSDET,yes,1888283.64,0.0000,2026-08-15T19:49:41Z,1.0000
KXMLBGAME-26AUG142210MILLAD-MIL,KXMLBGAME-26AUG142210MILLAD,no,3412544.93,0.0000,2026-08-15T04:49:38Z,1.0000
KXMLBGAME-26AUG142210MILLAD-LAD,KXMLBGAME-26AUG142210MILLAD,yes,3036866.76,0.0000,2026-08-15T04:49:38Z,1.0000
KXMLBGAME-26AUG142215COLSF-SF,KXMLBGAME-26AUG142215COLSF,no,1950691.55,0.0000,2026-08-15T04:54:26Z,1.0000
KXMLBGAME-26AUG142215COLSF-COL,KXMLBGAME-26AUG142215COLSF,yes,1429140.24,0.0000,2026-08-15T04:54:26Z,1.0000
KXMLBGAME-26AUG142138KCLAA-LAA,KXMLBGAME-26AUG142138KCLAA,no,1922223.17,0.0000,2026-08-15T04:34:28Z,1.0000
KXMLBGAME-26AUG142138KCLAA-KC,KXMLBGAME-26AUG142138KCLAA,yes,2468213.32,0.0000,2026-08-15T04:34:28Z,1.0000
KXMLBGAME-26AUG142140TEXATH-TEX,KXMLBGAME-26AUG142140TEXATH,no,3910007.23,0.0000,2026-08-15T04:44:28Z,1.0000
KXMLBGAME-26AUG142140TEXATH-ATH,KXMLBGAME-26AUG142140TEXATH,yes,1208082.79,0.0000,2026-08-15T04:44:28Z,1.0000
KXMLBGAME-26AUG142010SEAHOU-SEA,KXMLBGAME-26AUG142010SEAHOU,no,3453156.32,0.0000,2026-08-15T03:49:38Z,1.0000
KXMLBGAME-26AUG142010SEAHOU-HOU,KXMLBGAME-26AUG142010SEAHOU,yes,3254778.54,0.0000,2026-08-15T03:49:38Z,1.0000
KXMLBGAME-26AUG141910SDCLE-SD,KXMLBGAME-26AUG141910SDCLE,yes,2358249.17,0.0000,2026-08-15T02:04:32Z,1.0000
KXMLBGAME-26AUG141910SDCLE-CLE,KXMLBGAME-26AUG141910SDCLE,no,1248994.02,0.0000,2026-08-15T02:04:32Z,1.0000
KXMLBGAME-26AUG141910WSHNYM-WSH,KXMLBGAME-26AUG141910WSHNYM,no,1069687.55,0.0000,2026-08-15T01:49:42Z,1.0000
KXMLBGAME-26AUG141910WSHNYM-NYM,KXMLBGAME-26AUG141910WSHNYM,yes,943935.98,0.0000,2026-08-15T01:49:42Z,1.0000
KXMLBGAME-26AUG141915NYYTOR-TOR,KXMLBGAME-26AUG141915NYYTOR,yes,1025002.64,0.0000,2026-08-15T01:49:42Z,1.0000
KXMLBGAME-26AUG141915NYYTOR-NYY,KXMLBGAME-26AUG141915NYYTOR,no,2165974.58,0.0000,2026-08-15T01:49:42Z,1.0000
KXMLBGAME-26AUG141910BALTB-TB,KXMLBGAME-26AUG141910BALTB,no,3639317.07,0.0000,2026-08-15T02:24:36Z,1.0000
KXMLBGAME-26AUG141910BALTB-BAL,KXMLBGAME-26AUG141910BALTB,yes,2099898.04,0.0000,2026-08-15T02:24:36Z,1.0000
KXMLBGAME-26AUG141915AZATL-AZ,KXMLBGAME-26AUG141915AZATL,yes,973649.46,0.0000,2026-08-15T01:54:28Z,1.0000
KXMLBGAME-26AUG141915AZATL-ATL,KXMLBGAME-26AUG141915AZATL,no,1561321.39,0.0000,2026-08-15T01:54:28Z,1.0000
KXMLBGAME-26AUG141840BOSPIT-PIT,KXMLBGAME-26AUG141840BOSPIT,yes,1279348.45,0.0000,2026-08-15T01:54:29Z,1.0000
KXMLBGAME-26AUG141840BOSPIT-BOS,KXMLBGAME-26AUG141840BOSPIT,no,2615513.18,0.0000,2026-08-15T01:54:29Z,1.0000
KXMLBGAME-26AUG141840CWSDET-DET,KXMLBGAME-26AUG141840CWSDET,no,1053131.50,0.0000,2026-08-15T01:24:30Z,1.0000
KXMLBGAME-26AUG141840CWSDET-CWS,KXMLBGAME-26AUG141840CWSDET,yes,1490698.33,0.0000,2026-08-15T01:24:30Z,1.0000
KXMLBGAME-26AUG141810MIACIN-MIA,KXMLBGAME-26AUG141810MIACIN,no,1200103.19,0.0000,2026-08-15T00:34:35Z,1.0000
KXMLBGAME-26AUG141810MIACIN-CIN,KXMLBGAME-26AUG141810MIACIN,yes,3033122.39,0.0000,2026-08-15T00:34:35Z,1.0000
KXMLBGAME-26AUG141420STLCHC-STL,KXMLBGAME-26AUG141420STLCHC,no,2192717.49,0.0000,2026-08-14T20:59:48Z,1.0000
KXMLBGAME-26AUG141420STLCHC-CHC,KXMLBGAME-26AUG141420STLCHC,yes,2798492.28,0.0000,2026-08-14T20:59:48Z,1.0000
KXMLBGAME-26AUG132210MILLAD-MIL,KXMLBGAME-26AUG132210MILLAD,yes,5396955.86,0.0000,2026-08-14T05:09:40Z,1.0000
KXMLBGAME-26AUG132210MILLAD-LAD,KXMLBGAME-26AUG132210MILLAD,no,7985693.35,0.0000,2026-08-14T05:09:40Z,1.0000
KXMLBGAME-26AUG132207TEXLAA-TEX,KXMLBGAME-26AUG132207TEXLAA,no,2647449.48,0.0000,2026-08-14T04:59:51Z,1.0000
KXMLBGAME-26AUG132207TEXLAA-LAA,KXMLBGAME-26AUG132207TEXLAA,yes,1531023.58,0.0000,2026-08-14T04:59:51Z,1.0000
KXMLBGAME-26AUG131930PHIMIN-PHI,KXMLBGAME-26AUG131930PHIMIN,yes,2975494.99,0.0000,2026-08-14T02:29:38Z,1.0000
KXMLBGAME-26AUG131930PHIMIN-MIN,KXMLBGAME-26AUG131930PHIMIN,no,2570862.99,0.0000,2026-08-14T02:29:38Z,1.0000
KXMLBGAME-26AUG131605CHCWSH-WSH,KXMLBGAME-26AUG131605CHCWSH,yes,2053355.89,0.0000,2026-08-13T22:34:27Z,1.0000
KXMLBGAME-26AUG131605CHCWSH-CHC,KXMLBGAME-26AUG131605CHCWSH,no,2657128.79,0.0000,2026-08-13T22:34:27Z,1.0000
KXMLBGAME-26AUG131507BOSTOR-TOR,KXMLBGAME-26AUG131507BOSTOR,no,1619562.73,0.0000,2026-08-13T21:39:41Z,1.0000
KXMLBGAME-26AUG131507BOSTOR-BOS,KXMLBGAME-26AUG131507BOSTOR,yes,2109959.86,0.0000,2026-08-13T21:39:41Z,1.0000
KXMLBGAME-26AUG131410CINCWS-CWS,KXMLBGAME-26AUG131410CINCWS,no,1869068.75,0.0000,2026-08-13T20:24:26Z,1.0000
KXMLBGAME-26AUG131410CINCWS-CIN,KXMLBGAME-26AUG131410CINCWS,yes,1598456.29,0.0000,2026-08-13T20:24:26Z,1.0000
KXMLBGAME-26AUG131335SEANYY-SEA,KXMLBGAME-26AUG131335SEANYY,yes,1582401.47,0.0000,2026-08-13T20:34:27Z,1.0000
KXMLBGAME-26AUG131335SEANYY-NYY,KXMLBGAME-26AUG131335SEANYY,no,3604899.64,0.0000,2026-08-13T20:34:27Z,1.0000
KXMLBGAME-26AUG131310CLEDET-DET,KXMLBGAME-26AUG131310CLEDET,yes,1299926.48,0.0000,2026-08-13T19:39:39Z,1.0000
KXMLBGAME-26AUG131310CLEDET-CLE,KXMLBGAME-26AUG131310CLEDET,no,3059188.27,0.0000,2026-08-13T19:39:39Z,1.0000
KXMLBGAME-26AUG131310PITMIA-PIT,KXMLBGAME-26AUG131310PITMIA,yes,1033496.25,0.0000,2026-08-13T19:49:39Z,1.0000
KXMLBGAME-26AUG131310PITMIA-MIA,KXMLBGAME-26AUG131310PITMIA,no,1456925.80,0.0000,2026-08-13T19:49:39Z,1.0000
KXMLBGAME-26AUG122210TEXLAA-TEX,KXMLBGAME-26AUG122210TEXLAA,no,5026587.96,0.0000,2026-08-13T05:14:36Z,1.0000
KXMLBGAME-26AUG122210TEXLAA-LAA,KXMLBGAME-26AUG122210TEXLAA,yes,2401568.93,0.0000,2026-08-13T05:14:36Z,1.0000
KXMLBGAME-26AUG122210KCLAD-LAD,KXMLBGAME-26AUG122210KCLAD,yes,1953954.14,0.0000,2026-08-13T04:54:24Z,1.0000
KXMLBGAME-26AUG122210KCLAD-KC,KXMLBGAME-26AUG122210KCLAD,no,3243114.39,0.0000,2026-08-13T04:54:24Z,1.0000
KXMLBGAME-26AUG121940CINCWS-CWS,KXMLBGAME-26AUG121940CINCWS,yes,603506.06,0.0000,2026-08-13T02:09:35Z,1.0000
KXMLBGAME-26AUG121940CINCWS-CIN,KXMLBGAME-26AUG121940CINCWS,no,749381.38,0.0000,2026-08-13T02:09:35Z,1.0000
KXMLBGAME-26AUG121905SEANYY-SEA,KXMLBGAME-26AUG121905SEANYY,no,1809384.60,0.0000,2026-08-13T02:14:29Z,1.0000
KXMLBGAME-26AUG121905SEANYY-NYY,KXMLBGAME-26AUG121905SEANYY,yes,4103278.08,0.0000,2026-08-13T02:14:29Z,1.0000
KXMLBGAME-26AUG121915NYMATL-NYM,KXMLBGAME-26AUG121915NYMATL,no,1167393.56,0.0000,2026-08-13T01:39:37Z,1.0000
KXMLBGAME-26AUG121915NYMATL-ATL,KXMLBGAME-26AUG121915NYMATL,yes,921973.46,0.0000,2026-08-13T01:39:37Z,1.0000
KXMLBGAME-26AUG121907BOSTOR-TOR,KXMLBGAME-26AUG121907BOSTOR,yes,1863990.31,0.0000,2026-08-13T01:54:29Z,1.0000
KXMLBGAME-26AUG121907BOSTOR-BOS,KXMLBGAME-26AUG121907BOSTOR,no,2417862.38,0.0000,2026-08-13T01:54:29Z,1.0000
KXMLBGAME-26AUG121845CHCWSH-WSH,KXMLBGAME-26AUG121845CHCWSH,no,1062718.64,0.0000,2026-08-13T01:59:44Z,1.0000
KXMLBGAME-26AUG121845CHCWSH-CHC,KXMLBGAME-26AUG121845CHCWSH,yes,1767831.79,0.0000,2026-08-13T01:59:44Z,1.0000
KXMLBGAME-26AUG121840CLEDET-DET,KXMLBGAME-26AUG121840CLEDET,no,1457351.04,0.0000,2026-08-13T01:49:43Z,1.0000
KXMLBGAME-26AUG121840CLEDET-CLE,KXMLBGAME-26AUG121840CLEDET,yes,1529176.01,0.0000,2026-08-13T01:49:43Z,1.0000
KXMLBGAME-26AUG121840PITMIA-PIT,KXMLBGAME-26AUG121840PITMIA,no,735833.00,0.0000,2026-08-13T01:29:42Z,1.0000
KXMLBGAME-26AUG121840PITMIA-MIA,KXMLBGAME-26AUG121840PITMIA,yes,731192.13,0.0000,2026-08-13T01:29:42Z,1.0000
KXMLBGAME-26AUG121610MILSD-SD,KXMLBGAME-26AUG121610MILSD,yes,5408450.35,0.0000,2026-08-13T00:04:31Z,1.0000
KXMLBGAME-26AUG121610MILSD-MIL,KXMLBGAME-26AUG121610MILSD,no,4071518.65,0.0000,2026-08-13T00:04:31Z,1.0000
KXMLBGAME-26AUG121540COLAZ-COL,KXMLBGAME-26AUG121540COLAZ,yes,1871420.81,0.0000,2026-08-12T22:49:41Z,1.0000
KXMLBGAME-26AUG121540COLAZ-AZ,KXMLBGAME-26AUG121540COLAZ,no,2809423.49,0.0000,2026-08-12T22:49:41Z,1.0000
KXMLBGAME-26AUG121545HOUSF-SF,KXMLBGAME-26AUG121545HOUSF,no,1191328.51,0.0000,2026-08-12T22:19:40Z,1.0000
KXMLBGAME-26AUG121545HOUSF-HOU,KXMLBGAME-26AUG121545HOUSF,yes,2493529.93,0.0000,2026-08-12T22:19:40Z,1.0000
KXMLBGAME-26AUG121505TBATH-TB,KXMLBGAME-26AUG121505TBATH,yes,1773020.28,0.0000,2026-08-12T21:54:38Z,1.0000
KXMLBGAME-26AUG121505TBATH-ATH,KXMLBGAME-26AUG121505TBATH,no,984768.84,0.0000,2026-08-12T21:54:38Z,1.0000
KXMLBGAME-26AUG121415PHISTL-STL,KXMLBGAME-26AUG121415PHISTL,yes,903667.70,0.0000,2026-08-12T20:49:37Z,1.0000
KXMLBGAME-26AUG121415PHISTL-PHI,KXMLBGAME-26AUG121415PHISTL,no,1543041.34,0.0000,2026-08-12T20:49:37Z,1.0000
KXMLBGAME-26AUG121340BALMIN-MIN,KXMLBGAME-26AUG121340BALMIN,yes,1850341.11,0.0000,2026-08-12T20:29:49Z,1.0000
KXMLBGAME-26AUG121340BALMIN-BAL,KXMLBGAME-26AUG121340BALMIN,no,2320505.33,0.0000,2026-08-12T20:29:49Z,1.0000
KXMLBGAME-26AUG112210KCLAD-LAD,KXMLBGAME-26AUG112210KCLAD,yes,4923879.94,0.0000,2026-08-12T05:09:31Z,1.0000
KXMLBGAME-26AUG112210KCLAD-KC,KXMLBGAME-26AUG112210KCLAD,no,6232929.18,0.0000,2026-08-12T05:09:31Z,1.0000
KXMLBGAME-26AUG112140MILSD-SD,KXMLBGAME-26AUG112140MILSD,yes,1171179.36,0.0000,2026-08-12T04:19:41Z,1.0000
KXMLBGAME-26AUG112140MILSD-MIL,KXMLBGAME-26AUG112140MILSD,no,2894839.37,0.0000,2026-08-12T04:19:41Z,1.0000
KXMLBGAME-26AUG112140COLAZ-COL,KXMLBGAME-26AUG112140COLAZ,yes,1372295.20,0.0000,2026-08-12T04:19:40Z,1.0000
KXMLBGAME-26AUG112140COLAZ-AZ,KXMLBGAME-26AUG112140COLAZ,no,1761535.02,0.0000,2026-08-12T04:19:40Z,1.0000
KXMLBGAME-26AUG112145HOUSF-SF,KXMLBGAME-26AUG112145HOUSF,yes,1942872.64,0.0000,2026-08-12T04:29:36Z,1.0000
KXMLBGAME-26AUG112145HOUSF-HOU,KXMLBGAME-26AUG112145HOUSF,no,2351114.10,0.0000,2026-08-12T04:29:36Z,1.0000
KXMLBGAME-26AUG112140TBATH-TB,KXMLBGAME-26AUG112140TBATH,yes,1369389.19,0.0000,2026-08-12T04:09:37Z,1.0000
KXMLBGAME-26AUG112140TBATH-ATH,KXMLBGAME-26AUG112140TBATH,no,534600.52,0.0000,2026-08-12T04:09:37Z,1.0000
KXMLBGAME-26AUG112138TEXLAA-TEX,KXMLBGAME-26AUG112138TEXLAA,no,1891545.57,0.0000,2026-08-12T04:04:31Z,1.0000
KXMLBGAME-26AUG112138TEXLAA-LAA,KXMLBGAME-26AUG112138TEXLAA,yes,813996.81,0.0000,2026-08-12T04:04:31Z,1.0000
KXMLBGAME-26AUG111940BALMIN-MIN,KXMLBGAME-26AUG111940BALMIN,no,514849.16,0.0000,2026-08-12T02:24:29Z,1.0000
KXMLBGAME-26AUG111940BALMIN-BAL,KXMLBGAME-26AUG111940BALMIN,yes,539374.30,0.0000,2026-08-12T02:24:29Z,1.0000
KXMLBGAME-26AUG111940CINCWS-CWS,KXMLBGAME-26AUG111940CINCWS,no,2194654.95,0.0000,2026-08-12T02:34:29Z,1.0000
KXMLBGAME-26AUG111940CINCWS-CIN,KXMLBGAME-26AUG111940CINCWS,yes,1858573.97,0.0000,2026-08-12T02:34:29Z,1.0000
KXMLBGAME-26AUG111945PHISTL-STL,KXMLBGAME-26AUG111945PHISTL,yes,912462.32,0.0000,2026-08-12T02:29:47Z,1.0000
KXMLBGAME-26AUG111945PHISTL-PHI,KXMLBGAME-26AUG111945PHISTL,no,3296788.03,0.0000,2026-08-12T02:29:47Z,1.0000
KXMLBGAME-26AUG111905SEANYY-SEA,KXMLBGAME-26AUG111905SEANYY,no,1008092.62,0.0000,2026-08-12T02:14:30Z,1.0000
KXMLBGAME-26AUG111905SEANYY-NYY,KXMLBGAME-26AUG111905SEANYY,yes,2662125.95,0.0000,2026-08-12T02:14:30Z,1.0000
KXMLBGAME-26AUG111907BOSTOR-TOR,KXMLBGAME-26AUG111907BOSTOR,yes,1062937.56,0.0000,2026-08-12T01:54:34Z,1.0000
KXMLBGAME-26AUG111907BOSTOR-BOS,KXMLBGAME-26AUG111907BOSTOR,no,2115051.95,0.0000,2026-08-12T01:54:34Z,1.0000
KXMLBGAME-26AUG111915NYMATL-NYM,KXMLBGAME-26AUG111915NYMATL,no,924780.80,0.0000,2026-08-12T01:29:51Z,1.0000
KXMLBGAME-26AUG111915NYMATL-ATL,KXMLBGAME-26AUG111915NYMATL,yes,791355.47,0.0000,2026-08-12T01:29:51Z,1.0000
KXMLBGAME-26AUG111840PITMIA-PIT,KXMLBGAME-26AUG111840PITMIA,no,1323822.02,0.0000,2026-08-12T01:04:36Z,1.0000
KXMLBGAME-26AUG111840PITMIA-MIA,KXMLBGAME-26AUG111840PITMIA,yes,1237918.77,0.0000,2026-08-12T01:04:36Z,1.0000
KXMLBGAME-26AUG111840CLEDET-DET,KXMLBGAME-26AUG111840CLEDET,yes,1353596.14,0.0000,2026-08-12T01:34:32Z,1.0000
KXMLBGAME-26AUG111840CLEDET-CLE,KXMLBGAME-26AUG111840CLEDET,no,1976665.79,0.0000,2026-08-12T01:34:32Z,1.0000
KXMLBGAME-26AUG111845CHCWSH-WSH,KXMLBGAME-26AUG111845CHCWSH,no,1348274.97,0.0000,2026-08-12T01:54:32Z,1.0000
KXMLBGAME-26AUG111845CHCWSH-CHC,KXMLBGAME-26AUG111845CHCWSH,yes,2006009.86,0.0000,2026-08-12T01:54:32Z,1.0000
KXMLBGAME-26AUG102210KCLAD-LAD,KXMLBGAME-26AUG102210KCLAD,yes,4343263.24,0.0000,2026-08-11T04:54:28Z,1.0000
KXMLBGAME-26AUG102210KCLAD-KC,KXMLBGAME-26AUG102210KCLAD,no,4061777.62,0.0000,2026-08-11T04:54:28Z,1.0000
KXMLBGAME-26AUG102145HOUSF-SF,KXMLBGAME-26AUG102145HOUSF,no,1820377.03,0.0000,2026-08-11T04:34:46Z,1.0000
KXMLBGAME-26AUG102145HOUSF-HOU,KXMLBGAME-26AUG102145HOUSF,yes,2428136.56,0.0000,2026-08-11T04:34:46Z,1.0000
KXMLBGAME-26AUG102138TEXLAA-TEX,KXMLBGAME-26AUG102138TEXLAA,yes,5231473.23,0.0000,2026-08-11T05:14:31Z,1.0000
KXMLBGAME-26AUG102138TEXLAA-LAA,KXMLBGAME-26AUG102138TEXLAA,no,2447318.25,0.0000,2026-08-11T05:14:31Z,1.0000
KXMLBGAME-26AUG102140MILSD-SD,KXMLBGAME-26AUG102140MILSD,yes,1792905.95,0.0000,2026-08-11T04:09:36Z,1.0000
KXMLBGAME-26AUG102140MILSD-MIL,KXMLBGAME-26AUG102140MILSD,no,2239444.60,0.0000,2026-08-11T04:09:36Z,1.0000
KXMLBGAME-26AUG102140TBATH-TB,KXMLBGAME-26AUG102140TBATH,yes,3661792.85,0.0000,2026-08-11T05:24:25Z,1.0000
KXMLBGAME-26AUG102140TBATH-ATH,KXMLBGAME-26AUG102140TBATH,no,1811488.76,0.0000,2026-08-11T05:24:25Z,1.0000
KXMLBGAME-26AUG102140COLAZ-COL,KXMLBGAME-26AUG102140COLAZ,no,1307527.17,0.0000,2026-08-11T04:29:38Z,1.0000
KXMLBGAME-26AUG102140COLAZ-AZ,KXMLBGAME-26AUG102140COLAZ,yes,891073.35,0.0000,2026-08-11T04:29:38Z,1.0000
KXMLBGAME-26AUG101945PHISTL-STL,KXMLBGAME-26AUG101945PHISTL,no,2127427.65,0.0000,2026-08-11T02:54:44Z,1.0000
KXMLBGAME-26AUG101945PHISTL-PHI,KXMLBGAME-26AUG101945PHISTL,yes,1671440.91,0.0000,2026-08-11T02:54:44Z,1.0000
KXMLBGAME-26AUG101940BALMIN-MIN,KXMLBGAME-26AUG101940BALMIN,yes,1253121.77,0.0000,2026-08-11T02:34:31Z,1.0000
KXMLBGAME-26AUG101940BALMIN-BAL,KXMLBGAME-26AUG101940BALMIN,no,2071736.28,0.0000,2026-08-11T02:34:31Z,1.0000
KXMLBGAME-26AUG101915NYMATL-NYM,KXMLBGAME-26AUG101915NYMATL,yes,2443387.05,0.0000,2026-08-11T02:29:44Z,1.0000
KXMLBGAME-26AUG101915NYMATL-ATL,KXMLBGAME-26AUG101915NYMATL,no,4158962.93,0.0000,2026-08-11T02:29:44Z,1.0000
KXMLBGAME-26AUG101907BOSTOR-TOR,KXMLBGAME-26AUG101907BOSTOR,yes,2028425.93,0.0000,2026-08-11T02:04:35Z,1.0000
KXMLBGAME-26AUG101907BOSTOR-BOS,KXMLBGAME-26AUG101907BOSTOR,no,4138339.06,0.0000,2026-08-11T02:04:35Z,1.0000
KXMLBGAME-26AUG092020HOUSD-SD,KXMLBGAME-26AUG092020HOUSD,yes,4728325.43,0.0000,2026-08-10T02:49:39Z,1.0000
KXMLBGAME-26AUG092020HOUSD-HOU,KXMLBGAME-26AUG092020HOUSD,no,5822907.72,0.0000,2026-08-10T02:49:39Z,1.0000
KXMLBGAME-26AUG091605DETSF-SF,KXMLBGAME-26AUG091605DETSF,no,2426911.01,0.0000,2026-08-09T22:59:46Z,1.0000
KXMLBGAME-26AUG091605DETSF-DET,KXMLBGAME-26AUG091605DETSF,yes,3904594.25,0.0000,2026-08-09T22:59:46Z,1.0000
KXMLBGAME-26AUG091610TBSEA-TB,KXMLBGAME-26AUG091610TBSEA,yes,2503346.68,0.0000,2026-08-09T22:59:45Z,1.0000
KXMLBGAME-26AUG091610TBSEA-SEA,KXMLBGAME-26AUG091610TBSEA,no,1250057.55,0.0000,2026-08-09T22:59:45Z,1.0000
KXMLBGAME-26AUG091610LADAZ-LAD,KXMLBGAME-26AUG091610LADAZ,no,3437308.38,0.0000,2026-08-09T22:44:31Z,1.0000
KXMLBGAME-26AUG091610LADAZ-AZ,KXMLBGAME-26AUG091610LADAZ,yes,1057320.92,0.0000,2026-08-09T22:44:31Z,1.0000
KXMLBGAME-26AUG091435BALTEX-TEX,KXMLBGAME-26AUG091435BALTEX,no,920861.36,0.0000,2026-08-09T21:44:28Z,1.0000
KXMLBGAME-26AUG091435BALTEX-BAL,KXMLBGAME-26AUG091435BALTEX,yes,543085.87,0.0000,2026-08-09T21:44:28Z,1.0000
KXMLBGAME-26AUG091410CHCKC-KC,KXMLBGAME-26AUG091410CHCKC,no,412199.23,0.0000,2026-08-09T20:59:45Z,1.0000
KXMLBGAME-26AUG091410CHCKC-CHC,KXMLBGAME-26AUG091410CHCKC,yes,573529.20,0.0000,2026-08-09T20:59:45Z,1.0000
KXMLBGAME-26AUG091410MINMIL-MIN,KXMLBGAME-26AUG091410MINMIL,no,2000351.51,0.0000,2026-08-09T21:34:30Z,1.0000
KXMLBGAME-26AUG091410MINMIL-MIL,KXMLBGAME-26AUG091410MINMIL,yes,1993752.94,0.0000,2026-08-09T21:34:30Z,1.0000
KXMLBGAME-26AUG091410CLECWS-CWS,KXMLBGAME-26AUG091410CLECWS,yes,1786590.62,0.0000,2026-08-09T23:39:35Z,1.0000
KXMLBGAME-26AUG091410CLECWS-CLE,KXMLBGAME-26AUG091410CLECWS,no,1483448.28,0.0000,2026-08-09T23:39:35Z,1.0000
KXMLBGAME-26AUG091415COLSTL-STL,KXMLBGAME-26AUG091415COLSTL,yes,604424.51,0.0000,2026-08-09T21:14:33Z,1.0000
KXMLBGAME-26AUG091415COLSTL-COL,KXMLBGAME-26AUG091415COLSTL,no,609102.80,0.0000,2026-08-09T21:14:33Z,1.0000
KXMLBGAME-26AUG091335ATLNYY-NYY,KXMLBGAME-26AUG091335ATLNYY,no,2019419.57,0.0000,2026-08-09T20:14:38Z,1.0000
KXMLBGAME-26AUG091335ATLNYY-ATL,KXMLBGAME-26AUG091335ATLNYY,yes,2794542.06,0.0000,2026-08-09T20:14:38Z,1.0000
KXMLBGAME-26AUG091335ATHBOS-BOS,KXMLBGAME-26AUG091335ATHBOS,no,1798586.11,0.0000,2026-08-09T20:19:44Z,1.0000
KXMLBGAME-26AUG091335ATHBOS-ATH,KXMLBGAME-26AUG091335ATHBOS,yes,1526213.02,0.0000,2026-08-09T20:19:44Z,1.0000
KXMLBGAME-26AUG091340LAAMIA-MIA,KXMLBGAME-26AUG091340LAAMIA,yes,655172.53,0.0000,2026-08-09T20:39:35Z,1.0000
KXMLBGAME-26AUG091340LAAMIA-LAA,KXMLBGAME-26AUG091340LAAMIA,no,572540.49,0.0000,2026-08-09T20:39:35Z,1.0000
KXMLBGAME-26AUG091335TORPHI-TOR,KXMLBGAME-26AUG091335TORPHI,no,4343116.87,0.0000,2026-08-09T21:14:34Z,1.0000
KXMLBGAME-26AUG091335TORPHI-PHI,KXMLBGAME-26AUG091335TORPHI,yes,3353200.07,0.0000,2026-08-09T21:14:34Z,1.0000
KXMLBGAME-26AUG091335NYMPIT-PIT,KXMLBGAME-26AUG091335NYMPIT,no,791304.51,0.0000,2026-08-09T20:24:28Z,1.0000
KXMLBGAME-26AUG091335NYMPIT-NYM,KXMLBGAME-26AUG091335NYMPIT,yes,816085.93,0.0000,2026-08-09T20:24:28Z,1.0000
KXMLBGAME-26AUG091215CINWSH-WSH,KXMLBGAME-26AUG091215CINWSH,yes,1289464.13,0.0000,2026-08-09T18:59:53Z,1.0000
KXMLBGAME-26AUG091215CINWSH-CIN,KXMLBGAME-26AUG091215CINWSH,no,1681845.42,0.0000,2026-08-09T18:59:53Z,1.0000
KXMLBGAME-26AUG082150TBSEA-TB,KXMLBGAME-26AUG082150TBSEA,yes,5473600.98,0.0000,2026-08-09T04:49:30Z,1.0000
KXMLBGAME-26AUG082150TBSEA-SEA,KXMLBGAME-26AUG082150TBSEA,no,3174453.90,0.0000,2026-08-09T04:49:30Z,1.0000
KXMLBGAME-26AUG082010LADAZ-LAD,KXMLBGAME-26AUG082010LADAZ,yes,6666271.72,0.0000,2026-08-09T03:49:34Z,1.0000
KXMLBGAME-26AUG082010LADAZ-AZ,KXMLBGAME-26AUG082010LADAZ,no,5462750.35,0.0000,2026-08-09T03:49:34Z,1.0000
KXMLBGAME-26AUG081915CLECWS-CWS,KXMLBGAME-26AUG081915CLECWS,yes,1027877.67,0.0000,2026-08-09T02:34:28Z,1.0000
KXMLBGAME-26AUG081915CLECWS-CLE,KXMLBGAME-26AUG081915CLECWS,no,1586275.78,0.0000,2026-08-09T02:34:28Z,1.0000
KXMLBGAME-26AUG081915HOUSD-SD,KXMLBGAME-26AUG081915HOUSD,yes,988960.92,0.0000,2026-08-09T01:59:48Z,1.0000
KXMLBGAME-26AUG081915HOUSD-HOU,KXMLBGAME-26AUG081915HOUSD,no,1522048.70,0.0000,2026-08-09T01:59:48Z,1.0000
KXMLBGAME-26AUG081915DETSF-SF,KXMLBGAME-26AUG081915DETSF,no,521367.46,0.0000,2026-08-09T02:04:30Z,1.0000
KXMLBGAME-26AUG081915DETSF-DET,KXMLBGAME-26AUG081915DETSF,yes,980295.97,0.0000,2026-08-09T02:04:30Z,1.0000
KXMLBGAME-26AUG081910MINMIL-MIN,KXMLBGAME-26AUG081910MINMIL,no,1035376.51,0.0000,2026-08-09T01:59:49Z,1.0000
KXMLBGAME-26AUG081910MINMIL-MIL,KXMLBGAME-26AUG081910MINMIL,yes,1542156.85,0.0000,2026-08-09T01:59:49Z,1.0000
KXMLBGAME-26AUG081915COLSTL-STL,KXMLBGAME-26AUG081915COLSTL,no,1169800.24,0.0000,2026-08-09T02:34:27Z,1.0000
KXMLBGAME-26AUG081915COLSTL-COL,KXMLBGAME-26AUG081915COLSTL,yes,750665.49,0.0000,2026-08-09T02:34:27Z,1.0000
KXMLBGAME-26AUG081910CHCKC-KC,KXMLBGAME-26AUG081910CHCKC,yes,558922.56,0.0000,2026-08-09T01:44:32Z,1.0000
KXMLBGAME-26AUG081910CHCKC-CHC,KXMLBGAME-26AUG081910CHCKC,no,1749820.84,0.0000,2026-08-09T01:44:32Z,1.0000
KXMLBGAME-26AUG081915BALTEX-TEX,KXMLBGAME-26AUG081915BALTEX,yes,632505.40,0.0000,2026-08-09T01:59:46Z,1.0000
KXMLBGAME-26AUG081915BALTEX-BAL,KXMLBGAME-26AUG081915BALTEX,no,1078554.44,0.0000,2026-08-09T01:59:46Z,1.0000
KXMLBGAME-26AUG081840NYMPIT-PIT,KXMLBGAME-26AUG081840NYMPIT,yes,1026944.52,0.0000,2026-08-09T01:14:30Z,1.0000
KXMLBGAME-26AUG081840NYMPIT-NYM,KXMLBGAME-26AUG081840NYMPIT,no,1191889.68,0.0000,2026-08-09T01:14:30Z,1.0000
KXMLBGAME-26AUG081845CINWSH-WSH,KXMLBGAME-26AUG081845CINWSH,yes,757692.35,0.0000,2026-08-09T01:24:33Z,1.0000
KXMLBGAME-26AUG081845CINWSH-CIN,KXMLBGAME-26AUG081845CINWSH,no,1416860.43,0.0000,2026-08-09T01:24:33Z,1.0000
KXMLBGAME-26AUG081805TORPHI-TOR,KXMLBGAME-26AUG081805TORPHI,yes,3600969.56,0.0000,2026-08-09T02:09:37Z,1.0000
KXMLBGAME-26AUG081805TORPHI-PHI,KXMLBGAME-26AUG081805TORPHI,no,3454354.34,0.0000,2026-08-09T02:09:37Z,1.0000
KXMLBGAME-26AUG081610LAAMIA-MIA,KXMLBGAME-26AUG081610LAAMIA,yes,706298.16,0.0000,2026-08-08T22:54:42Z,1.0000
KXMLBGAME-26AUG081610LAAMIA-LAA,KXMLBGAME-26AUG081610LAAMIA,no,1609778.01,0.0000,2026-08-08T22:54:42Z,1.0000
KXMLBGAME-26AUG081610ATHBOS-BOS,KXMLBGAME-26AUG081610ATHBOS,no,4089470.07,0.0000,2026-08-08T23:04:31Z,1.0000
KXMLBGAME-26AUG081610ATHBOS-ATH,KXMLBGAME-26AUG081610ATHBOS,yes,3053703.98,0.0000,2026-08-08T23:04:31Z,1.0000
KXMLBGAME-26AUG081505ATLNYY-NYY,KXMLBGAME-26AUG081505ATLNYY,yes,3015496.19,0.0000,2026-08-08T22:04:46Z,1.0000
KXMLBGAME-26AUG081505ATLNYY-ATL,KXMLBGAME-26AUG081505ATLNYY,no,3951930.01,0.0000,2026-08-08T22:04:46Z,1.0000
KXMLBGAME-26AUG072215DETSF-SF,KXMLBGAME-26AUG072215DETSF,yes,1453995.17,0.0000,2026-08-08T04:44:28Z,1.0000
KXMLBGAME-26AUG072215DETSF-DET,KXMLBGAME-26AUG072215DETSF,no,1855770.94,0.0000,2026-08-08T04:44:28Z,1.0000
KXMLBGAME-26AUG072140LADAZ-LAD,KXMLBGAME-26AUG072140LADAZ,no,4654198.22,0.0000,2026-08-08T04:27:39Z,1.0000
KXMLBGAME-26AUG072140LADAZ-AZ,KXMLBGAME-26AUG072140LADAZ,yes,2615958.95,0.0000,2026-08-08T04:27:39Z,1.0000
KXMLBGAME-26AUG072140HOUSD-SD,KXMLBGAME-26AUG072140HOUSD,no,1873322.44,0.0000,2026-08-08T04:44:29Z,1.0000
KXMLBGAME-26AUG072140HOUSD-HOU,KXMLBGAME-26AUG072140HOUSD,yes,1431740.99,0.0000,2026-08-08T04:44:29Z,1.0000
KXMLBGAME-26AUG072145TBSEA-TB,KXMLBGAME-26AUG072145TBSEA,yes,1416592.32,0.0000,2026-08-08T04:24:28Z,1.0000
KXMLBGAME-26AUG072145TBSEA-SEA,KXMLBGAME-26AUG072145TBSEA,no,1026701.98,0.0000,2026-08-08T04:24:28Z,1.0000
KXMLBGAME-26AUG072015BALTEX-TEX,KXMLBGAME-26AUG072015BALTEX,yes,778346.99,0.0000,2026-08-08T02:49:34Z,1.0000
KXMLBGAME-26AUG072015BALTEX-BAL,KXMLBGAME-26AUG072015BALTEX,no,693387.37,0.0000,2026-08-08T02:49:34Z,1.0000
KXMLBGAME-26AUG072015COLSTL-STL,KXMLBGAME-26AUG072015COLSTL,yes,961760.51,0.0000,2026-08-08T02:54:38Z,1.0000
KXMLBGAME-26AUG072015COLSTL-COL,KXMLBGAME-26AUG072015COLSTL,no,671143.49,0.0000,2026-08-08T02:54:38Z,1.0000
KXMLBGAME-26AUG072010CHCKC-KC,KXMLBGAME-26AUG072010CHCKC,no,502825.38,0.0000,2026-08-08T02:49:33Z,1.0000
KXMLBGAME-26AUG072010CHCKC-CHC,KXMLBGAME-26AUG072010CHCKC,yes,979361.22,0.0000,2026-08-08T02:49:33Z,1.0000
KXMLBGAME-26AUG071940MINMIL-MIN,KXMLBGAME-26AUG071940MINMIL,yes,1010425.61,0.0000,2026-08-08T02:34:30Z,1.0000
KXMLBGAME-26AUG071940MINMIL-MIL,KXMLBGAME-26AUG071940MINMIL,no,2246373.47,0.0000,2026-08-08T02:34:30Z,1.0000
KXMLBGAME-26AUG071940CLECWS-CWS,KXMLBGAME-26AUG071940CLECWS,no,1314045.98,0.0000,2026-08-08T02:19:54Z,1.0000
KXMLBGAME-26AUG071940CLECWS-CLE,KXMLBGAME-26AUG071940CLECWS,yes,1101854.72,0.0000,2026-08-08T02:19:54Z,1.0000
KXMLBGAME-26AUG071910ATHBOS-BOS,KXMLBGAME-26AUG071910ATHBOS,yes,899984.31,0.0000,2026-08-08T01:54:32Z,1.0000
KXMLBGAME-26AUG071910ATHBOS-ATH,KXMLBGAME-26AUG071910ATHBOS,no,1395448.35,0.0000,2026-08-08T01:54:32Z,1.0000
KXMLBGAME-26AUG071905ATLNYY-NYY,KXMLBGAME-26AUG071905ATLNYY,yes,3595950.32,0.0000,2026-08-08T04:23:58Z,1.0000
KXMLBGAME-26AUG071905ATLNYY-ATL,KXMLBGAME-26AUG071905ATLNYY,no,3211876.38,0.0000,2026-08-08T04:23:58Z,1.0000
KXMLBGAME-26AUG071910LAAMIA-MIA,KXMLBGAME-26AUG071910LAAMIA,no,3646820.26,0.0000,2026-08-08T02:14:37Z,1.0000
KXMLBGAME-26AUG071910LAAMIA-LAA,KXMLBGAME-26AUG071910LAAMIA,yes,1562218.61,0.0000,2026-08-08T02:14:37Z,1.0000
KXMLBGAME-26AUG071845CINWSH-WSH,KXMLBGAME-26AUG071845CINWSH,yes,894937.40,0.0000,2026-08-08T02:29:49Z,1.0000
KXMLBGAME-26AUG071845CINWSH-CIN,KXMLBGAME-26AUG071845CINWSH,no,828834.01,0.0000,2026-08-08T02:29:49Z,1.0000
KXMLBGAME-26AUG071840TORPHI-TOR,KXMLBGAME-26AUG071840TORPHI,yes,2786923.67,0.0000,2026-08-08T04:09:44Z,1.0000
KXMLBGAME-26AUG071840TORPHI-PHI,KXMLBGAME-26AUG071840TORPHI,no,3344368.06,0.0000,2026-08-08T04:09:44Z,1.0000
KXMLBGAME-26AUG071840NYMPIT-PIT,KXMLBGAME-26AUG071840NYMPIT,no,1568250.76,0.0000,2026-08-08T02:19:54Z,1.0000
KXMLBGAME-26AUG071840NYMPIT-NYM,KXMLBGAME-26AUG071840NYMPIT,yes,2104961.80,0.0000,2026-08-08T02:19:54Z,1.0000
KXMLBGAME-26AUG062140SDAZ-SD,KXMLBGAME-26AUG062140SDAZ,yes,2049589.09,0.0000,2026-08-07T04:34:25Z,1.0000
KXMLBGAME-26AUG062140SDAZ-AZ,KXMLBGAME-26AUG062140SDAZ,no,2670736.17,0.0000,2026-08-07T04:34:25Z,1.0000
KXMLBGAME-26AUG061940MINKC-MIN,KXMLBGAME-26AUG061940MINKC,yes,1785497.24,0.0000,2026-08-07T02:39:38Z,1.0000
KXMLBGAME-26AUG061940MINKC-KC,KXMLBGAME-26AUG061940MINKC,no,1197391.40,0.0000,2026-08-07T02:39:38Z,1.0000
KXMLBGAME-26AUG061910CWSBOS-CWS,KXMLBGAME-26AUG061910CWSBOS,no,7913892.98,0.0000,2026-08-07T03:44:34Z,1.0000
KXMLBGAME-26AUG061910CWSBOS-BOS,KXMLBGAME-26AUG061910CWSBOS,yes,12556794.24,0.0000,2026-08-07T03:44:34Z,1.0000
KXMLBGAME-26AUG061915MIAATL-MIA,KXMLBGAME-26AUG061915MIAATL,no,1245231.39,0.0000,2026-08-07T03:14:31Z,1.0000
KXMLBGAME-26AUG061915MIAATL-ATL,KXMLBGAME-26AUG061915MIAATL,yes,2088514.91,0.0000,2026-08-07T03:14:31Z,1.0000
KXMLBGAME-26AUG061805WSHPHI-WSH,KXMLBGAME-26AUG061805WSHPHI,no,3582820.08,0.0000,2026-08-07T00:54:26Z,1.0000
KXMLBGAME-26AUG061805WSHPHI-PHI,KXMLBGAME-26AUG061805WSHPHI,yes,1266520.62,0.0000,2026-08-07T00:54:26Z,1.0000
KXMLBGAME-26AUG061610DETSEA-SEA,KXMLBGAME-26AUG061610DETSEA,no,1971640.12,0.0000,2026-08-06T23:00:04Z,1.0000
KXMLBGAME-26AUG061610DETSEA-DET,KXMLBGAME-26AUG061610DETSEA,yes,1358850.15,0.0000,2026-08-06T23:00:04Z,1.0000
KXMLBGAME-26AUG061420TORCHC-TOR,KXMLBGAME-26AUG061420TORCHC,no,4346308.38,0.0000,2026-08-06T21:49:41Z,1.0000
KXMLBGAME-26AUG061420TORCHC-CHC,KXMLBGAME-26AUG061420TORCHC,yes,5482173.05,0.0000,2026-08-06T21:49:41Z,1.0000
KXMLBGAME-26AUG061410PITMIL-PIT,KXMLBGAME-26AUG061410PITMIL,no,2204009.32,0.0000,2026-08-06T20:44:32Z,1.0000
KXMLBGAME-26AUG061410PITMIL-MIL,KXMLBGAME-26AUG061410PITMIL,yes,1646771.50,0.0000,2026-08-06T20:44:32Z,1.0000
KXMLBGAME-26AUG061310NYMCLE-NYM,KXMLBGAME-26AUG061310NYMCLE,yes,1082487.84,0.0000,2026-08-06T20:19:37Z,1.0000
KXMLBGAME-26AUG061310NYMCLE-CLE,KXMLBGAME-26AUG061310NYMCLE,no,1852563.70,0.0000,2026-08-06T20:19:37Z,1.0000
KXMLBGAME-26AUG061235LAABAL-LAA,KXMLBGAME-26AUG061235LAABAL,yes,2183622.44,0.0000,2026-08-06T19:34:31Z,1.0000
KXMLBGAME-26AUG061235LAABAL-BAL,KXMLBGAME-26AUG061235LAABAL,no,5805625.15,0.0000,2026-08-06T19:34:31Z,1.0000
KXMLBGAME-26AUG061240ATHCIN-CIN,KXMLBGAME-26AUG061240ATHCIN,yes,1407461.09,0.0000,2026-08-06T19:29:42Z,1.0000
KXMLBGAME-26AUG061240ATHCIN-ATH,KXMLBGAME-26AUG061240ATHCIN,no,1298292.70,0.0000,2026-08-06T19:29:42Z,1.0000
KXMLBGAME-26AUG052140DETSEA-SEA,KXMLBGAME-26AUG052140DETSEA,yes,4016563.55,0.0000,2026-08-06T04:09:34Z,1.0000
KXMLBGAME-26AUG052140DETSEA-DET,KXMLBGAME-26AUG052140DETSEA,no,3918413.61,0.0000,2026-08-06T04:09:34Z,1.0000
KXMLBGAME-26AUG052140SDAZ-SD,KXMLBGAME-26AUG052140SDAZ,no,3466634.44,0.0000,2026-08-06T04:39:33Z,1.0000
KXMLBGAME-26AUG052140SDAZ-AZ,KXMLBGAME-26AUG052140SDAZ,yes,1219748.25,0.0000,2026-08-06T04:39:33Z,1.0000
KXMLBGAME-26AUG051940MINKC-MIN,KXMLBGAME-26AUG051940MINKC,no,680696.54,0.0000,2026-08-06T01:59:44Z,1.0000
KXMLBGAME-26AUG051940MINKC-KC,KXMLBGAME-26AUG051940MINKC,yes,797124.19,0.0000,2026-08-06T01:59:44Z,1.0000
KXMLBGAME-26AUG051940PITMIL-PIT,KXMLBGAME-26AUG051940PITMIL,no,1121032.44,0.0000,2026-08-06T02:34:29Z,1.0000
KXMLBGAME-26AUG051940PITMIL-MIL,KXMLBGAME-26AUG051940PITMIL,yes,1451172.64,0.0000,2026-08-06T02:34:29Z,1.0000
KXMLBGAME-26AUG051910CWSBOS-CWS,KXMLBGAME-26AUG051910CWSBOS,no,1321396.99,0.0000,2026-08-06T01:54:28Z,1.0000
KXMLBGAME-26AUG051910CWSBOS-BOS,KXMLBGAME-26AUG051910CWSBOS,yes,3465721.38,0.0000,2026-08-06T01:54:28Z,1.0000
KXMLBGAME-26AUG051905STLNYY-STL,KXMLBGAME-26AUG051905STLNYY,yes,2563129.97,0.0000,2026-08-06T03:44:27Z,1.0000
KXMLBGAME-26AUG051905STLNYY-NYY,KXMLBGAME-26AUG051905STLNYY,no,3440928.36,0.0000,2026-08-06T03:44:27Z,1.0000
KXMLBGAME-26AUG051915MIAATL-MIA,KXMLBGAME-26AUG051915MIAATL,no,978340.19,0.0000,2026-08-06T01:44:29Z,1.0000
KXMLBGAME-26AUG051915MIAATL-ATL,KXMLBGAME-26AUG051915MIAATL,yes,2041838.87,0.0000,2026-08-06T01:44:29Z,1.0000
KXMLBGAME-26AUG051840NYMCLE-NYM,KXMLBGAME-26AUG051840NYMCLE,yes,3021049.71,0.0000,2026-08-06T02:04:28Z,1.0000
KXMLBGAME-26AUG051840NYMCLE-CLE,KXMLBGAME-26AUG051840NYMCLE,no,3248382.90,0.0000,2026-08-06T02:04:28Z,1.0000
KXMLBGAME-26AUG051840ATHCIN-CIN,KXMLBGAME-26AUG051840ATHCIN,yes,1052587.63,0.0000,2026-08-06T01:09:40Z,1.0000
KXMLBGAME-26AUG051840ATHCIN-ATH,KXMLBGAME-26AUG051840ATHCIN,no,855954.22,0.0000,2026-08-06T01:09:40Z,1.0000
KXMLBGAME-26AUG051835LAABAL-LAA,KXMLBGAME-26AUG051835LAABAL,no,1078006.83,0.0000,2026-08-06T01:09:40Z,1.0000
KXMLBGAME-26AUG051835LAABAL-BAL,KXMLBGAME-26AUG051835LAABAL,yes,1803401.72,0.0000,2026-08-06T01:09:40Z,1.0000
KXMLBGAME-26AUG051840WSHPHI-WSH,KXMLBGAME-26AUG051840WSHPHI,yes,4566401.70,0.0000,2026-08-06T02:59:41Z,1.0000
KXMLBGAME-26AUG051840WSHPHI-PHI,KXMLBGAME-26AUG051840WSHPHI,no,4887970.22,0.0000,2026-08-06T02:59:41Z,1.0000
KXMLBGAME-26AUG051510TBCOL-TB,KXMLBGAME-26AUG051510TBCOL,yes,2076437.83,0.0000,2026-08-05T21:54:32Z,1.0000
KXMLBGAME-26AUG051510TBCOL-COL,KXMLBGAME-26AUG051510TBCOL,no,1054185.33,0.0000,2026-08-05T21:54:32Z,1.0000
KXMLBGAME-26AUG051435SFTEX-TEX,KXMLBGAME-26AUG051435SFTEX,yes,775420.08,0.0000,2026-08-05T21:19:47Z,1.0000
KXMLBGAME-26AUG051435SFTEX-SF,KXMLBGAME-26AUG051435SFTEX,no,917651.94,0.0000,2026-08-05T21:19:47Z,1.0000
KXMLBGAME-26AUG051420LADCHC-LAD,KXMLBGAME-26AUG051420LADCHC,no,8303535.26,0.0000,2026-08-05T21:29:42Z,1.0000
KXMLBGAME-26AUG051420LADCHC-CHC,KXMLBGAME-26AUG051420LADCHC,yes,2821131.20,0.0000,2026-08-05T21:29:42Z,1.0000
KXMLBGAME-26AUG051410TORHOU-TOR,KXMLBGAME-26AUG051410TORHOU,yes,3436281.60,0.0000,2026-08-05T21:15:36Z,1.0000
KXMLBGAME-26AUG051410TORHOU-HOU,KXMLBGAME-26AUG051410TORHOU,no,3389738.76,0.0000,2026-08-05T21:15:36Z,1.0000
KXMLBGAME-26AUG042140DETSEA-SEA,KXMLBGAME-26AUG042140DETSEA,no,1911546.29,0.0000,2026-08-05T04:14:26Z,1.0000
KXMLBGAME-26AUG042140DETSEA-DET,KXMLBGAME-26AUG042140DETSEA,yes,1555767.72,0.0000,2026-08-05T04:14:26Z,1.0000
KXMLBGAME-26AUG042140SDAZ-SD,KXMLBGAME-26AUG042140SDAZ,yes,1632104.07,0.0000,2026-08-05T04:34:25Z,1.0000
KXMLBGAME-26AUG042140SDAZ-AZ,KXMLBGAME-26AUG042140SDAZ,no,3398740.93,0.0000,2026-08-05T04:34:25Z,1.0000
KXMLBGAME-26AUG042040TBCOL-TB,KXMLBGAME-26AUG042040TBCOL,yes,6417275.44,0.0000,2026-08-05T04:04:27Z,1.0000
KXMLBGAME-26AUG042040TBCOL-COL,KXMLBGAME-26AUG042040TBCOL,no,4721594.22,0.0000,2026-08-05T04:04:27Z,1.0000
KXMLBGAME-26AUG042005SFTEX-TEX,KXMLBGAME-26AUG042005SFTEX,yes,1697046.52,0.0000,2026-08-05T03:09:34Z,1.0000
KXMLBGAME-26AUG042005SFTEX-SF,KXMLBGAME-26AUG042005SFTEX,no,2825573.46,0.0000,2026-08-05T03:09:34Z,1.0000
KXMLBGAME-26AUG042010TORHOU-TOR,KXMLBGAME-26AUG042010TORHOU,no,837753.14,0.0000,2026-08-05T02:49:39Z,1.0000
KXMLBGAME-26AUG042010TORHOU-HOU,KXMLBGAME-26AUG042010TORHOU,yes,1439671.26,0.0000,2026-08-05T02:49:39Z,1.0000
KXMLBGAME-26AUG042005LADCHC-LAD,KXMLBGAME-26AUG042005LADCHC,no,4647564.78,0.0000,2026-08-05T02:44:38Z,1.0000
KXMLBGAME-26AUG042005LADCHC-CHC,KXMLBGAME-26AUG042005LADCHC,yes,3387288.26,0.0000,2026-08-05T02:44:38Z,1.0000
KXMLBGAME-26AUG041940PITMIL-PIT,KXMLBGAME-26AUG041940PITMIL,no,862421.45,0.0000,2026-08-05T02:14:38Z,1.0000
KXMLBGAME-26AUG041940PITMIL-MIL,KXMLBGAME-26AUG041940PITMIL,yes,1488820.36,0.0000,2026-08-05T02:14:38Z,1.0000
KXMLBGAME-26AUG041940MINKC-MIN,KXMLBGAME-26AUG041940MINKC,no,864290.21,0.0000,2026-08-05T02:34:29Z,1.0000
KXMLBGAME-26AUG041940MINKC-KC,KXMLBGAME-26AUG041940MINKC,yes,771920.71,0.0000,2026-08-05T02:34:29Z,1.0000
KXMLBGAME-26AUG041910CWSBOS-CWS,KXMLBGAME-26AUG041910CWSBOS,no,988267.00,0.0000,2026-08-05T01:59:55Z,1.0000
KXMLBGAME-26AUG041910CWSBOS-BOS,KXMLBGAME-26AUG041910CWSBOS,yes,1955531.42,0.0000,2026-08-05T01:59:55Z,1.0000
KXMLBGAME-26AUG041905STLNYY-STL,KXMLBGAME-26AUG041905STLNYY,no,1220327.88,0.0000,2026-08-05T01:34:28Z,1.0000
KXMLBGAME-26AUG041905STLNYY-NYY,KXMLBGAME-26AUG041905STLNYY,yes,1673282.16,0.0000,2026-08-05T01:34:28Z,1.0000
KXMLBGAME-26AUG041915MIAATL-MIA,KXMLBGAME-26AUG041915MIAATL,no,753444.34,0.0000,2026-08-05T01:39:42Z,1.0000
KXMLBGAME-26AUG041915MIAATL-ATL,KXMLBGAME-26AUG041915MIAATL,yes,1929611.69,0.0000,2026-08-05T01:39:42Z,1.0000
KXMLBGAME-26AUG041840WSHPHI-WSH,KXMLBGAME-26AUG041840WSHPHI,no,1477261.64,0.0000,2026-08-05T01:04:35Z,1.0000
KXMLBGAME-26AUG041840WSHPHI-PHI,KXMLBGAME-26AUG041840WSHPHI,yes,795786.25,0.0000,2026-08-05T01:04:35Z,1.0000
KXMLBGAME-26AUG041840ATHCIN-CIN,KXMLBGAME-26AUG041840ATHCIN,yes,2556941.57,0.0000,2026-08-05T01:24:34Z,1.0000
KXMLBGAME-26AUG041840ATHCIN-ATH,KXMLBGAME-26AUG041840ATHCIN,no,1894720.44,0.0000,2026-08-05T01:24:34Z,1.0000
KXMLBGAME-26AUG041840NYMCLE-NYM,KXMLBGAME-26AUG041840NYMCLE,yes,975046.05,0.0000,2026-08-05T01:19:39Z,1.0000
KXMLBGAME-26AUG041840NYMCLE-CLE,KXMLBGAME-26AUG041840NYMCLE,no,1796487.13,0.0000,2026-08-05T01:19:39Z,1.0000
KXMLBGAME-26AUG041835LAABAL-LAA,KXMLBGAME-26AUG041835LAABAL,no,1153699.62,0.0000,2026-08-05T00:59:47Z,1.0000
KXMLBGAME-26AUG041835LAABAL-BAL,KXMLBGAME-26AUG041835LAABAL,yes,2463235.50,0.0000,2026-08-05T00:59:47Z,1.0000
KXMLBGAME-26AUG032140SDAZ-SD,KXMLBGAME-26AUG032140SDAZ,no,4506483.45,0.0000,2026-08-04T04:19:47Z,1.0000
KXMLBGAME-26AUG032140SDAZ-AZ,KXMLBGAME-26AUG032140SDAZ,yes,3505073.46,0.0000,2026-08-04T04:19:47Z,1.0000
KXMLBGAME-26AUG032040TBCOL-TB,KXMLBGAME-26AUG032040TBCOL,yes,1843578.68,0.0000,2026-08-04T03:24:30Z,1.0000
KXMLBGAME-26AUG032040TBCOL-COL,KXMLBGAME-26AUG032040TBCOL,no,1380216.14,0.0000,2026-08-04T03:24:30Z,1.0000
KXMLBGAME-26AUG032005SFTEX-TEX,KXMLBGAME-26AUG032005SFTEX,no,2919692.70,0.0000,2026-08-04T03:09:35Z,1.0000
KXMLBGAME-26AUG032005SFTEX-SF,KXMLBGAME-26AUG032005SFTEX,yes,1414683.92,0.0000,2026-08-04T03:09:35Z,1.0000
KXMLBGAME-26AUG032005LADCHC-LAD,KXMLBGAME-26AUG032005LADCHC,no,5172753.88,0.0000,2026-08-04T02:49:33Z,1.0000
KXMLBGAME-26AUG032005LADCHC-CHC,KXMLBGAME-26AUG032005LADCHC,yes,1654714.82,0.0000,2026-08-04T02:49:33Z,1.0000
KXMLBGAME-26AUG032010TORHOU-TOR,KXMLBGAME-26AUG032010TORHOU,yes,1112031.40,0.0000,2026-08-04T02:44:31Z,1.0000
KXMLBGAME-26AUG032010TORHOU-HOU,KXMLBGAME-26AUG032010TORHOU,no,2627412.61,0.0000,2026-08-04T02:44:31Z,1.0000
KXMLBGAME-26AUG031940PITMIL-PIT,KXMLBGAME-26AUG031940PITMIL,yes,1599217.10,0.0000,2026-08-04T02:29:46Z,1.0000
KXMLBGAME-26AUG031940PITMIL-MIL,KXMLBGAME-26AUG031940PITMIL,no,3321154.58,0.0000,2026-08-04T02:29:46Z,1.0000
KXMLBGAME-26AUG031905STLNYY-STL,KXMLBGAME-26AUG031905STLNYY,yes,3153339.93,0.0000,2026-08-04T02:39:36Z,1.0000
KXMLBGAME-26AUG031905STLNYY-NYY,KXMLBGAME-26AUG031905STLNYY,no,4545530.34,0.0000,2026-08-04T02:39:36Z,1.0000
KXMLBGAME-26AUG031840WSHPHI-WSH,KXMLBGAME-26AUG031840WSHPHI,no,2338220.34,0.0000,2026-08-04T01:24:37Z,1.0000
KXMLBGAME-26AUG031840WSHPHI-PHI,KXMLBGAME-26AUG031840WSHPHI,yes,3080642.68,0.0000,2026-08-04T01:24:37Z,1.0000
KXMLBGAME-26AUG021920BOSLAD-LAD,KXMLBGAME-26AUG021920BOSLAD,no,9298231.63,0.0000,2026-08-03T02:34:34Z,1.0000
KXMLBGAME-26AUG021920BOSLAD-BOS,KXMLBGAME-26AUG021920BOSLAD,yes,8116584.81,0.0000,2026-08-03T02:34:34Z,1.0000
KXMLBGAME-26AUG021605DETATH-DET,KXMLBGAME-26AUG021605DETATH,yes,1696327.25,0.0000,2026-08-02T23:24:25Z,1.0000
KXMLBGAME-26AUG021605DETATH-ATH,KXMLBGAME-26AUG021605DETATH,no,892282.03,0.0000,2026-08-02T23:24:25Z,1.0000
KXMLBGAME-26AUG021610MINSEA-SEA,KXMLBGAME-26AUG021610MINSEA,yes,2171783.81,0.0000,2026-08-02T23:09:34Z,1.0000
KXMLBGAME-26AUG021610MINSEA-MIN,KXMLBGAME-26AUG021610MINSEA,no,3787007.57,0.0000,2026-08-02T23:09:34Z,1.0000
KXMLBGAME-26AUG021610SFSD-SF,KXMLBGAME-26AUG021610SFSD,no,3706537.19,0.0000,2026-08-02T23:19:31Z,1.0000
KXMLBGAME-26AUG021610SFSD-SD,KXMLBGAME-26AUG021610SFSD,yes,3115432.86,0.0000,2026-08-02T23:19:31Z,1.0000
KXMLBGAME-26AUG021515MILLAA-MIL,KXMLBGAME-26AUG021515MILLAA,no,4409376.79,0.0000,2026-08-02T21:44:28Z,1.0000
KXMLBGAME-26AUG021515MILLAA-LAA,KXMLBGAME-26AUG021515MILLAA,yes,1356559.63,0.0000,2026-08-02T21:44:28Z,1.0000
KXMLBGAME-26AUG021510KCCOL-KC,KXMLBGAME-26AUG021510KCCOL,no,884828.06,0.0000,2026-08-02T21:39:37Z,1.0000
KXMLBGAME-26AUG021510KCCOL-COL,KXMLBGAME-26AUG021510KCCOL,yes,599815.56,0.0000,2026-08-02T21:39:37Z,1.0000
KXMLBGAME-26AUG021420NYYCHC-NYY,KXMLBGAME-26AUG021420NYYCHC,yes,1314187.35,0.0000,2026-08-02T21:14:28Z,1.0000
KXMLBGAME-26AUG021420NYYCHC-CHC,KXMLBGAME-26AUG021420NYYCHC,no,1508164.37,0.0000,2026-08-02T21:14:28Z,1.0000
KXMLBGAME-26AUG021410TEXHOU-TEX,KXMLBGAME-26AUG021410TEXHOU,no,1312737.94,0.0000,2026-08-02T21:14:29Z,1.0000
KXMLBGAME-26AUG021410TEXHOU-HOU,KXMLBGAME-26AUG021410TEXHOU,yes,1847892.49,0.0000,2026-08-02T21:14:29Z,1.0000
KXMLBGAME-26AUG021337STLTOR-TOR,KXMLBGAME-26AUG021337STLTOR,no,1149972.64,0.0000,2026-08-02T20:19:38Z,1.0000
KXMLBGAME-26AUG021337STLTOR-STL,KXMLBGAME-26AUG021337STLTOR,yes,1412215.31,0.0000,2026-08-02T20:19:38Z,1.0000
KXMLBGAME-26AUG021335WSHATL-WSH,KXMLBGAME-26AUG021335WSHATL,no,1969016.03,0.0000,2026-08-02T20:04:31Z,1.0000
KXMLBGAME-26AUG021335WSHATL-ATL,KXMLBGAME-26AUG021335WSHATL,yes,2061183.80,0.0000,2026-08-02T20:04:31Z,1.0000
KXMLBGAME-26AUG021340MIANYM-NYM,KXMLBGAME-26AUG021340MIANYM,no,1159955.52,0.0000,2026-08-02T20:24:30Z,1.0000
KXMLBGAME-26AUG021340MIANYM-MIA,KXMLBGAME-26AUG021340MIANYM,yes,2870619.34,0.0000,2026-08-02T20:24:30Z,1.0000
KXMLBGAME-26AUG021335PHIBAL-PHI,KXMLBGAME-26AUG021335PHIBAL,yes,3680903.21,0.0000,2026-08-02T21:56:38Z,1.0000
KXMLBGAME-26AUG021335PHIBAL-BAL,KXMLBGAME-26AUG021335PHIBAL,no,2033935.01,0.0000,2026-08-02T21:56:38Z,1.0000
KXMLBGAME-26AUG021340PITCIN-PIT,KXMLBGAME-26AUG021340PITCIN,no,1694132.78,0.0000,2026-08-02T21:04:31Z,1.0000
KXMLBGAME-26AUG021340PITCIN-CIN,KXMLBGAME-26AUG021340PITCIN,yes,1290509.04,0.0000,2026-08-02T21:04:31Z,1.0000
KXMLBGAME-26AUG021340CWSTB-TB,KXMLBGAME-26AUG021340CWSTB,no,1352959.97,0.0000,2026-08-02T20:29:50Z,1.0000
KXMLBGAME-26AUG021340CWSTB-CWS,KXMLBGAME-26AUG021340CWSTB,yes,1086401.53,0.0000,2026-08-02T20:29:50Z,1.0000
KXMLBGAME-26AUG021340AZCLE-CLE,KXMLBGAME-26AUG021340AZCLE,yes,930948.55,0.0000,2026-08-02T21:56:26Z,1.0000
KXMLBGAME-26AUG021340AZCLE-AZ,KXMLBGAME-26AUG021340AZCLE,no,2009820.60,0.0000,2026-08-02T21:56:26Z,1.0000
KXMLBGAME-26AUG012140DETATH-DET,KXMLBGAME-26AUG012140DETATH,yes,3706085.38,0.0000,2026-08-02T04:54:25Z,1.0000
KXMLBGAME-26AUG012140DETATH-ATH,KXMLBGAME-26AUG012140DETATH,no,3303455.95,0.0000,2026-08-02T04:54:25Z,1.0000
KXMLBGAME-26AUG012138MILLAA-MIL,KXMLBGAME-26AUG012138MILLAA,yes,6267530.07,0.0000,2026-08-02T04:19:36Z,1.0000
KXMLBGAME-26AUG012138MILLAA-LAA,KXMLBGAME-26AUG012138MILLAA,no,3129689.26,0.0000,2026-08-02T04:19:36Z,1.0000
KXMLBGAME-26AUG012110BOSLAD-LAD,KXMLBGAME-26AUG012110BOSLAD,no,4959057.13,0.0000,2026-08-02T03:24:27Z,1.0000
KXMLBGAME-26AUG012110BOSLAD-BOS,KXMLBGAME-26AUG012110BOSLAD,yes,3736486.10,0.0000,2026-08-02T03:24:27Z,1.0000
KXMLBGAME-26AUG012040SFSD-SF,KXMLBGAME-26AUG012040SFSD,no,5171102.04,0.0000,2026-08-02T03:39:31Z,1.0000
KXMLBGAME-26AUG012040SFSD-SD,KXMLBGAME-26AUG012040SFSD,yes,2639120.92,0.0000,2026-08-02T03:39:31Z,1.0000
KXMLBGAME-26AUG012010KCCOL-KC,KXMLBGAME-26AUG012010KCCOL,no,1773646.89,0.0000,2026-08-02T03:14:30Z,1.0000
KXMLBGAME-26AUG012010KCCOL-COL,KXMLBGAME-26AUG012010KCCOL,yes,1382837.28,0.0000,2026-08-02T03:14:30Z,1.0000
KXMLBGAME-26AUG011915AZCLE-CLE,KXMLBGAME-26AUG011915AZCLE,no,2256369.76,0.0000,2026-08-02T02:59:45Z,1.0000
KXMLBGAME-26AUG011915AZCLE-AZ,KXMLBGAME-26AUG011915AZCLE,yes,3436240.78,0.0000,2026-08-02T02:59:45Z,1.0000
KXMLBGAME-26AUG011915NYYCHC-NYY,KXMLBGAME-26AUG011915NYYCHC,no,5102372.93,0.0000,2026-08-02T02:09:38Z,1.0000
KXMLBGAME-26AUG011915NYYCHC-CHC,KXMLBGAME-26AUG011915NYYCHC,yes,2922008.71,0.0000,2026-08-02T02:09:38Z,1.0000
KXMLBGAME-26AUG011915WSHATL-WSH,KXMLBGAME-26AUG011915WSHATL,no,1129975.93,0.0000,2026-08-02T01:44:31Z,1.0000
KXMLBGAME-26AUG011915WSHATL-ATL,KXMLBGAME-26AUG011915WSHATL,yes,1411157.59,0.0000,2026-08-02T01:44:31Z,1.0000
KXMLBGAME-26AUG011905PHIBAL-PHI,KXMLBGAME-26AUG011905PHIBAL,yes,3234147.81,0.0000,2026-08-02T02:09:36Z,1.0000
KXMLBGAME-26AUG011905PHIBAL-BAL,KXMLBGAME-26AUG011905PHIBAL,no,1768678.55,0.0000,2026-08-02T02:09:36Z,1.0000
KXMLBGAME-26AUG011910TEXHOU-TEX,KXMLBGAME-26AUG011910TEXHOU,no,2808101.58,0.0000,2026-08-02T02:14:29Z,1.0000
KXMLBGAME-26AUG011910TEXHOU-HOU,KXMLBGAME-26AUG011910TEXHOU,yes,1942044.74,0.0000,2026-08-02T02:14:29Z,1.0000
KXMLBGAME-26AUG011840PITCIN-PIT,KXMLBGAME-26AUG011840PITCIN,yes,2011485.44,0.0000,2026-08-02T03:09:32Z,1.0000
KXMLBGAME-26AUG011840PITCIN-CIN,KXMLBGAME-26AUG011840PITCIN,no,1573545.97,0.0000,2026-08-02T03:09:32Z,1.0000
KXMLBGAME-26AUG011610CWSTB-TB,KXMLBGAME-26AUG011610CWSTB,yes,1444292.15,0.0000,2026-08-01T22:29:56Z,1.0000
KXMLBGAME-26AUG011610CWSTB-CWS,KXMLBGAME-26AUG011610CWSTB,no,1679457.90,0.0000,2026-08-01T22:29:56Z,1.0000
KXMLBGAME-26AUG011610MIANYM-NYM,KXMLBGAME-26AUG011610MIANYM,no,1699318.02,0.0000,2026-08-01T23:34:30Z,1.0000
KXMLBGAME-26AUG011610MIANYM-MIA,KXMLBGAME-26AUG011610MIANYM,yes,2034838.69,0.0000,2026-08-01T23:34:30Z,1.0000
KXMLBGAME-26AUG011610MINSEA-SEA,KXMLBGAME-26AUG011610MINSEA,yes,3117954.83,0.0000,2026-08-01T23:24:31Z,1.0000
KXMLBGAME-26AUG011610MINSEA-MIN,KXMLBGAME-26AUG011610MINSEA,no,5130046.37,0.0000,2026-08-01T23:24:31Z,1.0000
KXMLBGAME-26AUG011507STLTOR-TOR,KXMLBGAME-26AUG011507STLTOR,yes,2296980.72,0.0000,2026-08-01T21:54:28Z,1.0000
KXMLBGAME-26AUG011507STLTOR-STL,KXMLBGAME-26AUG011507STLTOR,no,4874504.82,0.0000,2026-08-01T21:54:28Z,1.0000
KXMLBGAME-26JUL312210BOSLAD-LAD,KXMLBGAME-26JUL312210BOSLAD,no,8864200.41,0.0000,2026-08-01T05:14:23Z,1.0000
KXMLBGAME-26JUL312210BOSLAD-BOS,KXMLBGAME-26JUL312210BOSLAD,yes,5360999.01,0.0000,2026-08-01T05:14:23Z,1.0000
KXMLBGAME-26JUL312210MINSEA-SEA,KXMLBGAME-26JUL312210MINSEA,no,2748140.09,0.0000,2026-08-01T05:04:29Z,1.0000
KXMLBGAME-26JUL312210MINSEA-MIN,KXMLBGAME-26JUL312210MINSEA,yes,3215847.67,0.0000,2026-08-01T05:04:29Z,1.0000
KXMLBGAME-26JUL312138MILLAA-MIL,KXMLBGAME-26JUL312138MILLAA,yes,4700767.02,0.0000,2026-08-01T04:39:32Z,1.0000
KXMLBGAME-26JUL312138MILLAA-LAA,KXMLBGAME-26JUL312138MILLAA,no,1763476.74,0.0000,2026-08-01T04:39:32Z,1.0000
KXMLBGAME-26JUL312145SFSD-SF,KXMLBGAME-26JUL312145SFSD,no,1333382.05,0.0000,2026-08-01T04:24:29Z,1.0000
KXMLBGAME-26JUL312145SFSD-SD,KXMLBGAME-26JUL312145SFSD,yes,1140995.70,0.0000,2026-08-01T04:24:29Z,1.0000
KXMLBGAME-26JUL312140DETATH-DET,KXMLBGAME-26JUL312140DETATH,yes,2689416.38,0.0000,2026-08-01T04:29:40Z,1.0000
KXMLBGAME-26JUL312140DETATH-ATH,KXMLBGAME-26JUL312140DETATH,no,1403267.33,0.0000,2026-08-01T04:29:40Z,1.0000
KXMLBGAME-26JUL312040KCCOL-KC,KXMLBGAME-26JUL312040KCCOL,no,1450116.30,0.0000,2026-08-01T03:54:28Z,1.0000
KXMLBGAME-26JUL312040KCCOL-COL,KXMLBGAME-26JUL312040KCCOL,yes,1118597.49,0.0000,2026-08-01T03:54:28Z,1.0000
KXMLBGAME-26JUL312015TEXHOU-TEX,KXMLBGAME-26JUL312015TEXHOU,no,2679181.22,0.0000,2026-08-01T03:24:30Z,1.0000
KXMLBGAME-26JUL312015TEXHOU-HOU,KXMLBGAME-26JUL312015TEXHOU,yes,1516857.24,0.0000,2026-08-01T03:24:30Z,1.0000
KXMLBGAME-26JUL311907STLTOR-TOR,KXMLBGAME-26JUL311907STLTOR,yes,1960176.31,0.0000,2026-08-01T01:49:38Z,1.0000
KXMLBGAME-26JUL311907STLTOR-STL,KXMLBGAME-26JUL311907STLTOR,no,2488525.12,0.0000,2026-08-01T01:49:38Z,1.0000
KXMLBGAME-26JUL311910CWSTB-TB,KXMLBGAME-26JUL311910CWSTB,no,3497448.72,0.0000,2026-08-01T01:44:33Z,1.0000
KXMLBGAME-26JUL311910CWSTB-CWS,KXMLBGAME-26JUL311910CWSTB,yes,1193184.93,0.0000,2026-08-01T01:44:33Z,1.0000
KXMLBGAME-26JUL311905PHIBAL-PHI,KXMLBGAME-26JUL311905PHIBAL,no,2210816.35,0.0000,2026-08-01T01:49:39Z,1.0000
KXMLBGAME-26JUL311905PHIBAL-BAL,KXMLBGAME-26JUL311905PHIBAL,yes,2150497.60,0.0000,2026-08-01T01:49:39Z,1.0000
KXMLBGAME-26JUL311910AZCLE-CLE,KXMLBGAME-26JUL311910AZCLE,no,967139.18,0.0000,2026-08-01T01:49:37Z,1.0000
KXMLBGAME-26JUL311910AZCLE-AZ,KXMLBGAME-26JUL311910AZCLE,yes,1404038.25,0.0000,2026-08-01T01:49:37Z,1.0000
KXMLBGAME-26JUL311910MIANYM-NYM,KXMLBGAME-26JUL311910MIANYM,no,1456393.09,0.0000,2026-08-01T01:59:50Z,1.0000
KXMLBGAME-26JUL311910MIANYM-MIA,KXMLBGAME-26JUL311910MIANYM,yes,1831993.59,0.0000,2026-08-01T01:59:50Z,1.0000
KXMLBGAME-26JUL311915WSHATL-WSH,KXMLBGAME-26JUL311915WSHATL,no,1779767.08,0.0000,2026-08-01T01:59:50Z,1.0000
KXMLBGAME-26JUL311915WSHATL-ATL,KXMLBGAME-26JUL311915WSHATL,yes,877647.11,0.0000,2026-08-01T01:59:50Z,1.0000
KXMLBGAME-26JUL311810PITCIN-PIT,KXMLBGAME-26JUL311810PITCIN,no,7574475.15,0.0000,2026-08-01T01:14:37Z,1.0000
KXMLBGAME-26JUL311810PITCIN-CIN,KXMLBGAME-26JUL311810PITCIN,yes,4122279.49,0.0000,2026-08-01T01:14:37Z,1.0000
KXMLBGAME-26JUL311420NYYCHC-NYY,KXMLBGAME-26JUL311420NYYCHC,yes,4155222.34,0.0000,2026-07-31T20:54:29Z,1.0000
KXMLBGAME-26JUL311420NYYCHC-CHC,KXMLBGAME-26JUL311420NYYCHC,no,6433764.80,0.0000,2026-07-31T20:54:29Z,1.0000
KXMLBGAME-26JUL302210SEALAD-SEA,KXMLBGAME-26JUL302210SEALAD,no,3241300.83,0.0000,2026-07-31T05:04:24Z,1.0000
KXMLBGAME-26JUL302210SEALAD-LAD,KXMLBGAME-26JUL302210SEALAD,yes,3769355.74,0.0000,2026-07-31T05:04:24Z,1.0000
KXMLBGAME-26JUL302140BOSATH-BOS,KXMLBGAME-26JUL302140BOSATH,yes,7017442.19,0.0000,2026-07-31T04:09:33Z,1.0000
KXMLBGAME-26JUL302140BOSATH-ATH,KXMLBGAME-26JUL302140BOSATH,no,3052171.57,0.0000,2026-07-31T04:09:33Z,1.0000
KXMLBGAME-26JUL302140SFSD-SF,KXMLBGAME-26JUL302140SFSD,yes,2428624.44,0.0000,2026-07-31T04:39:34Z,1.0000
KXMLBGAME-26JUL302140SFSD-SD,KXMLBGAME-26JUL302140SFSD,no,3619684.86,0.0000,2026-07-31T04:39:34Z,1.0000
KXMLBGAME-26JUL301910MIANYM-NYM,KXMLBGAME-26JUL301910MIANYM,yes,3676294.96,0.0000,2026-07-31T03:09:31Z,1.0000
KXMLBGAME-26JUL301910MIANYM-MIA,KXMLBGAME-26JUL301910MIANYM,no,5726059.74,0.0000,2026-07-31T03:09:31Z,1.0000
KXMLBGAME-26JUL301915WSHATL-WSH,KXMLBGAME-26JUL301915WSHATL,no,2797831.89,0.0000,2026-07-31T01:44:28Z,1.0000
KXMLBGAME-26JUL301915WSHATL-ATL,KXMLBGAME-26JUL301915WSHATL,yes,3865963.80,0.0000,2026-07-31T01:44:28Z,1.0000
KXMLBGAME-26JUL301910PITCIN-PIT,KXMLBGAME-26JUL301910PITCIN,no,6866232.79,0.0000,2026-07-31T02:19:33Z,1.0000
KXMLBGAME-26JUL301910PITCIN-CIN,KXMLBGAME-26JUL301910PITCIN,yes,2990288.82,0.0000,2026-07-31T02:19:33Z,1.0000
KXMLBGAME-26JUL301415CHCSTL-STL,KXMLBGAME-26JUL301415CHCSTL,no,3016914.28,0.0000,2026-07-30T21:24:27Z,1.0000
KXMLBGAME-26JUL301415CHCSTL-CHC,KXMLBGAME-26JUL301415CHCSTL,yes,3491166.89,0.0000,2026-07-30T21:24:27Z,1.0000
KXMLBGAME-26JUL301410NYYCWS-NYY,KXMLBGAME-26JUL301410NYYCWS,no,7571557.41,0.0000,2026-07-30T21:34:29Z,1.0000
KXMLBGAME-26JUL301410NYYCWS-CWS,KXMLBGAME-26JUL301410NYYCWS,yes,6902473.09,0.0000,2026-07-30T21:34:29Z,1.0000
KXMLBGAME-26JUL301340KCMIN-MIN,KXMLBGAME-26JUL301340KCMIN,yes,3297607.68,0.0000,2026-07-30T20:09:33Z,1.0000
KXMLBGAME-26JUL301340KCMIN-KC,KXMLBGAME-26JUL301340KCMIN,no,2153438.18,0.0000,2026-07-30T20:09:33Z,1.0000
KXMLBGAME-26JUL301210TEXTB-TEX,KXMLBGAME-26JUL301210TEXTB,no,3581916.93,0.0000,2026-07-30T19:04:27Z,1.0000
KXMLBGAME-26JUL301210TEXTB-TB,KXMLBGAME-26JUL301210TEXTB,yes,5689685.64,0.0000,2026-07-30T19:04:27Z,1.0000
KXMLBGAME-26JUL292210SEALAD-SEA,KXMLBGAME-26JUL292210SEALAD,no,2450110.49,0.0000,2026-07-30T04:49:38Z,1.0000
KXMLBGAME-26JUL292210SEALAD-LAD,KXMLBGAME-26JUL292210SEALAD,yes,2203355.79,0.0000,2026-07-30T04:49:38Z,1.0000
KXMLBGAME-26JUL292138HOULAA-LAA,KXMLBGAME-26JUL292138HOULAA,no,2167344.09,0.0000,2026-07-30T04:34:25Z,1.0000
KXMLBGAME-26JUL292138HOULAA-HOU,KXMLBGAME-26JUL292138HOULAA,yes,5891496.03,0.0000,2026-07-30T04:34:25Z,1.0000
KXMLBGAME-26JUL292140BOSATH-BOS,KXMLBGAME-26JUL292140BOSATH,yes,8243182.45,0.0000,2026-07-30T05:04:26Z,1.0000
KXMLBGAME-26JUL292140BOSATH-ATH,KXMLBGAME-26JUL292140BOSATH,no,3944674.05,0.0000,2026-07-30T05:04:26Z,1.0000
KXMLBGAME-26JUL291940KCMIN-MIN,KXMLBGAME-26JUL291940KCMIN,no,1265606.13,0.0000,2026-07-30T02:09:33Z,1.0000
KXMLBGAME-26JUL291940KCMIN-KC,KXMLBGAME-26JUL291940KCMIN,yes,1443772.14,0.0000,2026-07-30T02:09:33Z,1.0000
KXMLBGAME-26JUL291940NYYCWS-NYY,KXMLBGAME-26JUL291940NYYCWS,no,5576952.57,0.0000,2026-07-30T03:34:28Z,1.0000
KXMLBGAME-26JUL291940NYYCWS-CWS,KXMLBGAME-26JUL291940NYYCWS,yes,5101205.11,0.0000,2026-07-30T03:34:28Z,1.0000
KXMLBGAME-26JUL291945CHCSTL-STL,KXMLBGAME-26JUL291945CHCSTL,yes,2407590.95,0.0000,2026-07-30T02:39:32Z,1.0000
KXMLBGAME-26JUL291945CHCSTL-CHC,KXMLBGAME-26JUL291945CHCSTL,no,3503728.53,0.0000,2026-07-30T02:39:32Z,1.0000
KXMLBGAME-26JUL291910CLECIN-CLE,KXMLBGAME-26JUL291910CLECIN,yes,1583707.79,0.0000,2026-07-30T02:14:28Z,1.0000
KXMLBGAME-26JUL291910CLECIN-CIN,KXMLBGAME-26JUL291910CLECIN,no,1576458.51,0.0000,2026-07-30T02:14:28Z,1.0000
KXMLBGAME-26JUL291840TEXTB-TEX,KXMLBGAME-26JUL291840TEXTB,no,2549981.83,0.0000,2026-07-30T01:04:28Z,1.0000
KXMLBGAME-26JUL291840TEXTB-TB,KXMLBGAME-26JUL291840TEXTB,yes,3413428.50,0.0000,2026-07-30T01:04:28Z,1.0000
KXMLBGAME-26JUL291610COLSD-SD,KXMLBGAME-26JUL291610COLSD,yes,2284111.88,0.0000,2026-07-29T22:49:36Z,1.0000
KXMLBGAME-26JUL291610COLSD-COL,KXMLBGAME-26JUL291610COLSD,no,3086619.93,0.0000,2026-07-29T22:49:36Z,1.0000
KXMLBGAME-26JUL291545MILSF-SF,KXMLBGAME-26JUL291545MILSF,yes,3356192.81,0.0000,2026-07-29T22:54:30Z,1.0000
KXMLBGAME-26JUL291545MILSF-MIL,KXMLBGAME-26JUL291545MILSF,no,6801579.86,0.0000,2026-07-29T22:54:30Z,1.0000
KXMLBGAME-26JUL291310ATLNYM-NYM,KXMLBGAME-26JUL291310ATLNYM,yes,2396613.21,0.0000,2026-07-29T19:51:35Z,1.0000
KXMLBGAME-26JUL291310ATLNYM-ATL,KXMLBGAME-26JUL291310ATLNYM,no,4471924.23,0.0000,2026-07-29T19:51:35Z,1.0000
KXMLBGAME-26JUL291310BALDET-DET,KXMLBGAME-26JUL291310BALDET,no,5365328.87,0.0000,2026-07-29T20:49:35Z,1.0000
KXMLBGAME-26JUL291310BALDET-BAL,KXMLBGAME-26JUL291310BALDET,yes,7480279.36,0.0000,2026-07-29T20:49:35Z,1.0000
KXMLBGAME-26JUL291305TORWSH-WSH,KXMLBGAME-26JUL291305TORWSH,no,2575706.48,0.0000,2026-07-29T20:09:41Z,1.0000
KXMLBGAME-26JUL291305TORWSH-TOR,KXMLBGAME-26JUL291305TORWSH,yes,3266453.40,0.0000,2026-07-29T20:09:41Z,1.0000
KXMLBGAME-26JUL291235AZPIT-PIT,KXMLBGAME-26JUL291235AZPIT,no,1268333.74,0.0000,2026-07-29T18:51:34Z,1.0000
KXMLBGAME-26JUL291235AZPIT-AZ,KXMLBGAME-26JUL291235AZPIT,yes,2185846.60,0.0000,2026-07-29T18:51:34Z,1.0000
KXMLBGAME-26JUL291210PHIMIA-PHI,KXMLBGAME-26JUL291210PHIMIA,no,3039320.47,0.0000,2026-07-29T18:44:31Z,1.0000
KXMLBGAME-26JUL291210PHIMIA-MIA,KXMLBGAME-26JUL291210PHIMIA,yes,3137206.74,0.0000,2026-07-29T18:44:31Z,1.0000
KXMLBGAME-26JUL282210SEALAD-SEA,KXMLBGAME-26JUL282210SEALAD,yes,3137612.89,0.0000,2026-07-29T04:54:25Z,1.0000
KXMLBGAME-26JUL282210SEALAD-LAD,KXMLBGAME-26JUL282210SEALAD,no,5071712.75,0.0000,2026-07-29T04:54:25Z,1.0000
KXMLBGAME-26JUL282138HOULAA-LAA,KXMLBGAME-26JUL282138HOULAA,no,2470290.31,0.0000,2026-07-29T04:34:26Z,1.0000
KXMLBGAME-26JUL282138HOULAA-HOU,KXMLBGAME-26JUL282138HOULAA,yes,4383732.54,0.0000,2026-07-29T04:34:26Z,1.0000
KXMLBGAME-26JUL282140BOSATH-BOS,KXMLBGAME-26JUL282140BOSATH,no,3723989.16,0.0000,2026-07-29T04:19:34Z,1.0000
KXMLBGAME-26JUL282140BOSATH-ATH,KXMLBGAME-26JUL282140BOSATH,yes,2477484.73,0.0000,2026-07-29T04:19:34Z,1.0000
KXMLBGAME-26JUL282145MILSF-SF,KXMLBGAME-26JUL282145MILSF,no,1828784.27,0.0000,2026-07-29T04:54:24Z,1.0000
KXMLBGAME-26JUL282145MILSF-MIL,KXMLBGAME-26JUL282145MILSF,yes,2325873.39,0.0000,2026-07-29T04:54:24Z,1.0000
KXMLBGAME-26JUL282140COLSD-SD,KXMLBGAME-26JUL282140COLSD,yes,5456233.43,0.0000,2026-07-29T05:09:30Z,1.0000
KXMLBGAME-26JUL282140COLSD-COL,KXMLBGAME-26JUL282140COLSD,no,5416766.65,0.0000,2026-07-29T05:09:30Z,1.0000
KXMLBGAME-26JUL281940KCMIN-MIN,KXMLBGAME-26JUL281940KCMIN,yes,1700223.50,0.0000,2026-07-29T02:19:52Z,1.0000
KXMLBGAME-26JUL281940KCMIN-KC,KXMLBGAME-26JUL281940KCMIN,no,1460771.13,0.0000,2026-07-29T02:19:52Z,1.0000
KXMLBGAME-26JUL281940NYYCWS-NYY,KXMLBGAME-26JUL281940NYYCWS,yes,2711432.98,0.0000,2026-07-29T02:34:28Z,1.0000
KXMLBGAME-26JUL281940NYYCWS-CWS,KXMLBGAME-26JUL281940NYYCWS,no,2556629.63,0.0000,2026-07-29T02:34:28Z,1.0000
KXMLBGAME-26JUL281945CHCSTL-STL,KXMLBGAME-26JUL281945CHCSTL,no,690505.48,0.0000,2026-07-29T02:49:36Z,1.0000
KXMLBGAME-26JUL281945CHCSTL-CHC,KXMLBGAME-26JUL281945CHCSTL,yes,1254335.66,0.0000,2026-07-29T02:49:36Z,1.0000
KXMLBGAME-26JUL281910ATLNYM-NYM,KXMLBGAME-26JUL281910ATLNYM,no,2238405.78,0.0000,2026-07-30T01:44:28Z,1.0000
KXMLBGAME-26JUL281910ATLNYM-ATL,KXMLBGAME-26JUL281910ATLNYM,yes,3386861.10,0.0000,2026-07-30T01:44:28Z,1.0000
KXMLBGAME-26JUL281910CLECIN-CLE,KXMLBGAME-26JUL281910CLECIN,no,1053859.19,0.0000,2026-07-29T01:39:42Z,1.0000
KXMLBGAME-26JUL281910CLECIN-CIN,KXMLBGAME-26JUL281910CLECIN,yes,1370507.75,0.0000,2026-07-29T01:39:42Z,1.0000
KXMLBGAME-26JUL281840PHIMIA-PHI,KXMLBGAME-26JUL281840PHIMIA,no,4631685.25,0.0000,2026-07-29T01:09:38Z,1.0000
KXMLBGAME-26JUL281840PHIMIA-MIA,KXMLBGAME-26JUL281840PHIMIA,yes,2337058.65,0.0000,2026-07-29T01:09:38Z,1.0000
KXMLBGAME-26JUL281840AZPIT-PIT,KXMLBGAME-26JUL281840AZPIT,no,4621686.15,0.0000,2026-07-29T02:54:43Z,1.0000
KXMLBGAME-26JUL281840AZPIT-AZ,KXMLBGAME-26JUL281840AZPIT,yes,6146589.26,0.0000,2026-07-29T02:54:43Z,1.0000
KXMLBGAME-26JUL281840BALDET-DET,KXMLBGAME-26JUL281840BALDET,yes,1309470.30,0.0000,2026-07-29T01:14:31Z,1.0000
KXMLBGAME-26JUL281840BALDET-BAL,KXMLBGAME-26JUL281840BALDET,no,1275222.64,0.0000,2026-07-29T01:14:31Z,1.0000
KXMLBGAME-26JUL281840TEXTB-TEX,KXMLBGAME-26JUL281840TEXTB,yes,1620118.73,0.0000,2026-07-29T01:24:32Z,1.0000
KXMLBGAME-26JUL281840TEXTB-TB,KXMLBGAME-26JUL281840TEXTB,no,1650038.88,0.0000,2026-07-29T01:24:32Z,1.0000
KXMLBGAME-26JUL281845TORWSH-WSH,KXMLBGAME-26JUL281845TORWSH,yes,1948874.34,0.0000,2026-07-29T02:59:42Z,1.0000
KXMLBGAME-26JUL281845TORWSH-TOR,KXMLBGAME-26JUL281845TORWSH,no,1493282.66,0.0000,2026-07-29T02:59:42Z,1.0000
KXMLBGAME-26JUL272138HOULAA-LAA,KXMLBGAME-26JUL272138HOULAA,no,6503595.99,0.0000,2026-07-28T05:04:24Z,1.0000
KXMLBGAME-26JUL272138HOULAA-HOU,KXMLBGAME-26JUL272138HOULAA,yes,8810690.94,0.0000,2026-07-28T05:04:24Z,1.0000
KXMLBGAME-26JUL272140BOSATH-BOS,KXMLBGAME-26JUL272140BOSATH,yes,6199941.27,0.0000,2026-07-28T04:19:30Z,1.0000
KXMLBGAME-26JUL272140BOSATH-ATH,KXMLBGAME-26JUL272140BOSATH,no,3135892.53,0.0000,2026-07-28T04:19:30Z,1.0000
KXMLBGAME-26JUL272145MILSF-SF,KXMLBGAME-26JUL272145MILSF,yes,2309788.02,0.0000,2026-07-28T04:09:34Z,1.0000
KXMLBGAME-26JUL272145MILSF-MIL,KXMLBGAME-26JUL272145MILSF,no,4200980.41,0.0000,2026-07-28T04:09:34Z,1.0000
KXMLBGAME-26JUL271945CHCSTL-STL,KXMLBGAME-26JUL271945CHCSTL,no,1196552.91,0.0000,2026-07-28T04:19:31Z,1.0000
KXMLBGAME-26JUL271945CHCSTL-CHC,KXMLBGAME-26JUL271945CHCSTL,yes,1690975.70,0.0000,2026-07-28T04:19:31Z,1.0000
KXMLBGAME-26JUL271940NYYCWS-NYY,KXMLBGAME-26JUL271940NYYCWS,yes,4930825.51,0.0000,2026-07-28T03:19:32Z,1.0000
KXMLBGAME-26JUL271940NYYCWS-CWS,KXMLBGAME-26JUL271940NYYCWS,no,2690950.25,0.0000,2026-07-28T03:19:32Z,1.0000
KXMLBGAME-26JUL271910CLECIN-CLE,KXMLBGAME-26JUL271910CLECIN,yes,5580104.65,0.0000,2026-07-28T20:39:38Z,1.0000
KXMLBGAME-26JUL271910CLECIN-CIN,KXMLBGAME-26JUL271910CLECIN,no,7549523.15,0.0000,2026-07-28T20:39:38Z,1.0000
KXMLBGAME-26JUL271910ATLNYM-NYM,KXMLBGAME-26JUL271910ATLNYM,yes,1656637.38,0.0000,2026-07-28T01:49:32Z,1.0000
KXMLBGAME-26JUL271910ATLNYM-ATL,KXMLBGAME-26JUL271910ATLNYM,no,3740558.13,0.0000,2026-07-28T01:49:32Z,1.0000
KXMLBGAME-26JUL271845TORWSH-WSH,KXMLBGAME-26JUL271845TORWSH,no,2611217.14,0.0000,2026-07-28T01:44:29Z,1.0000
KXMLBGAME-26JUL271845TORWSH-TOR,KXMLBGAME-26JUL271845TORWSH,yes,1514032.51,0.0000,2026-07-28T01:44:29Z,1.0000
KXMLBGAME-26JUL271840AZPIT-PIT,KXMLBGAME-26JUL271840AZPIT,yes,2749795.19,0.0000,2026-07-28T01:54:26Z,1.0000
KXMLBGAME-26JUL271840AZPIT-AZ,KXMLBGAME-26JUL271840AZPIT,no,3970539.67,0.0000,2026-07-28T01:54:26Z,1.0000
KXMLBGAME-26JUL271840BALDET-DET,KXMLBGAME-26JUL271840BALDET,no,2345191.11,0.0000,2026-07-28T01:39:40Z,1.0000
KXMLBGAME-26JUL271840BALDET-BAL,KXMLBGAME-26JUL271840BALDET,yes,2912538.20,0.0000,2026-07-28T01:39:40Z,1.0000
KXMLBGAME-26JUL271840PHIMIA-PHI,KXMLBGAME-26JUL271840PHIMIA,no,7685468.70,0.0000,2026-07-28T01:44:30Z,1.0000
KXMLBGAME-26JUL271840PHIMIA-MIA,KXMLBGAME-26JUL271840PHIMIA,yes,3671695.87,0.0000,2026-07-28T01:44:30Z,1.0000
KXMLBGAME-26JUL271435SEATEX-TEX,KXMLBGAME-26JUL271435SEATEX,yes,3323074.16,0.0000,2026-07-27T21:09:37Z,1.0000
KXMLBGAME-26JUL271435SEATEX-SEA,KXMLBGAME-26JUL271435SEATEX,no,4276272.56,0.0000,2026-07-27T21:09:37Z,1.0000
KXMLBGAME-26JUL261920NYYPHI-PHI,KXMLBGAME-26JUL261920NYYPHI,yes,4905097.26,0.0000,2026-07-27T02:29:37Z,1.0000
KXMLBGAME-26JUL261920NYYPHI-NYY,KXMLBGAME-26JUL261920NYYPHI,no,9591454.12,0.0000,2026-07-27T02:29:37Z,1.0000
KXMLBGAME-26JUL261605LAASF-SF,KXMLBGAME-26JUL261605LAASF,no,5811717.47,0.0000,2026-07-26T22:44:27Z,1.0000
KXMLBGAME-26JUL261605LAASF-LAA,KXMLBGAME-26JUL261605LAASF,yes,4614138.77,0.0000,2026-07-26T22:44:27Z,1.0000
KXMLBGAME-26JUL261435SEATEX-TEX,KXMLBGAME-26JUL261435SEATEX,no,2452883.95,0.0000,2026-07-26T21:44:24Z,1.0000
KXMLBGAME-26JUL261435SEATEX-SEA,KXMLBGAME-26JUL261435SEATEX,yes,2832790.45,0.0000,2026-07-26T21:44:24Z,1.0000
KXMLBGAME-26JUL261410HOUCWS-HOU,KXMLBGAME-26JUL261410HOUCWS,no,1830362.24,0.0000,2026-07-26T21:04:27Z,1.0000
KXMLBGAME-26JUL261410HOUCWS-CWS,KXMLBGAME-26JUL261410HOUCWS,yes,1379803.69,0.0000,2026-07-26T21:04:27Z,1.0000
KXMLBGAME-26JUL261410COLMIL-MIL,KXMLBGAME-26JUL261410COLMIL,yes,1220506.31,0.0000,2026-07-26T20:59:40Z,1.0000
KXMLBGAME-26JUL261410COLMIL-COL,KXMLBGAME-26JUL261410COLMIL,no,1191341.03,0.0000,2026-07-26T20:59:40Z,1.0000
KXMLBGAME-26JUL261410ATHMIN-MIN,KXMLBGAME-26JUL261410ATHMIN,yes,1425285.53,0.0000,2026-07-26T21:14:47Z,1.0000
KXMLBGAME-26JUL261410ATHMIN-ATH,KXMLBGAME-26JUL261410ATHMIN,no,1210324.81,0.0000,2026-07-26T21:14:47Z,1.0000
KXMLBGAME-26JUL261415CINSTL-STL,KXMLBGAME-26JUL261415CINSTL,no,1860055.85,0.0000,2026-07-26T21:24:24Z,1.0000
KXMLBGAME-26JUL261415CINSTL-CIN,KXMLBGAME-26JUL261415CINSTL,yes,3049837.28,0.0000,2026-07-26T21:24:24Z,1.0000
KXMLBGAME-26JUL261335CHCPIT-PIT,KXMLBGAME-26JUL261335CHCPIT,yes,1525081.59,0.0000,2026-07-26T20:09:36Z,1.0000
KXMLBGAME-26JUL261335CHCPIT-CHC,KXMLBGAME-26JUL261335CHCPIT,no,1551224.39,0.0000,2026-07-26T20:09:36Z,1.0000
KXMLBGAME-26JUL261340SDMIA-SD,KXMLBGAME-26JUL261340SDMIA,yes,1894705.74,0.0000,2026-07-26T20:34:28Z,1.0000
KXMLBGAME-26JUL261340SDMIA-MIA,KXMLBGAME-26JUL261340SDMIA,no,938457.01,0.0000,2026-07-26T20:34:28Z,1.0000
KXMLBGAME-26JUL261340LADNYM-NYM,KXMLBGAME-26JUL261340LADNYM,yes,1621547.13,0.0000,2026-07-26T20:49:34Z,1.0000
KXMLBGAME-26JUL261340LADNYM-LAD,KXMLBGAME-26JUL261340LADNYM,no,5269865.46,0.0000,2026-07-26T20:49:34Z,1.0000
KXMLBGAME-26JUL261335TORBOS-TOR,KXMLBGAME-26JUL261335TORBOS,no,1114854.45,0.0000,2026-07-26T20:09:38Z,1.0000
KXMLBGAME-26JUL261335TORBOS-BOS,KXMLBGAME-26JUL261335TORBOS,yes,2131533.66,0.0000,2026-07-26T20:09:38Z,1.0000
KXMLBGAME-26JUL261335ATLBAL-BAL,KXMLBGAME-26JUL261335ATLBAL,no,3993725.29,0.0000,2026-07-26T21:14:48Z,1.0000
KXMLBGAME-26JUL261335ATLBAL-ATL,KXMLBGAME-26JUL261335ATLBAL,yes,6594154.03,0.0000,2026-07-26T21:14:48Z,1.0000
KXMLBGAME-26JUL261340KCDET-KC,KXMLBGAME-26JUL261340KCDET,yes,2111954.18,0.0000,2026-07-26T20:54:28Z,1.0000
KXMLBGAME-26JUL261340KCDET-DET,KXMLBGAME-26JUL261340KCDET,no,1702275.50,0.0000,2026-07-26T20:54:28Z,1.0000
KXMLBGAME-26JUL261335AZWSH-WSH,KXMLBGAME-26JUL261335AZWSH,yes,1623628.30,0.0000,2026-07-26T20:39:36Z,1.0000
KXMLBGAME-26JUL261335AZWSH-AZ,KXMLBGAME-26JUL261335AZWSH,no,1693335.17,0.0000,2026-07-26T20:39:36Z,1.0000
KXMLBGAME-26JUL261215CLETB-TB,KXMLBGAME-26JUL261215CLETB,yes,3317074.38,0.0000,2026-07-26T18:19:38Z,1.0000
KXMLBGAME-26JUL261215CLETB-CLE,KXMLBGAME-26JUL261215CLETB,no,1970982.84,0.0000,2026-07-26T18:19:38Z,1.0000
KXMLBGAME-26JUL251910HOUCWS-HOU,KXMLBGAME-26JUL251910HOUCWS,yes,2098022.73,0.0000,2026-07-26T01:59:39Z,1.0000
KXMLBGAME-26JUL251910HOUCWS-CWS,KXMLBGAME-26JUL251910HOUCWS,no,2153117.42,0.0000,2026-07-26T01:59:39Z,1.0000
KXMLBGAME-26JUL251905ATLBAL-BAL,KXMLBGAME-26JUL251905ATLBAL,yes,2256167.22,0.0000,2026-07-26T01:49:30Z,1.0000
KXMLBGAME-26JUL251905ATLBAL-ATL,KXMLBGAME-26JUL251905ATLBAL,no,3707981.04,0.0000,2026-07-26T01:49:30Z,1.0000
KXMLBGAME-26JUL251915SEATEX-TEX,KXMLBGAME-26JUL251915SEATEX,yes,559802.51,0.0000,2026-07-26T01:59:39Z,1.0000
KXMLBGAME-26JUL251915SEATEX-SEA,KXMLBGAME-26JUL251915SEATEX,no,1050996.68,0.0000,2026-07-26T01:59:39Z,1.0000
KXMLBGAME-26JUL251915LADNYM-NYM,KXMLBGAME-26JUL251915LADNYM,no,3686069.02,0.0000,2026-07-26T02:09:35Z,1.0000
KXMLBGAME-26JUL251915LADNYM-LAD,KXMLBGAME-26JUL251915LADNYM,yes,7001357.13,0.0000,2026-07-26T02:09:35Z,1.0000
KXMLBGAME-26JUL251910COLMIL-MIL,KXMLBGAME-26JUL251910COLMIL,yes,1535793.28,0.0000,2026-07-26T01:59:38Z,1.0000
KXMLBGAME-26JUL251910COLMIL-COL,KXMLBGAME-26JUL251910COLMIL,no,1756839.83,0.0000,2026-07-26T01:59:38Z,1.0000
KXMLBGAME-26JUL251915CINSTL-STL,KXMLBGAME-26JUL251915CINSTL,yes,396511.36,0.0000,2026-07-26T01:39:34Z,1.0000
KXMLBGAME-26JUL251915CINSTL-CIN,KXMLBGAME-26JUL251915CINSTL,no,936837.48,0.0000,2026-07-26T01:39:34Z,1.0000
KXMLBGAME-26JUL251910ATHMIN-MIN,KXMLBGAME-26JUL251910ATHMIN,yes,1046425.09,0.0000,2026-07-26T01:49:31Z,1.0000
KXMLBGAME-26JUL251910ATHMIN-ATH,KXMLBGAME-26JUL251910ATHMIN,no,1293806.08,0.0000,2026-07-26T01:49:31Z,1.0000
KXMLBGAME-26JUL251840CHCPIT-PIT,KXMLBGAME-26JUL251840CHCPIT,no,1338433.27,0.0000,2026-07-26T01:39:35Z,1.0000
KXMLBGAME-26JUL251840CHCPIT-CHC,KXMLBGAME-26JUL251840CHCPIT,yes,1333419.46,0.0000,2026-07-26T01:39:35Z,1.0000
KXMLBGAME-26JUL251805NYYPHI-PHI,KXMLBGAME-26JUL251805NYYPHI,no,3780156.99,0.0000,2026-07-26T00:49:33Z,1.0000
KXMLBGAME-26JUL251805NYYPHI-NYY,KXMLBGAME-26JUL251805NYYPHI,yes,3797360.16,0.0000,2026-07-26T00:49:33Z,1.0000
KXMLBGAME-26JUL251810CLETB-TB,KXMLBGAME-26JUL251810CLETB,yes,2896690.83,0.0000,2026-07-26T00:39:39Z,1.0000
KXMLBGAME-26JUL251810CLETB-CLE,KXMLBGAME-26JUL251810CLETB,no,1408769.23,0.0000,2026-07-26T00:39:39Z,1.0000
KXMLBGAME-26JUL251605LAASF-SF,KXMLBGAME-26JUL251605LAASF,yes,1868137.78,0.0000,2026-07-25T22:44:32Z,1.0000
KXMLBGAME-26JUL251605LAASF-LAA,KXMLBGAME-26JUL251605LAASF,no,1861065.59,0.0000,2026-07-25T22:44:32Z,1.0000
KXMLBGAME-26JUL251610TORBOS-TOR,KXMLBGAME-26JUL251610TORBOS,yes,1874751.01,0.0000,2026-07-25T22:44:32Z,1.0000
KXMLBGAME-26JUL251610TORBOS-BOS,KXMLBGAME-26JUL251610TORBOS,no,3743260.94,0.0000,2026-07-25T22:44:32Z,1.0000
KXMLBGAME-26JUL251605AZWSH-WSH,KXMLBGAME-26JUL251605AZWSH,yes,3152612.88,0.0000,2026-07-25T22:49:34Z,1.0000
KXMLBGAME-26JUL251605AZWSH-AZ,KXMLBGAME-26JUL251605AZWSH,no,1934859.73,0.0000,2026-07-25T22:49:34Z,1.0000
KXMLBGAME-26JUL251610SDMIA-SD,KXMLBGAME-26JUL251610SDMIA,yes,3069499.85,0.0000,2026-07-25T23:34:32Z,1.0000
KXMLBGAME-26JUL251610SDMIA-MIA,KXMLBGAME-26JUL251610SDMIA,no,3426676.06,0.0000,2026-07-25T23:34:32Z,1.0000
KXMLBGAME-26JUL251310KCDET-KC,KXMLBGAME-26JUL251310KCDET,yes,4865642.85,0.0000,2026-07-25T19:39:39Z,1.0000
KXMLBGAME-26JUL251310KCDET-DET,KXMLBGAME-26JUL251310KCDET,no,4238436.62,0.0000,2026-07-25T19:39:39Z,1.0000
KXMLBGAME-26JUL231715AZSTL-STL,KXMLBGAME-26JUL231715AZSTL,no,3831694.52,0.0000,2026-07-24T00:14:27Z,1.0000
KXMLBGAME-26JUL231715AZSTL-AZ,KXMLBGAME-26JUL231715AZSTL,yes,5148925.21,0.0000,2026-07-24T00:14:27Z,1.0000
KXMLBGAME-26JUL242215LAASF-SF,KXMLBGAME-26JUL242215LAASF,yes,8636115.79,0.0000,2026-07-25T05:24:24Z,1.0000
KXMLBGAME-26JUL242215LAASF-LAA,KXMLBGAME-26JUL242215LAASF,no,10662979.13,0.0000,2026-07-25T05:24:24Z,1.0000
KXMLBGAME-26JUL242010ATHMIN-MIN,KXMLBGAME-26JUL242010ATHMIN,no,1302750.59,0.0000,2026-07-25T02:39:34Z,1.0000
KXMLBGAME-26JUL242010ATHMIN-ATH,KXMLBGAME-26JUL242010ATHMIN,yes,965850.99,0.0000,2026-07-25T02:39:34Z,1.0000
KXMLBGAME-26JUL242005SEATEX-TEX,KXMLBGAME-26JUL242005SEATEX,yes,2066525.35,0.0000,2026-07-25T02:59:38Z,1.0000
KXMLBGAME-26JUL242005SEATEX-SEA,KXMLBGAME-26JUL242005SEATEX,no,3067118.44,0.0000,2026-07-25T02:59:38Z,1.0000
KXMLBGAME-26JUL242015CINSTL-STL,KXMLBGAME-26JUL242015CINSTL,no,1784768.03,0.0000,2026-07-25T02:54:25Z,1.0000
KXMLBGAME-26JUL242015CINSTL-CIN,KXMLBGAME-26JUL242015CINSTL,yes,1708555.21,0.0000,2026-07-25T02:54:25Z,1.0000
KXMLBGAME-26JUL241940HOUCWS-HOU,KXMLBGAME-26JUL241940HOUCWS,yes,2569248.37,0.0000,2026-07-25T03:04:27Z,1.0000
KXMLBGAME-26JUL241940HOUCWS-CWS,KXMLBGAME-26JUL241940HOUCWS,no,2600105.28,0.0000,2026-07-25T03:04:27Z,1.0000
KXMLBGAME-26JUL241910CLETB-TB,KXMLBGAME-26JUL241910CLETB,yes,1426866.09,0.0000,2026-07-25T01:54:28Z,1.0000
KXMLBGAME-26JUL241910CLETB-CLE,KXMLBGAME-26JUL241910CLETB,no,867576.38,0.0000,2026-07-25T01:54:28Z,1.0000
KXMLBGAME-26JUL241905ATLBAL-BAL,KXMLBGAME-26JUL241905ATLBAL,no,3590046.71,0.0000,2026-07-25T02:29:38Z,1.0000
KXMLBGAME-26JUL241905ATLBAL-ATL,KXMLBGAME-26JUL241905ATLBAL,yes,6403453.61,0.0000,2026-07-25T02:29:38Z,1.0000
KXMLBGAME-26JUL241915TORBOS-TOR,KXMLBGAME-26JUL241915TORBOS,no,2796118.82,0.0000,2026-07-25T02:39:35Z,1.0000
KXMLBGAME-26JUL241915TORBOS-BOS,KXMLBGAME-26JUL241915TORBOS,yes,3451991.67,0.0000,2026-07-25T02:39:35Z,1.0000
KXMLBGAME-26JUL241910SDMIA-SD,KXMLBGAME-26JUL241910SDMIA,yes,2377419.36,0.0000,2026-07-25T02:24:30Z,1.0000
KXMLBGAME-26JUL241910SDMIA-MIA,KXMLBGAME-26JUL241910SDMIA,no,1903107.24,0.0000,2026-07-25T02:24:30Z,1.0000
KXMLBGAME-26JUL241910LADNYM-NYM,KXMLBGAME-26JUL241910LADNYM,no,1346005.96,0.0000,2026-07-25T01:49:34Z,1.0000
KXMLBGAME-26JUL241910LADNYM-LAD,KXMLBGAME-26JUL241910LADNYM,yes,4895890.42,0.0000,2026-07-25T01:49:34Z,1.0000
KXMLBGAME-26JUL241845NYYPHI-PHI,KXMLBGAME-26JUL241845NYYPHI,no,1929821.46,0.0000,2026-07-25T01:24:27Z,1.0000
KXMLBGAME-26JUL241845NYYPHI-NYY,KXMLBGAME-26JUL241845NYYPHI,yes,1979679.81,0.0000,2026-07-25T01:24:27Z,1.0000
KXMLBGAME-26JUL241840CHCPIT-PIT,KXMLBGAME-26JUL241840CHCPIT,no,2119466.92,0.0000,2026-07-25T01:24:28Z,1.0000
KXMLBGAME-26JUL241840CHCPIT-CHC,KXMLBGAME-26JUL241840CHCPIT,yes,3126806.66,0.0000,2026-07-25T01:24:28Z,1.0000
KXMLBGAME-26JUL241840KCDET-KC,KXMLBGAME-26JUL241840KCDET,no,3078097.39,0.0000,2026-07-25T00:54:30Z,1.0000
KXMLBGAME-26JUL241840KCDET-DET,KXMLBGAME-26JUL241840KCDET,yes,1798419.86,0.0000,2026-07-25T00:54:30Z,1.0000
KXMLBGAME-26JUL241845AZWSH-WSH,KXMLBGAME-26JUL241845AZWSH,no,1425250.26,0.0000,2026-07-25T01:29:50Z,1.0000
KXMLBGAME-26JUL241845AZWSH-AZ,KXMLBGAME-26JUL241845AZWSH,yes,2702185.26,0.0000,2026-07-25T01:29:50Z,1.0000
KXMLBGAME-26JUL241610COLMIL-MIL,KXMLBGAME-26JUL241610COLMIL,no,7366150.43,0.0000,2026-07-24T23:09:44Z,1.0000
KXMLBGAME-26JUL241610COLMIL-COL,KXMLBGAME-26JUL241610COLMIL,yes,6896151.35,0.0000,2026-07-24T23:09:44Z,1.0000
KXMLBGAME-26JUL231840KCDET-KC,KXMLBGAME-26JUL231840KCDET,no,6844158.22,0.0000,2026-07-24T01:34:23Z,1.0000
KXMLBGAME-26JUL231840KCDET-DET,KXMLBGAME-26JUL231840KCDET,yes,6062026.94,0.0000,2026-07-24T01:34:23Z,1.0000
KXMLBGAME-26JUL231507TBTOR-TOR,KXMLBGAME-26JUL231507TBTOR,yes,2938714.12,0.0000,2026-07-23T21:24:21Z,1.0000
KXMLBGAME-26JUL231507TBTOR-TB,KXMLBGAME-26JUL231507TBTOR,no,3977639.06,0.0000,2026-07-23T21:24:21Z,1.0000
KXMLBGAME-26JUL231310MINCLE-MIN,KXMLBGAME-26JUL231310MINCLE,yes,6316966.09,0.0000,2026-07-23T20:39:33Z,1.0000
KXMLBGAME-26JUL231310MINCLE-CLE,KXMLBGAME-26JUL231310MINCLE,no,4775597.79,0.0000,2026-07-23T20:39:33Z,1.0000
KXMLBGAME-26JUL231215SDATL-SD,KXMLBGAME-26JUL231215SDATL,no,4863894.68,0.0000,2026-07-23T18:55:24Z,1.0000
KXMLBGAME-26JUL231215SDATL-ATL,KXMLBGAME-26JUL231215SDATL,yes,5032247.32,0.0000,2026-07-23T18:55:24Z,1.0000
KXMLBGAME-26JUL222010MIAHOU-MIA,KXMLBGAME-26JUL222010MIAHOU,no,2883017.75,0.0000,2026-07-23T02:44:28Z,1.0000
KXMLBGAME-26JUL222010MIAHOU-HOU,KXMLBGAME-26JUL222010MIAHOU,yes,3008351.84,0.0000,2026-07-23T02:44:28Z,1.0000
KXMLBGAME-26JUL222005CWSTEX-TEX,KXMLBGAME-26JUL222005CWSTEX,no,2637809.51,0.0000,2026-07-23T02:59:36Z,1.0000
KXMLBGAME-26JUL222005CWSTEX-CWS,KXMLBGAME-26JUL222005CWSTEX,yes,2254892.37,0.0000,2026-07-23T02:59:36Z,1.0000
KXMLBGAME-26JUL222010DETCHC-DET,KXMLBGAME-26JUL222010DETCHC,yes,1267095.73,0.0000,2026-07-23T02:49:34Z,1.0000
KXMLBGAME-26JUL222010DETCHC-CHC,KXMLBGAME-26JUL222010DETCHC,no,1548274.27,0.0000,2026-07-23T02:49:34Z,1.0000
KXMLBGAME-26JUL221915SDATL-SD,KXMLBGAME-26JUL221915SDATL,no,1354424.09,0.0000,2026-07-23T02:09:30Z,1.0000
KXMLBGAME-26JUL221915SDATL-ATL,KXMLBGAME-26JUL221915SDATL,yes,1908633.29,0.0000,2026-07-23T02:09:30Z,1.0000
KXMLBGAME-26JUL221910BALBOS-BOS,KXMLBGAME-26JUL221910BALBOS,no,3481256.28,0.0000,2026-07-23T02:04:23Z,1.0000
KXMLBGAME-26JUL221910BALBOS-BAL,KXMLBGAME-26JUL221910BALBOS,yes,2237151.92,0.0000,2026-07-23T02:04:23Z,1.0000
KXMLBGAME-26JUL221907TBTOR-TOR,KXMLBGAME-26JUL221907TBTOR,no,1036760.86,0.0000,2026-07-23T01:49:33Z,1.0000
KXMLBGAME-26JUL221907TBTOR-TB,KXMLBGAME-26JUL221907TBTOR,yes,2460118.00,0.0000,2026-07-23T01:49:33Z,1.0000
KXMLBGAME-26JUL221840MINCLE-MIN,KXMLBGAME-26JUL221840MINCLE,yes,2111448.83,0.0000,2026-07-23T01:59:39Z,1.0000
KXMLBGAME-26JUL221840MINCLE-CLE,KXMLBGAME-26JUL221840MINCLE,no,1747293.54,0.0000,2026-07-23T01:59:39Z,1.0000
KXMLBGAME-26JUL221840LADPHI-PHI,KXMLBGAME-26JUL221840LADPHI,no,2082414.92,0.0000,2026-07-23T01:54:26Z,1.0000
KXMLBGAME-26JUL221840LADPHI-LAD,KXMLBGAME-26JUL221840LADPHI,yes,5069966.61,0.0000,2026-07-23T01:54:26Z,1.0000
KXMLBGAME-26JUL221607STLLAA-STL,KXMLBGAME-26JUL221607STLLAA,yes,3780950.43,0.0000,2026-07-22T22:44:30Z,1.0000
KXMLBGAME-26JUL221607STLLAA-LAA,KXMLBGAME-26JUL221607STLLAA,no,2240274.57,0.0000,2026-07-22T22:44:30Z,1.0000
KXMLBGAME-26JUL221540CINSEA-SEA,KXMLBGAME-26JUL221540CINSEA,no,1909033.91,0.0000,2026-07-22T22:15:28Z,1.0000
KXMLBGAME-26JUL221540CINSEA-CIN,KXMLBGAME-26JUL221540CINSEA,yes,2427946.67,0.0000,2026-07-22T22:15:28Z,1.0000
KXMLBGAME-26JUL221540ATHAZ-AZ,KXMLBGAME-26JUL221540ATHAZ,yes,1110780.62,0.0000,2026-07-22T22:49:35Z,1.0000
KXMLBGAME-26JUL221540ATHAZ-ATH,KXMLBGAME-26JUL221540ATHAZ,no,1154649.61,0.0000,2026-07-22T22:49:35Z,1.0000
KXMLBGAME-26JUL221510WSHCOL-WSH,KXMLBGAME-26JUL221510WSHCOL,yes,2337270.86,0.0000,2026-07-22T22:15:29Z,1.0000
KXMLBGAME-26JUL221510WSHCOL-COL,KXMLBGAME-26JUL221510WSHCOL,no,1505250.05,0.0000,2026-07-22T22:15:29Z,1.0000
KXMLBGAME-26JUL221410SFKC-SF,KXMLBGAME-26JUL221410SFKC,no,1596515.87,0.0000,2026-07-22T20:29:41Z,1.0000
KXMLBGAME-26JUL221410SFKC-KC,KXMLBGAME-26JUL221410SFKC,yes,1357906.31,0.0000,2026-07-22T20:29:41Z,1.0000
KXMLBGAME-26JUL221410NYMMIL-NYM,KXMLBGAME-26JUL221410NYMMIL,no,1530098.18,0.0000,2026-07-22T21:19:40Z,1.0000
KXMLBGAME-26JUL221410NYMMIL-MIL,KXMLBGAME-26JUL221410NYMMIL,yes,2668988.10,0.0000,2026-07-22T21:19:40Z,1.0000
KXMLBGAME-26JUL221335PITNYY-PIT,KXMLBGAME-26JUL221335PITNYY,yes,3518972.30,0.0000,2026-07-22T20:24:27Z,1.0000
KXMLBGAME-26JUL221335PITNYY-NYY,KXMLBGAME-26JUL221335PITNYY,no,3896171.01,0.0000,2026-07-22T20:24:27Z,1.0000
KXMLBGAME-26JUL212140CINSEA-SEA,KXMLBGAME-26JUL212140CINSEA,no,4528866.62,0.0000,2026-07-22T04:34:30Z,1.0000
KXMLBGAME-26JUL212140CINSEA-CIN,KXMLBGAME-26JUL212140CINSEA,yes,4217182.78,0.0000,2026-07-22T04:34:30Z,1.0000
KXMLBGAME-26JUL212140ATHAZ-AZ,KXMLBGAME-26JUL212140ATHAZ,yes,4162150.04,0.0000,2026-07-22T05:04:25Z,1.0000
KXMLBGAME-26JUL212140ATHAZ-ATH,KXMLBGAME-26JUL212140ATHAZ,no,4598002.29,0.0000,2026-07-22T05:04:25Z,1.0000
KXMLBGAME-26JUL212138STLLAA-STL,KXMLBGAME-26JUL212138STLLAA,no,1948628.76,0.0000,2026-07-22T04:14:26Z,1.0000
KXMLBGAME-26JUL212138STLLAA-LAA,KXMLBGAME-26JUL212138STLLAA,yes,1542006.28,0.0000,2026-07-22T04:14:26Z,1.0000
KXMLBGAME-26JUL212040WSHCOL-WSH,KXMLBGAME-26JUL212040WSHCOL,no,4871497.46,0.0000,2026-07-22T03:39:32Z,1.0000
KXMLBGAME-26JUL212040WSHCOL-COL,KXMLBGAME-26JUL212040WSHCOL,yes,2476109.51,0.0000,2026-07-22T03:39:32Z,1.0000
KXMLBGAME-26JUL212005CWSTEX-TEX,KXMLBGAME-26JUL212005CWSTEX,yes,509153.33,0.0000,2026-07-22T02:54:25Z,1.0000
KXMLBGAME-26JUL212005CWSTEX-CWS,KXMLBGAME-26JUL212005CWSTEX,no,631477.54,0.0000,2026-07-22T02:54:25Z,1.0000
KXMLBGAME-26JUL212005DETCHC-DET,KXMLBGAME-26JUL212005DETCHC,no,885725.61,0.0000,2026-07-22T02:54:26Z,1.0000
KXMLBGAME-26JUL212005DETCHC-CHC,KXMLBGAME-26JUL212005DETCHC,yes,1034435.27,0.0000,2026-07-22T02:54:26Z,1.0000
KXMLBGAME-26JUL212010MIAHOU-MIA,KXMLBGAME-26JUL212010MIAHOU,no,1351336.73,0.0000,2026-07-22T02:44:27Z,1.0000
KXMLBGAME-26JUL212010MIAHOU-HOU,KXMLBGAME-26JUL212010MIAHOU,yes,1222534.64,0.0000,2026-07-22T02:44:27Z,1.0000
KXMLBGAME-26JUL211940NYMMIL-NYM,KXMLBGAME-26JUL211940NYMMIL,yes,1108301.83,0.0000,2026-07-22T02:39:34Z,1.0000
KXMLBGAME-26JUL211940NYMMIL-MIL,KXMLBGAME-26JUL211940NYMMIL,no,2149853.12,0.0000,2026-07-22T02:39:34Z,1.0000
KXMLBGAME-26JUL211940SFKC-SF,KXMLBGAME-26JUL211940SFKC,no,1355989.67,0.0000,2026-07-22T02:29:45Z,1.0000
KXMLBGAME-26JUL211940SFKC-KC,KXMLBGAME-26JUL211940SFKC,yes,925548.62,0.0000,2026-07-22T02:29:45Z,1.0000
KXMLBGAME-26JUL211907TBTOR-TOR,KXMLBGAME-26JUL211907TBTOR,no,907664.59,0.0000,2026-07-22T02:14:33Z,1.0000
KXMLBGAME-26JUL211907TBTOR-TB,KXMLBGAME-26JUL211907TBTOR,yes,1902202.35,0.0000,2026-07-22T02:14:33Z,1.0000
KXMLBGAME-26JUL211915SDATL-SD,KXMLBGAME-26JUL211915SDATL,yes,2315264.92,0.0000,2026-07-22T02:09:43Z,1.0000
KXMLBGAME-26JUL211915SDATL-ATL,KXMLBGAME-26JUL211915SDATL,no,3875927.26,0.0000,2026-07-22T02:09:43Z,1.0000
KXMLBGAME-26JUL211905PITNYY-PIT,KXMLBGAME-26JUL211905PITNYY,no,2121076.89,0.0000,2026-07-23T01:39:33Z,1.0000
KXMLBGAME-26JUL211905PITNYY-NYY,KXMLBGAME-26JUL211905PITNYY,yes,2675603.79,0.0000,2026-07-23T01:39:33Z,1.0000
KXMLBGAME-26JUL211910BALBOS-BOS,KXMLBGAME-26JUL211910BALBOS,yes,4055842.78,0.0000,2026-07-22T19:59:47Z,1.0000
KXMLBGAME-26JUL211910BALBOS-BAL,KXMLBGAME-26JUL211910BALBOS,no,2716584.03,0.0000,2026-07-22T19:59:47Z,1.0000
KXMLBGAME-26JUL211840MINCLE-MIN,KXMLBGAME-26JUL211840MINCLE,no,1539788.34,0.0000,2026-07-22T01:24:36Z,1.0000
KXMLBGAME-26JUL211840MINCLE-CLE,KXMLBGAME-26JUL211840MINCLE,yes,2088093.27,0.0000,2026-07-22T01:24:36Z,1.0000
KXMLBGAME-26JUL211840LADPHI-PHI,KXMLBGAME-26JUL211840LADPHI,no,3387408.95,0.0000,2026-07-22T02:34:27Z,1.0000
KXMLBGAME-26JUL211840LADPHI-LAD,KXMLBGAME-26JUL211840LADPHI,yes,6028208.57,0.0000,2026-07-22T02:34:27Z,1.0000
KXMLBGAME-26JUL202210STLLAA-STL,KXMLBGAME-26JUL202210STLLAA,no,3837999.55,0.0000,2026-07-21T04:44:25Z,1.0000
KXMLBGAME-26JUL202210STLLAA-LAA,KXMLBGAME-26JUL202210STLLAA,yes,3536773.66,0.0000,2026-07-21T04:44:25Z,1.0000
KXMLBGAME-26JUL202140ATHAZ-AZ,KXMLBGAME-26JUL202140ATHAZ,no,5127029.71,0.0000,2026-07-21T04:54:21Z,1.0000
KXMLBGAME-26JUL202140ATHAZ-ATH,KXMLBGAME-26JUL202140ATHAZ,yes,3338471.71,0.0000,2026-07-21T04:54:21Z,1.0000
KXMLBGAME-26JUL202140CINSEA-SEA,KXMLBGAME-26JUL202140CINSEA,yes,1800675.53,0.0000,2026-07-21T04:19:31Z,1.0000
KXMLBGAME-26JUL202140CINSEA-CIN,KXMLBGAME-26JUL202140CINSEA,no,1932527.49,0.0000,2026-07-21T04:19:31Z,1.0000
KXMLBGAME-26JUL202040WSHCOL-WSH,KXMLBGAME-26JUL202040WSHCOL,yes,3362851.58,0.0000,2026-07-21T03:09:31Z,1.0000
KXMLBGAME-26JUL202040WSHCOL-COL,KXMLBGAME-26JUL202040WSHCOL,no,1186124.43,0.0000,2026-07-21T03:09:31Z,1.0000
KXMLBGAME-26JUL202005DETCHC-DET,KXMLBGAME-26JUL202005DETCHC,yes,5769971.25,0.0000,2026-07-21T04:14:26Z,1.0000
KXMLBGAME-26JUL202005DETCHC-CHC,KXMLBGAME-26JUL202005DETCHC,no,4711204.96,0.0000,2026-07-21T04:14:26Z,1.0000
KXMLBGAME-26JUL202005CWSTEX-TEX,KXMLBGAME-26JUL202005CWSTEX,no,1294060.49,0.0000,2026-07-21T03:24:25Z,1.0000
KXMLBGAME-26JUL202005CWSTEX-CWS,KXMLBGAME-26JUL202005CWSTEX,yes,1354671.48,0.0000,2026-07-21T03:24:25Z,1.0000
KXMLBGAME-26JUL202010MIAHOU-MIA,KXMLBGAME-26JUL202010MIAHOU,no,1513192.60,0.0000,2026-07-21T03:04:25Z,1.0000
KXMLBGAME-26JUL202010MIAHOU-HOU,KXMLBGAME-26JUL202010MIAHOU,yes,1561038.68,0.0000,2026-07-21T03:04:25Z,1.0000
KXMLBGAME-26JUL201940NYMMIL-NYM,KXMLBGAME-26JUL201940NYMMIL,no,923769.22,0.0000,2026-07-21T02:19:34Z,1.0000
KXMLBGAME-26JUL201940NYMMIL-MIL,KXMLBGAME-26JUL201940NYMMIL,yes,2281265.17,0.0000,2026-07-21T02:19:34Z,1.0000
KXMLBGAME-26JUL201940SFKC-SF,KXMLBGAME-26JUL201940SFKC,no,1359512.97,0.0000,2026-07-21T02:14:29Z,1.0000
KXMLBGAME-26JUL201940SFKC-KC,KXMLBGAME-26JUL201940SFKC,yes,1355241.34,0.0000,2026-07-21T02:14:29Z,1.0000
KXMLBGAME-26JUL201915SDATL-SD,KXMLBGAME-26JUL201915SDATL,no,913859.81,0.0000,2026-07-21T01:44:31Z,1.0000
KXMLBGAME-26JUL201915SDATL-ATL,KXMLBGAME-26JUL201915SDATL,yes,1254376.70,0.0000,2026-07-21T01:44:31Z,1.0000
KXMLBGAME-26JUL201905PITNYY-PIT,KXMLBGAME-26JUL201905PITNYY,no,2678362.01,0.0000,2026-07-21T02:04:29Z,1.0000
KXMLBGAME-26JUL201905PITNYY-NYY,KXMLBGAME-26JUL201905PITNYY,yes,2064744.01,0.0000,2026-07-21T02:04:29Z,1.0000
KXMLBGAME-26JUL201907TBTOR-TOR,KXMLBGAME-26JUL201907TBTOR,no,1358911.02,0.0000,2026-07-21T01:44:31Z,1.0000
KXMLBGAME-26JUL201907TBTOR-TB,KXMLBGAME-26JUL201907TBTOR,yes,2582548.90,0.0000,2026-07-21T01:44:31Z,1.0000
KXMLBGAME-26JUL201910LADPHI-PHI,KXMLBGAME-26JUL201910LADPHI,yes,1977109.87,0.0000,2026-07-21T02:19:35Z,1.0000
KXMLBGAME-26JUL201910LADPHI-LAD,KXMLBGAME-26JUL201910LADPHI,no,5067056.60,0.0000,2026-07-21T02:19:35Z,1.0000
KXMLBGAME-26JUL201910BALBOS-BOS,KXMLBGAME-26JUL201910BALBOS,yes,3522174.72,0.0000,2026-07-21T01:39:36Z,1.0000
KXMLBGAME-26JUL201910BALBOS-BAL,KXMLBGAME-26JUL201910BALBOS,no,3170317.08,0.0000,2026-07-21T01:39:36Z,1.0000
KXMLBGAME-26JUL201840MINCLE-MIN,KXMLBGAME-26JUL201840MINCLE,no,2718171.34,0.0000,2026-07-21T01:29:44Z,1.0000
KXMLBGAME-26JUL201840MINCLE-CLE,KXMLBGAME-26JUL201840MINCLE,yes,1842561.20,0.0000,2026-07-21T01:29:44Z,1.0000
KXMLBGAME-26JUL191920LADNYY-NYY,KXMLBGAME-26JUL191920LADNYY,yes,5702981.94,0.0000,2026-07-20T02:19:36Z,1.0000
KXMLBGAME-26JUL191920LADNYY-LAD,KXMLBGAME-26JUL191920LADNYY,no,10574508.01,0.0000,2026-07-20T02:19:36Z,1.0000
KXMLBGAME-26JUL191610SFSEA-SF,KXMLBGAME-26JUL191610SFSEA,no,2508009.36,0.0000,2026-07-19T22:54:25Z,1.0000
KXMLBGAME-26JUL191610SFSEA-SEA,KXMLBGAME-26JUL191610SFSEA,yes,1895946.44,0.0000,2026-07-19T22:54:25Z,1.0000
KXMLBGAME-26JUL191605WSHATH-WSH,KXMLBGAME-26JUL191605WSHATH,yes,2933908.57,0.0000,2026-07-19T22:54:24Z,1.0000
KXMLBGAME-26JUL191605WSHATH-ATH,KXMLBGAME-26JUL191605WSHATH,no,1316736.79,0.0000,2026-07-19T22:54:24Z,1.0000
KXMLBGAME-26JUL191607DETLAA-LAA,KXMLBGAME-26JUL191607DETLAA,yes,2151552.45,0.0000,2026-07-19T23:04:24Z,1.0000
KXMLBGAME-26JUL191607DETLAA-DET,KXMLBGAME-26JUL191607DETLAA,no,3009471.05,0.0000,2026-07-19T23:04:24Z,1.0000
KXMLBGAME-26JUL191610STLAZ-STL,KXMLBGAME-26JUL191610STLAZ,no,2546084.53,0.0000,2026-07-19T23:39:32Z,1.0000
KXMLBGAME-26JUL191610STLAZ-AZ,KXMLBGAME-26JUL191610STLAZ,yes,2730346.00,0.0000,2026-07-19T23:39:32Z,1.0000
KXMLBGAME-26JUL191510CINCOL-COL,KXMLBGAME-26JUL191510CINCOL,no,688676.92,0.0000,2026-07-19T21:59:45Z,1.0000
KXMLBGAME-26JUL191510CINCOL-CIN,KXMLBGAME-26JUL191510CINCOL,yes,908653.78,0.0000,2026-07-19T21:59:45Z,1.0000
KXMLBGAME-26JUL191420MINCHC-MIN,KXMLBGAME-26JUL191420MINCHC,no,262862.35,0.0000,2026-07-19T21:09:35Z,1.0000
KXMLBGAME-26JUL191420MINCHC-CHC,KXMLBGAME-26JUL191420MINCHC,yes,358739.92,0.0000,2026-07-19T21:09:35Z,1.0000
KXMLBGAME-26JUL191410MIAMIL-MIL,KXMLBGAME-26JUL191410MIAMIL,yes,1640029.15,0.0000,2026-07-19T21:04:30Z,1.0000
KXMLBGAME-26JUL191410MIAMIL-MIA,KXMLBGAME-26JUL191410MIAMIL,no,1045079.06,0.0000,2026-07-19T21:04:30Z,1.0000
KXMLBGAME-26JUL191410BALHOU-HOU,KXMLBGAME-26JUL191410BALHOU,no,1181745.11,0.0000,2026-07-19T21:14:29Z,1.0000
KXMLBGAME-26JUL191410BALHOU-BAL,KXMLBGAME-26JUL191410BALHOU,yes,1133150.98,0.0000,2026-07-19T21:14:29Z,1.0000
KXMLBGAME-26JUL191410SDKC-SD,KXMLBGAME-26JUL191410SDKC,yes,1076618.77,0.0000,2026-07-19T21:14:28Z,1.0000
KXMLBGAME-26JUL191410SDKC-KC,KXMLBGAME-26JUL191410SDKC,no,410211.20,0.0000,2026-07-19T21:14:28Z,1.0000
KXMLBGAME-26JUL191335TEXATL-TEX,KXMLBGAME-26JUL191335TEXATL,no,1138766.92,0.0000,2026-07-19T20:29:49Z,1.0000
KXMLBGAME-26JUL191335TEXATL-ATL,KXMLBGAME-26JUL191335TEXATL,yes,1194098.92,0.0000,2026-07-19T20:29:49Z,1.0000
KXMLBGAME-26JUL191340PITCLE-PIT,KXMLBGAME-26JUL191340PITCLE,yes,1269028.35,0.0000,2026-07-19T20:29:50Z,1.0000
KXMLBGAME-26JUL191340PITCLE-CLE,KXMLBGAME-26JUL191340PITCLE,no,990826.71,0.0000,2026-07-19T20:29:50Z,1.0000
KXMLBGAME-26JUL191335NYMPHI-PHI,KXMLBGAME-26JUL191335NYMPHI,no,807812.18,0.0000,2026-07-19T20:49:34Z,1.0000
KXMLBGAME-26JUL191335NYMPHI-NYM,KXMLBGAME-26JUL191335NYMPHI,yes,523194.74,0.0000,2026-07-19T20:49:34Z,1.0000
KXMLBGAME-26JUL191335TBBOS-TB,KXMLBGAME-26JUL191335TBBOS,no,1489054.20,0.0000,2026-07-19T20:09:38Z,1.0000
KXMLBGAME-26JUL191335TBBOS-BOS,KXMLBGAME-26JUL191335TBBOS,yes,1804950.53,0.0000,2026-07-19T20:09:38Z,1.0000
KXMLBGAME-26JUL191215CWSTOR-TOR,KXMLBGAME-26JUL191215CWSTOR,no,1590949.97,0.0000,2026-07-19T18:39:41Z,1.0000
KXMLBGAME-26JUL191215CWSTOR-CWS,KXMLBGAME-26JUL191215CWSTOR,yes,2542703.72,0.0000,2026-07-19T18:39:41Z,1.0000
KXMLBGAME-26JUL182205WSHATH-WSH,KXMLBGAME-26JUL182205WSHATH,no,3767088.67,0.0000,2026-07-19T04:54:23Z,1.0000
KXMLBGAME-26JUL182205WSHATH-ATH,KXMLBGAME-26JUL182205WSHATH,yes,1603974.51,0.0000,2026-07-19T04:54:23Z,1.0000
KXMLBGAME-26JUL182207DETLAA-LAA,KXMLBGAME-26JUL182207DETLAA,no,1537571.12,0.0000,2026-07-19T04:44:26Z,1.0000
KXMLBGAME-26JUL182207DETLAA-DET,KXMLBGAME-26JUL182207DETLAA,yes,1423959.24,0.0000,2026-07-19T04:44:26Z,1.0000
KXMLBGAME-26JUL182008LADNYY-NYY,KXMLBGAME-26JUL182008LADNYY,no,1141640.68,0.0000,2026-07-19T19:44:32Z,1.0000
KXMLBGAME-26JUL182008LADNYY-LAD,KXMLBGAME-26JUL182008LADNYY,yes,1766319.85,0.0000,2026-07-19T19:44:32Z,1.0000
KXMLBGAME-26JUL182008SFSEA-SF,KXMLBGAME-26JUL182008SFSEA,no,4529425.26,0.0000,2026-07-19T03:19:32Z,1.0000
KXMLBGAME-26JUL182008SFSEA-SEA,KXMLBGAME-26JUL182008SFSEA,yes,4510472.90,0.0000,2026-07-19T03:19:32Z,1.0000
KXMLBGAME-26JUL181610TEXATL-TEX,KXMLBGAME-26JUL181610TEXATL,yes,1883517.64,0.0000,2026-07-18T23:14:28Z,1.0000
KXMLBGAME-26JUL181610TEXATL-ATL,KXMLBGAME-26JUL181610TEXATL,no,2467247.51,0.0000,2026-07-18T23:14:28Z,1.0000
KXMLBGAME-26JUL181610BALHOU-HOU,KXMLBGAME-26JUL181610BALHOU,no,4253358.56,0.0000,2026-07-18T23:44:35Z,1.0000
KXMLBGAME-26JUL181610BALHOU-BAL,KXMLBGAME-26JUL181610BALHOU,yes,4601076.33,0.0000,2026-07-18T23:44:35Z,1.0000
KXMLBGAME-26JUL181610PITCLE-PIT,KXMLBGAME-26JUL181610PITCLE,no,3502828.97,0.0000,2026-07-19T03:24:22Z,1.0000
KXMLBGAME-26JUL181610PITCLE-CLE,KXMLBGAME-26JUL181610PITCLE,yes,2761031.58,0.0000,2026-07-19T03:24:22Z,1.0000
KXMLBGAME-26JUL181610SDKC-SD,KXMLBGAME-26JUL181610SDKC,no,755409.70,0.0000,2026-07-18T22:44:36Z,1.0000
KXMLBGAME-26JUL181610SDKC-KC,KXMLBGAME-26JUL181610SDKC,yes,575217.08,0.0000,2026-07-18T22:44:36Z,1.0000
KXMLBGAME-26JUL181610STLAZ-STL,KXMLBGAME-26JUL181610STLAZ,no,693507.53,0.0000,2026-07-18T22:59:41Z,1.0000
KXMLBGAME-26JUL181610STLAZ-AZ,KXMLBGAME-26JUL181610STLAZ,yes,708289.97,0.0000,2026-07-18T22:59:41Z,1.0000
KXMLBGAME-26JUL181605NYMPHI-PHI,KXMLBGAME-26JUL181605NYMPHI,yes,2150724.20,0.0000,2026-07-18T22:49:38Z,1.0000
KXMLBGAME-26JUL181605NYMPHI-NYM,KXMLBGAME-26JUL181605NYMPHI,no,1698891.21,0.0000,2026-07-18T22:49:38Z,1.0000
KXMLBGAME-26JUL181610TBBOS-TB,KXMLBGAME-26JUL181610TBBOS,no,2813060.73,0.0000,2026-07-18T23:59:41Z,1.0000
KXMLBGAME-26JUL181610TBBOS-BOS,KXMLBGAME-26JUL181610TBBOS,yes,2769919.01,0.0000,2026-07-18T23:59:41Z,1.0000
KXMLBGAME-26JUL181610MIAMIL-MIL,KXMLBGAME-26JUL181610MIAMIL,yes,2002194.98,0.0000,2026-07-18T23:19:33Z,1.0000
KXMLBGAME-26JUL181610MIAMIL-MIA,KXMLBGAME-26JUL181610MIAMIL,no,1779550.69,0.0000,2026-07-18T23:19:33Z,1.0000
KXMLBGAME-26JUL181510CINCOL-COL,KXMLBGAME-26JUL181510CINCOL,yes,936657.14,0.0000,2026-07-18T21:44:29Z,1.0000
KXMLBGAME-26JUL181510CINCOL-CIN,KXMLBGAME-26JUL181510CINCOL,no,785406.02,0.0000,2026-07-18T21:44:29Z,1.0000
KXMLBGAME-26JUL181507CWSTOR-TOR,KXMLBGAME-26JUL181507CWSTOR,yes,1070048.11,0.0000,2026-07-18T21:59:44Z,1.0000
KXMLBGAME-26JUL181507CWSTOR-CWS,KXMLBGAME-26JUL181507CWSTOR,no,2510359.69,0.0000,2026-07-18T21:59:44Z,1.0000
KXMLBGAME-26JUL181420MINCHC-MIN,KXMLBGAME-26JUL181420MINCHC,no,2481821.08,0.0000,2026-07-18T21:04:34Z,1.0000
KXMLBGAME-26JUL181420MINCHC-CHC,KXMLBGAME-26JUL181420MINCHC,yes,2143265.31,0.0000,2026-07-18T21:04:34Z,1.0000
KXMLBGAME-26JUL172210SFSEA-SF,KXMLBGAME-26JUL172210SFSEA,yes,2133342.96,0.0000,2026-07-18T04:54:28Z,1.0000
KXMLBGAME-26JUL172210SFSEA-SEA,KXMLBGAME-26JUL172210SFSEA,no,2460797.39,0.0000,2026-07-18T04:54:28Z,1.0000
KXMLBGAME-26JUL172140WSHATH-WSH,KXMLBGAME-26JUL172140WSHATH,yes,1337110.11,0.0000,2026-07-18T05:04:22Z,1.0000
KXMLBGAME-26JUL172140WSHATH-ATH,KXMLBGAME-26JUL172140WSHATH,no,877049.06,0.0000,2026-07-18T05:04:22Z,1.0000
KXMLBGAME-26JUL172140STLAZ-STL,KXMLBGAME-26JUL172140STLAZ,yes,2300276.57,0.0000,2026-07-18T04:34:24Z,1.0000
KXMLBGAME-26JUL172140STLAZ-AZ,KXMLBGAME-26JUL172140STLAZ,no,3105517.48,0.0000,2026-07-18T04:34:24Z,1.0000
KXMLBGAME-26JUL172138DETLAA-LAA,KXMLBGAME-26JUL172138DETLAA,no,3106643.48,0.0000,2026-07-18T04:24:26Z,1.0000
KXMLBGAME-26JUL172138DETLAA-DET,KXMLBGAME-26JUL172138DETLAA,yes,4960690.34,0.0000,2026-07-18T04:24:26Z,1.0000
KXMLBGAME-26JUL172040CINCOL-COL,KXMLBGAME-26JUL172040CINCOL,no,563365.00,0.0000,2026-07-18T03:14:31Z,1.0000
KXMLBGAME-26JUL172040CINCOL-CIN,KXMLBGAME-26JUL172040CINCOL,yes,1184608.85,0.0000,2026-07-18T03:14:31Z,1.0000
KXMLBGAME-26JUL172010SDKC-SD,KXMLBGAME-26JUL172010SDKC,no,4059786.62,0.0000,2026-07-18T03:19:38Z,1.0000
KXMLBGAME-26JUL172010SDKC-KC,KXMLBGAME-26JUL172010SDKC,yes,2335719.45,0.0000,2026-07-18T03:19:38Z,1.0000
KXMLBGAME-26JUL172005MINCHC-MIN,KXMLBGAME-26JUL172005MINCHC,yes,2074034.94,0.0000,2026-07-18T02:59:46Z,1.0000
KXMLBGAME-26JUL172005MINCHC-CHC,KXMLBGAME-26JUL172005MINCHC,no,1525689.99,0.0000,2026-07-18T02:59:46Z,1.0000
KXMLBGAME-26JUL172010BALHOU-HOU,KXMLBGAME-26JUL172010BALHOU,no,1538298.68,0.0000,2026-07-18T03:29:37Z,1.0000
KXMLBGAME-26JUL172010BALHOU-BAL,KXMLBGAME-26JUL172010BALHOU,yes,1745430.55,0.0000,2026-07-18T03:29:37Z,1.0000
KXMLBGAME-26JUL171940MIAMIL-MIL,KXMLBGAME-26JUL171940MIAMIL,yes,2785885.31,0.0000,2026-07-18T02:59:47Z,1.0000
KXMLBGAME-26JUL171940MIAMIL-MIA,KXMLBGAME-26JUL171940MIAMIL,no,2439524.52,0.0000,2026-07-18T02:59:47Z,1.0000
KXMLBGAME-26JUL171910TBBOSG2-TB,KXMLBGAME-26JUL171910TBBOSG2,no,1655650.67,0.0000,2026-07-18T01:49:37Z,1.0000
KXMLBGAME-26JUL171910TBBOSG2-BOS,KXMLBGAME-26JUL171910TBBOSG2,yes,2048438.99,0.0000,2026-07-18T01:49:37Z,1.0000
KXMLBGAME-26JUL171910PITCLE-PIT,KXMLBGAME-26JUL171910PITCLE,yes,2852514.08,0.0000,2026-07-18T19:39:43Z,1.0000
KXMLBGAME-26JUL171910PITCLE-CLE,KXMLBGAME-26JUL171910PITCLE,no,2823140.20,0.0000,2026-07-18T19:39:43Z,1.0000
KXMLBGAME-26JUL171905LADNYY-NYY,KXMLBGAME-26JUL171905LADNYY,no,2910853.16,0.0000,2026-07-18T01:59:47Z,1.0000
KXMLBGAME-26JUL171905LADNYY-LAD,KXMLBGAME-26JUL171905LADNYY,yes,4451225.86,0.0000,2026-07-18T01:59:47Z,1.0000
KXMLBGAME-26JUL171915TEXATL-TEX,KXMLBGAME-26JUL171915TEXATL,no,1106173.30,0.0000,2026-07-18T02:14:36Z,1.0000
KXMLBGAME-26JUL171915TEXATL-ATL,KXMLBGAME-26JUL171915TEXATL,yes,1225461.21,0.0000,2026-07-18T02:14:36Z,1.0000
KXMLBGAME-26JUL171915CWSTOR-TOR,KXMLBGAME-26JUL171915CWSTOR,no,884081.95,0.0000,2026-07-18T02:34:30Z,1.0000
KXMLBGAME-26JUL171915CWSTOR-CWS,KXMLBGAME-26JUL171915CWSTOR,yes,918725.74,0.0000,2026-07-18T02:34:30Z,1.0000
KXMLBGAME-26JUL171335TBBOSG1-TB,KXMLBGAME-26JUL171335TBBOSG1,no,4423722.42,0.0000,2026-07-17T20:04:26Z,1.0000
KXMLBGAME-26JUL171335TBBOSG1-BOS,KXMLBGAME-26JUL171335TBBOSG1,yes,3456733.00,0.0000,2026-07-17T20:04:26Z,1.0000
KXMLBGAME-26JUL161910NYMPHI-PHI,KXMLBGAME-26JUL161910NYMPHI,no,5232551.69,0.0000,2026-07-17T00:59:47Z,1.0000
KXMLBGAME-26JUL161910NYMPHI-NYM,KXMLBGAME-26JUL161910NYMPHI,yes,4560266.75,0.0000,2026-07-17T00:59:47Z,1.0000
KXMLBGAME-26JUL142000ALNL-NL,KXMLBGAME-26JUL142000ALNL,no,4834715.62,0.0000,2026-07-15T03:15:51Z,1.0000
KXMLBGAME-26JUL142000ALNL-AL,KXMLBGAME-26JUL142000ALNL,yes,3755834.47,0.0000,2026-07-15T03:15:51Z,1.0000
KXMLBGAME-26JUL121610TORSD-TOR,KXMLBGAME-26JUL121610TORSD,no,4108384.28,0.0000,2026-07-12T22:54:21Z,1.0000
KXMLBGAME-26JUL121610TORSD-SD,KXMLBGAME-26JUL121610TORSD,yes,4555097.73,0.0000,2026-07-12T22:54:21Z,1.0000
KXMLBGAME-26JUL121610AZLAD-LAD,KXMLBGAME-26JUL121610AZLAD,no,4384090.74,0.0000,2026-07-12T23:09:29Z,1.0000
KXMLBGAME-26JUL121610AZLAD-AZ,KXMLBGAME-26JUL121610AZLAD,yes,4680791.87,0.0000,2026-07-12T23:09:29Z,1.0000
KXMLBGAME-26JUL121605COLSF-SF,KXMLBGAME-26JUL121605COLSF,yes,3557779.08,0.0000,2026-07-12T22:34:22Z,1.0000
KXMLBGAME-26JUL121605COLSF-COL,KXMLBGAME-26JUL121605COLSF,no,2958730.22,0.0000,2026-07-12T22:34:22Z,1.0000
KXMLBGAME-26JUL121435HOUTEX-TEX,KXMLBGAME-26JUL121435HOUTEX,yes,2549348.28,0.0000,2026-07-12T21:44:24Z,1.0000
KXMLBGAME-26JUL121435HOUTEX-HOU,KXMLBGAME-26JUL121435HOUTEX,no,2802408.40,0.0000,2026-07-12T21:44:24Z,1.0000
KXMLBGAME-26JUL121410LAAMIN-MIN,KXMLBGAME-26JUL121410LAAMIN,yes,1463836.30,0.0000,2026-07-12T20:44:26Z,1.0000
KXMLBGAME-26JUL121410LAAMIN-LAA,KXMLBGAME-26JUL121410LAAMIN,no,569801.20,0.0000,2026-07-12T20:44:26Z,1.0000
KXMLBGAME-26JUL121410ATHCWS-CWS,KXMLBGAME-26JUL121410ATHCWS,yes,510431.23,0.0000,2026-07-12T20:39:33Z,1.0000
KXMLBGAME-26JUL121410ATHCWS-ATH,KXMLBGAME-26JUL121410ATHCWS,no,801974.69,0.0000,2026-07-12T20:39:33Z,1.0000
KXMLBGAME-26JUL121415ATLSTL-STL,KXMLBGAME-26JUL121415ATLSTL,no,1852767.03,0.0000,2026-07-12T21:24:23Z,1.0000
KXMLBGAME-26JUL121415ATLSTL-ATL,KXMLBGAME-26JUL121415ATLSTL,yes,2374699.67,0.0000,2026-07-12T21:24:23Z,1.0000
KXMLBGAME-26JUL121335NYYWSH-WSH,KXMLBGAME-26JUL121335NYYWSH,no,2363584.64,0.0000,2026-07-12T20:39:34Z,1.0000
KXMLBGAME-26JUL121335NYYWSH-NYY,KXMLBGAME-26JUL121335NYYWSH,yes,4794674.72,0.0000,2026-07-12T20:39:34Z,1.0000
KXMLBGAME-26JUL121340CHCCIN-CIN,KXMLBGAME-26JUL121340CHCCIN,no,752954.41,0.0000,2026-07-12T20:39:34Z,1.0000
KXMLBGAME-26JUL121340CHCCIN-CHC,KXMLBGAME-26JUL121340CHCCIN,yes,1484599.94,0.0000,2026-07-12T20:39:34Z,1.0000
KXMLBGAME-26JUL121335KCBAL-KC,KXMLBGAME-26JUL121335KCBAL,no,856501.26,0.0000,2026-07-12T20:44:28Z,1.0000
KXMLBGAME-26JUL121335KCBAL-BAL,KXMLBGAME-26JUL121335KCBAL,yes,1306556.59,0.0000,2026-07-12T20:44:28Z,1.0000
KXMLBGAME-26JUL121340BOSNYM-NYM,KXMLBGAME-26JUL121340BOSNYM,no,1655427.06,0.0000,2026-07-12T20:24:28Z,1.0000
KXMLBGAME-26JUL121340BOSNYM-BOS,KXMLBGAME-26JUL121340BOSNYM,yes,3382536.62,0.0000,2026-07-12T20:24:28Z,1.0000
KXMLBGAME-26JUL121340PHIDET-PHI,KXMLBGAME-26JUL121340PHIDET,yes,1777262.13,0.0000,2026-07-12T20:29:42Z,1.0000
KXMLBGAME-26JUL121340PHIDET-DET,KXMLBGAME-26JUL121340PHIDET,no,816003.09,0.0000,2026-07-12T20:29:42Z,1.0000
KXMLBGAME-26JUL121340SEATB-TB,KXMLBGAME-26JUL121340SEATB,no,1775538.49,0.0000,2026-07-12T20:44:27Z,1.0000
KXMLBGAME-26JUL121340SEATB-SEA,KXMLBGAME-26JUL121340SEATB,yes,1239716.54,0.0000,2026-07-12T20:44:27Z,1.0000
KXMLBGAME-26JUL121340CLEMIA-MIA,KXMLBGAME-26JUL121340CLEMIA,no,1401050.49,0.0000,2026-07-12T20:49:32Z,1.0000
KXMLBGAME-26JUL121340CLEMIA-CLE,KXMLBGAME-26JUL121340CLEMIA,yes,1098718.16,0.0000,2026-07-12T20:49:32Z,1.0000
KXMLBGAME-26JUL121215MILPIT-PIT,KXMLBGAME-26JUL121215MILPIT,yes,2205768.93,0.0000,2026-07-12T19:24:29Z,1.0000
KXMLBGAME-26JUL121215MILPIT-MIL,KXMLBGAME-26JUL121215MILPIT,no,4227190.93,0.0000,2026-07-12T19:24:29Z,1.0000
KXMLBGAME-26JUL112110AZLAD-LAD,KXMLBGAME-26JUL112110AZLAD,no,3408996.24,0.0000,2026-07-12T04:04:23Z,1.0000
KXMLBGAME-26JUL112110AZLAD-AZ,KXMLBGAME-26JUL112110AZLAD,yes,1948221.10,0.0000,2026-07-12T04:04:23Z,1.0000
KXMLBGAME-26JUL112040TORSD-TOR,KXMLBGAME-26JUL112040TORSD,no,4044819.78,0.0000,2026-07-12T03:59:42Z,1.0000
KXMLBGAME-26JUL112040TORSD-SD,KXMLBGAME-26JUL112040TORSD,yes,2242134.46,0.0000,2026-07-12T03:59:42Z,1.0000
KXMLBGAME-26JUL111905KCBAL-KC,KXMLBGAME-26JUL111905KCBAL,no,712525.93,0.0000,2026-07-12T01:24:23Z,1.0000
KXMLBGAME-26JUL111905KCBAL-BAL,KXMLBGAME-26JUL111905KCBAL,yes,1003769.02,0.0000,2026-07-12T01:24:23Z,1.0000
KXMLBGAME-26JUL111905HOUTEX-TEX,KXMLBGAME-26JUL111905HOUTEX,no,1281923.59,0.0000,2026-07-12T02:19:29Z,1.0000
KXMLBGAME-26JUL111905HOUTEX-HOU,KXMLBGAME-26JUL111905HOUTEX,yes,1416020.03,0.0000,2026-07-12T02:19:29Z,1.0000
KXMLBGAME-26JUL111915ATLSTL-STL,KXMLBGAME-26JUL111915ATLSTL,yes,579797.64,0.0000,2026-07-12T01:39:36Z,1.0000
KXMLBGAME-26JUL111915ATLSTL-ATL,KXMLBGAME-26JUL111915ATLSTL,no,1512698.37,0.0000,2026-07-12T01:39:36Z,1.0000
KXMLBGAME-26JUL111910CHCCIN-CIN,KXMLBGAME-26JUL111910CHCCIN,no,1655122.66,0.0000,2026-07-12T02:24:25Z,1.0000
KXMLBGAME-26JUL111910CHCCIN-CHC,KXMLBGAME-26JUL111910CHCCIN,yes,3756806.36,0.0000,2026-07-12T02:24:25Z,1.0000
KXMLBGAME-26JUL111810PHIDET-PHI,KXMLBGAME-26JUL111810PHIDET,yes,2640825.95,0.0000,2026-07-12T00:39:41Z,1.0000
KXMLBGAME-26JUL111810PHIDET-DET,KXMLBGAME-26JUL111810PHIDET,no,1902171.02,0.0000,2026-07-12T00:39:41Z,1.0000
KXMLBGAME-26JUL111605COLSF-SF,KXMLBGAME-26JUL111605COLSF,yes,1301545.50,0.0000,2026-07-11T22:34:33Z,1.0000
KXMLBGAME-26JUL111605COLSF-COL,KXMLBGAME-26JUL111605COLSF,no,1010195.40,0.0000,2026-07-11T22:34:33Z,1.0000
KXMLBGAME-26JUL111610BOSNYM-NYM,KXMLBGAME-26JUL111610BOSNYM,no,1058912.78,0.0000,2026-07-11T23:14:29Z,1.0000
KXMLBGAME-26JUL111610BOSNYM-BOS,KXMLBGAME-26JUL111610BOSNYM,yes,2224545.59,0.0000,2026-07-11T23:14:29Z,1.0000
KXMLBGAME-26JUL111605MILPIT-PIT,KXMLBGAME-26JUL111605MILPIT,yes,1053480.21,0.0000,2026-07-11T23:09:34Z,1.0000
KXMLBGAME-26JUL111605MILPIT-MIL,KXMLBGAME-26JUL111605MILPIT,no,2245299.43,0.0000,2026-07-11T23:09:34Z,1.0000
KXMLBGAME-26JUL111610CLEMIA-MIA,KXMLBGAME-26JUL111610CLEMIA,no,1351185.82,0.0000,2026-07-11T23:04:29Z,1.0000
KXMLBGAME-26JUL111610CLEMIA-CLE,KXMLBGAME-26JUL111610CLEMIA,yes,1135897.00,0.0000,2026-07-11T23:04:29Z,1.0000
KXMLBGAME-26JUL111610SEATB-TB,KXMLBGAME-26JUL111610SEATB,yes,921601.70,0.0000,2026-07-11T23:14:28Z,1.0000
KXMLBGAME-26JUL111610SEATB-SEA,KXMLBGAME-26JUL111610SEATB,no,958185.05,0.0000,2026-07-11T23:14:28Z,1.0000
KXMLBGAME-26JUL111605NYYWSH-WSH,KXMLBGAME-26JUL111605NYYWSH,no,1411202.01,0.0000,2026-07-11T23:09:33Z,1.0000
KXMLBGAME-26JUL111605NYYWSH-NYY,KXMLBGAME-26JUL111605NYYWSH,yes,3010912.72,0.0000,2026-07-11T23:09:33Z,1.0000
KXMLBGAME-26JUL111410ATHCWS-CWS,KXMLBGAME-26JUL111410ATHCWS,yes,3872878.15,0.0000,2026-07-11T20:29:48Z,1.0000
KXMLBGAME-26JUL111410ATHCWS-ATH,KXMLBGAME-26JUL111410ATHCWS,no,2315451.59,0.0000,2026-07-11T20:29:48Z,1.0000
KXMLBGAME-26JUL111410LAAMIN-MIN,KXMLBGAME-26JUL111410LAAMIN,yes,2711435.15,0.0000,2026-07-11T21:39:36Z,1.0000
KXMLBGAME-26JUL111410LAAMIN-LAA,KXMLBGAME-26JUL111410LAAMIN,no,1595775.21,0.0000,2026-07-11T21:39:36Z,1.0000
KXMLBGAME-26JUL102215COLSF-SF,KXMLBGAME-26JUL102215COLSF,no,8140842.07,0.0000,2026-07-11T05:59:40Z,1.0000
KXMLBGAME-26JUL102215COLSF-COL,KXMLBGAME-26JUL102215COLSF,yes,6877536.66,0.0000,2026-07-11T05:59:40Z,1.0000
KXMLBGAME-26JUL102210AZLAD-LAD,KXMLBGAME-26JUL102210AZLAD,no,5473318.06,0.0000,2026-07-11T05:09:32Z,1.0000
KXMLBGAME-26JUL102210AZLAD-AZ,KXMLBGAME-26JUL102210AZLAD,yes,3362212.55,0.0000,2026-07-11T05:09:32Z,1.0000
KXMLBGAME-26JUL102140TORSD-TOR,KXMLBGAME-26JUL102140TORSD,yes,3365027.60,0.0000,2026-07-11T04:34:23Z,1.0000
KXMLBGAME-26JUL102140TORSD-SD,KXMLBGAME-26JUL102140TORSD,no,2616815.13,0.0000,2026-07-11T04:34:23Z,1.0000
KXMLBGAME-26JUL102015ATLSTL-STL,KXMLBGAME-26JUL102015ATLSTL,yes,1654591.90,0.0000,2026-07-11T05:29:34Z,1.0000
KXMLBGAME-26JUL102015ATLSTL-ATL,KXMLBGAME-26JUL102015ATLSTL,no,2552483.72,0.0000,2026-07-11T05:29:34Z,1.0000
KXMLBGAME-26JUL102010LAAMIN-MIN,KXMLBGAME-26JUL102010LAAMIN,no,1794013.78,0.0000,2026-07-11T02:59:39Z,1.0000
KXMLBGAME-26JUL102010LAAMIN-LAA,KXMLBGAME-26JUL102010LAAMIN,yes,2128522.50,0.0000,2026-07-11T02:59:39Z,1.0000
KXMLBGAME-26JUL102005HOUTEX-TEX,KXMLBGAME-26JUL102005HOUTEX,yes,1778432.20,0.0000,2026-07-11T02:44:26Z,1.0000
KXMLBGAME-26JUL102005HOUTEX-HOU,KXMLBGAME-26JUL102005HOUTEX,no,2432554.88,0.0000,2026-07-11T02:44:26Z,1.0000
KXMLBGAME-26JUL101940ATHCWS-CWS,KXMLBGAME-26JUL101940ATHCWS,yes,934306.35,0.0000,2026-07-11T02:24:26Z,1.0000
KXMLBGAME-26JUL101940ATHCWS-ATH,KXMLBGAME-26JUL101940ATHCWS,no,801875.63,0.0000,2026-07-11T02:24:26Z,1.0000
KXMLBGAME-26JUL101910SEATB-TB,KXMLBGAME-26JUL101910SEATB,yes,3168588.66,0.0000,2026-07-11T01:39:40Z,1.0000
KXMLBGAME-26JUL101910SEATB-SEA,KXMLBGAME-26JUL101910SEATB,no,1387013.57,0.0000,2026-07-11T01:39:40Z,1.0000
KXMLBGAME-26JUL101910CHCCIN-CIN,KXMLBGAME-26JUL101910CHCCIN,yes,1187514.02,0.0000,2026-07-11T01:54:28Z,1.0000
KXMLBGAME-26JUL101910CHCCIN-CHC,KXMLBGAME-26JUL101910CHCCIN,no,1830618.26,0.0000,2026-07-11T01:54:28Z,1.0000
KXMLBGAME-26JUL101915BOSNYM-NYM,KXMLBGAME-26JUL101915BOSNYM,no,2324670.34,0.0000,2026-07-11T03:04:26Z,1.0000
KXMLBGAME-26JUL101915BOSNYM-BOS,KXMLBGAME-26JUL101915BOSNYM,yes,2291714.12,0.0000,2026-07-11T03:04:26Z,1.0000
KXMLBGAME-26JUL101910CLEMIA-MIA,KXMLBGAME-26JUL101910CLEMIA,no,2405690.71,0.0000,2026-07-11T01:39:40Z,1.0000
KXMLBGAME-26JUL101910CLEMIA-CLE,KXMLBGAME-26JUL101910CLEMIA,yes,1444318.45,0.0000,2026-07-11T01:39:40Z,1.0000
KXMLBGAME-26JUL101905KCBAL-KC,KXMLBGAME-26JUL101905KCBAL,no,1109785.61,0.0000,2026-07-11T01:29:40Z,1.0000
KXMLBGAME-26JUL101905KCBAL-BAL,KXMLBGAME-26JUL101905KCBAL,yes,1554950.25,0.0000,2026-07-11T01:29:40Z,1.0000
KXMLBGAME-26JUL101840PHIDET-PHI,KXMLBGAME-26JUL101840PHIDET,no,3610277.50,0.0000,2026-07-11T01:19:44Z,1.0000
KXMLBGAME-26JUL101840PHIDET-DET,KXMLBGAME-26JUL101840PHIDET,yes,3485717.10,0.0000,2026-07-11T01:19:44Z,1.0000
KXMLBGAME-26JUL101840MILPIT-PIT,KXMLBGAME-26JUL101840MILPIT,yes,4318521.65,0.0000,2026-07-11T18:59:45Z,1.0000
KXMLBGAME-26JUL101840MILPIT-MIL,KXMLBGAME-26JUL101840MILPIT,no,6160546.42,0.0000,2026-07-11T18:59:45Z,1.0000
KXMLBGAME-26JUL101845NYYWSH-WSH,KXMLBGAME-26JUL101845NYYWSH,no,2632973.96,0.0000,2026-07-11T03:59:53Z,1.0000
KXMLBGAME-26JUL101845NYYWSH-NYY,KXMLBGAME-26JUL101845NYYWSH,yes,3034101.78,0.0000,2026-07-11T03:59:53Z,1.0000
KXMLBGAME-26JUL092145COLSF-SF,KXMLBGAME-26JUL092145COLSF,yes,3185978.69,0.0000,2026-07-10T04:39:29Z,1.0000
KXMLBGAME-26JUL092145COLSF-COL,KXMLBGAME-26JUL092145COLSF,no,4048456.57,0.0000,2026-07-10T04:39:29Z,1.0000
KXMLBGAME-26JUL092140AZSD-SD,KXMLBGAME-26JUL092140AZSD,no,2660560.39,0.0000,2026-07-10T04:19:31Z,1.0000
KXMLBGAME-26JUL092140AZSD-AZ,KXMLBGAME-26JUL092140AZSD,yes,2624889.98,0.0000,2026-07-10T04:19:31Z,1.0000
KXMLBGAME-26JUL092005LAATEX-TEX,KXMLBGAME-26JUL092005LAATEX,yes,2933861.52,0.0000,2026-07-10T03:19:31Z,1.0000
KXMLBGAME-26JUL092005LAATEX-LAA,KXMLBGAME-26JUL092005LAATEX,no,3588652.17,0.0000,2026-07-10T03:19:31Z,1.0000
KXMLBGAME-26JUL091945MILSTL-STL,KXMLBGAME-26JUL091945MILSTL,no,1886979.45,0.0000,2026-07-10T02:44:26Z,1.0000
KXMLBGAME-26JUL091945MILSTL-MIL,KXMLBGAME-26JUL091945MILSTL,yes,3400259.93,0.0000,2026-07-10T02:44:26Z,1.0000
KXMLBGAME-26JUL091910PHICIN-PHI,KXMLBGAME-26JUL091910PHICIN,yes,4616547.60,0.0000,2026-07-10T01:29:37Z,1.0000
KXMLBGAME-26JUL091910PHICIN-CIN,KXMLBGAME-26JUL091910PHICIN,no,2505753.96,0.0000,2026-07-10T01:29:37Z,1.0000
KXMLBGAME-26JUL091835CHCBAL-CHC,KXMLBGAME-26JUL091835CHCBAL,no,2419112.69,0.0000,2026-07-09T20:11:33Z,1.0000
KXMLBGAME-26JUL091835CHCBAL-BAL,KXMLBGAME-26JUL091835CHCBAL,yes,1765165.73,0.0000,2026-07-09T20:11:33Z,1.0000
KXMLBGAME-26JUL091840SEAMIA-SEA,KXMLBGAME-26JUL091840SEAMIA,no,4958703.73,0.0000,2026-07-10T01:34:25Z,1.0000
KXMLBGAME-26JUL091840SEAMIA-MIA,KXMLBGAME-26JUL091840SEAMIA,yes,3801461.57,0.0000,2026-07-10T01:34:25Z,1.0000
KXMLBGAME-26JUL091840ATHDET-DET,KXMLBGAME-26JUL091840ATHDET,yes,3150897.53,0.0000,2026-07-10T01:14:27Z,1.0000
KXMLBGAME-26JUL091840ATHDET-ATH,KXMLBGAME-26JUL091840ATHDET,no,1986244.63,0.0000,2026-07-10T01:14:27Z,1.0000
KXMLBGAME-26JUL091410BOSCWS-CWS,KXMLBGAME-26JUL091410BOSCWS,no,1519098.76,0.0000,2026-07-09T20:49:36Z,1.0000
KXMLBGAME-26JUL091410BOSCWS-BOS,KXMLBGAME-26JUL091410BOSCWS,yes,1208364.46,0.0000,2026-07-09T20:49:36Z,1.0000
KXMLBGAME-26JUL091340CLEMIN-MIN,KXMLBGAME-26JUL091340CLEMIN,no,849415.65,0.0000,2026-07-09T20:11:34Z,1.0000
KXMLBGAME-26JUL091340CLEMIN-CLE,KXMLBGAME-26JUL091340CLEMIN,yes,1379447.37,0.0000,2026-07-09T20:11:34Z,1.0000
KXMLBGAME-26JUL091310NYYTB-TB,KXMLBGAME-26JUL091310NYYTB,no,1701359.35,0.0000,2026-07-09T20:11:35Z,1.0000
KXMLBGAME-26JUL091310NYYTB-NYY,KXMLBGAME-26JUL091310NYYTB,yes,1215967.67,0.0000,2026-07-09T20:11:35Z,1.0000
KXMLBGAME-26JUL091310KCNYM-NYM,KXMLBGAME-26JUL091310KCNYM,yes,1458341.43,0.0000,2026-07-09T19:39:37Z,1.0000
KXMLBGAME-26JUL091310KCNYM-KC,KXMLBGAME-26JUL091310KCNYM,no,1719299.86,0.0000,2026-07-09T19:39:37Z,1.0000
KXMLBGAME-26JUL091235ATLPIT-PIT,KXMLBGAME-26JUL091235ATLPIT,no,2975724.52,0.0000,2026-07-09T20:29:43Z,1.0000
KXMLBGAME-26JUL091235ATLPIT-ATL,KXMLBGAME-26JUL091235ATLPIT,yes,4260431.41,0.0000,2026-07-09T20:29:43Z,1.0000
KXMLBGAME-26JUL082210COLLAD-LAD,KXMLBGAME-26JUL082210COLLAD,yes,5062412.35,0.0000,2026-07-09T04:44:24Z,1.0000
KXMLBGAME-26JUL082210COLLAD-COL,KXMLBGAME-26JUL082210COLLAD,no,5485134.96,0.0000,2026-07-09T04:44:24Z,1.0000
KXMLBGAME-26JUL082210AZSD-SD,KXMLBGAME-26JUL082210AZSD,yes,2441971.71,0.0000,2026-07-09T05:14:28Z,1.0000
KXMLBGAME-26JUL082210AZSD-AZ,KXMLBGAME-26JUL082210AZSD,no,2617642.88,0.0000,2026-07-09T05:14:28Z,1.0000
KXMLBGAME-26JUL082005LAATEX-TEX,KXMLBGAME-26JUL082005LAATEX,no,1621561.75,0.0000,2026-07-09T03:24:22Z,1.0000
KXMLBGAME-26JUL082005LAATEX-LAA,KXMLBGAME-26JUL082005LAATEX,yes,669715.44,0.0000,2026-07-09T03:24:22Z,1.0000
KXMLBGAME-26JUL081945MILSTL-STL,KXMLBGAME-26JUL081945MILSTL,yes,1170219.04,0.0000,2026-07-09T02:39:35Z,1.0000
KXMLBGAME-26JUL081945MILSTL-MIL,KXMLBGAME-26JUL081945MILSTL,no,2643453.91,0.0000,2026-07-09T02:39:35Z,1.0000
KXMLBGAME-26JUL081940CLEMIN-MIN,KXMLBGAME-26JUL081940CLEMIN,yes,4447429.85,0.0000,2026-07-09T03:14:29Z,1.0000
KXMLBGAME-26JUL081940CLEMIN-CLE,KXMLBGAME-26JUL081940CLEMIN,no,4532617.54,0.0000,2026-07-09T03:14:29Z,1.0000
KXMLBGAME-26JUL081940BOSCWS-CWS,KXMLBGAME-26JUL081940BOSCWS,no,671447.70,0.0000,2026-07-09T02:59:43Z,1.0000
KXMLBGAME-26JUL081940BOSCWS-BOS,KXMLBGAME-26JUL081940BOSCWS,yes,734976.91,0.0000,2026-07-09T02:59:43Z,1.0000
KXMLBGAME-26JUL081910KCNYM-NYM,KXMLBGAME-26JUL081910KCNYM,yes,1289040.23,0.0000,2026-07-09T02:14:30Z,1.0000
KXMLBGAME-26JUL081910KCNYM-KC,KXMLBGAME-26JUL081910KCNYM,no,3065376.44,0.0000,2026-07-09T02:14:30Z,1.0000
KXMLBGAME-26JUL081910PHICIN-PHI,KXMLBGAME-26JUL081910PHICIN,no,1333734.87,0.0000,2026-07-09T02:54:25Z,1.0000
KXMLBGAME-26JUL081910PHICIN-CIN,KXMLBGAME-26JUL081910PHICIN,yes,739575.95,0.0000,2026-07-09T02:54:25Z,1.0000
KXMLBGAME-26JUL081845HOUWSH-WSH,KXMLBGAME-26JUL081845HOUWSH,yes,958959.98,0.0000,2026-07-09T01:49:35Z,1.0000
KXMLBGAME-26JUL081845HOUWSH-HOU,KXMLBGAME-26JUL081845HOUWSH,no,988111.54,0.0000,2026-07-09T01:49:35Z,1.0000
KXMLBGAME-26JUL081840NYYTB-TB,KXMLBGAME-26JUL081840NYYTB,yes,1256495.43,0.0000,2026-07-09T01:14:32Z,1.0000
KXMLBGAME-26JUL081840NYYTB-NYY,KXMLBGAME-26JUL081840NYYTB,no,1083628.74,0.0000,2026-07-09T01:14:32Z,1.0000
KXMLBGAME-26JUL081840SEAMIA-SEA,KXMLBGAME-26JUL081840SEAMIA,no,1300527.10,0.0000,2026-07-09T01:04:36Z,1.0000
KXMLBGAME-26JUL081840SEAMIA-MIA,KXMLBGAME-26JUL081840SEAMIA,yes,934674.27,0.0000,2026-07-09T01:04:36Z,1.0000
KXMLBGAME-26JUL081835CHCBAL-CHC,KXMLBGAME-26JUL081835CHCBAL,yes,2854766.87,0.0000,2026-07-09T02:09:36Z,1.0000
KXMLBGAME-26JUL081835CHCBAL-BAL,KXMLBGAME-26JUL081835CHCBAL,no,2611913.98,0.0000,2026-07-09T02:09:36Z,1.0000
KXMLBGAME-26JUL081840ATHDET-DET,KXMLBGAME-26JUL081840ATHDET,yes,2491562.52,0.0000,2026-07-09T01:34:30Z,1.0000
KXMLBGAME-26JUL081840ATHDET-ATH,KXMLBGAME-26JUL081840ATHDET,no,1102116.31,0.0000,2026-07-09T01:34:30Z,1.0000
KXMLBGAME-26JUL081840ATLPIT-PIT,KXMLBGAME-26JUL081840ATLPIT,no,1108999.81,0.0000,2026-07-09T01:04:37Z,1.0000
KXMLBGAME-26JUL081840ATLPIT-ATL,KXMLBGAME-26JUL081840ATLPIT,yes,1899985.47,0.0000,2026-07-09T01:04:37Z,1.0000
KXMLBGAME-26JUL081545TORSF-TOR,KXMLBGAME-26JUL081545TORSF,yes,3909714.69,0.0000,2026-07-08T22:19:57Z,1.0000
KXMLBGAME-26JUL081545TORSF-SF,KXMLBGAME-26JUL081545TORSF,no,3594384.82,0.0000,2026-07-08T22:19:57Z,1.0000
KXMLBGAME-26JUL072210COLLAD-LAD,KXMLBGAME-26JUL072210COLLAD,no,5631269.73,0.0000,2026-07-08T04:54:23Z,1.0000
KXMLBGAME-26JUL072210COLLAD-COL,KXMLBGAME-26JUL072210COLLAD,yes,5763022.63,0.0000,2026-07-08T04:54:23Z,1.0000
KXMLBGAME-26JUL072140AZSD-SD,KXMLBGAME-26JUL072140AZSD,yes,1959344.63,0.0000,2026-07-08T04:14:30Z,1.0000
KXMLBGAME-26JUL072140AZSD-AZ,KXMLBGAME-26JUL072140AZSD,no,1931385.19,0.0000,2026-07-08T04:14:30Z,1.0000
KXMLBGAME-26JUL072145TORSF-TOR,KXMLBGAME-26JUL072145TORSF,yes,1294195.86,0.0000,2026-07-08T04:19:36Z,1.0000
KXMLBGAME-26JUL072145TORSF-SF,KXMLBGAME-26JUL072145TORSF,no,1760452.19,0.0000,2026-07-08T04:19:36Z,1.0000
KXMLBGAME-26JUL072005LAATEX-TEX,KXMLBGAME-26JUL072005LAATEX,yes,3091000.34,0.0000,2026-07-08T02:59:39Z,1.0000
KXMLBGAME-26JUL072005LAATEX-LAA,KXMLBGAME-26JUL072005LAATEX,no,2233926.54,0.0000,2026-07-08T02:59:39Z,1.0000
KXMLBGAME-26JUL071940CLEMIN-MIN,KXMLBGAME-26JUL071940CLEMIN,yes,854496.39,0.0000,2026-07-08T02:09:37Z,1.0000
KXMLBGAME-26JUL071940CLEMIN-CLE,KXMLBGAME-26JUL071940CLEMIN,no,745155.13,0.0000,2026-07-08T02:09:37Z,1.0000
KXMLBGAME-26JUL071940BOSCWS-CWS,KXMLBGAME-26JUL071940BOSCWS,no,1067116.27,0.0000,2026-07-08T02:39:38Z,1.0000
KXMLBGAME-26JUL071940BOSCWS-BOS,KXMLBGAME-26JUL071940BOSCWS,yes,719754.33,0.0000,2026-07-08T02:39:38Z,1.0000
KXMLBGAME-26JUL071945MILSTLG2-STL,KXMLBGAME-26JUL071945MILSTLG2,no,771629.18,0.0000,2026-07-08T02:29:37Z,1.0000
KXMLBGAME-26JUL071945MILSTLG2-MIL,KXMLBGAME-26JUL071945MILSTLG2,yes,833876.78,0.0000,2026-07-08T02:29:37Z,1.0000
KXMLBGAME-26JUL071910PHICIN-PHI,KXMLBGAME-26JUL071910PHICIN,yes,1660569.95,0.0000,2026-07-08T02:29:38Z,1.0000
KXMLBGAME-26JUL071910PHICIN-CIN,KXMLBGAME-26JUL071910PHICIN,no,750638.54,0.0000,2026-07-08T02:29:38Z,1.0000
KXMLBGAME-26JUL071910KCNYM-NYM,KXMLBGAME-26JUL071910KCNYM,no,2973017.34,0.0000,2026-07-08T02:49:37Z,1.0000
KXMLBGAME-26JUL071910KCNYM-KC,KXMLBGAME-26JUL071910KCNYM,yes,3381181.24,0.0000,2026-07-08T02:49:37Z,1.0000
KXMLBGAME-26JUL071835CHCBAL-CHC,KXMLBGAME-26JUL071835CHCBAL,yes,2498684.40,0.0000,2026-07-08T02:24:27Z,1.0000
KXMLBGAME-26JUL071835CHCBAL-BAL,KXMLBGAME-26JUL071835CHCBAL,no,1440555.05,0.0000,2026-07-08T02:24:27Z,1.0000
KXMLBGAME-26JUL071840ATHDET-DET,KXMLBGAME-26JUL071840ATHDET,yes,789838.43,0.0000,2026-07-08T01:29:45Z,1.0000
KXMLBGAME-26JUL071840ATHDET-ATH,KXMLBGAME-26JUL071840ATHDET,no,1730010.49,0.0000,2026-07-08T01:29:45Z,1.0000
KXMLBGAME-26JUL071840SEAMIA-SEA,KXMLBGAME-26JUL071840SEAMIA,no,5049729.53,0.0000,2026-07-08T02:19:35Z,1.0000
KXMLBGAME-26JUL071840SEAMIA-MIA,KXMLBGAME-26JUL071840SEAMIA,yes,4612853.92,0.0000,2026-07-08T02:19:35Z,1.0000
KXMLBGAME-26JUL071840ATLPIT-PIT,KXMLBGAME-26JUL071840ATLPIT,yes,2064336.95,0.0000,2026-07-08T01:29:46Z,1.0000
KXMLBGAME-26JUL071840ATLPIT-ATL,KXMLBGAME-26JUL071840ATLPIT,no,2892056.70,0.0000,2026-07-08T01:29:46Z,1.0000
KXMLBGAME-26JUL071840NYYTB-TB,KXMLBGAME-26JUL071840NYYTB,yes,2205294.31,0.0000,2026-07-08T01:24:32Z,1.0000
KXMLBGAME-26JUL071840NYYTB-NYY,KXMLBGAME-26JUL071840NYYTB,no,3101683.37,0.0000,2026-07-08T01:24:32Z,1.0000
KXMLBGAME-26JUL071845HOUWSH-WSH,KXMLBGAME-26JUL071845HOUWSH,no,1609538.20,0.0000,2026-07-08T02:04:29Z,1.0000
KXMLBGAME-26JUL071845HOUWSH-HOU,KXMLBGAME-26JUL071845HOUWSH,yes,2097859.64,0.0000,2026-07-08T02:04:29Z,1.0000
KXMLBGAME-26JUL071415MILSTLG1-STL,KXMLBGAME-26JUL071415MILSTLG1,no,3027503.33,0.0000,2026-07-07T20:59:52Z,1.0000
KXMLBGAME-26JUL071415MILSTLG1-MIL,KXMLBGAME-26JUL071415MILSTLG1,yes,4177919.70,0.0000,2026-07-07T20:59:52Z,1.0000
KXMLBGAME-26JUL062210COLLAD-LAD,KXMLBGAME-26JUL062210COLLAD,yes,7456462.71,0.0000,2026-07-07T05:39:28Z,1.0000
KXMLBGAME-26JUL062210COLLAD-COL,KXMLBGAME-26JUL062210COLLAD,no,8731352.06,0.0000,2026-07-07T05:39:28Z,1.0000
KXMLBGAME-26JUL062140AZSD-SD,KXMLBGAME-26JUL062140AZSD,no,2455698.04,0.0000,2026-07-07T04:09:28Z,1.0000
KXMLBGAME-26JUL062140AZSD-AZ,KXMLBGAME-26JUL062140AZSD,yes,1562246.68,0.0000,2026-07-07T04:09:28Z,1.0000
KXMLBGAME-26JUL062145TORSF-TOR,KXMLBGAME-26JUL062145TORSF,no,2138463.06,0.0000,2026-07-07T03:59:40Z,1.0000
KXMLBGAME-26JUL062145TORSF-SF,KXMLBGAME-26JUL062145TORSF,yes,1210476.82,0.0000,2026-07-07T03:59:40Z,1.0000
KXMLBGAME-26JUL061945MILSTL-STL,KXMLBGAME-26JUL061945MILSTL,no,1816843.00,0.0000,2026-07-07T02:34:23Z,1.0000
KXMLBGAME-26JUL061945MILSTL-MIL,KXMLBGAME-26JUL061945MILSTL,yes,4645414.51,0.0000,2026-07-07T02:34:23Z,1.0000
KXMLBGAME-26JUL061915NYMATL-NYM,KXMLBGAME-26JUL061915NYMATL,yes,4401839.22,0.0000,2026-07-07T03:04:22Z,1.0000
KXMLBGAME-26JUL061915NYMATL-ATL,KXMLBGAME-26JUL061915NYMATL,no,5625213.11,0.0000,2026-07-07T03:04:22Z,1.0000
KXMLBGAME-26JUL061840NYYTB-TB,KXMLBGAME-26JUL061840NYYTB,no,1847360.88,0.0000,2026-07-07T01:09:33Z,1.0000
KXMLBGAME-26JUL061840NYYTB-NYY,KXMLBGAME-26JUL061840NYYTB,yes,1694606.59,0.0000,2026-07-07T01:09:33Z,1.0000
KXMLBGAME-26JUL061845HOUWSH-WSH,KXMLBGAME-26JUL061845HOUWSH,yes,1616945.08,0.0000,2026-07-07T01:39:33Z,1.0000
KXMLBGAME-26JUL061845HOUWSH-HOU,KXMLBGAME-26JUL061845HOUWSH,no,2081509.26,0.0000,2026-07-07T01:39:33Z,1.0000
KXMLBGAME-26JUL061410PHIKC-PHI,KXMLBGAME-26JUL061410PHIKC,no,5448448.84,0.0000,2026-07-06T21:24:26Z,1.0000
KXMLBGAME-26JUL061410PHIKC-KC,KXMLBGAME-26JUL061410PHIKC,yes,2385500.54,0.0000,2026-07-06T21:24:26Z,1.0000
KXMLBGAME-26JUL052130BOSLAA-LAA,KXMLBGAME-26JUL052130BOSLAA,no,4926815.87,0.0000,2026-07-06T04:39:33Z,1.0000
KXMLBGAME-26JUL052130BOSLAA-BOS,KXMLBGAME-26JUL052130BOSLAA,yes,6267764.22,0.0000,2026-07-06T04:39:33Z,1.0000
KXMLBGAME-26JUL051920SDLAD-SD,KXMLBGAME-26JUL051920SDLAD,yes,3642698.51,0.0000,2026-07-06T02:44:27Z,1.0000
KXMLBGAME-26JUL051920SDLAD-LAD,KXMLBGAME-26JUL051920SDLAD,no,4621519.82,0.0000,2026-07-06T02:44:27Z,1.0000
KXMLBGAME-26JUL051630MIAATH-MIA,KXMLBGAME-26JUL051630MIAATH,yes,2392526.87,0.0000,2026-07-06T00:04:26Z,1.0000
KXMLBGAME-26JUL051630MIAATH-ATH,KXMLBGAME-26JUL051630MIAATH,no,2153838.94,0.0000,2026-07-06T00:04:26Z,1.0000
