game_id,season,day_index,home_team,away_team,y,mu,sigma,gameday,home_score,away_score,p_home,su_pick,su_win,su_correct,rl_pick,rl_correct
718767,2023,0,SEA,CLE,3.0,-0.4758074477037846,4.386185561348783,2023-03-30,3.0,0.0,0.4520309361291433,CLE,SEA,False,CLE,False
718768,2023,0,HOU,CWS,-1.0,1.2081752347718164,4.386185561348783,2023-03-30,2.0,3.0,0.6202188673445937,HOU,CWS,False,HOU,False
718769,2023,0,ATH,LAA,1.0,-0.8703639018557968,4.386185561348783,2023-03-30,2.0,1.0,0.4127482464835415,LAA,ATH,False,LAA,False
718770,2023,0,LAD,AZ,6.0,1.8938273901011122,4.386185561348783,2023-03-30,8.0,2.0,0.6842958044267238,LAD,LAD,True,LAD,True
718772,2023,0,STL,TOR,-1.0,-0.34919709860132964,4.386185561348783,2023-03-30,9.0,10.0,0.4647560085017879,TOR,TOR,True,TOR,False
718773,2023,0,CIN,PIT,-1.0,0.7724683622481148,4.386185561348783,2023-03-30,4.0,5.0,0.5775705181008886,CIN,PIT,False,CIN,False
718774,2023,0,MIA,NYM,-2.0,-0.7045996635537359,4.386185561348783,2023-03-30,3.0,5.0,0.42916924324892064,NYM,NYM,True,NYM,True
718775,2023,0,KC,MIN,-2.0,-0.497131953508686,4.386185561348783,2023-03-30,0.0,2.0,0.4498921796266545,MIN,MIN,True,MIN,True
718776,2023,0,TB,DET,4.0,1.0176830985477823,4.386185561348783,2023-03-30,4.0,0.0,0.6017193994883826,TB,TB,True,TB,True
718777,2023,0,CHC,MIL,4.0,-0.2433682454802834,4.386185561348783,2023-03-30,4.0,0.0,0.4754207045949549,MIL,CHC,False,MIL,False
718778,2023,0,SD,COL,-5.0,0.984095416201747,4.386185561348783,2023-03-30,2.0,7.0,0.5984323976451288,SD,COL,False,SD,False
718779,2023,0,TEX,PHI,4.0,-0.5877500243307171,4.386185561348783,2023-03-30,11.0,7.0,0.4408205385863401,PHI,TEX,False,PHI,False
718780,2023,0,WSH,ATL,-5.0,-1.7195803272554084,4.386185561348783,2023-03-30,2.0,7.0,0.3315616342870892,ATL,ATL,True,ATL,True
718781,2023,0,NYY,SF,5.0,0.3117698106748454,4.386185561348783,2023-03-30,5.0,0.0,0.5314748246014586,NYY,NYY,True,NYY,True
718782,2023,0,BOS,BAL,-1.0,0.7883475818528909,4.386185561348783,2023-03-30,9.0,10.0,0.5791442209538638,BOS,BAL,False,BOS,False
718763,2023,1,SEA,CLE,-5.0,-0.156407015509394,4.386185561348783,2023-03-31,4.0,9.0,0.48419759572809756,CLE,CLE,True,CLE,True
718764,2023,1,HOU,CWS,3.0,0.9880100358924552,4.386185561348783,2023-03-31,6.0,3.0,0.5988158588911943,HOU,HOU,True,HOU,True
718765,2023,1,LAD,AZ,-1.0,2.0021742282448294,4.386185561348783,2023-03-31,1.0,2.0,0.693989930490793,LAD,AZ,False,LAD,False
718766,2023,1,SD,COL,-3.0,0.5122795694629041,4.386185561348783,2023-03-31,1.0,4.0,0.5516261813768886,SD,COL,False,SD,False
718771,2023,1,MIA,NYM,1.0,-0.5536852035430924,4.386185561348783,2023-03-31,2.0,1.0,0.4442273381115357,NYM,MIA,False,NYM,False
718746,2023,2,SEA,CLE,-2.0,-0.3516746534166464,4.386185561348783,2023-04-01,0.0,2.0,0.46450661072689375,CLE,CLE,True,CLE,True
718749,2023,2,LAD,AZ,9.0,2.4527738579480287,4.386185561348783,2023-04-01,10.0,1.0,0.7328114110661503,LAD,LAD,True,LAD,True
718750,2023,2,SD,COL,4.0,0.8518398030151302,4.386185561348783,2023-04-01,8.0,4.0,0.5854237173189403,SD,SD,True,SD,True
718751,2023,2,KC,MIN,-2.0,-0.5733882302256839,4.386185561348783,2023-04-01,0.0,2.0,0.4422563328220862,MIN,MIN,True,MIN,True
718752,2023,2,TEX,PHI,13.0,-0.6123607335538924,4.386185561348783,2023-04-01,16.0,3.0,0.43836194578080034,PHI,TEX,False,PHI,False
718753,2023,2,WSH,ATL,-6.0,-1.881360288641437,4.386185561348783,2023-04-01,1.0,7.0,0.31682801541051236,ATL,ATL,True,ATL,True
718754,2023,2,TB,DET,10.0,0.8282921502105545,4.386185561348783,2023-04-01,12.0,2.0,0.5830972671839798,TB,TB,True,TB,True
718755,2023,2,MIA,NYM,-4.0,-0.5721283269306721,4.386185561348783,2023-04-01,2.0,6.0,0.44238232584125586,NYM,NYM,True,NYM,True
718756,2023,2,CIN,PIT,4.0,0.09504156817505656,4.386185561348783,2023-04-01,6.0,2.0,0.5096040009398805,CIN,CIN,True,CIN,True
718757,2023,2,ATH,LAA,-12.0,-0.5944698578984342,4.386185561348783,2023-04-01,1.0,13.0,0.44014900133270224,LAA,LAA,True,LAA,True
718758,2023,2,CHC,MIL,-2.0,-0.21567978855028852,4.386185561348783,2023-04-01,1.0,3.0,0.4782141766276169,MIL,MIL,True,MIL,True
718759,2023,2,STL,TOR,3.0,-1.2152927942920477,4.386185561348783,2023-04-01,4.0,1.0,0.37909493155700513,TOR,STL,False,TOR,False
718760,2023,2,HOU,CWS,2.0,0.9799849094707169,4.386185561348783,2023-04-01,6.0,4.0,0.5980296460140043,HOU,HOU,True,HOU,True
718761,2023,2,BOS,BAL,1.0,0.42242462350884613,4.386185561348783,2023-04-01,9.0,8.0,0.5426090224132369,BOS,BOS,True,BOS,False
718762,2023,2,NYY,SF,-2.0,0.6942124454365213,4.386185561348783,2023-04-01,5.0,7.0,0.56979736902003,NYY,SF,False,NYY,False
718733,2023,3,SD,COL,2.0,0.5798963588089892,4.386185561348783,2023-04-02,3.0,1.0,0.5583944006429653,SD,SD,True,SD,True
718734,2023,3,ATH,LAA,-6.0,-0.9932041297693759,4.386185561348783,2023-04-02,0.0,6.0,0.40067549439892386,LAA,LAA,True,LAA,True
718735,2023,3,SEA,CLE,-1.0,-0.24627335205627654,4.386185561348783,2023-04-02,5.0,6.0,0.4751276777477449,CLE,CLE,True,CLE,False
718736,2023,3,LAD,AZ,-1.0,2.734084581636508,4.386185561348783,2023-04-02,1.0,2.0,0.7557196689011306,LAD,AZ,False,LAD,False
718737,2023,3,STL,TOR,5.0,-0.2326376693439321,4.386185561348783,2023-04-02,9.0,4.0,0.47650317026066463,TOR,STL,False,TOR,False
718738,2023,3,CHC,MIL,-4.0,-0.09544930141681243,4.386185561348783,2023-04-02,5.0,9.0,0.49035480541106347,MIL,MIL,True,MIL,True
718739,2023,3,TEX,PHI,1.0,-0.5608124364764272,4.386185561348783,2023-04-02,2.0,1.0,0.4435141987901169,PHI,TEX,False,PHI,False
718740,2023,3,HOU,CWS,-3.0,1.1028312781715692,4.386185561348783,2023-04-02,3.0,6.0,0.6100195041323866,HOU,CWS,False,HOU,False
718741,2023,3,MIA,NYM,-4.0,-0.9206408457050874,4.386185561348783,2023-04-02,1.0,5.0,0.40779634353514804,NYM,NYM,True,NYM,True
718742,2023,3,TB,DET,4.0,1.256068709354862,4.386185561348783,2023-04-02,5.0,1.0,0.6248288575216038,TB,TB,True,TB,True
718743,2023,3,WSH,ATL,3.0,-1.4473519258604368,4.386185561348783,2023-04-02,4.0,1.0,0.3569422756253171,ATL,WSH,False,ATL,False
718744,2023,3,CIN,PIT,2.0,0.5888863207466895,4.386185561348783,2023-04-02,3.0,1.0,0.5592930276314849,CIN,CIN,True,CIN,True
718745,2023,3,KC,MIN,-3.0,-0.8971334469184908,4.386185561348783,2023-04-02,4.0,7.0,0.41010986463811927,MIN,MIN,True,MIN,True
718747,2023,3,NYY,SF,6.0,0.41354958369749806,4.386185561348783,2023-04-02,6.0,0.0,0.5417171223152286,NYY,NYY,True,NYY,True
718748,2023,3,BOS,BAL,4.0,0.227836798976371,4.386185561348783,2023-04-02,9.0,5.0,0.5230124769055078,BOS,BOS,True,BOS,True
718718,2023,4,LAD,COL,9.0,2.0267270128061683,4.386185561348783,2023-04-03,13.0,4.0,0.6961683119096098,LAD,LAD,True,LAD,True
718719,2023,4,KC,TOR,4.0,-0.9108672575332089,4.386185561348783,2023-04-03,9.0,5.0,0.4087578425256534,TOR,KC,False,TOR,False
718720,2023,4,SEA,LAA,-4.0,0.4175090980442929,4.386185561348783,2023-04-03,3.0,7.0,0.5421150612576375,SEA,LAA,False,SEA,False
718721,2023,4,ATH,CLE,-1.0,-1.1865477215245477,4.386185561348783,2023-04-03,11.0,12.0,0.3818685482895512,CLE,CLE,True,CLE,False
718722,2023,4,SD,AZ,1.0,0.5581825326196517,4.386185561348783,2023-04-03,5.0,4.0,0.5562226784836873,SD,SD,True,SD,False
718723,2023,4,HOU,DET,-1.0,1.569056033874235,4.386185561348783,2023-04-03,6.0,7.0,0.6544910955093706,HOU,DET,False,HOU,False
718724,2023,4,BOS,PIT,-1.0,0.7750278186364753,4.386185561348783,2023-04-03,6.0,7.0,0.5778242562779252,BOS,PIT,False,BOS,False
718725,2023,4,NYY,PHI,7.0,1.1041199466824345,4.386185561348783,2023-04-03,8.0,1.0,0.6101447473326185,NYY,NYY,True,NYY,True
718726,2023,4,TEX,BAL,-2.0,0.12953908817852522,4.386185561348783,2023-04-03,0.0,2.0,0.5130889091728632,TEX,BAL,False,TEX,False
718727,2023,4,STL,ATL,-4.0,-0.40656734380796833,4.386185561348783,2023-04-03,4.0,8.0,0.4589847081022386,ATL,ATL,True,ATL,True
718728,2023,4,CIN,CHC,1.0,0.02751993594874165,4.386185561348783,2023-04-03,7.0,6.0,0.5027811502784673,CIN,CIN,True,CIN,False
718729,2023,4,MIA,MIN,-10.0,-0.4695976602036097,4.386185561348783,2023-04-03,1.0,11.0,0.4526540158118739,MIN,MIN,True,MIN,True
718730,2023,4,CWS,SF,-9.0,-0.16807947011428537,4.386185561348783,2023-04-03,3.0,12.0,0.4830189703399227,SF,SF,True,SF,True
718731,2023,4,MIL,NYM,10.0,-0.5813222162801776,4.386185561348783,2023-04-03,10.0,0.0,0.44146305198769437,NYM,MIL,False,NYM,False
718732,2023,4,WSH,TB,-4.0,-1.603636957454802,4.386185561348783,2023-04-03,2.0,6.0,0.34228524203330013,TB,TB,True,TB,True
718703,2023,5,LAD,COL,3.0,2.3434789977087007,4.386185561348783,2023-04-04,5.0,2.0,0.7236273794940726,LAD,LAD,True,LAD,True
718705,2023,5,HOU,DET,-3.0,1.7345259133112894,4.386185561348783,2023-04-04,3.0,6.0,0.6698109224773474,HOU,DET,False,HOU,False
718706,2023,5,SEA,LAA,9.0,0.2675944090510621,4.386185561348783,2023-04-04,11.0,2.0,0.5270224727864103,SEA,SEA,True,SEA,True
718707,2023,5,ATH,CLE,1.0,-1.6382414963101122,4.386185561348783,2023-04-04,4.0,3.0,0.33907084130191734,CLE,ATH,False,CLE,False
718708,2023,5,KC,TOR,-3.0,-0.5576014783025819,4.386185561348783,2023-04-04,1.0,4.0,0.4438354595348285,TOR,TOR,True,TOR,True
718709,2023,5,TEX,BAL,-5.0,-0.09225715019965283,4.386185561348783,2023-04-04,2.0,7.0,0.490677313979761,BAL,BAL,True,BAL,True
718710,2023,5,NYY,PHI,-3.0,0.9107572736958269,4.386185561348783,2023-04-04,1.0,4.0,0.5912313344271705,NYY,PHI,False,NYY,False
718711,2023,5,STL,ATL,-3.0,-0.4581344304450401,4.386185561348783,2023-04-04,1.0,4.0,0.45380452228088536,ATL,ATL,True,ATL,True
718712,2023,5,MIL,NYM,9.0,-0.8964955865292594,4.386185561348783,2023-04-04,9.0,0.0,0.4101726847781287,NYM,MIL,False,NYM,False
718713,2023,5,BOS,PIT,-3.0,0.747564611556378,4.386185561348783,2023-04-04,1.0,4.0,0.5750999568062077,BOS,PIT,False,BOS,False
718714,2023,5,MIA,MIN,1.0,-0.2003453134430937,4.386185561348783,2023-04-04,1.0,0.0,0.4797617322150522,MIN,MIA,False,MIN,False
718715,2023,5,WSH,TB,-4.0,-1.6731742494051465,4.386185561348783,2023-04-04,6.0,10.0,0.33583779251411494,TB,TB,True,TB,True
718716,2023,5,CIN,CHC,-7.0,-0.16431955634958628,4.386185561348783,2023-04-04,5.0,12.0,0.4833986116970885,CHC,CHC,True,CHC,True
718717,2023,5,SD,AZ,-2.0,0.8372595236809994,4.386185561348783,2023-04-04,6.0,8.0,0.5839835694175721,SD,AZ,False,SD,False
718689,2023,6,ATH,CLE,-2.0,-1.2255062163227002,4.386185561348783,2023-04-05,4.0,6.0,0.3781109253411031,CLE,CLE,True,CLE,True
718691,2023,6,SEA,LAA,-1.0,-0.3105994424818038,4.386185561348783,2023-04-05,3.0,4.0,0.46864308622754164,LAA,LAA,True,LAA,False
718692,2023,6,KC,TOR,-3.0,-0.9313356409342846,4.386185561348783,2023-04-05,0.0,3.0,0.40674485485838024,TOR,TOR,True,TOR,True
718694,2023,6,TEX,BAL,3.0,0.2122845657941096,4.386185561348783,2023-04-05,5.0,2.0,0.5214432049023973,TEX,TEX,True,TEX,True
718695,2023,6,CWS,SF,4.0,-0.7049372013965208,4.386185561348783,2023-04-05,7.0,3.0,0.4291356709008054,SF,CWS,False,SF,False
718696,2023,6,HOU,DET,6.0,2.090202913172657,4.386185561348783,2023-04-05,8.0,2.0,0.7017677073258418,HOU,HOU,True,HOU,True
718697,2023,6,STL,ATL,-3.0,-0.22578547550150674,4.386185561348783,2023-04-05,2.0,5.0,0.4771944885471177,ATL,ATL,True,ATL,True
718698,2023,6,MIL,NYM,1.0,0.09385676462917036,4.386185561348783,2023-04-05,7.0,6.0,0.5094842986128464,MIL,MIL,True,MIL,False
718699,2023,6,NYY,PHI,2.0,0.6602639471073343,4.386185561348783,2023-04-05,4.0,2.0,0.5664166530337009,NYY,NYY,True,NYY,True
718701,2023,6,MIA,MIN,3.0,-0.6366035498124774,4.386185561348783,2023-04-05,5.0,2.0,0.43594242830435725,MIN,MIA,False,MIN,False
718702,2023,6,BOS,PIT,-3.0,1.1627399497356963,4.386185561348783,2023-04-05,1.0,4.0,0.6158296289728898,BOS,PIT,False,BOS,False
718704,2023,6,WSH,TB,-5.0,-1.71131751359529,4.386185561348783,2023-04-05,2.0,7.0,0.3323214392437297,TB,TB,True,TB,True
718681,2023,7,ATL,SD,1.0,0.8560943585964332,4.386982782863762,2023-04-06,7.0,6.0,0.5858283830990403,ATL,ATL,True,ATL,False
718682,2023,7,COL,WSH,1.0,1.2675458933435693,4.386982782863762,2023-04-06,1.0,0.0,0.6259088702455378,COL,COL,True,COL,False
718683,2023,7,AZ,LAD,-3.0,-1.6192257039915325,4.386982782863762,2023-04-06,2.0,5.0,0.34086311677224074,LAD,LAD,True,LAD,True
718686,2023,7,KC,TOR,-3.0,-1.440621424271098,4.386982782863762,2023-04-06,3.0,6.0,0.35760319825537923,TOR,TOR,True,TOR,True
718687,2023,7,CWS,SF,-10.0,-0.13476339386780606,4.386982782863762,2023-04-06,6.0,16.0,0.4863858902636442,SF,SF,True,SF,True
718690,2023,7,DET,BOS,-3.0,-0.5410422896903854,4.386982782863762,2023-04-06,3.0,6.0,0.44550265383363896,BOS,BOS,True,BOS,True
718670,2023,8,LAA,TOR,-1.0,-0.030194963422873256,4.386982782863762,2023-04-07,3.0,4.0,0.49694907240582364,TOR,TOR,True,TOR,False
718671,2023,8,AZ,LAD,3.0,-2.19300271782852,4.386982782863762,2023-04-07,6.0,3.0,0.28929967773566,LAD,AZ,False,LAD,False
718673,2023,8,COL,WSH,-5.0,0.5481664368439101,4.386982782863762,2023-04-07,5.0,10.0,0.555210368325624,COL,WSH,False,COL,False
718674,2023,8,MIL,STL,4.0,0.894523067768643,4.386982782863762,2023-04-07,4.0,0.0,0.5896170240225244,MIL,MIL,True,MIL,True
718675,2023,8,CHC,TEX,2.0,0.08036832157437522,4.386982782863762,2023-04-07,2.0,0.0,0.5081200094583879,CHC,CHC,True,CHC,True
718676,2023,8,ATL,SD,-1.0,0.7673000220783383,4.386982782863762,2023-04-07,4.0,5.0,0.577044215696121,ATL,SD,False,ATL,False
718677,2023,8,CLE,SEA,-2.0,0.19734267455319604,4.386982782863762,2023-04-07,3.0,5.0,0.5199315852482269,CLE,SEA,False,CLE,False
718678,2023,8,TB,ATH,4.0,1.2426749485773674,4.386982782863762,2023-04-07,9.0,5.0,0.6235196840546422,TB,TB,True,TB,True
718679,2023,8,PIT,CWS,4.0,-0.029599365458268467,4.386982782863762,2023-04-07,13.0,9.0,0.49700925104740107,CWS,PIT,False,CWS,False
718680,2023,8,SF,KC,-2.0,1.274506737569261,4.386982782863762,2023-04-07,1.0,3.0,0.6265766914042761,SF,KC,False,SF,False
718684,2023,8,MIN,HOU,1.0,-0.5898141792598692,4.386982782863762,2023-04-07,3.0,2.0,0.44062495371522126,HOU,MIN,False,HOU,False
718685,2023,8,PHI,CIN,3.0,0.5429593614247546,4.386982782863762,2023-04-07,5.0,2.0,0.5546892342342783,PHI,PHI,True,PHI,True
718688,2023,8,BAL,NYY,1.0,-0.9585280860249985,4.386982782863762,2023-04-07,7.0,6.0,0.40409148856813937,NYY,BAL,False,NYY,False
718693,2023,8,NYM,MIA,6.0,0.8826564407835193,4.386982782863762,2023-04-07,9.0,3.0,0.5884479820728914,NYM,NYM,True,NYM,True
718656,2023,9,AZ,LAD,4.0,-2.3382437197567905,4.386982782863762,2023-04-08,12.0,8.0,0.2768524302568325,LAD,AZ,False,LAD,False
718657,2023,9,LAA,TOR,4.0,-0.06893938885378695,4.386982782863762,2023-04-08,9.0,5.0,0.49303458513304577,TOR,LAA,False,TOR,False
718658,2023,9,COL,WSH,-1.0,0.6606757559016796,4.386982782863762,2023-04-08,6.0,7.0,0.5664457274417602,COL,WSH,False,COL,False
718659,2023,9,ATL,SD,-3.0,0.6287990829640603,4.386982782863762,2023-04-08,1.0,4.0,0.5632675134408381,ATL,SD,False,ATL,False
718660,2023,9,MIL,STL,-6.0,0.06236389801590678,4.386982782863762,2023-04-08,0.0,6.0,0.5063011065115449,MIL,STL,False,MIL,False
718661,2023,9,NYM,MIA,3.0,1.3096023106613404,4.386982782863762,2023-04-08,5.0,2.0,0.6299379243420873,NYM,NYM,True,NYM,True
718662,2023,9,PIT,CWS,-6.0,-0.24241404193281457,4.386982782863762,2023-04-08,5.0,11.0,0.47552139789574654,CWS,CWS,True,CWS,True
718663,2023,9,CLE,SEA,-1.0,0.014207154161273272,4.386982782863762,2023-04-08,2.0,3.0,0.5014355151564004,CLE,SEA,False,CLE,False
718664,2023,9,BAL,NYY,-3.0,-0.5915991560803971,4.386982782863762,2023-04-08,1.0,4.0,0.4404466034740478,NYY,NYY,True,NYY,True
718665,2023,9,TB,ATH,11.0,1.4995489007419502,4.386982782863762,2023-04-08,11.0,0.0,0.6479521606375893,TB,TB,True,TB,True
718666,2023,9,MIN,HOU,3.0,-0.37430400667703456,4.386982782863762,2023-04-08,9.0,6.0,0.46223617596461686,HOU,MIN,False,HOU,False
718667,2023,9,DET,BOS,-9.0,-0.7535843802586115,4.386982782863762,2023-04-08,5.0,14.0,0.4243161712980521,BOS,BOS,True,BOS,True
718668,2023,9,PHI,CIN,1.0,0.7584515310290699,4.386982782863762,2023-04-08,3.0,2.0,0.5761666815258735,PHI,PHI,True,PHI,False
718669,2023,9,CHC,TEX,7.0,0.28710127488305925,4.386982782863762,2023-04-08,10.0,3.0,0.5289837221455269,CHC,CHC,True,CHC,True
718672,2023,9,SF,KC,-1.0,0.8171196107179556,4.386982782863762,2023-04-08,5.0,6.0,0.581977735276276,SF,KC,False,SF,False
718639,2023,10,AZ,LAD,5.0,-1.526323910264794,4.386982782863762,2023-04-09,11.0,6.0,0.3495339502842699,LAD,AZ,False,LAD,False
718642,2023,10,CHC,TEX,-6.0,-0.05921565230197484,4.386982782863762,2023-04-09,2.0,8.0,0.49401696059668593,TEX,TEX,True,TEX,True
718643,2023,10,SF,KC,2.0,0.9006838289114413,4.386982782863762,2023-04-09,3.0,1.0,0.590223638848482,SF,SF,True,SF,True
718644,2023,10,LAA,TOR,-1.0,0.1272009623593616,4.386982782863762,2023-04-09,11.0,12.0,0.512850407549365,LAA,TOR,False,LAA,False
718645,2023,10,COL,WSH,1.0,0.8375250643149167,4.386982782863762,2023-04-09,7.0,6.0,0.5839947689965495,COL,COL,True,COL,False
718646,2023,10,CLE,SEA,1.0,-0.3033539422266045,4.386982782863762,2023-04-09,7.0,6.0,0.46937866259486083,SEA,CLE,False,SEA,False
718647,2023,10,NYM,MIA,-5.0,1.0240832069485803,4.386982782863762,2023-04-09,2.0,7.0,0.6023267399824112,NYM,MIA,False,NYM,False
718648,2023,10,ATL,SD,-8.0,0.793430926304491,4.386982782863762,2023-04-09,2.0,10.0,0.5796334575240869,ATL,SD,False,ATL,False
718649,2023,10,MIN,HOU,-4.0,-0.39260180213603635,4.386982782863762,2023-04-09,1.0,5.0,0.46039603174745575,HOU,HOU,True,HOU,True
718650,2023,10,MIL,STL,5.0,0.31328043629390406,4.386982782863762,2023-04-09,6.0,1.0,0.5316212758430606,MIL,MIL,True,MIL,True
718651,2023,10,BAL,NYY,-2.0,-1.0314453421126484,4.386982782863762,2023-04-09,3.0,5.0,0.39695415624516145,NYY,NYY,True,NYY,True
718652,2023,10,PHI,CIN,-2.0,0.2802765795541522,4.386982782863762,2023-04-09,4.0,6.0,0.5282959195696444,PHI,CIN,False,PHI,False
718653,2023,10,PIT,CWS,1.0,-0.1089818211031747,4.386982782863762,2023-04-09,1.0,0.0,0.4889896647551788,CWS,PIT,False,CWS,False
718654,2023,10,DET,BOS,-3.0,-0.592373333117488,4.386982782863762,2023-04-09,1.0,4.0,0.44036925347220607,BOS,BOS,True,BOS,True
718655,2023,10,TB,ATH,11.0,1.7479441709754675,4.386982782863762,2023-04-09,11.0,0.0,0.671012166829062,TB,TB,True,TB,True
718627,2023,11,AZ,MIL,3.0,-0.2962294258591494,4.386982782863762,2023-04-10,3.0,0.0,0.4700964652100675,MIL,AZ,False,MIL,False
718628,2023,11,CHC,SEA,1.0,-0.6136341191881568,4.386982782863762,2023-04-10,3.0,2.0,0.43824593344974855,SEA,CHC,False,SEA,False
718629,2023,11,COL,STL,3.0,-0.7053197126613283,4.386982782863762,2023-04-10,7.0,4.0,0.4291103742019438,STL,COL,False,STL,False
718630,2023,11,TEX,KC,9.0,0.16997474196464826,4.386982782863762,2023-04-10,11.0,2.0,0.5171692721742756,TEX,TEX,True,TEX,True
718631,2023,11,LAA,WSH,-2.0,1.4437302313838374,4.386982782863762,2023-04-10,4.0,6.0,0.6426906503957417,LAA,WSH,False,LAA,False
718632,2023,11,PIT,HOU,-6.0,-1.5073907590719513,4.386982782863762,2023-04-10,2.0,8.0,0.35131089639734125,HOU,HOU,True,HOU,True
718633,2023,11,PHI,MIA,12.0,0.46460886717893063,4.386982782863762,2023-04-10,15.0,3.0,0.5468368587923332,PHI,PHI,True,PHI,True
718634,2023,11,NYM,SD,5.0,0.06281205199949319,4.386982782863762,2023-04-10,5.0,0.0,0.5063463831652557,NYM,NYM,True,NYM,True
718635,2023,11,BAL,ATH,4.0,1.0288692190724893,4.386982782863762,2023-04-10,5.0,1.0,0.6027942581222311,BAL,BAL,True,BAL,True
718636,2023,11,ATL,CIN,1.0,1.3729877401019612,4.386982782863762,2023-04-10,5.0,4.0,0.6359833467238198,ATL,ATL,True,ATL,False
718637,2023,11,CLE,NYY,1.0,-0.39271329682548306,4.386982782863762,2023-04-10,3.0,2.0,0.4603848216819727,NYY,CLE,False,NYY,False
718638,2023,11,TB,BOS,1.0,1.1425683901699182,4.386982782863762,2023-04-10,1.0,0.0,0.6138560400192976,TB,TB,True,TB,False
718640,2023,11,MIN,CWS,-1.0,0.9158040036712298,4.386982782863762,2023-04-10,3.0,4.0,0.5917115177764346,MIN,CWS,False,MIN,False
718641,2023,11,SF,LAD,-8.0,-0.7758564658268036,4.386982782863762,2023-04-10,1.0,9.0,0.42210757678689914,LAD,LAD,True,LAD,True
718611,2023,12,AZ,MIL,-6.0,-0.3764242029299381,4.386982782863762,2023-04-11,1.0,7.0,0.4620229132006139,MIL,MIL,True,MIL,True
718613,2023,12,COL,STL,-3.0,-0.6122037077905332,4.386982782863762,2023-04-11,6.0,9.0,0.4383887339317776,STL,STL,True,STL,True
718614,2023,12,LAA,WSH,2.0,1.4974740117436904,4.386982782863762,2023-04-11,2.0,0.0,0.6477570786594545,LAA,LAA,True,LAA,True
718615,2023,12,TEX,KC,3.0,0.8817044398094758,4.386982782863762,2023-04-11,8.0,5.0,0.5883541614214878,TEX,TEX,True,TEX,True
718616,2023,12,MIN,CWS,1.0,0.8055046156297663,4.386982782863762,2023-04-11,4.0,3.0,0.580828651511039,MIN,MIN,True,MIN,False
718617,2023,12,CHC,SEA,5.0,-0.20908942563997956,4.386982782863762,2023-04-11,14.0,9.0,0.4788830718945305,SEA,CHC,False,SEA,False
718618,2023,12,BAL,ATH,4.0,1.1130003312501935,4.386982782863762,2023-04-11,12.0,8.0,0.6109878591529034,BAL,BAL,True,BAL,True
718619,2023,12,PHI,MIA,-4.0,0.9553010291045935,4.386982782863762,2023-04-11,4.0,8.0,0.5955918806422534,PHI,MIA,False,PHI,False
718620,2023,12,ATL,CIN,1.0,1.6937628399716294,4.386982782863762,2023-04-11,7.0,6.0,0.6660336679513181,ATL,ATL,True,ATL,False
718621,2023,12,NYM,SD,-2.0,0.054633127265715314,4.386982782863762,2023-04-11,2.0,4.0,0.5055200603833789,NYM,SD,False,NYM,False
718622,2023,12,TOR,DET,6.0,1.336930247971971,4.386982782863762,2023-04-11,9.0,3.0,0.6325483815550087,TOR,TOR,True,TOR,True
718623,2023,12,PIT,HOU,3.0,-1.8268459626940121,4.386982782863762,2023-04-11,7.0,4.0,0.3217920039615173,HOU,PIT,False,HOU,False
718624,2023,12,SF,LAD,5.0,-1.0045117389151534,4.386982782863762,2023-04-11,5.0,0.0,0.3995866076803004,LAD,SF,False,LAD,False
718625,2023,12,TB,BOS,5.0,0.8800902755363823,4.386982782863762,2023-04-11,7.0,2.0,0.5881950723705107,TB,TB,True,TB,True
718626,2023,12,CLE,NYY,-9.0,-0.5925438763312944,4.386982782863762,2023-04-11,2.0,11.0,0.44035221437059074,NYY,NYY,True,NYY,True
718595,2023,13,TEX,KC,-9.0,0.9578269990974903,4.386982782863762,2023-04-12,1.0,10.0,0.5958397278628621,TEX,KC,False,TEX,False
718598,2023,13,AZ,MIL,4.0,-0.40453984532383824,4.386982782863762,2023-04-12,7.0,3.0,0.4591959197529065,MIL,AZ,False,MIL,False
718599,2023,13,BAL,ATH,-4.0,1.182685426456616,4.386982782863762,2023-04-12,4.0,8.0,0.6177375450655701,BAL,ATH,False,BAL,False
718600,2023,13,TB,BOS,2.0,0.8990772952469817,4.386982782863762,2023-04-12,9.0,7.0,0.5900654734412176,TB,TB,True,TB,True
718601,2023,13,ATL,CIN,1.0,1.3733263422794166,4.386982782863762,2023-04-12,5.0,4.0,0.636015551949422,ATL,ATL,True,ATL,False
718602,2023,13,LAA,WSH,1.0,0.7207612961084857,4.386982782863762,2023-04-12,3.0,2.0,0.5724246351639497,LAA,LAA,True,LAA,False
718603,2023,13,TOR,DET,1.0,1.9706501415440516,4.386982782863762,2023-04-12,4.0,3.0,0.6911510037689486,TOR,TOR,True,TOR,False
718604,2023,13,CLE,NYY,-1.0,-0.7373858844068363,4.386982782863762,2023-04-12,3.0,4.0,0.4259239811842311,NYY,NYY,True,NYY,False
718605,2023,13,MIN,CWS,2.0,0.7995084493174007,4.386982782863762,2023-04-12,3.0,1.0,0.5802351738369269,MIN,MIN,True,MIN,True
718606,2023,13,CHC,SEA,-3.0,-0.3909391771894569,4.386982782863762,2023-04-12,2.0,5.0,0.4605632015961349,SEA,SEA,True,SEA,True
718607,2023,13,COL,STL,-3.0,-0.5432564311066498,4.386982782863762,2023-04-12,4.0,7.0,0.44528103191149526,STL,STL,True,STL,True
718608,2023,13,PIT,HOU,-7.0,-1.2465786252612212,4.386982782863762,2023-04-12,0.0,7.0,0.3761049998185588,HOU,HOU,True,HOU,True
718609,2023,13,PHI,MIA,-1.0,0.9565834765772686,4.386982782863762,2023-04-12,2.0,3.0,0.5957177187042262,PHI,MIA,False,PHI,False
718610,2023,13,NYM,SD,3.0,-0.0028011688674003665,4.386982782863762,2023-04-12,5.0,2.0,0.49971696451947495,SD,NYM,False,SD,False
718612,2023,13,SF,LAD,-5.0,-0.887930822019251,4.386982782863762,2023-04-12,5.0,10.0,0.4110323141274578,LAD,LAD,True,LAD,True
718589,2023,14,SD,MIL,-1.0,0.03684321131004231,4.387135130302409,2023-04-13,3.0,4.0,0.5037225258262938,SD,MIL,False,SD,False
718590,2023,14,NYY,MIN,-9.0,0.5598852335326607,4.387135130302409,2023-04-13,2.0,11.0,0.5563809127592558,NYY,MIN,False,NYY,False
718591,2023,14,STL,PIT,-5.0,1.4852948172352076,4.387135130302409,2023-04-13,0.0,5.0,0.6466063473374266,STL,PIT,False,STL,False
718593,2023,14,TOR,DET,-2.0,1.1708100111812905,4.387135130302409,2023-04-13,1.0,3.0,0.6165858260547254,TOR,DET,False,TOR,False
718594,2023,14,TB,BOS,6.0,1.063185433603818,4.387135130302409,2023-04-13,9.0,3.0,0.606138451772283,TB,TB,True,TB,True
718596,2023,14,BAL,ATH,1.0,1.4012567646608853,4.387135130302409,2023-04-13,8.0,7.0,0.6386641342513872,BAL,BAL,True,BAL,False
718597,2023,14,CIN,PHI,4.0,-0.4222840617182449,4.387135130302409,2023-04-13,6.0,2.0,0.4574142860378839,PHI,CIN,False,PHI,False
718574,2023,15,SD,MIL,-9.0,0.03113422034035772,4.387135130302409,2023-04-14,2.0,11.0,0.5031457198223155,SD,MIL,False,SD,False
718575,2023,15,LAD,CHC,-6.0,1.613100364621801,4.387135130302409,2023-04-14,2.0,8.0,0.6585624985880834,LAD,CHC,False,LAD,False
718577,2023,15,SEA,COL,2.0,0.797792923676558,4.387135130302409,2023-04-14,5.0,3.0,0.5800626012972964,SEA,SEA,True,SEA,True
718578,2023,15,ATH,NYM,-11.0,-1.5584516391293466,4.387135130302409,2023-04-14,6.0,17.0,0.3465312515999696,NYM,NYM,True,NYM,True
718579,2023,15,KC,ATL,-7.0,-0.852520228866142,4.387135130302409,2023-04-14,3.0,10.0,0.41452732058576575,ATL,ATL,True,ATL,True
718580,2023,15,BOS,LAA,2.0,-0.12781678895517734,4.387135130302409,2023-04-14,5.0,3.0,0.48708784882954465,LAA,BOS,False,LAA,False
718581,2023,15,HOU,TEX,-4.0,1.0610406903612362,4.387135130302409,2023-04-14,2.0,6.0,0.6059294503593766,HOU,TEX,False,HOU,False
718582,2023,15,STL,PIT,3.0,0.9703003986944441,4.387135130302409,2023-04-14,3.0,0.0,0.5970597440554773,STL,STL,True,STL,True
718583,2023,15,CWS,BAL,-3.0,-0.20469515407114797,4.387135130302409,2023-04-14,3.0,6.0,0.47932718564914245,BAL,BAL,True,BAL,True
718584,2023,15,MIA,AZ,4.0,-0.2679717627924754,4.387135130302409,2023-04-14,5.0,1.0,0.47294532747304036,AZ,MIA,False,AZ,False
718585,2023,15,DET,SF,2.0,-1.2851033638186338,4.387135130302409,2023-04-14,7.0,5.0,0.37241167827101,SF,DET,False,SF,False
718586,2023,15,CIN,PHI,-5.0,-0.07728380899089965,4.387135130302409,2023-04-14,3.0,8.0,0.49219186464656306,PHI,PHI,True,PHI,True
718587,2023,15,TOR,TB,3.0,-0.5240781550853728,4.387135130302409,2023-04-14,6.0,3.0,0.4472030420866318,TB,TOR,False,TB,False
718588,2023,15,NYY,MIN,-1.0,0.7592449984401681,4.387135130302409,2023-04-14,3.0,4.0,0.5762427725832525,NYY,MIN,False,NYY,False
718592,2023,15,WSH,CLE,-1.0,-1.1362522986091537,4.387135130302409,2023-04-14,3.0,4.0,0.3867599464118381,CLE,CLE,True,CLE,False
718560,2023,16,SD,MIL,7.0,-0.282712555904902,4.387135130302409,2023-04-15,10.0,3.0,0.4714595588859124,MIL,SD,False,MIL,False
718561,2023,16,SEA,COL,7.0,1.1267827029923598,4.387135130302409,2023-04-15,9.0,2.0,0.6123217534269788,SEA,SEA,True,SEA,True
718562,2023,16,HOU,TEX,6.0,1.0664468596730197,4.387135130302409,2023-04-15,8.0,2.0,0.6064562133377813,HOU,HOU,True,HOU,True
718563,2023,16,KC,ATL,-6.0,-1.1642504874543995,4.387135130302409,2023-04-15,3.0,9.0,0.38404858737215847,ATL,ATL,True,ATL,True
718564,2023,16,LAD,CHC,1.0,1.3201158108900377,4.387135130302409,2023-04-15,2.0,1.0,0.6309385455267504,LAD,LAD,True,LAD,False
718565,2023,16,ATH,NYM,-1.0,-1.6150031715185538,4.387135130302409,2023-04-15,2.0,3.0,0.3412606555103464,NYM,NYM,True,NYM,False
718566,2023,16,CIN,PHI,13.0,-0.634514248053534,4.387135130302409,2023-04-15,13.0,0.0,0.4361645560474645,PHI,CIN,False,PHI,False
718567,2023,16,MIA,AZ,1.0,0.009031406058193206,4.387135130302409,2023-04-15,3.0,2.0,0.5009125181998125,MIA,MIA,True,MIA,False
718568,2023,16,STL,PIT,-3.0,1.1362849124390142,4.387135130302409,2023-04-15,3.0,6.0,0.6132432151745294,STL,PIT,False,STL,False
718569,2023,16,TOR,TB,3.0,-0.38352814952857595,4.387135130302409,2023-04-15,5.0,2.0,0.4613097725755361,TB,TOR,False,TB,False
718570,2023,16,CWS,BAL,1.0,-0.23272282716404952,4.387135130302409,2023-04-15,7.0,6.0,0.47649966084046524,BAL,CWS,False,BAL,False
718571,2023,16,DET,SF,1.0,-1.2675975905649102,4.387135130302409,2023-04-15,7.0,6.0,0.37409039285477963,SF,DET,False,SF,False
718572,2023,16,NYY,MIN,5.0,0.6144170912561471,4.387135130302409,2023-04-15,6.0,1.0,0.5618300987156764,NYY,NYY,True,NYY,True
718573,2023,16,WSH,CLE,-2.0,-1.410180103086368,4.387135130302409,2023-04-15,4.0,6.0,0.36048963206158396,CLE,CLE,True,CLE,True
718576,2023,16,BOS,LAA,2.0,-0.3463563880102397,4.387135130302409,2023-04-15,9.0,7.0,0.4650495266756469,LAA,BOS,False,LAA,False
718545,2023,17,SEA,COL,1.0,1.0642128688496006,4.387135130302409,2023-04-16,1.0,0.0,0.6062385626834689,SEA,SEA,True,SEA,False
718546,2023,17,ATH,NYM,-1.0,-1.7315986063478477,4.387135130302409,2023-04-16,3.0,4.0,0.33049213656073184,NYM,NYM,True,NYM,False
718547,2023,17,LAD,CHC,-1.0,1.4787487430506474,4.387135130302409,2023-04-16,2.0,3.0,0.6459899300347196,LAD,CHC,False,LAD,False
718548,2023,17,STL,PIT,1.0,1.1129457878151083,4.387135130302409,2023-04-16,5.0,4.0,0.6109788096646429,STL,STL,True,STL,False
718549,2023,17,SD,MIL,-1.0,0.3369679717836025,4.387135130302409,2023-04-16,0.0,1.0,0.5340054275348269,SD,MIL,False,SD,False
718550,2023,17,MIA,AZ,-5.0,-0.10176891195499654,4.387135130302409,2023-04-16,0.0,5.0,0.4897185683526575,AZ,AZ,True,AZ,True
718551,2023,17,KC,ATL,-1.0,-1.4617538531340297,4.387135130302409,2023-04-16,4.0,5.0,0.3556121935806068,ATL,ATL,True,ATL,False
718552,2023,17,HOU,TEX,-8.0,1.2263082365589306,4.387135130302409,2023-04-16,1.0,9.0,0.6219407506281596,HOU,TEX,False,HOU,False
718553,2023,17,CWS,BAL,-4.0,-0.21811460198856986,4.387135130302409,2023-04-16,4.0,8.0,0.4779732485498785,BAL,BAL,True,BAL,True
718554,2023,17,CIN,PHI,-11.0,-0.7978260118445082,4.387135130302409,2023-04-16,3.0,14.0,0.4199341230811725,PHI,PHI,True,PHI,True
718555,2023,17,WSH,CLE,1.0,-1.5986382039336262,4.387135130302409,2023-04-16,7.0,6.0,0.34278274286696075,CLE,WSH,False,CLE,False
718556,2023,17,TOR,TB,-7.0,-0.12502035378835993,4.387135130302409,2023-04-16,1.0,8.0,0.48737025142823026,TB,TB,True,TB,True
718557,2023,17,NYY,MIN,2.0,0.5298300930285607,4.387135130302409,2023-04-16,2.0,0.0,0.5533729718589413,NYY,NYY,True,NYY,True
718559,2023,17,BOS,LAA,1.0,0.20046776102569808,4.387135130302409,2023-04-16,2.0,1.0,0.5202462470766582,BOS,BOS,True,BOS,False
718532,2023,18,LAD,NYM,-2.0,0.9998972291701849,4.387135130302409,2023-04-17,6.0,8.0,0.5999585171046353,LAD,NYM,False,LAD,False
718533,2023,18,SD,ATL,-2.0,-0.8473065531519888,4.387135130302409,2023-04-17,0.0,2.0,0.4150420383668696,ATL,ATL,True,ATL,True
718534,2023,18,SEA,MIL,-4.0,-0.5148519666100193,4.387135130302409,2023-04-17,3.0,7.0,0.44812720858977356,MIL,MIL,True,MIL,True
718535,2023,18,COL,PIT,-11.0,0.23466305843439278,4.387135130302409,2023-04-17,3.0,14.0,0.523696033995892,COL,PIT,False,COL,False
718536,2023,18,ATH,CHC,-9.0,-1.266719078122856,4.387135130302409,2023-04-17,1.0,10.0,0.37417470098418815,CHC,CHC,True,CHC,True
718537,2023,18,HOU,TOR,7.0,0.15510975328193818,4.387135130302409,2023-04-17,9.0,2.0,0.5156680143470481,HOU,HOU,True,HOU,True
718538,2023,18,STL,AZ,-3.0,-0.035882522907727116,4.387135130302409,2023-04-17,3.0,6.0,0.4963745364952075,AZ,AZ,True,AZ,True
718539,2023,18,KC,TEX,-4.0,-0.7886782581568077,4.387135130302409,2023-04-17,0.0,4.0,0.42083993151685933,TEX,TEX,True,TEX,True
718540,2023,18,BOS,LAA,-1.0,-0.04084658096664734,4.387135130302409,2023-04-17,4.0,5.0,0.4958729996221579,LAA,LAA,True,LAA,False
718542,2023,18,CIN,TB,7.0,-1.136831899844366,4.387135130302409,2023-04-17,8.0,1.0,0.38670376095802994,TB,CIN,False,TB,False
718544,2023,18,MIA,SF,1.0,-0.8911504080659844,4.387135130302409,2023-04-17,4.0,3.0,0.41071820159041916,SF,MIA,False,SF,False
718516,2023,19,LAD,NYM,5.0,1.0773881106065268,4.387135130302409,2023-04-18,5.0,0.0,0.6075217032482196,LAD,LAD,True,LAD,True
718517,2023,19,SEA,MIL,-1.0,0.17765937707301643,4.387135130302409,2023-04-18,5.0,6.0,0.5179443676065838,SEA,MIL,False,SEA,False
718519,2023,19,SD,ATL,-7.0,-0.9906326021898368,4.387135130302409,2023-04-18,1.0,8.0,0.4009482951690938,ATL,ATL,True,ATL,True
718520,2023,19,HOU,TOR,-2.0,0.538710139310835,4.387135130302409,2023-04-18,2.0,4.0,0.5542620211561997,HOU,TOR,False,HOU,False
718521,2023,19,COL,PIT,-2.0,-0.08880949796095328,4.387135130302409,2023-04-18,3.0,5.0,0.49102758521717565,PIT,PIT,True,PIT,True
718522,2023,19,KC,TEX,-10.0,-0.8946414806541372,4.387135130302409,2023-04-18,2.0,12.0,0.41037437405390725,TEX,TEX,True,TEX,True
718523,2023,19,ATH,CHC,-4.0,-1.5928102745132544,4.387135130302409,2023-04-18,0.0,4.0,0.3433254104981033,CHC,CHC,True,CHC,True
718524,2023,19,BOS,MIN,1.0,-0.22604807250713277,4.387135130302409,2023-04-18,5.0,4.0,0.477172930292694,MIN,BOS,False,MIN,False
718525,2023,19,CWS,PHI,-3.0,-0.4199372408655076,4.387135130302409,2023-04-18,4.0,7.0,0.45765006033632316,PHI,PHI,True,PHI,True
718526,2023,19,CIN,TB,-10.0,-1.0850611864688005,4.387135130302409,2023-04-18,0.0,10.0,0.39173155093834533,TB,TB,True,TB,True
718527,2023,19,STL,AZ,-1.0,0.44219428706116076,4.387135130302409,2023-04-18,7.0,8.0,0.5445853915385466,STL,AZ,False,STL,False
718528,2023,19,MIA,SF,2.0,-0.7882444285105377,4.387135130302409,2023-04-18,4.0,2.0,0.4208828996776448,SF,MIA,False,SF,False
718529,2023,19,NYY,LAA,-3.0,0.8855357616429009,4.387135130302409,2023-04-18,2.0,5.0,0.5887286812593593,NYY,LAA,False,NYY,False
718530,2023,19,DET,CLE,1.0,-0.6763261894644941,4.387135130302409,2023-04-18,4.0,3.0,0.43199776694366987,CLE,DET,False,CLE,False
718531,2023,19,WSH,BAL,-1.0,-0.8979859733341566,4.387135130302409,2023-04-18,0.0,1.0,0.4100450474221769,BAL,BAL,True,BAL,False
718541,2023,19,DET,CLE,1.0,-0.8471358398271442,4.387135130302409,2023-04-18,1.0,0.0,0.4150588944338081,CLE,DET,False,CLE,False
718543,2023,19,CWS,PHI,3.0,-0.5030719507191439,4.387135130302409,2023-04-18,3.0,0.0,0.44930759491111016,PHI,CWS,False,PHI,False
718501,2023,20,HOU,TOR,7.0,0.23769583144313838,4.387135130302409,2023-04-19,8.0,1.0,0.5240019128773298,HOU,HOU,True,HOU,True
718502,2023,20,SEA,MIL,-2.0,0.02009702996308231,4.387135130302409,2023-04-19,3.0,5.0,0.5020305633799077,SEA,MIL,False,SEA,False
718504,2023,20,NYY,LAA,1.0,0.9729965902328703,4.387135130302409,2023-04-19,3.0,2.0,0.5973240380420343,NYY,NYY,True,NYY,False
718505,2023,20,BOS,MIN,-6.0,-0.17669379647322553,4.387135130302409,2023-04-19,4.0,10.0,0.4821530949580328,MIN,MIN,True,MIN,True
718506,2023,20,ATH,CHC,-10.0,-1.4378143783050545,4.387135130302409,2023-04-19,2.0,12.0,0.3578733178906267,CHC,CHC,True,CHC,True
718507,2023,20,SD,ATL,1.0,-0.6593751459423642,4.387135130302409,2023-04-19,1.0,0.0,0.43368614681351597,ATL,SD,False,ATL,False
718508,2023,20,LAD,NYM,-2.0,0.7375539884141529,4.387135130302409,2023-04-19,3.0,5.0,0.5740901674927994,LAD,NYM,False,LAD,False
718509,2023,20,COL,PIT,-11.0,0.009824793096475368,4.387135130302409,2023-04-19,3.0,14.0,0.5009926805436832,COL,PIT,False,COL,False
718510,2023,20,CWS,PHI,-3.0,-0.33372684103830946,4.387135130302409,2023-04-19,2.0,5.0,0.4663208721866945,PHI,PHI,True,PHI,True
718511,2023,20,MIA,SF,-3.0,-0.8067167721873931,4.387135130302409,2023-04-19,2.0,5.0,0.4190541682723575,SF,SF,True,SF,True
718512,2023,20,STL,AZ,9.0,0.5545721792780661,4.387135130302409,2023-04-19,14.0,5.0,0.5558494095615214,STL,STL,True,STL,True
718513,2023,20,DET,CLE,-1.0,-0.5269140226134639,4.387135130302409,2023-04-19,2.0,3.0,0.4469190369806615,CLE,CLE,True,CLE,False
718514,2023,20,KC,TEX,-9.0,-0.33840186811108613,4.387135130302409,2023-04-19,3.0,12.0,0.46585022272650567,TEX,TEX,True,TEX,True
718515,2023,20,CIN,TB,-8.0,-1.5688592256084581,4.387135130302409,2023-04-19,0.0,8.0,0.34555899522342953,TB,TB,True,TB,True
718518,2023,20,WSH,BAL,-4.0,-0.6738453030573022,4.387135130302409,2023-04-19,0.0,4.0,0.4322447946065364,BAL,BAL,True,BAL,True
718494,2023,21,AZ,SD,-2.0,-0.16863039262943783,4.394134191579458,2023-04-20,5.0,7.0,0.4829941437884661,SD,SD,True,SD,True
718496,2023,21,NYY,LAA,6.0,0.9418805571198462,4.394134191579458,2023-04-20,9.0,3.0,0.5941238786831821,NYY,NYY,True,NYY,True
718497,2023,21,BOS,MIN,6.0,-0.25040870506728763,4.394134191579458,2023-04-20,11.0,5.0,0.47475626928192666,MIN,BOS,False,MIN,False
718498,2023,21,PHI,COL,-5.0,1.343782158881352,4.394134191579458,2023-04-20,0.0,5.0,0.632993382894041,PHI,COL,False,PHI,False
718499,2023,21,CHC,LAD,-4.0,-1.1020351845028946,4.394134191579458,2023-04-20,2.0,6.0,0.39025164938733453,LAD,LAD,True,LAD,True
718500,2023,21,PIT,CIN,1.0,0.03412151974169188,4.394134191579458,2023-04-20,4.0,3.0,0.5034420503465344,PIT,PIT,True,PIT,False
718503,2023,21,SF,NYM,-5.0,-0.12288669978437622,4.394134191579458,2023-04-20,4.0,9.0,0.48760549357449207,NYM,NYM,True,NYM,True
718480,2023,22,SF,NYM,-7.0,-0.35229956454459865,4.394134191579458,2023-04-21,0.0,7.0,0.46450785589603283,NYM,NYM,True,NYM,True
718481,2023,22,SEA,STL,3.0,0.3188463710167351,4.394134191579458,2023-04-21,5.0,2.0,0.5321296073286882,SEA,SEA,True,SEA,True
718482,2023,22,MIN,WSH,-1.0,0.9294387099713709,4.394134191579458,2023-04-21,2.0,3.0,0.5929034178810135,MIN,WSH,False,MIN,False
718483,2023,22,MIL,BOS,-2.0,0.6552736553077746,4.394134191579458,2023-04-21,3.0,5.0,0.5658011310423048,MIL,BOS,False,MIL,False
718484,2023,22,AZ,SD,9.0,0.050315235140467936,4.394134191579458,2023-04-21,9.0,0.0,0.5050755373843461,AZ,AZ,True,AZ,True
718485,2023,22,LAA,KC,2.0,1.2508535445300597,4.394134191579458,2023-04-21,2.0,0.0,0.6241102304829406,LAA,LAA,True,LAA,True
718486,2023,22,TB,CWS,1.0,1.3477867871786027,4.394134191579458,2023-04-21,8.0,7.0,0.6333746331635428,TB,TB,True,TB,False
718487,2023,22,NYY,TOR,-5.0,1.0483950638164072,4.394134191579458,2023-04-21,1.0,6.0,0.6045336487177793,NYY,TOR,False,NYY,False
718489,2023,22,ATL,HOU,-2.0,-0.1200090025311519,4.394134191579458,2023-04-21,4.0,6.0,0.48789565157275006,HOU,HOU,True,HOU,True
718490,2023,22,TEX,ATH,-1.0,1.728237601539459,4.394134191579458,2023-04-21,4.0,5.0,0.6689465837715628,TEX,ATH,False,TEX,False
718491,2023,22,CHC,LAD,13.0,-1.179843766492017,4.394134191579458,2023-04-21,13.0,0.0,0.3827225750348615,LAD,CHC,False,LAD,False
718492,2023,22,PIT,CIN,2.0,0.2900624166678788,4.394134191579458,2023-04-21,4.0,2.0,0.5292345525955412,PIT,PIT,True,PIT,True
718493,2023,22,PHI,COL,1.0,1.2526333295147731,4.394134191579458,2023-04-21,4.0,3.0,0.6242809987083316,PHI,PHI,True,PHI,False
718495,2023,22,BAL,DET,1.0,0.8688021484575872,4.394134191579458,2023-04-21,2.0,1.0,0.5869426735417034,BAL,BAL,True,BAL,False
718464,2023,23,SEA,STL,1.0,0.3165153485611212,4.394134191579458,2023-04-22,5.0,4.0,0.5318952171139981,SEA,SEA,True,SEA,False
718466,2023,23,LAA,KC,-3.0,1.0517229892194366,4.394134191579458,2023-04-22,8.0,11.0,0.604857733543117,LAA,KC,False,LAA,False
718467,2023,23,AZ,SD,-2.0,-0.14243068178799492,4.394134191579458,2023-04-22,3.0,5.0,0.4856350567570911,SD,SD,True,SD,True
718468,2023,23,MIN,WSH,-6.0,1.6763669579423122,4.394134191579458,2023-04-22,4.0,10.0,0.6641770153827014,MIN,WSH,False,MIN,False
718469,2023,23,TEX,ATH,15.0,1.4439137300997644,4.394134191579458,2023-04-22,18.0,3.0,0.642485882952142,TEX,TEX,True,TEX,True
718470,2023,23,MIL,BOS,1.0,0.24174572542426417,4.394134191579458,2023-04-22,5.0,4.0,0.5243715214426079,MIL,MIL,True,MIL,False
718471,2023,23,ATL,HOU,-3.0,0.08262220264764253,4.394134191579458,2023-04-22,3.0,6.0,0.5083341136238824,ATL,HOU,False,ATL,False
718472,2023,23,BAL,DET,4.0,0.6294534041518726,4.394134191579458,2023-04-22,5.0,1.0,0.5632305880116646,BAL,BAL,True,BAL,True
718473,2023,23,CLE,MIA,-5.0,1.1206992624377494,4.394134191579458,2023-04-22,1.0,6.0,0.6115582375557336,CLE,MIA,False,CLE,False
718474,2023,23,PIT,CIN,1.0,0.7244891669874327,4.394134191579458,2023-04-22,2.0,1.0,0.5726778975259991,PIT,PIT,True,PIT,False
718475,2023,23,PHI,COL,1.0,0.9335475315701874,4.394134191579458,2023-04-22,4.0,3.0,0.5933065658001102,PHI,PHI,True,PHI,False
718476,2023,23,NYY,TOR,1.0,0.7982272879227305,4.394134191579458,2023-04-22,3.0,2.0,0.5799797324798907,NYY,NYY,True,NYY,False
718477,2023,23,TB,CWS,1.0,1.231774914429996,4.394134191579458,2023-04-22,4.0,3.0,0.6222781382329206,TB,TB,True,TB,False
718478,2023,23,SF,NYM,3.0,0.00863632020544286,4.394134191579458,2023-04-22,7.0,4.0,0.5008712095586018,SF,SF,True,SF,True
718479,2023,23,CHC,LAD,-5.0,-0.8709415481760825,4.394134191579458,2023-04-22,4.0,9.0,0.41284666733563224,LAD,LAD,True,LAD,True
718488,2023,23,CLE,MIA,-1.0,0.27259623502543506,4.394134191579458,2023-04-22,2.0,3.0,0.5274770621372081,CLE,MIA,False,CLE,False
718450,2023,24,SEA,STL,-4.0,0.23963355355153004,4.394134191579458,2023-04-23,3.0,7.0,0.5241588451139598,SEA,STL,False,SEA,False
718451,2023,24,CHC,LAD,-4.0,-1.1978597426094744,4.394134191579458,2023-04-23,3.0,7.0,0.38098546181963144,LAD,LAD,True,LAD,True
718452,2023,24,LAA,KC,1.0,0.9803084442381341,4.394134191579458,2023-04-23,4.0,3.0,0.5978875718791213,LAA,LAA,True,LAA,False
718453,2023,24,TEX,ATH,3.0,2.17090553919901,4.394134191579458,2023-04-23,5.0,2.0,0.7084767838468505,TEX,TEX,True,TEX,True
718454,2023,24,MIN,WSH,2.0,1.3060593350380827,4.394134191579458,2023-04-23,3.0,1.0,0.6293956879101722,MIN,MIN,True,MIN,True
718455,2023,24,SF,NYM,1.0,-0.03166437281985382,4.394134191579458,2023-04-23,5.0,4.0,0.4968058118745531,NYM,SF,False,NYM,False
718456,2023,24,AZ,SD,-2.0,-0.26711140333845207,4.394134191579458,2023-04-23,5.0,7.0,0.4730749472260419,SD,SD,True,SD,True
718457,2023,24,TB,CWS,3.0,1.145282476372721,4.394134191579458,2023-04-23,4.0,1.0,0.613938415781739,TB,TB,True,TB,True
718458,2023,24,PHI,COL,6.0,1.6301193872543385,4.394134191579458,2023-04-23,9.0,3.0,0.6599020511055668,PHI,PHI,True,PHI,True
718459,2023,24,BAL,DET,1.0,0.7327737825162131,4.394134191579458,2023-04-23,2.0,1.0,0.5734995635270239,BAL,BAL,True,BAL,False
718460,2023,24,CLE,MIA,3.0,0.2831267635627013,4.394134191579458,2023-04-23,7.0,4.0,0.5285367362390399,CLE,CLE,True,CLE,True
718461,2023,24,MIL,BOS,-7.0,0.46498517488571833,4.394134191579458,2023-04-23,5.0,12.0,0.5467986823115292,MIL,BOS,False,MIL,False
718462,2023,24,ATL,HOU,-3.0,-0.017017574676125247,4.394134191579458,2023-04-23,2.0,5.0,0.4982833151852708,HOU,HOU,True,HOU,True
718463,2023,24,PIT,CIN,2.0,0.07577190355623634,4.394134191579458,2023-04-23,2.0,0.0,0.5076432113282643,PIT,PIT,True,PIT,True
718465,2023,24,NYY,TOR,-4.0,0.3073666508324542,4.394134191579458,2023-04-23,1.0,5.0,0.5309751862742673,NYY,TOR,False,NYY,False
718437,2023,25,LAA,ATH,-1.0,1.991408948376149,4.394134191579458,2023-04-24,10.0,11.0,0.6927120087466138,LAA,ATH,False,LAA,False
718438,2023,25,AZ,KC,1.0,0.7400165825802534,4.394134191579458,2023-04-24,5.0,4.0,0.574217641414611,AZ,AZ,True,AZ,False
718441,2023,25,MIL,DET,-2.0,0.522683814564549,4.394134191579458,2023-04-24,2.0,4.0,0.5525739222800943,MIL,DET,False,MIL,False
718442,2023,25,MIN,NYY,5.0,-0.4360113854982246,4.394134191579458,2023-04-24,6.0,1.0,0.45610521188573644,NYY,MIN,False,NYY,False
718443,2023,25,ATL,MIA,11.0,1.855117579706046,4.394134191579458,2023-04-24,11.0,0.0,0.6804971309432646,ATL,ATL,True,ATL,True
718444,2023,25,TOR,CWS,3.0,0.5464106655309451,4.394134191579458,2023-04-24,5.0,2.0,0.5549456586064284,TOR,TOR,True,TOR,True
718445,2023,25,CIN,TEX,1.0,-0.925735164381137,4.394134191579458,2023-04-24,7.0,6.0,0.4074600496846193,TEX,CIN,False,TEX,False
718446,2023,25,SF,STL,4.0,0.025418057338242248,4.394134191579458,2023-04-24,4.0,0.0,0.5025640920120472,SF,SF,True,SF,True
718447,2023,25,BAL,BOS,1.0,0.1319454300569681,4.394134191579458,2023-04-24,5.0,4.0,0.5133078539701155,BAL,BAL,True,BAL,False
718448,2023,25,CLE,COL,-6.0,1.1171874258204555,4.394134191579458,2023-04-24,0.0,6.0,0.6112178725008496,CLE,COL,False,CLE,False
718449,2023,25,TB,HOU,5.0,-0.11319612202897214,4.394134191579458,2023-04-24,8.0,3.0,0.48858261906435363,HOU,TB,False,HOU,False
718422,2023,26,AZ,KC,-1.0,0.5413406627047387,4.394134191579458,2023-04-25,4.0,5.0,0.5544390233143587,AZ,KC,False,AZ,False
718425,2023,26,LAA,ATH,2.0,1.4516894943259564,4.394134191579458,2023-04-25,5.0,3.0,0.6432194402828925,LAA,LAA,True,LAA,True
718426,2023,26,CHC,SD,6.0,0.31988027423105314,4.394134191579458,2023-04-25,6.0,0.0,0.5322335653557806,CHC,CHC,True,CHC,True
718427,2023,26,MIN,NYY,4.0,-0.5403836825307408,4.394134191579458,2023-04-25,6.0,2.0,0.4456566158101901,NYY,MIN,False,NYY,False
718428,2023,26,MIL,DET,-1.0,0.46092707176090864,4.394134191579458,2023-04-25,3.0,4.0,0.5463921065250406,MIL,DET,False,MIL,False
718429,2023,26,ATL,MIA,3.0,1.5045326024388448,4.394134191579458,2023-04-25,7.0,4.0,0.648190458086808,ATL,ATL,True,ATL,True
718430,2023,26,PHI,SEA,-2.0,-0.16209830841455417,4.394134191579458,2023-04-25,3.0,5.0,0.48365250812406907,SEA,SEA,True,SEA,True
718431,2023,26,NYM,WSH,-5.0,1.8170087856472763,4.394134191579458,2023-04-25,0.0,5.0,0.6770455940611019,NYM,WSH,False,NYM,False
718432,2023,26,PIT,LAD,-1.0,-1.3711394567225799,4.394134191579458,2023-04-25,7.0,8.0,0.3644047677008437,LAD,LAD,True,LAD,False
718433,2023,26,TOR,CWS,7.0,1.097331772431652,4.394134191579458,2023-04-25,7.0,0.0,0.6092918756501191,TOR,TOR,True,TOR,True
718434,2023,26,CIN,TEX,1.0,-0.38316983947159733,4.394134191579458,2023-04-25,7.0,6.0,0.4614071819981012,TEX,CIN,False,TEX,False
718435,2023,26,BAL,BOS,-2.0,0.13520841442924936,4.394134191579458,2023-04-25,6.0,8.0,0.5136368279040942,BAL,BOS,False,BAL,False
718436,2023,26,TB,HOU,-5.0,0.30924954325780607,4.394134191579458,2023-04-25,0.0,5.0,0.5311645513964482,TB,HOU,False,TB,False
718439,2023,26,SF,STL,1.0,0.5222172492720292,4.394134191579458,2023-04-25,5.0,4.0,0.5525272652707226,SF,SF,True,SF,False
718440,2023,26,CLE,COL,-4.0,0.8102125807080758,4.394134191579458,2023-04-25,1.0,5.0,0.5811640354323407,CLE,COL,False,CLE,False
718407,2023,27,CHC,SD,-2.0,0.2110444066524646,4.394134191579458,2023-04-26,3.0,5.0,0.5212795280948338,CHC,SD,False,CHC,False
718408,2023,27,LAA,ATH,8.0,1.6675727090543073,4.394134191579458,2023-04-26,11.0,3.0,0.6633657186784561,LAA,LAA,True,LAA,True
718411,2023,27,ATL,MIA,2.0,1.3521034420746159,4.394134191579458,2023-04-26,6.0,4.0,0.6337854417846679,ATL,ATL,True,ATL,True
718412,2023,27,NYM,WSH,-3.0,1.3535775000076902,4.394134191579458,2023-04-26,1.0,4.0,0.6339256902562785,NYM,WSH,False,NYM,False
718413,2023,27,PIT,LAD,7.0,-1.5010588351224785,4.394134191579458,2023-04-26,8.0,1.0,0.3521355578389849,LAD,PIT,False,LAD,False
718414,2023,27,TB,HOU,-1.0,-0.13546506188010013,4.394134191579458,2023-04-26,0.0,1.0,0.4863372973024849,HOU,HOU,True,HOU,False
718415,2023,27,PHI,SEA,1.0,-0.37767711431077344,4.394134191579458,2023-04-26,6.0,5.0,0.4619587165402526,SEA,PHI,False,SEA,False
718416,2023,27,BAL,BOS,4.0,0.4069094725688469,4.394134191579458,2023-04-26,6.0,2.0,0.5409756908651059,BAL,BAL,True,BAL,True
718417,2023,27,MIN,NYY,-6.0,-0.5842877221838959,4.394134191579458,2023-04-26,6.0,12.0,0.44127225751940974,NYY,NYY,True,NYY,True
718418,2023,27,AZ,KC,2.0,0.826887389408589,4.394134191579458,2023-04-26,2.0,0.0,0.5828104985483458,AZ,AZ,True,AZ,True
718419,2023,27,MIL,DET,4.0,0.7074791144637088,4.394134191579458,2023-04-26,6.0,2.0,0.5709898602258427,MIL,MIL,True,MIL,True
718420,2023,27,TOR,CWS,8.0,0.856232652425133,4.394134191579458,2023-04-26,8.0,0.0,0.585704495981126,TOR,TOR,True,TOR,True
718421,2023,27,CLE,COL,3.0,0.8203984075526302,4.394134191579458,2023-04-26,4.0,1.0,0.5821699503037083,CLE,CLE,True,CLE,True
718423,2023,27,SF,STL,4.0,0.03348722006454741,4.394134191579458,2023-04-26,7.0,3.0,0.5033780661288092,SF,SF,True,SF,True
718424,2023,27,CIN,TEX,2.0,-0.6577718662767562,4.394134191579458,2023-04-26,5.0,3.0,0.43395030456101685,TEX,CIN,False,TEX,False
718396,2023,28,CWS,TB,-9.0,-1.4803310066066375,4.3934252967890375,2023-04-27,5.0,14.0,0.35406066915240686,TB,TB,True,TB,True
718397,2023,28,TEX,NYY,-2.0,-0.6200739082418149,4.3934252967890375,2023-04-27,2.0,4.0,0.43769388839121104,NYY,NYY,True,NYY,True
718398,2023,28,NYM,WSH,1.0,1.379406901189458,4.3934252967890375,2023-04-27,9.0,8.0,0.6364014235939612,NYM,NYM,True,NYM,False
718400,2023,28,MIN,KC,6.0,1.0362237185182561,4.3934252967890375,2023-04-27,7.0,1.0,0.6033640443342988,MIN,MIN,True,MIN,True
718402,2023,28,LAA,ATH,1.0,2.092288814765548,4.3934252967890375,2023-04-27,8.0,7.0,0.7016480655685289,LAA,LAA,True,LAA,False
718403,2023,28,PIT,LAD,4.0,-1.219472892166114,4.3934252967890375,2023-04-27,6.0,2.0,0.3788857423527353,LAD,PIT,False,LAD,False
718404,2023,28,PHI,SEA,1.0,-0.08666801781208273,4.3934252967890375,2023-04-27,1.0,0.0,0.49125643786343426,SEA,PHI,False,SEA,False
718405,2023,28,DET,BAL,-3.0,-0.520303740224281,4.3934252967890375,2023-04-27,4.0,7.0,0.4476556992384976,BAL,BAL,True,BAL,True
718406,2023,28,CHC,SD,3.0,0.2549902874597935,4.3934252967890375,2023-04-27,5.0,2.0,0.525709108467554,CHC,CHC,True,CHC,True
718409,2023,28,SF,STL,-6.0,0.15680292227667003,4.3934252967890375,2023-04-27,0.0,6.0,0.5158162909692617,SF,STL,False,SF,False
718410,2023,28,ATL,MIA,-1.0,1.5978369810946342,4.3934252967890375,2023-04-27,4.0,5.0,0.6569296761902941,ATL,MIA,False,ATL,False
718380,2023,29,ATH,CIN,-4.0,-0.9390135067073436,4.3934252967890375,2023-04-28,7.0,11.0,0.4061424195080008,CIN,CIN,True,CIN,True
718382,2023,29,LAD,STL,4.0,1.0768247993316313,4.3934252967890375,2023-04-28,7.0,3.0,0.6073167722312974,LAD,LAD,True,LAD,True
718386,2023,29,MIL,LAA,1.0,-0.11522976198839711,4.3934252967890375,2023-04-28,2.0,1.0,0.48837568132838133,LAA,MIL,False,LAA,False
718387,2023,29,MIN,KC,2.0,1.5136074508787236,4.3934252967890375,2023-04-28,8.0,6.0,0.6490645222250648,MIN,MIN,True,MIN,True
718388,2023,29,TEX,NYY,3.0,-0.2234528952549384,4.3934252967890375,2023-04-28,5.0,2.0,0.4774669912692556,NYY,TEX,False,NYY,False
718389,2023,29,HOU,PHI,-2.0,0.6854768988070176,4.3934252967890375,2023-04-28,1.0,3.0,0.568815480607569,HOU,PHI,False,HOU,False
718390,2023,29,COL,AZ,-8.0,-0.22609295642547528,4.3934252967890375,2023-04-28,1.0,9.0,0.4772010555995474,AZ,AZ,True,AZ,True
718391,2023,29,MIA,CHC,1.0,-0.6870084282370343,4.3934252967890375,2023-04-28,3.0,2.0,0.43103230733916487,CHC,MIA,False,CHC,False
718392,2023,29,TOR,SEA,1.0,0.00810072316993117,4.3934252967890375,2023-04-28,3.0,2.0,0.5008173118530846,TOR,TOR,True,TOR,False
718393,2023,29,CWS,TB,-1.0,-1.5833290877639392,4.3934252967890375,2023-04-28,2.0,3.0,0.34442031391221906,TB,TB,True,TB,False
718394,2023,29,NYM,ATL,-4.0,-0.734112772393145,4.3934252967890375,2023-04-28,0.0,4.0,0.4263559206820338,ATL,ATL,True,ATL,True
718395,2023,29,BOS,CLE,-3.0,-0.5574797292926921,4.3934252967890375,2023-04-28,2.0,5.0,0.44393956047488176,CLE,CLE,True,CLE,True
718366,2023,30,COL,AZ,-7.0,-0.10213310473230046,4.3934252967890375,2023-04-29,4.0,11.0,0.48969655269182744,AZ,AZ,True,AZ,True
718369,2023,30,LAD,STL,1.0,0.9143519495704998,4.3934252967890375,2023-04-29,1.0,0.0,0.5914367894042278,LAD,LAD,True,LAD,False
718372,2023,30,HOU,PHI,-5.0,0.8269965066619915,4.3934252967890375,2023-04-29,1.0,6.0,0.5828344377884171,HOU,PHI,False,HOU,False
718373,2023,30,CWS,TB,-9.0,-1.4409201214413905,4.3934252967890375,2023-04-29,3.0,12.0,0.3577747242009177,TB,TB,True,TB,True
718374,2023,30,TEX,NYY,2.0,-0.15575304655022743,4.3934252967890375,2023-04-29,2.0,0.0,0.48428955224048337,NYY,TEX,False,NYY,False
718375,2023,30,MIA,CHC,1.0,-0.847720945081532,4.3934252967890375,2023-04-29,7.0,6.0,0.4151209627383863,CHC,MIA,False,CHC,False
718376,2023,30,MIL,LAA,2.0,0.17163957412934738,4.3934252967890375,2023-04-29,7.0,5.0,0.5173119252180346,MIL,MIL,True,MIL,True
718377,2023,30,ATH,CIN,-1.0,-1.231377345938114,4.3934252967890375,2023-04-29,2.0,3.0,0.3777409746238726,CIN,CIN,True,CIN,False
718378,2023,30,MIN,KC,-1.0,1.7231182880486942,4.3934252967890375,2023-04-29,2.0,3.0,0.668502565201916,MIN,KC,False,MIN,False
718379,2023,30,TOR,SEA,1.0,0.8126861840808697,4.3934252967890375,2023-04-29,1.0,0.0,0.5814213201004349,TOR,TOR,True,TOR,False
718381,2023,30,DET,BAL,3.0,-0.2947000466738768,4.3934252967890375,2023-04-29,7.0,4.0,0.4702941083061793,BAL,DET,False,BAL,False
718383,2023,30,WSH,PIT,-3.0,-0.5765888993987184,4.3934252967890375,2023-04-29,3.0,6.0,0.44203128923296614,PIT,PIT,True,PIT,True
718384,2023,30,SD,SF,5.0,0.1555632890300888,4.3934252967890375,2023-04-29,16.0,11.0,0.5156913172388833,SD,SD,True,SD,True
718385,2023,30,BOS,CLE,1.0,-0.07144271553171751,4.3934252967890375,2023-04-29,8.0,7.0,0.4927922679268322,CLE,BOS,False,CLE,False
718399,2023,30,WSH,PIT,-15.0,-0.8891646273990906,4.3934252967890375,2023-04-29,1.0,16.0,0.41103921682712485,PIT,PIT,True,PIT,True
718401,2023,30,DET,BAL,-2.0,-0.30237283037844565,4.3934252967890375,2023-04-29,4.0,6.0,0.469522175713923,BAL,BAL,True,BAL,True
718354,2023,31,HOU,PHI,1.0,0.4746422519333613,4.3934252967890375,2023-04-30,4.0,3.0,0.5477736838577315,HOU,HOU,True,HOU,False
718355,2023,31,CWS,TB,3.0,-2.0842119821824423,4.3934252967890375,2023-04-30,12.0,9.0,0.299060760151836,TB,CWS,False,TB,False
718356,2023,31,TEX,NYY,13.0,-0.4867221725287846,4.3934252967890375,2023-04-30,15.0,2.0,0.45101650061163095,NYY,TEX,False,NYY,False
718357,2023,31,ATH,CIN,1.0,-1.0058058393860647,4.3934252967890375,2023-04-30,5.0,4.0,0.39960429557192356,CIN,ATH,False,CIN,False
718358,2023,31,COL,AZ,8.0,-0.5814111570336145,4.3934252967890375,2023-04-30,12.0,4.0,0.4415499418465863,AZ,COL,False,AZ,False
718359,2023,31,LAD,STL,3.0,0.918363810630721,4.3934252967890375,2023-04-30,6.0,3.0,0.5918308360538371,LAD,LAD,True,LAD,True
718360,2023,31,DET,BAL,-2.0,-0.20530117453440633,4.3934252967890375,2023-04-30,3.0,5.0,0.47929569537056693,BAL,BAL,True,BAL,True
718362,2023,31,MIN,KC,4.0,1.017312646066577,4.3934252967890375,2023-04-30,8.0,4.0,0.6015192929725357,MIN,MIN,True,MIN,True
718363,2023,31,TOR,SEA,-2.0,0.13174176949130828,4.3934252967890375,2023-04-30,8.0,10.0,0.5132894637819712,TOR,SEA,False,TOR,False
718364,2023,31,MIA,CHC,1.0,-0.8827397732536059,4.3934252967890375,2023-04-30,4.0,3.0,0.41167137551329813,CHC,MIA,False,CHC,False
718365,2023,31,MIL,LAA,-3.0,-0.05131830128417038,4.3934252967890375,2023-04-30,0.0,3.0,0.49482244894602545,LAA,LAA,True,LAA,True
718367,2023,31,WSH,PIT,5.0,-0.9716130018684238,4.3934252967890375,2023-04-30,7.0,2.0,0.40294794932777356,PIT,WSH,False,PIT,False
718368,2023,31,SD,SF,2.0,0.2795468866628097,4.3934252967890375,2023-04-30,6.0,4.0,0.5281810587406977,SD,SD,True,SD,True
718370,2023,31,BOS,CLE,6.0,0.06533045564679393,4.3934252967890375,2023-04-30,7.0,1.0,0.5065911354746445,BOS,BOS,True,BOS,True
718343,2023,32,LAD,PHI,9.0,1.0342157742466924,4.3934252967890375,2023-05-01,13.0,4.0,0.6031682808534087,LAD,LAD,True,LAD,True
718345,2023,32,SD,CIN,5.0,0.23746437472630977,4.3934252967890375,2023-05-01,8.0,3.0,0.5239442797754456,SD,SD,True,SD,True
718349,2023,32,WSH,CHC,-4.0,-1.0417232283198323,4.3934252967890375,2023-05-01,1.0,5.0,0.3960999173443679,CHC,CHC,True,CHC,True
718350,2023,32,HOU,SF,4.0,0.8767986249682506,4.3934252967890375,2023-05-01,7.0,3.0,0.5877438547817156,HOU,HOU,True,HOU,True
718351,2023,32,NYY,CLE,-1.0,0.8561166727989405,4.3934252967890375,2023-05-01,2.0,3.0,0.5857066794269562,NYY,CLE,False,NYY,False
718352,2023,32,NYM,ATL,-1.0,-0.7981970043446207,4.3934252967890375,2023-05-01,8.0,9.0,0.4200105306452425,ATL,ATL,True,ATL,False
718353,2023,32,BOS,TOR,1.0,-0.363433662601127,4.3934252967890375,2023-05-01,6.0,5.0,0.463383375054648,TOR,BOS,False,TOR,False
718361,2023,32,NYM,ATL,2.0,-0.3498665458415577,4.3934252967890375,2023-05-01,5.0,3.0,0.4647466549294799,ATL,NYM,False,ATL,False
718331,2023,33,LAD,PHI,12.0,0.6324724890144292,4.3934252967890375,2023-05-02,13.0,1.0,0.5635414578477027,LAD,LAD,True,LAD,True
718332,2023,33,ATH,SEA,-1.0,-1.6198460143446032,4.3934252967890375,2023-05-02,1.0,2.0,0.34102616044311984,SEA,SEA,True,SEA,False
718334,2023,33,COL,MIL,1.0,-0.7294630046737774,4.3934252967890375,2023-05-02,3.0,2.0,0.42681708737848323,MIL,COL,False,MIL,False
718335,2023,33,SD,CIN,-1.0,0.6552299486008902,4.3934252967890375,2023-05-02,1.0,2.0,0.5658073018580807,SD,CIN,False,SD,False
718336,2023,33,KC,BAL,-4.0,-0.5448884030675253,4.3934252967890375,2023-05-02,7.0,11.0,0.4451976633464975,BAL,BAL,True,BAL,True
718337,2023,33,HOU,SF,-2.0,0.9404024260888543,4.3934252967890375,2023-05-02,0.0,2.0,0.5939938117856995,HOU,SF,False,HOU,False
718338,2023,33,STL,LAA,-4.0,-0.10598589475169203,4.3934252967890375,2023-05-02,1.0,5.0,0.4893079648210581,LAA,LAA,True,LAA,True
718339,2023,33,NYY,CLE,2.0,0.8115866461976172,4.3934252967890375,2023-05-02,4.0,2.0,0.5813126990565562,NYY,NYY,True,NYY,True
718340,2023,33,CWS,MIN,1.0,-1.258708650948496,4.3934252967890375,2023-05-02,3.0,2.0,0.37511678918747615,MIN,CWS,False,MIN,False
718341,2023,33,BOS,TOR,1.0,-0.0853727830842941,4.3934252967890375,2023-05-02,7.0,6.0,0.49138708804525894,TOR,BOS,False,TOR,False
718342,2023,33,TEX,AZ,2.0,0.20844474174558741,4.3934252967890375,2023-05-02,6.0,4.0,0.521021037152681,TEX,TEX,True,TEX,True
718344,2023,33,WSH,CHC,3.0,-0.9549159477136234,4.3934252967890375,2023-05-02,4.0,1.0,0.4045833222441655,CHC,WSH,False,CHC,False
718346,2023,33,MIA,ATL,-6.0,-0.7819792041698879,4.3934252967890375,2023-05-02,0.0,6.0,0.421614463071843,ATL,ATL,True,ATL,True
718347,2023,33,TB,PIT,3.0,1.04353356285155,4.3934252967890375,2023-05-02,4.0,1.0,0.6040764934095021,TB,TB,True,TB,True
718314,2023,34,KC,BAL,6.0,-0.7926801442927834,4.3934252967890375,2023-05-03,6.0,0.0,0.42055599770075186,BAL,KC,False,BAL,False
718315,2023,34,COL,MIL,6.0,-0.41680330447722336,4.3934252967890375,2023-05-03,7.0,1.0,0.45802489555877,MIL,COL,False,MIL,False
718319,2023,34,ATH,SEA,-5.0,-1.8546077280812752,4.3934252967890375,2023-05-03,2.0,7.0,0.31952190105107614,SEA,SEA,True,SEA,True
718320,2023,34,STL,LAA,-2.0,-0.08531617304295779,4.3934252967890375,2023-05-03,4.0,6.0,0.49139279831496135,LAA,LAA,True,LAA,True
718321,2023,34,MIA,ATL,-8.0,-1.3206959273986767,4.3934252967890375,2023-05-03,6.0,14.0,0.3691866988711525,ATL,ATL,True,ATL,True
718322,2023,34,CWS,MIN,2.0,-0.8731193220748572,4.3934252967890375,2023-05-03,6.0,4.0,0.41261838593862254,MIN,CWS,False,MIN,False
718323,2023,34,BOS,TOR,5.0,-0.2502306552710024,4.3934252967890375,2023-05-03,8.0,3.0,0.474770129710053,TOR,BOS,False,TOR,False
718324,2023,34,NYY,CLE,1.0,0.33530952028302896,4.3934252967890375,2023-05-03,4.0,3.0,0.5337901351476153,NYY,NYY,True,NYY,False
718325,2023,34,TEX,AZ,-5.0,0.3994106811552159,4.3934252967890375,2023-05-03,7.0,12.0,0.5402296204606738,TEX,AZ,False,TEX,False
718326,2023,34,HOU,SF,-2.0,0.6791125037192757,4.3934252967890375,2023-05-03,2.0,4.0,0.5681828418034317,HOU,SF,False,HOU,False
718327,2023,34,LAD,PHI,4.0,0.767926129513639,4.3934252967890375,2023-05-03,10.0,6.0,0.5769946413097189,LAD,LAD,True,LAD,True
718328,2023,34,TB,PIT,7.0,1.0825975672396142,4.3934252967890375,2023-05-03,8.0,1.0,0.6078778941197038,TB,TB,True,TB,True
718330,2023,34,SD,CIN,6.0,0.6226916629026618,4.3934252967890375,2023-05-03,7.0,1.0,0.5625669854733233,SD,SD,True,SD,True
718333,2023,34,WSH,CHC,1.0,-0.9593971079637514,4.3934252967890375,2023-05-03,2.0,1.0,0.40414425542876514,CHC,WSH,False,CHC,False
718348,2023,34,DET,NYM,1.0,-0.9428128220997892,4.3934252967890375,2023-05-03,6.0,5.0,0.40576979304261446,NYM,DET,False,NYM,False
718329,2023,34,DET,NYM,7.0,-1.387841795779654,4.3934252967890375,2023-05-03,8.0,1.0,0.3627980879572261,NYM,DET,False,NYM,False
718304,2023,35,ATH,SEA,-2.0,-1.8705165011794245,4.393908947650866,2023-05-04,3.0,5.0,0.3181039319364245,SEA,SEA,True,SEA,True
718308,2023,35,MIA,ATL,-3.0,-1.3212500464705719,4.393908947650866,2023-05-04,3.0,6.0,0.3691477028468179,ATL,ATL,True,ATL,True
718309,2023,35,TB,PIT,1.0,1.2642264752909704,4.393908947650866,2023-05-04,3.0,2.0,0.6253989619904314,TB,TB,True,TB,False
718310,2023,35,CWS,MIN,-4.0,-0.8632666083868565,4.393908947650866,2023-05-04,3.0,7.0,0.41359814849591914,MIN,MIN,True,MIN,True
718311,2023,35,STL,LAA,-4.0,-0.1590912498931712,4.393908947650866,2023-05-04,7.0,11.0,0.4839547805667559,LAA,LAA,True,LAA,True
718312,2023,35,KC,BAL,-3.0,-1.0188429559652803,4.393908947650866,2023-05-04,10.0,13.0,0.3983422877620208,BAL,BAL,True,BAL,True
718313,2023,35,COL,MIL,3.0,-0.5813304403835096,4.393908947650866,2023-05-04,9.0,6.0,0.44156438478095555,MIL,COL,False,MIL,False
718316,2023,35,BOS,TOR,6.0,-0.5589743434836228,4.393908947650866,2023-05-04,11.0,5.0,0.44379640461713143,TOR,BOS,False,TOR,False
718317,2023,35,WSH,CHC,1.0,-1.0457780709263294,4.393908947650866,2023-05-04,4.0,3.0,0.3957160316865294,CHC,WSH,False,CHC,False
718318,2023,35,DET,NYM,2.0,-1.1738014790888018,4.393908947650866,2023-05-04,2.0,0.0,0.3832998989075618,NYM,DET,False,NYM,False
718292,2023,36,STL,DET,-1.0,0.5019359254151721,4.393908947650866,2023-05-05,4.0,5.0,0.550500993032218,STL,DET,False,STL,False
718293,2023,36,SF,MIL,2.0,0.052007220070866785,4.393908947650866,2023-05-05,6.0,4.0,0.5052464752027619,SF,SF,True,SF,True
718294,2023,36,LAA,TEX,1.0,0.5567366938931377,4.393908947650866,2023-05-05,5.0,4.0,0.5559800903467498,LAA,LAA,True,LAA,False
718295,2023,36,SD,LAD,3.0,-0.9926827103960475,4.393908947650866,2023-05-05,5.0,2.0,0.40089740831282894,LAD,SD,False,LAD,False
718296,2023,36,AZ,WSH,2.0,0.9733182829581084,4.393908947650866,2023-05-05,3.0,1.0,0.597208490561978,AZ,AZ,True,AZ,True
718297,2023,36,SEA,HOU,-2.0,-0.43449764750109887,4.393908947650866,2023-05-05,4.0,6.0,0.45625475853426123,HOU,HOU,True,HOU,True
718298,2023,36,ATL,BAL,-5.0,1.2834085112684988,4.393908947650866,2023-05-05,4.0,9.0,0.6272362606736384,ATL,BAL,False,ATL,False
718299,2023,36,KC,ATH,-4.0,0.5102288797074621,4.393908947650866,2023-05-05,8.0,12.0,0.5513307851486924,KC,ATH,False,KC,False
718300,2023,36,TB,NYY,1.0,0.4896290574709883,4.393908947650866,2023-05-05,5.0,4.0,0.5492691630595984,TB,TB,True,TB,False
718301,2023,36,PHI,BOS,-2.0,0.03082360553013838,4.393908947650866,2023-05-05,3.0,5.0,0.503109535675897,PHI,BOS,False,PHI,False
718302,2023,36,NYM,COL,1.0,0.9536001749251203,4.393908947650866,2023-05-05,1.0,0.0,0.5952774478179125,NYM,NYM,True,NYM,False
718303,2023,36,CHC,MIA,3.0,1.3872039510347558,4.393908947650866,2023-05-05,4.0,1.0,0.6371269137469717,CHC,CHC,True,CHC,True
718305,2023,36,CIN,CWS,-1.0,0.3055278267989257,4.393908947650866,2023-05-05,4.0,5.0,0.5307918216633936,CIN,CWS,False,CIN,False
718306,2023,36,CLE,MIN,-2.0,-0.1872120802404202,4.393908947650866,2023-05-05,0.0,2.0,0.48112060064640316,MIN,MIN,True,MIN,True
718307,2023,36,PIT,TOR,-4.0,-0.4404901970977222,4.393908947650866,2023-05-05,0.0,4.0,0.4556539025829943,TOR,TOR,True,TOR,True
718274,2023,37,SEA,HOU,2.0,-0.2979446295108839,4.393908947650866,2023-05-06,7.0,5.0,0.4699709676038649,HOU,SEA,False,HOU,False
718275,2023,37,LAA,TEX,-9.0,-0.06326096196802149,4.393908947650866,2023-05-06,1.0,10.0,0.49361833838702857,TEX,TEX,True,TEX,True
718279,2023,37,SD,LAD,-1.0,-0.704237635173306,4.393908947650866,2023-05-06,1.0,2.0,0.42932838031658926,LAD,LAD,True,LAD,False
718280,2023,37,KC,ATH,-1.0,0.8555943331159627,4.393908947650866,2023-05-06,4.0,5.0,0.5856459166625463,KC,ATH,False,KC,False
718281,2023,37,CIN,CWS,2.0,0.2714452145239669,4.393908947650866,2023-05-06,5.0,3.0,0.5273626248469954,CIN,CIN,True,CIN,True
718282,2023,37,AZ,WSH,1.0,0.6088222255096659,4.393908947650866,2023-05-06,8.0,7.0,0.5611778298881427,AZ,AZ,True,AZ,False
718283,2023,37,ATL,BAL,1.0,1.6436480705207528,4.393908947650866,2023-05-06,5.0,4.0,0.6611625509575338,ATL,ATL,True,ATL,False
718284,2023,37,PHI,BOS,-3.0,-0.18962355146662163,4.393908947650866,2023-05-06,4.0,7.0,0.4808776010112615,BOS,BOS,True,BOS,True
718285,2023,37,CLE,MIN,1.0,-0.1253228206966433,4.393908947650866,2023-05-06,4.0,3.0,0.48735921705586005,MIN,CLE,False,MIN,False
718286,2023,37,PIT,TOR,-6.0,-0.7351927014549307,4.393908947650866,2023-05-06,2.0,8.0,0.4262568519778896,TOR,TOR,True,TOR,True
718287,2023,37,SF,MIL,3.0,0.5609299727709622,4.393908947650866,2023-05-06,4.0,1.0,0.5563989165118797,SF,SF,True,SF,True
718288,2023,37,STL,DET,-1.0,0.4610410994271781,4.393908947650866,2023-05-06,5.0,6.0,0.5464058994820662,STL,DET,False,STL,False
718289,2023,37,CHC,MIA,2.0,1.1556712163203409,4.393908947650866,2023-05-06,4.0,2.0,0.6149487113977814,CHC,CHC,True,CHC,True
718290,2023,37,NYM,COL,-3.0,1.0540682230625407,4.393908947650866,2023-05-06,2.0,5.0,0.6050913375686798,NYM,COL,False,NYM,False
718291,2023,37,TB,NYY,-1.0,0.7083838492976955,4.393908947650866,2023-05-06,2.0,3.0,0.571083281886089,TB,NYY,False,TB,False
718262,2023,38,CIN,CWS,-13.0,0.35750447104878424,4.393908947650866,2023-05-07,4.0,17.0,0.5360169331182353,CIN,CWS,False,CIN,False
718263,2023,38,AZ,WSH,-1.0,1.0526026405390532,4.393908947650866,2023-05-07,8.0,9.0,0.6049486387428575,AZ,WSH,False,AZ,False
718264,2023,38,LAA,TEX,-8.0,0.09669816851569371,4.393908947650866,2023-05-07,8.0,16.0,0.5097541959111294,LAA,TEX,False,LAA,False
718265,2023,38,SEA,HOU,2.0,0.07846112340641909,4.393908947650866,2023-05-07,3.0,1.0,0.5079148471458604,SEA,SEA,True,SEA,True
718266,2023,38,SD,LAD,-3.0,-0.8306100763759655,4.393908947650866,2023-05-07,2.0,5.0,0.41681792054595895,LAD,LAD,True,LAD,True
718267,2023,38,SF,MIL,-4.0,0.7342308785817799,4.393908947650866,2023-05-07,3.0,7.0,0.5736477770756104,SF,MIL,False,SF,False
718268,2023,38,KC,ATH,4.0,0.750077463938888,4.393908947650866,2023-05-07,5.0,1.0,0.5752185151961904,KC,KC,True,KC,True
718269,2023,38,CHC,MIA,-1.0,0.5938087634022193,4.393908947650866,2023-05-07,4.0,5.0,0.5596806419776451,CHC,MIA,False,CHC,False
718270,2023,38,PHI,BOS,5.0,-0.5318288840348306,4.393908947650866,2023-05-07,6.0,1.0,0.4465089835735595,BOS,PHI,False,BOS,False
718271,2023,38,TB,NYY,1.0,0.5389630139946311,4.393908947650866,2023-05-07,8.0,7.0,0.5542041602871265,TB,TB,True,TB,False
718272,2023,38,STL,DET,6.0,0.6298358679098249,4.393908947650866,2023-05-07,12.0,6.0,0.563271900070108,STL,STL,True,STL,True
718273,2023,38,CLE,MIN,2.0,-0.4546881802864474,4.393908947650866,2023-05-07,2.0,0.0,0.45423071833687767,MIN,CLE,False,MIN,False
718276,2023,38,NYM,COL,-7.0,0.935507873359402,4.393908947650866,2023-05-07,6.0,13.0,0.5935035793854667,NYM,COL,False,NYM,False
718277,2023,38,ATL,BAL,1.0,1.1133077624356345,4.393908947650866,2023-05-07,3.0,2.0,0.6108472921553689,ATL,ATL,True,ATL,False
718278,2023,38,PIT,TOR,-9.0,-0.6394027836744224,4.393908947650866,2023-05-07,1.0,10.0,0.4357753125249037,TOR,TOR,True,TOR,True
718249,2023,39,AZ,MIA,3.0,0.6795699512140785,4.393908947650866,2023-05-08,5.0,2.0,0.568220882769631,AZ,AZ,True,AZ,True
718251,2023,39,SEA,TEX,-1.0,0.4717972487623862,4.393908947650866,2023-05-08,1.0,2.0,0.5474834866432258,SEA,TEX,False,SEA,False
718253,2023,39,KC,CWS,7.0,0.1501830242146524,4.393908947650866,2023-05-08,12.0,5.0,0.5151472209997093,KC,KC,True,KC,True
718254,2023,39,LAA,HOU,2.0,-0.4101804654951633,4.393908947650866,2023-05-08,6.0,4.0,0.45869398587564336,HOU,LAA,False,HOU,False
718255,2023,39,NYY,ATH,5.0,2.034544968039453,4.393908947650866,2023-05-08,7.0,2.0,0.696543947086226,NYY,NYY,True,NYY,True
718256,2023,39,CHC,STL,-2.0,0.3507974109784194,4.393908947650866,2023-05-08,1.0,3.0,0.5353430151040268,CHC,STL,False,CHC,False
718257,2023,39,MIL,LAD,6.0,-1.0742875358867212,4.393908947650866,2023-05-08,9.0,3.0,0.39294142275302296,LAD,MIL,False,LAD,False
718258,2023,39,PIT,COL,2.0,0.45276197006946034,4.393908947650866,2023-05-08,2.0,0.0,0.5455762353172464,PIT,PIT,True,PIT,True
718259,2023,39,BAL,TB,-3.0,-0.9811698703418718,4.393908947650866,2023-05-08,0.0,3.0,0.4020232409923947,TB,TB,True,TB,True
718260,2023,39,SF,WSH,-4.0,1.1003013355560303,4.393908947650866,2023-05-08,1.0,5.0,0.609585568804454,SF,WSH,False,SF,False
718261,2023,39,CLE,DET,-4.0,0.6450784850718009,4.393908947650866,2023-05-08,2.0,6.0,0.5647897656539608,CLE,DET,False,CLE,False
718236,2023,40,AZ,MIA,-4.0,0.507342624530173,4.393908947650866,2023-05-09,2.0,6.0,0.5510420120517202,AZ,MIA,False,AZ,False
718237,2023,40,LAA,HOU,-2.0,-0.32873827073597967,4.393908947650866,2023-05-09,1.0,3.0,0.46687416785897096,HOU,HOU,True,HOU,True
718238,2023,40,KC,CWS,-2.0,-0.27328891355160734,4.393908947650866,2023-05-09,2.0,4.0,0.4724518185414778,CWS,CWS,True,CWS,True
718239,2023,40,SEA,TEX,5.0,0.8035819168766062,4.393908947650866,2023-05-09,5.0,0.0,0.5805130003235881,SEA,SEA,True,SEA,True
718240,2023,40,CHC,STL,-2.0,0.9532104772727934,4.393908947650866,2023-05-09,4.0,6.0,0.5952392602093453,CHC,STL,False,CHC,False
718241,2023,40,MIL,LAD,-4.0,-1.2860511617452972,4.393908947650866,2023-05-09,2.0,6.0,0.37251084593623335,LAD,LAD,True,LAD,True
718242,2023,40,MIN,SD,-5.0,0.10099454245722793,4.393908947650866,2023-05-09,1.0,6.0,0.5101874901197707,MIN,SD,False,MIN,False
718243,2023,40,CIN,NYM,1.0,-0.6312317817794,4.393908947650866,2023-05-09,7.0,6.0,0.43658905519356417,NYM,CIN,False,NYM,False
718244,2023,40,PHI,TOR,4.0,-0.27332842021505205,4.393908947650866,2023-05-09,8.0,4.0,0.47244784251169775,TOR,PHI,False,TOR,False
718245,2023,40,ATL,BOS,6.0,0.8407017942574936,4.393908947650866,2023-05-09,9.0,3.0,0.5841776793241166,ATL,ATL,True,ATL,True
718246,2023,40,BAL,TB,2.0,-1.0404351704594021,4.393908947650866,2023-05-09,4.0,2.0,0.3962366086471504,TB,BAL,False,TB,False
718247,2023,40,NYY,ATH,5.0,1.94986169220352,4.393908947650866,2023-05-09,10.0,5.0,0.6890191041369774,NYY,NYY,True,NYY,True
718248,2023,40,CLE,DET,2.0,0.848302264306438,4.393908947650866,2023-05-09,2.0,0.0,0.5849271486283106,CLE,CLE,True,CLE,True
718250,2023,40,SF,WSH,3.0,1.2602908945796485,4.393908947650866,2023-05-09,4.0,1.0,0.6250216494006315,SF,SF,True,SF,True
718252,2023,40,PIT,COL,-9.0,0.21493249442992768,4.393908947650866,2023-05-09,1.0,10.0,0.5216722900063875,PIT,COL,False,PIT,False
718220,2023,41,ATL,BOS,-3.0,1.011772544254303,4.393908947650866,2023-05-10,2.0,5.0,0.6009675565036704,ATL,BOS,False,ATL,False
718221,2023,41,CHC,STL,6.0,0.5941781698907009,4.393908947650866,2023-05-10,10.0,4.0,0.5597174906429679,CHC,CHC,True,CHC,True
718222,2023,41,KC,CWS,8.0,-0.44550865387454563,4.393908947650866,2023-05-10,9.0,1.0,0.45515079412495146,CWS,KC,False,CWS,False
718224,2023,41,MIN,SD,1.0,0.2980483069671557,4.393908947650866,2023-05-10,4.0,3.0,0.5300394619987582,MIN,MIN,True,MIN,False
718225,2023,41,CIN,NYM,-1.0,-1.0653446628594485,4.393908947650866,2023-05-10,1.0,2.0,0.3938111863563129,NYM,NYM,True,NYM,False
718226,2023,41,AZ,MIA,-1.0,1.0844803879349874,4.393908947650866,2023-05-10,4.0,5.0,0.6080492593683986,AZ,MIA,False,AZ,False
718227,2023,41,BAL,TB,1.0,-0.945300781012452,4.393908947650866,2023-05-10,2.0,1.0,0.40553602954591184,TB,BAL,False,TB,False
718228,2023,41,MIL,LAD,-7.0,-1.605190854617148,4.393908947650866,2023-05-10,1.0,8.0,0.3424032101054374,LAD,LAD,True,LAD,True
718229,2023,41,SEA,TEX,-1.0,0.796050624328706,4.393908947650866,2023-05-10,3.0,4.0,0.5797686057413077,SEA,TEX,False,SEA,False
718230,2023,41,SF,WSH,-5.0,1.244739133327564,4.393908947650866,2023-05-10,6.0,11.0,0.6235295008530545,SF,WSH,False,SF,False
718231,2023,41,PIT,COL,-1.0,0.43978856297679414,4.393908947650866,2023-05-10,3.0,4.0,0.5442757517693609,PIT,COL,False,PIT,False
718232,2023,41,NYY,ATH,8.0,2.0083332429020153,4.393908947650866,2023-05-10,11.0,3.0,0.694223500223622,NYY,NYY,True,NYY,True
718233,2023,41,PHI,TOR,1.0,-0.5441530284987746,4.393908947650866,2023-05-10,2.0,1.0,0.4452771440925154,TOR,PHI,False,TOR,False
718234,2023,41,CLE,DET,-5.0,0.6555622079547359,4.393908947650866,2023-05-10,0.0,5.0,0.565833186304885,CLE,DET,False,CLE,False
718235,2023,41,LAA,HOU,-1.0,-0.8180667985961254,4.393908947650866,2023-05-10,4.0,5.0,0.4180561227672054,HOU,HOU,True,HOU,False
718215,2023,42,AZ,SF,-4.0,0.07481452996772608,4.390136318054766,2023-05-11,2.0,6.0,0.5075535229219506,AZ,SF,False,AZ,False
718216,2023,42,MIN,SD,2.0,-0.05685813248020441,4.390136318054766,2023-05-11,5.0,3.0,0.4942592695859262,SD,MIN,False,SD,False
718217,2023,42,ATH,TEX,-4.0,-2.085140289182327,4.390136318054766,2023-05-11,0.0,4.0,0.2988421166156716,TEX,TEX,True,TEX,True
718218,2023,42,KC,CWS,1.0,0.38320962647377355,4.390136318054766,2023-05-11,4.0,3.0,0.5386318509495399,KC,KC,True,KC,False
718219,2023,42,NYY,TB,-6.0,-0.43741357112697343,4.390136318054766,2023-05-11,2.0,8.0,0.45592468545143167,TB,TB,True,TB,True
718223,2023,42,CIN,NYM,5.0,-0.9460027468032018,4.390136318054766,2023-05-11,5.0,0.0,0.405387513248441,NYM,CIN,False,NYM,False
718199,2023,43,AZ,SF,2.0,-0.10882297970408192,4.390136318054766,2023-05-12,7.0,5.0,0.48901360374590325,SF,AZ,False,SF,False
718200,2023,43,ATH,TEX,2.0,-2.059930214834274,4.390136318054766,2023-05-12,9.0,7.0,0.3010603947626964,TEX,ATH,False,TEX,False
718201,2023,43,LAD,SD,2.0,1.3653421674671802,4.390136318054766,2023-05-12,4.0,2.0,0.6351625535373857,LAD,LAD,True,LAD,True
718202,2023,43,COL,PHI,-3.0,-0.4269910568436296,4.390136318054766,2023-05-12,3.0,6.0,0.4569707624099462,PHI,PHI,True,PHI,True
718204,2023,43,MIL,KC,4.0,0.6359779391181031,4.390136318054766,2023-05-12,5.0,1.0,0.5639380688493633,MIL,MIL,True,MIL,True
718205,2023,43,CLE,LAA,-1.0,-0.27437278705463686,4.390136318054766,2023-05-12,4.0,5.0,0.4723190074436794,LAA,LAA,True,LAA,False
718206,2023,43,TOR,ATL,3.0,-0.9711371879187501,4.390136318054766,2023-05-12,3.0,0.0,0.40292330612069627,ATL,TOR,False,ATL,False
718207,2023,43,CWS,HOU,-4.0,-1.5689718670795945,4.390136318054766,2023-05-12,1.0,5.0,0.34564862842698896,HOU,HOU,True,HOU,True
718208,2023,43,DET,SEA,-7.0,-0.9346817233022292,4.390136318054766,2023-05-12,2.0,9.0,0.40649867086412655,SEA,SEA,True,SEA,True
718209,2023,43,MIN,CHC,-4.0,-0.1767934834079168,4.390136318054766,2023-05-12,2.0,6.0,0.4821552320772697,CHC,CHC,True,CHC,True
718210,2023,43,NYY,TB,1.0,-0.23386526886920087,4.390136318054766,2023-05-12,6.0,5.0,0.47640055688839966,TB,NYY,False,TB,False
718211,2023,43,BOS,STL,-2.0,0.29654871935802374,4.390136318054766,2023-05-12,6.0,8.0,0.5299142429078606,BOS,STL,False,BOS,False
718212,2023,43,MIA,CIN,-3.0,0.26832904780033706,4.390136318054766,2023-05-12,4.0,7.0,0.5270721975958244,MIA,CIN,False,MIA,False
718213,2023,43,BAL,PIT,3.0,0.29101114439191367,4.390136318054766,2023-05-12,6.0,3.0,0.5293566610344334,BAL,BAL,True,BAL,True
718214,2023,43,WSH,NYM,-1.0,-0.6385342876689979,4.390136318054766,2023-05-12,2.0,3.0,0.4358071536896274,NYM,NYM,True,NYM,False
718183,2023,44,MIL,KC,1.0,0.268907957763293,4.390136318054766,2023-05-13,4.0,3.0,0.5271305148298733,MIL,MIL,True,MIL,False
718184,2023,44,AZ,SF,5.0,0.49871600800080307,4.390136318054766,2023-05-13,7.0,2.0,0.5502216410138051,AZ,AZ,True,AZ,True
718185,2023,44,LAD,SD,2.0,1.5037068612327154,4.390136318054766,2023-05-13,4.0,2.0,0.6482414662979643,LAD,LAD,True,LAD,True
718188,2023,44,COL,PHI,-3.0,0.00872885848245629,4.390136318054766,2023-05-13,4.0,7.0,0.5008813464304163,COL,PHI,False,COL,False
718189,2023,44,CWS,HOU,2.0,-1.2240708023537719,4.390136318054766,2023-05-13,3.0,1.0,0.3783552752693018,HOU,CWS,False,HOU,False
718190,2023,44,ATH,TEX,-5.0,-1.8576544386277862,4.390136318054766,2023-05-13,0.0,5.0,0.3191208433830808,TEX,TEX,True,TEX,True
718191,2023,44,CLE,LAA,2.0,-0.2676015579287939,4.390136318054766,2023-05-13,8.0,6.0,0.47300108784760253,LAA,CLE,False,LAA,False
718192,2023,44,TOR,ATL,3.0,-0.23087159478838623,4.390136318054766,2023-05-13,5.0,2.0,0.47670230392232693,ATL,TOR,False,ATL,False
718193,2023,44,BAL,PIT,2.0,0.5725646217776206,4.390136318054766,2023-05-13,2.0,0.0,0.5576097772378225,BAL,BAL,True,BAL,True
718194,2023,44,DET,SEA,-5.0,-1.0500308572286627,4.390136318054766,2023-05-13,0.0,5.0,0.3952139268719322,SEA,SEA,True,SEA,True
718195,2023,44,MIN,CHC,10.0,0.28020573680920624,4.390136318054766,2023-05-13,11.0,1.0,0.5282684930694574,MIN,MIN,True,MIN,True
718196,2023,44,BOS,STL,-1.0,0.4989222565329279,4.390136318054766,2023-05-13,3.0,4.0,0.550242300496072,BOS,STL,False,BOS,False
718197,2023,44,NYY,TB,1.0,-0.332049501011521,4.390136318054766,2023-05-13,9.0,8.0,0.46651260112200965,TB,NYY,False,TB,False
718198,2023,44,MIA,CIN,-1.0,0.4430381312421693,4.390136318054766,2023-05-13,5.0,6.0,0.5446397085924447,MIA,CIN,False,MIA,False
718168,2023,45,LAD,SD,4.0,1.7392821707766244,4.390136318054766,2023-05-14,4.0,0.0,0.6701036835647988,LAD,LAD,True,LAD,True
718169,2023,45,AZ,SF,1.0,0.02163378247733945,4.390136318054766,2023-05-14,2.0,1.0,0.5021843379912837,AZ,AZ,True,AZ,False
718172,2023,45,ATH,TEX,-8.0,-1.544500495672089,4.390136318054766,2023-05-14,3.0,11.0,0.3479349560859627,TEX,TEX,True,TEX,True
718173,2023,45,DET,SEA,2.0,-1.142563601220968,4.390136318054766,2023-05-14,5.0,3.0,0.38622395391219744,SEA,DET,False,SEA,False
718174,2023,45,COL,PHI,4.0,-0.5521114161151136,4.390136318054766,2023-05-14,4.0,0.0,0.44443455710593754,PHI,COL,False,PHI,False
718175,2023,45,MIN,CHC,13.0,0.018373836364583812,4.390136318054766,2023-05-14,16.0,3.0,0.5018551875864418,MIN,MIN,True,MIN,True
718176,2023,45,CWS,HOU,-1.0,-1.2046334988832346,4.390136318054766,2023-05-14,3.0,4.0,0.3802273079488341,HOU,HOU,True,HOU,False
718177,2023,45,MIL,KC,3.0,0.6674370040359736,4.390136318054766,2023-05-14,9.0,6.0,0.5670715460629346,MIL,MIL,True,MIL,True
718178,2023,45,MIA,CIN,2.0,0.27529077123526435,4.390136318054766,2023-05-14,3.0,1.0,0.5277734568641993,MIA,MIA,True,MIA,True
718179,2023,45,BAL,PIT,-4.0,0.2643677270786642,4.390136318054766,2023-05-14,0.0,4.0,0.5266731333912524,BAL,PIT,False,BAL,False
718180,2023,45,NYY,TB,-1.0,-0.366579886134465,4.390136318054766,2023-05-14,7.0,8.0,0.46303970057293903,TB,TB,True,TB,False
718181,2023,45,TOR,ATL,1.0,-0.7957813220979012,4.390136318054766,2023-05-14,6.0,5.0,0.4201904129682198,ATL,TOR,False,ATL,False
718182,2023,45,CLE,LAA,1.0,-0.1338531645711211,4.390136318054766,2023-05-14,4.0,3.0,0.4864875179725501,LAA,CLE,False,LAA,False
718186,2023,45,WSH,NYM,-6.0,-0.9284713603306957,4.390136318054766,2023-05-14,2.0,8.0,0.4071085380887217,NYM,NYM,True,NYM,True
718187,2023,45,BOS,STL,-8.0,0.2501881136454588,4.390136318054766,2023-05-14,1.0,9.0,0.5252444598247791,BOS,STL,False,BOS,False
718203,2023,45,WSH,NYM,1.0,-1.0360190175392074,4.390136318054766,2023-05-14,3.0,2.0,0.3965802464079209,NYM,WSH,False,NYM,False
718158,2023,46,HOU,CHC,2.0,0.8929168848654238,4.390136318054766,2023-05-15,6.0,4.0,0.5893956636935012,HOU,HOU,True,HOU,True
718159,2023,46,LAD,MIN,1.0,0.7878123102565192,4.390136318054766,2023-05-15,9.0,8.0,0.5790209567225547,LAD,LAD,True,LAD,False
718160,2023,46,ATH,AZ,-3.0,-1.843621471598234,4.390136318054766,2023-05-15,2.0,5.0,0.320390541810449,AZ,AZ,True,AZ,True
718161,2023,46,COL,CIN,1.0,0.2736605378734458,4.390136318054766,2023-05-15,9.0,8.0,0.5276092499569672,COL,COL,True,COL,False
718162,2023,46,SD,KC,4.0,1.1209001715033804,4.390136318054766,2023-05-15,4.0,0.0,0.6116766196186003,SD,SD,True,SD,True
718163,2023,46,BOS,SEA,-9.0,-0.5672360198414709,4.390136318054766,2023-05-15,1.0,10.0,0.44292268052391426,SEA,SEA,True,SEA,True
718164,2023,46,TOR,NYY,-3.0,0.15982991168946878,4.390136318054766,2023-05-15,4.0,7.0,0.5161335218063864,TOR,NYY,False,TOR,False
718165,2023,46,TEX,ATL,-12.0,-0.4056915148225425,4.390136318054766,2023-05-15,0.0,12.0,0.45910945425079347,ATL,ATL,True,ATL,True
718166,2023,46,STL,MIL,17.0,-0.2455962185743439,4.390136318054766,2023-05-15,18.0,1.0,0.47521826919005256,MIL,STL,False,MIL,False
718167,2023,46,WSH,NYM,7.0,-0.6770839545170478,4.390136318054766,2023-05-15,10.0,3.0,0.43196840517600754,NYM,WSH,False,NYM,False
718170,2023,46,SF,PHI,3.0,-0.10824233766047622,4.390136318054766,2023-05-15,6.0,3.0,0.4890722086803217,PHI,SF,False,PHI,False
718171,2023,46,BAL,LAA,-4.0,0.022470342080930225,4.390136318054766,2023-05-15,5.0,9.0,0.5022688035530719,BAL,LAA,False,BAL,False
718141,2023,47,LAD,MIN,-4.0,1.099409791129663,4.390136318054766,2023-05-16,1.0,5.0,0.6095907343864849,LAD,MIN,False,LAD,False
718144,2023,47,SD,KC,-1.0,0.6636767157119545,4.390136318054766,2023-05-16,4.0,5.0,0.5666972207285585,SD,KC,False,SD,False
718145,2023,47,COL,CIN,-2.0,-0.29126810238950773,4.390136318054766,2023-05-16,1.0,3.0,0.4706174644227955,CIN,CIN,True,CIN,True
718146,2023,47,ATH,AZ,1.0,-1.887738613559962,4.390136318054766,2023-05-16,9.0,8.0,0.31640599153290827,AZ,ATH,False,AZ,False
718147,2023,47,CWS,CLE,5.0,-0.36606040169515097,4.390136318054766,2023-05-16,8.0,3.0,0.4630919276311325,CLE,CWS,False,CLE,False
718148,2023,47,TEX,ATL,3.0,-0.5826505262167603,4.390136318054766,2023-05-16,7.0,4.0,0.44138267966522676,ATL,TEX,False,ATL,False
718149,2023,47,BOS,SEA,5.0,-0.8060151511747088,4.390136318054766,2023-05-16,9.0,4.0,0.4191781217355224,SEA,BOS,False,SEA,False
718150,2023,47,NYM,TB,-3.0,-0.807229552310099,4.390136318054766,2023-05-16,5.0,8.0,0.41905803318440865,TB,TB,True,TB,True
718151,2023,47,STL,MIL,-1.0,0.6253662997363664,4.390136318054766,2023-05-16,2.0,3.0,0.5628801815153647,STL,MIL,False,STL,False
718152,2023,47,HOU,CHC,4.0,0.7405857518235325,4.390136318054766,2023-05-16,7.0,3.0,0.5743409101271731,HOU,HOU,True,HOU,True
718153,2023,47,MIA,WSH,1.0,0.656086704851233,4.390136318054766,2023-05-16,5.0,4.0,0.5659414761299378,MIA,MIA,True,MIA,False
718154,2023,47,BAL,LAA,4.0,0.14975826210770202,4.390136318054766,2023-05-16,7.0,3.0,0.5151173743119898,BAL,BAL,True,BAL,True
718155,2023,47,DET,PIT,4.0,0.17100747890080348,4.390136318054766,2023-05-16,4.0,0.0,0.5172611244466291,DET,DET,True,DET,True
718156,2023,47,SF,PHI,1.0,-0.17192572302280487,4.390136318054766,2023-05-16,4.0,3.0,0.48264624830676367,PHI,SF,False,PHI,False
718157,2023,47,TOR,NYY,-3.0,0.38256412631057946,4.390136318054766,2023-05-16,3.0,6.0,0.538566980526104,TOR,NYY,False,TOR,False
718126,2023,48,TEX,ATL,-1.0,-0.75221090111719,4.390136318054766,2023-05-17,5.0,6.0,0.42450606472617197,ATL,ATL,True,ATL,False
718127,2023,48,HOU,CHC,1.0,0.6766643684122043,4.390136318054766,2023-05-17,7.0,6.0,0.5679898466134911,HOU,HOU,True,HOU,False
718129,2023,48,CWS,CLE,5.0,-0.3613787697438704,4.390136318054766,2023-05-17,7.0,2.0,0.4635626303118936,CLE,CWS,False,CLE,False
718131,2023,48,STL,MIL,3.0,0.27338968595752056,4.390136318054766,2023-05-17,3.0,0.0,0.5275819676679483,STL,STL,True,STL,True
718132,2023,48,MIA,WSH,1.0,0.1798004094236725,4.390136318054766,2023-05-17,4.0,3.0,0.518148066309796,MIA,MIA,True,MIA,False
718133,2023,48,BOS,SEA,9.0,-0.47906468723845563,4.390136318054766,2023-05-17,12.0,3.0,0.4517474068759495,SEA,BOS,False,SEA,False
718134,2023,48,TOR,NYY,3.0,0.09823792450681484,4.390136318054766,2023-05-17,3.0,0.0,0.5099179972916682,TOR,TOR,True,TOR,True
718135,2023,48,NYM,TB,1.0,-1.1368519928223666,4.390136318054766,2023-05-17,8.0,7.0,0.3867771515863051,TB,NYM,False,TB,False
718136,2023,48,LAD,MIN,4.0,0.8864303940013409,4.390136318054766,2023-05-17,7.0,3.0,0.5887571214493857,LAD,LAD,True,LAD,True
718137,2023,48,BAL,LAA,2.0,0.41835177408632596,4.390136318054766,2023-05-17,3.0,1.0,0.542161911929449,BAL,BAL,True,BAL,True
718138,2023,48,COL,CIN,5.0,0.42745713427499044,4.390136318054766,2023-05-17,11.0,6.0,0.5430760228283661,COL,COL,True,COL,True
718139,2023,48,ATH,AZ,-2.0,-1.6707969367172328,4.390136318054766,2023-05-17,3.0,5.0,0.3361963776025595,AZ,AZ,True,AZ,True
718140,2023,48,SD,KC,-1.0,1.374403842295897,4.390136318054766,2023-05-17,3.0,4.0,0.6360241341816613,SD,KC,False,SD,False
718142,2023,48,DET,PIT,-8.0,0.0709525806466727,4.390136318054766,2023-05-17,0.0,8.0,0.5071636507692716,DET,PIT,False,DET,False
718143,2023,48,SF,PHI,3.0,-0.033429690739841394,4.390136318054766,2023-05-17,7.0,4.0,0.49662466620218626,PHI,SF,False,PHI,False
718121,2023,49,TOR,NYY,-2.0,0.22116601848903145,4.390522967580461,2023-05-18,2.0,4.0,0.5223173691654197,TOR,NYY,False,TOR,False
718122,2023,49,NYM,TB,1.0,-1.1356847787117808,4.390522967580461,2023-05-18,3.0,2.0,0.3868999201228388,TB,NYM,False,TB,False
718124,2023,49,STL,LAD,8.0,-1.3057137878631675,4.390522967580461,2023-05-18,16.0,8.0,0.37053473406286164,LAD,STL,False,LAD,False
718125,2023,49,CWS,CLE,-2.0,-0.13078886365085254,4.390522967580461,2023-05-18,1.0,3.0,0.48679790728979716,CLE,CLE,True,CLE,True
718128,2023,49,BAL,LAA,-1.0,0.17518960450535154,4.390522967580461,2023-05-18,5.0,6.0,0.5176814296604778,BAL,LAA,False,BAL,False
718130,2023,49,MIA,WSH,2.0,0.43577943402263286,4.390522967580461,2023-05-18,5.0,3.0,0.543907469664665,MIA,MIA,True,MIA,True
718105,2023,50,SF,MIA,1.0,0.27694097864125095,4.390522967580461,2023-05-19,4.0,3.0,0.5279372144005927,SF,SF,True,SF,False
718106,2023,50,LAA,MIN,1.0,-0.7326100689397148,4.390522967580461,2023-05-19,5.0,4.0,0.42645691918155926,MIN,LAA,False,MIN,False
718107,2023,50,SD,BOS,-5.0,-0.18086629019759057,4.390522967580461,2023-05-19,1.0,6.0,0.4817460309858649,BOS,BOS,True,BOS,True
718110,2023,50,ATL,SEA,4.0,0.3688949276600536,4.390522967580461,2023-05-19,6.0,2.0,0.5371897715598771,ATL,ATL,True,ATL,True
718111,2023,50,CWS,KC,2.0,0.013635373527232694,4.390522967580461,2023-05-19,2.0,0.0,0.5013766307956615,CWS,CWS,True,CWS,True
718112,2023,50,HOU,ATH,4.0,2.488593445351091,4.390522967580461,2023-05-19,5.0,1.0,0.7355837347938946,HOU,HOU,True,HOU,True
718113,2023,50,STL,LAD,-5.0,-1.3008942572464672,4.390522967580461,2023-05-19,0.0,5.0,0.37099555626164815,LAD,LAD,True,LAD,True
718114,2023,50,TEX,COL,5.0,0.6577516036058337,4.390522967580461,2023-05-19,7.0,2.0,0.5661015042843865,TEX,TEX,True,TEX,True
718115,2023,50,TOR,BAL,-4.0,0.5646924044804399,4.390522967580461,2023-05-19,2.0,6.0,0.5568181434997493,TOR,BAL,False,TOR,False
718116,2023,50,PHI,CHC,-9.0,-0.1386453241578294,4.390522967580461,2023-05-19,1.0,10.0,0.48600517642542423,CHC,CHC,True,CHC,True
718117,2023,50,TB,MIL,1.0,1.1548672266284723,4.390522967580461,2023-05-19,1.0,0.0,0.6149570870635123,TB,TB,True,TB,False
718118,2023,50,PIT,AZ,10.0,-0.6792659676559236,4.390522967580461,2023-05-19,13.0,3.0,0.43175726160371763,AZ,PIT,False,AZ,False
718119,2023,50,NYM,CLE,1.0,0.09870136976403793,4.390522967580461,2023-05-19,10.0,9.0,0.5099638991660661,NYM,NYM,True,NYM,False
718120,2023,50,CIN,NYY,-4.0,-1.4868580626711547,4.390522967580461,2023-05-19,2.0,6.0,0.3533544974387999,NYY,NYY,True,NYY,True
718123,2023,50,WSH,DET,-2.0,-0.37478184427291883,4.390522967580461,2023-05-19,6.0,8.0,0.46221850837260864,DET,DET,True,DET,True
718092,2023,51,SD,BOS,-2.0,-0.20068656478491356,4.390522967580461,2023-05-20,2.0,4.0,0.4797472999436832,BOS,BOS,True,BOS,True
718093,2023,51,TB,MIL,4.0,1.4168848358365174,4.390522967580461,2023-05-20,8.0,4.0,0.640042171380756,TB,TB,True,TB,True
718094,2023,51,ATL,SEA,-4.0,0.37540975856089065,4.390522967580461,2023-05-20,3.0,7.0,0.537844601162602,ATL,SEA,False,ATL,False
718095,2023,51,CIN,NYY,-3.0,-0.9058465536273099,4.390522967580461,2023-05-20,4.0,7.0,0.40934006958607105,NYY,NYY,True,NYY,True
718096,2023,51,LAA,MIN,-4.0,-0.25198868878311187,4.390522967580461,2023-05-20,2.0,6.0,0.474576340094993,MIN,MIN,True,MIN,True
718097,2023,51,PHI,CHC,9.0,0.10141038565419792,4.390522967580461,2023-05-20,12.0,3.0,0.5102373149740775,PHI,PHI,True,PHI,True
718098,2023,51,HOU,ATH,1.0,2.552119958006296,4.390522967580461,2023-05-20,3.0,2.0,0.7408168807664613,HOU,HOU,True,HOU,False
718100,2023,51,TEX,COL,6.0,0.921816601422271,4.390522967580461,2023-05-20,11.0,5.0,0.592229727718421,TEX,TEX,True,TEX,True
718101,2023,51,PIT,AZ,-1.0,0.27101038282514966,4.390522967580461,2023-05-20,3.0,4.0,0.5273398962872401,PIT,AZ,False,PIT,False
718102,2023,51,TOR,BAL,-1.0,0.5021206394730438,4.390522967580461,2023-05-20,5.0,6.0,0.5505582294708076,TOR,BAL,False,TOR,False
718103,2023,51,SF,MIA,-1.0,0.6643034766832666,4.390522967580461,2023-05-20,0.0,1.0,0.5667537930774653,SF,MIA,False,SF,False
718104,2023,51,CWS,KC,4.0,0.988802896600706,4.390522967580461,2023-05-20,5.0,1.0,0.5987978390773141,CWS,CWS,True,CWS,True
718108,2023,51,WSH,DET,3.0,-0.2373597460750915,4.390522967580461,2023-05-20,5.0,2.0,0.47605045534642293,DET,WSH,False,DET,False
718109,2023,51,STL,LAD,1.0,-1.2378646098306205,4.390522967580461,2023-05-20,6.0,5.0,0.3770389820682392,LAD,STL,False,LAD,False
718076,2023,52,TEX,COL,10.0,1.0720445669361023,4.390522967580461,2023-05-21,13.0,3.0,0.6069208757423596,TEX,TEX,True,TEX,True
718078,2023,52,SF,MIA,2.0,0.3759001999347025,4.390522967580461,2023-05-21,7.0,5.0,0.537893893098897,SF,SF,True,SF,True
718079,2023,52,SD,BOS,7.0,0.16371211119578638,4.390522967580461,2023-05-21,7.0,0.0,0.516523722082898,SD,SD,True,SD,True
718080,2023,52,LAA,MIN,2.0,-0.45208390330313,4.390522967580461,2023-05-21,4.0,2.0,0.45445678037644954,MIN,LAA,False,MIN,False
718081,2023,52,TB,MIL,-2.0,1.3873503075519094,4.390522967580461,2023-05-21,4.0,6.0,0.6372422875759034,TB,MIL,False,TB,False
718083,2023,52,STL,LAD,5.0,-1.7514806165786923,4.390522967580461,2023-05-21,10.0,5.0,0.3287932599778266,LAD,STL,False,LAD,False
718084,2023,52,CWS,KC,3.0,0.8842253415121348,4.390522967580461,2023-05-21,5.0,2.0,0.5885323303662655,CWS,CWS,True,CWS,True
718085,2023,52,CIN,NYY,-3.0,-1.0234467923727741,4.390522967580461,2023-05-21,1.0,4.0,0.39781606903463457,NYY,NYY,True,NYY,True
718086,2023,52,HOU,ATH,2.0,2.856645258769885,4.390522967580461,2023-05-21,2.0,0.0,0.7651392203657589,HOU,HOU,True,HOU,True
718087,2023,52,TOR,BAL,-5.0,1.1013571076010957,4.390522967580461,2023-05-21,3.0,8.0,0.6097704546169402,TOR,BAL,False,TOR,False
718088,2023,52,PHI,CHC,1.0,-0.26100329024502755,4.390522967580461,2023-05-21,2.0,1.0,0.4736681373939094,CHC,PHI,False,CHC,False
718089,2023,52,WSH,DET,2.0,-0.3867922789439264,4.390522967580461,2023-05-21,6.0,4.0,0.4610115470615762,DET,WSH,False,DET,False
718090,2023,52,ATL,SEA,1.0,0.2382072740062422,4.390522967580461,2023-05-21,3.0,2.0,0.5240349566749819,ATL,ATL,True,ATL,False
718091,2023,52,PIT,AZ,-5.0,-0.41663698133393634,4.390522967580461,2023-05-21,3.0,8.0,0.4580139498265204,AZ,AZ,True,AZ,True
718099,2023,52,NYM,CLE,1.0,0.24010853424205206,4.390522967580461,2023-05-21,5.0,4.0,0.5242265575226581,NYM,NYM,True,NYM,False
718082,2023,52,NYM,CLE,1.0,0.2310565851667224,4.390522967580461,2023-05-21,2.0,1.0,0.5233142915461102,NYM,NYM,True,NYM,False
718062,2023,53,SEA,ATH,9.0,2.37132097692932,4.390522967580461,2023-05-22,11.0,2.0,0.7257838656766189,SEA,SEA,True,SEA,True
718066,2023,53,KC,DET,-3.0,-0.17307892062159588,4.390522967580461,2023-05-22,5.0,8.0,0.482531459127937,DET,DET,True,DET,True
718067,2023,53,MIN,SF,-3.0,0.12706902014604823,4.390522967580461,2023-05-22,1.0,4.0,0.5128267354823233,MIN,SF,False,MIN,False
718068,2023,53,MIL,HOU,-10.0,-1.0732459519565423,4.390522967580461,2023-05-22,2.0,12.0,0.39296221943050164,HOU,HOU,True,HOU,True
718069,2023,53,COL,MIA,2.0,-0.7255278670135702,4.390522967580461,2023-05-22,5.0,3.0,0.4271598738940665,MIA,COL,False,MIA,False
718070,2023,53,LAA,BOS,1.0,-0.4397898121260997,4.390522967580461,2023-05-22,2.0,1.0,0.45569011804789317,BOS,LAA,False,BOS,False
718071,2023,53,CIN,STL,1.0,-0.6490936774981779,4.390522967580461,2023-05-22,6.0,5.0,0.4347607339941605,STL,CIN,False,STL,False
718072,2023,53,CLE,CWS,3.0,0.21626802545120696,4.390522967580461,2023-05-22,3.0,0.0,0.5218236225147456,CLE,CLE,True,CLE,True
718073,2023,53,PHI,AZ,-3.0,0.382073923062315,4.390522967580461,2023-05-22,3.0,6.0,0.538514334705461,PHI,AZ,False,PHI,False
718074,2023,53,ATL,LAD,-2.0,-0.10258628365114172,4.390522967580461,2023-05-22,6.0,8.0,0.48964400537310293,LAD,LAD,True,LAD,True
718075,2023,53,PIT,TEX,2.0,-0.844726661730621,4.390522967580461,2023-05-22,6.0,4.0,0.41536116013526025,TEX,PIT,False,TEX,False
718077,2023,53,TB,TOR,2.0,0.3620760524861978,4.390522967580461,2023-05-22,6.0,4.0,0.5365042734154175,TB,TB,True,TB,True
718049,2023,54,KC,DET,3.0,-0.3541440753958791,4.390522967580461,2023-05-23,4.0,1.0,0.4642932605636485,DET,KC,False,DET,False
718050,2023,54,SEA,ATH,1.0,2.0782590086829424,4.390522967580461,2023-05-23,3.0,2.0,0.7005370324484399,SEA,SEA,True,SEA,False
718051,2023,54,COL,MIA,1.0,-0.40736012979247005,4.390522967580461,2023-05-23,5.0,4.0,0.458945467672628,MIA,COL,False,MIA,False
718053,2023,54,LAA,BOS,4.0,-0.2432283739244456,4.390522967580461,2023-05-23,4.0,0.0,0.4754590505806134,BOS,LAA,False,BOS,False
718054,2023,54,MIN,SF,-1.0,0.4269396338897359,4.390522967580461,2023-05-23,3.0,4.0,0.5430203014994592,MIN,SF,False,MIN,False
718055,2023,54,CHC,NYM,5.0,0.31767656341569916,4.390522967580461,2023-05-23,7.0,2.0,0.5320382549358669,CHC,CHC,True,CHC,True
718056,2023,54,MIL,HOU,6.0,-1.3577966654296842,4.390522967580461,2023-05-23,6.0,0.0,0.3655667724402657,HOU,MIL,False,HOU,False
718057,2023,54,ATL,LAD,-7.0,0.2330236536103123,4.390522967580461,2023-05-23,1.0,8.0,0.5235125455535947,ATL,LAD,False,ATL,False
718058,2023,54,NYY,BAL,1.0,0.7695439985043987,4.390522967580461,2023-05-23,6.0,5.0,0.5772051796819038,NYY,NYY,True,NYY,False
718059,2023,54,CIN,STL,-3.0,-0.748364226023629,4.390522967580461,2023-05-23,5.0,8.0,0.4248940571687957,STL,STL,True,STL,True
718060,2023,54,PHI,AZ,-1.0,0.20000840131617798,4.390522967580461,2023-05-23,3.0,4.0,0.5201843203116061,PHI,AZ,False,PHI,False
718061,2023,54,TB,TOR,-19.0,0.3663913992831881,4.390522967580461,2023-05-23,1.0,20.0,0.5369381058134683,TB,TOR,False,TB,False
718063,2023,54,CLE,CWS,-2.0,0.467041330383864,4.390522967580461,2023-05-23,2.0,4.0,0.5470431489316783,CLE,CWS,False,CLE,False
718064,2023,54,WSH,SD,-3.0,-1.2376210719380167,4.390522967580461,2023-05-23,4.0,7.0,0.3770623926419525,SD,SD,True,SD,True
718065,2023,54,PIT,TEX,-5.0,-0.6599839875821276,4.390522967580461,2023-05-23,1.0,6.0,0.4336762246023462,TEX,TEX,True,TEX,True
718034,2023,55,LAA,BOS,4.0,-0.022425429180411877,4.390522967580461,2023-05-24,7.0,3.0,0.4977359305997319,BOS,LAA,False,BOS,False
718036,2023,55,COL,MIA,-8.0,-0.4949539222162448,4.390522967580461,2023-05-24,2.0,10.0,0.45015958969706105,MIA,MIA,True,MIA,True
718037,2023,55,SEA,ATH,5.0,2.5130263205352423,4.390522967580461,2023-05-24,6.0,1.0,0.7376027971063407,SEA,SEA,True,SEA,True
718038,2023,55,CHC,NYM,2.0,0.24806596394939098,4.390522967580461,2023-05-24,4.0,2.0,0.5250284118459523,CHC,CHC,True,CHC,True
718039,2023,55,KC,DET,-2.0,-0.0265978257168899,4.390522967580461,2023-05-24,4.0,6.0,0.49731469166734277,DET,DET,True,DET,True
718040,2023,55,NYY,BAL,-3.0,0.8392645901460895,4.390522967580461,2023-05-24,6.0,9.0,0.5840997649511248,NYY,BAL,False,NYY,False
718041,2023,55,CIN,STL,7.0,-0.8648283253725444,4.390522967580461,2023-05-24,10.0,3.0,0.41337862128599645,STL,CIN,False,STL,False
718042,2023,55,ATL,LAD,1.0,-0.30101619225935883,4.390522967580461,2023-05-24,4.0,3.0,0.4696386359817291,LAD,ATL,False,LAD,False
718043,2023,55,PHI,AZ,1.0,-0.36846210972312077,4.390522967580461,2023-05-24,6.0,5.0,0.4628537361522076,AZ,PHI,False,AZ,False
718044,2023,55,TB,TOR,4.0,0.5732387514608066,4.390522967580461,2023-05-24,7.0,3.0,0.5576720881206481,TB,TB,True,TB,True
718045,2023,55,PIT,TEX,-1.0,-0.6203065436957987,4.390522967580461,2023-05-24,2.0,3.0,0.4376298386885632,TEX,TEX,True,TEX,False
718046,2023,55,MIL,HOU,4.0,-1.0085439522892194,4.390522967580461,2023-05-24,4.0,0.0,0.3992717444260793,HOU,MIL,False,HOU,False
718047,2023,55,MIN,SF,6.0,0.7289966533095642,4.390522967580461,2023-05-24,7.0,1.0,0.5731844548043875,MIN,MIN,True,MIN,True
718048,2023,55,CLE,CWS,-6.0,0.3645363506279804,4.390522967580461,2023-05-24,0.0,6.0,0.5367516185752028,CLE,CWS,False,CLE,False
718052,2023,55,WSH,SD,2.0,-0.9197580359598425,4.390522967580461,2023-05-24,5.0,3.0,0.40797253919626236,SD,WSH,False,SD,False
718024,2023,56,CHC,NYM,-9.0,0.17167100381169606,4.391783340164358,2023-05-25,1.0,10.0,0.5173215628176708,CHC,NYM,False,CHC,False
718025,2023,56,SEA,ATH,1.0,2.4215780106756855,4.391783340164358,2023-05-25,3.0,2.0,0.7299473226302874,SEA,SEA,True,SEA,False
718026,2023,56,ATL,PHI,3.0,1.016022058763838,4.391783340164358,2023-05-25,8.0,5.0,0.601430395055923,ATL,ATL,True,ATL,True
718028,2023,56,MIL,SF,-5.0,-1.1610449682465875,4.391783340164358,2023-05-25,0.0,5.0,0.3844776383601538,SF,SF,True,SF,True
718029,2023,56,NYY,BAL,-2.0,0.9252042604613833,4.391783340164358,2023-05-25,1.0,3.0,0.5925364505470194,NYY,BAL,False,NYY,False
718030,2023,56,CIN,STL,-1.0,-0.5743557614141315,4.391783340164358,2023-05-25,1.0,2.0,0.4422327873872474,STL,STL,True,STL,False
718031,2023,56,DET,CWS,5.0,-0.0021951042305807383,4.391783340164358,2023-05-25,7.0,2.0,0.4997784448886014,CWS,DET,False,CWS,False
718032,2023,56,TB,TOR,3.0,0.7208807802313815,4.391783340164358,2023-05-25,6.0,3.0,0.5723582043565584,TB,TB,True,TB,True
718033,2023,56,COL,MIA,1.0,-0.3026749591146875,4.391783340164358,2023-05-25,7.0,6.0,0.469480398059012,MIA,COL,False,MIA,False
718035,2023,56,WSH,SD,-2.0,-0.7257986374714887,4.391783340164358,2023-05-25,6.0,8.0,0.42715367156118567,SD,SD,True,SD,True
718009,2023,57,ATH,HOU,-3.0,-2.5327563693674935,4.391783340164358,2023-05-26,2.0,5.0,0.2608323102585281,HOU,HOU,True,HOU,True
718010,2023,57,AZ,BOS,-5.0,-0.2144599158644816,4.391783340164358,2023-05-26,2.0,7.0,0.47836485875694446,BOS,BOS,True,BOS,True
718012,2023,57,SEA,PIT,-5.0,0.7430178215178165,4.391783340164358,2023-05-26,6.0,11.0,0.5745545425954515,SEA,PIT,False,SEA,False
718013,2023,57,MIN,TOR,-2.0,-0.46662885789523956,4.391783340164358,2023-05-26,1.0,3.0,0.4530116310866149,TOR,TOR,True,TOR,True
718014,2023,57,KC,WSH,-2.0,-0.05805764769620582,4.391783340164358,2023-05-26,10.0,12.0,0.4941403662898559,WSH,WSH,True,WSH,True
718015,2023,57,LAA,MIA,-4.0,0.40938181673831925,4.391783340164358,2023-05-26,2.0,6.0,0.5412457576793832,LAA,MIA,False,LAA,False
718016,2023,57,COL,NYM,-3.0,-0.8774528786636868,4.391783340164358,2023-05-26,2.0,5.0,0.4121594461456507,NYM,NYM,True,NYM,True
718017,2023,57,MIL,SF,-14.0,-0.45817006238152524,4.391783340164358,2023-05-26,1.0,15.0,0.453859567482045,SF,SF,True,SF,True
718018,2023,57,TB,LAD,6.0,-0.5305919476251907,4.391783340164358,2023-05-26,9.0,3.0,0.4466069733490457,LAD,TB,False,LAD,False
718019,2023,57,ATL,PHI,-2.0,1.31880741523537,4.391783340164358,2023-05-26,4.0,6.0,0.630680139607776,ATL,PHI,False,ATL,False
718020,2023,57,BAL,TEX,-10.0,-0.5485414152742546,4.391783340164358,2023-05-26,2.0,12.0,0.44481211006856197,TEX,TEX,True,TEX,True
718021,2023,57,DET,CWS,-9.0,-0.05290006147686242,4.391783340164358,2023-05-26,3.0,12.0,0.49466087779727597,CWS,CWS,True,CWS,True
718022,2023,57,CLE,STL,1.0,0.12617683433413018,4.391783340164358,2023-05-26,4.0,3.0,0.5127330522390731,CLE,CLE,True,CLE,False
718023,2023,57,NYY,SD,-4.0,0.5086884125779761,4.391783340164358,2023-05-26,1.0,5.0,0.5512012959495469,NYY,SD,False,NYY,False
718027,2023,57,CHC,CIN,-9.0,1.198418435736637,4.391783340164358,2023-05-26,0.0,9.0,0.6191301763595604,CHC,CIN,False,CHC,False
717991,2023,58,AZ,BOS,-1.0,-0.4886392051184294,4.391783340164358,2023-05-27,1.0,2.0,0.4508062577302452,BOS,BOS,True,BOS,False
717996,2023,58,CLE,STL,-1.0,-0.07427932629149224,4.391783340164358,2023-05-27,1.0,2.0,0.4925033187820575,STL,STL,True,STL,False
717997,2023,58,ATL,PHI,-1.0,0.9453544377129058,4.391783340164358,2023-05-27,1.0,2.0,0.5945140887882184,ATL,PHI,False,ATL,False
717998,2023,58,LAA,MIA,-3.0,0.5103438943627573,4.391783340164358,2023-05-27,5.0,8.0,0.551367003671375,LAA,MIA,False,LAA,False
717999,2023,58,MIL,SF,-2.0,-0.61196607977949,4.391783340164358,2023-05-27,1.0,3.0,0.43847924096900476,SF,SF,True,SF,True
718000,2023,58,KC,WSH,-2.0,0.1890160293899252,4.391783340164358,2023-05-27,2.0,4.0,0.5190703992585263,KC,WSH,False,KC,False
718001,2023,58,BAL,TEX,-2.0,-0.27226973545677885,4.391783340164358,2023-05-27,3.0,5.0,0.4725411290300495,TEX,TEX,True,TEX,True
718002,2023,58,TB,LAD,-1.0,-0.6812935212443627,4.391783340164358,2023-05-27,5.0,6.0,0.4315750187431147,LAD,LAD,True,LAD,False
718003,2023,58,ATH,HOU,-3.0,-2.250248159317642,4.391783340164358,2023-05-27,3.0,6.0,0.2845736973604459,HOU,HOU,True,HOU,True
718004,2023,58,SEA,PIT,5.0,0.919619905661464,4.391783340164358,2023-05-27,5.0,0.0,0.5919879543381806,SEA,SEA,True,SEA,True
718005,2023,58,DET,CWS,4.0,0.20818626182456174,4.391783340164358,2023-05-27,7.0,3.0,0.5210028364550846,DET,DET,True,DET,True
718006,2023,58,NYY,SD,1.0,0.36753984080806557,4.391783340164358,2023-05-27,3.0,2.0,0.5370429509087148,NYY,NYY,True,NYY,False
718007,2023,58,CHC,CIN,-3.0,0.5287424088109343,4.391783340164358,2023-05-27,5.0,8.0,0.5532080185552678,CHC,CIN,False,CHC,False
718008,2023,58,MIN,TOR,2.0,0.07675862180529416,4.391783340164358,2023-05-27,9.0,7.0,0.50774687451401,MIN,MIN,True,MIN,True
718011,2023,58,COL,NYM,3.0,-1.386847350817131,4.391783340164358,2023-05-27,10.0,7.0,0.3628432400949436,NYM,COL,False,NYM,False
717980,2023,59,ATH,HOU,-9.0,-2.745141610862769,4.391783340164358,2023-05-28,1.0,10.0,0.24367979573177484,HOU,HOU,True,HOU,True
717981,2023,59,AZ,BOS,2.0,-0.08600556634045832,4.391783340164358,2023-05-28,4.0,2.0,0.4913200156903972,BOS,AZ,False,BOS,False
717982,2023,59,COL,NYM,1.0,-0.41596206306340133,4.391783340164358,2023-05-28,11.0,10.0,0.45809369831451857,NYM,COL,False,NYM,False
717983,2023,59,SEA,PIT,3.0,0.8002262563225165,4.391783340164358,2023-05-28,6.0,3.0,0.5802196418287999,SEA,SEA,True,SEA,True
717984,2023,59,LAA,MIA,-2.0,0.4465163078247578,4.391783340164358,2023-05-28,0.0,2.0,0.5449718795559376,LAA,MIA,False,LAA,False
717985,2023,59,KC,WSH,1.0,-0.125566121472586,4.391783340164358,2023-05-28,3.0,2.0,0.48732855666773595,WSH,KC,False,WSH,False
717986,2023,59,MIL,SF,2.0,-0.6004208902867844,4.391783340164358,2023-05-28,7.0,5.0,0.43963088973054665,SF,MIL,False,SF,False
717987,2023,59,CHC,CIN,-3.0,0.950497096624593,4.391783340164358,2023-05-28,5.0,8.0,0.595018430743067,CHC,CIN,False,CHC,False
717988,2023,59,MIN,TOR,-3.0,0.12331472754729668,4.391783340164358,2023-05-28,0.0,3.0,0.5124443193994275,MIN,TOR,False,MIN,False
717989,2023,59,DET,CWS,1.0,0.6306019696313359,4.391783340164358,2023-05-28,6.0,5.0,0.5633786123177529,DET,DET,True,DET,False
717990,2023,59,BAL,TEX,1.0,-0.33008601616300587,4.391783340164358,2023-05-28,3.0,2.0,0.46672261364468737,TEX,BAL,False,TEX,False
717992,2023,59,ATL,PHI,7.0,1.7168026993563634,4.391783340164358,2023-05-28,11.0,4.0,0.667981813308699,ATL,ATL,True,ATL,True
717993,2023,59,CLE,STL,1.0,-0.2400168350254287,4.391783340164358,2023-05-28,4.0,3.0,0.47578962485133613,STL,CLE,False,STL,False
717994,2023,59,TB,LAD,1.0,-0.3390327775519139,4.391783340164358,2023-05-28,11.0,10.0,0.4658228329244444,LAD,TB,False,LAD,False
717995,2023,59,NYY,SD,3.0,0.17412094527086333,4.391783340164358,2023-05-28,10.0,7.0,0.5175686025811306,NYY,NYY,True,NYY,True
717968,2023,60,HOU,MIN,-2.0,0.45927047023691064,4.391783340164358,2023-05-29,5.0,7.0,0.5462507528642725,HOU,MIN,False,HOU,False
717969,2023,60,SEA,NYY,-6.0,-0.1342152554583535,4.391783340164358,2023-05-29,4.0,10.0,0.48645605817081283,NYY,NYY,True,NYY,True
717970,2023,60,ATH,ATL,5.0,-2.7210968685693264,4.391783340164358,2023-05-29,7.0,2.0,0.24559062014282407,ATL,ATH,False,ATL,False
717971,2023,60,CWS,LAA,-2.0,-0.21946495864595633,4.391783340164358,2023-05-29,4.0,6.0,0.47786045287161916,LAA,LAA,True,LAA,True
717973,2023,60,LAD,WSH,5.0,1.792862379815687,4.391783340164358,2023-05-29,6.0,1.0,0.6749380488788875,LAD,LAD,True,LAD,True
717974,2023,60,BAL,CLE,-5.0,0.09289968621600776,4.391783340164358,2023-05-29,0.0,5.0,0.5093756397845838,BAL,CLE,False,BAL,False
717975,2023,60,STL,KC,-7.0,1.0558539807870482,4.391783340164358,2023-05-29,0.0,7.0,0.6053149396367645,STL,KC,False,STL,False
717976,2023,60,CHC,TB,1.0,-0.7468188167848689,4.391783340164358,2023-05-29,1.0,0.0,0.42506857028839584,TB,CHC,False,TB,False
717977,2023,60,AZ,COL,2.0,1.0634825824942178,4.391783340164358,2023-05-29,7.0,5.0,0.6060577265490087,AZ,AZ,True,AZ,True
717978,2023,60,SF,PIT,10.0,0.36888470228202597,4.391783340164358,2023-05-29,14.0,4.0,0.537178102060958,SF,SF,True,SF,True
717979,2023,60,DET,TEX,-5.0,-0.9588465753590856,4.391783340164358,2023-05-29,0.0,5.0,0.4041630699865557,TEX,TEX,True,TEX,True
717952,2023,61,SEA,NYY,-8.0,0.10917215261874806,4.391783340164358,2023-05-30,2.0,10.0,0.5110175062803316,SEA,NYY,False,SEA,False
717955,2023,61,AZ,COL,4.0,1.0108027750857278,4.391783340164358,2023-05-30,5.0,1.0,0.600920638224734,AZ,AZ,True,AZ,True
717956,2023,61,HOU,MIN,4.0,-0.2797296217465054,4.391783340164358,2023-05-30,5.0,1.0,0.471790025132468,MIN,HOU,False,MIN,False
717957,2023,61,LAD,WSH,6.0,1.8221980533150983,4.391783340164358,2023-05-30,9.0,3.0,0.6776049762013867,LAD,LAD,True,LAD,True
717958,2023,61,ATH,ATL,1.0,-2.270692434165346,4.391783340164358,2023-05-30,2.0,1.0,0.28282152304021263,ATL,ATH,False,ATL,False
717959,2023,61,CWS,LAA,4.0,-0.328958664095491,4.391783340164358,2023-05-30,7.0,3.0,0.4668360042248744,LAA,CWS,False,LAA,False
717960,2023,61,STL,KC,1.0,0.9660814666608011,4.391783340164358,2023-05-30,2.0,1.0,0.5965458273240078,STL,STL,True,STL,False
717961,2023,61,CHC,TB,1.0,-0.999782771839939,4.391783340164358,2023-05-30,2.0,1.0,0.4001562276023297,TB,CHC,False,TB,False
717962,2023,61,NYM,PHI,2.0,0.23604435542790125,4.391783340164358,2023-05-30,2.0,0.0,0.5238101532922351,NYM,NYM,True,NYM,True
717963,2023,61,MIA,SD,-5.0,-0.2741729779517627,4.391783340164358,2023-05-30,4.0,9.0,0.4723494903359573,SD,SD,True,SD,True
717964,2023,61,DET,TEX,-4.0,-0.7823952968250121,4.391783340164358,2023-05-30,6.0,10.0,0.42154435482018104,TEX,TEX,True,TEX,True
717965,2023,61,TOR,MIL,5.0,0.5579625197199795,4.391783340164358,2023-05-30,7.0,2.0,0.5561295063342933,TOR,TOR,True,TOR,True
717966,2023,61,BOS,CIN,-1.0,0.8970479418553693,4.391783340164358,2023-05-30,8.0,9.0,0.5897691057018971,BOS,CIN,False,BOS,False
717967,2023,61,BAL,CLE,3.0,0.4161511164489514,4.391783340164358,2023-05-30,8.0,5.0,0.5419252777053732,BAL,BAL,True,BAL,True
717972,2023,61,SF,PIT,-1.0,1.0772458862115972,4.391783340164358,2023-05-30,1.0,2.0,0.607396864120773,SF,PIT,False,SF,False
717938,2023,62,HOU,MIN,-6.0,0.4230091737299896,4.391783340164358,2023-05-31,2.0,8.0,0.5426135825042446,HOU,MIN,False,HOU,False
717939,2023,62,SEA,NYY,1.0,0.002261984492008054,4.391783340164358,2023-05-31,1.0,0.0,0.5002283054342174,SEA,SEA,True,SEA,False
717940,2023,62,AZ,COL,6.0,0.6915040102484648,4.391783340164358,2023-05-31,6.0,0.0,0.5694401181107462,AZ,AZ,True,AZ,True
717943,2023,62,CWS,LAA,-7.0,0.20101758657353683,4.391783340164358,2023-05-31,5.0,12.0,0.5202802602557007,CWS,LAA,False,CWS,False
717944,2023,62,NYM,PHI,3.0,-0.02916750647788248,4.391783340164358,2023-05-31,4.0,1.0,0.49705610706752684,PHI,NYM,False,PHI,False
717945,2023,62,MIA,SD,1.0,-0.1811772850693799,4.391783340164358,2023-05-31,2.0,1.0,0.48171990965975037,SD,MIA,False,SD,False
717946,2023,62,BAL,CLE,-4.0,0.026669772166240877,4.391783340164358,2023-05-31,8.0,12.0,0.5026917992000239,BAL,CLE,False,BAL,False
717947,2023,62,TOR,MIL,-2.0,1.0631543018778253,4.391783340164358,2023-05-31,2.0,4.0,0.6060257702190204,TOR,MIL,False,TOR,False
717948,2023,62,BOS,CIN,-1.0,0.4021488836410001,4.391783340164358,2023-05-31,4.0,5.0,0.5405195637589758,BOS,CIN,False,BOS,False
717949,2023,62,ATH,ATL,-2.0,-2.180317043073704,4.391783340164358,2023-05-31,2.0,4.0,0.29060600643471035,ATL,ATL,True,ATL,True
717950,2023,62,CHC,TB,-1.0,-0.603008888130647,4.391783340164358,2023-05-31,3.0,4.0,0.4393726885501449,TB,TB,True,TB,False
717951,2023,62,DET,TEX,1.0,-0.7581049713364401,4.391783340164358,2023-05-31,3.0,2.0,0.4239498981267568,TEX,DET,False,TEX,False
717953,2023,62,SF,PIT,-5.0,0.5090837887363712,4.391783340164358,2023-05-31,4.0,9.0,0.5512408724818513,SF,PIT,False,SF,False
717954,2023,62,LAD,WSH,-4.0,1.9081133262775336,4.391783340164358,2023-05-31,6.0,10.0,0.6853627662048867,LAD,WSH,False,LAD,False
717932,2023,63,BOS,CIN,6.0,0.683091564136498,4.390782892179321,2023-06-01,8.0,2.0,0.5686192538744042,BOS,BOS,True,BOS,True
717933,2023,63,AZ,COL,1.0,0.8498990339232863,4.390782892179321,2023-06-01,5.0,4.0,0.5851442129139962,AZ,AZ,True,AZ,False
717934,2023,63,NYM,PHI,2.0,0.6685084445541689,4.390782892179321,2023-06-01,4.0,2.0,0.5671683952737155,NYM,NYM,True,NYM,True
717936,2023,63,HOU,LAA,3.0,1.0907005253438888,4.390782892179321,2023-06-01,5.0,2.0,0.6087288876671549,HOU,HOU,True,HOU,True
717937,2023,63,MIN,CLE,1.0,0.8787035560207734,4.390782892179321,2023-06-01,7.0,6.0,0.5879834243798948,MIN,MIN,True,MIN,False
717941,2023,63,MIA,SD,-9.0,-0.5289796327765983,4.390782892179321,2023-06-01,1.0,10.0,0.4467561947584149,SD,SD,True,SD,True
717942,2023,63,TOR,MIL,2.0,1.280485000591311,4.390782892179321,2023-06-01,3.0,1.0,0.6270436953304206,TOR,TOR,True,TOR,True
717917,2023,64,LAD,NYY,4.0,0.5583817205264721,4.390782892179321,2023-06-02,8.0,4.0,0.556184110922151,LAD,LAD,True,LAD,True
717919,2023,64,AZ,ATL,1.0,-0.42007047542887954,4.390782892179321,2023-06-02,3.0,2.0,0.4576717365329475,ATL,AZ,False,ATL,False
717920,2023,64,SF,BAL,-1.0,0.6557623803264996,4.390782892179321,2023-06-02,2.0,3.0,0.5658995606101471,SF,BAL,False,SF,False
717921,2023,64,SD,CHC,-1.0,0.669738626635592,4.390782892179321,2023-06-02,1.0,2.0,0.5672908200017178,SD,CHC,False,SD,False
717922,2023,64,TEX,SEA,2.0,0.1693239637040122,4.390782892179321,2023-06-02,2.0,0.0,0.5170887833126462,TEX,TEX,True,TEX,True
717923,2023,64,KC,COL,-5.0,0.44702720504585663,4.390782892179321,2023-06-02,2.0,7.0,0.5450333317319375,KC,COL,False,KC,False
717924,2023,64,MIN,CLE,1.0,0.8758862886157919,4.390782892179321,2023-06-02,1.0,0.0,0.5877059318044638,MIN,MIN,True,MIN,False
717925,2023,64,CWS,DET,3.0,-0.15036227460810608,4.390782892179321,2023-06-02,3.0,0.0,0.48482391694515253,DET,CWS,False,DET,False
717926,2023,64,HOU,LAA,4.0,1.0910832532422599,4.390782892179321,2023-06-02,6.0,2.0,0.6087660812133907,HOU,HOU,True,HOU,True
717927,2023,64,MIA,ATH,4.0,0.9660183808768285,4.390782892179321,2023-06-02,4.0,0.0,0.5965612094500098,MIA,MIA,True,MIA,True
717929,2023,64,NYM,TOR,-3.0,-0.3618214680782488,4.390782892179321,2023-06-02,0.0,3.0,0.46352347536956384,TOR,TOR,True,TOR,True
717930,2023,64,PIT,STL,2.0,-0.22259275870042572,4.390782892179321,2023-06-02,7.0,5.0,0.4775401416428682,STL,PIT,False,STL,False
717931,2023,64,CIN,MIL,-1.0,-0.014095971461937737,4.390782892179321,2023-06-02,4.0,5.0,0.4985769515591186,MIL,MIL,True,MIL,False
717935,2023,64,WSH,PHI,1.0,-0.5981892813727127,4.390782892179321,2023-06-02,8.0,7.0,0.4398399549422285,PHI,WSH,False,PHI,False
717901,2023,65,AZ,ATL,-3.0,-0.880020805303634,4.390782892179321,2023-06-03,2.0,5.0,0.41188684551274407,ATL,ATL,True,ATL,True
717903,2023,65,SD,CHC,6.0,0.424759948894246,4.390782892179321,2023-06-03,6.0,0.0,0.5427989897363837,SD,SD,True,SD,True
717905,2023,65,LAD,NYY,-3.0,0.2920017045729356,4.390782892179321,2023-06-03,3.0,6.0,0.5294520756384737,LAD,NYY,False,LAD,False
717906,2023,65,CIN,MIL,-2.0,0.03028113420709154,4.390782892179321,2023-06-03,8.0,10.0,0.5030569862184371,CIN,MIL,False,CIN,False
717907,2023,65,PIT,STL,1.0,-0.32272309422132583,4.390782892179321,2023-06-03,4.0,3.0,0.4674558374612312,STL,PIT,False,STL,False
717908,2023,65,HOU,LAA,3.0,1.1223304467495654,4.390782892179321,2023-06-03,9.0,6.0,0.6117993029440059,HOU,HOU,True,HOU,True
717909,2023,65,KC,COL,-2.0,0.3055738469395508,4.390782892179321,2023-06-03,4.0,6.0,0.5308183326049062,KC,COL,False,KC,False
717910,2023,65,NYM,TOR,-1.0,-0.955122835523983,4.390782892179321,2023-06-03,1.0,2.0,0.4045067233494462,TOR,TOR,True,TOR,False
717911,2023,65,MIA,ATH,11.0,1.2086017231657846,4.390782892179321,2023-06-03,12.0,1.0,0.6201379578287756,MIA,MIA,True,MIA,True
717912,2023,65,TEX,SEA,10.0,0.28021042844185345,4.390782892179321,2023-06-03,16.0,6.0,0.52826480975658,TEX,TEX,True,TEX,True
717913,2023,65,MIN,CLE,-2.0,0.6995158997555202,4.390782892179321,2023-06-03,2.0,4.0,0.5702521842567068,MIN,CLE,False,MIN,False
717914,2023,65,WSH,PHI,-2.0,-0.5933115144270914,4.390782892179321,2023-06-03,2.0,4.0,0.4403268230272395,PHI,PHI,True,PHI,True
717915,2023,65,CWS,DET,1.0,0.011219961311593307,4.390782892179321,2023-06-03,2.0,1.0,0.5011327038297115,CWS,CWS,True,CWS,False
717916,2023,65,SF,BAL,4.0,0.40253305961795155,4.390782892179321,2023-06-03,4.0,0.0,0.5405673481755116,SF,SF,True,SF,True
717918,2023,65,BOS,TB,3.0,-0.3968614172508248,4.390782892179321,2023-06-03,8.0,5.0,0.4600023081015237,TB,BOS,False,TB,False
717885,2023,65,BOS,TB,-2.0,-0.5287546404637206,4.390782892179321,2023-06-03,2.0,4.0,0.4467787062312276,TB,TB,True,TB,True
717888,2023,66,LAD,NYY,-3.0,0.14924175061702538,4.390782892179321,2023-06-04,1.0,4.0,0.5150630423898986,LAD,NYY,False,LAD,False
717889,2023,66,SD,CHC,-6.0,0.3312785349784918,4.390782892179321,2023-06-04,1.0,7.0,0.5334049203899676,SD,CHC,False,SD,False
717890,2023,66,SF,BAL,-5.0,0.6215619762062136,4.390782892179321,2023-06-04,3.0,8.0,0.5624916858873177,SF,BAL,False,SF,False
717891,2023,66,CWS,DET,4.0,0.11307866092707577,4.390782892179321,2023-06-04,6.0,2.0,0.511414239593273,CWS,CWS,True,CWS,True
717892,2023,66,AZ,ATL,-3.0,-0.43016311693001774,4.390782892179321,2023-06-04,5.0,8.0,0.4566587182842257,ATL,ATL,True,ATL,True
717893,2023,66,KC,COL,2.0,-0.024083939367574317,4.390782892179321,2023-06-04,2.0,0.0,0.49756863349419445,COL,KC,False,COL,False
717894,2023,66,TEX,SEA,9.0,0.7515708155554519,4.390782892179321,2023-06-04,12.0,3.0,0.5754194915567741,TEX,TEX,True,TEX,True
717895,2023,66,MIN,CLE,-1.0,0.8257086890432426,4.390782892179321,2023-06-04,1.0,2.0,0.582756365618031,MIN,CLE,False,MIN,False
717896,2023,66,MIA,ATH,2.0,1.744026644171735,4.390782892179321,2023-06-04,7.0,5.0,0.6705148544266875,MIA,MIA,True,MIA,True
717897,2023,66,CIN,MIL,-4.0,0.14340658378291724,4.390782892179321,2023-06-04,1.0,5.0,0.5144743599182788,CIN,MIL,False,CIN,False
717898,2023,66,PIT,STL,1.0,-0.3318630440678632,4.390782892179321,2023-06-04,2.0,1.0,0.46653627815041887,STL,PIT,False,STL,False
717899,2023,66,HOU,LAA,-1.0,1.1137842653708803,4.390782892179321,2023-06-04,1.0,2.0,0.6109703782666415,HOU,LAA,False,HOU,False
717900,2023,66,NYM,TOR,-2.0,-0.3967262761669079,4.390782892179321,2023-06-04,4.0,6.0,0.4600158825952372,TOR,TOR,True,TOR,True
717902,2023,66,WSH,PHI,-8.0,-0.3095408966811746,4.390782892179321,2023-06-04,3.0,11.0,0.46878238709617354,PHI,PHI,True,PHI,True
717904,2023,66,BOS,TB,-4.0,-0.4736734028048688,4.390782892179321,2023-06-04,2.0,6.0,0.45229481164355967,TB,TB,True,TB,True
717878,2023,67,TOR,HOU,-7.0,-0.029905570353118513,4.390782892179321,2023-06-05,4.0,11.0,0.49698092753548373,HOU,HOU,True,HOU,True
717879,2023,67,TEX,STL,1.0,0.7485174937929047,4.390782892179321,2023-06-05,4.0,3.0,0.5751167476484035,TEX,TEX,True,TEX,False
717880,2023,67,SD,CHC,5.0,0.29944450325995486,4.390782892179321,2023-06-05,5.0,0.0,0.5302013583965159,SD,SD,True,SD,True
717883,2023,67,CIN,MIL,2.0,0.4140574402152285,4.390782892179321,2023-06-05,2.0,0.0,0.5417245921372669,CIN,CIN,True,CIN,True
717884,2023,67,PIT,ATH,1.0,1.0487073949222134,4.390782892179321,2023-06-05,5.0,4.0,0.6046420216814382,PIT,PIT,True,PIT,False
717886,2023,67,PHI,DET,5.0,0.4400108780420016,4.390782892179321,2023-06-05,8.0,3.0,0.5443294494600267,PHI,PHI,True,PHI,True
717887,2023,67,MIA,KC,3.0,0.7092332639288533,4.390782892179321,2023-06-05,9.0,6.0,0.5712177344641083,MIA,MIA,True,MIA,True
717928,2023,67,BOS,TB,-3.0,-0.4858050510369357,4.390782892179321,2023-06-05,1.0,4.0,0.4510790599138276,TB,TB,True,TB,True
717861,2023,68,LAA,CHC,3.0,0.3246462488068565,4.390782892179321,2023-06-06,7.0,4.0,0.5327376633917761,LAA,LAA,True,LAA,True
717864,2023,68,SD,SEA,-3.0,-0.18486739157274407,4.390782892179321,2023-06-06,1.0,4.0,0.4813436139959334,SEA,SEA,True,SEA,True
717867,2023,68,MIL,BAL,1.0,-0.13642822460767967,4.390782892179321,2023-06-06,4.0,3.0,0.48622969515109704,BAL,MIL,False,BAL,False
717868,2023,68,TEX,STL,2.0,0.9536871551181446,4.390782892179321,2023-06-06,6.0,4.0,0.5953525044062523,TEX,TEX,True,TEX,True
717869,2023,68,COL,SF,-6.0,-0.9225749097334411,4.390782892179321,2023-06-06,4.0,10.0,0.4077011355929175,SF,SF,True,SF,True
717870,2023,68,CIN,LAD,1.0,-1.1957126468430048,4.390782892179321,2023-06-06,9.0,8.0,0.3811044131392195,LAD,CIN,False,LAD,False
717871,2023,68,TOR,HOU,4.0,0.003039501230804209,4.390782892179321,2023-06-06,5.0,1.0,0.5003068512337254,TOR,TOR,True,TOR,True
717872,2023,68,ATL,NYM,2.0,0.9145956887723172,4.390782892179321,2023-06-06,6.0,4.0,0.5915147984423668,ATL,ATL,True,ATL,True
717873,2023,68,CLE,BOS,-1.0,-0.025378712391015093,4.390782892179321,2023-06-06,4.0,5.0,0.4974379229182595,BOS,BOS,True,BOS,False
717874,2023,68,PIT,ATH,-9.0,1.342079771352562,4.390782892179321,2023-06-06,2.0,11.0,0.632928819364093,PIT,ATH,False,PIT,False
717875,2023,68,PHI,DET,1.0,0.31546834282212055,4.390782892179321,2023-06-06,1.0,0.0,0.5318141468654327,PHI,PHI,True,PHI,False
717876,2023,68,MIA,KC,5.0,0.4839586085435602,4.390782892179321,2023-06-06,6.0,1.0,0.5487359314263427,MIA,MIA,True,MIA,True
717877,2023,68,NYY,CWS,-1.0,1.229862600287434,4.390782892179321,2023-06-06,2.0,3.0,0.6221845695327932,NYY,CWS,False,NYY,False
717881,2023,68,WSH,AZ,-5.0,-0.7890451307350487,4.390782892179321,2023-06-06,5.0,10.0,0.42086852022736165,AZ,AZ,True,AZ,True
717882,2023,68,TB,MIN,7.0,0.2375495026351903,4.390782892179321,2023-06-06,7.0,0.0,0.5239672508190996,TB,TB,True,TB,True
717850,2023,69,ATL,NYM,2.0,0.7048846336569472,4.390782892179321,2023-06-07,7.0,5.0,0.5707856921665089,ATL,ATL,True,ATL,True
717851,2023,69,MIL,BAL,8.0,-0.011441167299600763,4.390782892179321,2023-06-07,10.0,2.0,0.49884496452675825,BAL,MIL,False,BAL,False
717852,2023,69,COL,SF,-1.0,-1.3851017579491662,4.390782892179321,2023-06-07,4.0,5.0,0.36297896384922773,SF,SF,True,SF,False
717853,2023,69,CIN,LAD,2.0,-1.0626079137604658,4.390782892179321,2023-06-07,8.0,6.0,0.3940038495375471,LAD,CIN,False,LAD,False
717854,2023,69,TEX,STL,-1.0,1.2182939656579832,4.390782892179321,2023-06-07,0.0,1.0,0.6210713724334642,TEX,STL,False,TEX,False
717855,2023,69,LAA,CHC,4.0,-0.21845348568724055,4.390782892179321,2023-06-07,6.0,2.0,0.4779573696144302,CHC,LAA,False,CHC,False
717856,2023,69,TOR,HOU,1.0,-0.17519224190024602,4.390782892179321,2023-06-07,3.0,2.0,0.48231935036003337,HOU,TOR,False,HOU,False
717858,2023,69,CLE,BOS,3.0,-0.3615053511117693,4.390782892179321,2023-06-07,5.0,2.0,0.4635552554182727,BOS,CLE,False,BOS,False
717859,2023,69,TB,MIN,1.0,0.004152683164285215,4.390782892179321,2023-06-07,2.0,1.0,0.5004192318892434,TB,TB,True,TB,False
717860,2023,69,MIA,KC,5.0,0.6441089626937067,4.390782892179321,2023-06-07,6.0,1.0,0.5647389010402718,MIA,MIA,True,MIA,True
717863,2023,69,SD,SEA,7.0,0.005362897435541011,4.390782892179321,2023-06-07,10.0,3.0,0.5005414083517675,SD,SD,True,SD,True
717865,2023,69,PIT,ATH,-4.0,0.9873843185439104,4.390782892179321,2023-06-07,5.0,9.0,0.5986533073411514,PIT,ATH,False,PIT,False
717866,2023,69,WSH,AZ,-4.0,-0.711796995995752,4.390782892179321,2023-06-07,2.0,6.0,0.4285275952339059,AZ,AZ,True,AZ,True
717838,2023,70,LAA,CHC,2.0,-0.10305442476265342,4.386641042246855,2023-06-08,3.0,1.0,0.48958755344903376,CHC,LAA,False,CHC,False
717840,2023,70,ATL,NYM,3.0,1.1361624107975863,4.386641042246855,2023-06-08,13.0,10.0,0.6132437454054223,ATL,ATL,True,ATL,True
717842,2023,70,CLE,BOS,7.0,0.009889132639287021,4.386641042246855,2023-06-08,10.0,3.0,0.5009992938314167,CLE,CLE,True,CLE,True
717843,2023,70,TOR,HOU,1.0,-0.21111922000314637,4.386641042246855,2023-06-08,3.0,2.0,0.47867660825751984,HOU,TOR,False,HOU,False
717844,2023,70,CIN,LAD,-6.0,-1.6032911494033635,4.386641042246855,2023-06-08,0.0,6.0,0.34233291448180747,LAD,LAD,True,LAD,True
717845,2023,70,TB,MIN,2.0,0.07323376103374157,4.386641042246855,2023-06-08,4.0,2.0,0.5073998325414307,TB,TB,True,TB,True
717846,2023,70,COL,SF,-2.0,-1.3879592895510753,4.386641042246855,2023-06-08,4.0,6.0,0.3625833248122727,SF,SF,True,SF,True
717848,2023,70,NYY,CWS,-1.0,1.0081616141091156,4.386641042246855,2023-06-08,5.0,6.0,0.6007780775744382,NYY,CWS,False,NYY,False
717849,2023,70,MIL,BAL,-3.0,0.004522426408526625,4.386641042246855,2023-06-08,3.0,6.0,0.5004569901846233,MIL,BAL,False,MIL,False
717862,2023,70,PHI,DET,1.0,0.4608656286455218,4.386641042246855,2023-06-08,3.0,2.0,0.5464648266039731,PHI,PHI,True,PHI,False
717857,2023,70,NYY,CWS,3.0,1.0071832819693265,4.386641042246855,2023-06-08,3.0,0.0,0.6006823856153413,NYY,NYY,True,NYY,True
717823,2023,71,SF,CHC,-1.0,0.4759317951561847,4.386641042246855,2023-06-09,2.0,3.0,0.5479765814755668,SF,CHC,False,SF,False
717824,2023,71,LAA,SEA,1.0,-0.1951401037262822,4.386641042246855,2023-06-09,5.0,4.0,0.4802891578273899,SEA,LAA,False,SEA,False
717827,2023,71,TB,TEX,5.0,0.13010716899296126,4.386641042246855,2023-06-09,8.0,3.0,0.5131449240162237,TB,TB,True,TB,True
717828,2023,71,CWS,MIA,1.0,-0.19405011005527445,4.386641042246855,2023-06-09,2.0,1.0,0.48039916775455677,MIA,CWS,False,MIA,False
717829,2023,71,ATL,WSH,1.0,2.127917653532789,4.386641042246855,2023-06-09,3.0,2.0,0.7050529097698447,ATL,ATL,True,ATL,False
717830,2023,71,COL,SD,-3.0,-1.1509334101771762,4.386641042246855,2023-06-09,6.0,9.0,0.38532496815832173,SD,SD,True,SD,True
717831,2023,71,MIL,ATH,-3.0,1.2852564979289562,4.386641042246855,2023-06-09,2.0,5.0,0.6276168678263387,MIL,ATH,False,MIL,False
717832,2023,71,STL,CIN,3.0,0.7547444079234609,4.386641042246855,2023-06-09,7.0,4.0,0.5758047548042593,STL,STL,True,STL,True
717833,2023,71,CLE,HOU,1.0,-0.7969243825000847,4.386641042246855,2023-06-09,10.0,9.0,0.42001449698598375,HOU,CLE,False,HOU,False
717834,2023,71,DET,AZ,-5.0,-0.6475939886995377,4.386641042246855,2023-06-09,6.0,11.0,0.43485303258577407,AZ,AZ,True,AZ,True
717835,2023,71,TOR,MIN,-1.0,0.022905786071362733,4.386641042246855,2023-06-09,2.0,3.0,0.5023146121179402,TOR,MIN,False,TOR,False
717836,2023,71,PIT,NYM,7.0,0.036603886903544935,4.386641042246855,2023-06-09,14.0,7.0,0.5036987624625391,PIT,PIT,True,PIT,True
717837,2023,71,PHI,LAD,1.0,-1.0572657753558776,4.386641042246855,2023-06-09,5.0,4.0,0.39442687408203464,LAD,PHI,False,LAD,False
717839,2023,71,BAL,KC,1.0,0.7092214826154617,4.386641042246855,2023-06-09,3.0,2.0,0.5712830866188342,BAL,BAL,True,BAL,False
717841,2023,71,NYY,BOS,-1.0,0.7165760672036527,4.386641042246855,2023-06-09,2.0,3.0,0.5720142477493538,NYY,BOS,False,NYY,False
717809,2023,72,LAA,SEA,-4.0,0.020491385673077844,4.386641042246855,2023-06-10,2.0,6.0,0.5020706411290198,LAA,SEA,False,LAA,False
717811,2023,72,PHI,LAD,-9.0,-0.7620080624759478,4.386641042246855,2023-06-10,0.0,9.0,0.4234746722344319,LAD,LAD,True,LAD,True
717812,2023,72,PIT,NYM,-4.0,-0.15169060798395334,4.386641042246855,2023-06-10,1.0,5.0,0.4846754650241716,NYM,NYM,True,NYM,True
717813,2023,72,TB,TEX,-4.0,0.10484157093879723,4.386641042246855,2023-06-10,4.0,8.0,0.5105929747278404,TB,TEX,False,TB,False
717814,2023,72,MIL,ATH,-1.0,1.228635800666176,4.386641042246855,2023-06-10,1.0,2.0,0.6221781516599664,MIL,ATH,False,MIL,False
717815,2023,72,CLE,HOU,-2.0,-0.2796919172567189,4.386641042246855,2023-06-10,4.0,6.0,0.47176081136740966,HOU,HOU,True,HOU,True
717816,2023,72,ATL,WSH,2.0,1.9029010723410649,4.386641042246855,2023-06-10,6.0,4.0,0.6850948845687506,ATL,ATL,True,ATL,True
717817,2023,72,STL,CIN,-4.0,0.8115707450272307,4.386641042246855,2023-06-10,4.0,8.0,0.5814351216331772,STL,CIN,False,STL,False
717818,2023,72,BAL,KC,5.0,0.8697745004888497,4.386641042246855,2023-06-10,6.0,1.0,0.587184709724578,BAL,BAL,True,BAL,True
717819,2023,72,COL,SD,-1.0,-0.2622231581356954,4.386641042246855,2023-06-10,2.0,3.0,0.4735218720565433,SD,SD,True,SD,False
717820,2023,72,CWS,MIA,-4.0,-0.43632362706432176,4.386641042246855,2023-06-10,1.0,5.0,0.4559991760224015,MIA,MIA,True,MIA,True
717821,2023,72,DET,AZ,-5.0,-0.4568982280087798,4.386641042246855,2023-06-10,0.0,5.0,0.45393337944974854,AZ,AZ,True,AZ,True
717822,2023,72,TOR,MIN,-5.0,-0.06877847375806542,4.386641042246855,2023-06-10,4.0,9.0,0.4930503005137492,MIN,MIN,True,MIN,True
717825,2023,72,NYY,BOS,2.0,0.9360509087731836,4.386641042246855,2023-06-10,3.0,1.0,0.5937089767479042,NYY,NYY,True,NYY,True
717826,2023,72,SF,CHC,-4.0,1.0086907937320362,4.386641042246855,2023-06-10,0.0,4.0,0.6008298348093981,SF,CHC,False,SF,False
717795,2023,73,CWS,MIA,-1.0,-0.2337908615624038,4.386641042246855,2023-06-11,5.0,6.0,0.47638928049372853,MIA,MIA,True,MIA,False
717796,2023,73,SF,CHC,10.0,1.0071314480811955,4.386641042246855,2023-06-11,13.0,3.0,0.6006773155054618,SF,SF,True,SF,True
717797,2023,73,STL,CIN,-1.0,0.8143659464343211,4.386641042246855,2023-06-11,3.0,4.0,0.58171165072708,STL,CIN,False,STL,False
717798,2023,73,COL,SD,1.0,-0.3358730294498955,4.386641042246855,2023-06-11,5.0,4.0,0.4661009942871643,SD,COL,False,SD,False
717799,2023,73,LAA,SEA,5.0,-0.3928910947421011,4.386641042246855,2023-06-11,9.0,4.0,0.46036386789538997,SEA,LAA,False,SEA,False
717800,2023,73,MIL,ATH,-2.0,1.3361336069038268,4.386641042246855,2023-06-11,6.0,8.0,0.6324823018550418,MIL,ATH,False,MIL,False
717801,2023,73,TB,TEX,4.0,0.32572710801273685,4.386641042246855,2023-06-11,7.0,3.0,0.5328773553252386,TB,TB,True,TB,True
717802,2023,73,CLE,HOU,5.0,-0.3123388151333047,4.386641042246855,2023-06-11,5.0,0.0,0.4684711182995556,HOU,CLE,False,HOU,False
717803,2023,73,PIT,NYM,1.0,0.17294068039290686,4.386641042246855,2023-06-11,2.0,1.0,0.5174700338899351,PIT,PIT,True,PIT,False
717804,2023,73,DET,AZ,-2.0,-0.6573012840124792,4.386641042246855,2023-06-11,5.0,7.0,0.4338854166230474,AZ,AZ,True,AZ,True
717805,2023,73,TOR,MIN,1.0,0.46871828841631447,4.386641042246855,2023-06-11,7.0,6.0,0.547252856104004,TOR,TOR,True,TOR,False
717806,2023,73,PHI,LAD,4.0,-1.4241747329365444,4.386641042246855,2023-06-11,7.0,3.0,0.3591486584105231,LAD,PHI,False,LAD,False
717807,2023,73,ATL,WSH,-4.0,2.2154271334523985,4.386641042246855,2023-06-11,2.0,6.0,0.7126540732238112,ATL,WSH,False,ATL,False
717808,2023,73,BAL,KC,8.0,0.6177939459656783,4.386641042246855,2023-06-11,11.0,3.0,0.5621741074948262,BAL,BAL,True,BAL,True
717810,2023,73,NYY,BOS,-1.0,0.7980784005163779,4.386641042246855,2023-06-11,2.0,3.0,0.5800997612058353,NYY,BOS,False,NYY,False
717785,2023,74,AZ,PHI,1.0,-0.27068963601059615,4.386641042246855,2023-06-12,9.0,8.0,0.47266828265421096,PHI,AZ,False,PHI,False
717786,2023,74,SEA,MIA,7.0,0.1502487879956398,4.386641042246855,2023-06-12,8.0,1.0,0.5151789458399514,SEA,SEA,True,SEA,True
717789,2023,74,ATH,TB,1.0,-2.565971534678174,4.386641042246855,2023-06-12,4.0,3.0,0.25786357487641814,TB,ATH,False,TB,False
717790,2023,74,DET,ATL,1.0,-1.3010898599514344,4.386641042246855,2023-06-12,6.0,5.0,0.3708667441370642,ATL,DET,False,ATL,False
717791,2023,74,STL,SF,-1.0,-0.7999510586349217,4.386641042246855,2023-06-12,3.0,4.0,0.41971484312142787,SF,SF,True,SF,False
717792,2023,74,TEX,LAA,-3.0,0.8944796182440198,4.386641042246855,2023-06-12,6.0,9.0,0.5896196076663023,TEX,LAA,False,TEX,False
717793,2023,74,KC,CIN,-1.0,-0.3841833499743585,4.386641042246855,2023-06-12,4.0,5.0,0.46123953273509666,CIN,CIN,True,CIN,False
717794,2023,74,BOS,COL,-1.0,1.0325744405301696,4.386641042246855,2023-06-12,3.0,4.0,0.6031639534238601,BOS,COL,False,BOS,False
717772,2023,75,SD,CLE,3.0,0.07946802535976918,4.386641042246855,2023-06-13,6.0,3.0,0.5080296858443454,SD,SD,True,SD,True
717773,2023,75,SEA,MIA,6.0,0.6647511469070275,4.386641042246855,2023-06-13,9.0,3.0,0.5668569118644543,SEA,SEA,True,SEA,True
717774,2023,75,ATH,TB,1.0,-2.5574101561645817,4.386641042246855,2023-06-13,2.0,1.0,0.2585644739121711,TB,ATH,False,TB,False
717775,2023,75,AZ,PHI,-12.0,-0.2536504392580333,4.386641042246855,2023-06-13,3.0,15.0,0.4743862965389386,PHI,PHI,True,PHI,True
717776,2023,75,LAD,CWS,4.0,1.146807518622057,4.386641042246855,2023-06-13,5.0,1.0,0.6142753957434108,LAD,LAD,True,LAD,True
717777,2023,75,KC,CIN,-1.0,-0.46765761152175483,4.386641042246855,2023-06-13,4.0,5.0,0.4528535740598807,CIN,CIN,True,CIN,False
717778,2023,75,HOU,WSH,5.0,1.7644251258708679,4.386641042246855,2023-06-13,6.0,1.0,0.6725331562580047,HOU,HOU,True,HOU,True
717779,2023,75,NYM,NYY,-1.0,-0.46289854821982884,4.386641042246855,2023-06-13,6.0,7.0,0.45333114833111593,NYY,NYY,True,NYY,False
717780,2023,75,TEX,LAA,-4.0,1.071827037067629,4.386641042246855,2023-06-13,3.0,7.0,0.6069920069305376,TEX,LAA,False,TEX,False
717781,2023,75,STL,SF,-8.0,-0.7539174897800176,4.386641042246855,2023-06-13,3.0,11.0,0.4242772936893766,SF,SF,True,SF,True
717782,2023,75,CHC,PIT,8.0,0.554831708740578,4.386641042246855,2023-06-13,11.0,3.0,0.5558816266951927,CHC,CHC,True,CHC,True
717783,2023,75,MIN,MIL,2.0,0.5727913929489676,4.386641042246855,2023-06-13,7.0,5.0,0.5576780352757292,MIN,MIN,True,MIN,True
717787,2023,75,BAL,TOR,5.0,-0.5270762267359379,4.386641042246855,2023-06-13,11.0,6.0,0.446896848318384,TOR,BAL,False,TOR,False
717788,2023,75,BOS,COL,-1.0,1.53289792189109,4.386641042246855,2023-06-13,6.0,7.0,0.6510934673972193,BOS,COL,False,BOS,False
717757,2023,76,AZ,PHI,-1.0,0.3682006365180575,4.386641042246855,2023-06-14,3.0,4.0,0.5371527337923692,AZ,PHI,False,AZ,False
717758,2023,76,SD,CLE,5.0,0.0030948941578255174,4.386641042246855,2023-06-14,5.0,0.0,0.5003127384039594,SD,SD,True,SD,True
717759,2023,76,SEA,MIA,-3.0,0.5447973379430926,4.386641042246855,2023-06-14,1.0,4.0,0.5548774411107943,SEA,MIA,False,SEA,False
717760,2023,76,LAD,CWS,-4.0,1.6395816854590841,4.386641042246855,2023-06-14,4.0,8.0,0.661037631586434,LAD,CWS,False,LAD,False
717761,2023,76,ATH,TB,-3.0,-2.6750889939440667,4.386641042246855,2023-06-14,3.0,6.0,0.24901750679350487,TB,TB,True,TB,True
717762,2023,76,HOU,WSH,1.0,1.9833117607024582,4.386641042246855,2023-06-14,5.0,4.0,0.6922933849648554,HOU,HOU,True,HOU,False
717763,2023,76,CHC,PIT,4.0,0.45523895828718575,4.386641042246855,2023-06-14,10.0,6.0,0.545900066705034,CHC,CHC,True,CHC,True
717764,2023,76,KC,CIN,-3.0,-0.23449305337766752,4.386641042246855,2023-06-14,4.0,7.0,0.476318448828923,CIN,CIN,True,CIN,True
717765,2023,76,TEX,LAA,3.0,0.864254988965468,4.386641042246855,2023-06-14,6.0,3.0,0.586640252977868,TEX,TEX,True,TEX,True
717766,2023,76,NYM,NYY,1.0,-0.6743660483857108,4.386641042246855,2023-06-14,4.0,3.0,0.4321853771341766,NYY,NYM,False,NYY,False
717767,2023,76,STL,SF,-3.0,-0.35546610640217385,4.386641042246855,2023-06-14,5.0,8.0,0.46412869420163194,SF,SF,True,SF,True
717768,2023,76,BOS,COL,3.0,1.5137946773608628,4.386641042246855,2023-06-14,6.0,3.0,0.6493015727170984,BOS,BOS,True,BOS,True
717769,2023,76,BAL,TOR,-2.0,-0.3527242838976281,4.386641042246855,2023-06-14,1.0,3.0,0.4644046426642465,TOR,TOR,True,TOR,True
717770,2023,76,DET,ATL,-3.0,-1.6295626789426432,4.386641042246855,2023-06-14,7.0,10.0,0.3398916275832095,ATL,ATL,True,ATL,True
717771,2023,76,MIN,MIL,2.0,0.6238266889288615,4.386641042246855,2023-06-14,4.0,2.0,0.5627762244737835,MIN,MIN,True,MIN,True
717784,2023,76,DET,ATL,-1.0,-1.1516046873600234,4.386641042246855,2023-06-14,5.0,6.0,0.38525995938936836,ATL,ATL,True,ATL,False
717746,2023,77,HOU,WSH,-3.0,1.7540564883278078,4.38136859581868,2023-06-15,1.0,4.0,0.6717776595806807,HOU,WSH,False,HOU,False
717747,2023,77,CHC,PIT,5.0,0.5452061827825733,4.38136859581868,2023-06-15,7.0,2.0,0.5549840308130797,CHC,CHC,True,CHC,True
717748,2023,77,LAD,CWS,1.0,1.3107748914619735,4.38136859581868,2023-06-15,5.0,4.0,0.6302106564137999,LAD,LAD,True,LAD,False
717750,2023,77,SD,CLE,-2.0,-0.21722743324116933,4.38136859581868,2023-06-15,6.0,8.0,0.47803390705325605,CLE,CLE,True,CLE,True
717751,2023,77,TEX,LAA,-2.0,1.0626085275969488,4.38136859581868,2023-06-15,3.0,5.0,0.6062185115484889,TEX,LAA,False,TEX,False
717752,2023,77,MIN,DET,-4.0,1.1892145703760344,4.38136859581868,2023-06-15,4.0,8.0,0.6185152971886199,MIN,DET,False,MIN,False
717753,2023,77,BAL,TOR,2.0,-0.2276949036380156,4.38136859581868,2023-06-15,4.0,2.0,0.4769765826592822,TOR,BAL,False,TOR,False
717754,2023,77,ATL,COL,5.0,1.5430194907451737,4.38136859581868,2023-06-15,8.0,3.0,0.6522153349432499,ATL,ATL,True,ATL,True
717755,2023,77,AZ,PHI,-1.0,0.04758854272837772,4.38136859581868,2023-06-15,4.0,5.0,0.5048144826845183,AZ,PHI,False,AZ,False
717756,2023,77,ATH,TB,-1.0,-2.4092889144935588,4.38136859581868,2023-06-15,3.0,4.0,0.27060194554981265,TB,TB,True,TB,False
717731,2023,78,LAD,SF,-2.0,0.37392460360970176,4.38136859581868,2023-06-16,5.0,7.0,0.5377738563071638,LAD,SF,False,LAD,False
717732,2023,78,SD,TB,-4.0,-0.8897799489840164,4.38136859581868,2023-06-16,2.0,6.0,0.4107378397352554,TB,TB,True,TB,True
717733,2023,78,SEA,CWS,1.0,0.6352418835553124,4.38136859581868,2023-06-16,3.0,2.0,0.5639914066573637,SEA,SEA,True,SEA,False
717735,2023,78,ATH,PHI,-5.0,-1.0332785423215936,4.38136859581868,2023-06-16,1.0,6.0,0.3966458788372919,PHI,PHI,True,PHI,True
717736,2023,78,KC,LAA,-3.0,-0.8242210519067543,4.38136859581868,2023-06-16,0.0,3.0,0.41721564426571905,LAA,LAA,True,LAA,True
717737,2023,78,HOU,CIN,-1.0,1.2129561446779507,4.38136859581868,2023-06-16,1.0,2.0,0.6208083828752928,HOU,CIN,False,HOU,False
717738,2023,78,MIN,DET,-6.0,1.4409968489535088,4.38136859581868,2023-06-16,1.0,7.0,0.6426068259917369,MIN,DET,False,MIN,False
717739,2023,78,AZ,CLE,4.0,0.5371587533372603,4.38136859581868,2023-06-16,5.0,1.0,0.55417749298989,AZ,AZ,True,AZ,True
717740,2023,78,MIL,PIT,1.0,0.4205585455626017,4.38136859581868,2023-06-16,5.0,4.0,0.542467970541944,MIL,MIL,True,MIL,False
717741,2023,78,TEX,TOR,-1.0,-0.292482143188875,4.38136859581868,2023-06-16,1.0,2.0,0.4704362824771879,TOR,TOR,True,TOR,False
717742,2023,78,BOS,NYY,10.0,-0.5143783339111145,4.38136859581868,2023-06-16,15.0,5.0,0.44810683483233854,NYY,BOS,False,NYY,False
717743,2023,78,NYM,STL,5.0,-0.5662704717572942,4.38136859581868,2023-06-16,6.0,1.0,0.44290592789345334,STL,NYM,False,STL,False
717744,2023,78,CHC,BAL,7.0,-0.4037523918549161,4.38136859581868,2023-06-16,10.0,3.0,0.459223067817543,BAL,CHC,False,BAL,False
717745,2023,78,ATL,COL,7.0,1.5320379832411815,4.38136859581868,2023-06-16,8.0,1.0,0.6511856466927237,ATL,ATL,True,ATL,True
717749,2023,78,WSH,MIA,-1.0,-0.9966366878765232,4.38136859581868,2023-06-16,5.0,6.0,0.4002321867160305,MIA,MIA,True,MIA,False
717717,2023,79,SD,TB,2.0,-0.9986847926321536,4.38136859581868,2023-06-17,2.0,0.0,0.40003150403007803,TB,SD,False,TB,False
717718,2023,79,NYM,STL,-2.0,-0.1631847189907949,4.38136859581868,2023-06-17,3.0,5.0,0.48349508447961886,STL,STL,True,STL,True
717719,2023,79,AZ,CLE,3.0,-0.13415802984384323,4.38136859581868,2023-06-17,6.0,3.0,0.4864296621667042,CLE,AZ,False,CLE,False
717720,2023,79,MIL,PIT,5.0,0.24205574477890837,4.38136859581868,2023-06-17,5.0,0.0,0.5244737478725064,MIL,MIL,True,MIL,True
717721,2023,79,LAD,SF,-15.0,0.7996172456072923,4.38136859581868,2023-06-17,0.0,15.0,0.5803473682511783,LAD,SF,False,LAD,False
717722,2023,79,SEA,CWS,-1.0,0.7873650522396551,4.38136859581868,2023-06-17,3.0,4.0,0.5791326417552254,SEA,CWS,False,SEA,False
717723,2023,79,TEX,TOR,2.0,0.025969400218545324,4.38136859581868,2023-06-17,4.0,2.0,0.502627341618384,TEX,TEX,True,TEX,True
717724,2023,79,ATL,COL,8.0,1.6309801859545,4.38136859581868,2023-06-17,10.0,2.0,0.660421993284405,ATL,ATL,True,ATL,True
717725,2023,79,ATH,PHI,-1.0,-1.0058901507997273,4.38136859581868,2023-06-17,2.0,3.0,0.39932570015729135,PHI,PHI,True,PHI,False
717726,2023,79,KC,LAA,1.0,-0.8776333876710882,4.38136859581868,2023-06-17,10.0,9.0,0.4119362483900184,LAA,KC,False,LAA,False
717727,2023,79,HOU,CIN,-7.0,0.9694710405134224,4.38136859581868,2023-06-17,3.0,10.0,0.5971035260659252,HOU,CIN,False,HOU,False
717728,2023,79,MIN,DET,2.0,1.122696421372084,4.38136859581868,2023-06-17,2.0,0.0,0.6120686731718594,MIN,MIN,True,MIN,True
717729,2023,79,CHC,BAL,1.0,0.34626709907233094,4.38136859581868,2023-06-17,3.0,2.0,0.5349873565446572,CHC,CHC,True,CHC,False
717734,2023,79,WSH,MIA,-3.0,-0.6999568265648659,4.38136859581868,2023-06-17,2.0,5.0,0.42955452688580226,MIA,MIA,True,MIA,True
717702,2023,80,LAD,SF,-4.0,0.47085266032193707,4.38136859581868,2023-06-18,3.0,7.0,0.54752386239441,LAD,SF,False,LAD,False
717703,2023,80,SD,TB,1.0,-0.3720307233847694,4.38136859581868,2023-06-18,5.0,4.0,0.46241689500209987,TB,SD,False,TB,False
717704,2023,80,SEA,CWS,4.0,0.6988414665492644,4.38136859581868,2023-06-18,5.0,1.0,0.5703343916515485,SEA,SEA,True,SEA,True
717705,2023,80,ATH,PHI,-1.0,-1.4579924375802538,4.38136859581868,2023-06-18,2.0,3.0,0.355786039810291,PHI,PHI,True,PHI,False
717706,2023,80,AZ,CLE,-9.0,-0.13012786103436155,4.38136859581868,2023-06-18,3.0,12.0,0.48683717109248775,CLE,CLE,True,CLE,True
717707,2023,80,HOU,CIN,-2.0,1.1472308500083068,4.38136859581868,2023-06-18,7.0,9.0,0.6144501359529889,HOU,CIN,False,HOU,False
717708,2023,80,CHC,BAL,-3.0,-0.024904585072417967,4.38136859581868,2023-06-18,3.0,6.0,0.49748038498032077,BAL,BAL,True,BAL,True
717709,2023,80,TEX,TOR,4.0,0.27975424174539065,4.38136859581868,2023-06-18,11.0,7.0,0.5282794037703759,TEX,TEX,True,TEX,True
717710,2023,80,MIL,PIT,3.0,0.7853138175632008,4.38136859581868,2023-06-18,5.0,2.0,0.5789292009989948,MIL,MIL,True,MIL,True
717711,2023,80,MIN,DET,-2.0,0.874704025973545,4.38136859581868,2023-06-18,4.0,6.0,0.5877746103934016,MIN,DET,False,MIN,False
717712,2023,80,KC,LAA,-3.0,-0.8313495737834076,4.38136859581868,2023-06-18,2.0,5.0,0.4165101592630657,LAA,LAA,True,LAA,True
717713,2023,80,NYM,STL,-1.0,-0.1304745351435987,4.38136859581868,2023-06-18,7.0,8.0,0.4868021167306397,STL,STL,True,STL,False
717714,2023,80,WSH,MIA,-2.0,-0.5181669945084271,4.38136859581868,2023-06-18,2.0,4.0,0.4477268019467409,MIA,MIA,True,MIA,True
717716,2023,80,ATL,COL,8.0,2.1112528201753724,4.38136859581868,2023-06-18,14.0,6.0,0.7038174354697464,ATL,ATL,True,ATL,True
717730,2023,80,BOS,NYY,4.0,-0.20906878611302926,4.38136859581868,2023-06-18,6.0,2.0,0.47885812366920344,NYY,BOS,False,NYY,False
717715,2023,80,BOS,NYY,3.0,-0.10024413866076887,4.38136859581868,2023-06-18,4.0,1.0,0.4898592523067258,NYY,BOS,False,NYY,False
717692,2023,81,DET,KC,2.0,0.92879264215128,4.38136859581868,2023-06-19,6.0,4.0,0.5931055595331646,DET,DET,True,DET,True
717693,2023,81,MIN,BOS,-6.0,0.2880732999121344,4.38136859581868,2023-06-19,3.0,9.0,0.5291188756371314,MIN,BOS,False,MIN,False
717694,2023,81,HOU,NYM,-10.0,0.6316796580763497,4.38136859581868,2023-06-19,1.0,11.0,0.5636356317844232,HOU,NYM,False,HOU,False
717695,2023,81,CWS,TEX,-3.0,-0.8540786004893584,4.38136859581868,2023-06-19,2.0,5.0,0.4142625524104943,TEX,TEX,True,TEX,True
717696,2023,81,MIL,AZ,-8.0,-0.07376223389449368,4.38136859581868,2023-06-19,1.0,9.0,0.4925378066263553,AZ,AZ,True,AZ,True
717697,2023,81,SF,SD,3.0,0.11517953215565503,4.38136859581868,2023-06-19,7.0,4.0,0.5116512178608236,SF,SF,True,SF,True
717698,2023,81,PIT,CHC,-8.0,-0.4193374765074486,4.38136859581868,2023-06-19,0.0,8.0,0.45765486813297557,CHC,CHC,True,CHC,True
717699,2023,81,WSH,STL,-2.0,-0.5326817396007213,4.38136859581868,2023-06-19,6.0,8.0,0.44627130421979977,STL,STL,True,STL,True
717700,2023,81,MIA,TOR,11.0,-0.7708850356928938,4.38136859581868,2023-06-19,11.0,0.0,0.4225024332448225,TOR,MIA,False,TOR,False
717701,2023,81,CIN,COL,1.0,0.5857956820854291,4.38136859581868,2023-06-19,5.0,4.0,0.5590484978495521,CIN,CIN,True,CIN,False
717675,2023,82,CWS,TEX,1.0,-1.153694437050983,4.38136859581868,2023-06-20,7.0,6.0,0.3849231818263363,TEX,CWS,False,TEX,False
717678,2023,82,LAA,LAD,-2.0,-1.1828895868597469,4.38136859581868,2023-06-20,0.0,2.0,0.3820963090205436,LAD,LAD,True,LAD,True
717679,2023,82,CLE,ATH,1.0,1.5323577358129032,4.38136859581868,2023-06-20,3.0,2.0,0.6512156442915029,CLE,CLE,True,CLE,False
717680,2023,82,MIL,AZ,2.0,-0.18262931965800921,4.38136859581868,2023-06-20,7.0,5.0,0.4815297393045055,AZ,MIL,False,AZ,False
717681,2023,82,DET,KC,-1.0,0.8795720931092159,4.38136859581868,2023-06-20,0.0,1.0,0.5882550843059773,DET,KC,False,DET,False
717682,2023,82,HOU,NYM,2.0,0.6593895585086136,4.38136859581868,2023-06-20,4.0,2.0,0.5664017600810399,HOU,HOU,True,HOU,True
717683,2023,82,MIN,BOS,-6.0,0.2129346002453471,4.38136859581868,2023-06-20,4.0,10.0,0.52153242661581,MIN,BOS,False,MIN,False
717684,2023,82,NYY,SEA,2.0,0.07979647398438769,4.38136859581868,2023-06-20,3.0,1.0,0.5080725701237567,NYY,NYY,True,NYY,True
717685,2023,82,CIN,COL,2.0,0.5488233637462687,4.38136859581868,2023-06-20,8.0,6.0,0.5553464817470419,CIN,CIN,True,CIN,True
717686,2023,82,PIT,CHC,-4.0,-0.4972392422999727,4.38136859581868,2023-06-20,0.0,4.0,0.44982661254381956,CHC,CHC,True,CHC,True
717687,2023,82,TB,BAL,-2.0,1.1152920798543888,4.38136859581868,2023-06-20,6.0,8.0,0.6113491288562307,TB,BAL,False,TB,False
717688,2023,82,SF,SD,1.0,0.46399858288018053,4.38136859581868,2023-06-20,4.0,3.0,0.5468352806732245,SF,SF,True,SF,False
717689,2023,82,PHI,ATL,-2.0,-0.9180668953638591,4.38136859581868,2023-06-20,2.0,4.0,0.4079502283364711,ATL,ATL,True,ATL,True
717690,2023,82,MIA,TOR,-2.0,-0.3772176887081664,4.38136859581868,2023-06-20,0.0,2.0,0.46189448540681527,TOR,TOR,True,TOR,True
717691,2023,82,WSH,STL,-6.0,-0.787540105757905,4.38136859581868,2023-06-20,3.0,9.0,0.42084999747431406,STL,STL,True,STL,True
717662,2023,83,LAA,LAD,-2.0,-1.0334566868092498,4.38136859581868,2023-06-21,0.0,2.0,0.39662846408319613,LAD,LAD,True,LAD,True
717663,2023,83,CLE,ATH,1.0,1.2212741942727159,4.38136859581868,2023-06-21,7.0,6.0,0.6216107838677392,CLE,CLE,True,CLE,False
717665,2023,83,MIN,BOS,1.0,-0.24059301271458106,4.38136859581868,2023-06-21,5.0,4.0,0.4756739619043146,BOS,MIN,False,BOS,False
717666,2023,83,NYY,SEA,2.0,0.09522073243539872,4.38136859581868,2023-06-21,4.0,2.0,0.5096326787550902,NYY,NYY,True,NYY,True
717667,2023,83,CWS,TEX,-3.0,-0.9498213746378195,4.38136859581868,2023-06-21,3.0,6.0,0.40482644853315475,TEX,TEX,True,TEX,True
717668,2023,83,DET,KC,5.0,0.74074149015029,4.38136859581868,2023-06-21,9.0,4.0,0.5745034180813227,DET,DET,True,DET,True
717669,2023,83,CIN,COL,2.0,0.7427513760240874,4.38136859581868,2023-06-21,5.0,3.0,0.5747031951475687,CIN,CIN,True,CIN,True
717670,2023,83,HOU,NYM,2.0,1.0054203683313407,4.38136859581868,2023-06-21,10.0,8.0,0.6006282921040962,HOU,HOU,True,HOU,True
717671,2023,83,PIT,CHC,-5.0,-0.46115997641623224,4.38136859581868,2023-06-21,3.0,8.0,0.4534499358346183,CHC,CHC,True,CHC,True
717672,2023,83,MIL,AZ,-4.0,-0.5308005860754164,4.38136859581868,2023-06-21,1.0,5.0,0.44645990059317653,AZ,AZ,True,AZ,True
717673,2023,83,WSH,STL,3.0,-1.1125812648377964,4.38136859581868,2023-06-21,3.0,0.0,0.38891440034841407,STL,WSH,False,STL,False
717674,2023,83,SF,SD,2.0,0.445557376185161,4.38136859581868,2023-06-21,4.0,2.0,0.5449819267200822,SF,SF,True,SF,True
717676,2023,83,MIA,TOR,-3.0,-0.28843413493447817,4.38136859581868,2023-06-21,3.0,6.0,0.4708447155876029,TOR,TOR,True,TOR,True
717677,2023,83,TB,BAL,5.0,1.2001715728369882,4.38136859581868,2023-06-21,7.0,2.0,0.6195741043465343,TB,TB,True,TB,True
717652,2023,84,NYY,SEA,-8.0,0.2472947359332046,4.380370142061035,2023-06-22,2.0,10.0,0.525008456153091,NYY,SEA,False,NYY,False
717654,2023,84,MIA,PIT,2.0,0.7100438513949285,4.380370142061035,2023-06-22,6.0,4.0,0.5714659213460089,MIA,MIA,True,MIA,True
717657,2023,84,PHI,ATL,-4.0,-0.5206514820668089,4.380370142061035,2023-06-22,1.0,5.0,0.44746571162260246,ATL,ATL,True,ATL,True
717658,2023,84,MIN,BOS,6.0,0.25612975655663256,4.380370142061035,2023-06-22,6.0,0.0,0.5259006906138232,MIN,MIN,True,MIN,True
717659,2023,84,TB,KC,-1.0,2.0696722706925113,4.380370142061035,2023-06-22,5.0,6.0,0.7002037650469266,TB,KC,False,TB,False
717660,2023,84,CLE,ATH,5.0,1.202670077355914,4.380370142061035,2023-06-22,6.0,1.0,0.6198418909384213,CLE,CLE,True,CLE,True
717661,2023,84,SF,SD,-10.0,0.651946953986726,4.380370142061035,2023-06-22,0.0,10.0,0.5656739493245551,SF,SD,False,SF,False
717847,2023,84,WSH,AZ,-2.0,-0.7695020250625603,4.380370142061035,2023-06-22,3.0,5.0,0.4226223000732987,AZ,AZ,True,AZ,True
717641,2023,85,SF,AZ,3.0,1.227688447397885,4.380370142061035,2023-06-23,8.0,5.0,0.6222561491320786,SF,SF,True,SF,True
717642,2023,85,SD,WSH,10.0,1.498771253134802,4.380370142061035,2023-06-23,13.0,3.0,0.6480917485493299,SD,SD,True,SD,True
717643,2023,85,LAD,HOU,1.0,0.3386260097397481,4.380370142061035,2023-06-23,3.0,2.0,0.5342249868794752,LAD,LAD,True,LAD,False
717644,2023,85,COL,LAA,3.0,-0.8458103324823333,4.380370142061035,2023-06-23,7.0,4.0,0.41506079502819593,LAA,COL,False,LAA,False
717645,2023,85,CWS,BOS,-2.0,-0.6566821875799035,4.380370142061035,2023-06-23,1.0,3.0,0.4338534259034372,BOS,BOS,True,BOS,True
717646,2023,85,TOR,ATH,-1.0,1.4856784778448886,4.380370142061035,2023-06-23,4.0,5.0,0.646858424704011,TOR,ATH,False,TOR,False
717647,2023,85,DET,MIN,-3.0,-0.36814082474846854,4.380370142061035,2023-06-23,1.0,4.0,0.4628002593172124,MIN,MIN,True,MIN,True
717648,2023,85,CLE,MIL,-6.0,0.3762254257575771,4.380370142061035,2023-06-23,1.0,7.0,0.5380142197098922,CLE,MIL,False,CLE,False
717649,2023,85,TB,KC,8.0,1.9801519508527572,4.380370142061035,2023-06-23,11.0,3.0,0.6922644327196529,TB,TB,True,TB,True
717650,2023,85,CIN,ATL,1.0,-0.9860591373509621,4.380370142061035,2023-06-23,11.0,10.0,0.40124700263208646,ATL,CIN,False,ATL,False
717651,2023,85,BAL,SEA,-12.0,-0.32204185227599985,4.380370142061035,2023-06-23,1.0,13.0,0.46744735570053,SEA,SEA,True,SEA,True
717653,2023,85,MIA,PIT,-2.0,0.9147919095579862,4.380370142061035,2023-06-23,1.0,3.0,0.5917478007370484,MIA,PIT,False,MIA,False
717655,2023,85,NYY,TEX,-2.0,-0.012607923493793888,4.380370142061035,2023-06-23,2.0,4.0,0.4987241501383464,TEX,TEX,True,TEX,True
717656,2023,85,PHI,NYM,4.0,0.24099335751268308,4.380370142061035,2023-06-23,5.0,1.0,0.5243720132279504,PHI,PHI,True,PHI,True
717625,2023,86,CLE,MIL,2.0,0.2183888526679605,4.380370142061035,2023-06-24,4.0,2.0,0.522088444771623,CLE,CLE,True,CLE,True
717626,2023,86,LAD,HOU,1.0,0.2944669050796773,4.380370142061035,2023-06-24,8.0,7.0,0.5297707350454908,LAD,LAD,True,LAD,False
717628,2023,86,BAL,SEA,2.0,-0.5823807498849979,4.380370142061035,2023-06-24,6.0,4.0,0.4412799416587974,SEA,BAL,False,SEA,False
717629,2023,86,CWS,BOS,1.0,-0.7727158174059252,4.380370142061035,2023-06-24,5.0,4.0,0.4223032441009218,BOS,CWS,False,BOS,False
717630,2023,86,MIA,PIT,1.0,0.7624616657681759,4.380370142061035,2023-06-24,4.0,3.0,0.5766785763412262,MIA,MIA,True,MIA,False
717631,2023,86,CIN,ATL,-1.0,-1.341603423855977,4.380370142061035,2023-06-24,6.0,7.0,0.36681268606708384,ATL,ATL,True,ATL,False
717632,2023,86,TB,KC,-5.0,2.002959347480934,4.380370142061035,2023-06-24,4.0,9.0,0.6942959304567117,TB,KC,False,TB,False
717633,2023,86,DET,MIN,1.0,-0.7282020958031078,4.380370142061035,2023-06-24,3.0,2.0,0.42672688387223495,MIN,DET,False,MIN,False
717634,2023,86,TOR,ATH,4.0,1.6532866123114434,4.380370142061035,2023-06-24,7.0,3.0,0.6625262346263117,TOR,TOR,True,TOR,True
717635,2023,86,PHI,NYM,-2.0,0.20918363992646938,4.380370142061035,2023-06-24,2.0,4.0,0.5211582970858887,PHI,NYM,False,PHI,False
717636,2023,86,NYY,TEX,1.0,-0.41108264137850203,4.380370142061035,2023-06-24,1.0,0.0,0.4584759756558696,TEX,NYY,False,TEX,False
717637,2023,86,STL,CHC,-8.0,-0.27581845345901806,4.380370142061035,2023-06-24,1.0,9.0,0.4721114535516854,CHC,CHC,True,CHC,True
717638,2023,86,SD,WSH,-2.0,1.4344207786370085,4.380370142061035,2023-06-24,0.0,2.0,0.6420152601770681,SD,WSH,False,SD,False
717639,2023,86,SF,AZ,1.0,0.7141417993568888,4.380370142061035,2023-06-24,7.0,6.0,0.5718739009723862,SF,SF,True,SF,False
717640,2023,86,COL,LAA,-24.0,-1.2140538812810338,4.380370142061035,2023-06-24,1.0,25.0,0.3790589932109205,LAA,LAA,True,LAA,True
717610,2023,87,SD,WSH,-5.0,1.2256179724236578,4.380370142061035,2023-06-25,3.0,8.0,0.6220565292049565,SD,WSH,False,SD,False
717612,2023,87,SF,AZ,-3.0,0.7164489601946006,4.380370142061035,2023-06-25,2.0,5.0,0.5721035613383219,SF,AZ,False,SF,False
717613,2023,87,CLE,MIL,-1.0,0.19855830906746935,4.380370142061035,2023-06-25,4.0,5.0,0.5200845095249159,CLE,MIL,False,CLE,False
717614,2023,87,CWS,BOS,3.0,-0.6838040541257315,4.380370142061035,2023-06-25,4.0,1.0,0.43114822786763995,BOS,CWS,False,BOS,False
717615,2023,87,LAD,HOU,-1.0,0.2657143238061713,4.380370142061035,2023-06-25,5.0,6.0,0.5268684735369877,LAD,HOU,False,LAD,False
717616,2023,87,COL,LAA,1.0,-1.4763866755350628,4.380370142061035,2023-06-25,4.0,3.0,0.35401778972860076,LAA,COL,False,LAA,False
717617,2023,87,TOR,ATH,11.0,1.6832036859022939,4.380370142061035,2023-06-25,12.0,1.0,0.6652943954335996,TOR,TOR,True,TOR,True
717618,2023,87,CIN,ATL,-1.0,-1.1260459469657187,4.380370142061035,2023-06-25,6.0,7.0,0.3875810206391204,ATL,ATL,True,ATL,False
717619,2023,87,TB,KC,2.0,2.0567221303343493,4.380370142061035,2023-06-25,3.0,1.0,0.6990610003771104,TB,TB,True,TB,True
717620,2023,87,MIA,PIT,2.0,0.9099316120856494,4.380370142061035,2023-06-25,2.0,0.0,0.5912689617375875,MIA,MIA,True,MIA,True
717621,2023,87,DET,MIN,-3.0,-0.5300196864948754,4.380370142061035,2023-06-25,3.0,6.0,0.446526081037685,MIN,MIN,True,MIN,True
717622,2023,87,NYY,TEX,2.0,-0.20353900770091338,4.380370142061035,2023-06-25,5.0,3.0,0.4794121263727957,TEX,NYY,False,TEX,False
717623,2023,87,STL,CHC,2.0,-0.21919243760897827,4.380370142061035,2023-06-25,7.0,5.0,0.47783036201655277,CHC,STL,False,CHC,False
717624,2023,87,PHI,NYM,1.0,0.9010060925591264,4.380370142061035,2023-06-25,7.0,6.0,0.5903892605604064,PHI,PHI,True,PHI,False
717627,2023,87,BAL,SEA,1.0,-0.5200728692488944,4.380370142061035,2023-06-25,3.0,2.0,0.44752375619254897,SEA,BAL,False,SEA,False
717602,2023,88,SEA,WSH,4.0,1.2694774627998093,4.380370142061035,2023-06-26,8.0,4.0,0.6262780913030739,SEA,SEA,True,SEA,True
717606,2023,88,TEX,DET,-5.0,0.8782097615886534,4.380370142061035,2023-06-26,2.0,7.0,0.5881403927356789,TEX,DET,False,TEX,False
717607,2023,88,NYM,MIL,-1.0,0.12103963323198537,4.380370142061035,2023-06-26,1.0,2.0,0.5122466165137867,NYM,MIL,False,NYM,False
717608,2023,88,LAA,CWS,1.0,0.5093870603333253,4.380370142061035,2023-06-26,2.0,1.0,0.5514040772079128,LAA,LAA,True,LAA,False
717609,2023,88,ATL,MIN,3.0,0.840509761567097,4.380370142061035,2023-06-26,4.0,1.0,0.5844149450537429,ATL,ATL,True,ATL,True
717611,2023,88,BAL,CIN,7.0,0.6909730967122536,4.380370142061035,2023-06-26,10.0,3.0,0.5695662951136594,BAL,BAL,True,BAL,True
717590,2023,89,SEA,WSH,-3.0,1.1790519396246464,4.380370142061035,2023-06-27,4.0,7.0,0.6175584598300035,SEA,WSH,False,SEA,False
717591,2023,89,KC,CLE,-1.0,-0.6976756389417976,4.380370142061035,2023-06-27,1.0,2.0,0.4297658828992017,CLE,CLE,True,CLE,False
717592,2023,89,LAA,CWS,2.0,0.738063351911863,4.380370142061035,2023-06-27,4.0,2.0,0.5742539136113446,LAA,LAA,True,LAA,True
717593,2023,89,AZ,TB,4.0,-0.8790679380160666,4.380370142061035,2023-06-27,8.0,4.0,0.41177489483694835,TB,AZ,False,TB,False
717594,2023,89,COL,LAD,-5.0,-2.179387122872041,4.380370142061035,2023-06-27,0.0,5.0,0.2901945065306126,LAD,LAD,True,LAD,True
717595,2023,89,ATH,NYY,1.0,-1.694954022536387,4.380370142061035,2023-06-27,2.0,1.0,0.33362081378766884,NYY,ATH,False,NYY,False
717596,2023,89,CHC,PHI,-4.0,0.044643217225152534,4.380370142061035,2023-06-27,1.0,5.0,0.5045175498037084,CHC,PHI,False,CHC,False
717597,2023,89,NYM,MIL,5.0,0.021676600207555477,4.380370142061035,2023-06-27,7.0,2.0,0.5021935408460093,NYM,NYM,True,NYM,True
717598,2023,89,STL,HOU,2.0,-0.6341892977382765,4.380370142061035,2023-06-27,4.0,2.0,0.43609927730660875,HOU,STL,False,HOU,False
717599,2023,89,TEX,DET,5.0,1.0582140338695454,4.380370142061035,2023-06-27,8.0,3.0,0.6058132433975649,TEX,TEX,True,TEX,True
717600,2023,89,ATL,MIN,4.0,0.34560937790873003,4.380370142061035,2023-06-27,6.0,2.0,0.5349290090309683,ATL,ATL,True,ATL,True
717601,2023,89,BAL,CIN,-2.0,0.4589975611904712,4.380370142061035,2023-06-27,1.0,3.0,0.546343287024265,BAL,CIN,False,BAL,False
717603,2023,89,PIT,SD,5.0,-1.0503551644458358,4.380370142061035,2023-06-27,9.0,4.0,0.39495409519392444,SD,PIT,False,SD,False
717604,2023,89,TOR,SF,-3.0,-0.054572685840199336,4.380370142061035,2023-06-27,0.0,3.0,0.4944777227745204,SF,SF,True,SF,True
717605,2023,89,BOS,MIA,-9.0,0.3485524726828768,4.380370142061035,2023-06-27,1.0,10.0,0.5352256819377571,BOS,MIA,False,BOS,False
717575,2023,90,AZ,TB,-1.0,-1.2819293580093523,4.380370142061035,2023-06-28,2.0,3.0,0.3725261203643117,TB,TB,True,TB,False
717576,2023,90,LAA,CWS,-6.0,0.3946496319988298,4.380370142061035,2023-06-28,5.0,11.0,0.5398697561342255,LAA,CWS,False,LAA,False
717577,2023,90,KC,CLE,-13.0,-0.7740095357529587,4.380370142061035,2023-06-28,1.0,14.0,0.422174821878808,CLE,CLE,True,CLE,True
717578,2023,90,COL,LAD,1.0,-1.6326576349594926,4.380370142061035,2023-06-28,9.0,8.0,0.33938766677768967,LAD,COL,False,LAD,False
717579,2023,90,ATH,NYY,-11.0,-1.5604869802883896,4.380370142061035,2023-06-28,0.0,11.0,0.34611585271143086,NYY,NYY,True,NYY,True
717580,2023,90,TEX,DET,8.0,1.4066418336255118,4.380370142061035,2023-06-28,10.0,2.0,0.639380881557303,TEX,TEX,True,TEX,True
717581,2023,90,NYM,MIL,-3.0,-0.17344097003506348,4.380370142061035,2023-06-28,2.0,5.0,0.4824543944753696,MIL,MIL,True,MIL,True
717582,2023,90,STL,HOU,-3.0,-0.3603535873923705,4.380370142061035,2023-06-28,7.0,10.0,0.46358492811930485,HOU,HOU,True,HOU,True
717583,2023,90,BOS,MIA,-4.0,-0.03753551549266085,4.380370142061035,2023-06-28,2.0,6.0,0.49620167108690477,MIA,MIA,True,MIA,True
717584,2023,90,CHC,PHI,-3.0,-0.2848266931513392,4.380370142061035,2023-06-28,5.0,8.0,0.47120217136488685,PHI,PHI,True,PHI,True
717585,2023,90,PIT,SD,6.0,-0.8919670455896921,4.380370142061035,2023-06-28,7.0,1.0,0.4105020939163074,SD,PIT,False,SD,False
717586,2023,90,TOR,SF,5.0,-0.5095784428720136,4.380370142061035,2023-06-28,6.0,1.0,0.4485767169922142,SF,TOR,False,SF,False
717587,2023,90,SEA,WSH,-3.0,1.49048092810597,4.380370142061035,2023-06-28,1.0,4.0,0.6473109897846436,SEA,WSH,False,SEA,False
717588,2023,90,ATL,MIN,3.0,0.6025562548099566,4.380370142061035,2023-06-28,3.0,0.0,0.5607387797195903,ATL,ATL,True,ATL,True
717589,2023,90,BAL,CIN,-4.0,0.49352580957261555,4.380370142061035,2023-06-28,7.0,11.0,0.549811939608451,BAL,CIN,False,BAL,False
717560,2023,91,LAA,CWS,-2.0,0.459222370171051,4.387439282303501,2023-06-29,7.0,9.0,0.546291513422597,LAA,CWS,False,LAA,False
717564,2023,91,TOR,SF,1.0,-0.14202930717208592,4.387439282303501,2023-06-29,2.0,1.0,0.48565367155721956,SF,TOR,False,SF,False
717565,2023,91,NYM,MIL,-1.0,0.30836729229136073,4.387439282303501,2023-06-29,2.0,3.0,0.5311231462314735,NYM,MIL,False,NYM,False
717566,2023,91,STL,HOU,-14.0,-0.626070831688119,4.387439282303501,2023-06-29,0.0,14.0,0.4370111951513186,HOU,HOU,True,HOU,True
717567,2023,91,CHC,PHI,-2.0,-0.03868215671964556,4.387439282303501,2023-06-29,1.0,3.0,0.4960919494641772,PHI,PHI,True,PHI,True
717568,2023,91,AZ,TB,-5.0,-0.846421629168302,4.387439282303501,2023-06-29,1.0,6.0,0.4151352105410769,TB,TB,True,TB,True
717569,2023,91,BOS,MIA,-2.0,0.09989268985928858,4.387439282303501,2023-06-29,0.0,2.0,0.5100912234798999,BOS,MIA,False,BOS,False
717570,2023,91,TEX,DET,-3.0,1.475973607324607,4.387439282303501,2023-06-29,5.0,8.0,0.6457188505111244,TEX,DET,False,TEX,False
717571,2023,91,PIT,SD,1.0,-1.4063466019934099,4.387439282303501,2023-06-29,5.0,4.0,0.36086233904403897,SD,PIT,False,SD,False
717572,2023,91,COL,LAD,-11.0,-2.370031591583497,4.387439282303501,2023-06-29,3.0,14.0,0.27418439774269016,LAD,LAD,True,LAD,True
717573,2023,91,KC,CLE,1.0,-0.9657360109471969,4.387439282303501,2023-06-29,4.0,3.0,0.40339434577743133,CLE,KC,False,CLE,False
717574,2023,91,ATH,NYY,-6.0,-1.997677116412348,4.387439282303501,2023-06-29,4.0,10.0,0.3064605693432365,NYY,NYY,True,NYY,True
717548,2023,92,SEA,TB,-11.0,-0.6983792440267922,4.387439282303501,2023-06-30,4.0,15.0,0.4298078879080248,TB,TB,True,TB,True
717549,2023,92,LAA,AZ,-4.0,0.12432421947394194,4.387439282303501,2023-06-30,2.0,6.0,0.5125585769392478,LAA,AZ,False,LAA,False
717551,2023,92,ATH,CWS,3.0,-1.297882832731205,4.387439282303501,2023-06-30,7.0,4.0,0.3711963318489554,CWS,ATH,False,CWS,False
717552,2023,92,COL,DET,3.0,-0.8410794127882886,4.387439282303501,2023-06-30,8.0,5.0,0.41566276012006276,DET,COL,False,DET,False
717553,2023,92,KC,LAD,-6.0,-1.7708972068966615,4.387439282303501,2023-06-30,3.0,9.0,0.3269046588976684,LAD,LAD,True,LAD,True
717554,2023,92,TEX,HOU,-2.0,0.5739857323900109,4.387439282303501,2023-06-30,3.0,5.0,0.5577870151944312,TEX,HOU,False,TEX,False
717555,2023,92,TOR,BOS,-5.0,0.38962928572598854,4.387439282303501,2023-06-30,0.0,5.0,0.5393010131757167,TOR,BOS,False,TOR,False
717556,2023,92,NYM,SF,-1.0,-0.8903998701904088,4.387439282303501,2023-06-30,4.0,5.0,0.4107982093516884,SF,SF,True,SF,False
717557,2023,92,CIN,SD,2.0,-1.0037161461962656,4.387439282303501,2023-06-30,7.0,5.0,0.3996746545384987,SD,CIN,False,SD,False
717558,2023,92,ATL,MIA,12.0,1.0091066837318312,4.387439282303501,2023-06-30,16.0,4.0,0.6008525542795016,ATL,ATL,True,ATL,True
717559,2023,92,CHC,CLE,9.0,0.5190972761172674,4.387439282303501,2023-06-30,10.0,1.0,0.552294465133894,CHC,CHC,True,CHC,True
717561,2023,92,BAL,MIN,-7.0,-0.567322551711329,4.387439282303501,2023-06-30,1.0,8.0,0.4428791820197185,MIN,MIN,True,MIN,True
717562,2023,92,PIT,MIL,1.0,-0.35784130911564227,4.387439282303501,2023-06-30,8.0,7.0,0.46389620968974965,MIL,PIT,False,MIL,False
717563,2023,92,PHI,WSH,-1.0,1.4972894406935098,4.387439282303501,2023-06-30,1.0,2.0,0.6477250742077211,PHI,WSH,False,PHI,False
717533,2023,93,LAA,AZ,-2.0,0.01353821421172878,4.387439282303501,2023-07-01,1.0,3.0,0.50136778226343,LAA,AZ,False,LAA,False
717534,2023,93,SEA,TB,5.0,-0.45309258443182215,4.387439282303501,2023-07-01,8.0,3.0,0.45432366888020526,TB,SEA,False,TB,False
717535,2023,93,NYM,SF,3.0,-0.36346954114926816,4.387439282303501,2023-07-01,4.0,1.0,0.46332994833879526,SF,NYM,False,SF,False
717536,2023,93,ATL,MIA,7.0,1.0846583680217687,4.387439282303501,2023-07-01,7.0,0.0,0.6082219405588756,ATL,ATL,True,ATL,True
717537,2023,93,KC,LAD,2.0,-2.097675403802777,4.387439282303501,2023-07-01,6.0,4.0,0.2976288283607681,LAD,KC,False,LAD,False
717538,2023,93,ATH,CWS,1.0,-1.3208899627648252,4.387439282303501,2023-07-01,7.0,6.0,0.3689962381599645,CWS,ATH,False,CWS,False
717539,2023,93,CIN,SD,-7.0,-0.5932403146337457,4.387439282303501,2023-07-01,5.0,12.0,0.44028880063609277,SD,SD,True,SD,True
717540,2023,93,PIT,MIL,-3.0,-0.5236176495750999,4.387439282303501,2023-07-01,8.0,11.0,0.44725279861161005,MIL,MIL,True,MIL,True
717541,2023,93,BAL,MIN,-1.0,-0.3697716793141687,4.387439282303501,2023-07-01,0.0,1.0,0.4626959729196947,MIN,MIN,True,MIN,False
717542,2023,93,TEX,HOU,3.0,0.36762421374987997,4.387439282303501,2023-07-01,5.0,2.0,0.5370880093119924,TEX,TEX,True,TEX,True
717543,2023,93,PHI,WSH,15.0,1.4585258894650863,4.387439282303501,2023-07-01,19.0,4.0,0.6440736715808074,PHI,PHI,True,PHI,True
717544,2023,93,COL,DET,-2.0,-0.9214670918771422,4.387439282303501,2023-07-01,2.0,4.0,0.40774098039240114,DET,DET,True,DET,True
717545,2023,93,STL,NYY,7.0,-0.8038023176633793,4.387439282303501,2023-07-01,11.0,4.0,0.4193480939733459,NYY,STL,False,NYY,False
717546,2023,93,CHC,CLE,-6.0,0.127487937756655,4.387439282303501,2023-07-01,0.0,6.0,0.5128780494239508,CHC,CLE,False,CHC,False
717547,2023,93,TOR,BOS,-1.0,0.33375554437792615,4.387439282303501,2023-07-01,6.0,7.0,0.5336796882167292,TOR,BOS,False,TOR,False
717550,2023,93,STL,NYY,-4.0,-0.8660420592583473,4.387439282303501,2023-07-01,2.0,6.0,0.41319899171374397,NYY,NYY,True,NYY,True
717518,2023,94,ATH,CWS,-1.0,-0.7139761608168884,4.387439282303501,2023-07-02,7.0,8.0,0.42825710904124215,CWS,CWS,True,CWS,False
717519,2023,94,SEA,TB,1.0,-0.7059224456490529,4.387439282303501,2023-07-02,7.0,6.0,0.42905774151674736,TB,SEA,False,TB,False
717520,2023,94,TEX,HOU,-2.0,0.23804192972235103,4.387439282303501,2023-07-02,3.0,5.0,0.5240351544051203,TEX,HOU,False,TEX,False
717521,2023,94,CHC,CLE,-2.0,0.06803300041333116,4.387439282303501,2023-07-02,6.0,8.0,0.5068731302763134,CHC,CLE,False,CHC,False
717522,2023,94,LAA,AZ,3.0,-0.09649276809348811,4.387439282303501,2023-07-02,5.0,2.0,0.49025216922854736,AZ,LAA,False,AZ,False
717523,2023,94,COL,DET,-5.0,-0.6118934428553409,4.387439282303501,2023-07-02,9.0,14.0,0.438426065398563,DET,DET,True,DET,True
717524,2023,94,STL,NYY,4.0,-0.5164206326059408,4.387439282303501,2023-07-02,5.0,1.0,0.4479736452173327,NYY,STL,False,NYY,False
717525,2023,94,NYM,SF,4.0,-0.6840947377615014,4.387439282303501,2023-07-02,8.0,4.0,0.4312291270588296,SF,NYM,False,SF,False
717526,2023,94,CIN,SD,1.0,-0.43116315777621944,4.387439282303501,2023-07-02,4.0,3.0,0.4565253824552471,SD,CIN,False,SD,False
717527,2023,94,KC,LAD,8.0,-1.8201390907578248,4.387439282303501,2023-07-02,9.0,1.0,0.32241833216549626,LAD,KC,False,LAD,False
717528,2023,94,PHI,WSH,-1.0,1.6452900819147334,4.387439282303501,2023-07-02,4.0,5.0,0.6615389130075757,PHI,WSH,False,PHI,False
717529,2023,94,BAL,MIN,1.0,-0.11291689967161689,4.387439282303501,2023-07-02,2.0,1.0,0.48859340041957183,MIN,BAL,False,MIN,False
717530,2023,94,TOR,BOS,-1.0,0.6486569972508418,4.387439282303501,2023-07-02,4.0,5.0,0.565241180900657,TOR,BOS,False,TOR,False
717531,2023,94,PIT,MIL,-3.0,-0.38808765427839276,4.387439282303501,2023-07-02,3.0,6.0,0.4608539866221665,MIL,MIL,True,MIL,True
717532,2023,94,ATL,MIA,3.0,1.1387274377859757,4.387439282303501,2023-07-02,6.0,3.0,0.6134723212014717,ATL,ATL,True,ATL,True
717505,2023,95,SD,LAA,7.0,-0.023947050733073114,4.387439282303501,2023-07-03,10.0,3.0,0.49758061040137713,LAA,SD,False,LAA,False
717506,2023,95,LAD,PIT,3.0,1.2690874881496028,4.387439282303501,2023-07-03,5.0,2.0,0.6260441326273782,LAD,LAD,True,LAD,True
717510,2023,95,MIN,KC,4.0,1.6284768215305114,4.387439282303501,2023-07-03,8.0,4.0,0.6599801030221981,MIN,MIN,True,MIN,True
717511,2023,95,MIL,CHC,2.0,-0.17169061617023024,4.387439282303501,2023-07-03,8.0,6.0,0.48265931809370954,CHC,MIL,False,CHC,False
717512,2023,95,CLE,ATL,-2.0,-0.7974106257484863,4.387439282303501,2023-07-03,2.0,4.0,0.4199807179415073,ATL,ATL,True,ATL,True
717513,2023,95,NYY,BAL,3.0,0.8524923144673884,4.387439282303501,2023-07-03,6.0,3.0,0.5854640903929893,NYY,NYY,True,NYY,True
717514,2023,95,TEX,HOU,-1.0,0.26242036127737367,4.387439282303501,2023-07-03,11.0,12.0,0.5264931974515915,TEX,HOU,False,TEX,False
717515,2023,95,MIA,STL,1.0,0.1496996296840422,4.387439282303501,2023-07-03,5.0,4.0,0.5151207433136596,MIA,MIA,True,MIA,False
717516,2023,95,SF,SEA,-1.0,0.15068425575439187,4.387439282303501,2023-07-03,5.0,6.0,0.5152201495461198,SF,SEA,False,SF,False
717517,2023,95,WSH,CIN,-1.0,-0.24633752303250123,4.387439282303501,2023-07-03,2.0,3.0,0.47512830517545923,CIN,CIN,True,CIN,False
717492,2023,96,LAD,PIT,-2.0,1.7751893182222764,4.387439282303501,2023-07-04,7.0,9.0,0.6734873955573092,LAD,PIT,False,LAD,False
717494,2023,96,DET,ATH,-1.0,0.7103230981342443,4.387439282303501,2023-07-04,0.0,1.0,0.5713797706486958,DET,ATH,False,DET,False
717495,2023,96,CLE,ATL,1.0,-0.742709267886861,4.387439282303501,2023-07-04,6.0,5.0,0.4254031335229943,ATL,CLE,False,ATL,False
717496,2023,96,CWS,TOR,-1.0,-0.7367530506121764,4.387439282303501,2023-07-04,3.0,4.0,0.4259944312762981,TOR,TOR,True,TOR,False
717497,2023,96,SD,LAA,3.0,0.050761267244150206,4.387439282303501,2023-07-04,8.0,5.0,0.5051283414258287,SD,SD,True,SD,True
717498,2023,96,AZ,NYM,-3.0,-0.16025606232961914,4.387439282303501,2023-07-04,5.0,8.0,0.48381354679529126,NYM,NYM,True,NYM,True
717499,2023,96,TB,PHI,-2.0,0.6689877609534096,4.387439282303501,2023-07-04,1.0,3.0,0.5672668329059599,TB,PHI,False,TB,False
717500,2023,96,MIN,KC,6.0,1.5119034053714153,4.387439282303501,2023-07-04,9.0,3.0,0.6490981577275307,MIN,MIN,True,MIN,True
717501,2023,96,BOS,TEX,-4.0,-0.41341614368150553,4.387439282303501,2023-07-04,2.0,6.0,0.45830816284539183,TEX,TEX,True,TEX,True
717502,2023,96,MIA,STL,13.0,0.37479206571759455,4.387439282303501,2023-07-04,15.0,2.0,0.5378089945526404,MIA,MIA,True,MIA,True
717503,2023,96,MIL,CHC,-1.0,-0.17961060710145854,4.387439282303501,2023-07-04,6.0,7.0,0.48185994161081014,CHC,CHC,True,CHC,False
717504,2023,96,HOU,COL,3.0,1.6854676947082408,4.387439282303501,2023-07-04,4.0,1.0,0.6652526710905355,HOU,HOU,True,HOU,True
717507,2023,96,WSH,CIN,-4.0,-0.24944977903278276,4.387439282303501,2023-07-04,4.0,8.0,0.47481448856463637,CIN,CIN,True,CIN,True
717508,2023,96,NYY,BAL,4.0,1.1636666823586663,4.387439282303501,2023-07-04,8.0,4.0,0.6158871297021916,NYY,NYY,True,NYY,True
717509,2023,96,SF,SEA,-6.0,0.07520441968587592,4.387439282303501,2023-07-04,0.0,6.0,0.5075975496529094,SF,SEA,False,SF,False
717477,2023,97,AZ,NYM,-1.0,0.3686808181953863,4.387439282303501,2023-07-05,1.0,2.0,0.5371942965940028,AZ,NYM,False,AZ,False
717478,2023,97,SD,LAA,2.0,-0.11088556373320588,4.387439282303501,2023-07-05,5.0,3.0,0.4887985467705144,LAA,SD,False,LAA,False
717479,2023,97,LAD,PIT,2.0,1.5589577311446008,4.387439282303501,2023-07-05,6.0,4.0,0.6535059492833054,LAD,LAD,True,LAD,True
717482,2023,97,MIN,KC,5.0,1.811141639527176,4.387439282303501,2023-07-05,5.0,0.0,0.6767638323966613,MIN,MIN,True,MIN,True
717483,2023,97,MIL,CHC,-1.0,-0.42013115758779834,4.387439282303501,2023-07-05,3.0,4.0,0.45763350397231606,CHC,CHC,True,CHC,False
717484,2023,97,BOS,TEX,2.0,-0.7562728313361986,4.387439282303501,2023-07-05,4.0,2.0,0.42405725173900904,TEX,BOS,False,TEX,False
717485,2023,97,DET,ATH,-9.0,0.7491496181249573,4.387439282303501,2023-07-05,3.0,12.0,0.5752360372849199,DET,ATH,False,DET,False
717486,2023,97,CLE,ATL,-7.0,-1.0262977656715,4.387439282303501,2023-07-05,1.0,8.0,0.39746734532337114,ATL,ATL,True,ATL,True
717487,2023,97,NYY,BAL,-3.0,0.8610149167174486,4.387439282303501,2023-07-05,3.0,6.0,0.5863051098319884,NYY,BAL,False,NYY,False
717488,2023,97,MIA,STL,1.0,-0.06330094494884791,4.387439282303501,2023-07-05,10.0,9.0,0.4936048898513773,STL,MIA,False,STL,False
717489,2023,97,HOU,COL,2.0,2.6598665229927527,4.387439282303501,2023-07-05,6.0,4.0,0.7497192132967151,HOU,HOU,True,HOU,True
717490,2023,97,SF,SEA,2.0,0.3486249264453583,4.387439282303501,2023-07-05,2.0,0.0,0.535176364543909,SF,SF,True,SF,True
717491,2023,97,TB,PHI,-4.0,0.5308589941598045,4.387439282303501,2023-07-05,4.0,8.0,0.5534723119891137,TB,PHI,False,TB,False
717493,2023,97,WSH,CIN,-7.0,-0.22973639331719842,4.387439282303501,2023-07-05,2.0,9.0,0.47680249483212417,CIN,CIN,True,CIN,True
717462,2023,98,LAD,PIT,3.0,1.632933929084416,4.389829591051026,2023-07-06,5.0,2.0,0.6603111293470318,LAD,LAD,True,LAD,True
717467,2023,98,HOU,SEA,-4.0,0.1264016040695013,4.389829591051026,2023-07-06,1.0,5.0,0.5127614021658434,HOU,SEA,False,HOU,False
717468,2023,98,CWS,TOR,-4.0,-0.8038081137502199,4.389829591051026,2023-07-06,2.0,6.0,0.4193908337607489,TOR,TOR,True,TOR,True
717469,2023,98,CLE,KC,5.0,1.5786217392513335,4.389829591051026,2023-07-06,6.0,1.0,0.6552616890995162,CLE,CLE,True,CLE,True
717470,2023,98,AZ,NYM,-9.0,0.5772081863084715,4.389829591051026,2023-07-06,0.0,9.0,0.5580777271331656,AZ,NYM,False,AZ,False
717471,2023,98,BOS,TEX,4.0,-0.6234662605734297,4.389829591051026,2023-07-06,10.0,6.0,0.43730493931114633,TEX,BOS,False,TEX,False
717472,2023,98,TB,PHI,-2.0,0.059883585601200565,4.389829591051026,2023-07-06,1.0,3.0,0.5060465975287135,TB,PHI,False,TB,False
717473,2023,98,MIA,STL,-3.0,-0.3477519337557982,4.389829591051026,2023-07-06,0.0,3.0,0.46493054967621544,STL,STL,True,STL,True
717474,2023,98,MIL,CHC,1.0,-0.02370645144471055,4.389829591051026,2023-07-06,6.0,5.0,0.49760622217733996,CHC,MIL,False,CHC,False
717475,2023,98,NYY,BAL,-13.0,0.645027564167834,4.389829591051026,2023-07-06,1.0,14.0,0.5648443665201106,NYY,BAL,False,NYY,False
717476,2023,98,DET,ATH,9.0,0.7737541585378024,4.389829591051026,2023-07-06,9.0,0.0,0.577634315865003,DET,DET,True,DET,True
717481,2023,98,WSH,CIN,-1.0,-0.41306452613810873,4.389829591051026,2023-07-06,4.0,5.0,0.45836609312239857,CIN,CIN,True,CIN,False
717480,2023,98,CWS,TOR,-1.0,-0.6676002304490622,4.389829591051026,2023-07-06,4.0,5.0,0.4329075634740892,TOR,TOR,True,TOR,False
717448,2023,99,SF,COL,-3.0,2.288059867834754,4.389829591051026,2023-07-07,2.0,5.0,0.7187497878257223,SF,COL,False,SF,False
717452,2023,99,AZ,PIT,4.0,0.7478531525982379,4.389829591051026,2023-07-07,7.0,3.0,0.575066975246237,AZ,AZ,True,AZ,True
717453,2023,99,HOU,SEA,-9.0,0.5285657354479445,4.389829591051026,2023-07-07,1.0,10.0,0.55321387759937,HOU,SEA,False,HOU,False
717454,2023,99,SD,NYM,-2.0,-0.12543237376333632,4.389829591051026,2023-07-07,5.0,7.0,0.48733641753062207,NYM,NYM,True,NYM,True
717455,2023,99,CWS,STL,1.0,-0.3990544600322417,4.389829591051026,2023-07-07,8.0,7.0,0.45977332630055207,STL,CWS,False,STL,False
717456,2023,99,LAD,LAA,7.0,0.9988472999929522,4.389829591051026,2023-07-07,11.0,4.0,0.5997957821392923,LAD,LAD,True,LAD,True
717457,2023,99,DET,TOR,-10.0,-0.38368695392721003,4.389829591051026,2023-07-07,2.0,12.0,0.46131748587675414,TOR,TOR,True,TOR,True
717458,2023,99,MIN,BAL,-2.0,0.35677326543425697,4.389829591051026,2023-07-07,1.0,3.0,0.535976778062274,MIN,BAL,False,MIN,False
717459,2023,99,MIL,CIN,4.0,0.6689557292639969,4.389829591051026,2023-07-07,7.0,3.0,0.5672273658118259,MIL,MIL,True,MIL,True
717460,2023,99,TB,ATL,-1.0,-0.26287810723913463,4.389829591051026,2023-07-07,1.0,2.0,0.473475087651869,ATL,ATL,True,ATL,False
717461,2023,99,BOS,ATH,4.0,1.690140170348775,4.389829591051026,2023-07-07,7.0,3.0,0.6655986811024879,BOS,BOS,True,BOS,True
717463,2023,99,CLE,KC,3.0,1.853529293486296,4.389829591051026,2023-07-07,3.0,0.0,0.6805178479980762,CLE,CLE,True,CLE,True
717464,2023,99,NYY,CHC,-3.0,0.45782006192993835,4.389829591051026,2023-07-07,0.0,3.0,0.5461257709117612,NYY,CHC,False,NYY,False
717465,2023,99,WSH,TEX,-5.0,-1.9023015011334392,4.389829591051026,2023-07-07,2.0,7.0,0.3150833911983657,TEX,TEX,True,TEX,True
717466,2023,99,MIA,PHI,-1.0,-0.16996902625016358,4.389829591051026,2023-07-07,3.0,4.0,0.4828424318615065,PHI,PHI,True,PHI,False
717436,2023,100,SD,NYM,2.0,0.01513240046057937,4.389829591051026,2023-07-08,3.0,1.0,0.5015280116262626,SD,SD,True,SD,True
717437,2023,100,LAD,LAA,5.0,0.9582655102392448,4.389829591051026,2023-07-08,10.0,5.0,0.5958217806365818,LAD,LAD,True,LAD,True
717438,2023,100,MIA,PHI,2.0,0.13423076240353246,4.389829591051026,2023-07-08,5.0,3.0,0.5135515323458084,MIA,MIA,True,MIA,True
717439,2023,100,AZ,PIT,1.0,0.6078132922857207,4.389829591051026,2023-07-08,3.0,2.0,0.5611335545616976,AZ,AZ,True,AZ,False
717440,2023,100,HOU,SEA,1.0,0.3363274867584895,4.389829591051026,2023-07-08,3.0,2.0,0.5339201661956329,HOU,HOU,True,HOU,False
717441,2023,100,TB,ATL,-5.0,-0.5205645709328023,4.389829591051026,2023-07-08,1.0,6.0,0.44758696103043577,ATL,ATL,True,ATL,True
717442,2023,100,DET,TOR,2.0,-1.3963383549606008,4.389829591051026,2023-07-08,2.0,0.0,0.36188393809294966,TOR,DET,False,TOR,False
717443,2023,100,CLE,KC,4.0,1.8771171384229401,4.389829591051026,2023-07-08,10.0,6.0,0.682648456010579,CLE,CLE,True,CLE,True
717444,2023,100,MIL,CIN,-3.0,0.9020166869891908,4.389829591051026,2023-07-08,5.0,8.0,0.5902972655567901,MIL,CIN,False,MIL,False
717445,2023,100,CWS,STL,-3.0,-0.5329045068152384,4.389829591051026,2023-07-08,0.0,3.0,0.4463519441639463,STL,STL,True,STL,True
717446,2023,100,MIN,BAL,-4.0,0.47617079571449583,4.389829591051026,2023-07-08,2.0,6.0,0.5479658608851237,MIN,BAL,False,MIN,False
717447,2023,100,NYY,CHC,3.0,0.4908135408043583,4.389829591051026,2023-07-08,6.0,3.0,0.5494334015170418,NYY,NYY,True,NYY,True
717449,2023,100,BOS,ATH,7.0,1.380355247386667,4.389829591051026,2023-07-08,10.0,3.0,0.6365987797683959,BOS,BOS,True,BOS,True
717450,2023,100,WSH,TEX,5.0,-1.591470456552479,4.389829591051026,2023-07-08,8.0,3.0,0.34354121579294417,TEX,WSH,False,TEX,False
717451,2023,100,SF,COL,2.0,1.9928578411575453,4.389829591051026,2023-07-08,5.0,3.0,0.6930143578254381,SF,SF,True,SF,True
717422,2023,101,SF,COL,1.0,2.06899285300182,4.389829591051026,2023-07-09,1.0,0.0,0.6997506232634758,SF,SF,True,SF,False
717423,2023,101,SD,NYM,4.0,0.13837439291843143,4.389829591051026,2023-07-09,6.0,2.0,0.5139696923044986,SD,SD,True,SD,True
717424,2023,101,CWS,STL,-1.0,0.05304207345601629,4.389829591051026,2023-07-09,3.0,4.0,0.5053558368745065,CWS,STL,False,CWS,False
717425,2023,101,AZ,PIT,-2.0,0.6482322780091775,4.389829591051026,2023-07-09,2.0,4.0,0.5651636616688058,AZ,PIT,False,AZ,False
717426,2023,101,MIA,PHI,4.0,-0.26423519499999853,4.389829591051026,2023-07-09,7.0,3.0,0.47333835837901006,PHI,MIA,False,PHI,False
717427,2023,101,MIL,CIN,1.0,0.7360700204263273,4.389829591051026,2023-07-09,1.0,0.0,0.5738979547912255,MIL,MIL,True,MIL,False
717428,2023,101,MIN,BAL,-13.0,0.7746011919449939,4.389829591051026,2023-07-09,2.0,15.0,0.577718219844692,MIN,BAL,False,MIN,False
717429,2023,101,TB,ATL,6.0,0.09404301515856243,4.389829591051026,2023-07-09,10.0,4.0,0.5094952287004398,TB,TB,True,TB,True
717430,2023,101,HOU,SEA,-2.0,-0.03255672044895172,4.389829591051026,2023-07-09,1.0,3.0,0.4967125766916645,SEA,SEA,True,SEA,True
717431,2023,101,DET,TOR,-1.0,-0.8808224607230415,4.389829591051026,2023-07-09,3.0,4.0,0.41178906196586035,TOR,TOR,True,TOR,False
717432,2023,101,WSH,TEX,5.0,-1.8819009522366212,4.389829591051026,2023-07-09,7.0,2.0,0.31692017292234054,TEX,WSH,False,TEX,False
717433,2023,101,NYY,CHC,-3.0,0.25040245244706333,4.389829591051026,2023-07-09,4.0,7.0,0.5252678211261217,NYY,CHC,False,NYY,False
717434,2023,101,CLE,KC,-3.0,1.59852683539805,4.389829591051026,2023-07-09,1.0,4.0,0.6571155500998999,CLE,KC,False,CLE,False
717435,2023,101,BOS,ATH,1.0,1.4795751758794604,4.389829591051026,2023-07-09,4.0,3.0,0.6459822319183307,BOS,BOS,True,BOS,False
717405,2023,106,LAA,HOU,-2.0,-0.4866537825352897,4.389829591051026,2023-07-14,5.0,7.0,0.45098343432915017,HOU,HOU,True,HOU,True
717406,2023,106,SEA,DET,-1.0,1.1044846293103003,4.389829591051026,2023-07-14,4.0,5.0,0.6100910855489148,SEA,DET,False,SEA,False
717409,2023,106,ATH,MIN,-1.0,-1.637585458881963,4.389829591051026,2023-07-14,4.0,5.0,0.33925773365240547,MIN,MIN,True,MIN,False
717410,2023,106,COL,NYY,5.0,-1.8916911229535753,4.389829591051026,2023-07-14,7.0,2.0,0.3160381392961942,NYY,COL,False,NYY,False
717412,2023,106,CIN,MIL,-1.0,-0.5607922088846234,4.389829591051026,2023-07-14,0.0,1.0,0.4435627958932179,MIL,MIL,True,MIL,False
717413,2023,106,NYM,LAD,-6.0,-0.8387202644879292,4.389829591051026,2023-07-14,0.0,6.0,0.4159408886186811,LAD,LAD,True,LAD,True
717414,2023,106,ATL,CWS,9.0,1.5741048660585033,4.389829591051026,2023-07-14,9.0,0.0,0.6548404886849901,ATL,ATL,True,ATL,True
717415,2023,106,TEX,CLE,8.0,0.49521550979817225,4.389829591051026,2023-07-14,12.0,4.0,0.5498744491303428,TEX,TEX,True,TEX,True
717416,2023,106,PIT,SF,-2.0,-1.14440286047885,4.389829591051026,2023-07-14,4.0,6.0,0.3860381196403935,SF,SF,True,SF,True
717417,2023,106,BAL,MIA,3.0,-0.3440470816648872,4.389829591051026,2023-07-14,5.0,2.0,0.46530322127050366,MIA,BAL,False,MIA,False
717418,2023,106,PHI,SD,-5.0,0.37732101927916895,4.389829591051026,2023-07-14,3.0,8.0,0.5380426793024935,PHI,SD,False,PHI,False
717419,2023,106,CHC,BOS,-5.0,0.09836821526599127,4.389829591051026,2023-07-14,3.0,8.0,0.5099318423613775,CHC,BOS,False,CHC,False
717420,2023,106,TOR,AZ,5.0,0.43688363410369635,4.389829591051026,2023-07-14,7.0,2.0,0.5440251970514554,TOR,TOR,True,TOR,True
717389,2023,107,LAA,HOU,1.0,-0.7502739363208308,4.389829591051026,2023-07-15,13.0,12.0,0.42469293690033505,HOU,LAA,False,HOU,False
717390,2023,107,SEA,DET,-6.0,1.3518715536254373,4.389829591051026,2023-07-15,0.0,6.0,0.6338895064706244,SEA,DET,False,SEA,False
717392,2023,107,CIN,MIL,-3.0,-0.18042458465735317,4.389829591051026,2023-07-15,0.0,3.0,0.48178770501088103,MIL,MIL,True,MIL,True
717394,2023,107,COL,NYY,-3.0,-1.7807676717081191,4.389829591051026,2023-07-15,3.0,6.0,0.32609184447339185,NYY,NYY,True,NYY,True
717395,2023,107,ATL,CWS,-1.0,1.8162009050671166,4.389829591051026,2023-07-15,5.0,6.0,0.677133916184689,ATL,CWS,False,ATL,False
717396,2023,107,STL,WSH,3.0,1.065589428147192,4.389829591051026,2023-07-15,9.0,6.0,0.6063089576494468,STL,STL,True,STL,True
717398,2023,107,PIT,SF,-2.0,-1.2785147212192514,4.389829591051026,2023-07-15,1.0,3.0,0.3731184554992981,SF,SF,True,SF,True
717399,2023,107,ATH,MIN,-3.0,-1.7710736217237613,4.389829591051026,2023-07-15,7.0,10.0,0.3269766537408106,MIN,MIN,True,MIN,True
717400,2023,107,NYM,LAD,-4.0,-1.0452237696829112,4.389829591051026,2023-07-15,1.0,5.0,0.3956754099139599,LAD,LAD,True,LAD,True
717401,2023,107,BAL,MIA,1.0,-0.05901713000126177,4.389829591051026,2023-07-15,6.0,5.0,0.4940408841359927,MIA,BAL,False,MIA,False
717402,2023,107,TEX,CLE,2.0,0.4407118749526121,4.389829591051026,2023-07-15,2.0,0.0,0.5444093821912439,TEX,TEX,True,TEX,True
717403,2023,107,CHC,BOS,6.0,-0.300070296137703,4.389829591051026,2023-07-15,10.0,4.0,0.4697290868875157,BOS,CHC,False,BOS,False
717404,2023,107,TOR,AZ,3.0,0.4665852724879834,4.389829591051026,2023-07-15,5.0,2.0,0.5470048141306422,TOR,TOR,True,TOR,True
717407,2023,107,STL,WSH,-2.0,1.4194548241465395,4.389829591051026,2023-07-15,5.0,7.0,0.6403066758956799,STL,WSH,False,STL,False
717408,2023,107,PHI,SD,2.0,0.2380558187544825,4.389829591051026,2023-07-15,6.0,4.0,0.5240234827629556,PHI,PHI,True,PHI,True
717411,2023,107,KC,TB,-5.0,-2.165840602866875,4.389829591051026,2023-07-15,1.0,6.0,0.29177846585726175,TB,TB,True,TB,True
717393,2023,107,KC,TB,-2.0,-2.2739060564131703,4.389829591051026,2023-07-15,2.0,4.0,0.2824600112043262,TB,TB,True,TB,True
717397,2023,107,PHI,SD,5.0,0.45056972525063144,4.389829591051026,2023-07-15,9.0,4.0,0.5453984799952502,PHI,PHI,True,PHI,True
717373,2023,108,SEA,DET,2.0,1.2557140605391877,4.389829591051026,2023-07-16,2.0,0.0,0.6246946351868766,SEA,SEA,True,SEA,True
717376,2023,108,CHC,BOS,-6.0,0.20377753364307466,4.389829591051026,2023-07-16,5.0,11.0,0.52056760252179,CHC,BOS,False,CHC,False
717377,2023,108,TEX,CLE,1.0,0.2421791251737425,4.389829591051026,2023-07-16,6.0,5.0,0.5244390711450141,TEX,TEX,True,TEX,False
717378,2023,108,COL,NYY,1.0,-2.0651663384123777,4.389829591051026,2023-07-16,8.0,7.0,0.3005863395267443,NYY,COL,False,NYY,False
717379,2023,108,ATH,MIN,-1.0,-1.5089018151564142,4.389829591051026,2023-07-16,4.0,5.0,0.35126087163680864,MIN,MIN,True,MIN,False
717380,2023,108,STL,WSH,4.0,0.9664606234458695,4.389829591051026,2023-07-16,8.0,4.0,0.5966251046411315,STL,STL,True,STL,True
717381,2023,108,LAA,HOU,-1.0,-0.30165840397428484,4.389829591051026,2023-07-16,8.0,9.0,0.46956918977523476,HOU,HOU,True,HOU,False
717382,2023,108,KC,TB,4.0,-2.392046235530854,4.389829591051026,2023-07-16,8.0,4.0,0.27243950232838376,TB,KC,False,TB,False
717383,2023,108,CIN,MIL,-1.0,-0.24564356852604358,4.389829591051026,2023-07-16,3.0,4.0,0.4752117678683687,MIL,MIL,True,MIL,False
717384,2023,108,BAL,MIA,1.0,0.2905987200768392,4.389829591051026,2023-07-16,5.0,4.0,0.5293171760779876,BAL,BAL,True,BAL,False
717385,2023,108,NYM,LAD,1.0,-0.8629910671815255,4.389829591051026,2023-07-16,2.0,1.0,0.4135462935828499,LAD,NYM,False,LAD,False
717386,2023,108,TOR,AZ,2.0,0.699422115744063,4.389829591051026,2023-07-16,7.0,5.0,0.570257958863079,TOR,TOR,True,TOR,True
717387,2023,108,PHI,SD,1.0,0.38727871918482437,4.389829591051026,2023-07-16,7.0,6.0,0.539043475402999,PHI,PHI,True,PHI,False
717388,2023,108,PIT,SF,-4.0,-0.7841136079968394,4.389829591051026,2023-07-16,4.0,8.0,0.42133975865720164,SF,SF,True,SF,True
717391,2023,108,ATL,CWS,-7.0,1.665522667978812,4.389829591051026,2023-07-16,1.0,8.0,0.6633272436192654,ATL,CWS,False,ATL,False
717365,2023,109,SEA,MIN,1.0,0.5039110761556089,4.389041451391898,2023-07-17,7.0,6.0,0.5507545677807771,SEA,SEA,True,SEA,False
717366,2023,109,ATH,BOS,-7.0,-1.718891317918671,4.389041451391898,2023-07-17,0.0,7.0,0.33172778054363306,BOS,BOS,True,BOS,True
717367,2023,109,TEX,TB,1.0,-0.17907978426673776,4.389041451391898,2023-07-17,3.0,2.0,0.48192011384603756,TB,TEX,False,TB,False
717368,2023,109,KC,DET,-1.0,-0.5701195725257272,4.389041451391898,2023-07-17,2.0,3.0,0.4426203191634621,DET,DET,True,DET,False
717369,2023,109,LAA,NYY,1.0,-0.7292261320336924,4.389041451391898,2023-07-17,4.0,3.0,0.42676833635324435,NYY,LAA,False,NYY,False
717370,2023,109,CHC,WSH,-2.0,0.7752921666014915,4.389041451391898,2023-07-17,5.0,7.0,0.5778004523312998,CHC,WSH,False,CHC,False
717371,2023,109,PIT,CLE,-11.0,-0.6222803703534994,4.389041451391898,2023-07-17,0.0,11.0,0.43741206300713703,CLE,CLE,True,CLE,True
717372,2023,109,BAL,LAD,-2.0,-1.0457764877515705,4.389041451391898,2023-07-17,4.0,6.0,0.39560320933434423,LAD,LAD,True,LAD,True
717374,2023,109,STL,MIA,2.0,0.2937261771649678,4.389041451391898,2023-07-17,6.0,4.0,0.529637424376804,STL,STL,True,STL,True
717349,2023,110,ATH,BOS,3.0,-1.8892237426694316,4.389041451391898,2023-07-18,3.0,0.0,0.31622978201548385,BOS,ATH,False,BOS,False
717350,2023,110,SEA,MIN,-7.0,0.279156616600017,4.389041451391898,2023-07-18,3.0,10.0,0.5281698427972495,SEA,MIN,False,SEA,False
717352,2023,110,LAA,NYY,4.0,-0.5588351080017236,4.389041451391898,2023-07-18,5.0,1.0,0.4437484108699476,NYY,LAA,False,NYY,False
717353,2023,110,CHC,WSH,14.0,1.0550827775551785,4.389041451391898,2023-07-18,17.0,3.0,0.605304023702728,CHC,CHC,True,CHC,True
717354,2023,110,TEX,TB,2.0,-0.19583512426457367,4.389041451391898,2023-07-18,5.0,3.0,0.48022982173645146,TB,TEX,False,TB,False
717355,2023,110,COL,HOU,1.0,-1.7505020752568705,4.389041451391898,2023-07-18,4.0,3.0,0.32882873727403983,HOU,COL,False,HOU,False
717356,2023,110,KC,DET,1.0,-0.6982958047664519,4.389041451391898,2023-07-18,11.0,10.0,0.4298415410678002,DET,KC,False,DET,False
717357,2023,110,STL,MIA,3.0,0.2785231600350587,4.389041451391898,2023-07-18,5.0,2.0,0.5281060263410319,STL,STL,True,STL,True
717358,2023,110,ATL,AZ,-3.0,1.4136509698746125,4.389041451391898,2023-07-18,13.0,16.0,0.639781151209727,ATL,AZ,False,ATL,False
717359,2023,110,NYM,CWS,1.0,0.1292128604499919,4.389041451391898,2023-07-18,11.0,10.0,0.5130474658988382,NYM,NYM,True,NYM,False
717360,2023,110,CIN,SF,-1.0,-0.5581582384687465,4.389041451391898,2023-07-18,10.0,11.0,0.4438160911311691,SF,SF,True,SF,False
717361,2023,110,BAL,LAD,-7.0,-0.8610565013875179,4.389041451391898,2023-07-18,3.0,10.0,0.4137217977494112,LAD,LAD,True,LAD,True
717362,2023,110,TOR,SD,-8.0,-0.408987633284391,4.389041451391898,2023-07-18,1.0,9.0,0.4587681650297093,SD,SD,True,SD,True
717363,2023,110,PHI,MIL,1.0,0.47811795770989496,4.389041451391898,2023-07-18,4.0,3.0,0.5481696557648045,PHI,PHI,True,PHI,False
717364,2023,110,PIT,CLE,-9.0,-0.6732997286324661,4.389041451391898,2023-07-18,1.0,10.0,0.4323282435213801,CLE,CLE,True,CLE,True
717375,2023,110,CIN,SF,-2.0,-0.8397040332008701,4.389041451391898,2023-07-18,2.0,4.0,0.4158288814404181,SF,SF,True,SF,True
717333,2023,111,KC,DET,-1.0,-0.33476459495772304,4.389041451391898,2023-07-19,2.0,3.0,0.46623103254540155,DET,DET,True,DET,False
717335,2023,111,SEA,MIN,-3.0,0.3517227860559098,4.389041451391898,2023-07-19,3.0,6.0,0.53547519708095,SEA,MIN,False,SEA,False
717336,2023,111,CHC,WSH,5.0,1.176664278930433,4.389041451391898,2023-07-19,8.0,3.0,0.6171023701531098,CHC,CHC,True,CHC,True
717338,2023,111,TOR,SD,-2.0,0.34476830780360834,4.389041451391898,2023-07-19,0.0,2.0,0.5347755570521643,TOR,SD,False,TOR,False
717339,2023,111,LAA,NYY,4.0,-0.7250966098867326,4.389041451391898,2023-07-19,7.0,3.0,0.4271783885251176,NYY,LAA,False,NYY,False
717340,2023,111,ATL,AZ,-2.0,1.038603592196464,4.389041451391898,2023-07-19,3.0,5.0,0.6036971472006791,ATL,AZ,False,ATL,False
717341,2023,111,NYM,CWS,4.0,0.8847562451283014,4.389041451391898,2023-07-19,5.0,1.0,0.5886140095610003,NYM,NYM,True,NYM,True
717342,2023,111,CIN,SF,1.0,-0.7897956973561677,4.389041451391898,2023-07-19,3.0,2.0,0.4207632340948278,SF,CIN,False,SF,False
717343,2023,111,BAL,LAD,3.0,-1.0060990801061138,4.389041451391898,2023-07-19,8.0,5.0,0.399477495314349,LAD,BAL,False,LAD,False
717344,2023,111,ATH,BOS,1.0,-1.680943565955296,4.389041451391898,2023-07-19,6.0,5.0,0.3352213372436167,BOS,ATH,False,BOS,False
717345,2023,111,COL,HOU,-3.0,-1.1517861508461211,4.389041451391898,2023-07-19,1.0,4.0,0.38530338937562314,HOU,HOU,True,HOU,True
717346,2023,111,TEX,TB,4.0,-0.09426346789419042,4.389041451391898,2023-07-19,5.0,1.0,0.4904808083666739,TB,TEX,False,TB,False
717347,2023,111,PHI,MIL,-2.0,0.36528833885967316,4.389041451391898,2023-07-19,3.0,5.0,0.536839612200849,PHI,MIL,False,PHI,False
717348,2023,111,PIT,CLE,2.0,-0.8471200042701114,4.389041451391898,2023-07-19,7.0,5.0,0.41509678815171175,CLE,PIT,False,CLE,False
717351,2023,111,STL,MIA,2.0,-0.24308297786445593,4.389041451391898,2023-07-19,6.0,4.0,0.4754654336850988,MIA,STL,False,MIA,False
717322,2023,112,CHC,STL,-5.0,-0.11428311038155255,4.389041451391898,2023-07-20,2.0,7.0,0.48845964036501244,STL,STL,True,STL,True
717323,2023,112,ATH,HOU,-2.0,-1.8430713103441472,4.389041451391898,2023-07-20,1.0,3.0,0.32039872788765045,HOU,HOU,True,HOU,True
717327,2023,112,SEA,MIN,5.0,0.23838961975545164,4.389041451391898,2023-07-20,5.0,0.0,0.5240614422647485,SEA,SEA,True,SEA,True
717328,2023,112,TB,BAL,-1.0,0.7638766610197769,4.389041451391898,2023-07-20,3.0,4.0,0.5766692229086682,TB,BAL,False,TB,False
717329,2023,112,PHI,MIL,-4.0,0.07788630918788494,4.389041451391898,2023-07-20,0.0,4.0,0.5078655819190196,PHI,MIL,False,PHI,False
717330,2023,112,NYM,CWS,-4.0,1.2748049797555217,4.389041451391898,2023-07-20,2.0,6.0,0.6265479459248716,NYM,CWS,False,NYM,False
717331,2023,112,TOR,SD,4.0,0.4161732749235646,4.389041451391898,2023-07-20,4.0,0.0,0.5419535977233463,TOR,TOR,True,TOR,True
717332,2023,112,KC,DET,-3.0,-0.5416495852211378,4.389041451391898,2023-07-20,0.0,3.0,0.4454672959219555,DET,DET,True,DET,True
717334,2023,112,CIN,SF,4.0,-0.7579607622950691,4.389041451391898,2023-07-20,5.0,1.0,0.42391726755035053,SF,CIN,False,SF,False
717337,2023,112,ATL,AZ,2.0,1.372334219093911,4.389041451391898,2023-07-20,7.0,5.0,0.635859957156953,ATL,ATL,True,ATL,True
717310,2023,113,ATH,HOU,-2.0,-1.7739759223561327,4.389041451391898,2023-07-21,4.0,6.0,0.3266825671610347,HOU,HOU,True,HOU,True
717311,2023,113,SEA,TOR,1.0,-0.06618518722960977,4.389041451391898,2023-07-21,3.0,2.0,0.49331597053446186,TOR,SEA,False,TOR,False
717312,2023,113,LAA,PIT,3.0,0.48757078319929087,4.389041451391898,2023-07-21,8.0,5.0,0.549117233697708,LAA,LAA,True,LAA,True
717313,2023,113,MIL,ATL,-2.0,-0.7906709828097617,4.389041451391898,2023-07-21,4.0,6.0,0.42067658636937105,ATL,ATL,True,ATL,True
717314,2023,113,MIN,CWS,5.0,0.8583894426610224,4.389041451391898,2023-07-21,9.0,4.0,0.5860151485392915,MIN,MIN,True,MIN,True
717315,2023,113,CLE,PHI,1.0,0.13076559156030634,4.389041451391898,2023-07-21,6.0,5.0,0.5132041983681234,CLE,CLE,True,CLE,False
717316,2023,113,TEX,LAD,-6.0,-0.6317078252935906,4.389041451391898,2023-07-21,5.0,11.0,0.436471860590409,LAD,LAD,True,LAD,True
717317,2023,113,DET,SD,-1.0,-0.7305648103862364,4.389041451391898,2023-07-21,4.0,5.0,0.42663542559523004,SD,SD,True,SD,False
717318,2023,113,NYY,KC,1.0,1.41629978052703,4.389041451391898,2023-07-21,5.0,4.0,0.6400320426199553,NYY,NYY,True,NYY,False
717319,2023,113,MIA,COL,-5.0,1.5574498124026463,4.389041451391898,2023-07-21,1.0,6.0,0.6533118714745025,MIA,COL,False,MIA,False
717320,2023,113,TB,BAL,3.0,0.9654347340176213,4.389041451391898,2023-07-21,3.0,0.0,0.5965415548785311,TB,TB,True,TB,True
717321,2023,113,CIN,AZ,3.0,-0.19570780995061698,4.389041451391898,2023-07-21,9.0,6.0,0.4802426640047203,AZ,CIN,False,AZ,False
717325,2023,113,CHC,STL,1.0,0.3777760983543139,4.389041451391898,2023-07-21,4.0,3.0,0.538095240919726,CHC,CHC,True,CHC,False
717326,2023,113,WSH,SF,2.0,-1.261036635116937,4.389041451391898,2023-07-21,5.0,3.0,0.3747727624200449,SF,WSH,False,SF,False
717293,2023,114,MIN,CWS,1.0,0.7307163929188165,4.389041451391898,2023-07-22,3.0,2.0,0.573379623760567,MIN,MIN,True,MIN,False
717295,2023,114,ATH,HOU,3.0,-1.524715785289265,4.389041451391898,2023-07-22,4.0,1.0,0.34975182308734765,HOU,ATH,False,HOU,False
717296,2023,114,MIL,ATL,1.0,-0.9144015536766567,4.389041451391898,2023-07-22,4.0,3.0,0.4084686234411424,ATL,MIL,False,ATL,False
717297,2023,114,LAA,PIT,-3.0,0.8956935696251861,4.389041451391898,2023-07-22,0.0,3.0,0.5896909210499792,LAA,PIT,False,LAA,False
717299,2023,114,DET,SD,-11.0,-0.6062279574040043,4.389041451391898,2023-07-22,3.0,14.0,0.43901378484809706,SD,SD,True,SD,True
717300,2023,114,TB,BAL,-1.0,1.1965584892258239,4.389041451391898,2023-07-22,5.0,6.0,0.619022935483142,TB,BAL,False,TB,False
717301,2023,114,SEA,TOR,1.0,-0.2145388021919301,4.389041451391898,2023-07-22,9.0,8.0,0.47834340093504335,TOR,SEA,False,TOR,False
717302,2023,114,CLE,PHI,1.0,-0.40219693174037613,4.389041451391898,2023-07-22,1.0,0.0,0.459450382960173,PHI,CLE,False,PHI,False
717303,2023,114,CIN,AZ,2.0,0.20530823141110138,4.389041451391898,2023-07-22,4.0,2.0,0.5207256775627038,CIN,CIN,True,CIN,True
717304,2023,114,NYY,KC,3.0,1.4016980649361037,4.389041451391898,2023-07-22,5.0,2.0,0.6386482422949287,NYY,NYY,True,NYY,True
717305,2023,114,TEX,LAD,-13.0,-0.22231202754213675,4.389041451391898,2023-07-22,3.0,16.0,0.4775595470575371,LAD,LAD,True,LAD,True
717306,2023,114,MIA,COL,-1.0,1.1751679123836725,4.389041451391898,2023-07-22,3.0,4.0,0.6169577954108425,MIA,COL,False,MIA,False
717307,2023,114,WSH,SF,9.0,-1.8214728060421805,4.389041451391898,2023-07-22,10.0,1.0,0.322357574238589,SF,WSH,False,SF,False
717308,2023,114,CHC,STL,2.0,-0.5124294510804981,4.389041451391898,2023-07-22,8.0,6.0,0.4483922126897555,STL,CHC,False,STL,False
717309,2023,114,BOS,NYM,2.0,0.09617761812138763,4.389041451391898,2023-07-22,8.0,6.0,0.5097124541847491,BOS,BOS,True,BOS,True
717324,2023,114,BOS,NYM,-1.0,0.5430446950192287,4.389041451391898,2023-07-22,4.0,5.0,0.5546722807555895,BOS,NYM,False,BOS,False
717278,2023,115,LAA,PIT,2.0,0.5520585068211713,4.389041451391898,2023-07-23,7.0,5.0,0.5555739223211679,LAA,LAA,True,LAA,True
717279,2023,115,ATH,HOU,-1.0,-1.6345213337314919,4.389041451391898,2023-07-23,2.0,3.0,0.33951450867705557,HOU,HOU,True,HOU,False
717281,2023,115,SEA,TOR,-1.0,0.4067564427658324,4.389041451391898,2023-07-23,3.0,4.0,0.5410076949633451,SEA,TOR,False,SEA,False
717283,2023,115,CLE,PHI,-3.0,-0.4651254215694545,4.389041451391898,2023-07-23,5.0,8.0,0.4531331996117677,PHI,PHI,True,PHI,True
717284,2023,115,TEX,LAD,4.0,-1.0414660952809398,4.389041451391898,2023-07-23,8.0,4.0,0.39602360437158557,LAD,TEX,False,LAD,False
717285,2023,115,MIN,CWS,1.0,1.0938495786444988,4.389041451391898,2023-07-23,5.0,4.0,0.6090770509562607,MIN,MIN,True,MIN,False
717286,2023,115,CHC,STL,5.0,0.04922513045545629,4.389041451391898,2023-07-23,7.0,2.0,0.5049713404916409,CHC,CHC,True,CHC,True
717287,2023,115,MIL,ATL,-2.0,-0.7291434182116233,4.389041451391898,2023-07-23,2.0,4.0,0.42677654887279615,ATL,ATL,True,ATL,True
717288,2023,115,DET,SD,2.0,-1.129694686065192,4.389041451391898,2023-07-23,3.0,1.0,0.387443383040065,SD,DET,False,SD,False
717289,2023,115,CIN,AZ,4.0,0.006607890036484057,4.389041451391898,2023-07-23,7.0,3.0,0.5006673604702654,CIN,CIN,True,CIN,True
717290,2023,115,WSH,SF,5.0,-1.2458972036778837,4.389041451391898,2023-07-23,6.0,1.0,0.37622668703118645,SF,WSH,False,SF,False
717291,2023,115,TB,BAL,-2.0,0.9907962174788734,4.389041451391898,2023-07-23,3.0,5.0,0.5990255902543107,TB,BAL,False,TB,False
717292,2023,115,MIA,COL,1.0,1.3778189909945862,4.389041451391898,2023-07-23,3.0,2.0,0.6363813230359622,MIA,MIA,True,MIA,False
717294,2023,115,NYY,KC,3.0,1.2707398811396269,4.389041451391898,2023-07-23,8.0,5.0,0.6261581611084093,NYY,NYY,True,NYY,True
717298,2023,115,BOS,NYM,5.0,0.5107699117110399,4.389041451391898,2023-07-23,6.0,1.0,0.5514415827227587,BOS,BOS,True,BOS,True
717268,2023,116,AZ,STL,-4.0,0.116097715657975,4.386938440915291,2023-07-24,6.0,10.0,0.5117291653588738,AZ,STL,False,AZ,False
717271,2023,116,LAD,TOR,-3.0,0.370833547326738,4.386938440915291,2023-07-24,3.0,6.0,0.5374150969237561,LAD,TOR,False,LAD,False
717273,2023,116,MIL,CIN,1.0,0.9857768206757225,4.386938440915291,2023-07-24,3.0,2.0,0.5985805409027392,MIL,MIL,True,MIL,False
717274,2023,116,HOU,TEX,1.0,-0.4571213124439868,4.386938440915291,2023-07-24,10.0,9.0,0.4539140978650563,TEX,HOU,False,TEX,False
717275,2023,116,MIN,SEA,1.0,-0.16411201381825535,4.386938440915291,2023-07-24,4.0,3.0,0.483422411735613,SEA,MIN,False,SEA,False
717276,2023,116,SD,PIT,-4.0,1.1987891162477844,4.386938440915291,2023-07-24,4.0,8.0,0.6192935218131236,SD,PIT,False,SD,False
717277,2023,116,CLE,KC,-2.0,1.194728304273275,4.386938440915291,2023-07-24,3.0,5.0,0.6189016282580084,CLE,KC,False,CLE,False
717280,2023,116,PHI,BAL,-1.0,0.3621280505493939,4.386938440915291,2023-07-24,2.0,3.0,0.5365392492190046,PHI,BAL,False,PHI,False
717282,2023,116,WSH,COL,-4.0,-0.060392406988547725,4.386938440915291,2023-07-24,6.0,10.0,0.493898011001334,COL,COL,True,COL,True
718558,2023,116,DET,SF,4.0,-0.5309396739592073,4.386938440915291,2023-07-24,5.0,1.0,0.4465135412021052,SF,DET,False,SF,False
717255,2023,117,HOU,TEX,1.0,0.08622309201629692,4.386938440915291,2023-07-25,4.0,3.0,0.5087115431072325,HOU,HOU,True,HOU,False
717256,2023,117,LAD,TOR,1.0,0.5459893009056216,4.386938440915291,2023-07-25,8.0,7.0,0.5549930402566795,LAD,LAD,True,LAD,False
717258,2023,117,SD,PIT,4.0,0.8414735550283482,4.386938440915291,2023-07-25,5.0,1.0,0.5843856550236928,SD,SD,True,SD,True
717259,2023,117,AZ,STL,2.0,-0.2674113666504816,4.386938440915291,2023-07-25,3.0,1.0,0.473000610414132,STL,AZ,False,STL,False
717260,2023,117,CLE,KC,4.0,1.6118284065673758,4.386938440915291,2023-07-25,5.0,1.0,0.6584509819852524,CLE,CLE,True,CLE,True
717261,2023,117,BOS,ATL,6.0,-0.4902861632521399,4.386938440915291,2023-07-25,7.0,1.0,0.45058706557893907,ATL,BOS,False,ATL,False
717262,2023,117,MIL,CIN,-1.0,0.960199078073473,4.386938440915291,2023-07-25,3.0,4.0,0.5960733924164477,MIL,CIN,False,MIL,False
717263,2023,117,CWS,CHC,-4.0,-0.9064085404210683,4.386938440915291,2023-07-25,3.0,7.0,0.409211973467414,CHC,CHC,True,CHC,True
717264,2023,117,MIN,SEA,-2.0,-0.19695442058337032,4.386938440915291,2023-07-25,7.0,9.0,0.4801073949064115,SEA,SEA,True,SEA,True
717265,2023,117,DET,LAA,-1.0,-0.12640721931588947,4.386938440915291,2023-07-25,6.0,7.0,0.4872296233929994,LAA,LAA,True,LAA,False
717266,2023,117,NYY,NYM,-6.0,-0.14493587696546237,4.386938440915291,2023-07-25,3.0,9.0,0.48535853988146893,NYM,NYM,True,NYM,True
717267,2023,117,PHI,BAL,1.0,0.044233919104339055,4.386938440915291,2023-07-25,4.0,3.0,0.5044694321668262,PHI,PHI,True,PHI,False
717269,2023,117,WSH,COL,1.0,-0.22555521914530258,4.386938440915291,2023-07-25,6.0,5.0,0.47722162593716005,COL,WSH,False,COL,False
717270,2023,117,TB,MIA,3.0,1.3363481555894574,4.386938440915291,2023-07-25,4.0,1.0,0.6324941302588364,TB,TB,True,TB,True
717272,2023,117,SF,ATH,1.0,1.4891832712020423,4.386938440915291,2023-07-25,2.0,1.0,0.64697860840242,SF,SF,True,SF,False
717239,2023,118,HOU,TEX,-8.0,0.31330210000309977,4.386938440915291,2023-07-26,5.0,13.0,0.5316237768765636,HOU,TEX,False,HOU,False
717240,2023,118,CWS,CHC,-3.0,-0.3662353022236625,4.386938440915291,2023-07-26,7.0,10.0,0.4630475036751161,CHC,CHC,True,CHC,True
717242,2023,118,BOS,ATL,2.0,-0.9168233610042177,4.386938440915291,2023-07-26,5.0,3.0,0.4081873096936241,ATL,BOS,False,ATL,False
717244,2023,118,AZ,STL,-4.0,-0.06084070606006009,4.386938440915291,2023-07-26,7.0,11.0,0.4938527188789757,STL,STL,True,STL,True
717245,2023,118,PHI,BAL,2.0,-0.21540911609458435,4.386938440915291,2023-07-26,6.0,4.0,0.4782452205771981,BAL,PHI,False,BAL,False
717246,2023,118,SD,PIT,-1.0,1.2549882561650607,4.386938440915291,2023-07-26,2.0,3.0,0.6247043581210738,SD,PIT,False,SD,False
717248,2023,118,NYY,NYM,2.0,-0.052324538543578714,4.386938440915291,2023-07-26,3.0,1.0,0.4947131290386056,NYM,NYY,False,NYM,False
717249,2023,118,CLE,KC,5.0,1.6921645274747683,4.386938440915291,2023-07-26,8.0,3.0,0.665887932066451,CLE,CLE,True,CLE,True
717250,2023,118,MIN,SEA,-1.0,0.03135694981329529,4.386938440915291,2023-07-26,7.0,8.0,0.5031683653966789,MIN,SEA,False,MIN,False
717251,2023,118,SF,ATH,5.0,1.2139706395357805,4.386938440915291,2023-07-26,8.0,3.0,0.6207575461403853,SF,SF,True,SF,True
717252,2023,118,TB,MIA,-6.0,1.3543732998060216,4.386938440915291,2023-07-26,1.0,7.0,0.634212717084343,TB,MIA,False,TB,False
717253,2023,118,LAD,TOR,-7.0,0.6211832891645052,4.386938440915291,2023-07-26,1.0,8.0,0.5625082064379643,LAD,TOR,False,LAD,False
717254,2023,118,MIL,CIN,3.0,0.7857041839628398,4.386938440915291,2023-07-26,3.0,0.0,0.5788689753310111,MIL,MIL,True,MIL,True
717257,2023,118,WSH,COL,1.0,0.4140432327047246,4.386938440915291,2023-07-26,5.0,4.0,0.5417595955935378,WSH,WSH,True,WSH,False
717233,2023,119,CWS,CLE,-3.0,-0.5392882983977838,4.386938440915291,2023-07-27,3.0,6.0,0.44567768399184554,CLE,CLE,True,CLE,True
717238,2023,119,STL,CHC,-7.0,0.10284254050387126,4.386938440915291,2023-07-27,3.0,10.0,0.5103903386984127,STL,CHC,False,STL,False
717241,2023,119,NYM,WSH,1.0,1.2144275978135548,4.386938440915291,2023-07-27,2.0,1.0,0.6208015860159432,NYM,NYM,True,NYM,False
717243,2023,119,DET,LAA,-6.0,-0.4532648363131684,4.386938440915291,2023-07-27,0.0,6.0,0.45430118645777695,LAA,LAA,True,LAA,True
717247,2023,119,DET,LAA,-7.0,-0.330945326901523,4.386938440915291,2023-07-27,4.0,11.0,0.46659942427255185,LAA,LAA,True,LAA,True
717220,2023,120,SF,BOS,-1.0,-0.225106347071778,4.386938440915291,2023-07-28,2.0,3.0,0.4772669074918333,BOS,BOS,True,BOS,False
717223,2023,120,AZ,SEA,-3.0,-0.7218761919169054,4.386938440915291,2023-07-28,2.0,5.0,0.42746385291763067,SEA,SEA,True,SEA,True
717224,2023,120,SD,TEX,6.0,-0.08763146652975545,4.386938440915291,2023-07-28,7.0,1.0,0.4911461850645497,TEX,SD,False,TEX,False
717225,2023,120,LAD,CIN,-1.0,1.3736621397605222,4.386938440915291,2023-07-28,5.0,6.0,0.6360488100009737,LAD,CIN,False,LAD,False
717226,2023,120,STL,CHC,-1.0,0.28934912974514265,4.386938440915291,2023-07-28,2.0,3.0,0.5292105400756881,STL,CHC,False,STL,False
717227,2023,120,COL,ATH,-3.0,0.14097918762120806,4.386938440915291,2023-07-28,5.0,8.0,0.5142419265547407,COL,ATH,False,COL,False
717228,2023,120,CWS,CLE,3.0,-0.8464853838497497,4.386938440915291,2023-07-28,3.0,0.0,0.41511937372885854,CLE,CWS,False,CLE,False
717229,2023,120,HOU,TB,-1.0,-0.7803882991317794,4.386938440915291,2023-07-28,3.0,4.0,0.42165769676074905,TB,TB,True,TB,False
717230,2023,120,NYM,WSH,4.0,1.0780214058710635,4.386938440915291,2023-07-28,5.0,1.0,0.6075880555957122,NYM,NYM,True,NYM,True
717231,2023,120,ATL,MIL,3.0,0.5481345167113232,4.386938440915291,2023-07-28,10.0,7.0,0.5552077284301765,ATL,ATL,True,ATL,True
717232,2023,120,KC,MIN,3.0,-1.116242052886626,4.386938440915291,2023-07-28,8.0,5.0,0.38869629129649363,MIN,KC,False,MIN,False
717234,2023,120,PIT,PHI,-1.0,-1.290701894663472,4.386938440915291,2023-07-28,1.0,2.0,0.37186977433545876,PHI,PHI,True,PHI,False
717235,2023,120,TOR,LAA,3.0,0.869940288913947,4.386938440915291,2023-07-28,4.0,1.0,0.5871952443988051,TOR,TOR,True,TOR,True
717236,2023,120,MIA,DET,1.0,0.5102212993991599,4.386938440915291,2023-07-28,6.0,5.0,0.5514111335815599,MIA,MIA,True,MIA,False
717237,2023,120,BAL,NYY,1.0,-0.06847751606496527,4.386938440915291,2023-07-28,1.0,0.0,0.493081176658631,NYY,BAL,False,NYY,False
717205,2023,121,LAD,CIN,1.0,1.4235549905793126,4.386938440915291,2023-07-29,3.0,2.0,0.6407835219317956,LAD,LAD,True,LAD,False
717207,2023,121,KC,MIN,3.0,-1.3487397409336794,4.386938440915291,2023-07-29,10.0,7.0,0.3663241207390391,MIN,KC,False,MIN,False
717209,2023,121,SD,TEX,4.0,0.12556010337290782,4.386938440915291,2023-07-29,4.0,0.0,0.5126848250775985,SD,SD,True,SD,True
717210,2023,121,AZ,SEA,1.0,-0.6704421951236262,4.386938440915291,2023-07-29,4.0,3.0,0.4325806994110204,SEA,AZ,False,SEA,False
717211,2023,121,ATL,MIL,6.0,0.5960343691827976,4.386938440915291,2023-07-29,11.0,5.0,0.5599971009390967,ATL,ATL,True,ATL,True
717212,2023,121,COL,ATH,-8.0,-0.014704769766001477,4.386938440915291,2023-07-29,3.0,11.0,0.49851419012238446,ATH,ATH,True,ATH,True
717213,2023,121,STL,CHC,-4.0,-0.4048719956066535,4.386938440915291,2023-07-29,1.0,5.0,0.45916212316319144,CHC,CHC,True,CHC,True
717214,2023,121,HOU,TB,13.0,-0.5342086546309918,4.386938440915291,2023-07-29,17.0,4.0,0.44618622510624667,TB,HOU,False,TB,False
717215,2023,121,NYM,WSH,-5.0,1.0464528096474421,4.386938440915291,2023-07-29,6.0,11.0,0.6045116576860259,NYM,WSH,False,NYM,False
717216,2023,121,PIT,PHI,1.0,-1.4677292417487702,4.386938440915291,2023-07-29,7.0,6.0,0.35504239069922494,PHI,PIT,False,PHI,False
717217,2023,121,CWS,CLE,5.0,-0.715382642340918,4.386938440915291,2023-07-29,7.0,2.0,0.4281092015070838,CLE,CWS,False,CLE,False
717218,2023,121,MIA,DET,-5.0,0.3548219488519229,4.386938440915291,2023-07-29,0.0,5.0,0.5358040557799715,MIA,DET,False,MIA,False
717219,2023,121,BAL,NYY,-5.0,0.06370062439058814,4.386938440915291,2023-07-29,3.0,8.0,0.5064362197602394,BAL,NYY,False,BAL,False
717221,2023,121,SF,BOS,1.0,-0.09823685936946552,4.386938440915291,2023-07-29,3.0,2.0,0.4900748820252817,BOS,SF,False,BOS,False
717222,2023,121,TOR,LAA,5.0,0.06031060850482206,4.386938440915291,2023-07-29,6.0,1.0,0.5060937248041115,TOR,TOR,True,TOR,True
717191,2023,122,SD,TEX,2.0,-0.14275818449221958,4.386938440915291,2023-07-30,5.0,3.0,0.48557843436014964,TEX,SD,False,TEX,False
717193,2023,122,AZ,SEA,-4.0,-0.35908352046614644,4.386938440915291,2023-07-30,0.0,4.0,0.4637670986662378,SEA,SEA,True,SEA,True
717194,2023,122,LAD,CIN,-9.0,1.490651400127951,4.386938440915291,2023-07-30,0.0,9.0,0.6471167574823113,LAD,CIN,False,LAD,False
717195,2023,122,STL,CHC,3.0,0.10698087321320905,4.386938440915291,2023-07-30,3.0,0.0,0.5108083404306978,STL,STL,True,STL,True
717196,2023,122,HOU,TB,-6.0,-0.7127797433147487,4.386938440915291,2023-07-30,2.0,8.0,0.42836793957815933,TB,TB,True,TB,True
717197,2023,122,SF,BOS,1.0,-0.07521657287528644,4.386938440915291,2023-07-30,4.0,3.0,0.49240035529503196,BOS,SF,False,BOS,False
717198,2023,122,KC,MIN,1.0,-0.8400264753208656,4.386938440915291,2023-07-30,2.0,1.0,0.41575728439458487,MIN,KC,False,MIN,False
717199,2023,122,COL,ATH,2.0,0.2757466642117024,4.386938440915291,2023-07-30,2.0,0.0,0.5278396224155099,COL,COL,True,COL,True
717200,2023,122,BAL,NYY,6.0,0.1975639835599677,4.386938440915291,2023-07-30,9.0,3.0,0.5199541203119544,BAL,BAL,True,BAL,True
717201,2023,122,TOR,LAA,-1.0,0.6337363019008908,4.386938440915291,2023-07-30,2.0,3.0,0.5637606828266581,TOR,LAA,False,TOR,False
717202,2023,122,MIA,DET,2.0,0.18893490333467378,4.386938440915291,2023-07-30,8.0,6.0,0.5190832565449711,MIA,MIA,True,MIA,True
717203,2023,122,NYM,WSH,3.0,1.6060227841638772,4.386938440915291,2023-07-30,5.0,2.0,0.6579111042725475,NYM,NYM,True,NYM,True
717204,2023,122,CWS,CLE,-5.0,-0.8966181776129437,4.386938440915291,2023-07-30,0.0,5.0,0.41017576597664335,CLE,CLE,True,CLE,True
717206,2023,122,ATL,MIL,2.0,0.4925944583702654,4.386938440915291,2023-07-30,8.0,6.0,0.5496443715839991,ATL,ATL,True,ATL,True
717208,2023,122,PIT,PHI,2.0,-1.1458460331000206,4.386938440915291,2023-07-30,6.0,4.0,0.38582527744332124,PHI,PIT,False,PHI,False
717179,2023,123,COL,SD,1.0,-1.233181686427762,4.384047336098305,2023-07-31,4.0,3.0,0.37731406878761437,SD,COL,False,SD,False
717181,2023,123,SEA,BOS,4.0,0.576263327816978,4.384047336098305,2023-07-31,6.0,2.0,0.5580592640155193,SEA,SEA,True,SEA,True
717184,2023,123,HOU,CLE,4.0,0.3019533769446868,4.384047336098305,2023-07-31,7.0,3.0,0.5305006057406657,HOU,HOU,True,HOU,True
717185,2023,123,NYY,TB,-4.0,-0.6476562529452861,4.384047336098305,2023-07-31,1.0,5.0,0.43480862356701966,TB,TB,True,TB,True
717186,2023,123,TOR,BAL,-2.0,0.5031785310841984,4.384047336098305,2023-07-31,2.0,4.0,0.5507386050732622,TOR,BAL,False,TOR,False
717187,2023,123,ATL,LAA,-3.0,0.6969045126034157,4.384047336098305,2023-07-31,1.0,4.0,0.5700990585146043,ATL,LAA,False,ATL,False
717188,2023,123,CHC,CIN,-1.0,0.38799745832123156,4.384047336098305,2023-07-31,5.0,6.0,0.5391671275410987,CHC,CIN,False,CHC,False
717189,2023,123,MIA,PHI,-2.0,-0.4766397152812289,4.384047336098305,2023-07-31,2.0,4.0,0.4519241138822261,PHI,PHI,True,PHI,True
717190,2023,123,SF,AZ,-1.0,0.6102686552871737,4.384047336098305,2023-07-31,3.0,4.0,0.5614588708225521,SF,AZ,False,SF,False
717192,2023,123,WSH,MIL,2.0,-1.1676655090149315,4.384047336098305,2023-07-31,5.0,3.0,0.3836387220804591,MIL,WSH,False,MIL,False
717167,2023,124,SEA,BOS,-2.0,0.10773756945160533,4.384047336098305,2023-08-01,4.0,6.0,0.5108919472798134,SEA,BOS,False,SEA,False
717168,2023,124,TEX,CWS,2.0,0.6873996162194216,4.384047336098305,2023-08-01,2.0,0.0,0.5691526963479914,TEX,TEX,True,TEX,True
717169,2023,124,COL,SD,-3.0,-1.4358136026707147,4.384047336098305,2023-08-01,5.0,8.0,0.3579668855493625,SD,SD,True,SD,True
717170,2023,124,KC,NYM,1.0,-1.6262757526882468,4.384047336098305,2023-08-01,7.0,6.0,0.34010738974386207,NYM,KC,False,NYM,False
717171,2023,124,LAD,ATH,4.0,2.0089800053585383,4.384047336098305,2023-08-01,7.0,3.0,0.6946814368782426,LAD,LAD,True,LAD,True
717172,2023,124,HOU,CLE,2.0,0.2497627121633921,4.384047336098305,2023-08-01,2.0,0.0,0.525236548867459,HOU,HOU,True,HOU,True
717173,2023,124,CHC,CIN,11.0,0.8541670550778988,4.384047336098305,2023-08-01,20.0,9.0,0.5856946101521792,CHC,CHC,True,CHC,True
717174,2023,124,STL,MIN,-1.0,-0.03310953186588356,4.384047336098305,2023-08-01,2.0,3.0,0.49665234830929883,MIN,MIN,True,MIN,False
717175,2023,124,NYY,TB,-3.0,-0.7532682181697687,4.384047336098305,2023-08-01,2.0,5.0,0.42429749781248366,TB,TB,True,TB,True
717176,2023,124,ATL,LAA,4.0,0.9055917058466707,4.384047336098305,2023-08-01,5.0,1.0,0.5907664112113509,ATL,ATL,True,ATL,True
717177,2023,124,TOR,BAL,-10.0,0.3882933626823472,4.384047336098305,2023-08-01,3.0,13.0,0.5391969018913085,TOR,BAL,False,TOR,False
717178,2023,124,PIT,DET,3.0,-0.3665805416228312,4.384047336098305,2023-08-01,4.0,1.0,0.4629884480320506,DET,PIT,False,DET,False
717180,2023,124,SF,AZ,1.0,0.531625455328514,4.384047336098305,2023-08-01,4.0,3.0,0.5535902320027501,SF,SF,True,SF,False
717182,2023,124,MIA,PHI,-2.0,0.0934719672537763,4.384047336098305,2023-08-01,1.0,3.0,0.5094500277628272,MIA,PHI,False,MIA,False
717183,2023,124,WSH,MIL,-2.0,-0.9327500957415729,4.384047336098305,2023-08-01,4.0,6.0,0.40656112995362764,MIL,MIL,True,MIL,True
717152,2023,125,TEX,CWS,10.0,0.8121996019038993,4.384047336098305,2023-08-02,11.0,1.0,0.5815448766944462,TEX,TEX,True,TEX,True
717153,2023,125,CHC,CIN,10.0,0.5134295488848184,4.384047336098305,2023-08-02,16.0,6.0,0.5517665156753031,CHC,CHC,True,CHC,True
717154,2023,125,LAD,ATH,9.0,1.9039257397284906,4.384047336098305,2023-08-02,10.0,1.0,0.685288387119195,LAD,LAD,True,LAD,True
717155,2023,125,STL,MIN,4.0,-0.22574322142699332,4.384047336098305,2023-08-02,7.0,3.0,0.4771876430836649,MIN,STL,False,MIN,False
717156,2023,125,KC,NYM,4.0,-1.3113487793794023,4.384047336098305,2023-08-02,4.0,0.0,0.3698111109247969,NYM,KC,False,NYM,False
717157,2023,125,TOR,BAL,3.0,0.4800660506044472,4.384047336098305,2023-08-02,4.0,1.0,0.5484197848059102,TOR,TOR,True,TOR,True
717158,2023,125,COL,SD,-10.0,-0.9229476878519334,4.384047336098305,2023-08-02,1.0,11.0,0.40752521847653594,SD,SD,True,SD,True
717159,2023,125,MIA,PHI,1.0,-0.39982915702080707,4.384047336098305,2023-08-02,9.0,8.0,0.4596425217119004,PHI,MIA,False,PHI,False
717160,2023,125,NYY,TB,5.0,-0.44192215660178374,4.384047336098305,2023-08-02,7.0,2.0,0.45541067991110723,TB,NYY,False,TB,False
717161,2023,125,SEA,BOS,3.0,0.056094436150310414,4.384047336098305,2023-08-02,6.0,3.0,0.5056714940269263,SEA,SEA,True,SEA,True
717162,2023,125,WSH,MIL,1.0,-0.7312279146918508,4.384047336098305,2023-08-02,3.0,2.0,0.4264868963467766,MIL,WSH,False,MIL,False
717163,2023,125,HOU,CLE,1.0,0.16367821181373604,4.384047336098305,2023-08-02,3.0,2.0,0.5165446905072678,HOU,HOU,True,HOU,False
717164,2023,125,SF,AZ,2.0,0.7847903125257139,4.384047336098305,2023-08-02,4.0,2.0,0.5788297133913376,SF,SF,True,SF,True
717165,2023,125,ATL,LAA,7.0,0.9551010858259652,4.384047336098305,2023-08-02,12.0,5.0,0.5956350136634612,ATL,ATL,True,ATL,True
717166,2023,125,PIT,DET,-3.0,-0.21034596201197675,4.384047336098305,2023-08-02,3.0,6.0,0.47874207722810447,DET,DET,True,DET,True
717137,2023,126,LAD,ATH,6.0,2.1131725935188492,4.384047336098305,2023-08-03,8.0,2.0,0.7038725356504321,LAD,LAD,True,LAD,True
717142,2023,126,NYY,HOU,1.0,0.0008596333834706149,4.384047336098305,2023-08-03,4.0,3.0,0.5000869171727266,NYY,NYY,True,NYY,False
717143,2023,126,MIL,PIT,13.0,0.8355477287371773,4.384047336098305,2023-08-03,14.0,1.0,0.58385468615505,MIL,MIL,True,MIL,True
717144,2023,126,LAA,SEA,-2.0,-0.2883406769441346,4.384047336098305,2023-08-03,3.0,5.0,0.47087192261916355,SEA,SEA,True,SEA,True
717145,2023,126,STL,MIN,-2.0,-0.24715519781689488,4.384047336098305,2023-08-03,3.0,5.0,0.4750265736228373,MIN,MIN,True,MIN,True
717146,2023,126,CHC,CIN,2.0,1.06892642939704,4.384047336098305,2023-08-03,5.0,3.0,0.606771080972493,CHC,CHC,True,CHC,True
717147,2023,126,MIA,PHI,-2.0,-0.2771666721624824,4.384047336098305,2023-08-03,2.0,4.0,0.47199882390610687,PHI,PHI,True,PHI,True
717148,2023,126,KC,NYM,7.0,-1.008289875616271,4.384047336098305,2023-08-03,9.0,2.0,0.3991510336959483,NYM,KC,False,NYM,False
717149,2023,126,TEX,CWS,2.0,1.3365942205049748,4.384047336098305,2023-08-03,5.0,3.0,0.6326017082943667,TEX,TEX,True,TEX,True
717150,2023,126,TOR,BAL,-5.0,0.9671767986452731,4.384047336098305,2023-08-03,1.0,6.0,0.5968202903386827,TOR,BAL,False,TOR,False
717151,2023,126,SF,AZ,1.0,1.2163305164466824,4.384047336098305,2023-08-03,1.0,0.0,0.6210622552274438,SF,SF,True,SF,False
717127,2023,127,STL,COL,-5.0,1.2745704684221209,4.384047336098305,2023-08-04,4.0,9.0,0.626664654275661,STL,COL,False,STL,False
717128,2023,127,MIN,AZ,1.0,0.178024229134923,4.384047336098305,2023-08-04,3.0,2.0,0.5179938503243028,MIN,MIN,True,MIN,False
717129,2023,127,SD,LAD,-5.0,-0.2918768704060221,4.384047336098305,2023-08-04,5.0,10.0,0.4705153447392488,LAD,LAD,True,LAD,True
717130,2023,127,LAA,SEA,-2.0,-0.3826187590868228,4.384047336098305,2023-08-04,7.0,9.0,0.4613741235226726,SEA,SEA,True,SEA,True
717131,2023,127,MIL,PIT,-4.0,1.305241587034817,4.384047336098305,2023-08-04,4.0,8.0,0.6296044226074768,MIL,PIT,False,MIL,False
717132,2023,127,CLE,CWS,2.0,0.6428943765379604,4.384047336098305,2023-08-04,4.0,2.0,0.5647163009137612,CLE,CLE,True,CLE,True
717133,2023,127,TEX,MIA,4.0,0.5261555242647709,4.384047336098305,2023-08-04,6.0,2.0,0.5530421160121299,TEX,TEX,True,TEX,True
717134,2023,127,BAL,NYM,7.0,0.1914433148597266,4.384047336098305,2023-08-04,10.0,3.0,0.5193491615490726,BAL,BAL,True,BAL,True
717135,2023,127,DET,TB,-8.0,-1.7433795257682476,4.384047336098305,2023-08-04,0.0,8.0,0.32929912087341795,TB,TB,True,TB,True
717136,2023,127,BOS,TOR,-4.0,0.6057849679782199,4.384047336098305,2023-08-04,3.0,7.0,0.5610108780514171,BOS,TOR,False,BOS,False
717138,2023,127,NYY,HOU,-4.0,-0.4340271444181751,4.384047336098305,2023-08-04,3.0,7.0,0.45620403841605095,HOU,HOU,True,HOU,True
717139,2023,127,CIN,WSH,-3.0,0.682111984230382,4.384047336098305,2023-08-04,3.0,6.0,0.5686260569775394,CIN,WSH,False,CIN,False
717140,2023,127,PHI,KC,-2.0,1.6782688010253084,4.384047336098305,2023-08-04,5.0,7.0,0.6647082757907148,PHI,KC,False,PHI,False
717141,2023,127,CHC,ATL,-8.0,-0.5897900678196406,4.384047336098305,2023-08-04,0.0,8.0,0.4405879036498635,ATL,ATL,True,ATL,True
717109,2023,128,LAA,SEA,-1.0,-0.5384313394522648,4.384047336098305,2023-08-05,2.0,3.0,0.4457279255001971,SEA,SEA,True,SEA,False
717112,2023,128,SD,LAD,5.0,-0.3483434981040746,4.384047336098305,2023-08-05,8.0,3.0,0.46482483449044343,LAD,SD,False,LAD,False
717114,2023,128,BAL,NYM,4.0,0.6708228176601039,4.384047336098305,2023-08-05,7.0,3.0,0.567501267514432,BAL,BAL,True,BAL,True
717115,2023,128,CLE,CWS,-3.0,1.1701503920036695,4.384047336098305,2023-08-05,4.0,7.0,0.6166017364366921,CLE,CWS,False,CLE,False
717116,2023,128,MIL,PIT,1.0,1.0884143123678802,4.384047336098305,2023-08-05,3.0,2.0,0.608669217319604,MIL,MIL,True,MIL,False
717117,2023,128,ATH,SF,1.0,-1.6020363310244767,4.384047336098305,2023-08-05,2.0,1.0,0.34236148320939586,SF,ATH,False,SF,False
717118,2023,128,MIN,AZ,11.0,0.3248202420905804,4.384047336098305,2023-08-05,12.0,1.0,0.5328053804273429,MIN,MIN,True,MIN,True
717119,2023,128,STL,COL,4.0,1.2150559528401306,4.384047336098305,2023-08-05,6.0,2.0,0.6209393586983915,STL,STL,True,STL,True
717120,2023,128,CIN,WSH,-4.0,0.9016763870625812,4.384047336098305,2023-08-05,3.0,7.0,0.5903807819770609,CIN,WSH,False,CIN,False
717121,2023,128,CHC,ATL,2.0,-0.6065034239917644,4.384047336098305,2023-08-05,8.0,6.0,0.4389173313162952,ATL,CHC,False,ATL,False
717122,2023,128,DET,TB,2.0,-1.1249352300335353,4.384047336098305,2023-08-05,4.0,2.0,0.38778060750284304,TB,DET,False,TB,False
717123,2023,128,PHI,KC,3.0,1.607062659362389,4.384047336098305,2023-08-05,9.0,6.0,0.6581063944981859,PHI,PHI,True,PHI,True
717124,2023,128,TEX,MIA,1.0,0.9381981651441811,4.384047336098305,2023-08-05,9.0,8.0,0.5939744553688305,TEX,TEX,True,TEX,False
717125,2023,128,BOS,TOR,-1.0,-0.05960413575102688,4.384047336098305,2023-08-05,4.0,5.0,0.49397367985874435,TOR,TOR,True,TOR,False
717126,2023,128,NYY,HOU,2.0,-0.4552256199516785,4.384047336098305,2023-08-05,3.0,1.0,0.4540742376654077,HOU,NYY,False,HOU,False
717093,2023,129,SD,LAD,-6.0,-0.047225478834347856,4.384047336098305,2023-08-06,2.0,8.0,0.4952251655071741,LAD,LAD,True,LAD,True
717098,2023,129,CHC,ATL,2.0,-0.11191434545068388,4.384047336098305,2023-08-06,6.0,4.0,0.4886859042243322,ATL,CHC,False,ATL,False
717099,2023,129,STL,COL,-1.0,1.2583985153086603,4.384047336098305,2023-08-06,0.0,1.0,0.6251116172377487,STL,COL,False,STL,False
717100,2023,129,ATH,SF,2.0,-1.609102350424424,4.384047336098305,2023-08-06,8.0,6.0,0.34170380926558985,SF,ATH,False,SF,False
717101,2023,129,LAA,SEA,-1.0,-0.32862400111621304,4.384047336098305,2023-08-06,2.0,3.0,0.4668113393896315,SEA,SEA,True,SEA,False
717102,2023,129,TEX,MIA,6.0,0.41019718731502375,4.384047336098305,2023-08-06,6.0,0.0,0.5414002769127273,TEX,TEX,True,TEX,True
717103,2023,129,DET,TB,-4.0,-1.0526455300717954,4.384047336098305,2023-08-06,6.0,10.0,0.3948166428278862,TB,TB,True,TB,True
717104,2023,129,CIN,WSH,-3.0,0.6579477220619943,4.384047336098305,2023-08-06,3.0,6.0,0.5662177974509633,CIN,WSH,False,CIN,False
717105,2023,129,MIL,PIT,-3.0,1.3489404326779288,4.384047336098305,2023-08-06,1.0,4.0,0.6337797940968843,MIL,PIT,False,MIL,False
717106,2023,129,MIN,AZ,2.0,0.0391795298727427,4.384047336098305,2023-08-06,5.0,3.0,0.5039613608500075,MIN,MIN,True,MIN,True
717107,2023,129,BAL,NYM,2.0,0.4711047763109252,4.384047336098305,2023-08-06,2.0,0.0,0.5475202723718819,BAL,BAL,True,BAL,True
717108,2023,129,CLE,CWS,-2.0,0.471549844163274,4.384047336098305,2023-08-06,3.0,5.0,0.5475649530707962,CLE,CWS,False,CLE,False
717110,2023,129,NYY,HOU,-2.0,-0.09887316599211765,4.384047336098305,2023-08-06,7.0,9.0,0.4900040215261482,HOU,HOU,True,HOU,True
717111,2023,129,BOS,TOR,-12.0,0.06676279761613796,4.384047336098305,2023-08-06,1.0,13.0,0.5067500365642094,BOS,TOR,False,BOS,False
717113,2023,129,PHI,KC,4.0,1.453207769370388,4.384047336098305,2023-08-06,8.0,4.0,0.6436778312615027,PHI,PHI,True,PHI,True
717081,2023,130,ATH,TEX,-2.0,-1.9543560085279923,4.384918760982283,2023-08-07,3.0,5.0,0.3102218371488203,TEX,TEX,True,TEX,True
717086,2023,130,MIL,COL,11.0,1.476228927041391,4.384918760982283,2023-08-07,12.0,1.0,0.6458228464237044,MIL,MIL,True,MIL,True
717087,2023,130,CLE,TOR,-2.0,-0.4932546186957122,4.384918760982283,2023-08-07,1.0,3.0,0.4502666641244441,TOR,TOR,True,TOR,True
717088,2023,130,CWS,NYY,4.0,-1.0078010369175945,4.384918760982283,2023-08-07,5.0,1.0,0.39921847364633295,NYY,CWS,False,NYY,False
717089,2023,130,BOS,KC,4.0,1.1100830269246893,4.384918760982283,2023-08-07,6.0,2.0,0.6107552919541723,BOS,BOS,True,BOS,True
717090,2023,130,LAA,SF,-5.0,-0.41912386309616556,4.384918760982283,2023-08-07,3.0,8.0,0.4577104957376911,SF,SF,True,SF,True
717091,2023,130,DET,MIN,-6.0,-1.0104508522078692,4.384918760982283,2023-08-07,3.0,9.0,0.39895922095136505,MIN,MIN,True,MIN,True
717092,2023,130,NYM,CHC,9.0,-0.2191727505504472,4.384918760982283,2023-08-07,11.0,2.0,0.4778553227403114,CHC,NYM,False,CHC,False
717094,2023,130,SD,LAD,-6.0,-0.2181029871312881,4.384918760982283,2023-08-07,7.0,13.0,0.477963298744397,LAD,LAD,True,LAD,True
717095,2023,130,PIT,ATL,1.0,-1.9684173926945063,4.384918760982283,2023-08-07,7.0,6.0,0.30896552981001524,ATL,PIT,False,ATL,False
717097,2023,130,CIN,MIA,3.0,0.3179535047449151,4.384918760982283,2023-08-07,5.0,2.0,0.5321070187862971,CIN,CIN,True,CIN,True
717068,2023,131,LAA,SF,2.0,-1.0923197106373184,4.384918760982283,2023-08-08,7.0,5.0,0.39097182681745124,SF,LAA,False,SF,False
717069,2023,131,ATH,TEX,-5.0,-1.834520581819205,4.384918760982283,2023-08-08,1.0,6.0,0.32101725765954386,TEX,TEX,True,TEX,True
717072,2023,131,SEA,SD,2.0,0.30071879919880323,4.384918760982283,2023-08-08,2.0,0.0,0.5303701165642221,SEA,SEA,True,SEA,True
717073,2023,131,AZ,LAD,-1.0,-1.0195138144616533,4.384918760982283,2023-08-08,4.0,5.0,0.3980728561700181,LAD,LAD,True,LAD,False
717074,2023,131,CLE,TOR,1.0,-0.6507957551864929,4.384918760982283,2023-08-08,1.0,0.0,0.4345083582731474,TOR,CLE,False,TOR,False
717075,2023,131,CWS,NYY,-6.0,-0.9977988959240371,4.384918760982283,2023-08-08,1.0,7.0,0.40019746307672577,NYY,NYY,True,NYY,True
717076,2023,131,DET,MIN,6.0,-0.6930730388228425,4.384918760982283,2023-08-08,6.0,0.0,0.43029609019493054,MIN,DET,False,MIN,False
717077,2023,131,BOS,KC,-6.0,1.2814956566212954,4.384918760982283,2023-08-08,3.0,9.0,0.6273046447456105,BOS,KC,False,BOS,False
717078,2023,131,MIL,COL,-4.0,1.4589635970146475,4.384918760982283,2023-08-08,3.0,7.0,0.6441941118694944,MIL,COL,False,MIL,False
717079,2023,131,PIT,ATL,-2.0,-1.6049625963443628,4.384918760982283,2023-08-08,6.0,8.0,0.34211875073622994,ATL,ATL,True,ATL,True
717080,2023,131,NYM,CHC,-1.0,-0.41938435398174123,4.384918760982283,2023-08-08,2.0,3.0,0.45768431102720214,CHC,CHC,True,CHC,False
717082,2023,131,PHI,WSH,4.0,1.6351090824603876,4.384918760982283,2023-08-08,8.0,4.0,0.6606824810248266,PHI,PHI,True,PHI,True
717083,2023,131,CIN,MIA,-1.0,-0.39646574569891846,4.384918760982283,2023-08-08,2.0,3.0,0.45998879420137256,MIA,MIA,True,MIA,False
717084,2023,131,BAL,HOU,-1.0,-0.12772914546642677,4.384918760982283,2023-08-08,6.0,7.0,0.48709017982123237,HOU,HOU,True,HOU,False
717085,2023,131,TB,STL,2.0,0.9278814288664752,4.384918760982283,2023-08-08,4.0,2.0,0.5929419600640632,TB,TB,True,TB,True
717096,2023,131,PHI,WSH,-1.0,1.2932508197303305,4.384918760982283,2023-08-08,4.0,5.0,0.6284313930276222,PHI,WSH,False,PHI,False
717054,2023,132,CWS,NYY,7.0,-0.638160357914134,4.384918760982283,2023-08-09,9.0,2.0,0.4357687443783321,NYY,CWS,False,NYY,False
717055,2023,132,SEA,SD,5.0,-0.022783540188313633,4.384918760982283,2023-08-09,6.0,1.0,0.49769683634014084,SD,SEA,False,SD,False
717057,2023,132,AZ,LAD,-2.0,-0.9695293463025374,4.384918760982283,2023-08-09,0.0,2.0,0.4029678036119819,LAD,LAD,True,LAD,True
717058,2023,132,PIT,ATL,-1.0,-1.990406982614798,4.384918760982283,2023-08-09,5.0,6.0,0.3070053573174164,ATL,ATL,True,ATL,False
717059,2023,132,BOS,KC,1.0,0.9531219125615679,4.384918760982283,2023-08-09,4.0,3.0,0.5954220651115509,BOS,BOS,True,BOS,False
717060,2023,132,CLE,TOR,-1.0,-0.7676223562928604,4.384918760982283,2023-08-09,0.0,1.0,0.42288799920865305,TOR,TOR,True,TOR,False
717061,2023,132,DET,MIN,4.0,-0.7652493473487225,4.384918760982283,2023-08-09,9.0,5.0,0.42312340389868114,MIN,DET,False,MIN,False
717062,2023,132,NYM,CHC,1.0,-0.3575351163999033,4.384918760982283,2023-08-09,4.0,3.0,0.46390633944161785,CHC,NYM,False,CHC,False
717063,2023,132,ATH,TEX,2.0,-1.810441546039403,4.384918760982283,2023-08-09,2.0,0.0,0.323205194784578,TEX,ATH,False,TEX,False
717064,2023,132,TB,STL,-2.0,0.8918500941024545,4.384918760982283,2023-08-09,4.0,6.0,0.5893951134969522,TB,STL,False,TB,False
717065,2023,132,MIL,COL,1.0,1.7676531801336666,4.384918760982283,2023-08-09,7.0,6.0,0.6728917578690946,MIL,MIL,True,MIL,False
717066,2023,132,PHI,WSH,7.0,1.2948951222129266,4.384918760982283,2023-08-09,7.0,0.0,0.6285889142087395,PHI,PHI,True,PHI,True
717067,2023,132,BAL,HOU,-6.0,0.13332339605046611,4.384918760982283,2023-08-09,2.0,8.0,0.5134750308352001,BAL,HOU,False,BAL,False
717070,2023,132,CIN,MIA,-1.0,-0.03483269681566617,4.384918760982283,2023-08-09,4.0,5.0,0.49647882616952554,MIA,MIA,True,MIA,False
717071,2023,132,LAA,SF,3.0,-0.10686997199985507,4.384918760982283,2023-08-09,4.0,1.0,0.4891978893332563,SF,LAA,False,SF,False
717045,2023,133,LAD,COL,1.0,2.442111177496584,4.384918760982283,2023-08-10,2.0,1.0,0.7319811327840178,LAD,LAD,True,LAD,False
717048,2023,133,TB,STL,-3.0,1.0574072770465885,4.384918760982283,2023-08-10,2.0,5.0,0.6056274099166914,TB,STL,False,TB,False
717049,2023,133,PHI,WSH,4.0,1.619973741659179,4.384918760982283,2023-08-10,6.0,2.0,0.6592771929734462,PHI,PHI,True,PHI,True
717050,2023,133,DET,MIN,3.0,-0.5752631295020948,4.384918760982283,2023-08-10,3.0,0.0,0.4420522316212924,MIN,DET,False,MIN,False
717051,2023,133,BOS,KC,2.0,1.1167678128865852,4.384918760982283,2023-08-10,2.0,0.0,0.611404686295687,BOS,BOS,True,BOS,True
717052,2023,133,CLE,TOR,1.0,-0.3434097547134891,4.384918760982283,2023-08-10,4.0,3.0,0.4653286445164737,TOR,CLE,False,TOR,False
717053,2023,133,BAL,HOU,1.0,-0.06084876381412313,4.384918760982283,2023-08-10,5.0,4.0,0.49384907322724253,HOU,BAL,False,HOU,False
717056,2023,133,PIT,ATL,2.0,-1.4322754364259604,4.384918760982283,2023-08-10,7.0,5.0,0.35832870834458547,ATL,PIT,False,ATL,False
717031,2023,134,SF,TEX,-1.0,-0.0649952241740809,4.384918760982283,2023-08-11,1.0,2.0,0.4934299629590864,TEX,TEX,True,TEX,False
717032,2023,134,LAD,COL,5.0,2.2689633958665025,4.384918760982283,2023-08-11,6.0,1.0,0.7173344665376777,LAD,LAD,True,LAD,True
717034,2023,134,SEA,BAL,7.0,0.2227311177325816,4.384918760982283,2023-08-11,9.0,2.0,0.5225038274262095,SEA,SEA,True,SEA,True
717035,2023,134,AZ,SD,-5.0,-0.30942287934906465,4.384918760982283,2023-08-11,5.0,10.0,0.4687526176766566,SD,SD,True,SD,True
717036,2023,134,CWS,MIL,-1.0,-1.2149163129258471,4.384918760982283,2023-08-11,6.0,7.0,0.37909738862769293,MIL,MIL,True,MIL,False
717037,2023,134,HOU,LAA,8.0,0.9145449448937077,4.384918760982283,2023-08-11,11.0,3.0,0.5916300171750037,HOU,HOU,True,HOU,True
717038,2023,134,TB,CLE,1.0,0.7571702673161431,4.384918760982283,2023-08-11,9.0,8.0,0.5760749385429612,TB,TB,True,TB,False
717039,2023,134,KC,STL,4.0,-0.7637823403814343,4.384918760982283,2023-08-11,12.0,8.0,0.42326894608683274,STL,KC,False,STL,False
717040,2023,134,NYM,ATL,-7.0,-0.8610166413164997,4.384918760982283,2023-08-11,0.0,7.0,0.41364589231409177,ATL,ATL,True,ATL,True
717041,2023,134,TOR,CHC,-4.0,0.6167426163959486,4.384918760982283,2023-08-11,2.0,6.0,0.5620933428068947,TOR,CHC,False,TOR,False
717042,2023,134,BOS,DET,3.0,0.48484347383298343,4.384918760982283,2023-08-11,5.0,2.0,0.5488895614058797,BOS,BOS,True,BOS,True
717043,2023,134,WSH,ATH,6.0,0.3679943380452647,4.384918760982283,2023-08-11,8.0,2.0,0.5371465200413905,WSH,WSH,True,WSH,True
717044,2023,134,PHI,MIN,11.0,0.5752730932167733,4.384918760982283,2023-08-11,13.0,2.0,0.5579487649610535,PHI,PHI,True,PHI,True
717046,2023,134,PIT,CIN,-7.0,-0.126646504528319,4.384918760982283,2023-08-11,2.0,9.0,0.4871995666171317,CIN,CIN,True,CIN,True
717047,2023,134,MIA,NYY,-5.0,-0.7415971177777302,4.384918760982283,2023-08-11,4.0,9.0,0.4254712139137633,NYY,NYY,True,NYY,True
717017,2023,135,LAD,COL,3.0,2.7405775392322096,4.384918760982283,2023-08-12,4.0,1.0,0.756298498363529,LAD,LAD,True,LAD,True
717018,2023,135,SEA,BAL,-1.0,0.2885237708763745,4.384918760982283,2023-08-12,0.0,1.0,0.5291407584897699,SEA,BAL,False,SEA,False
717019,2023,135,KC,STL,-1.0,-1.094366151763653,4.384918760982283,2023-08-12,4.0,5.0,0.3907727419751898,STL,STL,True,STL,False
717020,2023,135,AZ,SD,3.0,-0.25204480728879075,4.384918760982283,2023-08-12,3.0,0.0,0.47453822970342824,SD,AZ,False,SD,False
717022,2023,135,HOU,LAA,8.0,0.72013177050403,4.384918760982283,2023-08-12,11.0,3.0,0.572395762064422,HOU,HOU,True,HOU,True
717023,2023,135,CWS,MIL,-1.0,-0.8123120598060543,4.384918760982283,2023-08-12,2.0,3.0,0.41845997131724366,MIL,MIL,True,MIL,False
717024,2023,135,TB,CLE,1.0,0.6019792407920442,4.384918760982283,2023-08-12,6.0,5.0,0.5606186070137207,TB,TB,True,TB,False
717025,2023,135,MIA,NYY,2.0,-0.30067453078690887,4.384918760982283,2023-08-12,3.0,1.0,0.4696343455354912,NYY,MIA,False,NYY,False
717026,2023,135,TOR,CHC,-1.0,0.30687058939625406,4.384918760982283,2023-08-12,4.0,5.0,0.5309901579668949,TOR,CHC,False,TOR,False
717028,2023,135,PHI,MIN,-7.0,-0.10746037044114559,4.384918760982283,2023-08-12,1.0,8.0,0.48913822825698716,MIN,MIN,True,MIN,True
717029,2023,135,SF,TEX,-6.0,-0.5749731940736029,4.384918760982283,2023-08-12,3.0,9.0,0.44208123146110156,TEX,TEX,True,TEX,True
717030,2023,135,WSH,ATH,1.0,0.5223522176792084,4.384918760982283,2023-08-12,3.0,2.0,0.5526505403599554,WSH,WSH,True,WSH,False
717033,2023,135,BOS,DET,-4.0,0.7152210831242197,4.384918760982283,2023-08-12,2.0,6.0,0.5719074842894026,BOS,DET,False,BOS,False
718371,2023,135,NYM,ATL,-18.0,-0.9040939895463307,4.384918760982283,2023-08-12,3.0,21.0,0.4093987881601425,ATL,ATL,True,ATL,True
717021,2023,135,NYM,ATL,-6.0,-1.2461899667368135,4.384918760982283,2023-08-12,0.0,6.0,0.37608597265585136,ATL,ATL,True,ATL,True
717003,2023,136,AZ,SD,1.0,-0.1012864630137495,4.384918760982283,2023-08-13,5.0,4.0,0.4897621271066877,SD,AZ,False,SD,False
717004,2023,136,HOU,LAA,-1.0,0.9263342309494637,4.384918760982283,2023-08-13,1.0,2.0,0.5927898115416058,HOU,LAA,False,HOU,False
717005,2023,136,SEA,BAL,-2.0,0.38116253621274343,4.384918760982283,2023-08-13,3.0,5.0,0.5384717031008103,SEA,BAL,False,SEA,False
717006,2023,136,CWS,MIL,-4.0,-0.6943483048242924,4.384918760982283,2023-08-13,3.0,7.0,0.43016915060620003,MIL,MIL,True,MIL,True
717007,2023,136,LAD,COL,5.0,2.80057571506541,4.384918760982283,2023-08-13,8.0,3.0,0.7610389160777367,LAD,LAD,True,LAD,True
717008,2023,136,SF,TEX,1.0,-0.3389550387350101,4.384918760982283,2023-08-13,3.0,2.0,0.4657772896881218,TEX,SF,False,TEX,False
717009,2023,136,PHI,MIN,-3.0,0.024321040066256044,4.384918760982283,2023-08-13,0.0,3.0,0.5024585859692663,PHI,MIN,False,PHI,False
717010,2023,136,TB,CLE,-7.0,1.001634405275627,4.384918760982283,2023-08-13,2.0,9.0,0.6001780233625333,TB,CLE,False,TB,False
717011,2023,136,MIA,NYY,1.0,-1.167982006296368,4.384918760982283,2023-08-13,8.0,7.0,0.38363055586389005,NYY,MIA,False,NYY,False
717012,2023,136,TOR,CHC,7.0,0.3731083953611476,4.384918760982283,2023-08-13,11.0,4.0,0.5376612235397512,TOR,TOR,True,TOR,True
717013,2023,136,NYM,ATL,1.0,-1.0295300193347119,4.384918760982283,2023-08-13,7.0,6.0,0.3970938752428781,ATL,NYM,False,ATL,False
717014,2023,136,BOS,DET,3.0,0.7615663021147898,4.384918760982283,2023-08-13,6.0,3.0,0.5765111802622378,BOS,BOS,True,BOS,True
717015,2023,136,PIT,CIN,2.0,-0.010967367233393269,4.384918760982283,2023-08-13,4.0,2.0,0.4988913158688135,CIN,PIT,False,CIN,False
717016,2023,136,WSH,ATH,1.0,0.4522011850236717,4.384918760982283,2023-08-13,8.0,7.0,0.5456129511544117,WSH,WSH,True,WSH,False
717027,2023,136,PIT,CIN,-1.0,0.02436986427638825,4.384918760982283,2023-08-13,5.0,6.0,0.5024635214898444,PIT,CIN,False,PIT,False
716994,2023,137,KC,SEA,1.0,-1.6309116025774928,4.385009157455582,2023-08-14,7.0,6.0,0.3397101448191372,SEA,KC,False,SEA,False
716995,2023,137,STL,ATH,2.0,1.7119527875809275,4.385009157455582,2023-08-14,7.0,5.0,0.667779249904877,STL,STL,True,STL,True
716996,2023,137,SD,BAL,-3.0,-0.054874574640880414,4.385009157455582,2023-08-14,1.0,4.0,0.4944530503408582,BAL,BAL,True,BAL,True
716997,2023,137,TEX,LAA,12.0,1.097979601773237,4.385009157455582,2023-08-14,12.0,0.0,0.6095765156929844,TEX,TEX,True,TEX,True
716998,2023,137,COL,AZ,2.0,-1.2608863349868198,4.385009157455582,2023-08-14,6.0,4.0,0.37467590964879527,AZ,COL,False,AZ,False
716999,2023,137,SF,TB,-8.0,-0.33392098379772595,4.385009157455582,2023-08-14,2.0,10.0,0.46628502719147835,TB,TB,True,TB,True
717000,2023,137,MIA,HOU,4.0,-0.9020173059451426,4.385009157455582,2023-08-14,5.0,1.0,0.409605125402698,HOU,MIA,False,HOU,False
717001,2023,137,ATL,NYY,8.0,0.7751605019067103,4.385009157455582,2023-08-14,11.0,3.0,0.577858024270677,ATL,ATL,True,ATL,True
717002,2023,137,NYM,PIT,5.0,0.30760684853575526,4.385009157455582,2023-08-14,7.0,2.0,0.531063721722514,NYM,NYM,True,NYM,True
716978,2023,138,COL,AZ,-3.0,-0.6807922934235762,4.385009157455582,2023-08-15,5.0,8.0,0.4315202764637278,AZ,AZ,True,AZ,True
716979,2023,138,LAD,MIL,4.0,0.9357761849845709,4.385009157455582,2023-08-15,6.0,2.0,0.5937162006047796,LAD,LAD,True,LAD,True
716980,2023,138,SD,BAL,7.0,-0.13475601804453077,4.385009157455582,2023-08-15,10.0,3.0,0.48638051031057095,BAL,SD,False,BAL,False
716981,2023,138,KC,SEA,-2.0,-1.5605468797022284,4.385009157455582,2023-08-15,8.0,10.0,0.3462647377010949,SEA,SEA,True,SEA,True
716983,2023,138,MIN,DET,2.0,1.090232755385135,4.385009157455582,2023-08-15,5.0,3.0,0.6088229306296231,MIN,MIN,True,MIN,True
716984,2023,138,STL,ATH,4.0,1.2914374072014427,4.385009157455582,2023-08-15,6.0,2.0,0.6282550954918689,STL,STL,True,STL,True
716985,2023,138,TEX,LAA,4.0,1.4854365882488996,4.385009157455582,2023-08-15,7.0,3.0,0.6466874852141505,TEX,TEX,True,TEX,True
716986,2023,138,CHC,CWS,-2.0,0.786751309519506,4.385009157455582,2023-08-15,3.0,5.0,0.5790069909133586,CHC,CWS,False,CHC,False
716987,2023,138,ATL,NYY,5.0,0.9018298237545117,4.385009157455582,2023-08-15,5.0,0.0,0.5903764110287733,ATL,ATL,True,ATL,True
716988,2023,138,NYM,PIT,-3.0,0.3245730386694778,4.385009157455582,2023-08-15,4.0,7.0,0.5327732963112424,NYM,PIT,False,NYM,False
716989,2023,138,SF,TB,7.0,-0.7815293199867037,4.385009157455582,2023-08-15,7.0,0.0,0.42151056866841874,TB,SF,False,TB,False
716990,2023,138,TOR,PHI,1.0,0.40501816120090633,4.385009157455582,2023-08-15,2.0,1.0,0.5408704793709562,TOR,TOR,True,TOR,False
716991,2023,138,MIA,HOU,-1.0,-0.7852383629009658,4.385009157455582,2023-08-15,5.0,6.0,0.4211429455946154,HOU,HOU,True,HOU,False
716992,2023,138,CIN,CLE,-3.0,-0.5975974701516367,4.385009157455582,2023-08-15,0.0,3.0,0.4398204887171441,CLE,CLE,True,CLE,True
716993,2023,138,WSH,BOS,-1.0,-0.746317116938154,4.385009157455582,2023-08-15,4.0,5.0,0.4250040027150529,BOS,BOS,True,BOS,False
716962,2023,139,LAD,MIL,6.0,1.3368134013443456,4.385009157455582,2023-08-16,7.0,1.0,0.6325946395655546,LAD,LAD,True,LAD,True
716963,2023,139,KC,SEA,-1.0,-1.658527078790063,4.385009157455582,2023-08-16,5.0,6.0,0.3371507690754523,SEA,SEA,True,SEA,False
716965,2023,139,SD,BAL,3.0,-0.06734966763447364,4.385009157455582,2023-08-16,5.0,2.0,0.4931921272636605,BAL,SD,False,BAL,False
716967,2023,139,TOR,PHI,-5.0,0.48077759222493754,4.385009157455582,2023-08-16,4.0,9.0,0.548480613464289,TOR,PHI,False,TOR,False
716968,2023,139,CHC,CWS,1.0,0.3656281097007335,4.385009157455582,2023-08-16,4.0,3.0,0.5369075915736203,CHC,CHC,True,CHC,False
716969,2023,139,STL,ATH,-8.0,1.5064035819233181,4.385009157455582,2023-08-16,0.0,8.0,0.6486600599314492,STL,ATH,False,STL,False
716970,2023,139,ATL,NYY,2.0,0.7155989880783822,4.385009157455582,2023-08-16,2.0,0.0,0.5719435969692943,ATL,ATL,True,ATL,True
716971,2023,139,TEX,LAA,-2.0,1.6464673291146088,4.385009157455582,2023-08-16,0.0,2.0,0.6617324632116433,TEX,LAA,False,TEX,False
716972,2023,139,MIA,HOU,-7.0,-1.2767338207665293,4.385009157455582,2023-08-16,5.0,12.0,0.3731546194691809,HOU,HOU,True,HOU,True
716973,2023,139,CIN,CLE,5.0,-0.4506269727561663,4.385009157455582,2023-08-16,7.0,2.0,0.4545460804653761,CLE,CIN,False,CLE,False
716974,2023,139,NYM,PIT,5.0,0.3994885166554883,4.385009157455582,2023-08-16,8.0,3.0,0.5403143980703006,NYM,NYM,True,NYM,True
716975,2023,139,SF,TB,-5.0,-0.27718561149961307,4.385009157455582,2023-08-16,1.0,6.0,0.4720030458651226,TB,TB,True,TB,True
716976,2023,139,MIN,DET,-1.0,1.0790473473762496,4.385009157455582,2023-08-16,7.0,8.0,0.6077341343110833,MIN,DET,False,MIN,False
716977,2023,139,COL,AZ,-2.0,-0.4575554088654226,4.385009157455582,2023-08-16,7.0,9.0,0.45385032381198687,AZ,AZ,True,AZ,True
716982,2023,139,WSH,BOS,4.0,-0.8492752963411849,4.385009157455582,2023-08-16,6.0,2.0,0.41480700690767036,BOS,WSH,False,BOS,False
716957,2023,140,SD,AZ,-2.0,0.599823010149577,4.385009157455582,2023-08-17,1.0,3.0,0.5604019113162432,SD,AZ,False,SD,False
716958,2023,140,STL,NYM,-2.0,-0.40509640495555704,4.385009157455582,2023-08-17,2.0,4.0,0.4591216527217528,NYM,NYM,True,NYM,True
716961,2023,140,LAD,MIL,1.0,1.0233610886259372,4.385009157455582,2023-08-17,1.0,0.0,0.6023011894279088,LAD,LAD,True,LAD,False
716964,2023,140,KC,SEA,-2.0,-1.8606544338470663,4.385009157455582,2023-08-17,4.0,6.0,0.31865309436095507,SEA,SEA,True,SEA,True
716966,2023,140,WSH,BOS,3.0,-1.1677427917921512,4.385009157455582,2023-08-17,10.0,7.0,0.3836560312047558,BOS,WSH,False,BOS,False
716942,2023,141,SD,AZ,4.0,0.5726435294661758,4.385009157455582,2023-08-18,4.0,0.0,0.5576845593641722,SD,SD,True,SD,True
716944,2023,141,ATH,BAL,-5.0,-1.537484646233116,4.385009157455582,2023-08-18,4.0,9.0,0.34842320024446316,BAL,BAL,True,BAL,True
716945,2023,141,LAA,TB,-3.0,-0.6996386749104262,4.385009157455582,2023-08-18,6.0,9.0,0.4296440612740092,TB,TB,True,TB,True
716946,2023,141,LAD,MIA,-8.0,1.211689248923428,4.385009157455582,2023-08-18,3.0,11.0,0.6205890391329517,LAD,MIA,False,LAD,False
716947,2023,141,COL,CWS,13.0,-0.40059570597656396,4.385009157455582,2023-08-18,14.0,1.0,0.45957425256784307,CWS,COL,False,CWS,False
716948,2023,141,HOU,SEA,-2.0,0.1862503842088333,4.385009157455582,2023-08-18,0.0,2.0,0.5188205815764826,HOU,SEA,False,HOU,False
716949,2023,141,ATL,SF,4.0,1.3377347041895038,4.385009157455582,2023-08-18,4.0,0.0,0.6326825755791767,ATL,ATL,True,ATL,True
716950,2023,141,TEX,MIL,-1.0,0.4502945918021782,4.385009157455582,2023-08-18,8.0,9.0,0.5454205381673614,TEX,MIL,False,TEX,False
716951,2023,141,MIN,PIT,4.0,1.1208204783945892,4.385009157455582,2023-08-18,5.0,1.0,0.6117959881547831,MIN,MIN,True,MIN,True
716952,2023,141,STL,NYM,-6.0,0.3018299921469082,4.385009157455582,2023-08-18,1.0,7.0,0.530481492480293,STL,NYM,False,STL,False
716953,2023,141,NYY,BOS,-5.0,0.3705146743542663,4.385009157455582,2023-08-18,3.0,8.0,0.5373994179833427,NYY,BOS,False,NYY,False
716954,2023,141,CIN,TOR,1.0,-1.1762837179760754,4.385009157455582,2023-08-18,1.0,0.0,0.38282989651251553,TOR,CIN,False,TOR,False
716955,2023,141,CHC,KC,-1.0,1.3682424221725746,4.385009157455582,2023-08-18,3.0,4.0,0.635590504004422,CHC,KC,False,CHC,False
716956,2023,141,CLE,DET,-2.0,0.8813486904384107,4.385009157455582,2023-08-18,2.0,4.0,0.5883581954314153,CLE,DET,False,CLE,False
716960,2023,141,WSH,PHI,1.0,-1.1282497445154844,4.385009157455582,2023-08-18,8.0,7.0,0.38748288441690576,PHI,WSH,False,PHI,False
716959,2023,141,CLE,DET,3.0,1.12032224593766,4.385009157455582,2023-08-18,4.0,1.0,0.6117476130136665,CLE,CLE,True,CLE,True
716909,2023,142,LAD,MIA,2.0,2.6168054419678506,4.385009157455582,2023-08-19,3.0,1.0,0.7463566695729051,LAD,LAD,True,LAD,True
716915,2023,142,LAA,TB,1.0,-1.074213324022493,4.385009157455582,2023-08-19,7.0,6.0,0.3927366749756933,TB,LAA,False,TB,False
716919,2023,142,SD,AZ,-2.0,0.6413542689497196,4.385009157455582,2023-08-19,4.0,6.0,0.5645485926920407,SD,AZ,False,SD,False
716930,2023,142,ATH,BAL,-5.0,-2.0102654971506504,4.385009157455582,2023-08-19,2.0,7.0,0.3052435562519362,BAL,BAL,True,BAL,True
716932,2023,142,HOU,SEA,-7.0,0.2339568950191702,4.385009157455582,2023-08-19,3.0,10.0,0.5236362504291091,HOU,SEA,False,HOU,False
716933,2023,142,COL,CWS,6.0,-0.6640367331617336,4.385009157455582,2023-08-19,11.0,5.0,0.4331896437123425,CWS,COL,False,CWS,False
716934,2023,142,ATL,SF,1.0,0.8828418575971047,4.385009157455582,2023-08-19,6.0,5.0,0.5885054121857715,ATL,ATL,True,ATL,False
716935,2023,142,CIN,TOR,-1.0,-0.86679528377716,4.385009157455582,2023-08-19,3.0,4.0,0.4130773260317894,TOR,TOR,True,TOR,False
716936,2023,142,MIN,PIT,-3.0,1.0743036973928535,4.385009157455582,2023-08-19,4.0,7.0,0.6072721283730522,MIN,PIT,False,MIN,False
716937,2023,142,CHC,KC,2.0,1.3277396278243812,4.385009157455582,2023-08-19,6.0,4.0,0.6317282001175362,CHC,CHC,True,CHC,True
716938,2023,142,TEX,MIL,-5.0,0.7417997215941972,4.385009157455582,2023-08-19,1.0,6.0,0.5745473898564347,TEX,MIL,False,TEX,False
716939,2023,142,CLE,DET,-1.0,0.9933605584739891,4.385009157455582,2023-08-19,3.0,4.0,0.5993659144585372,CLE,DET,False,CLE,False
716940,2023,142,STL,NYM,-11.0,0.4657199818079697,4.385009157455582,2023-08-19,2.0,13.0,0.5469693843435525,STL,NYM,False,STL,False
716941,2023,142,WSH,PHI,-9.0,-0.9328619397014033,4.385009157455582,2023-08-19,3.0,12.0,0.40657025172338945,PHI,PHI,True,PHI,True
716943,2023,142,NYY,BOS,-7.0,0.5217989595497032,4.385009157455582,2023-08-19,1.0,8.0,0.5525940211026229,NYY,BOS,False,NYY,False
716925,2023,142,LAA,TB,-14.0,-1.2468173738345338,4.385009157455582,2023-08-19,4.0,18.0,0.37602810635967016,TB,TB,True,TB,True
716926,2023,142,LAD,MIA,2.0,1.5968263326430754,4.385009157455582,2023-08-19,3.0,1.0,0.6571206566961822,LAD,LAD,True,LAD,True
716931,2023,142,SD,AZ,-7.0,0.9986604287666105,4.385009157455582,2023-08-19,1.0,8.0,0.5998848712279732,SD,AZ,False,SD,False
716914,2023,143,ATH,BAL,-11.0,-1.6178717406747758,4.385009157455582,2023-08-20,1.0,12.0,0.34092124919483746,BAL,BAL,True,BAL,True
716916,2023,143,COL,CWS,-5.0,-0.6929876282247918,4.385009157455582,2023-08-20,5.0,10.0,0.43030601425397214,CWS,CWS,True,CWS,True
716917,2023,143,CHC,KC,1.0,1.355104919196363,4.385009157455582,2023-08-20,4.0,3.0,0.6343392113938422,CHC,CHC,True,CHC,False
716918,2023,143,TEX,MIL,-4.0,0.5446432892005391,4.385009157455582,2023-08-20,2.0,6.0,0.5548823096647658,TEX,MIL,False,TEX,False
716920,2023,143,HOU,SEA,-1.0,0.09736302477451034,4.385009157455582,2023-08-20,6.0,7.0,0.5098411772993514,HOU,SEA,False,HOU,False
716921,2023,143,STL,NYM,4.0,0.36440486990376675,4.385009157455582,2023-08-20,7.0,3.0,0.5367844652116563,STL,STL,True,STL,True
716922,2023,143,CLE,DET,-3.0,0.9438689172452503,4.385009157455582,2023-08-20,1.0,4.0,0.5945114027827594,CLE,DET,False,CLE,False
716923,2023,143,MIN,PIT,2.0,0.6907691802495981,4.385009157455582,2023-08-20,2.0,0.0,0.5694731485269554,MIN,MIN,True,MIN,True
716924,2023,143,CIN,TOR,-7.0,-0.6792142910660901,4.385009157455582,2023-08-20,3.0,10.0,0.43167744217623627,TOR,TOR,True,TOR,True
716927,2023,143,ATL,SF,-1.0,1.230243857333119,4.385009157455582,2023-08-20,3.0,4.0,0.6223770253351714,ATL,SF,False,ATL,False
716928,2023,143,NYY,BOS,-1.0,0.5258284193636458,4.385009157455582,2023-08-20,5.0,6.0,0.5529977765706099,NYY,BOS,False,NYY,False
716929,2023,143,WSH,PHI,1.0,-1.6422280575205495,4.385009157455582,2023-08-20,4.0,3.0,0.33866044446238386,PHI,WSH,False,PHI,False
716904,2023,144,ATH,KC,2.0,-0.27537243888786755,4.388814895066544,2023-08-21,6.0,4.0,0.4722099659901395,KC,ATH,False,KC,False
716905,2023,144,CWS,SEA,-12.0,-1.649146915584063,4.388814895066544,2023-08-21,2.0,14.0,0.33815175970014977,SEA,SEA,True,SEA,True
716906,2023,144,AZ,TEX,1.0,-0.9234664206444085,4.388814895066544,2023-08-21,4.0,3.0,0.40757287747780624,TEX,AZ,False,TEX,False
716907,2023,144,SD,MIA,4.0,0.9998659823673521,4.388814895066544,2023-08-21,6.0,2.0,0.5999180132074868,SD,SD,True,SD,True
716908,2023,144,HOU,BOS,5.0,0.28951296851813935,4.388814895066544,2023-08-21,9.0,4.0,0.5292145766392579,HOU,HOU,True,HOU,True
716910,2023,144,ATL,NYM,-6.0,1.8761075637473346,4.388814895066544,2023-08-21,4.0,10.0,0.6825965160210741,ATL,NYM,False,ATL,False
716911,2023,144,PHI,SF,6.0,0.0997117147125915,4.388814895066544,2023-08-21,10.0,4.0,0.5100697885904876,PHI,PHI,True,PHI,True
716912,2023,144,PIT,STL,10.0,-0.6986800913355626,4.388814895066544,2023-08-21,11.0,1.0,0.4297997462561165,STL,PIT,False,STL,False
716913,2023,144,DET,CHC,-1.0,-0.7942336575373248,4.388814895066544,2023-08-21,6.0,7.0,0.42031988594621095,CHC,CHC,True,CHC,False
716887,2023,145,SD,MIA,-3.0,0.5576125424205518,4.388814895066544,2023-08-22,0.0,3.0,0.556132221739294,SD,MIA,False,SD,False
716888,2023,145,ATH,KC,1.0,-0.38263916557370947,4.388814895066544,2023-08-22,5.0,4.0,0.4614139001710541,KC,ATH,False,KC,False
716889,2023,145,AZ,TEX,3.0,-0.8628306388250804,4.388814895066544,2023-08-22,6.0,3.0,0.4135424425778086,TEX,AZ,False,TEX,False
716891,2023,145,ATL,NYM,1.0,1.527123557510851,4.388814895066544,2023-08-22,3.0,2.0,0.6504812538362477,ATL,ATL,True,ATL,False
716892,2023,145,LAA,CIN,-1.0,-0.1973324645533573,4.388814895066544,2023-08-22,3.0,4.0,0.4800777581977523,CIN,CIN,True,CIN,False
716893,2023,145,CWS,SEA,-3.0,-1.2025522184241082,4.388814895066544,2023-08-22,3.0,6.0,0.380393022782859,SEA,SEA,True,SEA,True
716894,2023,145,MIL,MIN,4.0,-0.02226789587785878,4.388814895066544,2023-08-22,7.0,3.0,0.4977509600306732,MIN,MIL,False,MIN,False
716895,2023,145,HOU,BOS,4.0,0.8526026260418447,4.388814895066544,2023-08-22,7.0,3.0,0.5854486011988397,HOU,HOU,True,HOU,True
716896,2023,145,DET,CHC,2.0,-0.5812102059374136,4.388814895066544,2023-08-22,8.0,6.0,0.4415090600407359,CHC,DET,False,CHC,False
716897,2023,145,CLE,LAD,5.0,-1.3393650100508383,4.388814895066544,2023-08-22,8.0,3.0,0.36727267344239944,LAD,CLE,False,LAD,False
716898,2023,145,TB,COL,8.0,2.1264170260751922,4.388814895066544,2023-08-22,12.0,4.0,0.704829692503774,TB,TB,True,TB,True
716899,2023,145,PHI,SF,1.0,0.08169121446275418,4.388814895066544,2023-08-22,4.0,3.0,0.5082502039628161,PHI,PHI,True,PHI,False
716900,2023,145,NYY,WSH,-1.0,0.9957523408493094,4.388814895066544,2023-08-22,1.0,2.0,0.5995155838089381,NYY,WSH,False,NYY,False
716901,2023,145,PIT,STL,3.0,-0.08381770439097802,4.388814895066544,2023-08-22,6.0,3.0,0.49153506822319937,STL,PIT,False,STL,False
716902,2023,145,BAL,TOR,-3.0,-0.25209627115455674,4.388814895066544,2023-08-22,3.0,6.0,0.47455561523992773,TOR,TOR,True,TOR,True
716874,2023,146,BAL,TOR,7.0,-0.4588819280946718,4.388814895066544,2023-08-23,7.0,0.0,0.45375708387894015,TOR,BAL,False,TOR,False
716876,2023,146,ATL,NYM,7.0,1.1423084917944746,4.388814895066544,2023-08-23,7.0,0.0,0.6137846475879376,ATL,ATL,True,ATL,True
716877,2023,146,NYY,WSH,8.0,0.6757619298104494,4.388814895066544,2023-08-23,9.0,1.0,0.5679202980003035,NYY,NYY,True,NYY,True
716878,2023,146,HOU,BOS,-2.0,0.3489218456633693,4.388814895066544,2023-08-23,5.0,7.0,0.5351952396960783,HOU,BOS,False,HOU,False
716879,2023,146,PHI,SF,-2.0,0.603696332874528,4.388814895066544,2023-08-23,6.0,8.0,0.5607366266749226,PHI,SF,False,PHI,False
716880,2023,146,TB,COL,1.0,2.0785305407231442,4.388814895066544,2023-08-23,6.0,5.0,0.7006320198334464,TB,TB,True,TB,False
716881,2023,146,CWS,SEA,1.0,-2.3716591576088266,4.388814895066544,2023-08-23,5.0,4.0,0.27410979543452385,SEA,CWS,False,SEA,False
716882,2023,146,MIL,MIN,1.0,0.366086889076271,4.388814895066544,2023-08-23,8.0,7.0,0.5369218169572786,MIL,MIL,True,MIL,False
716883,2023,146,SD,MIA,4.0,0.23512175896000945,4.388814895066544,2023-08-23,4.0,0.0,0.5237332220905476,SD,SD,True,SD,True
716884,2023,146,ATH,KC,-4.0,-0.49798927884292427,4.388814895066544,2023-08-23,0.0,4.0,0.44983613556810537,KC,KC,True,KC,True
716885,2023,146,DET,CHC,-2.0,-0.38263774099433256,4.388814895066544,2023-08-23,4.0,6.0,0.46141404337968406,CHC,CHC,True,CHC,True
716886,2023,146,PIT,STL,-2.0,-0.7803750919442669,4.388814895066544,2023-08-23,4.0,6.0,0.42169206679606375,STL,STL,True,STL,True
716890,2023,146,LAA,CIN,-5.0,0.04063242944602236,4.388814895066544,2023-08-23,4.0,9.0,0.5041037927763645,LAA,CIN,False,LAA,False
716903,2023,146,LAA,CIN,-4.0,-0.2724382465562961,4.388814895066544,2023-08-23,3.0,7.0,0.4725056070013101,CIN,CIN,True,CIN,True
716864,2023,147,CWS,ATH,-3.0,0.8969498706141237,4.388814895066544,2023-08-24,5.0,8.0,0.5898191331044869,CWS,ATH,False,CWS,False
716865,2023,147,BAL,TOR,2.0,-0.10225024539775276,4.388814895066544,2023-08-24,5.0,3.0,0.48967390422573676,TOR,BAL,False,TOR,False
716867,2023,147,MIN,TEX,2.0,-0.391881065480545,4.388814895066544,2023-08-24,7.0,5.0,0.4604849462404983,TEX,MIN,False,TEX,False
716868,2023,147,AZ,CIN,1.0,0.2319599101224193,4.388814895066544,2023-08-24,3.0,2.0,0.5234144338583787,AZ,AZ,True,AZ,False
716869,2023,147,TB,COL,2.0,2.3421524612426814,4.388814895066544,2023-08-24,5.0,3.0,0.7233960346443384,TB,TB,True,TB,True
716870,2023,147,PIT,CHC,-1.0,-0.9985058576920383,4.388814895066544,2023-08-24,4.0,5.0,0.4002150333761818,CHC,CHC,True,CHC,False
716871,2023,147,CLE,LAD,-6.0,-1.5115242850062194,4.388814895066544,2023-08-24,3.0,9.0,0.35098192361958747,LAD,LAD,True,LAD,True
716872,2023,147,NYY,WSH,-1.0,1.2201008853083017,4.388814895066544,2023-08-24,5.0,6.0,0.6212979715305047,NYY,WSH,False,NYY,False
716873,2023,147,HOU,BOS,-16.0,0.7022557020818692,4.388814895066544,2023-08-24,1.0,17.0,0.5705557553801673,HOU,BOS,False,HOU,False
716875,2023,147,CLE,LAD,-5.0,-1.2294483782605594,4.388814895066544,2023-08-24,1.0,6.0,0.37780224619880876,LAD,LAD,True,LAD,True
716850,2023,148,MIN,TEX,10.0,-0.39666663524346824,4.388814895066544,2023-08-25,12.0,2.0,0.4600040068499486,TEX,MIN,False,TEX,False
716851,2023,148,AZ,CIN,2.0,0.302555545827745,4.388814895066544,2023-08-25,10.0,8.0,0.5305281786353053,AZ,AZ,True,AZ,True
716852,2023,148,SF,ATL,-4.0,-1.1232848813322225,4.388814895066544,2023-08-25,1.0,5.0,0.3880593186471455,ATL,ATL,True,ATL,True
716853,2023,148,SEA,KC,2.0,1.8601140780229368,4.388814895066544,2023-08-25,7.0,5.0,0.6811521014732931,SEA,SEA,True,SEA,True
716854,2023,148,TB,NYY,-4.0,1.069715498139174,4.388814895066544,2023-08-25,2.0,6.0,0.6067347293704316,TB,NYY,False,TB,False
716855,2023,148,NYM,LAA,-2.0,0.3389412610971793,4.388814895066544,2023-08-25,1.0,3.0,0.5341910174935115,NYM,LAA,False,NYM,False
716856,2023,148,CWS,ATH,-8.0,0.635470947874416,4.388814895066544,2023-08-25,4.0,12.0,0.5639066070716485,CWS,ATH,False,CWS,False
716857,2023,148,MIL,SD,4.0,-0.2072700925722858,4.388814895066544,2023-08-25,7.0,3.0,0.47907537607700434,SD,MIL,False,SD,False
716858,2023,148,DET,HOU,3.0,-1.128747234381243,4.388814895066544,2023-08-25,4.0,1.0,0.3875295901835086,HOU,DET,False,HOU,False
716859,2023,148,BAL,COL,1.0,1.8887777546113895,4.388814895066544,2023-08-25,5.0,4.0,0.683738825680174,BAL,BAL,True,BAL,False
716860,2023,148,TOR,CLE,-3.0,0.596256492761698,4.388814895066544,2023-08-25,2.0,5.0,0.5599938234688369,TOR,CLE,False,TOR,False
716861,2023,148,PHI,STL,5.0,0.41851065647137586,4.388814895066544,2023-08-25,7.0,2.0,0.5421905163124301,PHI,PHI,True,PHI,True
716862,2023,148,PIT,CHC,1.0,-0.5804464847895323,4.388814895066544,2023-08-25,2.0,1.0,0.4415853662241627,CHC,PIT,False,CHC,False
716863,2023,148,MIA,WSH,-3.0,0.9898673931932043,4.388814895066544,2023-08-25,4.0,7.0,0.5989396874283146,MIA,WSH,False,MIA,False
716866,2023,148,BOS,LAD,-3.0,-0.8195291387884034,4.388814895066544,2023-08-25,4.0,7.0,0.41781780617990594,LAD,LAD,True,LAD,True
716832,2023,149,SEA,KC,13.0,1.877304713942813,4.388814895066544,2023-08-26,15.0,2.0,0.6827045224501729,SEA,SEA,True,SEA,True
716833,2023,149,AZ,CIN,-1.0,-0.17870778076176824,4.388814895066544,2023-08-26,7.0,8.0,0.4819567149239022,CIN,CIN,True,CIN,False
716837,2023,149,BAL,COL,1.0,2.055879157013369,4.388814895066544,2023-08-26,5.0,4.0,0.6986370396282697,BAL,BAL,True,BAL,False
716838,2023,149,MIL,SD,1.0,-0.10563677854027231,4.388814895066544,2023-08-26,5.0,4.0,0.48933198364991093,SD,MIL,False,SD,False
716839,2023,149,MIN,TEX,-4.0,-0.6853053170914509,4.388814895066544,2023-08-26,2.0,6.0,0.43113002268016537,TEX,TEX,True,TEX,True
716840,2023,149,NYM,LAA,-2.0,0.3636926794918227,4.388814895066544,2023-08-26,3.0,5.0,0.5366810319988634,NYM,LAA,False,NYM,False
716841,2023,149,CWS,ATH,4.0,0.24501481237650435,4.388814895066544,2023-08-26,6.0,2.0,0.5247305739549321,CWS,CWS,True,CWS,True
716842,2023,149,PIT,CHC,-4.0,-0.583248639397713,4.388814895066544,2023-08-26,6.0,10.0,0.44130540330838586,CHC,CHC,True,CHC,True
716843,2023,149,DET,HOU,-7.0,-0.8671714731821079,4.388814895066544,2023-08-26,2.0,9.0,0.4131144071526346,HOU,HOU,True,HOU,True
716844,2023,149,MIA,WSH,-1.0,0.4008922531222989,4.388814895066544,2023-08-26,2.0,3.0,0.5404206099695514,MIA,WSH,False,MIA,False
716845,2023,149,TB,NYY,3.0,1.0411397351595957,4.388814895066544,2023-08-26,3.0,0.0,0.6039498032465686,TB,TB,True,TB,True
716846,2023,149,TOR,CLE,5.0,0.6633022927876748,4.388814895066544,2023-08-26,8.0,3.0,0.566679827415273,TOR,TOR,True,TOR,True
716847,2023,149,PHI,STL,11.0,0.8077618436502749,4.388814895066544,2023-08-26,12.0,1.0,0.5810186497205097,PHI,PHI,True,PHI,True
716848,2023,149,SF,ATL,-4.0,-1.0728022068584475,4.388814895066544,2023-08-26,3.0,7.0,0.39296477111691885,ATL,ATL,True,ATL,True
716849,2023,149,BOS,LAD,3.0,-1.070185232152235,4.388814895066544,2023-08-26,8.0,5.0,0.39321953663498316,LAD,BOS,False,LAD,False
716819,2023,150,SF,ATL,3.0,-1.1142844341978153,4.388814895066544,2023-08-27,8.0,5.0,0.3889326187353774,ATL,SF,False,ATL,False
716820,2023,150,SEA,KC,1.0,2.319476581327149,4.388814895066544,2023-08-27,3.0,2.0,0.7214717374632565,SEA,SEA,True,SEA,False
716821,2023,150,AZ,CIN,3.0,0.1641663171198846,4.388814895066544,2023-08-27,5.0,2.0,0.5165759844195446,AZ,AZ,True,AZ,True
716822,2023,150,MIL,SD,4.0,-0.007699617959642052,4.388814895066544,2023-08-27,10.0,6.0,0.4992223410153154,SD,MIL,False,SD,False
716824,2023,150,MIN,TEX,1.0,-0.4386755264182762,4.388814895066544,2023-08-27,7.0,6.0,0.4557847932214311,TEX,MIN,False,TEX,False
716825,2023,150,TOR,CLE,-3.0,0.967313332034895,4.388814895066544,2023-08-27,7.0,10.0,0.5967305835682173,TOR,CLE,False,TOR,False
716826,2023,150,CWS,ATH,5.0,0.6822640862334717,4.388814895066544,2023-08-27,6.0,1.0,0.5685673820186061,CWS,CWS,True,CWS,True
716827,2023,150,MIA,WSH,1.0,1.2537554485415634,4.388814895066544,2023-08-27,2.0,1.0,0.6245344203863621,MIA,MIA,True,MIA,False
716828,2023,150,TB,NYY,3.0,1.2506947455069743,4.388814895066544,2023-08-27,7.0,4.0,0.6242404407732094,TB,TB,True,TB,True
716829,2023,150,NYM,LAA,1.0,0.2361765759559343,4.388814895066544,2023-08-27,3.0,2.0,0.5238395689182328,NYM,NYM,True,NYM,False
716830,2023,150,DET,HOU,-13.0,-1.4829686830372641,4.388814895066544,2023-08-27,4.0,17.0,0.3536660954555149,HOU,HOU,True,HOU,True
716831,2023,150,BOS,LAD,-3.0,-1.3949746631277253,4.388814895066544,2023-08-27,4.0,7.0,0.36198271125096343,LAD,LAD,True,LAD,True
716834,2023,150,PIT,CHC,-9.0,-0.4397804173033329,4.388814895066544,2023-08-27,1.0,10.0,0.4556738873299933,CHC,CHC,True,CHC,True
716835,2023,150,PHI,STL,3.0,1.048996497637984,4.388814895066544,2023-08-27,3.0,0.0,0.6047160402766417,PHI,PHI,True,PHI,True
716836,2023,150,BAL,COL,-1.0,1.4602482500142389,4.388814895066544,2023-08-27,3.0,4.0,0.6441930100511594,BAL,COL,False,BAL,False
716804,2023,151,SEA,ATH,7.0,2.6458911304487804,4.39191518845318,2023-08-28,7.0,0.0,0.7483748150553697,SEA,SEA,True,SEA,True
716805,2023,151,LAD,AZ,3.0,1.466819386935342,4.39191518845318,2023-08-28,7.0,4.0,0.6447150482625248,LAD,LAD,True,LAD,True
716808,2023,151,DET,NYY,-3.0,-0.575370024548531,4.39191518845318,2023-08-28,1.0,4.0,0.44213321831975877,NYY,NYY,True,NYY,True
716809,2023,151,STL,SD,-3.0,-1.049506691581909,4.39191518845318,2023-08-28,1.0,4.0,0.39530644951554966,SD,SD,True,SD,True
716810,2023,151,CHC,MIL,-4.0,0.2178585906285369,4.39191518845318,2023-08-28,2.0,6.0,0.5219770028153073,CHC,MIL,False,CHC,False
716811,2023,151,KC,PIT,-5.0,-0.4649033404509417,4.39191518845318,2023-08-28,0.0,5.0,0.45318598410432204,PIT,PIT,True,PIT,True
716812,2023,151,COL,ATL,-10.0,-1.9219471879929915,4.39191518845318,2023-08-28,4.0,14.0,0.31340076410438944,ATL,ATL,True,ATL,True
716813,2023,151,MIN,CLE,4.0,0.08586474510267655,4.39191518845318,2023-08-28,10.0,6.0,0.5086655142606954,MIN,MIN,True,MIN,True
716814,2023,151,BOS,HOU,-8.0,0.3403367624533178,4.39191518845318,2023-08-28,5.0,13.0,0.5343072676635229,BOS,HOU,False,BOS,False
716815,2023,151,BAL,CWS,9.0,2.042835533613337,4.39191518845318,2023-08-28,9.0,0.0,0.6973581099380655,BAL,BAL,True,BAL,True
716816,2023,151,TOR,WSH,3.0,1.952174985375536,4.39191518845318,2023-08-28,6.0,3.0,0.6893048762202353,TOR,TOR,True,TOR,True
716817,2023,151,PHI,LAA,2.0,0.9578323213190382,4.39191518845318,2023-08-28,6.0,4.0,0.5957347067236555,PHI,PHI,True,PHI,True
716818,2023,151,NYM,TEX,-1.0,-0.9490863723610415,4.39191518845318,2023-08-28,3.0,4.0,0.405122697744109,TEX,TEX,True,TEX,False
716823,2023,151,SF,CIN,3.0,0.34322095947779135,4.39191518845318,2023-08-28,4.0,1.0,0.534597279035712,SF,SF,True,SF,True
716790,2023,152,SEA,ATH,-2.0,2.2523724628083506,4.39191518845318,2023-08-29,1.0,3.0,0.7156028049500707,SEA,ATH,False,SEA,False
716791,2023,152,COL,ATL,-2.0,-2.1597290675144163,4.39191518845318,2023-08-29,1.0,3.0,0.29239890809693514,ATL,ATL,True,ATL,True
716792,2023,152,LAD,AZ,8.0,1.5189419502714285,4.39191518845318,2023-08-29,9.0,1.0,0.6496135318750326,LAD,LAD,True,LAD,True
716793,2023,152,KC,PIT,-3.0,-0.5292642944747586,4.39191518845318,2023-08-29,3.0,6.0,0.4467413657814715,PIT,PIT,True,PIT,True
716795,2023,152,DET,NYY,-2.0,-0.39858897244437264,4.39191518845318,2023-08-29,2.0,4.0,0.459839106400381,NYY,NYY,True,NYY,True
716796,2023,152,MIN,CLE,-2.0,0.4245170316715887,4.39191518845318,2023-08-29,2.0,4.0,0.5427636217909694,MIN,CLE,False,MIN,False
716797,2023,152,STL,SD,1.0,-0.7163493085476546,4.39191518845318,2023-08-29,6.0,5.0,0.4280938021448421,SD,STL,False,SD,False
716798,2023,152,CHC,MIL,1.0,0.3374270658341907,4.39191518845318,2023-08-29,1.0,0.0,0.5340146737969084,CHC,CHC,True,CHC,False
716799,2023,152,NYM,TEX,-1.0,-0.48713180895356256,4.39191518845318,2023-08-29,1.0,2.0,0.45095871169394114,TEX,TEX,True,TEX,False
716800,2023,152,BAL,CWS,6.0,1.3203363087649356,4.39191518845318,2023-08-29,9.0,3.0,0.6308223052470523,BAL,BAL,True,BAL,True
716801,2023,152,TOR,WSH,-1.0,1.7325685138699167,4.39191518845318,2023-08-29,4.0,5.0,0.669423813836728,TOR,WSH,False,TOR,False
716802,2023,152,BOS,HOU,-4.0,-0.2991614707149496,4.39191518845318,2023-08-29,2.0,6.0,0.46983489730447936,HOU,HOU,True,HOU,True
716803,2023,152,SF,CIN,5.0,0.2817041655141379,4.39191518845318,2023-08-29,6.0,1.0,0.5284079151066237,SF,SF,True,SF,True
716806,2023,152,PHI,LAA,5.0,0.9451285338047926,4.39191518845318,2023-08-29,12.0,7.0,0.5944891476642309,PHI,PHI,True,PHI,True
716807,2023,152,MIA,TB,-9.0,-1.1505500349351436,4.39191518845318,2023-08-29,2.0,11.0,0.3854959163390369,TB,TB,True,TB,True
716773,2023,153,COL,ATL,-4.0,-2.1418244961336828,4.39191518845318,2023-08-30,3.0,7.0,0.29395733342157626,ATL,ATL,True,ATL,True
716774,2023,153,LAD,AZ,7.0,1.3968366984148821,4.39191518845318,2023-08-30,7.0,0.0,0.6381004117934299,LAD,LAD,True,LAD,True
716778,2023,153,MIA,TB,-3.0,-1.8255424719065272,4.39191518845318,2023-08-30,0.0,3.0,0.32209652845234626,TB,TB,True,TB,True
716779,2023,153,CHC,MIL,1.0,-0.059422534690919626,4.39191518845318,2023-08-30,3.0,2.0,0.49400280146694,MIL,CHC,False,MIL,False
716780,2023,153,KC,PIT,-3.0,-0.6249546973863431,4.39191518845318,2023-08-30,1.0,4.0,0.4371861012405547,PIT,PIT,True,PIT,True
716781,2023,153,DET,NYY,-4.0,-1.0024784664624413,4.39191518845318,2023-08-30,2.0,6.0,0.39989567741375137,NYY,NYY,True,NYY,True
716782,2023,153,STL,SD,1.0,-0.4127981698947357,4.39191518845318,2023-08-30,5.0,4.0,0.45841252864611093,SD,STL,False,SD,False
716783,2023,153,NYM,TEX,1.0,-0.7660668578969397,4.39191518845318,2023-08-30,6.0,5.0,0.4231633699729749,TEX,NYM,False,TEX,False
716784,2023,153,MIN,CLE,-3.0,0.47481453581514654,4.39191518845318,2023-08-30,2.0,5.0,0.5478072948785222,MIN,CLE,False,MIN,False
716785,2023,153,TOR,WSH,7.0,1.9210247470014343,4.39191518845318,2023-08-30,7.0,0.0,0.6865165106228039,TOR,TOR,True,TOR,True
716786,2023,153,BAL,CWS,-5.0,1.5439578629955282,4.39191518845318,2023-08-30,5.0,10.0,0.6519557813306506,BAL,CWS,False,BAL,False
716787,2023,153,PHI,LAA,-2.0,1.4827093662263398,4.39191518845318,2023-08-30,8.0,10.0,0.6462109700271587,PHI,LAA,False,PHI,False
716788,2023,153,SEA,ATH,1.0,2.647714223113069,4.39191518845318,2023-08-30,5.0,4.0,0.7485218623296557,SEA,SEA,True,SEA,False
716789,2023,153,SF,CIN,-3.0,0.8886579255353584,4.39191518845318,2023-08-30,1.0,4.0,0.5889409952427517,SF,CIN,False,SF,False
716794,2023,153,BOS,HOU,-3.0,-0.3009138162036471,4.39191518845318,2023-08-30,4.0,7.0,0.46965854457628964,HOU,HOU,True,HOU,True
716768,2023,154,LAD,ATL,-1.0,-0.31638630558660163,4.39191518845318,2023-08-31,7.0,8.0,0.4681016847559243,ATL,ATL,True,ATL,False
716775,2023,154,DET,NYY,1.0,-0.8730899580101472,4.39191518845318,2023-08-31,4.0,3.0,0.4125917184486188,NYY,DET,False,NYY,False
716776,2023,154,WSH,MIA,-5.0,-0.4084128434413258,4.39191518845318,2023-08-31,1.0,6.0,0.45885275122091745,MIA,MIA,True,MIA,True
716777,2023,154,SD,SF,-5.0,0.2372857887752701,4.39191518845318,2023-08-31,2.0,7.0,0.5239345109050259,SD,SF,False,SD,False
716756,2023,155,AZ,BAL,2.0,-1.2545598323302856,4.39191518845318,2023-09-01,4.0,2.0,0.37547337998646035,BAL,AZ,False,BAL,False
716757,2023,155,LAD,ATL,-3.0,0.2032918246451898,4.39191518845318,2023-09-01,3.0,6.0,0.5205088872851217,LAD,ATL,False,LAD,False
716758,2023,155,ATH,LAA,7.0,-0.7147029293867654,4.39191518845318,2023-09-01,9.0,2.0,0.4282572683025569,LAA,ATH,False,LAA,False
716759,2023,155,COL,TOR,-4.0,-1.9349383394960424,4.39191518845318,2023-09-01,9.0,13.0,0.31223670542555043,TOR,TOR,True,TOR,True
716761,2023,155,SD,SF,4.0,0.2820779821626377,4.39191518845318,2023-09-01,7.0,3.0,0.5284455480213762,SD,SD,True,SD,True
716762,2023,155,CWS,DET,-2.0,-0.4018750159102724,4.39191518845318,2023-09-01,2.0,4.0,0.45950914693139655,DET,DET,True,DET,True
716763,2023,155,HOU,NYY,-4.0,0.9537922006614925,4.39191518845318,2023-09-01,2.0,6.0,0.5953386925145494,HOU,NYY,False,HOU,False
716764,2023,155,KC,BOS,11.0,-1.4744933250497674,4.39191518845318,2023-09-01,13.0,2.0,0.35456222819415195,BOS,KC,False,BOS,False
716765,2023,155,MIL,PHI,2.0,-0.408533447085781,4.39191518845318,2023-09-01,7.0,5.0,0.45884064370331995,PHI,MIL,False,PHI,False
716766,2023,155,STL,PIT,-2.0,0.022175799559536954,4.39191518845318,2023-09-01,2.0,4.0,0.5022381573761611,STL,PIT,False,STL,False
716767,2023,155,CLE,TB,1.0,-1.4290758477468046,4.39191518845318,2023-09-01,3.0,2.0,0.358847135418752,TB,CLE,False,TB,False
716769,2023,155,NYM,SEA,1.0,-1.0892588540282717,4.39191518845318,2023-09-01,2.0,1.0,0.39143851713986866,SEA,NYM,False,SEA,False
716771,2023,155,WSH,MIA,-3.0,-0.17128552385349163,4.39191518845318,2023-09-01,5.0,8.0,0.4827178261622472,MIA,MIA,True,MIA,True
716772,2023,155,TEX,MIN,-4.0,0.592196927077824,4.39191518845318,2023-09-01,1.0,5.0,0.5595466718485326,TEX,MIN,False,TEX,False
718700,2023,155,CIN,CHC,-4.0,-0.18333395659389687,4.39191518845318,2023-09-01,2.0,6.0,0.4815030198037633,CHC,CHC,True,CHC,True
716770,2023,155,CIN,CHC,1.0,-0.3535593662042429,4.39191518845318,2023-09-01,3.0,2.0,0.4643633270071019,CHC,CIN,False,CHC,False
716741,2023,156,LAD,ATL,-2.0,0.03631360722215519,4.39191518845318,2023-09-02,2.0,4.0,0.5036650246013653,LAD,ATL,False,LAD,False
716743,2023,156,SD,SF,5.0,0.0648380383017088,4.39191518845318,2023-09-02,6.0,1.0,0.5065437093691026,SD,SD,True,SD,True
716744,2023,156,STL,PIT,-1.0,0.3356086965599835,4.39191518845318,2023-09-02,6.0,7.0,0.5338318125023896,STL,PIT,False,STL,False
716745,2023,156,MIL,PHI,2.0,-0.3334716982331173,4.39191518845318,2023-09-02,7.0,5.0,0.4663831003217881,PHI,MIL,False,PHI,False
716746,2023,156,HOU,NYY,-1.0,0.4543643986800183,4.39191518845318,2023-09-02,4.0,5.0,0.5457575042446255,HOU,NYY,False,HOU,False
716747,2023,156,AZ,BAL,-4.0,-0.7222291372081915,4.39191518845318,2023-09-02,3.0,7.0,0.4275101049750241,BAL,BAL,True,BAL,True
716748,2023,156,COL,TOR,1.0,-1.681884415707273,4.39191518845318,2023-09-02,8.0,7.0,0.3352360652350722,TOR,COL,False,TOR,False
716749,2023,156,CWS,DET,-10.0,0.10684988707030937,4.39191518845318,2023-09-02,0.0,10.0,0.5107828804380964,CWS,DET,False,CWS,False
716750,2023,156,KC,BOS,-4.0,-1.2566060420445797,4.39191518845318,2023-09-02,5.0,9.0,0.37527701988275275,BOS,BOS,True,BOS,True
716751,2023,156,NYM,SEA,-1.0,-1.4285491460977708,4.39191518845318,2023-09-02,7.0,8.0,0.3588969326109843,SEA,SEA,True,SEA,False
716752,2023,156,TEX,MIN,-2.0,0.7962523263888813,4.39191518845318,2023-09-02,7.0,9.0,0.5798242794663655,TEX,MIN,False,TEX,False
716753,2023,156,CIN,CHC,1.0,-0.2114449515993094,4.39191518845318,2023-09-02,2.0,1.0,0.478669362000864,CHC,CIN,False,CHC,False
716754,2023,156,CLE,TB,1.0,-1.2569723504267196,4.39191518845318,2023-09-02,7.0,6.0,0.37524187129728936,TB,CLE,False,TB,False
716755,2023,156,ATH,LAA,1.0,-0.6614938754736553,4.39191518845318,2023-09-02,2.0,1.0,0.43354677795535,LAA,ATH,False,LAA,False
716760,2023,156,WSH,MIA,-6.0,-0.5166726746031965,4.39191518845318,2023-09-02,5.0,11.0,0.448001143456459,MIA,MIA,True,MIA,True
716725,2023,157,LAD,ATL,2.0,0.23537515039984352,4.39191518845318,2023-09-03,3.0,1.0,0.523742017499938,LAD,LAD,True,LAD,True
716728,2023,157,SD,SF,4.0,0.35939536982986553,4.39191518845318,2023-09-03,4.0,0.0,0.5362233012580747,SD,SD,True,SD,True
716729,2023,157,CLE,TB,-4.0,-1.0183636649851653,4.39191518845318,2023-09-03,2.0,6.0,0.3983439461349014,TB,TB,True,TB,True
716730,2023,157,COL,TOR,-2.0,-2.321339244275449,4.39191518845318,2023-09-03,5.0,7.0,0.2785092211368126,TOR,TOR,True,TOR,True
716731,2023,157,ATH,LAA,4.0,-1.0881153755939625,4.39191518845318,2023-09-03,10.0,6.0,0.39154963114005975,LAA,ATH,False,LAA,False
716732,2023,157,AZ,BAL,-3.0,-0.4951532913736213,4.39191518845318,2023-09-03,5.0,8.0,0.45015534168585414,BAL,BAL,True,BAL,True
716733,2023,157,STL,PIT,2.0,0.45009368516667225,4.39191518845318,2023-09-03,6.0,4.0,0.5453292795829793,STL,STL,True,STL,True
716734,2023,157,CWS,DET,-1.0,-1.0353640895923268,4.39191518845318,2023-09-03,2.0,3.0,0.3966850544787745,DET,DET,True,DET,False
716735,2023,157,HOU,NYY,-5.0,0.022824215294294875,4.39191518845318,2023-09-03,1.0,6.0,0.5023035999120807,HOU,NYY,False,HOU,False
716736,2023,157,MIL,PHI,-2.0,-0.09233604236226395,4.39191518845318,2023-09-03,2.0,4.0,0.4906815137137725,PHI,PHI,True,PHI,True
716737,2023,157,TEX,MIN,1.0,0.6020665589135887,4.39191518845318,2023-09-03,6.0,5.0,0.5605314962284522,TEX,TEX,True,TEX,False
716738,2023,157,CIN,CHC,-8.0,-0.3530504188032064,4.39191518845318,2023-09-03,7.0,15.0,0.4644144894964209,CHC,CHC,True,CHC,True
716739,2023,157,KC,BOS,-4.0,-1.336836045381318,4.39191518845318,2023-09-03,3.0,7.0,0.36760386447343457,BOS,BOS,True,BOS,True
716740,2023,157,WSH,MIA,-2.0,-0.9340263958936846,4.39191518845318,2023-09-03,4.0,6.0,0.40660016010802336,MIA,MIA,True,MIA,True
716742,2023,157,NYM,SEA,3.0,-1.4084403560837007,4.39191518845318,2023-09-03,6.0,3.0,0.36079991167562947,SEA,NYM,False,SEA,False
716681,2023,158,KC,CWS,11.0,0.10611702870271716,4.38816710574772,2023-09-04,12.0,1.0,0.510718085682914,KC,KC,True,KC,True
716713,2023,158,LAA,BAL,-3.0,-1.0666065639076105,4.38816710574772,2023-09-04,3.0,6.0,0.393552664724694,BAL,BAL,True,BAL,True
716718,2023,158,PIT,MIL,2.0,-1.200246446312593,4.38816710574772,2023-09-04,4.0,2.0,0.38059829049881383,MIL,PIT,False,MIL,False
716719,2023,158,CLE,MIN,-14.0,-0.49997360054785145,4.38816710574772,2023-09-04,6.0,20.0,0.4496299173698029,MIN,MIN,True,MIN,True
716720,2023,158,SD,PHI,-2.0,-0.04072733571484835,4.38816710574772,2023-09-04,7.0,9.0,0.4958860150198078,PHI,PHI,True,PHI,True
716721,2023,158,AZ,COL,2.0,1.4799873262682786,4.38816710574772,2023-09-04,4.0,2.0,0.6460738102805075,AZ,AZ,True,AZ,True
716722,2023,158,TB,BOS,-4.0,1.3875551188753743,4.38816710574772,2023-09-04,3.0,7.0,0.6373324388481821,TB,BOS,False,TB,False
716723,2023,158,CHC,SF,5.0,0.20562116194277505,4.38816710574772,2023-09-04,5.0,0.0,0.5207613712725764,CHC,CHC,True,CHC,True
716724,2023,158,TEX,HOU,-7.0,0.05559757355088711,4.38816710574772,2023-09-04,6.0,13.0,0.5056159843938972,TEX,HOU,False,TEX,False
716726,2023,158,ATH,TOR,-1.0,-2.2056821821446984,4.38816710574772,2023-09-04,5.0,6.0,0.28825409625781145,TOR,TOR,True,TOR,False
716727,2023,158,CIN,SEA,3.0,-1.1436612760248441,4.38816710574772,2023-09-04,6.0,3.0,0.3860679721243337,SEA,CIN,False,SEA,False
716702,2023,159,AZ,COL,-1.0,1.102303329087313,4.38816710574772,2023-09-05,2.0,3.0,0.6099198090877158,AZ,COL,False,AZ,False
716703,2023,159,SD,PHI,8.0,-0.2640616913002552,4.38816710574772,2023-09-05,8.0,0.0,0.47334575976367194,PHI,SD,False,PHI,False
716704,2023,159,KC,CWS,1.0,0.17198252160661764,4.38816710574772,2023-09-05,7.0,6.0,0.517367266414295,KC,KC,True,KC,False
716705,2023,159,TEX,HOU,-13.0,-0.40274329850873375,4.38816710574772,2023-09-05,1.0,14.0,0.45938742609864525,HOU,HOU,True,HOU,True
716706,2023,159,LAA,BAL,-1.0,-1.133469956673474,4.38816710574772,2023-09-05,4.0,5.0,0.38705554036149076,BAL,BAL,True,BAL,False
716707,2023,159,ATH,TOR,-6.0,-2.337099590490636,4.38816710574772,2023-09-05,1.0,7.0,0.2770029427130509,TOR,TOR,True,TOR,True
716708,2023,159,CHC,SF,3.0,0.015374070350782518,4.38816710574772,2023-09-05,11.0,8.0,0.5015530025397383,CHC,CHC,True,CHC,True
716709,2023,159,ATL,STL,-4.0,1.451246371005798,4.38816710574772,2023-09-05,6.0,10.0,0.6433637449142904,ATL,STL,False,ATL,False
716710,2023,159,MIA,LAD,3.0,-1.8640729269088046,4.38816710574772,2023-09-05,6.0,3.0,0.3184652431605728,LAD,MIA,False,LAD,False
716711,2023,159,NYY,DET,4.0,0.9934789493951998,4.38816710574772,2023-09-05,5.0,1.0,0.5993074883435257,NYY,NYY,True,NYY,True
716712,2023,159,CIN,SEA,1.0,-1.2010351131389,4.38816710574772,2023-09-05,7.0,6.0,0.38052222130507324,SEA,CIN,False,SEA,False
716714,2023,159,PIT,MIL,-4.0,-1.0661349816759804,4.38816710574772,2023-09-05,3.0,7.0,0.393598596203405,MIL,MIL,True,MIL,True
716715,2023,159,WSH,NYM,-6.0,-0.8042526597779518,4.38816710574772,2023-09-05,5.0,11.0,0.4193167291062538,NYM,NYM,True,NYM,True
716716,2023,159,TB,BOS,2.0,1.242143661498171,4.38816710574772,2023-09-05,8.0,6.0,0.6234363563715685,TB,TB,True,TB,True
716717,2023,159,CLE,MIN,-5.0,-0.20516042620789404,4.38816710574772,2023-09-05,3.0,8.0,0.47928510689415216,MIN,MIN,True,MIN,True
716687,2023,160,TEX,HOU,-9.0,-0.4342354773073448,4.38816710574772,2023-09-06,3.0,12.0,0.4562240723881358,HOU,HOU,True,HOU,True
716688,2023,160,KC,CWS,-2.0,0.17904783627032572,4.38816710574772,2023-09-06,4.0,6.0,0.5180802622165106,KC,CWS,False,KC,False
716689,2023,160,ATL,STL,-5.0,2.1830349554130812,4.38816710574772,2023-09-06,6.0,11.0,0.7097854280597874,ATL,STL,False,ATL,False
716690,2023,160,LAA,BAL,-7.0,-0.9193887477750632,4.38816710574772,2023-09-06,3.0,10.0,0.40796032512706876,BAL,BAL,True,BAL,True
716691,2023,160,SD,PHI,-4.0,-0.4553666238690969,4.38816710574772,2023-09-06,1.0,5.0,0.4541030145977961,PHI,PHI,True,PHI,True
716692,2023,160,AZ,COL,7.0,1.1237456067617417,4.38816710574772,2023-09-06,12.0,5.0,0.6120014598483183,AZ,AZ,True,AZ,True
716693,2023,160,CIN,SEA,-4.0,-1.063609334242957,4.38816710574772,2023-09-06,4.0,8.0,0.39384461606982907,SEA,SEA,True,SEA,True
716694,2023,160,NYY,DET,1.0,0.8128452780553328,4.38816710574772,2023-09-06,4.0,3.0,0.5815332500579005,NYY,NYY,True,NYY,False
716695,2023,160,MIA,LAD,7.0,-1.2597857566372332,4.38816710574772,2023-09-06,11.0,4.0,0.374868730470447,LAD,MIA,False,LAD,False
716696,2023,160,TB,BOS,2.0,1.409964700547484,4.38816710574772,2023-09-06,3.0,1.0,0.6394585146925243,TB,TB,True,TB,True
716697,2023,160,PIT,MIL,1.0,-0.9262486629967858,4.38816710574772,2023-09-06,5.0,4.0,0.4072860344391015,MIL,PIT,False,MIL,False
716698,2023,160,ATH,TOR,3.0,-2.123417216711656,4.38816710574772,2023-09-06,5.0,2.0,0.29540507057331156,TOR,ATH,False,TOR,False
716699,2023,160,CHC,SF,6.0,0.46158349375058527,4.38816710574772,2023-09-06,8.0,2.0,0.5465207629337306,CHC,CHC,True,CHC,True
716700,2023,160,CLE,MIN,1.0,-0.13979064160062996,4.38816710574772,2023-09-06,2.0,1.0,0.48588204416250447,MIN,CLE,False,MIN,False
716701,2023,160,WSH,NYM,1.0,-0.7413799469874106,4.38816710574772,2023-09-06,3.0,2.0,0.4255472924601315,NYM,WSH,False,NYM,False
716680,2023,161,ATL,STL,3.0,2.3744816722983155,4.38816710574772,2023-09-07,8.0,5.0,0.7261577551652159,ATL,ATL,True,ATL,True
716682,2023,161,MIA,LAD,-10.0,-1.3487232974492431,4.38816710574772,2023-09-07,0.0,10.0,0.36636168347656795,LAD,LAD,True,LAD,True
716683,2023,161,TB,SEA,-1.0,0.35527536301922297,4.38816710574772,2023-09-07,0.0,1.0,0.5358396745358124,TB,SEA,False,TB,False
716684,2023,161,LAA,CLE,1.0,-0.4350142380390506,4.38816710574772,2023-09-07,3.0,2.0,0.45614588106075826,CLE,LAA,False,CLE,False
716685,2023,161,CHC,AZ,-4.0,0.471795628475626,4.38816710574772,2023-09-07,2.0,6.0,0.5475451606603665,CHC,AZ,False,CHC,False
716686,2023,161,NYY,DET,-7.0,0.7235344304754115,4.38816710574772,2023-09-07,3.0,10.0,0.5726807876697704,NYY,DET,False,NYY,False
716665,2023,162,TEX,ATH,-3.0,1.8253585763934108,4.38816710574772,2023-09-08,3.0,6.0,0.6780282181513377,TEX,ATH,False,TEX,False
716666,2023,162,MIN,NYM,3.0,-0.13280922382629895,4.38816710574772,2023-09-08,5.0,2.0,0.4865868497372582,NYM,MIN,False,NYM,False
716667,2023,162,LAA,CLE,-3.0,-0.4428898965922884,4.38816710574772,2023-09-08,3.0,6.0,0.45535522296407394,CLE,CLE,True,CLE,True
716668,2023,162,SF,COL,1.0,1.3067738347215285,4.38816710574772,2023-09-08,9.0,8.0,0.6296336570357153,SF,SF,True,SF,False
716669,2023,162,HOU,SD,-9.0,0.7139228677910764,4.38816710574772,2023-09-08,2.0,11.0,0.571725824602534,HOU,SD,False,HOU,False
716670,2023,162,NYY,MIL,-6.0,-0.30162624770750207,4.38816710574772,2023-09-08,2.0,8.0,0.4695609220598031,MIL,MIL,True,MIL,True
716671,2023,162,TB,SEA,3.0,0.010851078681231155,4.38816710574772,2023-09-08,7.0,4.0,0.5010961166253046,TB,TB,True,TB,True
716672,2023,162,BOS,BAL,-9.0,-0.5443287290172083,4.38816710574772,2023-09-08,2.0,11.0,0.4451884112363797,BAL,BAL,True,BAL,True
716673,2023,162,TOR,KC,1.0,1.8264312175837651,4.38816710574772,2023-09-08,5.0,4.0,0.6781255879510371,TOR,TOR,True,TOR,False
716674,2023,162,ATL,PIT,6.0,1.619576019371193,4.38816710574772,2023-09-08,8.0,2.0,0.6591288208657567,ATL,ATL,True,ATL,True
716675,2023,162,DET,CWS,-6.0,0.37057822570574755,4.38816710574772,2023-09-08,0.0,6.0,0.5373789737825172,DET,CWS,False,DET,False
716676,2023,162,WSH,LAD,-3.0,-2.250579766305626,4.38816710574772,2023-09-08,5.0,8.0,0.28438607500289237,LAD,LAD,True,LAD,True
716677,2023,162,CIN,STL,-5.0,0.3045490173860108,4.38816710574772,2023-09-08,4.0,9.0,0.5307334523636276,CIN,STL,False,CIN,False
716678,2023,162,CHC,AZ,-1.0,0.5039831989051438,4.38816710574772,2023-09-08,0.0,1.0,0.5507718522954071,CHC,AZ,False,CHC,False
716679,2023,162,PHI,MIA,-1.0,1.5244422546871652,4.38816710574772,2023-09-08,2.0,3.0,0.6502510094596173,PHI,MIA,False,PHI,False
716649,2023,163,HOU,SD,2.0,0.2797460940206795,4.38816710574772,2023-09-09,7.0,5.0,0.5282348432984734,HOU,HOU,True,HOU,True
716650,2023,163,LAA,CLE,4.0,-0.23731270018049605,4.38816710574772,2023-09-09,6.0,2.0,0.4760423568487785,CLE,LAA,False,CLE,False
716651,2023,163,ATL,PIT,-4.0,2.016310087647829,4.38816710574772,2023-09-09,4.0,8.0,0.6951641753775819,ATL,PIT,False,ATL,False
716653,2023,163,PHI,MIA,4.0,1.2179965849261558,4.38816710574772,2023-09-09,8.0,4.0,0.6211126390989139,PHI,PHI,True,PHI,True
716654,2023,163,MIN,NYM,4.0,0.4627537296240797,4.38816710574772,2023-09-09,8.0,4.0,0.5466381672485876,MIN,MIN,True,MIN,True
716655,2023,163,CIN,STL,-1.0,0.2692460072286855,4.38816710574772,2023-09-09,3.0,4.0,0.5271767397736541,CIN,STL,False,CIN,False
716656,2023,163,TB,SEA,2.0,1.0374900745501214,4.38816710574772,2023-09-09,7.0,5.0,0.6036086744883999,TB,TB,True,TB,True
716657,2023,163,TEX,ATH,1.0,2.103549014245564,4.38816710574772,2023-09-09,3.0,2.0,0.7028557054483848,TEX,TEX,True,TEX,False
716658,2023,163,DET,CWS,2.0,1.468823146705919,4.38816710574772,2023-09-09,3.0,1.0,0.645021978317963,DET,DET,True,DET,True
716659,2023,163,NYY,MIL,-7.0,0.10169364151003597,4.38816710574772,2023-09-09,2.0,9.0,0.5102714133782268,NYY,MIL,False,NYY,False
716660,2023,163,CHC,AZ,-1.0,0.6199436602098801,4.38816710574772,2023-09-09,2.0,3.0,0.5623671639789752,CHC,AZ,False,CHC,False
716661,2023,163,TOR,KC,4.0,1.9590808981321066,4.38816710574772,2023-09-09,5.0,1.0,0.6900709359622117,TOR,TOR,True,TOR,True
716662,2023,163,WSH,LAD,1.0,-2.563880854103367,4.38816710574772,2023-09-09,7.0,6.0,0.2581076178112783,LAD,WSH,False,LAD,False
716663,2023,163,SF,COL,8.0,2.1917717408823862,4.38816710574772,2023-09-09,9.0,1.0,0.710542474886378,SF,SF,True,SF,True
716664,2023,163,BOS,BAL,-1.0,-0.2712314807849927,4.38816710574772,2023-09-09,12.0,13.0,0.47262316727553727,BAL,BAL,True,BAL,False
716633,2023,164,LAA,CLE,1.0,-0.4913011561608913,4.38816710574772,2023-09-10,2.0,1.0,0.45049908950992096,CLE,LAA,False,CLE,False
716634,2023,164,SF,COL,3.0,1.4997879622230204,4.38816710574772,2023-09-10,6.0,3.0,0.6479365813338083,SF,SF,True,SF,True
716637,2023,164,TEX,ATH,5.0,1.9580964404411003,4.38816710574772,2023-09-10,9.0,4.0,0.689982998176206,TEX,TEX,True,TEX,True
716638,2023,164,CHC,AZ,3.0,0.5345188462371655,4.38816710574772,2023-09-10,5.0,2.0,0.5538298473794894,CHC,CHC,True,CHC,True
716639,2023,164,MIN,NYM,-2.0,0.7669144621932028,4.38816710574772,2023-09-10,0.0,2.0,0.5769854631825717,MIN,NYM,False,MIN,False
716640,2023,164,HOU,SD,10.0,0.4465987973510233,4.38816710574772,2023-09-10,12.0,2.0,0.5450170623032962,HOU,HOU,True,HOU,True
716641,2023,164,TOR,KC,3.0,1.6323074183523012,4.38816710574772,2023-09-10,5.0,2.0,0.6603103783443703,TOR,TOR,True,TOR,True
716642,2023,164,CIN,STL,6.0,0.09023458159849407,4.38816710574772,2023-09-10,7.0,1.0,0.5091142224323558,CIN,CIN,True,CIN,True
716643,2023,164,PHI,MIA,-1.0,0.9573376904068883,4.38816710574772,2023-09-10,4.0,5.0,0.5957663693299107,PHI,MIA,False,PHI,False
716644,2023,164,ATL,PIT,3.0,2.1957911710947844,4.38816710574772,2023-09-10,5.0,2.0,0.7108904487134085,ATL,ATL,True,ATL,True
716645,2023,164,TB,SEA,3.0,0.6070601299332222,4.38816710574772,2023-09-10,6.0,3.0,0.5610813473118649,TB,TB,True,TB,True
716646,2023,164,NYY,MIL,1.0,-0.029785916739884635,4.38816710574772,2023-09-10,4.0,3.0,0.49699121432447335,MIL,NYY,False,MIL,False
716647,2023,164,WSH,LAD,-4.0,-2.9529962993517405,4.38816710574772,2023-09-10,3.0,7.0,0.22731544739096687,LAD,LAD,True,LAD,True
716648,2023,164,DET,CWS,1.0,0.7907746323995212,4.38816710574772,2023-09-10,3.0,2.0,0.5793492712264298,DET,DET,True,DET,False
716652,2023,164,BOS,BAL,4.0,-0.6414167938970927,4.38816710574772,2023-09-10,7.0,3.0,0.43549121950426883,BAL,BOS,False,BAL,False
716622,2023,165,LAD,SD,-3.0,1.2161520315685748,4.39108629959469,2023-09-11,8.0,11.0,0.6208570623117968,LAD,SD,False,LAD,False
716623,2023,165,SEA,LAA,-3.0,1.5184408752495218,4.39108629959469,2023-09-11,5.0,8.0,0.6495934285720204,SEA,LAA,False,SEA,False
716624,2023,165,HOU,ATH,-4.0,2.3879408400235147,4.39108629959469,2023-09-11,0.0,4.0,0.7271577741137651,HOU,ATH,False,HOU,False
716625,2023,165,COL,CHC,-1.0,-1.5484894145369943,4.39108629959469,2023-09-11,4.0,5.0,0.34759322200639214,CHC,CHC,True,CHC,False
716626,2023,165,MIL,MIA,12.0,0.9502368619029002,4.39108629959469,2023-09-11,12.0,0.0,0.5950077040613593,MIL,MIL,True,MIL,True
716627,2023,165,NYM,AZ,-1.0,0.3691344770795257,4.39108629959469,2023-09-11,3.0,4.0,0.5372090910560333,NYM,AZ,False,NYM,False
716629,2023,165,MIN,TB,-3.0,-0.8844367060979869,4.39108629959469,2023-09-11,4.0,7.0,0.41145802999522685,TB,TB,True,TB,True
716630,2023,165,TOR,TEX,-6.0,0.7551630903561357,4.39108629959469,2023-09-11,4.0,10.0,0.5757704445447959,TOR,TEX,False,TOR,False
716632,2023,165,SF,CLE,1.0,0.044509749568938814,4.39108629959469,2023-09-11,5.0,4.0,0.5044930531201649,SF,SF,True,SF,False
716635,2023,165,PIT,WSH,-4.0,0.6759084845836394,4.39108629959469,2023-09-11,2.0,6.0,0.5679000852024833,PIT,WSH,False,PIT,False
716636,2023,165,BAL,STL,6.0,1.1601141937972304,4.39108629959469,2023-09-11,11.0,5.0,0.6154501843113158,BAL,BAL,True,BAL,True
717664,2023,165,PHI,ATL,-2.0,-0.5054883408623652,4.39108629959469,2023-09-11,8.0,10.0,0.4491110120275433,ATL,ATL,True,ATL,True
716590,2023,165,PHI,ATL,2.0,-0.6775982959835393,4.39108629959469,2023-09-11,7.0,5.0,0.43193181543636155,ATL,PHI,False,ATL,False
716606,2023,166,SEA,LAA,8.0,1.2170836957231876,4.39108629959469,2023-09-12,8.0,0.0,0.6209467588167688,SEA,SEA,True,SEA,True
716608,2023,166,LAD,SD,9.0,0.8226653251202728,4.39108629959469,2023-09-12,11.0,2.0,0.5824501190972659,LAD,LAD,True,LAD,True
716609,2023,166,COL,CHC,2.0,-1.6918217153896062,4.39108629959469,2023-09-12,6.0,4.0,0.33429099365284387,CHC,COL,False,CHC,False
716610,2023,166,MIL,MIA,2.0,0.6906240988133066,4.39108629959469,2023-09-12,3.0,1.0,0.56936355184688,MIL,MIL,True,MIL,True
716611,2023,166,CWS,KC,4.0,0.06102210602652101,4.39108629959469,2023-09-12,6.0,2.0,0.5061597845016681,CWS,CWS,True,CWS,True
716613,2023,166,MIN,TB,1.0,-0.996378442695904,4.39108629959469,2023-09-12,3.0,2.0,0.4004735853447432,TB,MIN,False,TB,False
716614,2023,166,HOU,ATH,-4.0,2.4300779226117655,4.39108629959469,2023-09-12,2.0,6.0,0.7306901912569355,HOU,ATH,False,HOU,False
716615,2023,166,NYM,AZ,3.0,0.007312487740526036,4.39108629959469,2023-09-12,7.0,4.0,0.5007381769619725,NYM,NYM,True,NYM,True
716616,2023,166,TOR,TEX,-3.0,0.4007792844691436,4.39108629959469,2023-09-12,3.0,6.0,0.5403884275916466,TOR,TEX,False,TOR,False
716617,2023,166,DET,CIN,-1.0,-0.37541308398470163,4.39108629959469,2023-09-12,5.0,6.0,0.46215990514850064,CIN,CIN,True,CIN,False
716618,2023,166,PHI,ATL,-1.0,-0.3334663602550644,4.39108629959469,2023-09-12,6.0,7.0,0.46637730657175236,ATL,ATL,True,ATL,False
716619,2023,166,SF,CLE,-2.0,0.06218475765887002,4.39108629959469,2023-09-12,1.0,3.0,0.5062771370228327,SF,CLE,False,SF,False
716620,2023,166,PIT,WSH,4.0,0.4063992006874682,4.39108629959469,2023-09-12,5.0,1.0,0.540952793434361,PIT,PIT,True,PIT,True
716621,2023,166,BAL,STL,-3.0,1.5664188595334123,4.39108629959469,2023-09-12,2.0,5.0,0.6540814771847079,BAL,STL,False,BAL,False
716628,2023,166,BOS,NYY,-1.0,0.013381962644732265,4.39108629959469,2023-09-12,2.0,3.0,0.5013508731419916,BOS,NYY,False,BOS,False
716612,2023,166,BOS,NYY,-3.0,0.004766513688141738,4.39108629959469,2023-09-12,1.0,4.0,0.5004811675414791,BOS,NYY,False,BOS,False
716631,2023,166,CWS,KC,-1.0,0.12916520153609928,4.39108629959469,2023-09-12,10.0,11.0,0.5130365836205197,CWS,KC,False,CWS,False
716589,2023,167,LAD,SD,-5.0,1.293839471983661,4.39108629959469,2023-09-13,1.0,6.0,0.6283136793068722,LAD,SD,False,LAD,False
716592,2023,167,MIL,MIA,-2.0,0.9148124884175118,4.39108629959469,2023-09-13,0.0,2.0,0.5915298941561484,MIL,MIA,False,MIL,False
716594,2023,167,TOR,TEX,-10.0,0.529096420527431,4.39108629959469,2023-09-13,0.0,10.0,0.5532518324846663,TOR,TEX,False,TOR,False
716595,2023,167,NYM,AZ,6.0,-0.19787948372867642,4.39108629959469,2023-09-13,7.0,1.0,0.4800329037026545,AZ,NYM,False,AZ,False
716596,2023,167,HOU,ATH,4.0,2.1502925429152238,4.39108629959469,2023-09-13,6.0,2.0,0.706815540894851,HOU,HOU,True,HOU,True
716598,2023,167,CWS,KC,-6.0,0.33006726309117035,4.39108629959469,2023-09-13,1.0,7.0,0.5332807700481437,CWS,KC,False,CWS,False
716599,2023,167,COL,CHC,4.0,-1.4663603874025204,4.39108629959469,2023-09-13,7.0,3.0,0.3553021175025217,CHC,COL,False,CHC,False
716600,2023,167,PIT,WSH,1.0,0.3257049353624715,4.39108629959469,2023-09-13,7.0,6.0,0.5328419170274341,PIT,PIT,True,PIT,False
716601,2023,167,DET,CIN,-1.0,-0.0656543195523737,4.39108629959469,2023-09-13,3.0,4.0,0.4933726651852797,CIN,CIN,True,CIN,False
716602,2023,167,SEA,LAA,1.0,1.4577210381436454,4.39108629959469,2023-09-13,3.0,2.0,0.6438834467081164,SEA,SEA,True,SEA,False
716603,2023,167,PHI,ATL,-3.0,-0.22474131036514466,4.39108629959469,2023-09-13,1.0,4.0,0.47732514805626836,ATL,ATL,True,ATL,True
716604,2023,167,BAL,STL,-1.0,1.0062528778364366,4.39108629959469,2023-09-13,0.0,1.0,0.6004917264043999,BAL,STL,False,BAL,False
716605,2023,167,SF,CLE,1.0,0.25265460763417413,4.39108629959469,2023-09-13,6.0,5.0,0.52548748869486,SF,SF,True,SF,False
716607,2023,167,MIN,TB,-1.0,-0.9999730197346638,4.39108629959469,2023-09-13,4.0,5.0,0.4001221135264061,TB,TB,True,TB,False
716580,2023,168,CWS,MIN,-8.0,-1.5573086812394867,4.39108629959469,2023-09-14,2.0,10.0,0.34676908453009203,MIN,MIN,True,MIN,True
716584,2023,168,DET,CIN,6.0,0.08699219588449753,4.39108629959469,2023-09-14,8.0,2.0,0.5087809358872558,DET,DET,True,DET,True
716585,2023,168,MIL,MIA,2.0,1.2998794292327718,4.39108629959469,2023-09-14,4.0,2.0,0.6288914371124346,MIL,MIL,True,MIL,True
716586,2023,168,BAL,TB,-1.0,-0.26483919894761887,4.39108629959469,2023-09-14,3.0,4.0,0.4732851412080439,TB,TB,True,TB,False
716587,2023,168,TOR,TEX,-7.0,0.7708437516489655,4.39108629959469,2023-09-14,2.0,9.0,0.5773241382341615,TOR,TEX,False,TOR,False
716588,2023,168,NYM,AZ,10.0,-0.12468622284766893,4.39108629959469,2023-09-14,11.0,1.0,0.4874153249404965,AZ,NYM,False,AZ,False
716591,2023,168,PIT,WSH,2.0,0.9194895414272221,4.39108629959469,2023-09-14,2.0,0.0,0.5919894863760635,PIT,PIT,True,PIT,True
716597,2023,168,BOS,NYY,5.0,-0.039194225017258624,4.39108629959469,2023-09-14,5.0,0.0,0.49604350568505384,NYY,BOS,False,NYY,False
716593,2023,168,BOS,NYY,-3.0,0.06321255220196872,4.39108629959469,2023-09-14,5.0,8.0,0.5063808772593172,BOS,NYY,False,BOS,False
716567,2023,169,AZ,CHC,2.0,-0.8688771226359762,4.39108629959469,2023-09-15,6.0,4.0,0.4129905566398777,CHC,AZ,False,CHC,False
716568,2023,169,SEA,LAD,-3.0,-0.6710557120500513,4.39108629959469,2023-09-15,3.0,6.0,0.4325827280152471,LAD,LAD,True,LAD,True
716569,2023,169,ATH,SD,-5.0,-2.0303316496053014,4.39108629959469,2023-09-15,3.0,8.0,0.30371311857220584,SD,SD,True,SD,True
716570,2023,169,LAA,DET,-9.0,-0.46163586410479013,4.39108629959469,2023-09-15,2.0,11.0,0.4535047729262256,DET,DET,True,DET,True
716571,2023,169,COL,SF,1.0,-1.8438692052190448,4.39108629959469,2023-09-15,3.0,2.0,0.3204042315550306,SF,COL,False,SF,False
716572,2023,169,STL,PHI,-1.0,-1.0702148889135423,4.39108629959469,2023-09-15,4.0,5.0,0.3932705482943693,PHI,PHI,True,PHI,False
716573,2023,169,CWS,MIN,-8.0,-1.2448104846406607,4.39108629959469,2023-09-15,2.0,10.0,0.376386828991388,MIN,MIN,True,MIN,True
716574,2023,169,NYM,CIN,-2.0,0.20100016057136666,4.39108629959469,2023-09-15,3.0,5.0,0.5202817199293999,NYM,CIN,False,NYM,False
716575,2023,169,CLE,TEX,9.0,-0.9658257744181885,4.39108629959469,2023-09-15,12.0,3.0,0.40346420170464403,TEX,CLE,False,TEX,False
716576,2023,169,TOR,BOS,3.0,0.8184711536072423,4.39108629959469,2023-09-15,3.0,0.0,0.582035756974107,TOR,TOR,True,TOR,True
716577,2023,169,KC,HOU,2.0,-1.7152748515703995,4.39108629959469,2023-09-15,4.0,2.0,0.3321335132793225,HOU,KC,False,HOU,False
716578,2023,169,MIL,WSH,2.0,1.4947362668850395,4.39108629959469,2023-09-15,5.0,3.0,0.6473682266169116,MIL,MIL,True,MIL,True
716579,2023,169,PIT,NYY,-2.0,-1.0939397810489766,4.39108629959469,2023-09-15,5.0,7.0,0.3909636965000399,NYY,NYY,True,NYY,True
716582,2023,169,MIA,ATL,3.0,-1.4475422280595112,4.39108629959469,2023-09-15,9.0,6.0,0.3570769575939027,ATL,MIA,False,ATL,False
716583,2023,169,BAL,TB,-6.0,-0.7281870470543528,4.39108629959469,2023-09-15,1.0,7.0,0.4269051785464386,TB,TB,True,TB,True
716552,2023,170,SEA,LAD,-4.0,-0.6295084672108212,4.39108629959469,2023-09-16,2.0,6.0,0.4367204044165338,LAD,LAD,True,LAD,True
716554,2023,170,LAA,DET,-1.0,-0.31182966425756303,4.39108629959469,2023-09-16,4.0,5.0,0.46855420720463853,DET,DET,True,DET,False
716555,2023,170,NYM,CIN,-1.0,0.18254575208320964,4.39108629959469,2023-09-16,2.0,3.0,0.5184209872241955,NYM,CIN,False,NYM,False
716556,2023,170,CWS,MIN,1.0,-1.8462215148839816,4.39108629959469,2023-09-16,7.0,6.0,0.32019129032856714,MIN,CWS,False,MIN,False
716557,2023,170,STL,PHI,-5.0,-0.8086140708493617,4.39108629959469,2023-09-16,1.0,6.0,0.4189384288367731,PHI,PHI,True,PHI,True
716558,2023,170,AZ,CHC,1.0,-0.9378986977590081,4.39108629959469,2023-09-16,7.0,6.0,0.4062027665172154,CHC,AZ,False,CHC,False
716559,2023,170,MIL,WSH,4.0,2.122881322577818,4.39108629959469,2023-09-16,9.0,5.0,0.7044246837243273,MIL,MIL,True,MIL,True
716560,2023,170,KC,HOU,2.0,-1.4306693739161676,4.39108629959469,2023-09-16,10.0,8.0,0.3586709610791665,HOU,KC,False,HOU,False
716561,2023,170,BAL,TB,8.0,-0.5151143384547209,4.39108629959469,2023-09-16,8.0,0.0,0.4481473591073009,TB,BAL,False,TB,False
716562,2023,170,CLE,TEX,1.0,-0.3042234769315512,4.39108629959469,2023-09-16,2.0,1.0,0.4693197039726411,TEX,CLE,False,TEX,False
716563,2023,170,PIT,NYY,-3.0,-0.7722607978612179,4.39108629959469,2023-09-16,3.0,6.0,0.42253551483586405,NYY,NYY,True,NYY,True
716564,2023,170,ATH,SD,-3.0,-1.665105041098114,4.39108629959469,2023-09-16,2.0,5.0,0.3367553738254836,SD,SD,True,SD,True
716565,2023,170,MIA,ATL,6.0,-1.314321806228669,4.39108629959469,2023-09-16,11.0,5.0,0.3697282431985075,ATL,MIA,False,ATL,False
716566,2023,170,TOR,BOS,1.0,0.8026920054137611,4.39108629959469,2023-09-16,4.0,3.0,0.5804760477281675,TOR,TOR,True,TOR,False
716581,2023,170,COL,SF,4.0,-1.069573979214943,4.39108629959469,2023-09-16,9.0,5.0,0.3933329185330913,SF,COL,False,SF,False
716550,2023,170,COL,SF,3.0,-1.3677355290135074,4.39108629959469,2023-09-16,5.0,2.0,0.364637959725858,SF,COL,False,SF,False
716536,2023,171,AZ,CHC,4.0,-0.5512151483024414,4.39108629959469,2023-09-17,6.0,2.0,0.44453609907488756,CHC,AZ,False,CHC,False
716537,2023,171,SEA,LAD,-5.0,-0.24479346066971802,4.39108629959469,2023-09-17,1.0,6.0,0.47530450423463183,LAD,LAD,True,LAD,True
716538,2023,171,ATH,SD,-9.0,-1.5758874427905425,4.39108629959469,2023-09-17,1.0,10.0,0.34503532231934725,SD,SD,True,SD,True
716540,2023,171,COL,SF,-1.0,-1.2273643086000694,4.39108629959469,2023-09-17,10.0,11.0,0.3780639026269986,SF,SF,True,SF,False
716541,2023,171,STL,PHI,1.0,-0.7773542227785099,4.39108629959469,2023-09-17,6.0,5.0,0.4220311337430577,PHI,STL,False,PHI,False
716542,2023,171,CWS,MIN,-4.0,-1.4133777848977374,4.39108629959469,2023-09-17,0.0,4.0,0.3603070809960245,MIN,MIN,True,MIN,True
716543,2023,171,MIL,WSH,-1.0,2.28501200049626,4.39108629959469,2023-09-17,1.0,2.0,0.7184336153426759,MIL,WSH,False,MIL,False
716544,2023,171,LAA,DET,-2.0,-0.1690217730138981,4.39108629959469,2023-09-17,3.0,5.0,0.48294287419389215,DET,DET,True,DET,True
716545,2023,171,NYM,CIN,4.0,0.383467694166289,4.39108629959469,2023-09-17,8.0,4.0,0.5386494483978375,NYM,NYM,True,NYM,True
716546,2023,171,MIA,ATL,14.0,-1.1818273330197613,4.39108629959469,2023-09-17,16.0,2.0,0.3824520665463799,ATL,MIA,False,ATL,False
716547,2023,171,KC,HOU,-6.0,-1.8778297163629083,4.39108629959469,2023-09-17,1.0,7.0,0.31733574563881206,HOU,HOU,True,HOU,True
716548,2023,171,TOR,BOS,1.0,0.8082141534362705,4.39108629959469,2023-09-17,3.0,2.0,0.5810220363700179,TOR,TOR,True,TOR,False
716549,2023,171,CLE,TEX,7.0,-0.3091021445545621,4.39108629959469,2023-09-17,9.0,2.0,0.4688286951791693,TEX,CLE,False,TEX,False
716551,2023,171,PIT,NYY,1.0,-0.608099681143997,4.39108629959469,2023-09-17,3.0,2.0,0.43885523387134734,NYY,PIT,False,NYY,False
716553,2023,171,BAL,TB,1.0,-0.5195064509917304,4.39108629959469,2023-09-17,5.0,4.0,0.44770776861109,TB,BAL,False,TB,False
716526,2023,172,SD,COL,2.0,1.5359544348698326,4.393324721239136,2023-09-18,11.0,9.0,0.6511609218972472,SD,SD,True,SD,True
716527,2023,172,ATH,SEA,-5.0,-1.9692798407095793,4.393324721239136,2023-09-18,0.0,5.0,0.3092249351393247,SEA,SEA,True,SEA,True
716528,2023,172,LAD,DET,5.0,1.340396845966362,4.393324721239136,2023-09-18,8.0,3.0,0.6326945131926467,LAD,LAD,True,LAD,True
716529,2023,172,KC,CLE,2.0,-0.6340804514765541,4.393324721239136,2023-09-18,6.0,4.0,0.43629693031723793,CLE,KC,False,CLE,False
716530,2023,172,HOU,BAL,-1.0,0.3609771864159014,4.393324721239136,2023-09-18,7.0,8.0,0.536370649784452,HOU,BAL,False,HOU,False
716531,2023,172,STL,MIL,1.0,-1.6366776551440003,4.393324721239136,2023-09-18,1.0,0.0,0.3394625340219181,MIL,STL,False,MIL,False
716532,2023,172,ATL,PHI,-6.0,0.48758198327027713,4.393324721239136,2023-09-18,1.0,7.0,0.5490707107007472,ATL,PHI,False,ATL,False
716533,2023,172,TEX,BOS,-2.0,0.26058500199674994,4.393324721239136,2023-09-18,2.0,4.0,0.5262729824391291,TEX,BOS,False,TEX,False
716534,2023,172,CIN,MIN,4.0,-0.659502442356555,4.393324721239136,2023-09-18,7.0,3.0,0.4337660441435235,MIN,CIN,False,MIN,False
716535,2023,172,MIA,NYM,-1.0,-0.5637609595393327,4.393324721239136,2023-09-18,1.0,2.0,0.44331087251108947,NYM,NYM,True,NYM,False
716539,2023,172,WSH,CWS,-5.0,-0.37685176686843236,4.393324721239136,2023-09-18,1.0,6.0,0.4620346248407318,CWS,CWS,True,CWS,True
716510,2023,173,LAD,DET,1.0,1.9532317083079735,4.393324721239136,2023-09-19,3.0,2.0,0.6893432966658668,LAD,LAD,True,LAD,False
716511,2023,173,AZ,SF,4.0,-0.07407648514922242,4.393324721239136,2023-09-19,8.0,4.0,0.4925264109274083,SF,AZ,False,SF,False
716512,2023,173,ATH,SEA,-5.0,-2.1262692059825863,4.393324721239136,2023-09-19,2.0,7.0,0.29537396544444544,SEA,SEA,True,SEA,True
716514,2023,173,HOU,BAL,-4.0,0.2333069642653644,4.393324721239136,2023-09-19,5.0,9.0,0.5235261035363847,HOU,BAL,False,HOU,False
716515,2023,173,STL,MIL,-4.0,-1.0575528021126617,4.393324721239136,2023-09-19,3.0,7.0,0.3945557482740603,MIL,MIL,True,MIL,True
716516,2023,173,SD,COL,2.0,1.7053607670910211,4.393324721239136,2023-09-19,2.0,0.0,0.6668752342911003,SD,SD,True,SD,True
716517,2023,173,KC,CLE,1.0,-0.7545385621807275,4.393324721239136,2023-09-19,7.0,6.0,0.4243295682145553,CLE,KC,False,CLE,False
716518,2023,173,CHC,PIT,13.0,0.5991740145991148,4.393324721239136,2023-09-19,14.0,1.0,0.5602237266294654,CHC,CHC,True,CHC,True
716519,2023,173,TEX,BOS,2.0,-0.04370012434389979,4.393324721239136,2023-09-19,6.0,4.0,0.49559091893867085,BOS,TEX,False,BOS,False
716520,2023,173,NYY,TOR,-6.0,-0.09725398801371533,4.393324721239136,2023-09-19,1.0,7.0,0.49018844409102824,TOR,TOR,True,TOR,True
716521,2023,173,ATL,PHI,6.0,0.36066569999304776,4.393324721239136,2023-09-19,9.0,3.0,0.5363393526131967,ATL,ATL,True,ATL,True
716522,2023,173,CIN,MIN,-7.0,-0.43765584251423273,4.393324721239136,2023-09-19,0.0,7.0,0.4559322472352855,MIN,MIN,True,MIN,True
716523,2023,173,MIA,NYM,1.0,-0.22216258444691217,4.393324721239136,2023-09-19,4.0,3.0,0.4775964567340149,NYM,MIA,False,NYM,False
716524,2023,173,TB,LAA,4.0,1.6883372292305172,4.393324721239136,2023-09-19,6.0,2.0,0.6653087278976229,TB,TB,True,TB,True
716525,2023,173,WSH,CWS,1.0,0.26917619530228665,4.393324721239136,2023-09-19,4.0,3.0,0.5271378570645582,WSH,WSH,True,WSH,False
716494,2023,174,LAD,DET,-2.0,1.8731542396063103,4.393324721239136,2023-09-20,2.0,4.0,0.6821564310452064,LAD,DET,False,LAD,False
716495,2023,174,STL,MIL,-6.0,-0.9644384909098587,4.393324721239136,2023-09-20,2.0,8.0,0.40364827966007455,MIL,MIL,True,MIL,True
716497,2023,174,CHC,PIT,-6.0,1.2464650394925116,4.393324721239136,2023-09-20,7.0,13.0,0.6237110997152931,CHC,PIT,False,CHC,False
716499,2023,174,AZ,SF,6.0,-0.1543515489220103,4.393324721239136,2023-09-20,7.0,1.0,0.48443048969160485,SF,AZ,False,SF,False
716500,2023,174,SD,COL,1.0,2.2676937212962716,4.393324721239136,2023-09-20,3.0,2.0,0.7168536767489359,SD,SD,True,SD,False
716501,2023,174,TB,LAA,-5.0,1.9827702102263463,4.393324721239136,2023-09-20,3.0,8.0,0.6919764007393441,TB,LAA,False,TB,False
716502,2023,174,NYY,TOR,-5.0,-0.1773284578972376,4.393324721239136,2023-09-20,1.0,6.0,0.4821142513425843,TOR,TOR,True,TOR,True
716503,2023,174,MIA,NYM,-5.0,-0.5382353605296588,4.393324721239136,2023-09-20,3.0,8.0,0.4458614155437315,NYM,NYM,True,NYM,True
716504,2023,174,ATH,SEA,-3.0,-2.1027028849928926,4.393324721239136,2023-09-20,3.0,6.0,0.2974349060542834,SEA,SEA,True,SEA,True
716505,2023,174,KC,CLE,4.0,-0.7288380535007031,4.393324721239136,2023-09-20,6.0,2.0,0.4268774229740692,CLE,KC,False,CLE,False
716506,2023,174,CIN,MIN,-2.0,-0.7349869964239935,4.393324721239136,2023-09-20,3.0,5.0,0.4262675572999037,MIN,MIN,True,MIN,True
716507,2023,174,TEX,BOS,10.0,0.4854777959965221,4.393324721239136,2023-09-20,15.0,5.0,0.548860007630281,TEX,TEX,True,TEX,True
716508,2023,174,HOU,BAL,1.0,-0.1252075514165052,4.393324721239136,2023-09-20,2.0,1.0,0.48736916102375816,BAL,HOU,False,BAL,False
716509,2023,174,ATL,PHI,-1.0,0.4198691217301378,4.393324721239136,2023-09-20,5.0,6.0,0.542283664267151,ATL,PHI,False,ATL,False
716513,2023,174,WSH,CWS,10.0,0.5874458147585109,4.393324721239136,2023-09-20,13.0,3.0,0.5590536449947154,WSH,WSH,True,WSH,True
716484,2023,175,LAD,SF,5.0,1.6608184113842817,4.393324721239136,2023-09-21,7.0,2.0,0.6627703599726829,LAD,LAD,True,LAD,True
716488,2023,175,ATH,DET,-4.0,-1.6931224770640676,4.393324721239136,2023-09-21,3.0,7.0,0.33425064119973025,DET,DET,True,DET,True
716489,2023,175,CLE,BAL,3.0,-0.9103330017359738,4.393324721239136,2023-09-21,5.0,2.0,0.4089559983780989,BAL,CLE,False,BAL,False
716490,2023,175,PHI,NYM,1.0,0.5607093091505149,4.393324721239136,2023-09-21,5.0,4.0,0.5563843250261247,PHI,PHI,True,PHI,False
716491,2023,175,STL,MIL,-6.0,-0.6272201172553538,4.393324721239136,2023-09-21,0.0,6.0,0.43698036245028415,MIL,MIL,True,MIL,True
716492,2023,175,NYY,TOR,2.0,-0.15603292163029187,4.393324721239136,2023-09-21,5.0,3.0,0.4842609764136063,TOR,NYY,False,TOR,False
716493,2023,175,CHC,PIT,-2.0,1.3161297535319394,4.393324721239136,2023-09-21,6.0,8.0,0.6303803893386362,CHC,PIT,False,CHC,False
716496,2023,175,WSH,ATL,-7.0,-1.7123363135895968,4.393324721239136,2023-09-21,3.0,10.0,0.3324837137933744,ATL,ATL,True,ATL,True
716498,2023,175,TB,LAA,1.0,2.037211075698039,4.393324721239136,2023-09-21,5.0,4.0,0.6968034617658816,TB,TB,True,TB,False
716472,2023,176,ATH,DET,6.0,-1.3964119237564756,4.393324721239136,2023-09-22,8.0,2.0,0.36198234886335656,DET,ATH,False,DET,False
716473,2023,176,HOU,KC,-2.0,1.6511559323565648,4.393324721239136,2023-09-22,5.0,7.0,0.6618773136515879,HOU,KC,False,HOU,False
716474,2023,176,LAD,SF,-4.0,1.9567210236706192,4.393324721239136,2023-09-22,1.0,5.0,0.6896548484272764,LAD,SF,False,LAD,False
716475,2023,176,MIN,LAA,2.0,1.4152779299094784,4.393324721239136,2023-09-22,8.0,6.0,0.6398045620647399,MIN,MIN,True,MIN,True
716476,2023,176,SD,STL,2.0,0.9032884727987557,4.393324721239136,2023-09-22,4.0,2.0,0.590351684865407,SD,SD,True,SD,True
716477,2023,176,TEX,SEA,3.0,-0.2590776669269961,4.393324721239136,2023-09-22,8.0,5.0,0.47387877372802595,SEA,TEX,False,SEA,False
716478,2023,176,BOS,CWS,1.0,1.5980196689814692,4.393324721239136,2023-09-22,3.0,2.0,0.6569500645193265,BOS,BOS,True,BOS,False
716479,2023,176,TB,TOR,-4.0,0.8945773752569532,4.393324721239136,2023-09-22,2.0,6.0,0.5894951928585722,TB,TOR,False,TB,False
716480,2023,176,NYY,AZ,6.0,0.1273158136939278,4.393324721239136,2023-09-22,7.0,1.0,0.5128434459278614,NYY,NYY,True,NYY,True
716481,2023,176,PHI,NYM,1.0,0.6052544725424109,4.393324721239136,2023-09-22,5.0,4.0,0.5608301463990087,PHI,PHI,True,PHI,False
716482,2023,176,MIA,MIL,-15.0,-0.8137401646297209,4.393324721239136,2023-09-22,1.0,16.0,0.41847272505087324,MIL,MIL,True,MIL,True
716483,2023,176,CLE,BAL,1.0,-0.33201778494289375,4.393324721239136,2023-09-22,9.0,8.0,0.46654003586905896,BAL,CLE,False,BAL,False
716485,2023,176,WSH,ATL,-3.0,-1.7559376875018713,4.393324721239136,2023-09-22,6.0,9.0,0.328487910596973,ATL,ATL,True,ATL,True
716486,2023,176,CHC,COL,6.0,1.3808739237537582,4.393324721239136,2023-09-22,6.0,0.0,0.6365436906598879,CHC,CHC,True,CHC,True
716487,2023,176,CIN,PIT,-2.0,0.5547917248385765,4.393324721239136,2023-09-22,5.0,7.0,0.5557931747703296,CIN,PIT,False,CIN,False
716455,2023,177,HOU,KC,-1.0,1.6512443104147416,4.393324721239136,2023-09-23,2.0,3.0,0.661885486056152,HOU,KC,False,HOU,False
716456,2023,177,LAD,SF,7.0,1.3761338059811241,4.393324721239136,2023-09-23,7.0,0.0,0.6360936313400284,LAD,LAD,True,LAD,True
716457,2023,177,SD,STL,-3.0,0.9105675780428525,4.393324721239136,2023-09-23,2.0,5.0,0.5910670502574138,SD,STL,False,SD,False
716460,2023,177,MIA,MIL,1.0,-1.3527393085523578,4.393324721239136,2023-09-23,5.0,4.0,0.36613034285834883,MIL,MIA,False,MIL,False
716461,2023,177,TEX,SEA,2.0,-0.05507090477259023,4.393324721239136,2023-09-23,2.0,0.0,0.49444374175500944,SEA,TEX,False,SEA,False
716462,2023,177,CIN,PIT,-1.0,0.478937060448114,4.393324721239136,2023-09-23,12.0,13.0,0.5482049625627833,CIN,PIT,False,CIN,False
716463,2023,177,TB,TOR,1.0,0.8622354914356877,4.393324721239136,2023-09-23,7.0,6.0,0.586311571554299,TB,TB,True,TB,False
716464,2023,177,CLE,BAL,-1.0,-0.43552476025837583,4.393324721239136,2023-09-23,1.0,2.0,0.45614595829171894,BAL,BAL,True,BAL,False
716465,2023,177,MIN,LAA,-1.0,1.403312691111098,4.393324721239136,2023-09-23,0.0,1.0,0.6386716150301902,MIN,LAA,False,MIN,False
716466,2023,177,PHI,NYM,2.0,0.6622746518223628,4.393324721239136,2023-09-23,7.0,5.0,0.5665097809489994,PHI,PHI,True,PHI,True
716468,2023,177,BOS,CWS,-1.0,1.368334497205504,4.393324721239136,2023-09-23,0.0,1.0,0.6353527029370123,BOS,CWS,False,BOS,False
716469,2023,177,CHC,COL,3.0,1.4053966038502113,4.393324721239136,2023-09-23,6.0,3.0,0.6388690213201914,CHC,CHC,True,CHC,True
716470,2023,177,ATH,DET,3.0,-0.989708877858996,4.393324721239136,2023-09-23,4.0,1.0,0.4011752709863231,DET,ATH,False,DET,False
716439,2023,178,LAD,SF,1.0,1.2362013535407017,4.393324721239136,2023-09-24,3.0,2.0,0.6227253305087522,LAD,LAD,True,LAD,False
716442,2023,178,ATH,DET,-2.0,-1.0573595148802537,4.393324721239136,2023-09-24,0.0,2.0,0.39457456508984934,DET,DET,True,DET,True
716444,2023,178,SD,STL,10.0,0.9310236599685268,4.393324721239136,2023-09-24,12.0,2.0,0.593075772737477,SD,SD,True,SD,True
716445,2023,178,MIN,LAA,6.0,1.1774672458144146,4.393324721239136,2023-09-24,9.0,3.0,0.6170690382558939,MIN,MIN,True,MIN,True
716446,2023,178,TEX,SEA,1.0,-0.3442535600101193,4.393324721239136,2023-09-24,9.0,8.0,0.46531000074510315,SEA,TEX,False,SEA,False
716447,2023,178,MIA,MIL,5.0,-1.2934268081014197,4.393324721239136,2023-09-24,6.0,1.0,0.3717888626822716,MIL,MIA,False,MIL,False
716448,2023,178,HOU,KC,-1.0,1.575610396822952,4.393324721239136,2023-09-24,5.0,6.0,0.6548639971906226,HOU,KC,False,HOU,False
716449,2023,178,CHC,COL,1.0,1.3636211825785927,4.393324721239136,2023-09-24,4.0,3.0,0.6349046962052207,CHC,CHC,True,CHC,False
716450,2023,178,CLE,BAL,-4.0,0.07761728794208825,4.393324721239136,2023-09-24,1.0,5.0,0.5078307764267154,CLE,BAL,False,CLE,False
716451,2023,178,CIN,PIT,2.0,0.5910427573823029,4.393324721239136,2023-09-24,4.0,2.0,0.5594125547265256,CIN,CIN,True,CIN,True
716452,2023,178,TB,TOR,-4.0,0.4935116806331373,4.393324721239136,2023-09-24,5.0,9.0,0.5496644071540484,TB,TOR,False,TB,False
716453,2023,178,BOS,CWS,-1.0,1.081086206973927,4.393324721239136,2023-09-24,2.0,3.0,0.6077334146303756,BOS,CWS,False,BOS,False
716454,2023,178,PHI,NYM,3.0,0.715114289998094,4.393324721239136,2023-09-24,5.0,2.0,0.5717607955068034,PHI,PHI,True,PHI,True
716458,2023,178,NYY,AZ,-6.0,0.5206739110824194,4.393324721239136,2023-09-24,1.0,7.0,0.5523825187599413,NYY,AZ,False,NYY,False
716459,2023,178,WSH,ATL,1.0,-1.6011521635417145,4.393324721239136,2023-09-24,3.0,2.0,0.34275871214538467,ATL,WSH,False,ATL,False
716467,2023,178,WSH,ATL,-3.0,-1.9808642549226658,4.393324721239136,2023-09-24,5.0,8.0,0.3081932028581317,ATL,ATL,True,ATL,True
716436,2023,179,SEA,HOU,-4.0,-0.2764444937317805,4.392669160485737,2023-09-25,1.0,5.0,0.47212639128495554,HOU,HOU,True,HOU,True
716440,2023,179,LAA,TEX,-4.0,-0.8980187802092577,4.392669160485737,2023-09-25,1.0,5.0,0.41015321252746595,TEX,TEX,True,TEX,True
716441,2023,179,SF,SD,1.0,-0.11290785890517697,4.392669160485737,2023-09-25,2.0,1.0,0.48860788927663656,SD,SF,False,SD,False
716471,2023,179,NYY,AZ,2.0,0.40692714484425546,4.392669160485737,2023-09-25,6.0,4.0,0.5409910826912656,NYY,NYY,True,NYY,True
716421,2023,180,MIN,ATH,8.0,2.084845445788746,4.392669160485737,2023-09-26,11.0,3.0,0.7010263691917196,MIN,MIN,True,MIN,True
716422,2023,180,LAA,TEX,6.0,-1.0209734088823221,4.392669160485737,2023-09-26,9.0,3.0,0.39810627545642946,TEX,LAA,False,TEX,False
716423,2023,180,MIL,STL,-3.0,1.241801942834915,4.392669160485737,2023-09-26,1.0,4.0,0.6232811338916673,MIL,STL,False,MIL,False
716425,2023,180,SEA,HOU,4.0,0.2373767975786797,4.392669160485737,2023-09-26,6.0,2.0,0.5239395749063059,SEA,SEA,True,SEA,True
716427,2023,180,CWS,AZ,-11.0,-0.7792754752969714,4.392669160485737,2023-09-26,4.0,15.0,0.4218687141249825,AZ,AZ,True,AZ,True
716428,2023,180,BOS,TB,-2.0,-1.2472179368165688,4.392669160485737,2023-09-26,7.0,9.0,0.37619875174186757,TB,TB,True,TB,True
716429,2023,180,ATL,CHC,1.0,0.08277004702911087,4.392669160485737,2023-09-26,7.0,6.0,0.5083518086699844,ATL,ATL,True,ATL,False
716431,2023,180,TOR,NYY,-2.0,0.38138400754551927,4.392669160485737,2023-09-26,0.0,2.0,0.5384262793364393,TOR,NYY,False,TOR,False
716432,2023,180,PHI,PIT,1.0,1.3272418039717893,4.392669160485737,2023-09-26,3.0,2.0,0.6314595231277558,PHI,PHI,True,PHI,False
716433,2023,180,DET,KC,3.0,0.564900409404326,4.392669160485737,2023-09-26,6.0,3.0,0.5568113482239544,DET,DET,True,DET,True
716434,2023,180,BAL,WSH,1.0,1.8958259337340946,4.392669160485737,2023-09-26,1.0,0.0,0.6842237678343934,BAL,BAL,True,BAL,False
716435,2023,180,CLE,CIN,-4.0,0.311817971829045,4.392669160485737,2023-09-26,7.0,11.0,0.5314333088239994,CLE,CIN,False,CLE,False
716437,2023,180,SF,SD,-4.0,-0.38182736112406684,4.392669160485737,2023-09-26,0.0,4.0,0.46152918929271075,SD,SD,True,SD,True
716438,2023,180,COL,LAD,3.0,-2.880077697878333,4.392669160485737,2023-09-26,4.0,1.0,0.23315191432707683,LAD,COL,False,LAD,False
716424,2023,180,COL,LAD,-9.0,-2.3937082016491766,4.392669160485737,2023-09-26,2.0,11.0,0.27242986909609634,LAD,LAD,True,LAD,True
716406,2023,181,COL,LAD,-6.0,-2.331812047538101,4.392669160485737,2023-09-27,2.0,8.0,0.2776542810642274,LAD,LAD,True,LAD,True
716407,2023,181,SEA,HOU,-5.0,-0.16186098157071144,4.392669160485737,2023-09-27,3.0,8.0,0.4836709878333107,HOU,HOU,True,HOU,True
716408,2023,181,MIL,STL,1.0,1.1698321429058698,4.392669160485737,2023-09-27,3.0,2.0,0.6163487466884574,MIL,MIL,True,MIL,False
716410,2023,181,MIN,ATH,2.0,2.2070219013185,4.392669160485737,2023-09-27,6.0,4.0,0.7116661895493328,MIN,MIN,True,MIN,True
716411,2023,181,NYM,MIA,9.0,0.23643109486917957,4.392669160485737,2023-09-27,11.0,2.0,0.523844314168489,NYM,NYM,True,NYM,True
716412,2023,181,ATL,CHC,1.0,0.4705016516923957,4.392669160485737,2023-09-27,6.0,5.0,0.5473670098833567,ATL,ATL,True,ATL,False
716413,2023,181,TOR,NYY,-6.0,0.38053280527045047,4.392669160485737,2023-09-27,0.0,6.0,0.5383407814302386,TOR,NYY,False,TOR,False
716415,2023,181,PHI,PIT,1.0,1.3565759858574347,4.392669160485737,2023-09-27,7.0,6.0,0.6342539569380533,PHI,PHI,True,PHI,False
716416,2023,181,BAL,WSH,4.0,2.1081716647546664,4.392669160485737,2023-09-27,5.0,1.0,0.7030714764840318,BAL,BAL,True,BAL,True
716417,2023,181,CWS,AZ,-3.0,-1.293915314392118,4.392669160485737,2023-09-27,0.0,3.0,0.371723675591342,AZ,AZ,True,AZ,True
716418,2023,181,CLE,CIN,1.0,0.5974759381281637,4.392669160485737,2023-09-27,4.0,3.0,0.5600632422449431,CLE,CLE,True,CLE,False
716419,2023,181,BOS,TB,-5.0,-1.19985136369429,4.392669160485737,2023-09-27,0.0,5.0,0.3807550229083887,TB,TB,True,TB,True
716420,2023,181,LAA,TEX,-5.0,-0.8921951794168425,4.392669160485737,2023-09-27,0.0,5.0,0.4107260071110566,TEX,TEX,True,TEX,True
716426,2023,181,SF,SD,-3.0,-0.4528201601627671,4.392669160485737,2023-09-27,2.0,5.0,0.4544051237354938,SD,SD,True,SD,True
716430,2023,181,NYM,MIA,-2.0,0.5476648250705822,4.392669160485737,2023-09-27,2.0,4.0,0.5550892204094815,NYM,MIA,False,NYM,False
716396,2023,182,MIL,STL,3.0,1.4898819481819026,4.392669160485737,2023-09-28,3.0,0.0,0.6468614367386156,MIL,MIL,True,MIL,True
716397,2023,182,SEA,TEX,1.0,0.17865396759066052,4.392669160485737,2023-09-28,3.0,2.0,0.5180220393138736,SEA,SEA,True,SEA,False
716399,2023,182,ATL,CHC,2.0,0.5985269121078839,4.392669160485737,2023-09-28,5.0,3.0,0.5601680908415134,ATL,ATL,True,ATL,True
716400,2023,182,MIN,ATH,-1.0,2.428742950965449,4.392669160485737,2023-09-28,1.0,2.0,0.7305054825304197,MIN,ATH,False,MIN,False
716401,2023,182,DET,KC,4.0,0.7036652879055553,4.392669160485737,2023-09-28,7.0,3.0,0.5706345081725204,DET,DET,True,DET,True
716402,2023,182,BAL,BOS,2.0,0.8151337038097635,4.392669160485737,2023-09-28,2.0,0.0,0.5816769422417541,BAL,BAL,True,BAL,True
716403,2023,182,TOR,NYY,6.0,0.572589458555165,4.392669160485737,2023-09-28,6.0,0.0,0.5575792708842116,TOR,TOR,True,TOR,True
716405,2023,182,COL,LAD,9.0,-2.8447115989087415,4.392669160485737,2023-09-28,14.0,5.0,0.23589785851139827,LAD,COL,False,LAD,False
716409,2023,182,PHI,PIT,-1.0,1.7414066396461285,4.392669160485737,2023-09-28,2.0,3.0,0.6702063534400768,PHI,PIT,False,PHI,False
716414,2023,182,DET,KC,8.0,1.1541733816005373,4.392669160485737,2023-09-28,8.0,0.0,0.6148354068183425,DET,DET,True,DET,True
716443,2023,182,CWS,AZ,2.0,-1.2799372185112865,4.392669160485737,2023-09-28,3.0,1.0,0.373061430996223,AZ,CWS,False,AZ,False
716379,2023,183,SEA,TEX,8.0,0.4921396035542912,4.392669160485737,2023-09-29,8.0,0.0,0.5495343944271385,SEA,SEA,True,SEA,True
716382,2023,183,SF,LAD,-4.0,-1.0111441566692174,4.392669160485737,2023-09-29,2.0,6.0,0.39906593261291334,LAD,LAD,True,LAD,True
716384,2023,183,AZ,HOU,-1.0,-0.7213337669800536,4.392669160485737,2023-09-29,1.0,2.0,0.4276112690128207,HOU,HOU,True,HOU,False
716385,2023,183,MIL,CHC,1.0,0.46076108730988496,4.392669160485737,2023-09-29,4.0,3.0,0.5463908728619115,MIL,MIL,True,MIL,False
716386,2023,183,LAA,ATH,4.0,0.8911931067153771,4.392669160485737,2023-09-29,5.0,1.0,0.5891754123252839,LAA,LAA,True,LAA,True
716387,2023,183,COL,MIN,-1.0,-1.8153904407810653,4.392669160485737,2023-09-29,6.0,7.0,0.3230463532322856,MIN,MIN,True,MIN,False
716388,2023,183,STL,CIN,-17.0,-0.18222902469078994,4.392669160485737,2023-09-29,2.0,19.0,0.48161757322834586,CIN,CIN,True,CIN,True
716389,2023,183,KC,NYY,7.0,-1.4691959844841715,4.392669160485737,2023-09-29,12.0,5.0,0.3550848238265469,NYY,KC,False,NYY,False
716390,2023,183,BAL,BOS,-3.0,0.9080543682778282,4.392669160485737,2023-09-29,0.0,3.0,0.5908334121138048,BAL,BOS,False,BAL,False
716391,2023,183,CWS,SD,-1.0,-1.7061347229737125,4.392669160485737,2023-09-29,2.0,3.0,0.3330302087109929,SD,SD,True,SD,False
716392,2023,183,TOR,TB,7.0,-0.18599814306208018,4.392669160485737,2023-09-29,11.0,4.0,0.4812376394891054,TB,TOR,False,TB,False
716394,2023,183,ATL,WSH,-4.0,2.604660417055708,4.392669160485737,2023-09-29,6.0,10.0,0.7450008125505339,ATL,WSH,False,ATL,False
716395,2023,183,DET,CLE,-2.0,-0.3947799247826016,4.392669160485737,2023-09-29,5.0,7.0,0.4602284215955626,CLE,CLE,True,CLE,True
716398,2023,183,PIT,MIA,-1.0,-0.3886366270663413,4.392669160485737,2023-09-29,3.0,4.0,0.46084531314798083,MIA,MIA,True,MIA,False
716366,2023,184,SEA,TEX,-5.0,0.5046135275939004,4.392669160485737,2023-09-30,1.0,6.0,0.5507831893304793,SEA,TEX,False,SEA,False
716368,2023,184,COL,MIN,-8.0,-1.9158864723996945,4.392669160485737,2023-09-30,6.0,14.0,0.31397397804059257,MIN,MIN,True,MIN,True
716369,2023,184,ATL,WSH,2.0,2.4296396642135534,4.392669160485737,2023-09-30,5.0,3.0,0.7305804041907958,ATL,ATL,True,ATL,True
716370,2023,184,AZ,HOU,-1.0,-0.9790976504213835,4.392669160485737,2023-09-30,0.0,1.0,0.40219893236932686,HOU,HOU,True,HOU,False
716371,2023,184,LAA,ATH,-4.0,0.9328230921541393,4.392669160485737,2023-09-30,3.0,7.0,0.5932660156122935,LAA,ATH,False,LAA,False
716372,2023,184,STL,CIN,9.0,-0.11202817293187144,4.392669160485737,2023-09-30,15.0,6.0,0.48869662346631715,CIN,STL,False,CIN,False
716373,2023,184,MIL,CHC,-4.0,0.2693762658134197,4.392669160485737,2023-09-30,6.0,10.0,0.5271620434197004,MIL,CHC,False,MIL,False
716374,2023,184,CWS,SD,-5.0,-1.3732758916178205,4.392669160485737,2023-09-30,1.0,6.0,0.3641583415748444,SD,SD,True,SD,True
716375,2023,184,KC,NYY,-3.0,-0.9704224886784039,4.392669160485737,2023-09-30,2.0,5.0,0.4030481432142521,NYY,NYY,True,NYY,True
716376,2023,184,NYM,PHI,1.0,-0.3718118246138788,4.392669160485737,2023-09-30,4.0,3.0,0.4625352875157647,PHI,NYM,False,PHI,False
716377,2023,184,BAL,BOS,3.0,0.7272071934454245,4.392669160485737,2023-09-30,5.0,2.0,0.5729715617493535,BAL,BAL,True,BAL,True
716378,2023,184,PIT,MIA,-4.0,-0.5158332171399818,4.392669160485737,2023-09-30,3.0,7.0,0.4480940094204493,MIA,MIA,True,MIA,True
716380,2023,184,DET,CLE,8.0,-0.09412029973857895,4.392669160485737,2023-09-30,8.0,0.0,0.4905031115113458,CLE,DET,False,CLE,False
716381,2023,184,SF,LAD,1.0,-1.3194153885604927,4.392669160485737,2023-09-30,2.0,1.0,0.36928722059536234,LAD,SF,False,LAD,False
716383,2023,184,TOR,TB,-2.0,-0.42849961689000565,4.392669160485737,2023-09-30,5.0,7.0,0.4568441349511089,TB,TB,True,TB,True
716393,2023,184,NYM,PHI,7.0,-0.3220103344857956,4.392669160485737,2023-09-30,11.0,4.0,0.4675414679888643,PHI,NYM,False,PHI,False
716352,2023,185,KC,NYY,3.0,-1.1391169431841033,4.392669160485737,2023-10-01,5.0,2.0,0.38662137307954375,NYY,KC,False,NYY,False
716353,2023,185,STL,CIN,1.0,0.1986191663081403,4.392669160485737,2023-10-01,4.0,3.0,0.520034455744045,STL,STL,True,STL,False
716354,2023,185,ATL,WSH,-1.0,2.1549489406563187,4.392669160485737,2023-10-01,9.0,10.0,0.7071532254887697,ATL,WSH,False,ATL,False
716355,2023,185,NYM,PHI,-8.0,-0.49877805411566695,4.392669160485737,2023-10-01,1.0,9.0,0.44980095227709466,PHI,PHI,True,PHI,True
716356,2023,185,CWS,SD,-1.0,-1.6070371218299173,4.392669160485737,2023-10-01,1.0,2.0,0.3421895694061704,SD,SD,True,SD,False
716357,2023,185,TOR,TB,-4.0,-0.13541756967656382,4.392669160485737,2023-10-01,8.0,12.0,0.48633753201795077,TB,TB,True,TB,True
716358,2023,185,AZ,HOU,-7.0,-0.42147866944290785,4.392669160485737,2023-10-01,1.0,8.0,0.4575485446681856,HOU,HOU,True,HOU,True
716359,2023,185,COL,MIN,1.0,-1.7184558461229502,4.392669160485737,2023-10-01,3.0,2.0,0.3318981888721936,MIN,COL,False,MIN,False
716360,2023,185,SEA,TEX,1.0,0.5398654579789898,4.392669160485737,2023-10-01,1.0,0.0,0.5543095872354417,SEA,SEA,True,SEA,False
716361,2023,185,DET,CLE,3.0,0.22358920876271243,4.392669160485737,2023-10-01,5.0,2.0,0.5225506169249581,DET,DET,True,DET,True
716362,2023,185,PIT,MIA,3.0,0.13925125657567822,4.392669160485737,2023-10-01,3.0,0.0,0.5140490962848202,PIT,PIT,True,PIT,True
716363,2023,185,SF,LAD,-3.0,-1.4535580301620197,4.392669160485737,2023-10-01,2.0,5.0,0.35655865398310993,LAD,LAD,True,LAD,True
716364,2023,185,MIL,CHC,4.0,1.0290959670828055,4.392669160485737,2023-10-01,4.0,0.0,0.6026862878357426,MIL,MIL,True,MIL,True
716365,2023,185,LAA,ATH,4.0,0.41082763361096797,4.392669160485737,2023-10-01,7.0,3.0,0.5413825859187298,LAA,LAA,True,LAA,True
716367,2023,185,BAL,BOS,-5.0,1.143929665436193,4.392669160485737,2023-10-01,1.0,6.0,0.6138444548565061,BAL,BOS,False,BAL,False
716404,2023,186,NYM,MIA,1.0,0.5050827050998891,4.395036426217366,2023-10-02,1.0,0.0,0.5508029203478352,NYM,NYM,True,NYM,False
745444,2024,0,SD,LAD,-3.0,-0.5656454034139692,4.39484197220065,2024-03-20,2.0,5.0,0.44314217125684713,LAD,LAD,True,LAD,True
746175,2024,1,LAD,SD,-4.0,0.7181116790827692,4.39484197220065,2024-03-21,11.0,15.0,0.5720336891201399,LAD,SD,False,LAD,False
745039,2024,8,TEX,CHC,1.0,-0.39693923300448236,4.39484197220065,2024-03-28,4.0,3.0,0.46003131697020905,CHC,TEX,False,CHC,False
745116,2024,8,TB,TOR,-6.0,0.6898679149584792,4.39484197220065,2024-03-28,2.0,8.0,0.5692297593565953,TB,TOR,False,TB,False
745283,2024,8,SEA,BOS,-2.0,0.6890736757229735,4.39484197220065,2024-03-28,4.0,6.0,0.5691508592488909,SEA,BOS,False,SEA,False
745445,2024,8,SD,SF,2.0,0.7245914472537501,4.39484197220065,2024-03-28,6.0,4.0,0.5726764676976555,SD,SD,True,SD,True
745687,2024,8,ATH,CLE,-8.0,-1.4891523717020883,4.39484197220065,2024-03-28,0.0,8.0,0.3532763502322283,CLE,CLE,True,CLE,True
746089,2024,8,MIA,PIT,-1.0,0.09746428665740497,4.39484197220065,2024-03-28,5.0,6.0,0.50982937386115,MIA,PIT,False,MIA,False
746165,2024,8,LAD,STL,6.0,1.661504506206715,4.39484197220065,2024-03-28,7.0,1.0,0.6627807510252375,LAD,LAD,True,LAD,True
746335,2024,8,KC,MIN,-3.0,-0.9980881960934778,4.39484197220065,2024-03-28,1.0,4.0,0.4003897992362587,MIN,MIN,True,MIN,True
746418,2024,8,HOU,NYY,-1.0,0.40751340461914193,4.39484197220065,2024-03-28,4.0,5.0,0.5410297064351535,HOU,NYY,False,HOU,False
746737,2024,8,CIN,WSH,6.0,0.6571767157994085,4.39484197220065,2024-03-28,8.0,2.0,0.5659799519464559,CIN,CIN,True,CIN,True
746821,2024,8,CWS,DET,-1.0,-0.829789551436623,4.39484197220065,2024-03-28,0.0,1.0,0.416916278124152,DET,DET,True,DET,False
747060,2024,8,BAL,LAA,8.0,1.3600684706068658,4.39484197220065,2024-03-28,11.0,3.0,0.6345222299426572,BAL,BAL,True,BAL,True
747224,2024,8,AZ,COL,15.0,1.2202031248398229,4.39484197220065,2024-03-28,16.0,1.0,0.6211466696903496,AZ,AZ,True,AZ,True
745117,2024,9,TB,TOR,6.0,0.10606295564938663,4.39484197220065,2024-03-29,8.0,2.0,0.5106963590966264,TB,TB,True,TB,True
745276,2024,9,SEA,BOS,1.0,0.5755551598351356,4.39484197220065,2024-03-29,1.0,0.0,0.5578469923186621,SEA,SEA,True,SEA,False
745435,2024,9,SD,SF,-5.0,0.8397091087580846,4.39484197220065,2024-03-29,3.0,8.0,0.5840621861003079,SD,SF,False,SD,False
745604,2024,9,PHI,ATL,-6.0,-0.06624870850647137,4.39484197220065,2024-03-29,3.0,9.0,0.49331838567272607,ATL,ATL,True,ATL,True
745682,2024,9,ATH,CLE,-2.0,-1.0032514227846203,4.39484197220065,2024-03-29,4.0,6.0,0.3998854317627441,CLE,CLE,True,CLE,True
745848,2024,9,NYM,MIL,-2.0,-0.4991380485166763,4.39484197220065,2024-03-29,1.0,3.0,0.449789617674202,MIL,MIL,True,MIL,True
746091,2024,9,MIA,PIT,-5.0,0.49829795532040655,4.39484197220065,2024-03-29,2.0,7.0,0.5501263203518191,MIA,PIT,False,MIA,False
746167,2024,9,LAD,STL,3.0,1.5905491013319586,4.39484197220065,2024-03-29,6.0,3.0,0.6562040622078358,LAD,LAD,True,LAD,True
746412,2024,9,HOU,NYY,-6.0,0.1979131517636888,4.39484197220065,2024-03-29,1.0,7.0,0.5199534389295548,HOU,NYY,False,HOU,False
747223,2024,9,AZ,COL,4.0,1.5481522880573637,4.39484197220065,2024-03-29,7.0,3.0,0.6522515632551695,AZ,AZ,True,AZ,True
745037,2024,10,TEX,CHC,9.0,0.23232463497283723,4.39484197220065,2024-03-30,11.0,2.0,0.5234190834691602,TEX,TEX,True,TEX,True
745119,2024,10,TB,TOR,4.0,0.5049491414418539,4.39484197220065,2024-03-30,5.0,1.0,0.5507917939435811,TB,TB,True,TB,True
745278,2024,10,SEA,BOS,1.0,0.2726213395788054,4.39484197220065,2024-03-30,4.0,3.0,0.5274751700823537,SEA,SEA,True,SEA,False
745436,2024,10,SD,SF,-3.0,0.8232157286548618,4.39484197220065,2024-03-30,6.0,9.0,0.5824349965339981,SD,SF,False,SD,False
745599,2024,10,PHI,ATL,-8.0,0.11409625290000724,4.39484197220065,2024-03-30,4.0,12.0,0.5115062935374731,PHI,ATL,False,PHI,False
745684,2024,10,ATH,CLE,-9.0,-1.398890028008832,4.39484197220065,2024-03-30,3.0,12.0,0.361793232425768,CLE,CLE,True,CLE,True
745850,2024,10,NYM,MIL,-1.0,-0.6181004739388868,4.39484197220065,2024-03-30,6.0,7.0,0.43791042852810713,MIL,MIL,True,MIL,False
746087,2024,10,MIA,PIT,-6.0,-0.22561864346140642,4.39484197220065,2024-03-30,3.0,9.0,0.47725615869138094,PIT,PIT,True,PIT,True
746168,2024,10,LAD,STL,-1.0,1.7850413480637133,4.39484197220065,2024-03-30,5.0,6.0,0.6741122694197115,LAD,STL,False,LAD,False
746333,2024,10,KC,MIN,-4.0,-0.9519610499923561,4.39484197220065,2024-03-30,1.0,5.0,0.40490298727973284,MIN,MIN,True,MIN,True
746410,2024,10,HOU,NYY,-2.0,0.25762972910172127,4.39484197220065,2024-03-30,3.0,5.0,0.5259664916148382,HOU,NYY,False,HOU,False
746736,2024,10,CIN,WSH,-1.0,1.0147839312440765,4.39484197220065,2024-03-30,6.0,7.0,0.6012405119738563,CIN,WSH,False,CIN,False
746818,2024,10,CWS,DET,-1.0,-0.6127565261667802,4.39484197220065,2024-03-30,6.0,7.0,0.4384429406098967,DET,DET,True,DET,False
747063,2024,10,BAL,LAA,9.0,1.6334613536785938,4.39484197220065,2024-03-30,13.0,4.0,0.6601873011416058,BAL,BAL,True,BAL,True
747221,2024,10,AZ,COL,-5.0,1.486325009272043,4.39484197220065,2024-03-30,4.0,9.0,0.6464579539516828,AZ,COL,False,AZ,False
745035,2024,11,TEX,CHC,-4.0,0.6717417001532053,4.39484197220065,2024-03-31,5.0,9.0,0.5674284104825769,TEX,CHC,False,TEX,False
745115,2024,11,TB,TOR,-7.0,0.556452927387699,4.39484197220065,2024-03-31,2.0,9.0,0.5559399450017991,TB,TOR,False,TB,False
745279,2024,11,SEA,BOS,-4.0,0.3862024387487062,4.39484197220065,2024-03-31,1.0,5.0,0.5388910506408742,SEA,BOS,False,SEA,False
745438,2024,11,SD,SF,9.0,0.7968935288747666,4.39484197220065,2024-03-31,13.0,4.0,0.579835208442427,SD,SD,True,SD,True
745602,2024,11,PHI,ATL,1.0,-0.3085478572821567,4.39484197220065,2024-03-31,5.0,4.0,0.4689110147952613,ATL,PHI,False,ATL,False
745683,2024,11,ATH,CLE,1.0,-1.367431057398807,4.39484197220065,2024-03-31,4.0,3.0,0.3647780233673823,CLE,ATH,False,CLE,False
745845,2024,11,NYM,MIL,-3.0,-0.6993168007990218,4.39484197220065,2024-03-31,1.0,4.0,0.42983179661867643,MIL,MIL,True,MIL,True
746090,2024,11,MIA,PIT,-2.0,0.3070025895298692,4.39484197220065,2024-03-31,7.0,9.0,0.5309335987132459,MIA,PIT,False,MIA,False
746166,2024,11,LAD,STL,1.0,1.571334697261734,4.39484197220065,2024-03-31,5.0,4.0,0.6544148575023545,LAD,LAD,True,LAD,False
746332,2024,11,KC,MIN,11.0,-1.1307274130756249,4.39484197220065,2024-03-31,11.0,0.0,0.3874879468223455,MIN,KC,False,MIN,False
746413,2024,11,HOU,NYY,-1.0,0.2662262976069477,4.39484197220065,2024-03-31,3.0,4.0,0.5268316529368632,HOU,NYY,False,HOU,False
746739,2024,11,CIN,WSH,1.0,0.8063983155908581,4.39484197220065,2024-03-31,6.0,5.0,0.5807743842908496,CIN,CIN,True,CIN,False
746815,2024,11,CWS,DET,-1.0,-0.8086491157262744,4.39484197220065,2024-03-31,2.0,3.0,0.41900327945371574,DET,DET,True,DET,False
747062,2024,11,BAL,LAA,-3.0,1.2827972791049014,4.39484197220065,2024-03-31,1.0,4.0,0.6271516935541503,BAL,LAA,False,BAL,False
747222,2024,11,AZ,COL,4.0,1.811011332724631,4.39484197220065,2024-03-31,5.0,1.0,0.6764745061863475,AZ,AZ,True,AZ,True
744875,2024,12,WSH,PIT,-4.0,-0.7068405836753964,4.39484197220065,2024-04-01,4.0,8.0,0.42908483302950334,PIT,PIT,True,PIT,True
745109,2024,12,TB,TEX,-6.0,0.21895159234181621,4.39484197220065,2024-04-01,3.0,9.0,0.5220724554072563,TB,TEX,False,TB,False
745277,2024,12,SEA,CLE,1.0,0.18157783201882738,4.39484197220065,2024-04-01,5.0,4.0,0.5183077342433302,SEA,SEA,True,SEA,False
745437,2024,12,SD,STL,-4.0,0.8725710778763186,4.39484197220065,2024-04-01,2.0,6.0,0.587299934798533,SD,STL,False,SD,False
745600,2024,12,PHI,CIN,-3.0,0.8666263475758795,4.39484197220065,2024-04-01,3.0,6.0,0.5867146591032875,PHI,CIN,False,PHI,False
745675,2024,12,ATH,BOS,-9.0,-1.2970242821016682,4.39484197220065,2024-04-01,0.0,9.0,0.37148766608421246,BOS,BOS,True,BOS,True
745842,2024,12,NYM,DET,-5.0,0.18358782116232664,4.39484197220065,2024-04-01,0.0,5.0,0.5185102483574562,NYM,DET,False,NYM,False
746085,2024,12,MIA,LAA,-3.0,0.556478085681946,4.39484197220065,2024-04-01,4.0,7.0,0.5559424575103924,MIA,LAA,False,MIA,False
746170,2024,12,LAD,SF,5.0,0.884883866146286,4.39484197220065,2024-04-01,8.0,3.0,0.5885115454836807,LAD,LAD,True,LAD,True
746409,2024,12,HOU,TOR,10.0,-0.08764080961361746,4.39484197220065,2024-04-01,10.0,0.0,0.4911611627269973,TOR,HOU,False,TOR,False
746817,2024,12,CWS,ATL,-9.0,-1.5811256643419302,4.39484197220065,2024-04-01,0.0,9.0,0.34467299422571285,ATL,ATL,True,ATL,True
746899,2024,12,CHC,COL,5.0,1.5476551990292926,4.39484197220065,2024-04-01,5.0,0.0,0.6522051221635512,CHC,CHC,True,CHC,True
747058,2024,12,BAL,KC,2.0,1.3223241854477896,4.39484197220065,2024-04-01,6.0,4.0,0.6309279907562138,BAL,BAL,True,BAL,True
747218,2024,12,AZ,NYY,-3.0,-0.09273159698485374,4.39484197220065,2024-04-01,2.0,5.0,0.4906478331016658,NYY,NYY,True,NYY,True
745111,2024,13,TB,TEX,3.0,0.4543186095550584,4.399455201916005,2024-04-02,5.0,2.0,0.5456748433536834,TB,TB,True,TB,True
745273,2024,13,SEA,CLE,-3.0,0.1443923479819459,4.399455201916005,2024-04-02,2.0,5.0,0.5145450957754524,SEA,CLE,False,SEA,False
745439,2024,13,SD,STL,-3.0,0.627819646645353,4.399455201916005,2024-04-02,2.0,5.0,0.5629922065597849,SD,STL,False,SD,False
745598,2024,13,PHI,CIN,5.0,0.4662420651403033,4.399455201916005,2024-04-02,9.0,4.0,0.5468681065696549,PHI,PHI,True,PHI,True
745680,2024,13,ATH,BOS,-1.0,-1.4712273906856754,4.399455201916005,2024-04-02,4.0,5.0,0.3551072311396997,BOS,BOS,True,BOS,False
746009,2024,13,MIL,MIN,1.0,0.19685181756485887,4.399455201916005,2024-04-02,3.0,2.0,0.5198257309141159,MIL,MIL,True,MIL,False
746086,2024,13,MIA,LAA,-2.0,0.45275823987797864,4.399455201916005,2024-04-02,1.0,3.0,0.5455186555533986,MIA,LAA,False,MIA,False
746169,2024,13,LAD,SF,1.0,1.109816024296597,4.399455201916005,2024-04-02,5.0,4.0,0.6103729786212255,LAD,LAD,True,LAD,False
746411,2024,13,HOU,TOR,-1.0,0.04586354772612499,4.399455201916005,2024-04-02,1.0,2.0,0.5046209002249078,HOU,TOR,False,HOU,False
746814,2024,13,CWS,ATL,1.0,-1.5803594319058436,4.399455201916005,2024-04-02,3.0,2.0,0.3448986781773099,ATL,CWS,False,ATL,False
746898,2024,13,CHC,COL,10.0,1.0373445666724104,4.399455201916005,2024-04-02,12.0,2.0,0.6033347060921467,CHC,CHC,True,CHC,True
747057,2024,13,BAL,KC,-3.0,1.713073545411195,4.399455201916005,2024-04-02,1.0,4.0,0.6673647071386396,BAL,KC,False,BAL,False
747220,2024,13,AZ,NYY,7.0,-0.1481051047266836,4.399455201916005,2024-04-02,7.0,0.0,0.48508107875434725,NYY,AZ,False,NYY,False
744869,2024,14,WSH,PIT,2.0,-1.2932226219635619,4.399455201916005,2024-04-03,5.0,3.0,0.37198075514989026,PIT,WSH,False,PIT,False
745114,2024,14,TB,TEX,-3.0,0.6049454301831205,4.399455201916005,2024-04-03,1.0,4.0,0.5607152642051657,TB,TEX,False,TB,False
745275,2024,14,SEA,CLE,-8.0,0.7772143050291702,4.399455201916005,2024-04-03,0.0,8.0,0.577808618457937,SEA,CLE,False,SEA,False
745440,2024,14,SD,STL,1.0,0.873713305808079,4.399455201916005,2024-04-03,3.0,2.0,0.5873221872213215,SD,SD,True,SD,False
745603,2024,14,PHI,CIN,-3.0,1.024631039192825,4.399455201916005,2024-04-03,1.0,4.0,0.6020964452172111,PHI,CIN,False,PHI,False
745678,2024,14,ATH,BOS,-1.0,-1.432105112787308,4.399455201916005,2024-04-03,0.0,1.0,0.3587927888221806,BOS,BOS,True,BOS,False
746008,2024,14,MIL,MIN,-4.0,0.009458370510013595,4.399455201916005,2024-04-03,3.0,7.0,0.5009529817110857,MIL,MIN,False,MIL,False
746083,2024,14,MIA,LAA,-8.0,0.514416894194469,4.399455201916005,2024-04-03,2.0,10.0,0.5516848795285046,MIA,LAA,False,MIA,False
746163,2024,14,LAD,SF,1.0,1.5083494217925446,4.399455201916005,2024-04-03,5.0,4.0,0.6483774081685542,LAD,LAD,True,LAD,False
746407,2024,14,HOU,TOR,8.0,-0.09132004139101764,4.399455201916005,2024-04-03,8.0,0.0,0.4907998214539969,TOR,HOU,False,TOR,False
746900,2024,14,CHC,COL,1.0,1.4991322341275186,4.399455201916005,2024-04-03,9.0,8.0,0.6475133413839893,CHC,CHC,True,CHC,False
747059,2024,14,BAL,KC,1.0,1.3754631808211815,4.399455201916005,2024-04-03,4.0,3.0,0.6358478976558313,BAL,BAL,True,BAL,False
747219,2024,14,AZ,NYY,-1.0,0.2751744632513344,4.399455201916005,2024-04-03,5.0,6.0,0.5277030318372403,AZ,NYY,False,AZ,False
744870,2024,15,WSH,PIT,-3.0,-0.4579549750497089,4.399455201916005,2024-04-04,4.0,7.0,0.4539611960367013,PIT,PIT,True,PIT,True
745200,2024,15,STL,MIA,3.0,0.15983839689561669,4.399455201916005,2024-04-04,8.0,5.0,0.5161002207466356,STL,STL,True,STL,True
745844,2024,15,NYM,DET,-3.0,0.06896884713746537,4.399455201916005,2024-04-04,3.0,6.0,0.5069486376049994,NYM,DET,False,NYM,False
745928,2024,15,MIN,CLE,-2.0,0.6070265550337104,4.399455201916005,2024-04-04,2.0,4.0,0.5609225075289689,MIN,CLE,False,MIN,False
746327,2024,15,KC,CWS,9.0,0.737142793583463,4.399455201916005,2024-04-04,10.0,1.0,0.5738443621629591,KC,KC,True,KC,True
745843,2024,15,NYM,DET,1.0,-0.026512542667413277,4.399455201916005,2024-04-04,2.0,1.0,0.4973287361201856,DET,NYM,False,DET,False
744874,2024,16,WSH,PHI,-4.0,-1.6444478466944015,4.399455201916005,2024-04-05,0.0,4.0,0.33895528351039994,PHI,PHI,True,PHI,True
745033,2024,16,TEX,HOU,8.0,0.13553140252017326,4.399455201916005,2024-04-05,10.0,2.0,0.5136528647848927,TEX,TEX,True,TEX,True
745361,2024,16,SF,SD,1.0,-0.38422579000618234,4.399455201916005,2024-04-05,3.0,2.0,0.4613478188316422,SD,SF,False,SD,False
745524,2024,16,PIT,BAL,-3.0,-0.8569253706098969,4.399455201916005,2024-04-05,2.0,5.0,0.41432937349032317,BAL,BAL,True,BAL,True
745764,2024,16,NYY,TOR,-3.0,-0.07684653338121274,4.399455201916005,2024-04-05,0.0,3.0,0.4922577770471836,TOR,TOR,True,TOR,True
746007,2024,16,MIL,SEA,1.0,0.032045810010664894,4.399455201916005,2024-04-05,6.0,5.0,0.5032287555739768,MIL,MIL,True,MIL,False
746249,2024,16,LAA,BOS,-2.0,-1.0616817408792913,4.399455201916005,2024-04-05,6.0,8.0,0.3942978377765289,BOS,BOS,True,BOS,True
746328,2024,16,KC,CWS,1.0,1.044353147015993,4.399455201916005,2024-04-05,2.0,1.0,0.6040168771434478,KC,KC,True,KC,False
746497,2024,16,DET,ATH,1.0,1.696312512960877,4.399455201916005,2024-04-05,5.0,4.0,0.665825421043508,DET,DET,True,DET,False
746576,2024,16,COL,TB,3.0,-1.9804785647336953,4.399455201916005,2024-04-05,10.0,7.0,0.30847319074917995,TB,COL,False,TB,False
746733,2024,16,CIN,NYM,-1.0,-0.22350496596240266,4.399455201916005,2024-04-05,2.0,3.0,0.47749260421717743,NYM,NYM,True,NYM,False
746897,2024,16,CHC,LAD,2.0,-1.0015409524252206,4.399455201916005,2024-04-05,9.0,7.0,0.4001550865638584,LAD,CHC,False,LAD,False
747143,2024,16,ATL,AZ,1.0,0.8870773898613613,4.399455201916005,2024-04-05,6.0,5.0,0.5886358141508097,ATL,ATL,True,ATL,False
744873,2024,17,WSH,PHI,-3.0,-1.1279439902423853,4.399455201916005,2024-04-06,2.0,5.0,0.3878720186090004,PHI,PHI,True,PHI,True
745031,2024,17,TEX,HOU,5.0,0.13757309853098992,4.399455201916005,2024-04-06,7.0,2.0,0.513858454537925,TEX,TEX,True,TEX,True
745197,2024,17,STL,MIA,2.0,0.37505284441131764,4.399455201916005,2024-04-06,3.0,1.0,0.5377321953495071,STL,STL,True,STL,True
745359,2024,17,SF,SD,-4.0,-0.24989598993953294,4.399455201916005,2024-04-06,0.0,4.0,0.4748383159799538,SD,SD,True,SD,True
745522,2024,17,PIT,BAL,1.0,-0.7378824837259912,4.399455201916005,2024-04-06,5.0,4.0,0.4260823916957298,BAL,PIT,False,BAL,False
745766,2024,17,NYY,TOR,1.0,-0.14200585388358022,4.399455201916005,2024-04-06,9.0,8.0,0.48569519936756395,TOR,NYY,False,TOR,False
745926,2024,17,MIN,CLE,-2.0,0.6690187988506021,4.399455201916005,2024-04-06,1.0,3.0,0.5670879386439609,MIN,CLE,False,MIN,False
746006,2024,17,MIL,SEA,-2.0,0.20730027049331212,4.399455201916005,2024-04-06,3.0,5.0,0.5208770993442688,MIL,SEA,False,MIL,False
746248,2024,17,LAA,BOS,1.0,-1.0309709513087428,4.399455201916005,2024-04-06,2.0,1.0,0.39728593623908687,BOS,LAA,False,BOS,False
746329,2024,17,KC,CWS,3.0,0.924901730444012,4.399455201916005,2024-04-06,3.0,0.0,0.5923483407323223,KC,KC,True,KC,True
746498,2024,17,DET,ATH,-4.0,1.364028003161363,4.399455201916005,2024-04-06,0.0,4.0,0.6347626603143283,DET,ATH,False,DET,False
746575,2024,17,COL,TB,-2.0,-1.7017564276575818,4.399455201916005,2024-04-06,6.0,8.0,0.33367431767181666,TB,TB,True,TB,True
746731,2024,17,CIN,NYM,3.0,-0.07207244290593025,4.399455201916005,2024-04-06,9.0,6.0,0.4927387077287016,NYM,CIN,False,NYM,False
746896,2024,17,CHC,LAD,-3.0,-0.8460492369483084,4.399455201916005,2024-04-06,1.0,4.0,0.4154001550564328,LAD,LAD,True,LAD,True
747140,2024,17,ATL,AZ,1.0,0.30402526971128846,4.399455201916005,2024-04-06,9.0,8.0,0.5306021373871944,ATL,ATL,True,ATL,False
744871,2024,18,WSH,PHI,1.0,-1.3620362057021982,4.399455201916005,2024-04-07,3.0,2.0,0.3654264787458308,PHI,WSH,False,PHI,False
745032,2024,18,TEX,HOU,-2.0,0.25033492909444627,4.399455201916005,2024-04-07,1.0,3.0,0.5252058213961467,TEX,HOU,False,TEX,False
745198,2024,18,STL,MIA,-7.0,0.10099267368162639,4.399455201916005,2024-04-07,3.0,10.0,0.5101744616312386,STL,MIA,False,STL,False
745362,2024,18,SF,SD,1.0,-0.07099231887221712,4.399455201916005,2024-04-07,3.0,2.0,0.4928475183806721,SD,SF,False,SD,False
745523,2024,18,PIT,BAL,1.0,-0.48840225267265996,4.399455201916005,2024-04-07,3.0,2.0,0.4509153010461097,BAL,PIT,False,BAL,False
745765,2024,18,NYY,TOR,5.0,0.1382344396377544,4.399455201916005,2024-04-07,8.0,3.0,0.5139250478735591,NYY,NYY,True,NYY,True
746003,2024,18,MIL,SEA,8.0,0.39248490704026434,4.399455201916005,2024-04-07,12.0,4.0,0.5394803392399988,MIL,MIL,True,MIL,True
746251,2024,18,LAA,BOS,-10.0,-0.8701050002717672,4.399455201916005,2024-04-07,2.0,12.0,0.4130326607250171,BOS,BOS,True,BOS,True
746330,2024,18,KC,CWS,2.0,0.6622507037175063,4.399455201916005,2024-04-07,5.0,3.0,0.566415584263728,KC,KC,True,KC,True
746493,2024,18,DET,ATH,-6.0,1.170055201115367,4.399455201916005,2024-04-07,1.0,7.0,0.6161959615482578,DET,ATH,False,DET,False
746574,2024,18,COL,TB,-1.0,-1.6381751921553471,4.399455201916005,2024-04-07,2.0,3.0,0.3395352562205716,TB,TB,True,TB,False
746734,2024,18,CIN,NYM,-2.0,-0.30942735541568134,4.399455201916005,2024-04-07,1.0,3.0,0.4688552036184494,NYM,NYM,True,NYM,True
746895,2024,18,CHC,LAD,7.0,-0.7708902027742942,4.399455201916005,2024-04-07,8.0,1.0,0.4228165092626005,LAD,CHC,False,LAD,False
747141,2024,18,ATL,AZ,3.0,0.8647039649382557,4.399455201916005,2024-04-07,5.0,2.0,0.5864360579959377,ATL,ATL,True,ATL,True
744956,2024,19,TOR,SEA,3.0,-0.11709307720597305,4.399455201916005,2024-04-08,5.0,2.0,0.48820395071569045,SEA,TOR,False,SEA,False
745034,2024,19,TEX,HOU,-5.0,0.26593001120624254,4.399455201916005,2024-04-08,5.0,10.0,0.5267737747496499,TEX,HOU,False,TEX,False
745194,2024,19,STL,PHI,-2.0,-0.6575735917470925,4.399455201916005,2024-04-08,3.0,5.0,0.43404916064782206,PHI,PHI,True,PHI,True
745363,2024,19,SF,WSH,-7.0,0.8406266319396015,4.399455201916005,2024-04-08,1.0,8.0,0.5840657410782734,SF,WSH,False,SF,False
745432,2024,19,SD,CHC,1.0,0.12691469578039255,4.399455201916005,2024-04-08,9.0,8.0,0.5127851612202508,SD,SD,True,SD,False
745520,2024,19,PIT,DET,3.0,0.31481002789809803,4.399455201916005,2024-04-08,7.0,4.0,0.5316854477053917,PIT,PIT,True,PIT,True
745761,2024,19,NYY,MIA,7.0,0.7434310824959987,4.399455201916005,2024-04-08,7.0,0.0,0.5744669642569712,NYY,NYY,True,NYY,True
745925,2024,19,MIN,LAD,-2.0,-0.4630877205592599,4.399455201916005,2024-04-08,2.0,4.0,0.45344752993704573,LAD,LAD,True,LAD,True
746252,2024,19,LAA,TB,6.0,-1.2812198453319197,4.399455201916005,2024-04-08,7.0,1.0,0.3731278530526153,TB,LAA,False,TB,False
746569,2024,19,COL,AZ,2.0,-1.4182569846756317,4.399455201916005,2024-04-08,7.0,5.0,0.36010054513823075,AZ,COL,False,AZ,False
746654,2024,19,CLE,CWS,4.0,1.3694973768879983,4.399455201916005,2024-04-08,4.0,0.0,0.6352818577927738,CLE,CLE,True,CLE,True
746735,2024,19,CIN,MIL,2.0,-0.6246857968053965,4.399455201916005,2024-04-08,10.0,8.0,0.43731962114010936,MIL,CIN,False,MIL,False
747142,2024,19,ATL,NYM,-1.0,1.0957846346003348,4.399455201916005,2024-04-08,7.0,8.0,0.6090130241905314,ATL,NYM,False,ATL,False
744957,2024,20,TOR,SEA,2.0,-0.3098474430626557,4.396112657796006,2024-04-09,5.0,3.0,0.468789342383724,SEA,TOR,False,SEA,False
745030,2024,20,TEX,ATH,-1.0,1.934751150633033,4.396112657796006,2024-04-09,3.0,4.0,0.6875811172062054,TEX,ATH,False,TEX,False
745195,2024,20,STL,PHI,3.0,-0.805338369480813,4.396112657796006,2024-04-09,3.0,0.0,0.41935332424206495,PHI,STL,False,PHI,False
745357,2024,20,SF,WSH,-2.0,0.5726090671153076,4.396112657796006,2024-04-09,3.0,5.0,0.5575364394449122,SF,WSH,False,SF,False
745433,2024,20,SD,CHC,-4.0,0.011917667174064686,4.396112657796006,2024-04-09,1.0,5.0,0.501201681399482,SD,CHC,False,SD,False
745517,2024,20,PIT,DET,-2.0,0.016427014486316727,4.396112657796006,2024-04-09,3.0,5.0,0.5016563653444653,PIT,DET,False,PIT,False
745762,2024,20,NYY,MIA,1.0,0.6634188586810706,4.396112657796006,2024-04-09,3.0,2.0,0.5665817591817448,NYY,NYY,True,NYY,False
745924,2024,20,MIN,LAD,-3.0,-0.8519300197625085,4.396112657796006,2024-04-09,3.0,6.0,0.41475732864368053,LAD,LAD,True,LAD,True
746250,2024,20,LAA,TB,-2.0,-0.9726979540189388,4.396112657796006,2024-04-09,4.0,6.0,0.40289994925668055,TB,TB,True,TB,True
746326,2024,20,KC,HOU,1.0,-0.7258262077690852,4.396112657796006,2024-04-09,4.0,3.0,0.42722187595557326,HOU,KC,False,HOU,False
746571,2024,20,COL,AZ,-1.0,-1.3418313339192718,4.396112657796006,2024-04-09,2.0,3.0,0.36724990068846797,AZ,AZ,True,AZ,False
746653,2024,20,CLE,CWS,-2.0,1.5307002926964277,4.396112657796006,2024-04-09,5.0,7.0,0.6505783211781574,CLE,CWS,False,CLE,False
746732,2024,20,CIN,MIL,-4.0,-0.6753200266340639,4.396112657796006,2024-04-09,5.0,9.0,0.43223527322130545,MIL,MIL,True,MIL,True
746981,2024,20,BOS,BAL,-6.0,-0.3613140344288697,4.396112657796006,2024-04-09,1.0,7.0,0.46361852800093667,BAL,BAL,True,BAL,True
747138,2024,20,ATL,NYM,1.0,0.829993690246611,4.396112657796006,2024-04-09,6.0,5.0,0.5830801927061589,ATL,ATL,True,ATL,False
744950,2024,21,TOR,SEA,-5.0,0.1354913337426647,4.396112657796006,2024-04-10,1.0,6.0,0.5136592037084816,TOR,SEA,False,TOR,False
745024,2024,21,TEX,ATH,4.0,1.917019873189156,4.396112657796006,2024-04-10,6.0,2.0,0.6859929814081215,TEX,TEX,True,TEX,True
745196,2024,21,STL,PHI,-1.0,-0.9713846653381623,4.396112657796006,2024-04-10,3.0,4.0,0.4030284341322162,PHI,PHI,True,PHI,False
745355,2024,21,SF,WSH,6.0,0.6873737995241384,4.396112657796006,2024-04-10,7.0,1.0,0.568962244215037,SF,SF,True,SF,True
745429,2024,21,SD,CHC,8.0,-0.08894277301592522,4.396112657796006,2024-04-10,10.0,2.0,0.49103247015462925,CHC,SD,False,CHC,False
745763,2024,21,NYY,MIA,-3.0,0.9805723057289198,4.396112657796006,2024-04-10,2.0,5.0,0.5978702132497196,NYY,MIA,False,NYY,False
745923,2024,21,MIN,LAD,1.0,-0.6137445912755144,4.396112657796006,2024-04-10,3.0,2.0,0.4383621526407208,LAD,MIN,False,LAD,False
746247,2024,21,LAA,TB,-2.0,-1.0426099884838778,4.396112657796006,2024-04-10,2.0,4.0,0.39607561208926156,TB,TB,True,TB,True
746323,2024,21,KC,HOU,9.0,-0.9412892069857551,4.396112657796006,2024-04-10,11.0,2.0,0.40597564952776777,HOU,KC,False,HOU,False
746573,2024,21,COL,AZ,-2.0,-0.9608923690609769,4.396112657796006,2024-04-10,3.0,5.0,0.40405531706812514,AZ,AZ,True,AZ,True
746655,2024,21,CLE,CWS,1.0,1.8131071600817972,4.396112657796006,2024-04-10,7.0,6.0,0.6766172465255356,CLE,CLE,True,CLE,False
746728,2024,21,CIN,MIL,-5.0,-0.48313707758949703,4.396112657796006,2024-04-10,2.0,7.0,0.4514050811633673,MIL,MIL,True,MIL,True
746980,2024,21,BOS,BAL,-2.0,-0.17655930936062386,4.396112657796006,2024-04-10,5.0,7.0,0.4822030639014718,BAL,BAL,True,BAL,True
745029,2024,22,TEX,ATH,-1.0,2.0746179664800226,4.396112657796006,2024-04-11,0.0,1.0,0.6999847623410993,TEX,ATH,False,TEX,False
745601,2024,22,PHI,PIT,4.0,0.25294187495078957,4.396112657796006,2024-04-11,5.0,1.0,0.5254872935195285,PHI,PHI,True,PHI,True
746322,2024,22,KC,HOU,10.0,-0.5567400448828307,4.396112657796006,2024-04-11,13.0,3.0,0.4440474523631342,HOU,KC,False,HOU,False
746977,2024,22,BOS,BAL,-5.0,-0.26265543197845953,4.396112657796006,2024-04-11,4.0,9.0,0.4735353454715778,BAL,BAL,True,BAL,True
747137,2024,22,ATL,NYM,-12.0,1.2064952883690796,4.396112657796006,2024-04-11,4.0,16.0,0.6197940512583303,ATL,NYM,False,ATL,False
744954,2024,23,TOR,COL,-8.0,1.1361558624493102,4.396112657796006,2024-04-12,4.0,12.0,0.6130057636381839,TOR,COL,False,TOR,False
745112,2024,23,TB,SF,1.0,0.3361384081606418,4.396112657796006,2024-04-12,2.0,1.0,0.5338528066694334,TB,TB,True,TB,False
745274,2024,23,SEA,CHC,2.0,-0.29609146361510663,4.396112657796006,2024-04-12,4.0,2.0,0.47017232508489076,CHC,SEA,False,CHC,False
745596,2024,23,PHI,PIT,-3.0,0.8543170860536168,4.396112657796006,2024-04-12,2.0,5.0,0.5854778333170981,PHI,PIT,False,PHI,False
745679,2024,23,ATH,WSH,1.0,-0.4176079016580463,4.396112657796006,2024-04-12,2.0,1.0,0.45796978088328577,WSH,ATH,False,WSH,False
745838,2024,23,NYM,KC,5.0,0.19810203910519775,4.396112657796006,2024-04-12,6.0,1.0,0.5199666983143886,NYM,NYM,True,NYM,True
746084,2024,23,MIA,ATL,-7.0,-1.1850063142175287,4.396112657796006,2024-04-12,1.0,8.0,0.38227599388720424,ATL,ATL,True,ATL,True
746162,2024,23,LAD,SD,-1.0,0.7744345443120229,4.396112657796006,2024-04-12,7.0,8.0,0.5775920708720604,LAD,SD,False,LAD,False
746408,2024,23,HOU,TEX,-4.0,-0.0036580044395937844,4.396112657796006,2024-04-12,8.0,12.0,0.49963115584190415,TEX,TEX,True,TEX,True
746491,2024,23,DET,MIN,6.0,-0.22680491748136683,4.396112657796006,2024-04-12,8.0,2.0,0.47714330648504927,MIN,DET,False,MIN,False
746812,2024,23,CWS,CIN,-10.0,-0.839111481215675,4.396112657796006,2024-04-12,1.0,11.0,0.4160206681511854,CIN,CIN,True,CIN,True
746978,2024,23,BOS,LAA,-7.0,0.7242533201510336,4.396112657796006,2024-04-12,0.0,7.0,0.5726221672541704,BOS,LAA,False,BOS,False
747055,2024,23,BAL,MIL,-10.0,-0.22694333569533104,4.396112657796006,2024-04-12,1.0,11.0,0.47712937241535225,MIL,MIL,True,MIL,True
747217,2024,23,AZ,STL,-3.0,0.5421620953953027,4.396112657796006,2024-04-12,6.0,9.0,0.5544967295636749,AZ,STL,False,AZ,False
744953,2024,24,TOR,COL,2.0,1.2589502408510829,4.396112657796006,2024-04-13,5.0,3.0,0.624832568654299,TOR,TOR,True,TOR,True
745110,2024,24,TB,SF,-9.0,0.4534793796100715,4.396112657796006,2024-04-13,2.0,11.0,0.5456253532189762,TB,SF,False,TB,False
745272,2024,24,SEA,CHC,-3.0,-0.45417922910954217,4.396112657796006,2024-04-13,1.0,4.0,0.45430454220680294,CHC,CHC,True,CHC,True
745594,2024,24,PHI,PIT,1.0,0.5103369404469168,4.396112657796006,2024-04-13,4.0,3.0,0.5513160018451764,PHI,PHI,True,PHI,False
745676,2024,24,ATH,WSH,-2.0,-0.15163258373264343,4.396112657796006,2024-04-13,1.0,3.0,0.48471431261737946,WSH,WSH,True,WSH,True
745839,2024,24,NYM,KC,-4.0,0.6404994233974827,4.396112657796006,2024-04-13,7.0,11.0,0.5643019113450142,NYM,KC,False,NYM,False
746082,2024,24,MIA,ATL,4.0,-1.3758307461212462,4.396112657796006,2024-04-13,5.0,1.0,0.3640180160745752,ATL,MIA,False,ATL,False
746161,2024,24,LAD,SD,3.0,0.8245743005889904,4.396112657796006,2024-04-13,5.0,2.0,0.5825455603112146,LAD,LAD,True,LAD,True
746405,2024,24,HOU,TEX,7.0,0.04235974697311503,4.396112657796006,2024-04-13,9.0,2.0,0.5042711399641395,HOU,HOU,True,HOU,True
746489,2024,24,DET,MIN,-6.0,-0.5244815578852015,4.396112657796006,2024-04-13,5.0,11.0,0.4472699113187838,MIN,MIN,True,MIN,True
746656,2024,24,CLE,NYY,-1.0,-0.00968788253180071,4.396112657796006,2024-04-13,2.0,3.0,0.4990231515916545,NYY,NYY,True,NYY,False
746811,2024,24,CWS,CIN,-5.0,-0.5724833947257627,4.396112657796006,2024-04-13,0.0,5.0,0.4424761003757175,CIN,CIN,True,CIN,True
746979,2024,24,BOS,LAA,5.0,0.853704143346162,4.396112657796006,2024-04-13,7.0,2.0,0.5854174521539913,BOS,BOS,True,BOS,True
747054,2024,24,BAL,MIL,-6.0,0.07687781194234605,4.396112657796006,2024-04-13,5.0,11.0,0.5077512622288337,BAL,MIL,False,BAL,False
747215,2024,24,AZ,STL,2.0,0.4718500063600944,4.396112657796006,2024-04-13,4.0,2.0,0.5474650784351935,AZ,AZ,True,AZ,True
746490,2024,24,DET,MIN,-3.0,-0.2532741337239498,4.396112657796006,2024-04-13,1.0,4.0,0.4744792726201296,MIN,MIN,True,MIN,True
746658,2024,24,CLE,NYY,-6.0,0.08872349129965364,4.396112657796006,2024-04-13,2.0,8.0,0.5089454247853744,CLE,NYY,False,CLE,False
744952,2024,25,TOR,COL,5.0,1.410527834494017,4.396112657796006,2024-04-14,5.0,0.0,0.6392702441364988,TOR,TOR,True,TOR,True
745113,2024,25,TB,SF,5.0,0.6944836687759873,4.396112657796006,2024-04-14,9.0,4.0,0.5696682986142223,TB,TB,True,TB,True
745271,2024,25,SEA,CHC,-1.0,0.026183188456753645,4.396112657796006,2024-04-14,2.0,3.0,0.5026400861854948,SEA,CHC,False,SEA,False
745595,2024,25,PHI,PIT,-7.0,0.7110444265150252,4.396112657796006,2024-04-14,2.0,9.0,0.5713120180519404,PHI,PIT,False,PHI,False
745681,2024,25,ATH,WSH,1.0,-0.15695430012402556,4.396112657796006,2024-04-14,7.0,6.0,0.4841781207794794,WSH,ATH,False,WSH,False
745841,2024,25,NYM,KC,1.0,0.14292350315439176,4.396112657796006,2024-04-14,2.0,1.0,0.5144081410123797,NYM,NYM,True,NYM,False
746079,2024,25,MIA,ATL,-2.0,-1.090606927856697,4.396112657796006,2024-04-14,7.0,9.0,0.3914087114298932,ATL,ATL,True,ATL,True
746164,2024,25,LAD,SD,-3.0,0.4232749289235014,4.396112657796006,2024-04-14,3.0,6.0,0.5425984199720547,LAD,SD,False,LAD,False
746404,2024,25,HOU,TEX,3.0,0.15321774716119962,4.396112657796006,2024-04-14,8.0,5.0,0.515445404144085,HOU,HOU,True,HOU,True
746492,2024,25,DET,MIN,1.0,-0.32924435203474395,4.396112657796006,2024-04-14,4.0,3.0,0.4668398820691017,MIN,DET,False,MIN,False
746648,2024,25,CLE,NYY,1.0,-0.15771466861630795,4.396112657796006,2024-04-14,8.0,7.0,0.4841015118363084,NYY,CLE,False,NYY,False
746810,2024,25,CWS,CIN,-7.0,-0.9950310473007556,4.396112657796006,2024-04-14,4.0,11.0,0.40071661935469666,CIN,CIN,True,CIN,True
746975,2024,25,BOS,LAA,1.0,0.4848987396181086,4.396112657796006,2024-04-14,5.0,4.0,0.5487712266457359,BOS,BOS,True,BOS,False
747056,2024,25,BAL,MIL,2.0,-0.040955068356309424,4.396112657796006,2024-04-14,6.0,4.0,0.49587048885682394,MIL,BAL,False,MIL,False
747216,2024,25,AZ,STL,5.0,0.46008600887525336,4.396112657796006,2024-04-14,5.0,0.0,0.5462870884855812,AZ,AZ,True,AZ,True
744951,2024,26,TOR,NYY,2.0,-0.06024408627185811,4.396112657796006,2024-04-15,3.0,1.0,0.4939256979587429,NYY,TOR,False,NYY,False
745106,2024,26,TB,LAA,-4.0,0.8733042340108138,4.396112657796006,2024-04-15,3.0,7.0,0.5873472555480306,TB,LAA,False,TB,False
745268,2024,26,SEA,CIN,6.0,0.577371433658782,4.396112657796006,2024-04-15,9.0,3.0,0.5580115944842777,SEA,SEA,True,SEA,True
745597,2024,26,PHI,COL,1.0,1.6552434177965791,4.396112657796006,2024-04-15,2.0,1.0,0.6621581744364236,PHI,PHI,True,PHI,False
745677,2024,26,ATH,STL,-2.0,-0.8861689356844871,4.396112657796006,2024-04-15,1.0,3.0,0.4113872436715703,STL,STL,True,STL,True
745840,2024,26,NYM,PIT,3.0,0.23829543017154342,4.396112657796006,2024-04-15,6.0,3.0,0.5240133058466376,NYM,NYM,True,NYM,True
746002,2024,26,MIL,SD,-4.0,0.18838258483017623,4.396112657796006,2024-04-15,3.0,7.0,0.518987833974508,MIL,SD,False,MIL,False
746080,2024,26,MIA,SF,-1.0,-0.6019415995653138,4.396112657796006,2024-04-15,3.0,4.0,0.4395383100333597,SF,SF,True,SF,False
746158,2024,26,LAD,WSH,-2.0,1.8142830645306733,4.396112657796006,2024-04-15,4.0,6.0,0.67672398961023,LAD,WSH,False,LAD,False
746406,2024,26,HOU,ATL,-5.0,-0.28618430054598765,4.396112657796006,2024-04-15,1.0,6.0,0.47116858384529536,ATL,ATL,True,ATL,True
746488,2024,26,DET,TEX,-1.0,-0.7768623865758166,4.396112657796006,2024-04-15,0.0,1.0,0.4221677841398097,TEX,TEX,True,TEX,False
746813,2024,26,CWS,KC,-2.0,-0.6704954955392307,4.396112657796006,2024-04-15,0.0,2.0,0.4327147555709842,KC,KC,True,KC,True
746974,2024,26,BOS,CLE,-6.0,0.2525052098308873,4.396112657796006,2024-04-15,0.0,6.0,0.5254433533966549,BOS,CLE,False,BOS,False
747053,2024,26,BAL,MIN,3.0,0.4661089210419786,4.396112657796006,2024-04-15,7.0,4.0,0.5468902453895562,BAL,BAL,True,BAL,True
747213,2024,26,AZ,CHC,-1.0,0.06252361458893788,4.396112657796006,2024-04-15,2.0,3.0,0.5063041239673121,AZ,CHC,False,AZ,False
744944,2024,27,TOR,NYY,1.0,0.04722818870635645,4.396987043355128,2024-04-16,5.0,4.0,0.5047610566705674,TOR,TOR,True,TOR,False
745108,2024,27,TB,LAA,1.0,0.5266246962768425,4.396987043355128,2024-04-16,7.0,6.0,0.5529338212071454,TB,TB,True,TB,False
745270,2024,27,SEA,CIN,2.0,0.310958557347358,4.396987043355128,2024-04-16,3.0,1.0,0.5313161333664501,SEA,SEA,True,SEA,True
745593,2024,27,PHI,COL,5.0,1.508454644567184,4.396987043355128,2024-04-16,5.0,0.0,0.648466606517477,PHI,PHI,True,PHI,True
745674,2024,27,ATH,STL,-1.0,-0.6721569171079772,4.396987043355128,2024-04-16,2.0,3.0,0.43256290991659396,STL,STL,True,STL,False
745837,2024,27,NYM,PIT,2.0,-0.030088447739920365,4.396987043355128,2024-04-16,3.0,1.0,0.4969667516558785,PIT,NYM,False,PIT,False
746004,2024,27,MIL,SD,-3.0,0.16070753683448963,4.396987043355128,2024-04-16,3.0,6.0,0.5161968012946824,MIL,SD,False,MIL,False
746081,2024,27,MIA,SF,3.0,-0.6646383096688746,4.396987043355128,2024-04-16,6.0,3.0,0.4333101409440471,SF,MIA,False,SF,False
746157,2024,27,LAD,WSH,4.0,1.7089874384062262,4.396987043355128,2024-04-16,6.0,2.0,0.6670777634729936,LAD,LAD,True,LAD,True
746400,2024,27,HOU,ATL,-4.0,-0.7276985398139675,4.396987043355128,2024-04-16,2.0,6.0,0.4270505898893042,ATL,ATL,True,ATL,True
746486,2024,27,DET,TEX,2.0,-0.6604786380187825,4.396987043355128,2024-04-16,4.0,2.0,0.4337236493520327,TEX,DET,False,TEX,False
746976,2024,27,BOS,CLE,-3.0,-0.10933879785632919,4.396987043355128,2024-04-16,7.0,10.0,0.48897873585711016,CLE,CLE,True,CLE,True
747051,2024,27,BAL,MIN,8.0,0.4412772137891874,4.396987043355128,2024-04-16,11.0,3.0,0.5443940310073397,BAL,BAL,True,BAL,True
747214,2024,27,AZ,CHC,1.0,-0.16043018541652482,4.396987043355128,2024-04-16,12.0,11.0,0.48383113605838796,CHC,AZ,False,CHC,False
744948,2024,28,TOR,NYY,-2.0,0.1364880667598593,4.396987043355128,2024-04-17,4.0,6.0,0.5137569118663791,TOR,NYY,False,TOR,False
745105,2024,28,TB,LAA,-1.0,0.6799011873298805,4.396987043355128,2024-04-17,4.0,5.0,0.5682064963426475,TB,LAA,False,TB,False
745267,2024,28,SEA,CIN,4.0,0.4523190274929808,4.396987043355128,2024-04-17,5.0,1.0,0.5455001059352855,SEA,SEA,True,SEA,True
745591,2024,28,PHI,COL,1.0,1.4919785218880264,4.396987043355128,2024-04-17,7.0,6.0,0.646920786049543,PHI,PHI,True,PHI,False
745671,2024,28,ATH,STL,3.0,-0.973967349772475,4.396987043355128,2024-04-17,6.0,3.0,0.4027947153316837,STL,ATH,False,STL,False
745836,2024,28,NYM,PIT,8.0,0.4167297510367928,4.396987043355128,2024-04-17,9.0,1.0,0.5419338543542745,NYM,NYM,True,NYM,True
746005,2024,28,MIL,SD,1.0,0.2910432574013056,4.396987043355128,2024-04-17,1.0,0.0,0.5293142329809889,MIL,MIL,True,MIL,False
746076,2024,28,MIA,SF,-2.0,-0.353064093733529,4.396987043355128,2024-04-17,1.0,3.0,0.46445405484647156,SF,SF,True,SF,True
746159,2024,28,LAD,WSH,-2.0,1.7682602716518694,4.396987043355128,2024-04-17,0.0,2.0,0.6725033877008724,LAD,WSH,False,LAD,False
746401,2024,28,HOU,ATL,-1.0,-0.433849161209791,4.396987043355128,2024-04-17,4.0,5.0,0.45635024226578846,ATL,ATL,True,ATL,False
746487,2024,28,DET,TEX,-1.0,-0.19344104721365993,4.396987043355128,2024-04-17,4.0,5.0,0.4805065783453487,TEX,TEX,True,TEX,False
746807,2024,28,CWS,KC,-2.0,-0.5192389251167353,4.396987043355128,2024-04-17,2.0,4.0,0.44780428069460304,KC,KC,True,KC,True
746973,2024,28,BOS,CLE,2.0,0.36941398946071224,4.396987043355128,2024-04-17,2.0,0.0,0.5371873571165685,BOS,BOS,True,BOS,True
747049,2024,28,BAL,MIN,2.0,0.24012791316736584,4.396987043355128,2024-04-17,4.0,2.0,0.5241929354541585,BAL,BAL,True,BAL,True
747212,2024,28,AZ,CHC,-2.0,0.2681205792097958,4.396987043355128,2024-04-17,3.0,5.0,0.5270091144923555,AZ,CHC,False,AZ,False
746809,2024,28,CWS,KC,1.0,-1.2340362602484023,4.396987043355128,2024-04-17,2.0,1.0,0.3775814970953565,KC,CWS,False,KC,False
745104,2024,29,TB,LAA,1.0,0.7169343105264883,4.396987043355128,2024-04-18,2.0,1.0,0.5718821738036056,TB,TB,True,TB,False
745356,2024,29,SF,AZ,5.0,0.05038836398005199,4.396987043355128,2024-04-18,5.0,0.0,0.5050796161234608,SF,SF,True,SF,True
746485,2024,29,DET,TEX,-2.0,-0.7141041278726987,4.396987043355128,2024-04-18,7.0,9.0,0.4283985167229227,TEX,TEX,True,TEX,True
746970,2024,29,BOS,CLE,-1.0,0.38349084238291664,4.396987043355128,2024-04-18,4.0,5.0,0.5386000658882656,BOS,CLE,False,BOS,False
744872,2024,30,WSH,HOU,-2.0,-1.3141441446818813,4.396987043355128,2024-04-19,3.0,5.0,0.3699136785480626,HOU,HOU,True,HOU,True
745189,2024,30,STL,MIL,-1.0,-1.2708526923391317,4.396987043355128,2024-04-19,1.0,2.0,0.3740512766422045,MIL,MIL,True,MIL,False
745352,2024,30,SF,AZ,-16.0,-0.31308335220719286,4.396987043355128,2024-04-19,1.0,17.0,0.4684703265564738,AZ,AZ,True,AZ,True
745430,2024,30,SD,TOR,-4.0,0.2442052670414664,4.396987043355128,2024-04-19,1.0,5.0,0.5246032128361935,SD,TOR,False,SD,False
745518,2024,30,PIT,BOS,-7.0,-0.023741392195760366,4.396987043355128,2024-04-19,1.0,8.0,0.49760659635743043,BOS,BOS,True,BOS,True
745592,2024,30,PHI,CWS,7.0,1.2326109328220953,4.396987043355128,2024-04-19,7.0,0.0,0.622281624403369,PHI,PHI,True,PHI,True
745758,2024,30,NYY,TB,2.0,0.25597554104061027,4.396987043355128,2024-04-19,5.0,3.0,0.5257874304505407,NYY,NYY,True,NYY,True
745922,2024,30,MIN,DET,-1.0,0.6654745543873177,4.396987043355128,2024-04-19,4.0,5.0,0.566772980430396,MIN,DET,False,MIN,False
746160,2024,30,LAD,NYM,-5.0,0.5273703842671729,4.396987043355128,2024-04-19,4.0,9.0,0.5530083318817773,LAD,NYM,False,LAD,False
746325,2024,30,KC,BAL,5.0,-0.9644180144882784,4.396987043355128,2024-04-19,9.0,4.0,0.40372895944513343,BAL,KC,False,BAL,False
746650,2024,30,CLE,ATH,8.0,0.8590383683804358,4.396987043355128,2024-04-19,10.0,2.0,0.5859260365857546,CLE,CLE,True,CLE,True
746729,2024,30,CIN,LAA,6.0,0.03495517899964955,4.396987043355128,2024-04-19,7.0,1.0,0.503523856814967,CIN,CIN,True,CIN,True
746892,2024,30,CHC,MIA,5.0,0.8399054507069631,4.396987043355128,2024-04-19,8.0,3.0,0.584041141200772,CHC,CHC,True,CHC,True
747136,2024,30,ATL,TEX,5.0,0.6642173300085167,4.396987043355128,2024-04-19,8.0,3.0,0.5666480132409843,ATL,ATL,True,ATL,True
744865,2024,31,WSH,HOU,1.0,-1.0902977826839422,4.396987043355128,2024-04-20,5.0,4.0,0.3914597691759592,HOU,WSH,False,HOU,False
745190,2024,31,STL,MIL,-7.0,-0.5788969203754091,4.396987043355128,2024-04-20,5.0,12.0,0.44184770510304433,MIL,MIL,True,MIL,True
745354,2024,31,SF,AZ,4.0,-0.2349261221768936,4.396987043355128,2024-04-20,7.0,3.0,0.4763305238415754,AZ,SF,False,AZ,False
745431,2024,31,SD,TOR,-3.0,0.020349191792602625,4.396987043355128,2024-04-20,2.0,5.0,0.5020514343423198,SD,TOR,False,SD,False
745515,2024,31,PIT,BOS,-2.0,-0.1716558965372895,4.396987043355128,2024-04-20,2.0,4.0,0.4827004454349084,BOS,BOS,True,BOS,True
745590,2024,31,PHI,CWS,4.0,1.8905395306383181,4.396987043355128,2024-04-20,9.0,5.0,0.6835809795625634,PHI,PHI,True,PHI,True
745760,2024,31,NYY,TB,-2.0,-0.08210041184341033,4.396987043355128,2024-04-20,0.0,2.0,0.4917238843271234,TB,TB,True,TB,True
745921,2024,31,MIN,DET,1.0,0.27671543047307395,4.396987043355128,2024-04-20,4.0,3.0,0.5278735281400824,MIN,MIN,True,MIN,False
746156,2024,31,LAD,NYM,-2.0,0.7068642041700036,4.396987043355128,2024-04-20,4.0,6.0,0.5708832809800156,LAD,NYM,False,LAD,False
746324,2024,31,KC,BAL,-2.0,-0.7086360645842185,4.396987043355128,2024-04-20,7.0,9.0,0.4289409282261492,BAL,BAL,True,BAL,True
746570,2024,31,COL,SEA,-7.0,-1.4005765187961698,4.396987043355128,2024-04-20,0.0,7.0,0.36169818521272623,SEA,SEA,True,SEA,True
746651,2024,31,CLE,ATH,3.0,1.3166200288340302,4.396987043355128,2024-04-20,6.0,3.0,0.6303225056770942,CLE,CLE,True,CLE,True
746726,2024,31,CIN,LAA,2.0,0.22872607470027834,4.396987043355128,2024-04-20,7.0,5.0,0.5230455084381236,CIN,CIN,True,CIN,True
746893,2024,31,CHC,MIA,-1.0,0.844288523954903,4.396987043355128,2024-04-20,2.0,3.0,0.5844731157330951,CHC,MIA,False,CHC,False
747135,2024,31,ATL,TEX,3.0,0.5360185697087747,4.396987043355128,2024-04-20,5.0,2.0,0.5538723389689185,ATL,ATL,True,ATL,True
746891,2024,31,CHC,MIA,2.0,0.7396556932800098,4.396987043355128,2024-04-20,5.0,3.0,0.5741342947290178,CHC,CHC,True,CHC,True
744866,2024,32,WSH,HOU,6.0,-0.4440727863357228,4.396987043355128,2024-04-21,6.0,0.0,0.4553258994496573,HOU,WSH,False,HOU,False
745192,2024,32,STL,MIL,-2.0,-0.6020986140964049,4.396987043355128,2024-04-21,0.0,2.0,0.43953459415940643,MIL,MIL,True,MIL,True
745353,2024,32,SF,AZ,-2.0,-0.16208985909834353,4.396987043355128,2024-04-21,3.0,5.0,0.4836639598443783,AZ,AZ,True,AZ,True
745434,2024,32,SD,TOR,3.0,0.24304375456348742,4.396987043355128,2024-04-21,6.0,3.0,0.5244863400905968,SD,SD,True,SD,True
745514,2024,32,PIT,BOS,-5.0,-0.22964364027381837,4.396987043355128,2024-04-21,1.0,6.0,0.47686214491176143,BOS,BOS,True,BOS,True
745588,2024,32,PHI,CWS,6.0,1.5901153891496134,4.396987043355128,2024-04-21,8.0,2.0,0.656091543353233,PHI,PHI,True,PHI,True
745759,2024,32,NYY,TB,1.0,0.045152927300037046,4.396987043355128,2024-04-21,5.0,4.0,0.5045518596039515,NYY,NYY,True,NYY,False
745920,2024,32,MIN,DET,-5.0,0.42053527865167317,4.396987043355128,2024-04-21,1.0,6.0,0.5423153566255133,MIN,DET,False,MIN,False
746154,2024,32,LAD,NYM,10.0,0.753278752313809,4.396987043355128,2024-04-21,10.0,0.0,0.5754834450621497,LAD,LAD,True,LAD,True
746316,2024,32,KC,BAL,-5.0,-0.6856921658701182,4.396987043355128,2024-04-21,0.0,5.0,0.431218329072753,BAL,BAL,True,BAL,True
746568,2024,32,COL,SEA,1.0,-1.6539250320042027,4.396987043355128,2024-04-21,2.0,1.0,0.3379940201380849,SEA,COL,False,SEA,False
746652,2024,32,CLE,ATH,4.0,1.1313196396894325,4.396987043355128,2024-04-21,6.0,2.0,0.6125159563054281,CLE,CLE,True,CLE,True
746727,2024,32,CIN,LAA,3.0,-0.02246294124714135,4.396987043355128,2024-04-21,3.0,0.0,0.49773547739916857,LAA,CIN,False,LAA,False
746894,2024,32,CHC,MIA,-3.0,0.7762295877285152,4.396987043355128,2024-04-21,3.0,6.0,0.577754358725879,CHC,MIA,False,CHC,False
747133,2024,32,ATL,TEX,-2.0,0.7096969607678806,4.396987043355128,2024-04-21,4.0,6.0,0.5711643192482999,ATL,TEX,False,ATL,False
746572,2024,32,COL,SEA,-8.0,-1.4590471638087295,4.396987043355128,2024-04-21,2.0,10.0,0.3561761497186775,SEA,SEA,True,SEA,True
745107,2024,33,TB,DET,-6.0,0.2375388055206584,4.396987043355128,2024-04-22,1.0,7.0,0.5239323971869614,TB,DET,False,TB,False
745191,2024,33,STL,AZ,2.0,-0.8038562087691004,4.396987043355128,2024-04-22,5.0,3.0,0.41951550434379714,AZ,STL,False,AZ,False
745351,2024,33,SF,NYM,3.0,-0.3240878890247405,4.396987043355128,2024-04-22,5.0,2.0,0.46736452646993454,NYM,SF,False,NYM,False
745519,2024,33,PIT,MIL,2.0,-0.6162878156892873,4.396987043355128,2024-04-22,4.0,2.0,0.4381210020537652,MIL,PIT,False,MIL,False
745757,2024,33,NYY,ATH,-2.0,1.4072533367944555,4.396987043355128,2024-04-22,0.0,2.0,0.6389338653296533,NYY,ATH,False,NYY,False
745916,2024,33,MIN,CWS,7.0,1.4878599168666622,4.396987043355128,2024-04-22,7.0,0.0,0.6465339905772384,MIN,MIN,True,MIN,True
746242,2024,33,LAA,BAL,-2.0,-0.8557380071024172,4.396987043355128,2024-04-22,2.0,4.0,0.4143989613199822,BAL,BAL,True,BAL,True
746319,2024,33,KC,TOR,-2.0,-0.497107104902079,4.396987043355128,2024-04-22,3.0,5.0,0.4500171111012591,TOR,TOR,True,TOR,True
746565,2024,33,COL,SD,-2.0,-1.343982424448229,4.396987043355128,2024-04-22,1.0,3.0,0.3670705809181548,SD,SD,True,SD,True
746723,2024,33,CIN,PHI,-7.0,-0.5325917416246113,4.396987043355128,2024-04-22,0.0,7.0,0.44646999193810555,PHI,PHI,True,PHI,True
747134,2024,33,ATL,MIA,3.0,1.4046944932079282,4.396987043355128,2024-04-22,3.0,0.0,0.6386916811194028,ATL,ATL,True,ATL,True
744863,2024,34,WSH,LAD,-3.0,-1.2218855852935135,4.393347876453579,2024-04-23,1.0,4.0,0.37865157318825504,LAD,LAD,True,LAD,True
745026,2024,34,TEX,SEA,-4.0,-0.21940376677881113,4.393347876453579,2024-04-23,0.0,4.0,0.47787449348411315,SEA,SEA,True,SEA,True
745102,2024,34,TB,DET,-2.0,0.6835622734073942,4.393347876453579,2024-04-23,2.0,4.0,0.5686263772631271,TB,DET,False,TB,False
745193,2024,34,STL,AZ,-13.0,-0.3504200405969474,4.393347876453579,2024-04-23,1.0,14.0,0.46469040869148875,AZ,AZ,True,AZ,True
745348,2024,34,SF,NYM,4.0,-0.13259743791859602,4.393347876453579,2024-04-23,5.0,1.0,0.48662401720718174,NYM,SF,False,NYM,False
745516,2024,34,PIT,MIL,1.0,-0.9925549374360103,4.393347876453579,2024-04-23,2.0,1.0,0.40089750748451664,MIL,PIT,False,MIL,False
745754,2024,34,NYY,ATH,1.0,1.166938247404312,4.393347876453579,2024-04-23,4.0,3.0,0.6160517826676113,NYY,NYY,True,NYY,False
745917,2024,34,MIN,CWS,1.0,2.13553754452899,4.393347876453579,2024-04-23,6.0,5.0,0.7054337911531904,MIN,MIN,True,MIN,False
746246,2024,34,LAA,BAL,3.0,-1.109196844800965,4.393347876453579,2024-04-23,7.0,4.0,0.38953763362183047,BAL,LAA,False,BAL,False
746321,2024,34,KC,TOR,1.0,-0.28260671358884915,4.393347876453579,2024-04-23,3.0,2.0,0.4715105016442347,TOR,KC,False,TOR,False
746566,2024,34,COL,SD,3.0,-1.3032475237662173,4.393347876453579,2024-04-23,7.0,4.0,0.37085065167982384,SD,COL,False,SD,False
746647,2024,34,CLE,BOS,3.0,-0.4010950197091237,4.393347876453579,2024-04-23,4.0,1.0,0.45960059923384977,BOS,CLE,False,BOS,False
746722,2024,34,CIN,PHI,7.0,-0.7411515648912049,4.393347876453579,2024-04-23,8.0,1.0,0.4256567060563302,PHI,CIN,False,PHI,False
746888,2024,34,CHC,HOU,5.0,0.15763320342338236,4.393347876453579,2024-04-23,7.0,2.0,0.5159002750091217,CHC,CHC,True,CHC,True
747130,2024,34,ATL,MIA,5.0,1.3242404161279995,4.393347876453579,2024-04-23,5.0,0.0,0.6311536913362755,ATL,ATL,True,ATL,True
744864,2024,35,WSH,LAD,-9.0,-1.4348866521980723,4.393347876453579,2024-04-24,2.0,11.0,0.3583421264667396,LAD,LAD,True,LAD,True
745028,2024,35,TEX,SEA,4.0,-0.19009766080956736,4.393347876453579,2024-04-24,5.0,1.0,0.4808273803721002,SEA,TEX,False,SEA,False
745099,2024,35,TB,DET,2.0,0.573201365037148,4.393347876453579,2024-04-24,7.0,5.0,0.5576315316188641,TB,TB,True,TB,True
745188,2024,35,STL,AZ,4.0,-0.8841846421181966,4.393347876453579,2024-04-24,5.0,1.0,0.411527657697403,AZ,STL,False,AZ,False
745346,2024,35,SF,NYM,-6.0,-0.23601495241568016,4.393347876453579,2024-04-24,2.0,8.0,0.4762012771385108,NYM,NYM,True,NYM,True
745513,2024,35,PIT,MIL,-1.0,-0.7732347538319625,4.393347876453579,2024-04-24,2.0,3.0,0.42247847787802717,MIL,MIL,True,MIL,False
745753,2024,35,NYY,ATH,4.0,1.230858490908833,4.393347876453579,2024-04-24,7.0,3.0,0.6222112379459848,NYY,NYY,True,NYY,True
745919,2024,35,MIN,CWS,3.0,1.6767821507829563,4.393347876453579,2024-04-24,6.0,3.0,0.6642429705373823,MIN,MIN,True,MIN,True
746244,2024,35,LAA,BAL,-1.0,-0.865580033301508,4.393347876453579,2024-04-24,5.0,6.0,0.41335938595228566,BAL,BAL,True,BAL,False
746317,2024,35,KC,TOR,1.0,-0.5537685724049807,4.393347876453579,2024-04-24,3.0,2.0,0.4443093395500744,TOR,KC,False,TOR,False
746567,2024,35,COL,SD,-3.0,-1.4249902695000654,4.393347876453579,2024-04-24,2.0,5.0,0.3592774216719453,SD,SD,True,SD,True
746649,2024,35,CLE,BOS,-8.0,-0.1407847978092912,4.393347876453579,2024-04-24,0.0,8.0,0.48579844273793954,BOS,BOS,True,BOS,True
746725,2024,35,CIN,PHI,3.0,-0.4047007633634559,4.393347876453579,2024-04-24,7.0,4.0,0.4592386795503226,PHI,CIN,False,PHI,False
746889,2024,35,CHC,HOU,1.0,0.19595966015942698,4.393347876453579,2024-04-24,4.0,3.0,0.5197633647930965,CHC,CHC,True,CHC,False
747132,2024,35,ATL,MIA,1.0,1.4451214505357812,4.393347876453579,2024-04-24,4.0,3.0,0.642624258760686,ATL,ATL,True,ATL,False
744867,2024,36,WSH,LAD,-1.0,-1.5116978786504258,4.393347876453579,2024-04-25,1.0,2.0,0.3511120488250707,LAD,LAD,True,LAD,False
745027,2024,36,TEX,SEA,-1.0,-0.2727667284722093,4.393347876453579,2024-04-25,3.0,4.0,0.47250086667224306,SEA,SEA,True,SEA,False
745512,2024,36,PIT,MIL,-2.0,-0.5916403387022968,4.393347876453579,2024-04-25,5.0,7.0,0.44052813331651364,MIL,MIL,True,MIL,True
745755,2024,36,NYY,ATH,-2.0,1.627725188675892,4.393347876453579,2024-04-25,1.0,3.0,0.659707174419056,NYY,ATH,False,NYY,False
745918,2024,36,MIN,CWS,3.0,1.951444648495826,4.393347876453579,2024-04-25,6.0,3.0,0.6891827634588028,MIN,MIN,True,MIN,True
746320,2024,36,KC,TOR,1.0,-0.22660531289853802,4.393347876453579,2024-04-25,2.0,1.0,0.47714904442103395,TOR,KC,False,TOR,False
746564,2024,36,COL,SD,1.0,-1.3773543943443673,4.393347876453579,2024-04-25,10.0,9.0,0.3637911489687925,SD,COL,False,SD,False
746646,2024,36,CLE,BOS,2.0,0.40532421313774514,4.393347876453579,2024-04-25,6.0,4.0,0.5408238946219757,CLE,CLE,True,CLE,True
746724,2024,36,CIN,PHI,-5.0,-0.6010770430334826,4.393347876453579,2024-04-25,0.0,5.0,0.4395867801361319,PHI,PHI,True,PHI,True
746887,2024,36,CHC,HOU,2.0,-0.1980227888447822,4.393347876453579,2024-04-25,3.0,1.0,0.48002873290555803,HOU,CHC,False,HOU,False
744949,2024,37,TOR,LAD,-10.0,-0.763000976767038,4.393347876453579,2024-04-26,2.0,12.0,0.4234917196453355,LAD,LAD,True,LAD,True
745025,2024,37,TEX,CIN,1.0,0.24651697785594107,4.393347876453579,2024-04-26,2.0,1.0,0.5248563593370266,TEX,TEX,True,TEX,False
745269,2024,37,SEA,AZ,5.0,0.1392675044661112,4.393347876453579,2024-04-26,6.0,1.0,0.5140485650998714,SEA,SEA,True,SEA,True
745347,2024,37,SF,PIT,3.0,0.32533154163670097,4.393347876453579,2024-04-26,3.0,0.0,0.532787502799877,SF,SF,True,SF,True
745424,2024,37,SD,PHI,-6.0,-0.22618419200011414,4.393347876453579,2024-04-26,3.0,9.0,0.4771914640504881,PHI,PHI,True,PHI,True
745835,2024,37,NYM,STL,-2.0,0.3571428044621099,4.393347876453579,2024-04-26,2.0,4.0,0.5359851784493915,NYM,STL,False,NYM,False
746000,2024,37,MIL,NYY,1.0,0.37787304750403167,4.393347876453579,2024-04-26,7.0,6.0,0.5380677501180127,MIL,MIL,True,MIL,False
746078,2024,37,MIA,WSH,-2.0,0.41062779947109007,4.393347876453579,2024-04-26,1.0,3.0,0.5413561619260219,MIA,WSH,False,MIA,False
746243,2024,37,LAA,MIN,-2.0,-0.5203948671361086,4.393347876453579,2024-04-26,3.0,5.0,0.4476456671037416,MIN,MIN,True,MIN,True
746482,2024,37,DET,KC,-8.0,0.26220719068752324,4.393347876453579,2024-04-26,0.0,8.0,0.5264361585025348,DET,KC,False,DET,False
746808,2024,37,CWS,TB,5.0,-2.255471668581138,4.393347876453579,2024-04-26,9.0,4.0,0.28419441691935243,TB,CWS,False,TB,False
746972,2024,37,BOS,CHC,-6.0,-0.061279807598848116,4.393347876453579,2024-04-26,1.0,7.0,0.4938173883076289,CHC,CHC,True,CHC,True
747050,2024,37,BAL,ATH,-1.0,1.616876489056699,4.393347876453579,2024-04-26,2.0,3.0,0.658700949587953,BAL,ATH,False,BAL,False
747129,2024,37,ATL,CLE,4.0,1.0216316985909744,4.393347876453579,2024-04-26,6.0,2.0,0.6019425694765238,ATL,ATL,True,ATL,True
744946,2024,38,TOR,LAD,-2.0,-0.8391230275133224,4.393347876453579,2024-04-27,2.0,4.0,0.41596746839370546,LAD,LAD,True,LAD,True
745020,2024,38,TEX,CIN,-4.0,0.39710183702685303,4.393347876453579,2024-04-27,4.0,8.0,0.5399985535665698,TEX,CIN,False,TEX,False
745266,2024,38,SEA,AZ,2.0,0.5856901917578461,4.393347876453579,2024-04-27,3.0,1.0,0.558878139922032,SEA,SEA,True,SEA,True
745350,2024,38,SF,PIT,-1.0,0.05224395460786604,4.393347876453579,2024-04-27,3.0,4.0,0.5052710285707632,SF,PIT,False,SF,False
745425,2024,38,SD,PHI,-4.0,-0.3309478443105271,4.393347876453579,2024-04-27,1.0,5.0,0.46664778535168466,PHI,PHI,True,PHI,True
745833,2024,38,NYM,STL,-3.0,0.14690325421291373,4.393347876453579,2024-04-27,4.0,7.0,0.5148184737909576,NYM,STL,False,NYM,False
745998,2024,38,MIL,NYY,-12.0,0.40253404506026763,4.393347876453579,2024-04-27,3.0,15.0,0.5405438442389875,MIL,NYY,False,MIL,False
746075,2024,38,MIA,WSH,-7.0,0.10212943052633619,4.393347876453579,2024-04-27,4.0,11.0,0.5103032582495789,MIA,WSH,False,MIA,False
746245,2024,38,LAA,MIN,-11.0,-0.7389588089041399,4.393347876453579,2024-04-27,5.0,16.0,0.42587410397781794,MIN,MIN,True,MIN,True
746484,2024,38,DET,KC,1.0,0.18476361932826782,4.393347876453579,2024-04-27,6.0,5.0,0.5186350429896134,DET,DET,True,DET,False
746560,2024,38,COL,HOU,-8.0,-1.2627918077993305,4.393347876453579,2024-04-27,4.0,12.0,0.3747231082281588,HOU,HOU,True,HOU,True
746803,2024,38,CWS,TB,1.0,-1.4500964997947852,4.393347876453579,2024-04-27,8.0,7.0,0.3569063192283679,TB,CWS,False,TB,False
746971,2024,38,BOS,CHC,17.0,-0.09610051635714102,4.393347876453579,2024-04-27,17.0,0.0,0.49030484115411466,CHC,BOS,False,CHC,False
747052,2024,38,BAL,ATH,7.0,1.7862145242651575,4.393347876453579,2024-04-27,7.0,0.0,0.6742744611735324,BAL,BAL,True,BAL,True
747131,2024,38,ATL,CLE,-2.0,0.6770441878550659,4.393347876453579,2024-04-27,2.0,4.0,0.5679783938877825,ATL,CLE,False,ATL,False
744947,2024,39,TOR,LAD,2.0,-1.0351555076574952,4.393347876453579,2024-04-28,3.0,1.0,0.39673831861668496,LAD,TOR,False,LAD,False
745022,2024,39,TEX,CIN,1.0,0.42822125298036207,4.393347876453579,2024-04-28,4.0,3.0,0.5431213027374547,TEX,TEX,True,TEX,False
745265,2024,39,SEA,AZ,-1.0,0.4062819994089655,4.393347876453579,2024-04-28,2.0,3.0,0.5409200233830395,SEA,AZ,False,SEA,False
745349,2024,39,SF,PIT,1.0,-0.03603744962815775,4.393347876453579,2024-04-28,3.0,2.0,0.49636403244701716,PIT,SF,False,PIT,False
745428,2024,39,SD,PHI,-2.0,-0.08793463496135757,4.393347876453579,2024-04-28,6.0,8.0,0.4911285189343873,PHI,PHI,True,PHI,True
745834,2024,39,NYM,STL,2.0,0.6413311986408968,4.393347876453579,2024-04-28,4.0,2.0,0.5644248517769054,NYM,NYM,True,NYM,True
746001,2024,39,MIL,NYY,-10.0,0.3617687711317474,4.393347876453579,2024-04-28,5.0,15.0,0.5364499931256049,MIL,NYY,False,MIL,False
746077,2024,39,MIA,WSH,-3.0,0.07895717207194287,4.393347876453579,2024-04-28,9.0,12.0,0.5079658969946217,MIA,WSH,False,MIA,False
746237,2024,39,LAA,MIN,-6.0,-0.82782097205345,4.393347876453579,2024-04-28,5.0,11.0,0.4170827402641595,MIN,MIN,True,MIN,True
746483,2024,39,DET,KC,3.0,0.6601131460027195,4.393347876453579,2024-04-28,4.0,1.0,0.5662943753231787,DET,DET,True,DET,True
746561,2024,39,COL,HOU,-6.0,-1.3732728712347082,4.393347876453579,2024-04-28,2.0,8.0,0.3641787838977727,HOU,HOU,True,HOU,True
746805,2024,39,CWS,TB,2.0,-1.9662803319927789,4.393347876453579,2024-04-28,4.0,2.0,0.3094932475119645,TB,CWS,False,TB,False
746967,2024,39,BOS,CHC,1.0,0.4606988073354295,4.393347876453579,2024-04-28,5.0,4.0,0.5463774971926108,BOS,BOS,True,BOS,False
747045,2024,39,BAL,ATH,-1.0,1.6580624824852894,4.393347876453579,2024-04-28,6.0,7.0,0.6625149313098643,BAL,ATH,False,BAL,False
747125,2024,39,ATL,CLE,1.0,0.821430795624986,4.393347876453579,2024-04-28,4.0,3.0,0.5822863895803166,ATL,ATL,True,ATL,False
744945,2024,40,TOR,KC,1.0,0.41789187556968177,4.393347876453579,2024-04-29,6.0,5.0,0.5420850632527833,TOR,TOR,True,TOR,False
745263,2024,40,SEA,ATL,1.0,-0.5791587930493045,4.393347876453579,2024-04-29,2.0,1.0,0.4417737385377345,ATL,SEA,False,ATL,False
745427,2024,40,SD,CIN,-3.0,0.2080450643721754,4.393347876453579,2024-04-29,2.0,5.0,0.5209811374707073,SD,CIN,False,SD,False
745672,2024,40,ATH,PIT,4.0,-0.7015236456818682,4.393347876453579,2024-04-29,5.0,1.0,0.4295889868453004,PIT,ATH,False,PIT,False
745832,2024,40,NYM,CHC,-2.0,-0.19555408690075815,4.393347876453579,2024-04-29,1.0,3.0,0.48027750562020693,CHC,CHC,True,CHC,True
745999,2024,40,MIL,TB,-1.0,0.298816837280292,4.393347876453579,2024-04-29,0.0,1.0,0.5301206117891502,MIL,TB,False,MIL,False
746074,2024,40,MIA,WSH,-5.0,0.0807023025682306,4.393347876453579,2024-04-29,2.0,7.0,0.5081419369924413,MIA,WSH,False,MIA,False
746236,2024,40,LAA,PHI,1.0,-1.4241157961632958,4.393347876453579,2024-04-29,6.0,5.0,0.3593601077533836,PHI,LAA,False,PHI,False
746804,2024,40,CWS,MIN,-1.0,-1.647801388513924,4.393347876453579,2024-04-29,2.0,3.0,0.3384337440069148,MIN,MIN,True,MIN,False
747046,2024,40,BAL,NYY,2.0,0.4235110724826664,4.393347876453579,2024-04-29,2.0,0.0,0.5426488150347433,BAL,BAL,True,BAL,True
747211,2024,40,AZ,LAD,-4.0,-0.38635246400472123,4.393347876453579,2024-04-29,4.0,8.0,0.4610807004172582,LAD,LAD,True,LAD,True
744942,2024,41,TOR,KC,-3.0,0.21484198188784798,4.3952044016277,2024-04-30,1.0,4.0,0.5216567935490642,TOR,KC,False,TOR,False
745018,2024,41,TEX,WSH,6.0,0.8761427134737583,4.3952044016277,2024-04-30,7.0,1.0,0.5876443689803803,TEX,TEX,True,TEX,True
745260,2024,41,SEA,ATL,1.0,-0.37229742545890787,4.3952044016277,2024-04-30,3.0,2.0,0.46250807620303974,ATL,SEA,False,ATL,False
745426,2024,41,SD,CIN,2.0,0.19388487436201468,4.3952044016277,2024-04-30,6.0,4.0,0.5195460293036195,SD,SD,True,SD,True
745673,2024,41,ATH,PIT,3.0,-1.0250028748716746,4.3952044016277,2024-04-30,5.0,2.0,0.3977707372480895,PIT,ATH,False,PIT,False
745831,2024,41,NYM,CHC,2.0,-0.060062871311392804,4.3952044016277,2024-04-30,4.0,2.0,0.4939427167639648,CHC,NYM,False,CHC,False
745997,2024,41,MIL,TB,6.0,0.3556976130049869,4.3952044016277,2024-04-30,8.0,2.0,0.5358248583232761,MIL,MIL,True,MIL,True
746073,2024,41,MIA,COL,1.0,0.5920494023863409,4.3952044016277,2024-04-30,7.0,6.0,0.5594877287683343,MIA,MIA,True,MIA,False
746239,2024,41,LAA,PHI,-2.0,-1.2925168125531996,4.3952044016277,2024-04-30,5.0,7.0,0.37192876912547973,PHI,PHI,True,PHI,True
746398,2024,41,HOU,CLE,1.0,-0.33230797489598124,4.3952044016277,2024-04-30,10.0,9.0,0.46652514848057747,CLE,HOU,False,CLE,False
746477,2024,41,DET,STL,-1.0,0.4479226930881134,4.3952044016277,2024-04-30,1.0,2.0,0.545077958083596,DET,STL,False,DET,False
746806,2024,41,CWS,MIN,-1.0,-1.8539301431534498,4.3952044016277,2024-04-30,5.0,6.0,0.31965098299899924,MIN,MIN,True,MIN,False
746968,2024,41,BOS,SF,4.0,0.5301467293058816,4.3952044016277,2024-04-30,4.0,0.0,0.5533072164921714,BOS,BOS,True,BOS,True
747047,2024,41,BAL,NYY,2.0,0.07237839031813767,4.3952044016277,2024-04-30,4.0,2.0,0.5072991647648394,BAL,BAL,True,BAL,True
747210,2024,41,AZ,LAD,1.0,-0.8299483943096146,4.3952044016277,2024-04-30,4.0,3.0,0.4169073582330518,LAD,AZ,False,LAD,False
746481,2024,41,DET,STL,5.0,0.2550055748059011,4.3952044016277,2024-04-30,11.0,6.0,0.5257002548352825,DET,DET,True,DET,True
744939,2024,42,TOR,KC,-5.0,0.22878804074604403,4.3952044016277,2024-05-01,1.0,6.0,0.5230610840227586,TOR,KC,False,TOR,False
745023,2024,42,TEX,WSH,-1.0,0.9416809307545674,4.3952044016277,2024-05-01,0.0,1.0,0.5940818195999571,TEX,WSH,False,TEX,False
745261,2024,42,SEA,ATL,-3.0,-0.6284851526105601,4.3952044016277,2024-05-01,2.0,5.0,0.4368811031347668,ATL,ATL,True,ATL,True
745423,2024,42,SD,CIN,4.0,0.14249152748896204,4.3952044016277,2024-05-01,6.0,2.0,0.5143675794517365,SD,SD,True,SD,True
745670,2024,42,ATH,PIT,4.0,-0.3360245887379704,4.3952044016277,2024-05-01,4.0,0.0,0.466151652232384,PIT,ATH,False,PIT,False
745829,2024,42,NYM,CHC,-1.0,-0.433293023110681,4.3952044016277,2024-05-01,0.0,1.0,0.45638836155891177,CHC,CHC,True,CHC,False
745996,2024,42,MIL,TB,6.0,0.12206992220856705,4.3952044016277,2024-05-01,7.0,1.0,0.5123091544689218,MIL,MIL,True,MIL,True
746072,2024,42,MIA,COL,3.0,0.7447058309176716,4.3952044016277,2024-05-01,4.0,1.0,0.574664448763551,MIA,MIA,True,MIA,True
746238,2024,42,LAA,PHI,-1.0,-1.4316775286083292,4.3952044016277,2024-05-01,1.0,2.0,0.35870246960893337,PHI,PHI,True,PHI,False
746399,2024,42,HOU,CLE,-1.0,0.10740647156869562,4.3952044016277,2024-05-01,2.0,3.0,0.5108309254714505,HOU,CLE,False,HOU,False
746478,2024,42,DET,STL,3.0,-0.1165381264279995,4.3952044016277,2024-05-01,4.0,1.0,0.48824848956231337,STL,DET,False,STL,False
746800,2024,42,CWS,MIN,-5.0,-1.525019159894222,4.3952044016277,2024-05-01,5.0,10.0,0.34992386000385867,MIN,MIN,True,MIN,True
746966,2024,42,BOS,SF,4.0,1.1171986498541506,4.3952044016277,2024-05-01,6.0,2.0,0.6111925917214345,BOS,BOS,True,BOS,True
747048,2024,42,BAL,NYY,-2.0,0.3170989713668854,4.3952044016277,2024-05-01,0.0,2.0,0.5319461389471091,BAL,NYY,False,BAL,False
747207,2024,42,AZ,LAD,-8.0,-0.9615439516439498,4.3952044016277,2024-05-01,0.0,8.0,0.40397207500740545,LAD,LAD,True,LAD,True
745021,2024,43,TEX,WSH,6.0,0.665480584853205,4.3952044016277,2024-05-02,6.0,0.0,0.5668004079059088,TEX,TEX,True,TEX,True
745830,2024,43,NYM,CHC,1.0,-0.15932861404443965,4.3952044016277,2024-05-02,7.0,6.0,0.4839355877407174,CHC,NYM,False,CHC,False
746070,2024,43,MIA,COL,1.0,0.7897401805546699,4.3952044016277,2024-05-02,5.0,4.0,0.5791216412584546,MIA,MIA,True,MIA,False
746403,2024,43,HOU,CLE,6.0,-0.09097463384884118,4.3952044016277,2024-05-02,8.0,2.0,0.49082575123938427,CLE,HOU,False,CLE,False
746969,2024,43,BOS,SF,-2.0,0.7424175235695287,4.3952044016277,2024-05-02,1.0,3.0,0.5744377076980675,BOS,SF,False,BOS,False
747044,2024,43,BAL,NYY,5.0,0.4825195495272042,4.3952044016277,2024-05-02,7.0,2.0,0.5485430937083363,BAL,BAL,True,BAL,True
744868,2024,44,WSH,TOR,6.0,-1.0500656303342901,4.3952044016277,2024-05-03,9.0,3.0,0.3953285564694587,TOR,WSH,False,TOR,False
745101,2024,44,TB,NYM,2.0,-0.1990843229308381,4.3952044016277,2024-05-03,10.0,8.0,0.47993023765036846,NYM,TB,False,NYM,False
745187,2024,44,STL,CWS,3.0,1.5139309646073587,4.3952044016277,2024-05-03,3.0,0.0,0.6490373953526115,STL,STL,True,STL,True
745510,2024,44,PIT,COL,-1.0,1.0350164539123994,4.3952044016277,2024-05-03,2.0,3.0,0.6032054986840543,PIT,COL,False,PIT,False
745589,2024,44,PHI,SF,1.0,1.043316988283579,4.3952044016277,2024-05-03,4.0,3.0,0.6040142380808856,PHI,PHI,True,PHI,False
745665,2024,44,ATH,MIA,2.0,-0.07603795104923021,4.3952044016277,2024-05-03,3.0,1.0,0.4923318228001339,MIA,ATH,False,MIA,False
745756,2024,44,NYY,DET,1.0,0.23945493473408358,4.3952044016277,2024-05-03,2.0,1.0,0.524134988521522,NYY,NYY,True,NYY,False
745914,2024,44,MIN,BOS,3.0,-0.3000842086817602,4.3952044016277,2024-05-03,5.0,2.0,0.4697646345189397,BOS,MIN,False,BOS,False
746152,2024,44,LAD,ATL,1.0,0.20363811759883754,4.3952044016277,2024-05-03,4.0,3.0,0.5205284311695174,LAD,LAD,True,LAD,False
746318,2024,44,KC,TEX,6.0,-0.4583570783999756,4.3952044016277,2024-05-03,7.0,1.0,0.4538765861107338,TEX,KC,False,TEX,False
746402,2024,44,HOU,SEA,2.0,-0.8184595370014868,4.3952044016277,2024-05-03,5.0,3.0,0.41804116231488164,SEA,HOU,False,SEA,False
746645,2024,44,CLE,LAA,-6.0,0.7969842071762027,4.3952044016277,2024-05-03,0.0,6.0,0.5798376752425036,CLE,LAA,False,CLE,False
746721,2024,44,CIN,BAL,-3.0,-0.7704998374723672,4.3952044016277,2024-05-03,0.0,3.0,0.422781430710043,BAL,BAL,True,BAL,True
746890,2024,44,CHC,MIL,-2.0,-0.07170137106784526,4.3952044016277,2024-05-03,1.0,3.0,0.4927691032816757,MIL,MIL,True,MIL,True
747208,2024,44,AZ,SD,-6.0,0.11020627966325566,4.3952044016277,2024-05-03,1.0,7.0,0.511113187489239,AZ,SD,False,AZ,False
744862,2024,45,WSH,TOR,-3.0,-0.40810971640048127,4.3952044016277,2024-05-04,3.0,6.0,0.4589138438982381,TOR,TOR,True,TOR,True
745100,2024,45,TB,NYM,2.0,0.03947007630121667,4.3952044016277,2024-05-04,3.0,1.0,0.5039806064176197,TB,TB,True,TB,True
745183,2024,45,STL,CWS,-1.0,0.8947170140024003,4.3952044016277,2024-05-04,5.0,6.0,0.5894712943407385,STL,CWS,False,STL,False
745511,2024,45,PIT,COL,1.0,1.1649840574380457,4.3952044016277,2024-05-04,1.0,0.0,0.615815460970414,PIT,PIT,True,PIT,False
745583,2024,45,PHI,SF,11.0,0.7459064428090028,4.3952044016277,2024-05-04,14.0,3.0,0.5747834036889629,PHI,PHI,True,PHI,True
745666,2024,45,ATH,MIA,16.0,-0.5062299145430675,4.3952044016277,2024-05-04,20.0,4.0,0.44908425272810737,MIA,ATH,False,MIA,False
745750,2024,45,NYY,DET,2.0,0.5115895742003749,4.3952044016277,2024-05-04,5.0,3.0,0.5514518296584859,NYY,NYY,True,NYY,True
745911,2024,45,MIN,BOS,2.0,-0.08875093983783956,4.3952044016277,2024-05-04,3.0,1.0,0.4910499594098332,BOS,MIN,False,BOS,False
746155,2024,45,LAD,ATL,9.0,0.5770255900680034,4.3952044016277,2024-05-04,11.0,2.0,0.5579889875417758,LAD,LAD,True,LAD,True
746311,2024,45,KC,TEX,-11.0,-0.4240507030798167,4.3952044016277,2024-05-04,4.0,15.0,0.45731501909398764,TEX,TEX,True,TEX,True
746394,2024,45,HOU,SEA,-5.0,-0.17844948229210478,4.3952044016277,2024-05-04,0.0,5.0,0.4820089510291419,SEA,SEA,True,SEA,True
746644,2024,45,CLE,LAA,6.0,0.44887364559996024,4.3952044016277,2024-05-04,7.0,1.0,0.5451732502248785,CLE,CLE,True,CLE,True
746720,2024,45,CIN,BAL,-1.0,-0.7766154753836599,4.3952044016277,2024-05-04,1.0,2.0,0.42217633227954604,BAL,BAL,True,BAL,False
746884,2024,45,CHC,MIL,1.0,0.15727453254672497,4.3952044016277,2024-05-04,6.0,5.0,0.5158574179606515,CHC,CHC,True,CHC,False
747209,2024,45,AZ,SD,-12.0,0.14229335831612724,4.3952044016277,2024-05-04,1.0,13.0,0.5143476064563695,AZ,SD,False,AZ,False
744861,2024,46,WSH,TOR,3.0,0.13411375109615714,4.3952044016277,2024-05-05,11.0,8.0,0.5135231726567286,WSH,WSH,True,WSH,True
745103,2024,46,TB,NYM,1.0,-0.15249016516743785,4.3952044016277,2024-05-05,7.0,6.0,0.4846247297096689,NYM,TB,False,NYM,False
745185,2024,46,STL,CWS,-4.0,0.6611670607786537,4.3952044016277,2024-05-05,1.0,5.0,0.5663714500687147,STL,CWS,False,STL,False
745504,2024,46,PIT,COL,2.0,0.8370894606591965,4.3952044016277,2024-05-05,5.0,3.0,0.5837970266832914,PIT,PIT,True,PIT,True
745587,2024,46,PHI,SF,1.0,0.4916233613771067,4.3952044016277,2024-05-05,5.0,4.0,0.5494543056034946,PHI,PHI,True,PHI,False
745667,2024,46,ATH,MIA,-9.0,-0.30862064765000147,4.3952044016277,2024-05-05,3.0,12.0,0.4689062543864864,MIA,MIA,True,MIA,True
745751,2024,46,NYY,DET,3.0,0.3327364104520409,4.3952044016277,2024-05-05,5.0,2.0,0.5335179080999763,NYY,NYY,True,NYY,True
745913,2024,46,MIN,BOS,-7.0,0.04591131025450623,4.3952044016277,2024-05-05,2.0,9.0,0.5046301857720268,MIN,BOS,False,MIN,False
746153,2024,46,LAD,ATL,4.0,0.09660949921078268,4.3952044016277,2024-05-05,5.0,1.0,0.5097423816174848,LAD,LAD,True,LAD,True
746314,2024,46,KC,TEX,-1.0,-0.6861189419807198,4.3952044016277,2024-05-05,2.0,3.0,0.431148310903732,TEX,TEX,True,TEX,False
746395,2024,46,HOU,SEA,-1.0,-0.3939912446239813,4.3952044016277,2024-05-05,4.0,5.0,0.4603304328944128,SEA,SEA,True,SEA,False
746643,2024,46,CLE,LAA,3.0,0.6105074746708714,4.3952044016277,2024-05-05,4.0,1.0,0.5613278957144483,CLE,CLE,True,CLE,True
746719,2024,46,CIN,BAL,-10.0,-0.6035956322963514,4.3952044016277,2024-05-05,1.0,11.0,0.4393610233964038,BAL,BAL,True,BAL,True
746883,2024,46,CHC,MIL,5.0,0.06144805810376586,4.3952044016277,2024-05-05,5.0,0.0,0.5061969668922369,CHC,CHC,True,CHC,True
747206,2024,46,AZ,SD,7.0,-0.2023964397502317,4.3952044016277,2024-05-05,11.0,4.0,0.4795966308495527,SD,AZ,False,SD,False
745098,2024,47,TB,CWS,6.0,0.955882674559663,4.3952044016277,2024-05-06,8.0,2.0,0.5954734938520169,TB,TB,True,TB,True
745182,2024,47,STL,NYM,-1.0,-0.6470020128821403,4.3952044016277,2024-05-06,3.0,4.0,0.4350377385888241,NYM,NYM,True,NYM,False
745509,2024,47,PIT,LAA,3.0,0.3417935913924101,4.3952044016277,2024-05-06,4.0,1.0,0.5344280369811307,PIT,PIT,True,PIT,True
745585,2024,47,PHI,SF,5.0,1.294779081150984,4.3952044016277,2024-05-06,6.0,1.0,0.6282875068616556,PHI,PHI,True,PHI,True
745669,2024,47,ATH,TEX,-2.0,-1.3697494128340255,4.3952044016277,2024-05-06,2.0,4.0,0.36456850720628187,TEX,TEX,True,TEX,True
745912,2024,47,MIN,SEA,2.0,-0.2815736228257853,4.3952044016277,2024-05-06,3.0,1.0,0.4716264407121386,SEA,MIN,False,SEA,False
746149,2024,47,LAD,MIA,3.0,1.8674637075938154,4.3952044016277,2024-05-06,6.0,3.0,0.6815709684083512,LAD,LAD,True,LAD,True
746313,2024,47,KC,MIL,1.0,-0.2002319484665246,4.3952044016277,2024-05-06,3.0,2.0,0.4798146436011551,MIL,KC,False,MIL,False
746639,2024,47,CLE,DET,1.0,0.373509545974927,4.3952044016277,2024-05-06,2.0,1.0,0.537613627702868,CLE,CLE,True,CLE,False
746886,2024,47,CHC,SD,-3.0,0.14700064654414813,4.3952044016277,2024-05-06,3.0,6.0,0.5148220329017155,CHC,SD,False,CHC,False
744859,2024,48,WSH,BAL,3.0,-1.2980162508661508,4.396015337915903,2024-05-07,3.0,0.0,0.3714259690082965,BAL,WSH,False,BAL,False
745095,2024,48,TB,CWS,4.0,1.7174587523663816,4.396015337915903,2024-05-07,5.0,1.0,0.6678902078511005,TB,TB,True,TB,True
745186,2024,48,STL,NYM,-2.0,-0.267105618120505,4.396015337915903,2024-05-07,5.0,7.0,0.4730870335375039,NYM,NYM,True,NYM,True
745508,2024,48,PIT,LAA,-9.0,0.15937691096635587,4.396015337915903,2024-05-07,0.0,9.0,0.5160663164852725,PIT,LAA,False,PIT,False
745586,2024,48,PHI,TOR,9.0,0.7340529712893076,4.396015337915903,2024-05-07,10.0,1.0,0.5735952584704908,PHI,PHI,True,PHI,True
745668,2024,48,ATH,TEX,-7.0,-0.5111984774319769,4.396015337915903,2024-05-07,8.0,15.0,0.4485967168254191,TEX,TEX,True,TEX,True
745752,2024,48,NYY,HOU,7.0,0.01056476837052494,4.396015337915903,2024-05-07,10.0,3.0,0.5010652899280765,NYY,NYY,True,NYY,True
745915,2024,48,MIN,SEA,-4.0,-0.11004984328568469,4.396015337915903,2024-05-07,6.0,10.0,0.4889046300840748,SEA,SEA,True,SEA,True
746147,2024,48,LAD,MIA,6.0,2.244976978736587,4.396015337915903,2024-05-07,8.0,2.0,0.7147880275624714,LAD,LAD,True,LAD,True
746315,2024,48,KC,MIL,-1.0,-0.28500193547979324,4.396015337915903,2024-05-07,5.0,6.0,0.47128685944400456,MIL,MIL,True,MIL,False
746559,2024,48,COL,SF,-5.0,-0.8156347409405931,4.396015337915903,2024-05-07,0.0,5.0,0.4183348937921368,SF,SF,True,SF,True
746638,2024,48,CLE,DET,-4.0,0.5620874987814763,4.396015337915903,2024-05-07,7.0,11.0,0.5564876218444388,CLE,DET,False,CLE,False
746718,2024,48,CIN,AZ,-4.0,-0.29101789488626767,4.396015337915903,2024-05-07,2.0,6.0,0.47068184951345915,AZ,AZ,True,AZ,True
746885,2024,48,CHC,SD,1.0,0.24475733155274665,4.396015337915903,2024-05-07,3.0,2.0,0.524664205153067,CHC,CHC,True,CHC,False
747126,2024,48,ATL,BOS,2.0,0.016684881144065793,4.396015337915903,2024-05-07,4.0,2.0,0.5016824035936435,ATL,ATL,True,ATL,True
744858,2024,49,WSH,BAL,-1.0,-1.021382634123505,4.396015337915903,2024-05-08,6.0,7.0,0.3981422161975342,BAL,BAL,True,BAL,False
745097,2024,49,TB,CWS,-3.0,1.6133387217147075,4.396015337915903,2024-05-08,1.0,4.0,0.6582816865068142,TB,CWS,False,TB,False
745507,2024,49,PIT,LAA,-1.0,0.2013486421575944,4.396015337915903,2024-05-08,4.0,5.0,0.5202940920979751,PIT,LAA,False,PIT,False
745584,2024,49,PHI,TOR,-2.0,1.1200497191530312,4.396015337915903,2024-05-08,3.0,5.0,0.6114488408051606,PHI,TOR,False,PHI,False
745664,2024,49,ATH,TEX,5.0,-0.9188034617904534,4.396015337915903,2024-05-08,9.0,4.0,0.40817915071655564,TEX,ATH,False,TEX,False
745749,2024,49,NYY,HOU,5.0,0.21829663843477776,4.396015337915903,2024-05-08,9.0,4.0,0.5220006288561126,NYY,NYY,True,NYY,True
745906,2024,49,MIN,SEA,3.0,-0.3839964177604917,4.396015337915903,2024-05-08,6.0,3.0,0.4613406884340614,SEA,MIN,False,SEA,False
746151,2024,49,LAD,MIA,2.0,2.3792671565017125,4.396015337915903,2024-05-08,3.0,1.0,0.7262030933350222,LAD,LAD,True,LAD,True
746312,2024,49,KC,MIL,2.0,-0.27380682672833184,4.396015337915903,2024-05-08,6.0,4.0,0.4724128987688455,MIL,KC,False,MIL,False
746562,2024,49,COL,SF,-2.0,-0.7092049200608086,4.396015337915903,2024-05-08,6.0,8.0,0.42886894170178624,SF,SF,True,SF,True
746640,2024,49,CLE,DET,1.0,0.4877325534115054,4.396015337915903,2024-05-08,5.0,4.0,0.5490558961085676,CLE,CLE,True,CLE,False
746717,2024,49,CIN,AZ,-1.0,-0.053635268240985176,4.396015337915903,2024-05-08,3.0,4.0,0.4945918900552662,AZ,AZ,True,AZ,False
746879,2024,49,CHC,SD,-3.0,0.10220197186891788,4.396015337915903,2024-05-08,0.0,3.0,0.510304319934986,CHC,SD,False,CHC,False
747127,2024,49,ATL,BOS,5.0,0.4005010686640699,4.396015337915903,2024-05-08,5.0,0.0,0.5403153865508339,ATL,ATL,True,ATL,True
745659,2024,49,ATH,TEX,-1.0,-1.0074969338973903,4.396015337915903,2024-05-08,11.0,12.0,0.399497093714279,TEX,TEX,True,TEX,False
745748,2024,50,NYY,HOU,-1.0,0.19333658826576455,4.396015337915903,2024-05-09,3.0,4.0,0.5194872066227081,NYY,HOU,False,NYY,False
745910,2024,50,MIN,SEA,10.0,-0.057854928335570474,4.396015337915903,2024-05-09,11.0,1.0,0.4941664457675947,SEA,MIN,False,SEA,False
745995,2024,50,MIL,STL,6.0,0.3666669188118645,4.396015337915903,2024-05-09,7.0,1.0,0.5369197501593251,MIL,MIL,True,MIL,True
746241,2024,50,LAA,KC,-6.0,-0.31001907076435486,4.396015337915903,2024-05-09,4.0,10.0,0.4687713999044631,KC,KC,True,KC,True
746563,2024,50,COL,SF,8.0,-0.574666348915755,4.396015337915903,2024-05-09,9.0,1.0,0.44225702008980344,SF,COL,False,SF,False
746715,2024,50,CIN,AZ,-1.0,-0.005703724297035584,4.396015337915903,2024-05-09,4.0,5.0,0.4994248690601376,AZ,AZ,True,AZ,False
746802,2024,50,CWS,CLE,1.0,-1.4266237920787312,4.396015337915903,2024-05-09,3.0,2.0,0.35920482183679303,CLE,CWS,False,CLE,False
744940,2024,51,TOR,MIN,-1.0,-0.42377721216443204,4.396015337915903,2024-05-10,2.0,3.0,0.45735028254205584,MIN,MIN,True,MIN,False
745094,2024,51,TB,NYY,-2.0,-0.30025288975040054,4.396015337915903,2024-05-10,0.0,2.0,0.4697532414129658,NYY,NYY,True,NYY,True
745264,2024,51,SEA,ATH,7.0,1.326923058109671,4.396015337915903,2024-05-10,8.0,1.0,0.6313327749266091,SEA,SEA,True,SEA,True
745340,2024,51,SF,CIN,-2.0,0.10012105535315008,4.396015337915903,2024-05-10,2.0,4.0,0.5100945607222417,SF,CIN,False,SF,False
745421,2024,51,SD,LAD,1.0,-1.2984264506544487,4.396015337915903,2024-05-10,2.0,1.0,0.3713867746480668,LAD,SD,False,LAD,False
745506,2024,51,PIT,CHC,-5.0,-0.36137154955729345,4.396015337915903,2024-05-10,2.0,7.0,0.4636119494558357,CHC,CHC,True,CHC,True
745827,2024,51,NYM,ATL,-2.0,-0.5357385251739599,4.396015337915903,2024-05-10,2.0,4.0,0.4461438058984215,ATL,ATL,True,ATL,True
745993,2024,51,MIL,STL,9.0,1.0222017338357576,4.396015337915903,2024-05-10,11.0,2.0,0.6019376681230182,MIL,MIL,True,MIL,True
746071,2024,51,MIA,PHI,-6.0,-1.666852691491905,4.396015337915903,2024-05-10,2.0,8.0,0.3367665797634517,PHI,PHI,True,PHI,True
746240,2024,51,LAA,KC,-1.0,-0.2764660988693451,4.396015337915903,2024-05-10,1.0,2.0,0.4721454004893387,KC,KC,True,KC,False
746479,2024,51,DET,HOU,-3.0,-0.09649825432025248,4.396015337915903,2024-05-10,2.0,5.0,0.4902706291724416,HOU,HOU,True,HOU,True
746553,2024,51,COL,TEX,2.0,-1.7647207373811036,4.396015337915903,2024-05-10,4.0,2.0,0.3277840004952409,TEX,COL,False,TEX,False
746801,2024,51,CWS,CLE,3.0,-1.0259943000308909,4.396015337915903,2024-05-10,6.0,3.0,0.3976925100970262,CLE,CWS,False,CLE,False
746964,2024,51,BOS,WSH,-4.0,1.392610085743116,4.396015337915903,2024-05-10,1.0,5.0,0.637576359897542,BOS,WSH,False,BOS,False
747043,2024,51,BAL,AZ,2.0,0.7309740193489037,4.396015337915903,2024-05-10,4.0,2.0,0.573290070316933,BAL,BAL,True,BAL,True
744943,2024,52,TOR,MIN,2.0,-0.4296557828270086,4.396015337915903,2024-05-11,10.0,8.0,0.4567609586048844,MIN,TOR,False,MIN,False
745096,2024,52,TB,NYY,5.0,-0.09099405547413915,4.396015337915903,2024-05-11,7.0,2.0,0.49082548547320526,NYY,TB,False,NYY,False
745262,2024,52,SEA,ATH,-7.0,1.3684792484962183,4.396015337915903,2024-05-11,1.0,8.0,0.6352868593973379,SEA,ATH,False,SEA,False
745344,2024,52,SF,CIN,4.0,-0.11019945627805232,4.396015337915903,2024-05-11,5.0,1.0,0.48888954980321137,CIN,SF,False,CIN,False
745422,2024,52,SD,LAD,-5.0,-0.8294248041273052,4.396015337915903,2024-05-11,0.0,5.0,0.4169741104833044,LAD,LAD,True,LAD,True
745505,2024,52,PIT,CHC,1.0,-0.827827765329518,4.396015337915903,2024-05-11,10.0,9.0,0.41713165335170027,CHC,PIT,False,CHC,False
745828,2024,52,NYM,ATL,-3.0,-0.527056474296035,4.396015337915903,2024-05-11,1.0,4.0,0.4470113933671902,ATL,ATL,True,ATL,True
745994,2024,52,MIL,STL,2.0,0.9437146272637413,4.396015337915903,2024-05-11,5.0,3.0,0.5942641166721063,MIL,MIL,True,MIL,True
746069,2024,52,MIA,PHI,-5.0,-1.3780442265942396,4.396015337915903,2024-05-11,3.0,8.0,0.3638050460894402,PHI,PHI,True,PHI,True
746232,2024,52,LAA,KC,6.0,-0.6644368228570291,4.396015337915903,2024-05-11,9.0,3.0,0.4333155700029673,KC,LAA,False,KC,False
746480,2024,52,DET,HOU,6.0,0.3227560992655654,4.396015337915903,2024-05-11,8.0,2.0,0.5325088290679018,DET,DET,True,DET,True
746554,2024,52,COL,TEX,5.0,-1.451385681310647,4.396015337915903,2024-05-11,8.0,3.0,0.3568677852776003,TEX,COL,False,TEX,False
746797,2024,52,CWS,CLE,2.0,-1.1404848920146902,4.396015337915903,2024-05-11,3.0,1.0,0.3865729864700129,CLE,CWS,False,CLE,False
746963,2024,52,BOS,WSH,2.0,1.102087319932933,4.396015337915903,2024-05-11,4.0,2.0,0.6097076463348496,BOS,BOS,True,BOS,True
747041,2024,52,BAL,AZ,1.0,0.8793251550742552,4.396015337915903,2024-05-11,5.0,4.0,0.5879415624528702,BAL,BAL,True,BAL,False
744941,2024,53,TOR,MIN,-4.0,-0.8319248823218389,4.396015337915903,2024-05-12,1.0,5.0,0.4167275123895422,MIN,MIN,True,MIN,True
745092,2024,53,TB,NYY,-4.0,-0.2000326614875974,4.396015337915903,2024-05-12,6.0,10.0,0.47983843330435494,NYY,NYY,True,NYY,True
745255,2024,53,SEA,ATH,4.0,1.7021345600264433,4.396015337915903,2024-05-12,8.0,4.0,0.6664827637387639,SEA,SEA,True,SEA,True
745345,2024,53,SF,CIN,1.0,0.13653602718163335,4.396015337915903,2024-05-12,6.0,5.0,0.5137647846986005,SF,SF,True,SF,False
745419,2024,53,SD,LAD,4.0,-0.7556389821035399,4.396015337915903,2024-05-12,4.0,0.0,0.4242663663981572,LAD,SD,False,LAD,False
745499,2024,53,PIT,CHC,-1.0,-0.634215354419883,4.396015337915903,2024-05-12,4.0,5.0,0.4363221582820273,CHC,CHC,True,CHC,False
745825,2024,53,NYM,ATL,1.0,-0.2812098509980669,4.396015337915903,2024-05-12,4.0,3.0,0.47166825399902135,ATL,NYM,False,ATL,False
745990,2024,53,MIL,STL,-1.0,0.8402239677870246,4.396015337915903,2024-05-12,3.0,4.0,0.5840908420500912,MIL,STL,False,MIL,False
746068,2024,53,MIA,PHI,1.0,-1.685747653850956,4.396015337915903,2024-05-12,7.0,6.0,0.3350248815154283,PHI,MIA,False,PHI,False
746234,2024,53,LAA,KC,-2.0,-0.24768264509530113,4.396015337915903,2024-05-12,2.0,4.0,0.4750413935178771,KC,KC,True,KC,True
746476,2024,53,DET,HOU,-6.0,-0.09846715110080152,4.396015337915903,2024-05-12,3.0,9.0,0.49007215706819324,HOU,HOU,True,HOU,True
746555,2024,53,COL,TEX,2.0,-1.1634601258644972,4.396015337915903,2024-05-12,3.0,1.0,0.3843524468303989,TEX,COL,False,TEX,False
746798,2024,53,CWS,CLE,-7.0,-1.1319530553026107,4.396015337915903,2024-05-12,0.0,7.0,0.38739853320708384,CLE,CLE,True,CLE,True
746965,2024,53,BOS,WSH,1.0,0.9759838764109697,4.396015337915903,2024-05-12,3.0,2.0,0.5974235945318905,BOS,BOS,True,BOS,False
747042,2024,53,BAL,AZ,-7.0,0.775197281840195,4.396015337915903,2024-05-12,2.0,9.0,0.5776692161153093,BAL,AZ,False,BAL,False
745019,2024,54,TEX,CLE,-7.0,0.08540747162378232,4.396015337915903,2024-05-13,0.0,7.0,0.5086113351739127,TEX,CLE,False,TEX,False
745256,2024,54,SEA,KC,4.0,0.81823322413957,4.396015337915903,2024-05-13,6.0,2.0,0.5819215960085197,SEA,SEA,True,SEA,True
745343,2024,54,SF,LAD,-2.0,-2.007891672360559,4.396015337915903,2024-05-13,4.0,6.0,0.305900983933031,LAD,LAD,True,LAD,True
745420,2024,54,SD,COL,-1.0,1.6727639547382218,4.396015337915903,2024-05-13,4.0,5.0,0.6637786867553175,SD,COL,False,SD,False
745826,2024,54,NYM,PHI,-1.0,-0.9029442539492294,4.396015337915903,2024-05-13,4.0,5.0,0.4097364776097811,PHI,PHI,True,PHI,False
745991,2024,54,MIL,PIT,-2.0,0.8933821760916036,4.396015337915903,2024-05-13,6.0,8.0,0.5893238645859937,MIL,PIT,False,MIL,False
746233,2024,54,LAA,STL,-5.0,0.07669168062646047,4.396015337915903,2024-05-13,5.0,10.0,0.5077326689166027,LAA,STL,False,LAA,False
746393,2024,54,HOU,ATH,7.0,0.8673926589488933,4.396015337915903,2024-05-13,9.0,2.0,0.5867673186775616,HOU,HOU,True,HOU,True
746471,2024,54,DET,MIA,1.0,0.5780705684498876,4.396015337915903,2024-05-13,6.0,5.0,0.5580826188617474,DET,DET,True,DET,False
746961,2024,54,BOS,TB,-2.0,0.48906247827550287,4.396015337915903,2024-05-13,3.0,5.0,0.54918898029472,BOS,TB,False,BOS,False
747040,2024,54,BAL,TOR,-1.0,0.7896737314163109,4.396015337915903,2024-05-13,2.0,3.0,0.5791006702693053,BAL,TOR,False,BAL,False
747128,2024,54,ATL,CHC,2.0,0.2575118675506191,4.396015337915903,2024-05-13,2.0,0.0,0.5259477112105847,ATL,ATL,True,ATL,True
747204,2024,54,AZ,CIN,1.0,0.2121683243974548,4.396015337915903,2024-05-13,6.0,5.0,0.5213835982764707,AZ,AZ,True,AZ,False
745014,2024,55,TEX,CLE,-3.0,0.3090696412711841,4.393473539812918,2024-05-14,4.0,7.0,0.5311511327060792,TEX,CLE,False,TEX,False
745257,2024,55,SEA,KC,-2.0,0.6458363715702105,4.393473539812918,2024-05-14,2.0,4.0,0.5648715829613388,SEA,KC,False,SEA,False
745342,2024,55,SF,LAD,-8.0,-1.8094570599666386,4.393473539812918,2024-05-14,2.0,10.0,0.32361547696757104,LAD,LAD,True,LAD,True
745418,2024,55,SD,COL,-3.0,1.767801060996782,4.393473539812918,2024-05-14,3.0,6.0,0.6725904673050375,SD,COL,False,SD,False
745821,2024,55,NYM,PHI,-4.0,-1.0212347010472291,4.393473539812918,2024-05-14,0.0,4.0,0.3980990217907869,PHI,PHI,True,PHI,True
745909,2024,55,MIN,NYY,-4.0,0.07886207769369423,4.393473539812918,2024-05-14,1.0,5.0,0.5079560767682944,MIN,NYY,False,MIN,False
745989,2024,55,MIL,PIT,1.0,1.0417681680635025,4.393473539812918,2024-05-14,4.0,3.0,0.603903347354561,MIL,MIL,True,MIL,False
746235,2024,55,LAA,STL,-1.0,-0.34286184776578726,4.393473539812918,2024-05-14,6.0,7.0,0.46545105735804787,STL,STL,True,STL,False
746396,2024,55,HOU,ATH,1.0,0.9025835460395071,4.393473539812918,2024-05-14,2.0,1.0,0.5902793857155174,HOU,HOU,True,HOU,False
746473,2024,55,DET,MIA,-1.0,0.8735087135161886,4.393473539812918,2024-05-14,0.0,1.0,0.5874190101784422,DET,MIA,False,DET,False
746796,2024,55,CWS,WSH,-3.0,-0.797268509201827,4.393473539812918,2024-05-14,3.0,6.0,0.4201031882791776,WSH,WSH,True,WSH,True
746962,2024,55,BOS,TB,1.0,0.38178151587459774,4.393473539812918,2024-05-14,5.0,4.0,0.5384591852080396,BOS,BOS,True,BOS,False
747124,2024,55,ATL,CHC,7.0,0.6607147514663311,4.393473539812918,2024-05-14,7.0,0.0,0.5663523535616467,ATL,ATL,True,ATL,True
747205,2024,55,AZ,CIN,-4.0,0.371046070007933,4.393473539812918,2024-05-14,2.0,6.0,0.5373809545403462,AZ,CIN,False,AZ,False
746799,2024,55,CWS,WSH,4.0,-0.9783021603537774,4.393473539812918,2024-05-14,4.0,0.0,0.40229431319771497,WSH,CWS,False,WSH,False
745015,2024,56,TEX,CLE,4.0,0.4167832665666505,4.393473539812918,2024-05-15,4.0,0.0,0.5419726347555242,TEX,TEX,True,TEX,True
745259,2024,56,SEA,KC,2.0,0.6745021374708197,4.393473539812918,2024-05-15,4.0,2.0,0.5677237125991123,SEA,SEA,True,SEA,True
745341,2024,56,SF,LAD,3.0,-1.425076224237898,4.393473539812918,2024-05-15,4.0,1.0,0.35927314848994407,LAD,SF,False,LAD,False
745417,2024,56,SD,COL,-8.0,1.665008094973382,4.393473539812918,2024-05-15,0.0,8.0,0.6631520957911328,SD,COL,False,SD,False
745582,2024,56,PHI,NYM,5.0,1.272993679864068,4.393473539812918,2024-05-15,10.0,5.0,0.6262511451991668,PHI,PHI,True,PHI,True
745908,2024,56,MIN,NYY,-4.0,0.11897353302810278,4.393473539812918,2024-05-15,0.0,4.0,0.512001744440075,MIN,NYY,False,MIN,False
745992,2024,56,MIL,PIT,8.0,1.138208702670387,4.393473539812918,2024-05-15,10.0,2.0,0.613270523913963,MIL,MIL,True,MIL,True
746231,2024,56,LAA,STL,5.0,0.08497676997868384,4.393473539812918,2024-05-15,7.0,2.0,0.5085728718501525,LAA,LAA,True,LAA,True
746397,2024,56,HOU,ATH,3.0,1.311006842131583,4.393473539812918,2024-05-15,3.0,0.0,0.6298870171132874,HOU,HOU,True,HOU,True
746472,2024,56,DET,MIA,-2.0,0.9658045756897081,4.393473539812918,2024-05-15,0.0,2.0,0.5964823037829847,DET,MIA,False,DET,False
746795,2024,56,CWS,WSH,2.0,-0.4135690243843231,4.393473539812918,2024-05-15,2.0,0.0,0.4583498759677923,WSH,CWS,False,WSH,False
746960,2024,56,BOS,TB,-1.0,0.6657118082709531,4.393473539812918,2024-05-15,3.0,4.0,0.5668494778087215,BOS,TB,False,BOS,False
747038,2024,56,BAL,TOR,1.0,0.6174891158520914,4.393473539812918,2024-05-15,3.0,2.0,0.5620478202323916,BAL,BAL,True,BAL,False
747123,2024,56,ATL,CHC,-6.0,0.6038093482541875,4.393473539812918,2024-05-15,1.0,7.0,0.560683993632465,ATL,CHC,False,ATL,False
747203,2024,56,AZ,CIN,1.0,0.6324090014313315,4.393473539812918,2024-05-15,2.0,1.0,0.5635344420339979,AZ,AZ,True,AZ,False
745580,2024,57,PHI,NYM,-1.0,1.0219387874616357,4.393473539812918,2024-05-16,5.0,6.0,0.6019696836274486,PHI,NYM,False,PHI,False
745907,2024,57,MIN,NYY,-5.0,-0.033909358632245964,4.393473539812918,2024-05-16,0.0,5.0,0.49657883678629294,NYY,NYY,True,NYY,True
746150,2024,57,LAD,CIN,-5.0,1.761409419394965,4.393473539812918,2024-05-16,2.0,7.0,0.6720067189442419,LAD,CIN,False,LAD,False
746391,2024,57,HOU,ATH,7.0,0.6222650267611161,4.393473539812918,2024-05-16,8.0,1.0,0.5625237897445093,HOU,HOU,True,HOU,True
746881,2024,57,CHC,PIT,-1.0,1.0087672828594694,4.393473539812918,2024-05-16,4.0,5.0,0.6006838742904506,CHC,PIT,False,CHC,False
746959,2024,57,BOS,TB,-2.0,0.11532546235458219,4.393473539812918,2024-05-16,5.0,7.0,0.5116338424270277,BOS,TB,False,BOS,False
744934,2024,58,TOR,TB,-1.0,-0.13271133267536667,4.393473539812918,2024-05-17,3.0,4.0,0.4866129149680171,TB,TB,True,TB,False
745016,2024,58,TEX,LAA,-6.0,1.057414180597286,4.393473539812918,2024-05-17,3.0,9.0,0.6054272698326796,TEX,LAA,False,TEX,False
745178,2024,58,STL,BOS,4.0,-0.9490602579722061,4.393473539812918,2024-05-17,10.0,6.0,0.40515826893986484,BOS,STL,False,BOS,False
745335,2024,58,SF,COL,5.0,0.6784132910633274,4.393473539812918,2024-05-17,10.0,5.0,0.5681125867867964,SF,SF,True,SF,True
745579,2024,58,PHI,WSH,2.0,1.5429493686762532,4.393473539812918,2024-05-17,4.0,2.0,0.6518102814732866,PHI,PHI,True,PHI,True
745747,2024,58,NYY,CWS,2.0,1.6507091782412753,4.393473539812918,2024-05-17,4.0,2.0,0.6618308300042599,NYY,NYY,True,NYY,True
746065,2024,58,MIA,NYM,8.0,-0.7371457299266765,4.393473539812918,2024-05-17,8.0,0.0,0.4260559669789812,NYM,MIA,False,NYM,False
746148,2024,58,LAD,CIN,4.0,1.3952692959300066,4.393473539812918,2024-05-17,7.0,3.0,0.6379048482878619,LAD,LAD,True,LAD,True
746310,2024,58,KC,ATH,4.0,0.955160039453877,4.393473539812918,2024-05-17,6.0,2.0,0.59543956934319,KC,KC,True,KC,True
746388,2024,58,HOU,MIL,1.0,-0.7095086112253348,4.393473539812918,2024-05-17,5.0,4.0,0.42879807773106904,MIL,HOU,False,MIL,False
746641,2024,58,CLE,MIN,1.0,-0.2175554796965396,4.393473539812918,2024-05-17,3.0,2.0,0.4780613198215113,MIN,CLE,False,MIN,False
746878,2024,58,CHC,PIT,-6.0,1.0461019589337834,4.393473539812918,2024-05-17,3.0,9.0,0.6043256189320309,CHC,PIT,False,CHC,False
747037,2024,58,BAL,SEA,7.0,0.018568086075869912,4.393473539812918,2024-05-17,9.0,2.0,0.5018733765765938,BAL,BAL,True,BAL,True
747122,2024,58,ATL,SD,-2.0,0.5442687085705674,4.393473539812918,2024-05-17,1.0,3.0,0.5547398062276708,ATL,SD,False,ATL,False
747201,2024,58,AZ,DET,-13.0,-0.27351070875342387,4.393473539812918,2024-05-17,0.0,13.0,0.47242676868961775,DET,DET,True,DET,True
744938,2024,59,TOR,TB,-1.0,-0.23956543255078394,4.393473539812918,2024-05-18,4.0,5.0,0.47584438683946434,TB,TB,True,TB,False
745013,2024,59,TEX,LAA,1.0,0.44301301595866444,4.393473539812918,2024-05-18,3.0,2.0,0.5446034245028856,TEX,TEX,True,TEX,False
745177,2024,59,STL,BOS,5.0,-0.9681269345188748,4.393473539812918,2024-05-18,7.0,2.0,0.403290289725732,BOS,STL,False,BOS,False
745339,2024,59,SF,COL,10.0,0.913356348352211,4.393473539812918,2024-05-18,14.0,4.0,0.5913380014599043,SF,SF,True,SF,True
745581,2024,59,PHI,WSH,1.0,1.6138076765017446,4.393473539812918,2024-05-18,4.0,3.0,0.6584118247278192,PHI,PHI,True,PHI,False
745744,2024,59,NYY,CWS,5.0,2.086228473897817,4.393473539812918,2024-05-18,6.0,1.0,0.7011142685238344,NYY,NYY,True,NYY,True
746067,2024,59,MIA,NYM,1.0,-0.5651006827892224,4.393473539812918,2024-05-18,10.0,9.0,0.4431789816209778,NYM,MIA,False,NYM,False
746142,2024,59,LAD,CIN,4.0,1.3221321955924712,4.393473539812918,2024-05-18,4.0,0.0,0.6309489562868267,LAD,LAD,True,LAD,True
746308,2024,59,KC,ATH,2.0,0.9702542878150394,4.393473539812918,2024-05-18,5.0,3.0,0.5969179930363827,KC,KC,True,KC,True
746389,2024,59,HOU,MIL,-2.0,-0.07805213322539863,4.393473539812918,2024-05-18,2.0,4.0,0.4921256245931656,MIL,MIL,True,MIL,True
746642,2024,59,CLE,MIN,7.0,-0.3482451586653075,4.393473539812918,2024-05-18,11.0,4.0,0.4649099909262748,MIN,CLE,False,MIN,False
746882,2024,59,CHC,PIT,1.0,1.322221409004501,4.393473539812918,2024-05-18,1.0,0.0,0.6309574678750468,CHC,CHC,True,CHC,False
747036,2024,59,BAL,SEA,-1.0,0.10191334376107364,4.393473539812918,2024-05-18,3.0,4.0,0.5102811693069427,BAL,SEA,False,BAL,False
747202,2024,59,AZ,DET,-5.0,-0.12090277565329284,4.393473539812918,2024-05-18,3.0,8.0,0.4878036986775822,DET,DET,True,DET,True
744937,2024,60,TOR,TB,3.0,-0.5134670707101809,4.393473539812918,2024-05-19,5.0,2.0,0.4483401721039815,TB,TOR,False,TB,False
745012,2024,60,TEX,LAA,-3.0,0.7180861983884204,4.393473539812918,2024-05-19,1.0,4.0,0.5720533510924739,TEX,LAA,False,TEX,False
745179,2024,60,STL,BOS,-8.0,-0.8158257115205583,4.393473539812918,2024-05-19,3.0,11.0,0.4182694515557563,BOS,BOS,True,BOS,True
745336,2024,60,SF,COL,3.0,0.9855426738468247,4.393473539812918,2024-05-19,4.0,1.0,0.5984140206871115,SF,SF,True,SF,True
745577,2024,60,PHI,WSH,6.0,1.8080180431373531,4.393473539812918,2024-05-19,11.0,5.0,0.6762537588014803,PHI,PHI,True,PHI,True
745745,2024,60,NYY,CWS,5.0,1.9018959414418555,4.393473539812918,2024-05-19,7.0,2.0,0.6847382677705331,NYY,NYY,True,NYY,True
746064,2024,60,MIA,NYM,-4.0,-0.43804810006194933,4.393473539812918,2024-05-19,3.0,7.0,0.45589439982968955,NYM,NYM,True,NYM,True
746144,2024,60,LAD,CIN,1.0,1.4259443587081824,4.393473539812918,2024-05-19,3.0,2.0,0.6408089290136394,LAD,LAD,True,LAD,False
746306,2024,60,KC,ATH,4.0,1.0933506675113087,4.393473539812918,2024-05-19,8.0,4.0,0.6089213473344172,KC,KC,True,KC,True
746392,2024,60,HOU,MIL,5.0,-0.1380052856205048,4.393473539812918,2024-05-19,9.0,4.0,0.48607910691222406,MIL,HOU,False,MIL,False
746636,2024,60,CLE,MIN,3.0,0.005179081393991494,4.393473539812918,2024-05-19,5.0,2.0,0.5005225311115109,CLE,CLE,True,CLE,True
746880,2024,60,CHC,PIT,-1.0,0.9546978497551478,4.393473539812918,2024-05-19,2.0,3.0,0.5953942780116523,CHC,PIT,False,CHC,False
747035,2024,60,BAL,SEA,3.0,-0.0015606892189486271,4.393473539812918,2024-05-19,6.0,3.0,0.4998425379285896,SEA,BAL,False,SEA,False
747120,2024,60,ATL,SD,-8.0,-0.05264414157718818,4.393473539812918,2024-05-19,1.0,9.0,0.4946887498100785,SD,SD,True,SD,True
747198,2024,60,AZ,DET,2.0,-0.09325536867829025,4.393473539812918,2024-05-19,6.0,4.0,0.4905920906187589,DET,AZ,False,DET,False
744857,2024,61,WSH,MIN,9.0,-0.6907666647302753,4.393473539812918,2024-05-20,12.0,3.0,0.43065958969689583,MIN,WSH,False,MIN,False
744935,2024,61,TOR,CWS,6.0,1.311480733271846,4.393473539812918,2024-05-20,9.0,3.0,0.6299322713151116,TOR,TOR,True,TOR,True
745093,2024,61,TB,BOS,-5.0,-0.3020569073584423,4.393473539812918,2024-05-20,0.0,5.0,0.4695542910763799,BOS,BOS,True,BOS,True
745181,2024,61,STL,BAL,3.0,-0.8061359624315777,4.393473539812918,2024-05-20,6.0,3.0,0.41922672869082606,BAL,STL,False,BAL,False
745746,2024,61,NYY,SEA,-1.0,-0.06128828266994253,4.393473539812918,2024-05-20,4.0,5.0,0.49381671016054857,SEA,SEA,True,SEA,False
746066,2024,61,MIA,MIL,1.0,-1.4498818398013005,4.393473539812918,2024-05-20,3.0,2.0,0.35693048114855735,MIL,MIA,False,MIL,False
746146,2024,61,LAD,AZ,2.0,1.502175438390006,4.393473539812918,2024-05-20,6.0,4.0,0.6479904485866139,LAD,LAD,True,LAD,True
746307,2024,61,KC,DET,5.0,0.0485613291699381,4.393473539812918,2024-05-20,8.0,3.0,0.5048993581636954,KC,KC,True,KC,True
746390,2024,61,HOU,LAA,-2.0,0.9037283494177469,4.393473539812918,2024-05-20,7.0,9.0,0.59039191402033,HOU,LAA,False,HOU,False
746637,2024,61,CLE,NYM,2.0,0.2727233830040769,4.393473539812918,2024-05-20,3.0,1.0,0.527493985188716,CLE,CLE,True,CLE,True
747119,2024,61,ATL,SD,-1.0,0.4267649533369458,4.393473539812918,2024-05-20,5.0,6.0,0.5429740004384912,ATL,SD,False,ATL,False
747121,2024,61,ATL,SD,3.0,0.7617896087915991,4.393473539812918,2024-05-20,3.0,0.0,0.5763861517313956,ATL,ATL,True,ATL,True
744860,2024,62,WSH,MIN,-10.0,-0.7512501323204521,4.393071790573123,2024-05-21,0.0,10.0,0.4246511111320607,MIN,MIN,True,MIN,True
744936,2024,62,TOR,CWS,-5.0,1.301940784895267,4.393071790573123,2024-05-21,0.0,5.0,0.6290322877253829,TOR,CWS,False,TOR,False
745090,2024,62,TB,BOS,-3.0,0.20273869391039112,4.393071790573123,2024-05-21,2.0,5.0,0.5204477540859818,TB,BOS,False,TB,False
745503,2024,62,PIT,SF,1.0,-0.423082085332536,4.393071790573123,2024-05-21,7.0,6.0,0.4573915531487898,SF,PIT,False,SF,False
745578,2024,62,PHI,TEX,3.0,0.7206606393029215,4.393071790573123,2024-05-21,5.0,2.0,0.5723153698873252,PHI,PHI,True,PHI,True
745662,2024,62,ATH,COL,1.0,-0.1202824621479525,4.393071790573123,2024-05-21,5.0,4.0,0.48786514535695485,COL,ATH,False,COL,False
745742,2024,62,NYY,SEA,-3.0,0.22762625777354778,4.393071790573123,2024-05-21,3.0,6.0,0.5229552355300716,NYY,SEA,False,NYY,False
746058,2024,62,MIA,MIL,-2.0,-1.3889147488548397,4.393071790573123,2024-05-21,5.0,7.0,0.36268570377851816,MIL,MIL,True,MIL,True
746145,2024,62,LAD,AZ,-4.0,1.3028888220420847,4.393071790573123,2024-05-21,3.0,7.0,0.6291228946872403,LAD,AZ,False,LAD,False
746309,2024,62,KC,DET,7.0,0.02258256237465333,4.393071790573123,2024-05-21,10.0,3.0,0.5022786105983036,KC,KC,True,KC,True
746385,2024,62,HOU,LAA,1.0,0.5030785169787536,4.393071790573123,2024-05-21,6.0,5.0,0.5506249272986111,HOU,HOU,True,HOU,False
746633,2024,62,CLE,NYM,1.0,0.4268068269936035,4.393071790573123,2024-05-21,7.0,6.0,0.5429821157870283,CLE,CLE,True,CLE,False
746716,2024,62,CIN,SD,2.0,-0.4069088791612476,4.393071790573123,2024-05-21,2.0,0.0,0.4590144942479335,SD,CIN,False,SD,False
746875,2024,62,CHC,ATL,1.0,-0.45114154590553013,4.393071790573123,2024-05-21,4.0,3.0,0.4545775565364198,ATL,CHC,False,ATL,False
744856,2024,63,WSH,MIN,-1.0,-0.4819715232748747,4.393071790573123,2024-05-22,2.0,3.0,0.45148834492067524,MIN,MIN,True,MIN,False
744933,2024,63,TOR,CWS,7.0,1.1332502382612013,4.393071790573123,2024-05-22,9.0,2.0,0.6128005028815341,TOR,TOR,True,TOR,True
745089,2024,63,TB,BOS,-3.0,0.030130523992251933,4.393071790573123,2024-05-22,5.0,8.0,0.5030401970743555,TB,BOS,False,TB,False
745173,2024,63,STL,BAL,1.0,-1.0762079158394504,4.393071790573123,2024-05-22,5.0,4.0,0.3927347832074416,BAL,STL,False,BAL,False
745180,2024,63,STL,BAL,2.0,-1.167464118135716,4.393071790573123,2024-05-22,3.0,1.0,0.383890334456347,BAL,STL,False,BAL,False
745502,2024,63,PIT,SF,-4.0,0.1857810428628911,4.393071790573123,2024-05-22,5.0,9.0,0.5187387605669482,PIT,SF,False,PIT,False
745576,2024,63,PHI,TEX,7.0,0.6595464390325209,4.393071790573123,2024-05-22,11.0,4.0,0.566242112046234,PHI,PHI,True,PHI,True
745661,2024,63,ATH,COL,-1.0,0.0078072665452093015,4.393071790573123,2024-05-22,3.0,4.0,0.5007877673562221,ATH,COL,False,ATH,False
745743,2024,63,NYY,SEA,4.0,0.31316825625880723,4.393071790573123,2024-05-22,7.0,3.0,0.5315662552402274,NYY,NYY,True,NYY,True
746063,2024,63,MIA,MIL,1.0,-1.08930514836154,4.393071790573123,2024-05-22,1.0,0.0,0.3914618859106853,MIL,MIA,False,MIL,False
746143,2024,63,LAD,AZ,-6.0,1.5538698911594422,4.393071790573123,2024-05-22,0.0,6.0,0.6528440326738205,LAD,AZ,False,LAD,False
746304,2024,63,KC,DET,5.0,-0.024923155609301237,4.393071790573123,2024-05-22,8.0,3.0,0.49748522341050677,DET,KC,False,DET,False
746386,2024,63,HOU,LAA,-1.0,0.6323017742717099,4.393071790573123,2024-05-22,1.0,2.0,0.5635295209974007,HOU,LAA,False,HOU,False
746634,2024,63,CLE,NYM,3.0,0.47339737013754396,4.393071790573123,2024-05-22,6.0,3.0,0.5476527983322645,CLE,CLE,True,CLE,True
746712,2024,63,CIN,SD,-4.0,-0.39659891602134417,4.393071790573123,2024-05-22,3.0,7.0,0.4600494318290033,SD,SD,True,SD,True
746876,2024,63,CHC,ATL,-7.0,-0.34383327093178195,4.393071790573123,2024-05-22,2.0,9.0,0.4653502562209024,ATL,ATL,True,ATL,True
745500,2024,64,PIT,SF,-1.0,-0.040287536210724825,4.393071790573123,2024-05-23,6.0,7.0,0.49593498222068416,SF,SF,True,SF,False
745573,2024,64,PHI,TEX,3.0,0.9916229640086691,4.393071790573123,2024-05-23,5.0,2.0,0.5990174673800704,PHI,PHI,True,PHI,True
745660,2024,64,ATH,COL,1.0,-0.08984533526300294,4.393071790573123,2024-05-23,10.0,9.0,0.49093521695989956,COL,ATH,False,COL,False
745741,2024,64,NYY,SEA,5.0,0.24409003570767146,4.393071790573123,2024-05-23,5.0,0.0,0.5246135072753201,NYY,NYY,True,NYY,True
746474,2024,64,DET,TOR,-8.0,-0.2425529068199786,4.393071790573123,2024-05-23,1.0,9.0,0.4755412984853928,TOR,TOR,True,TOR,True
746714,2024,64,CIN,SD,-2.0,-0.670050931742029,4.393071790573123,2024-05-23,4.0,6.0,0.43271284293729095,SD,SD,True,SD,True
746792,2024,64,CWS,BAL,-2.0,-1.7312033093223138,4.393071790573123,2024-05-23,6.0,8.0,0.3307431590785387,BAL,BAL,True,BAL,True
746874,2024,64,CHC,ATL,-3.0,-0.3841344076542056,4.393071790573123,2024-05-23,0.0,3.0,0.4613010084426191,ATL,ATL,True,ATL,True
744853,2024,65,WSH,SEA,5.0,-1.0312140280041568,4.393071790573123,2024-05-24,6.0,1.0,0.397116329023275,SEA,WSH,False,SEA,False
745087,2024,65,TB,KC,-7.0,0.23564917510372002,4.393071790573123,2024-05-24,1.0,8.0,0.5237633747131575,TB,KC,False,TB,False
745415,2024,65,SD,NYY,-8.0,-0.0667308867289899,4.393071790573123,2024-05-24,0.0,8.0,0.4932670477685248,NYY,NYY,True,NYY,True
745501,2024,65,PIT,ATL,6.0,-1.3458098707906068,4.393071790573123,2024-05-24,11.0,5.0,0.36678257310067464,ATL,PIT,False,ATL,False
745663,2024,65,ATH,HOU,-3.0,-1.3696212975660988,4.393071790573123,2024-05-24,3.0,6.0,0.3645175241544978,HOU,HOU,True,HOU,True
745822,2024,65,NYM,SF,-1.0,-0.018929124365517788,4.393071790573123,2024-05-24,7.0,8.0,0.49809002307076683,SF,SF,True,SF,False
745905,2024,65,MIN,TEX,1.0,0.3462580362258759,4.393071790573123,2024-05-24,3.0,2.0,0.5348934772345981,MIN,MIN,True,MIN,False
746227,2024,65,LAA,CLE,-6.0,-0.542168002010146,4.393071790573123,2024-05-24,4.0,10.0,0.44546519336331675,CLE,CLE,True,CLE,True
746475,2024,65,DET,TOR,4.0,-0.28331311054330965,4.393071790573123,2024-05-24,6.0,2.0,0.4714376197686615,TOR,DET,False,TOR,False
746558,2024,65,COL,PHI,1.0,-2.083213716074264,4.393071790573123,2024-05-24,3.0,2.0,0.29913370004611417,PHI,COL,False,PHI,False
746713,2024,65,CIN,LAD,3.0,-1.0511108857596143,4.393071790573123,2024-05-24,9.0,6.0,0.3951771172405618,LAD,CIN,False,LAD,False
746793,2024,65,CWS,BAL,-2.0,-1.8703900078747822,4.393071790573123,2024-05-24,4.0,6.0,0.31808319092918225,BAL,BAL,True,BAL,True
746956,2024,65,BOS,MIL,-5.0,0.3365309258384368,4.393071790573123,2024-05-24,2.0,7.0,0.5339156457966884,BOS,MIL,False,BOS,False
747200,2024,65,AZ,MIA,-3.0,0.6623440362654961,4.393071790573123,2024-05-24,0.0,3.0,0.5665204780432817,AZ,MIA,False,AZ,False
744851,2024,66,WSH,SEA,2.0,-0.7004577040662747,4.393071790573123,2024-05-25,3.0,1.0,0.42969048631774753,SEA,WSH,False,SEA,False
745086,2024,66,TB,KC,-3.0,0.02875374956733516,4.393071790573123,2024-05-25,4.0,7.0,0.5029012817995528,TB,KC,False,TB,False
745176,2024,66,STL,CHC,1.0,-0.3120150744196686,4.393071790573123,2024-05-25,7.0,6.0,0.46854973987811477,CHC,STL,False,CHC,False
745411,2024,66,SD,NYY,-3.0,-0.2907149982669266,4.393071790573123,2024-05-25,1.0,4.0,0.4706927207737238,NYY,NYY,True,NYY,True
745493,2024,66,PIT,ATL,3.0,-1.004336896941128,4.393071790573123,2024-05-25,4.0,1.0,0.39973989617222666,ATL,PIT,False,ATL,False
745658,2024,66,ATH,HOU,2.0,-1.2736090085431173,4.393071790573123,2024-05-25,3.0,1.0,0.3736787523440862,HOU,ATH,False,HOU,False
745823,2024,66,NYM,SF,-5.0,0.05531290303423645,4.393071790573123,2024-05-25,2.0,7.0,0.5055809938257719,NYM,SF,False,NYM,False
745901,2024,66,MIN,TEX,2.0,0.4463204998298418,4.393071790573123,2024-05-25,5.0,3.0,0.5449391138206704,MIN,MIN,True,MIN,True
746226,2024,66,LAA,CLE,-1.0,-0.767057942353212,4.393071790573123,2024-05-25,3.0,4.0,0.42308520721328763,CLE,CLE,True,CLE,False
746470,2024,66,DET,TOR,1.0,-0.12750861506875222,4.393071790573123,2024-05-25,2.0,1.0,0.48713637094522655,TOR,DET,False,TOR,False
746556,2024,66,COL,PHI,-4.0,-2.1431888337624847,4.393071790573123,2024-05-25,4.0,8.0,0.2938876118856645,PHI,PHI,True,PHI,True
746710,2024,66,CIN,LAD,2.0,-1.0080992267413054,4.393071790573123,2024-05-25,3.0,1.0,0.3993723669781932,LAD,CIN,False,LAD,False
746794,2024,66,CWS,BAL,-2.0,-1.5912687206451204,4.393071790573123,2024-05-25,3.0,5.0,0.34366935322432524,BAL,BAL,True,BAL,True
746958,2024,66,BOS,MIL,-3.0,0.15669376084030695,4.393071790573123,2024-05-25,3.0,6.0,0.5158065570823325,BOS,MIL,False,BOS,False
747199,2024,66,AZ,MIA,1.0,0.38292076590433144,4.393071790573123,2024-05-25,3.0,2.0,0.5385771076154781,AZ,AZ,True,AZ,False
744855,2024,67,WSH,SEA,-4.0,-0.9258335308024067,4.393071790573123,2024-05-26,5.0,9.0,0.40742841920040374,SEA,SEA,True,SEA,True
745088,2024,67,TB,KC,3.0,-0.01860944213868472,4.393071790573123,2024-05-26,4.0,1.0,0.49812227924482616,KC,TB,False,KC,False
745172,2024,67,STL,CHC,1.0,-0.16665382520286487,4.393071790573123,2024-05-26,4.0,3.0,0.4831892938298004,CHC,STL,False,CHC,False
745413,2024,67,SD,NYY,3.0,-0.46891027587881196,4.393071790573123,2024-05-26,5.0,2.0,0.4527967545898466,NYY,SD,False,NYY,False
745498,2024,67,PIT,ATL,-7.0,-1.384944499584962,4.393071790573123,2024-05-26,1.0,8.0,0.36306240471618534,ATL,ATL,True,ATL,True
745653,2024,67,ATH,HOU,-3.0,-1.2368217533264407,4.393071790573123,2024-05-26,2.0,5.0,0.3772082190638806,HOU,HOU,True,HOU,True
745824,2024,67,NYM,SF,1.0,-0.09359839201542967,4.393071790573123,2024-05-26,4.0,3.0,0.49055662838122327,SF,NYM,False,SF,False
745902,2024,67,MIN,TEX,-4.0,0.3702299381208921,4.393071790573123,2024-05-26,2.0,6.0,0.5373023748269783,MIN,TEX,False,MIN,False
746230,2024,67,LAA,CLE,-1.0,-0.45071814572819857,4.393071790573123,2024-05-26,4.0,5.0,0.4546200014576788,CLE,CLE,True,CLE,False
746469,2024,67,DET,TOR,3.0,-0.3037527965399432,4.393071790573123,2024-05-26,14.0,11.0,0.46938089524630844,TOR,DET,False,TOR,False
746557,2024,67,COL,PHI,3.0,-1.962194322107657,4.393071790573123,2024-05-26,5.0,2.0,0.3098466514174217,PHI,COL,False,PHI,False
746711,2024,67,CIN,LAD,3.0,-1.1318013648371503,4.393071790573123,2024-05-26,4.0,1.0,0.38733981497210423,LAD,CIN,False,LAD,False
746789,2024,67,CWS,BAL,-3.0,-1.6791239761954142,4.393071790573123,2024-05-26,1.0,4.0,0.3355313664887915,BAL,BAL,True,BAL,True
746957,2024,67,BOS,MIL,1.0,0.2808489549819615,4.393071790573123,2024-05-26,2.0,1.0,0.5283143742989649,BOS,BOS,True,BOS,False
747197,2024,67,AZ,MIA,-2.0,0.7109104513739366,4.393071790573123,2024-05-26,1.0,3.0,0.5713475487338548,AZ,MIA,False,AZ,False
745254,2024,68,SEA,HOU,1.0,-0.003938182677136845,4.393071790573123,2024-05-27,3.0,2.0,0.49960263003177097,HOU,SEA,False,HOU,False
745338,2024,68,SF,PHI,4.0,-0.9873093589531728,4.393071790573123,2024-05-27,8.0,4.0,0.40140436484182573,PHI,SF,False,PHI,False
745416,2024,68,SD,MIA,1.0,1.0649864255260497,4.393071790573123,2024-05-27,2.0,1.0,0.6061737057672623,SD,SD,True,SD,False
745904,2024,68,MIN,KC,1.0,0.341582204226401,4.393071790573123,2024-05-27,6.0,5.0,0.534423458584782,MIN,MIN,True,MIN,False
745986,2024,68,MIL,CHC,4.0,0.4806612579646392,4.393071790573123,2024-05-27,5.0,1.0,0.548380422870691,MIL,MIL,True,MIL,True
746549,2024,68,COL,CLE,2.0,-1.1251608281821694,4.393071790573123,2024-05-27,8.0,6.0,0.3879831136436203,CLE,COL,False,CLE,False
746708,2024,68,CIN,STL,2.0,0.7548563922193704,4.393071790573123,2024-05-27,3.0,1.0,0.5757062265718587,CIN,CIN,True,CIN,True
746788,2024,68,CWS,TOR,-4.0,-1.222645776663326,4.393071790573123,2024-05-27,1.0,5.0,0.37857106096511994,TOR,TOR,True,TOR,True
747034,2024,68,BAL,BOS,8.0,0.4939826171091695,4.393071790573123,2024-05-27,11.0,3.0,0.5497144010483728,BAL,BAL,True,BAL,True
747118,2024,68,ATL,WSH,-4.0,1.236294944865943,4.393071790573123,2024-05-27,4.0,8.0,0.622741162160721,ATL,WSH,False,ATL,False
745017,2024,69,TEX,AZ,2.0,-0.16996916455822086,4.388197439614965,2024-05-28,4.0,2.0,0.48283604023510246,AZ,TEX,False,AZ,False
745091,2024,69,TB,ATH,-3.0,1.2101498573453586,4.388197439614965,2024-05-28,0.0,3.0,0.6203557799374274,TB,ATH,False,TB,False
745258,2024,69,SEA,HOU,2.0,0.45235577747545874,4.388197439614965,2024-05-28,4.0,2.0,0.5455945337129753,SEA,SEA,True,SEA,True
745337,2024,69,SF,PHI,1.0,-1.2437823377793584,4.388197439614965,2024-05-28,1.0,0.0,0.3764069381760333,PHI,SF,False,PHI,False
745412,2024,69,SD,MIA,4.0,0.7155574262507723,4.388197439614965,2024-05-28,4.0,0.0,0.5718877655068604,SD,SD,True,SD,True
745818,2024,69,NYM,LAD,-3.0,-1.6156866064456785,4.388197439614965,2024-05-28,2.0,5.0,0.3412334919963971,LAD,LAD,True,LAD,True
745903,2024,69,MIN,KC,2.0,-0.10477961020917109,4.388197439614965,2024-05-28,4.0,2.0,0.48941703818029336,KC,MIN,False,KC,False
745987,2024,69,MIL,CHC,-3.0,0.478077141963968,4.388197439614965,2024-05-28,3.0,6.0,0.5481747825325558,MIL,CHC,False,MIL,False
746229,2024,69,LAA,NYY,1.0,-1.333189341236981,4.388197439614965,2024-05-28,4.0,3.0,0.3678438256373058,NYY,LAA,False,NYY,False
746552,2024,69,COL,CLE,-6.0,-1.0487851481817583,4.388197439614965,2024-05-28,7.0,13.0,0.3952901779779798,CLE,CLE,True,CLE,True
746709,2024,69,CIN,STL,-6.0,0.720173283798078,4.388197439614965,2024-05-28,1.0,7.0,0.5723463922901142,CIN,STL,False,CIN,False
746791,2024,69,CWS,TOR,-5.0,-1.7737728867402034,4.388197439614965,2024-05-28,2.0,7.0,0.32666995541261656,TOR,TOR,True,TOR,True
747033,2024,69,BAL,BOS,-5.0,0.6509131399545415,4.388197439614965,2024-05-28,3.0,8.0,0.5654548481343017,BAL,BOS,False,BAL,False
747115,2024,69,ATL,WSH,2.0,1.0977339934303518,4.388197439614965,2024-05-28,2.0,0.0,0.6094750632052988,ATL,ATL,True,ATL,True
745816,2024,69,NYM,LAD,-3.0,-1.3143929596490598,4.388197439614965,2024-05-28,0.0,3.0,0.36963880026512125,LAD,LAD,True,LAD,True
745011,2024,70,TEX,AZ,5.0,0.16544885006633334,4.388197439614965,2024-05-29,6.0,1.0,0.5167077564320424,TEX,TEX,True,TEX,True
745084,2024,70,TB,ATH,1.0,0.6813037023587368,4.388197439614965,2024-05-29,4.0,3.0,0.5684813570778426,TB,TB,True,TB,False
745250,2024,70,SEA,HOU,1.0,0.13816776489363414,4.388197439614965,2024-05-29,2.0,1.0,0.5139540265565395,SEA,SEA,True,SEA,False
745333,2024,70,SF,PHI,-5.0,-1.1832407577064612,4.388197439614965,2024-05-29,1.0,6.0,0.3822404466976189,PHI,PHI,True,PHI,True
745414,2024,70,SD,MIA,-8.0,1.0333834231076762,4.388197439614965,2024-05-29,1.0,9.0,0.6032071603157804,SD,MIA,False,SD,False
745817,2024,70,NYM,LAD,-7.0,-0.9329496962113173,4.388197439614965,2024-05-29,3.0,10.0,0.40662825963063465,LAD,LAD,True,LAD,True
745900,2024,70,MIN,KC,-5.0,0.008869576666034093,4.388197439614965,2024-05-29,1.0,6.0,0.5008959503090236,MIN,KC,False,MIN,False
745988,2024,70,MIL,CHC,4.0,0.20151723995317947,4.388197439614965,2024-05-29,10.0,6.0,0.5203472248313432,MIL,MIL,True,MIL,True
746228,2024,70,LAA,NYY,-1.0,-1.2007731745317982,4.388197439614965,2024-05-29,1.0,2.0,0.38054828612447206,NYY,NYY,True,NYY,False
746467,2024,70,DET,PIT,8.0,0.5524067657129734,4.388197439614965,2024-05-29,8.0,0.0,0.5556193785786664,DET,DET,True,DET,True
746551,2024,70,COL,CLE,3.0,-1.1269709405442783,4.388197439614965,2024-05-29,7.0,4.0,0.38768645175396055,CLE,COL,False,CLE,False
746706,2024,70,CIN,STL,-2.0,0.527997468927888,4.388197439614965,2024-05-29,3.0,5.0,0.5531766605654367,CIN,STL,False,CIN,False
746790,2024,70,CWS,TOR,-2.0,-1.1711043386907303,4.388197439614965,2024-05-29,1.0,3.0,0.3834131274698423,TOR,TOR,True,TOR,True
747031,2024,70,BAL,BOS,5.0,0.3016777927178794,4.388197439614965,2024-05-29,6.0,1.0,0.5304440595357215,BAL,BAL,True,BAL,True
747117,2024,70,ATL,WSH,-5.0,1.1546418054701164,4.388197439614965,2024-05-29,2.0,7.0,0.6149944745429867,ATL,WSH,False,ATL,False
746468,2024,70,DET,PIT,-8.0,0.298173894110471,4.388197439614965,2024-05-29,2.0,10.0,0.5300911360452905,DET,PIT,False,DET,False
745081,2024,71,TB,ATH,1.0,1.2743924498407644,4.388197439614965,2024-05-30,6.0,5.0,0.6265318955464284,TB,TB,True,TB,False
745249,2024,71,SEA,HOU,-4.0,0.18811500881457432,4.388197439614965,2024-05-30,0.0,4.0,0.5189950591412339,SEA,HOU,False,SEA,False
745819,2024,71,NYM,AZ,1.0,-0.28200175561967644,4.388197439614965,2024-05-30,3.0,2.0,0.47153807373958073,AZ,NYM,False,AZ,False
745898,2024,71,MIN,KC,1.0,0.4721896486121805,4.388197439614965,2024-05-30,7.0,6.0,0.5475843518682791,MIN,MIN,True,MIN,False
745985,2024,71,MIL,CHC,2.0,0.4987519062924276,4.388197439614965,2024-05-30,6.0,4.0,0.5502473106728584,MIL,MIL,True,MIL,True
746225,2024,71,LAA,NYY,-5.0,-1.2389443515858314,4.388197439614965,2024-05-30,3.0,8.0,0.3768720877869203,NYY,NYY,True,NYY,True
746954,2024,71,BOS,DET,-5.0,0.63776733308627,4.388197439614965,2024-05-30,0.0,5.0,0.5641444946922992,BOS,DET,False,BOS,False
747114,2024,71,ATL,WSH,-2.0,1.1186172267561245,4.388197439614965,2024-05-30,1.0,3.0,0.6115031283359845,ATL,WSH,False,ATL,False
744928,2024,72,TOR,PIT,2.0,0.6502178222792174,4.388197439614965,2024-05-31,5.0,3.0,0.5653855578337859,TOR,TOR,True,TOR,True
745253,2024,72,SEA,LAA,1.0,0.8530293626120109,4.388197439614965,2024-05-31,5.0,4.0,0.5855025518859275,SEA,SEA,True,SEA,False
745331,2024,72,SF,NYY,-4.0,-0.9439886463654799,4.388197439614965,2024-05-31,2.0,6.0,0.4055442136037527,NYY,NYY,True,NYY,True
745574,2024,72,PHI,STL,2.0,1.3114358913240758,4.388197439614965,2024-05-31,4.0,2.0,0.6300785523080785,PHI,PHI,True,PHI,True
745820,2024,72,NYM,AZ,1.0,-0.3340519999025049,4.388197439614965,2024-05-31,10.0,9.0,0.46629627753774633,AZ,NYM,False,AZ,False
745983,2024,72,MIL,CWS,7.0,1.830127845551997,4.388197439614965,2024-05-31,12.0,5.0,0.6784599105349765,MIL,MIL,True,MIL,True
746059,2024,72,MIA,TEX,6.0,-0.2971954579355611,4.388197439614965,2024-05-31,8.0,2.0,0.47000741930268336,TEX,MIA,False,TEX,False
746140,2024,72,LAD,COL,-3.0,2.1301431047945965,4.388197439614965,2024-05-31,1.0,4.0,0.7051813517577802,LAD,COL,False,LAD,False
746303,2024,72,KC,SD,-3.0,-0.08488946315637935,4.388197439614965,2024-05-31,8.0,11.0,0.4914256394114077,SD,SD,True,SD,True
746387,2024,72,HOU,MIN,-5.0,-0.07660184241647677,4.388197439614965,2024-05-31,1.0,6.0,0.4922626296962858,MIN,MIN,True,MIN,True
746635,2024,72,CLE,WSH,6.0,0.8368006087319335,4.388197439614965,2024-05-31,7.0,1.0,0.5839003112960959,CLE,CLE,True,CLE,True
746877,2024,72,CHC,CIN,-1.0,0.31046713875618603,4.388197439614965,2024-05-31,4.0,5.0,0.5313292437628567,CHC,CIN,False,CHC,False
746955,2024,72,BOS,DET,4.0,1.0032379935895448,4.388197439614965,2024-05-31,7.0,3.0,0.6002616161964267,BOS,BOS,True,BOS,True
747032,2024,72,BAL,TB,2.0,0.6821618540882755,4.388197439614965,2024-05-31,3.0,1.0,0.5685667604785566,BAL,BAL,True,BAL,True
747116,2024,72,ATL,ATH,2.0,1.6609109259415389,4.388197439614965,2024-05-31,4.0,2.0,0.6629581569884357,ATL,ATL,True,ATL,True
744932,2024,73,TOR,PIT,-7.0,0.6953700880414404,4.388197439614965,2024-06-01,1.0,8.0,0.5698808393945815,TOR,PIT,False,TOR,False
745251,2024,73,SEA,LAA,9.0,0.9259293085139133,4.388197439614965,2024-06-01,9.0,0.0,0.5926819518848949,SEA,SEA,True,SEA,True
745332,2024,73,SF,NYY,-4.0,-0.7229222180934465,4.388197439614965,2024-06-01,3.0,7.0,0.4273805228655014,NYY,NYY,True,NYY,True
745575,2024,73,PHI,STL,5.0,1.1760770581588909,4.388197439614965,2024-06-01,6.0,1.0,0.617067491108289,PHI,PHI,True,PHI,True
745812,2024,73,NYM,AZ,-5.0,-0.03556935859575369,4.388197439614965,2024-06-01,5.0,10.0,0.49640704680821185,AZ,AZ,True,AZ,True
745980,2024,73,MIL,CWS,1.0,1.9562583396832447,4.388197439614965,2024-06-01,4.0,3.0,0.6898175703814934,MIL,MIL,True,MIL,False
746062,2024,73,MIA,TEX,-7.0,-0.36074302963651494,4.388197439614965,2024-06-01,0.0,7.0,0.4636105265344902,TEX,TEX,True,TEX,True
746138,2024,73,LAD,COL,3.0,2.1292193058022564,4.388197439614965,2024-06-01,4.0,1.0,0.7051006624963407,LAD,LAD,True,LAD,True
746305,2024,73,KC,SD,-4.0,0.07951388404875659,4.388197439614965,2024-06-01,3.0,7.0,0.5080314697048792,KC,SD,False,KC,False
746384,2024,73,HOU,MIN,3.0,-0.1928363875327973,4.388197439614965,2024-06-01,5.0,2.0,0.4805285700832708,MIN,HOU,False,MIN,False
746629,2024,73,CLE,WSH,1.0,0.4954405907525343,4.388197439614965,2024-06-01,3.0,2.0,0.5499154606920136,CLE,CLE,True,CLE,False
746870,2024,73,CHC,CIN,2.0,0.3675853061346973,4.388197439614965,2024-06-01,7.0,5.0,0.5370777068085756,CHC,CHC,True,CHC,True
746952,2024,73,BOS,DET,3.0,0.65970018858293,4.388197439614965,2024-06-01,6.0,3.0,0.5663303275173602,BOS,BOS,True,BOS,True
747029,2024,73,BAL,TB,4.0,1.029566371678175,4.388197439614965,2024-06-01,9.0,5.0,0.6028345135365742,BAL,BAL,True,BAL,True
747111,2024,73,ATL,ATH,-2.0,2.2031028965239514,4.388197439614965,2024-06-01,9.0,11.0,0.7115216245513893,ATL,ATH,False,ATL,False
744929,2024,74,TOR,PIT,1.0,0.7858529492733549,4.388197439614965,2024-06-02,5.0,4.0,0.5788613772330997,TOR,TOR,True,TOR,False
745252,2024,74,SEA,LAA,4.0,1.1776952266099783,4.388197439614965,2024-06-02,5.0,1.0,0.6172238499739015,SEA,SEA,True,SEA,True
745330,2024,74,SF,NYY,-2.0,-1.3301427973042494,4.388197439614965,2024-06-02,5.0,7.0,0.3681345629243984,NYY,NYY,True,NYY,True
745572,2024,74,PHI,STL,-1.0,1.2960921987122964,4.388197439614965,2024-06-02,4.0,5.0,0.6286108206184619,PHI,STL,False,PHI,False
745813,2024,74,NYM,AZ,-1.0,-0.47577612958561666,4.388197439614965,2024-06-02,4.0,5.0,0.45205596320915786,AZ,AZ,True,AZ,False
745984,2024,74,MIL,CWS,3.0,2.097001326708047,4.388197439614965,2024-06-02,6.0,3.0,0.7022802378969601,MIL,MIL,True,MIL,True
746061,2024,74,MIA,TEX,-6.0,-0.5369688005878166,4.388197439614965,2024-06-02,0.0,6.0,0.44592530944608033,TEX,TEX,True,TEX,True
746141,2024,74,LAD,COL,4.0,2.046583721469312,4.388197439614965,2024-06-02,4.0,0.0,0.6978420633908129,LAD,LAD,True,LAD,True
746301,2024,74,KC,SD,1.0,0.20051605942864822,4.388197439614965,2024-06-02,4.0,3.0,0.5202462225371571,KC,KC,True,KC,False
746383,2024,74,HOU,MIN,-1.0,-0.2015633062847399,4.388197439614965,2024-06-02,3.0,4.0,0.47964812788114825,MIN,MIN,True,MIN,False
746632,2024,74,CLE,WSH,-3.0,0.4365082284233727,4.388197439614965,2024-06-02,2.0,5.0,0.5440038150646431,CLE,WSH,False,CLE,False
746871,2024,74,CHC,CIN,-3.0,0.4045280182018436,4.388197439614965,2024-06-02,2.0,5.0,0.5407916366416374,CHC,CIN,False,CHC,False
746953,2024,74,BOS,DET,-4.0,0.49038609897252017,4.388197439614965,2024-06-02,4.0,8.0,0.5494088476573454,BOS,DET,False,BOS,False
747030,2024,74,BAL,TB,-1.0,0.8010851758976684,4.388197439614965,2024-06-02,3.0,4.0,0.5803693011477504,BAL,TB,False,BAL,False
747110,2024,74,ATL,ATH,2.0,1.6972431593865573,4.388197439614965,2024-06-02,3.0,1.0,0.6663110706305426,ATL,ATL,True,ATL,True
744854,2024,75,WSH,NYM,-1.0,0.31941974691305397,4.388197439614965,2024-06-03,7.0,8.0,0.5322307110699726,WSH,NYM,False,WSH,False
744930,2024,75,TOR,BAL,-5.0,-0.4958946926409675,4.388197439614965,2024-06-03,2.0,7.0,0.45003902852631134,BAL,BAL,True,BAL,True
745009,2024,75,TEX,DET,-1.0,-0.2735930988265071,4.388197439614965,2024-06-03,1.0,2.0,0.47238536665074177,DET,DET,True,DET,False
745569,2024,75,PHI,MIL,2.0,0.4488840073640229,4.388197439614965,2024-06-03,3.0,1.0,0.5452461118523104,PHI,PHI,True,PHI,True
746224,2024,75,LAA,SD,1.0,-1.0819668200578367,4.388197439614965,2024-06-03,2.0,1.0,0.39205813732945705,SD,LAA,False,SD,False
746382,2024,75,HOU,STL,3.0,0.8726301749349523,4.388197439614965,2024-06-03,7.0,4.0,0.5874358132411187,HOU,HOU,True,HOU,True
746548,2024,75,COL,CIN,-10.0,-0.6179982777280735,4.388197439614965,2024-06-03,3.0,13.0,0.4378273756999953,CIN,CIN,True,CIN,True
747194,2024,75,AZ,SF,2.0,0.29613040910017274,4.388197439614965,2024-06-03,4.0,2.0,0.5298852989914675,AZ,AZ,True,AZ,True
744850,2024,76,WSH,NYM,-3.0,0.2856818530548598,4.383438500522237,2024-06-04,3.0,6.0,0.528863956594884,WSH,NYM,False,WSH,False
744931,2024,76,TOR,BAL,-9.0,-0.6841982969865125,4.383438500522237,2024-06-04,1.0,10.0,0.43115666992693347,BAL,BAL,True,BAL,True
745010,2024,76,TEX,DET,-2.0,0.03283286890106843,4.383438500522237,2024-06-04,1.0,3.0,0.5033201404648238,TEX,DET,False,TEX,False
745497,2024,76,PIT,LAD,1.0,-1.3731054101223699,4.383438500522237,2024-06-04,1.0,0.0,0.36389986843052247,LAD,PIT,False,LAD,False
745568,2024,76,PHI,MIL,1.0,0.24908150339985624,4.383438500522237,2024-06-04,2.0,1.0,0.525171300642954,PHI,PHI,True,PHI,False
745656,2024,76,ATH,SEA,-1.0,-1.4178956123357396,4.383438500522237,2024-06-04,3.0,4.0,0.3596452265910848,SEA,SEA,True,SEA,False
745739,2024,76,NYY,MIN,4.0,0.6328219165148886,4.383438500522237,2024-06-04,5.0,1.0,0.5637198737933442,NYY,NYY,True,NYY,True
746060,2024,76,MIA,TB,-4.0,-0.3821652236979973,4.383438500522237,2024-06-04,5.0,9.0,0.46141442360295054,TB,TB,True,TB,True
746222,2024,76,LAA,SD,2.0,-1.119891536019348,4.383438500522237,2024-06-04,4.0,2.0,0.38825524495545793,SD,LAA,False,SD,False
746380,2024,76,HOU,STL,3.0,0.6471561999625371,4.383438500522237,2024-06-04,8.0,5.0,0.565150459266802,HOU,HOU,True,HOU,True
746550,2024,76,COL,CIN,-3.0,-0.5593459553853231,4.383438500522237,2024-06-04,1.0,4.0,0.44362584632073127,CIN,CIN,True,CIN,True
746630,2024,76,CLE,KC,3.0,0.009996646637686728,4.383438500522237,2024-06-04,8.0,5.0,0.5010108960852704,CLE,CLE,True,CLE,True
746872,2024,76,CHC,CWS,1.0,1.609231380755384,4.383438500522237,2024-06-04,7.0,6.0,0.6583289913916499,CHC,CHC,True,CHC,False
746949,2024,76,BOS,ATL,-5.0,-0.08671652807918231,4.383438500522237,2024-06-04,3.0,8.0,0.4912316162401131,ATL,ATL,True,ATL,True
747196,2024,76,AZ,SF,3.0,0.3235125917944267,4.383438500522237,2024-06-04,8.0,5.0,0.5326781379471148,AZ,AZ,True,AZ,True
744852,2024,77,WSH,NYM,-8.0,0.019860287165828765,4.383438500522237,2024-06-05,1.0,9.0,0.5020083357910814,WSH,NYM,False,WSH,False
744927,2024,77,TOR,BAL,1.0,-0.5291306896078488,4.383438500522237,2024-06-05,3.0,2.0,0.4466523797134692,BAL,TOR,False,BAL,False
745007,2024,77,TEX,DET,8.0,0.20939060266412352,4.383438500522237,2024-06-05,9.0,1.0,0.5211643997851355,TEX,TEX,True,TEX,True
745494,2024,77,PIT,LAD,4.0,-1.0046172421132504,4.383438500522237,2024-06-05,10.0,6.0,0.3994968274621496,LAD,PIT,False,LAD,False
745570,2024,77,PHI,MIL,2.0,0.5951951222645829,4.383438500522237,2024-06-05,2.0,0.0,0.5599607362141252,PHI,PHI,True,PHI,True
745654,2024,77,ATH,SEA,1.0,-1.1741620614452613,4.383438500522237,2024-06-05,2.0,1.0,0.3829943798165014,SEA,ATH,False,SEA,False
745740,2024,77,NYY,MIN,4.0,0.46578936423329886,4.383438500522237,2024-06-05,9.0,5.0,0.5469931036898358,NYY,NYY,True,NYY,True
746056,2024,77,MIA,TB,-2.0,-0.6970323130388626,4.383438500522237,2024-06-05,3.0,5.0,0.42987858243148813,TB,TB,True,TB,True
746221,2024,77,LAA,SD,1.0,-0.9890826011524506,4.383438500522237,2024-06-05,3.0,2.0,0.4010183880901668,SD,LAA,False,SD,False
746379,2024,77,HOU,STL,-2.0,0.5396516934787907,4.383438500522237,2024-06-05,2.0,4.0,0.5544018259316833,HOU,STL,False,HOU,False
746544,2024,77,COL,CIN,-5.0,-0.7885935154971566,4.383438500522237,2024-06-05,7.0,12.0,0.42078245864007097,CIN,CIN,True,CIN,True
746873,2024,77,CHC,CWS,1.0,1.509064908570864,4.383438500522237,2024-06-05,7.0,6.0,0.6489609581311928,CHC,CHC,True,CHC,False
746950,2024,77,BOS,ATL,9.0,-0.07010765228441998,4.383438500522237,2024-06-05,9.0,0.0,0.49291083304365374,ATL,BOS,False,ATL,False
747195,2024,77,AZ,SF,-6.0,0.49579410711333405,4.383438500522237,2024-06-05,3.0,9.0,0.5500048358096741,AZ,SF,False,AZ,False
744844,2024,78,WSH,ATL,-3.0,-0.5779436609852017,4.383438500522237,2024-06-06,2.0,5.0,0.4417646160527498,ATL,ATL,True,ATL,True
744923,2024,78,TOR,BAL,1.0,-0.4012588232757046,4.383438500522237,2024-06-06,6.0,5.0,0.45949310563900647,BAL,TOR,False,BAL,False
745174,2024,78,STL,COL,-1.0,0.9448599436177194,4.383438500522237,2024-06-06,2.0,3.0,0.5946420122886763,STL,COL,False,STL,False
745408,2024,78,SD,AZ,-1.0,0.5456809584802086,4.383438500522237,2024-06-06,3.0,4.0,0.5550057860512259,SD,AZ,False,SD,False
745495,2024,78,PIT,LAD,-4.0,-1.2731939380979556,4.383438500522237,2024-06-06,7.0,11.0,0.3734504850339577,LAD,LAD,True,LAD,True
745657,2024,78,ATH,SEA,-3.0,-1.2299980673107271,4.383438500522237,2024-06-06,0.0,3.0,0.37760420358512076,SEA,SEA,True,SEA,True
745738,2024,78,NYY,MIN,3.0,0.43385017247025814,4.383438500522237,2024-06-06,8.0,5.0,0.5437842319899584,NYY,NYY,True,NYY,True
746631,2024,78,CLE,KC,-1.0,0.5134546539111917,4.383438500522237,2024-06-06,3.0,4.0,0.5517761825626211,CLE,KC,False,CLE,False
746707,2024,78,CIN,CHC,4.0,0.4732724710227033,4.383438500522237,2024-06-06,8.0,4.0,0.5477444819896331,CIN,CIN,True,CIN,True
746784,2024,78,CWS,BOS,-12.0,-2.1840341464572885,4.383438500522237,2024-06-06,2.0,14.0,0.28992373219030776,BOS,BOS,True,BOS,True
744845,2024,79,WSH,ATL,1.0,-0.7440160258170991,4.383438500522237,2024-06-07,2.0,1.0,0.425206029939928,ATL,WSH,False,ATL,False
745008,2024,79,TEX,SF,-3.0,0.26865696239223846,4.383438500522237,2024-06-07,2.0,5.0,0.5271465829474635,TEX,SF,False,TEX,False
745083,2024,79,TB,BAL,-3.0,-0.8154550151885447,4.383438500522237,2024-06-07,3.0,6.0,0.41812168761164936,BAL,BAL,True,BAL,True
745169,2024,79,STL,COL,3.0,0.7579843274137068,4.383438500522237,2024-06-07,8.0,5.0,0.5761811315502511,STL,STL,True,STL,True
745406,2024,79,SD,AZ,7.0,0.35507685810489764,4.383438500522237,2024-06-07,10.0,3.0,0.535858239652084,SD,SD,True,SD,True
745496,2024,79,PIT,MIN,3.0,-0.5188011708449298,4.383438500522237,2024-06-07,3.0,0.0,0.4476877654860104,MIN,PIT,False,MIN,False
745655,2024,79,ATH,TOR,1.0,-1.2419776733241361,4.383438500522237,2024-06-07,2.0,1.0,0.3764508011071813,TOR,ATH,False,TOR,False
745737,2024,79,NYY,LAD,-1.0,-0.5288678404183441,4.383438500522237,2024-06-07,1.0,2.0,0.4466787220881725,LAD,LAD,True,LAD,False
746053,2024,79,MIA,CLE,1.0,-0.6285790084452625,4.383438500522237,2024-06-07,3.0,2.0,0.43670373633228265,CLE,MIA,False,CLE,False
746220,2024,79,LAA,HOU,-6.0,-0.7891781107283341,4.383438500522237,2024-06-07,1.0,7.0,0.42072451244188636,HOU,HOU,True,HOU,True
746302,2024,79,KC,SEA,1.0,-0.4021080448990968,4.383438500522237,2024-06-07,10.0,9.0,0.45940767325673465,SEA,KC,False,SEA,False
746466,2024,79,DET,MIL,-10.0,-0.7291617716737018,4.383438500522237,2024-06-07,0.0,10.0,0.42668218964787186,MIL,MIL,True,MIL,True
746704,2024,79,CIN,CHC,1.0,0.329729620602218,4.383438500522237,2024-06-07,3.0,2.0,0.5333046754117214,CIN,CIN,True,CIN,False
746785,2024,79,CWS,BOS,5.0,-1.6742691009457022,4.383438500522237,2024-06-07,7.0,2.0,0.33563974674567804,BOS,CWS,False,BOS,False
744848,2024,80,WSH,ATL,4.0,-0.4358923828788952,4.383438500522237,2024-06-08,7.0,3.0,0.45601050315541647,ATL,WSH,False,ATL,False
745001,2024,80,TEX,SF,-2.0,0.8115783301571048,4.383438500522237,2024-06-08,1.0,3.0,0.581494534886847,TEX,SF,False,TEX,False
745082,2024,80,TB,BAL,-5.0,-0.845263120742598,4.383438500522237,2024-06-08,0.0,5.0,0.41517342537530255,BAL,BAL,True,BAL,True
745166,2024,80,STL,COL,-1.0,0.6858659796227926,4.383438500522237,2024-06-08,5.0,6.0,0.5690094488618,STL,COL,False,STL,False
745410,2024,80,SD,AZ,12.0,0.5434505312384539,4.383438500522237,2024-06-08,13.0,1.0,0.5547823757604755,SD,SD,True,SD,True
745492,2024,80,PIT,MIN,4.0,-0.5476221353656766,4.383438500522237,2024-06-08,4.0,0.0,0.4447997905773433,MIN,PIT,False,MIN,False
745652,2024,80,ATH,TOR,-7.0,-1.027172945108854,4.383438500522237,2024-06-08,0.0,7.0,0.3972903002252598,TOR,TOR,True,TOR,True
745735,2024,80,NYY,LAD,-8.0,-0.2519195326428254,4.383438500522237,2024-06-08,3.0,11.0,0.4745422855208511,LAD,LAD,True,LAD,True
745814,2024,80,NYM,PHI,-5.0,-1.1542776398444095,4.383438500522237,2024-06-08,2.0,7.0,0.384919484722625,PHI,PHI,True,PHI,True
746057,2024,80,MIA,CLE,-8.0,-0.8820066207347832,4.383438500522237,2024-06-08,0.0,8.0,0.4115457761719624,CLE,CLE,True,CLE,True
746223,2024,80,LAA,HOU,-5.0,-0.6083759329669582,4.383438500522237,2024-06-08,1.0,6.0,0.4387217903392376,HOU,HOU,True,HOU,True
746300,2024,80,KC,SEA,4.0,-0.2646271813967741,4.383438500522237,2024-06-08,8.0,4.0,0.47325999338888225,SEA,KC,False,SEA,False
746461,2024,80,DET,MIL,-1.0,-0.8391159243863097,4.383438500522237,2024-06-08,4.0,5.0,0.4157810476624637,MIL,MIL,True,MIL,False
746703,2024,80,CIN,CHC,1.0,0.40975563660901826,4.383438500522237,2024-06-08,4.0,3.0,0.5413615957394619,CIN,CIN,True,CIN,False
746786,2024,80,CWS,BOS,5.0,-1.642429370950186,4.383438500522237,2024-06-08,6.0,1.0,0.33858722815900966,BOS,CWS,False,BOS,False
744849,2024,81,WSH,ATL,3.0,-0.4054766110103132,4.383438500522237,2024-06-09,8.0,5.0,0.45906881128312027,ATL,WSH,False,ATL,False
745003,2024,81,TEX,SF,5.0,0.6882851090349339,4.383438500522237,2024-06-09,7.0,2.0,0.5692503979729472,TEX,TEX,True,TEX,True
745085,2024,81,TB,BAL,-7.0,-0.748736551214451,4.383438500522237,2024-06-09,2.0,9.0,0.42473714039148,BAL,BAL,True,BAL,True
745167,2024,81,STL,COL,4.0,0.6163989970235128,4.383438500522237,2024-06-09,5.0,1.0,0.562079814872786,STL,STL,True,STL,True
745407,2024,81,SD,AZ,-6.0,0.7385791002999236,4.383438500522237,2024-06-09,3.0,9.0,0.5742537894338303,SD,AZ,False,SD,False
745491,2024,81,PIT,MIN,-6.0,-0.1710263926962661,4.383438500522237,2024-06-09,5.0,11.0,0.4827106065232486,MIN,MIN,True,MIN,True
745571,2024,81,PHI,NYM,-1.0,1.382842362369344,4.383438500522237,2024-06-09,5.0,6.0,0.6370264987786336,PHI,NYM,False,PHI,False
745651,2024,81,ATH,TOR,-2.0,-0.8925556879688957,4.383438500522237,2024-06-09,4.0,6.0,0.41050565834654074,TOR,TOR,True,TOR,True
745736,2024,81,NYY,LAD,2.0,-0.37785156944666654,4.383438500522237,2024-06-09,6.0,4.0,0.4618486169632801,LAD,NYY,False,LAD,False
746054,2024,81,MIA,CLE,-3.0,-1.0476407407746504,4.383438500522237,2024-06-09,3.0,6.0,0.3952908627344341,CLE,CLE,True,CLE,True
746216,2024,81,LAA,HOU,2.0,-0.7045664750895846,4.383438500522237,2024-06-09,9.0,7.0,0.42912862712705835,HOU,LAA,False,HOU,False
746297,2024,81,KC,SEA,-1.0,-0.20111887935541087,4.383438500522237,2024-06-09,5.0,6.0,0.479670935377535,SEA,SEA,True,SEA,False
746463,2024,81,DET,MIL,8.0,-0.40712040805362737,4.383438500522237,2024-06-09,10.0,2.0,0.458903463780568,MIL,DET,False,MIL,False
746705,2024,81,CIN,CHC,-2.0,0.23372919860649902,4.383438500522237,2024-06-09,2.0,4.0,0.5236217246848835,CIN,CHC,False,CIN,False
746787,2024,81,CWS,BOS,-2.0,-1.6169771282573817,4.383438500522237,2024-06-09,4.0,6.0,0.3409505465869964,BOS,BOS,True,BOS,True
745080,2024,82,TB,BAL,-3.0,-0.969871287621017,4.383438500522237,2024-06-10,2.0,5.0,0.40290214128674895,BAL,BAL,True,BAL,True
745248,2024,82,SEA,CWS,4.0,1.6334937662381646,4.383438500522237,2024-06-10,8.0,4.0,0.6605837916004851,SEA,SEA,True,SEA,True
745334,2024,82,SF,HOU,1.0,-0.6169586639592707,4.383438500522237,2024-06-10,4.0,3.0,0.4378642768117501,HOU,SF,False,HOU,False
745409,2024,82,SD,ATH,5.0,1.1528352714309384,4.383438500522237,2024-06-10,6.0,1.0,0.6149407617140927,SD,SD,True,SD,True
745897,2024,82,MIN,COL,5.0,1.5026636962219442,4.383438500522237,2024-06-10,5.0,0.0,0.648359124187984,MIN,MIN,True,MIN,True
745982,2024,82,MIL,TOR,2.0,0.5137466330207996,4.383438500522237,2024-06-10,3.0,1.0,0.5518054593929613,MIL,MIL,True,MIL,True
746295,2024,82,KC,NYY,-2.0,-0.6392798812031828,4.383438500522237,2024-06-10,2.0,4.0,0.43563550619018576,NYY,NYY,True,NYY,True
745077,2024,83,TB,CHC,3.0,-0.012666446883238633,4.3824303285603765,2024-06-11,5.0,2.0,0.49871883048659155,CHC,TB,False,CHC,False
745170,2024,83,STL,PIT,-1.0,0.06755301428301554,4.3824303285603765,2024-06-11,1.0,2.0,0.5068324432945844,STL,PIT,False,STL,False
745244,2024,83,SEA,CWS,1.0,1.405167916180841,4.3824303285603765,2024-06-11,4.0,3.0,0.6391781843920106,SEA,SEA,True,SEA,False
745327,2024,83,SF,HOU,-2.0,-0.6389118903708583,4.3824303285603765,2024-06-11,1.0,3.0,0.43565756411742945,HOU,HOU,True,HOU,True
745404,2024,83,SD,ATH,1.0,1.2341068129067814,4.3824303285603765,2024-06-11,4.0,3.0,0.6228188503345023,SD,SD,True,SD,False
745815,2024,83,NYM,MIA,-2.0,0.35095609259574595,4.3824303285603765,2024-06-11,2.0,4.0,0.5354513300508449,NYM,MIA,False,NYM,False
745899,2024,83,MIN,COL,-1.0,1.1054048421894858,4.3824303285603765,2024-06-11,4.0,5.0,0.6103616536359896,MIN,COL,False,MIN,False
745981,2024,83,MIL,TOR,-3.0,0.47545859527270495,4.3824303285603765,2024-06-11,0.0,3.0,0.5479749391488404,MIL,TOR,False,MIL,False
746139,2024,83,LAD,TEX,13.0,0.6409395103618051,4.3824303285603765,2024-06-11,15.0,2.0,0.5645448417113199,LAD,LAD,True,LAD,True
746296,2024,83,KC,NYY,-9.0,-0.5478425611907973,4.3824303285603765,2024-06-11,1.0,10.0,0.44476509179108054,NYY,NYY,True,NYY,True
746464,2024,83,DET,WSH,-1.0,-0.4269358227177355,4.3824303285603765,2024-06-11,4.0,5.0,0.4569009495280933,WSH,WSH,True,WSH,False
746702,2024,83,CIN,CLE,-2.0,0.12302547370036843,4.3824303285603765,2024-06-11,3.0,5.0,0.5124416266395065,CIN,CLE,False,CIN,False
746951,2024,83,BOS,PHI,-3.0,-0.563114162920584,4.3824303285603765,2024-06-11,1.0,4.0,0.443235660847384,PHI,PHI,True,PHI,True
747027,2024,83,BAL,ATL,4.0,0.3918712676971284,4.3824303285603765,2024-06-11,4.0,0.0,0.5395714462917519,BAL,BAL,True,BAL,True
747190,2024,83,AZ,LAA,5.0,0.5395972418758787,4.3824303285603765,2024-06-11,9.0,4.0,0.5544088068001735,AZ,AZ,True,AZ,True
745079,2024,84,TB,CHC,-1.0,-0.047579644218403896,4.3824303285603765,2024-06-12,3.0,4.0,0.49518758365618937,CHC,CHC,True,CHC,False
745171,2024,84,STL,PIT,2.0,0.4462817956316823,4.3824303285603765,2024-06-12,4.0,2.0,0.5450438812000814,STL,STL,True,STL,True
745246,2024,84,SEA,CWS,1.0,1.512994659694551,4.3824303285603765,2024-06-12,2.0,1.0,0.6493629446992606,SEA,SEA,True,SEA,False
745328,2024,84,SF,HOU,2.0,-0.2607722148079638,4.3824303285603765,2024-06-12,5.0,3.0,0.4736429050749622,HOU,SF,False,HOU,False
745405,2024,84,SD,ATH,1.0,1.514191499980357,4.3824303285603765,2024-06-12,5.0,4.0,0.6494754078574904,SD,SD,True,SD,False
745811,2024,84,NYM,MIA,6.0,0.4102131446691397,4.3824303285603765,2024-06-12,10.0,4.0,0.5414171029291861,NYM,NYM,True,NYM,True
745896,2024,84,MIN,COL,8.0,1.3430998623611428,4.3824303285603765,2024-06-12,17.0,9.0,0.6332699237901178,MIN,MIN,True,MIN,True
745978,2024,84,MIL,TOR,1.0,0.48962543052927854,4.3824303285603765,2024-06-12,5.0,4.0,0.5493971859112607,MIL,MIL,True,MIL,False
746137,2024,84,LAD,TEX,-1.0,0.764943118230033,4.3824303285603765,2024-06-12,2.0,3.0,0.5768893065279715,LAD,TEX,False,LAD,False
746294,2024,84,KC,NYY,-6.0,-0.6446128727014008,4.3824303285603765,2024-06-12,5.0,11.0,0.4350885104138727,NYY,NYY,True,NYY,True
746462,2024,84,DET,WSH,-2.0,-0.13329844299343185,4.3824303285603765,2024-06-12,5.0,7.0,0.48651984316602315,WSH,WSH,True,WSH,True
746701,2024,84,CIN,CLE,2.0,-0.3569441990825779,4.3824303285603765,2024-06-12,4.0,2.0,0.463945425580226,CLE,CIN,False,CLE,False
746948,2024,84,BOS,PHI,2.0,-0.7020004824765983,4.3824303285603765,2024-06-12,8.0,6.0,0.42936794477370127,PHI,BOS,False,PHI,False
747028,2024,84,BAL,ATL,2.0,0.4724110205579287,4.3824303285603765,2024-06-12,4.0,2.0,0.5476689037907984,BAL,BAL,True,BAL,True
747193,2024,84,AZ,LAA,-5.0,0.5727619619811373,4.3824303285603765,2024-06-12,3.0,8.0,0.5577301193789261,AZ,LAA,False,AZ,False
745075,2024,85,TB,CHC,1.0,-0.5422352693425583,4.3824303285603765,2024-06-13,3.0,2.0,0.44532686243459596,CHC,TB,False,CHC,False
745168,2024,85,STL,PIT,1.0,0.04161495388057128,4.3824303285603765,2024-06-13,4.0,3.0,0.5042091450864553,STL,STL,True,STL,False
745245,2024,85,SEA,CWS,-1.0,1.228935364053838,4.3824303285603765,2024-06-13,2.0,3.0,0.6223206607552638,SEA,CWS,False,SEA,False
745809,2024,85,NYM,MIA,1.0,0.7000549419285063,4.3824303285603765,2024-06-13,3.0,2.0,0.5704383536980873,NYM,NYM,True,NYM,False
745894,2024,85,MIN,ATH,4.0,1.3943031531834684,4.3824303285603765,2024-06-13,6.0,2.0,0.6381463159830615,MIN,MIN,True,MIN,True
746136,2024,85,LAD,TEX,-2.0,1.1676724105608176,4.3824303285603765,2024-06-13,1.0,3.0,0.6164036409823244,LAD,TEX,False,LAD,False
746299,2024,85,KC,NYY,1.0,-0.7429046641310343,4.3824303285603765,2024-06-13,4.0,3.0,0.42529945819865955,NYY,KC,False,NYY,False
746465,2024,85,DET,WSH,5.0,0.2948512267400397,4.3824303285603765,2024-06-13,7.0,2.0,0.529795530385642,DET,DET,True,DET,True
746944,2024,85,BOS,PHI,6.0,-0.38615938471705474,4.3824303285603765,2024-06-13,9.0,3.0,0.4610034895938192,PHI,BOS,False,PHI,False
747026,2024,85,BAL,ATL,-3.0,0.7797920146566635,4.3824303285603765,2024-06-13,3.0,6.0,0.5783627025442286,BAL,ATL,False,BAL,False
747192,2024,85,AZ,LAA,10.0,0.6979907340124366,4.3824303285603765,2024-06-13,11.0,1.0,0.5702328188910204,AZ,AZ,True,AZ,True
744847,2024,86,WSH,MIA,7.0,0.9057353730584634,4.3824303285603765,2024-06-14,8.0,1.0,0.5908134708917083,WSH,WSH,True,WSH,True
744924,2024,86,TOR,CLE,-2.0,-0.17481333298423707,4.3824303285603765,2024-06-14,1.0,3.0,0.48232396233454256,CLE,CLE,True,CLE,True
745247,2024,86,SEA,TEX,1.0,0.17255355191400504,4.3824303285603765,2024-06-14,3.0,2.0,0.5174476893434538,SEA,SEA,True,SEA,False
745326,2024,86,SF,LAA,-2.0,0.4835210607939216,4.3824303285603765,2024-06-14,6.0,8.0,0.548784428467353,SF,LAA,False,SF,False
745810,2024,86,NYM,SD,1.0,-0.7400911501825412,4.3824303285603765,2024-06-14,2.0,1.0,0.4255790516146207,SD,NYM,False,SD,False
745892,2024,86,MIN,ATH,1.0,1.2883441688891217,4.3824303285603765,2024-06-14,6.0,5.0,0.6280313291800256,MIN,MIN,True,MIN,False
745979,2024,86,MIL,CIN,-1.0,0.6255423236490478,4.3824303285603765,2024-06-14,5.0,6.0,0.5630074081351578,MIL,CIN,False,MIL,False
746134,2024,86,LAD,KC,1.0,0.8102972446613897,4.3824303285603765,2024-06-14,4.0,3.0,0.5813861517691139,LAD,LAD,True,LAD,False
746378,2024,86,HOU,DET,4.0,-0.20215381376185293,4.3824303285603765,2024-06-14,4.0,0.0,0.4795617190611253,DET,HOU,False,DET,False
746545,2024,86,COL,PIT,-3.0,-0.5526516258824343,4.3824303285603765,2024-06-14,2.0,5.0,0.44428338043706433,PIT,PIT,True,PIT,True
746869,2024,86,CHC,STL,-3.0,0.5499154533273,4.3824303285603765,2024-06-14,0.0,3.0,0.5554425544044935,CHC,STL,False,CHC,False
746947,2024,86,BOS,NYY,-7.0,-0.5076562588472362,4.3824303285603765,2024-06-14,1.0,8.0,0.4487935700140359,NYY,NYY,True,NYY,True
747025,2024,86,BAL,PHI,-2.0,0.03450643161561112,4.3824303285603765,2024-06-14,3.0,5.0,0.5034901737365298,BAL,PHI,False,BAL,False
747112,2024,86,ATL,TB,4.0,0.5867559193128109,4.3824303285603765,2024-06-14,7.0,3.0,0.5591303549818224,ATL,ATL,True,ATL,True
747191,2024,86,AZ,CWS,6.0,0.9418103003578873,4.3824303285603765,2024-06-14,7.0,1.0,0.594363606827152,AZ,AZ,True,AZ,True
744846,2024,87,WSH,MIA,4.0,1.0458261535696403,4.3824303285603765,2024-06-15,4.0,0.0,0.6045554753582263,WSH,WSH,True,WSH,True
744925,2024,87,TOR,CLE,5.0,-0.32087088888025583,4.3824303285603765,2024-06-15,5.0,0.0,0.4675806713527683,CLE,TOR,False,CLE,False
745241,2024,87,SEA,TEX,2.0,0.5463378496844503,4.3824303285603765,2024-06-15,7.0,5.0,0.5550841684265092,SEA,SEA,True,SEA,True
745329,2024,87,SF,LAA,-1.0,0.544781054926641,4.3824303285603765,2024-06-15,3.0,4.0,0.5549282026366028,SF,LAA,False,SF,False
745805,2024,87,NYM,SD,4.0,-0.6635177832964156,4.3824303285603765,2024-06-15,5.0,1.0,0.43320245136320934,SD,NYM,False,SD,False
745976,2024,87,MIL,CIN,2.0,0.9449170316804445,4.3824303285603765,2024-06-15,3.0,1.0,0.5946689822273894,MIL,MIL,True,MIL,True
746135,2024,87,LAD,KC,-5.0,1.0321753074723805,4.3824303285603765,2024-06-15,2.0,7.0,0.6032218207437418,LAD,KC,False,LAD,False
746381,2024,87,HOU,DET,-8.0,0.48003503159996214,4.3824303285603765,2024-06-15,5.0,13.0,0.5484344481429083,HOU,DET,False,HOU,False
746547,2024,87,COL,PIT,12.0,-0.6816838960549608,4.3824303285603765,2024-06-15,16.0,4.0,0.43139153059553825,PIT,COL,False,PIT,False
746865,2024,87,CHC,STL,4.0,0.6735345060083452,4.3824303285603765,2024-06-15,5.0,1.0,0.5677962591772897,CHC,CHC,True,CHC,True
746946,2024,87,BOS,NYY,4.0,-0.29350103836821156,4.3824303285603765,2024-06-15,8.0,4.0,0.47034065764283334,NYY,BOS,False,NYY,False
747024,2024,87,BAL,PHI,4.0,0.47263813294570595,4.3824303285603765,2024-06-15,6.0,2.0,0.5476917112396203,BAL,BAL,True,BAL,True
747113,2024,87,ATL,TB,7.0,0.5449770138699473,4.3824303285603765,2024-06-15,9.0,2.0,0.5549478350385356,ATL,ATL,True,ATL,True
747187,2024,87,AZ,CWS,-7.0,0.9712606744938295,4.3824303285603765,2024-06-15,2.0,9.0,0.5972560905045192,AZ,CWS,False,AZ,False
744839,2024,88,WSH,MIA,2.0,0.965975143690216,4.3824303285603765,2024-06-16,3.0,1.0,0.5967373562286474,WSH,WSH,True,WSH,True
744926,2024,88,TOR,CLE,1.0,-0.3370836170425219,4.3824303285603765,2024-06-16,7.0,6.0,0.4659464997537159,CLE,TOR,False,CLE,False
745242,2024,88,SEA,TEX,5.0,0.6663337668994217,4.3824303285603765,2024-06-16,5.0,0.0,0.5670783577652998,SEA,SEA,True,SEA,True
745321,2024,88,SF,LAA,7.0,0.507576744707362,4.3824303285603765,2024-06-16,13.0,6.0,0.5511984537104381,SF,SF,True,SF,True
745807,2024,88,NYM,SD,5.0,-0.3869311596054854,4.3824303285603765,2024-06-16,11.0,6.0,0.4609258009507854,SD,NYM,False,SD,False
745895,2024,88,MIN,ATH,4.0,1.3831115861501004,4.3824303285603765,2024-06-16,6.0,2.0,0.6370823586891865,MIN,MIN,True,MIN,True
745977,2024,88,MIL,CIN,1.0,0.9272482800646168,4.3824303285603765,2024-06-16,5.0,4.0,0.5929314738842988,MIL,MIL,True,MIL,False
746130,2024,88,LAD,KC,3.0,1.1630361065856354,4.3824303285603765,2024-06-16,3.0,0.0,0.6159547219223387,LAD,LAD,True,LAD,True
746377,2024,88,HOU,DET,3.0,0.6935833557220872,4.3824303285603765,2024-06-16,4.0,1.0,0.5697939091185265,HOU,HOU,True,HOU,True
746546,2024,88,COL,PIT,-6.0,-0.49249645204238335,4.3824303285603765,2024-06-16,2.0,8.0,0.450314661182047,PIT,PIT,True,PIT,True
746866,2024,88,CHC,STL,-1.0,0.5243999818245987,4.3824303285603765,2024-06-16,1.0,2.0,0.5528855715103708,CHC,STL,False,CHC,False
746945,2024,88,BOS,NYY,6.0,0.2254530384099342,4.3824303285603765,2024-06-16,9.0,3.0,0.5227914617850785,BOS,BOS,True,BOS,True
747023,2024,88,BAL,PHI,5.0,0.12067192623962332,4.3824303285603765,2024-06-16,8.0,3.0,0.5122036862071064,BAL,BAL,True,BAL,True
747109,2024,88,ATL,TB,-2.0,0.33915945297537725,4.3824303285603765,2024-06-16,6.0,8.0,0.5342626944911819,ATL,TB,False,ATL,False
747189,2024,88,AZ,CWS,7.0,0.7100454050782293,4.3824303285603765,2024-06-16,12.0,5.0,0.5714328411934979,AZ,AZ,True,AZ,True
745891,2024,88,MIN,ATH,1.0,1.5009770775217606,4.3824303285603765,2024-06-16,8.0,7.0,0.6482329676751235,MIN,MIN,True,MIN,False
744918,2024,89,TOR,BOS,-4.0,-0.283590882616766,4.3824303285603765,2024-06-17,3.0,7.0,0.4713403600399026,BOS,BOS,True,BOS,True
745005,2024,89,TEX,NYM,-12.0,0.1387984245041471,4.3824303285603765,2024-06-17,2.0,14.0,0.5140361319698856,TEX,NYM,False,TEX,False
745490,2024,89,PIT,CIN,3.0,-0.27547944864871904,4.3824303285603765,2024-06-17,4.0,1.0,0.47215874827924004,CIN,PIT,False,CIN,False
745567,2024,89,PHI,SD,7.0,0.852554241943011,4.3824303285603765,2024-06-17,9.0,2.0,0.5855663810052759,PHI,PHI,True,PHI,True
746055,2024,89,MIA,STL,-1.0,-0.9129222024099166,4.3824303285603765,2024-06-17,6.0,7.0,0.40847866839383695,STL,STL,True,STL,False
746215,2024,89,LAA,MIL,2.0,-1.4280642944754924,4.3824303285603765,2024-06-17,5.0,3.0,0.3586505806151091,MIL,LAA,False,MIL,False
746543,2024,89,COL,LAD,-4.0,-1.7625024764687818,4.3824303285603765,2024-06-17,5.0,9.0,0.32748780400734256,LAD,LAD,True,LAD,True
746868,2024,89,CHC,SF,-1.0,0.005476635037353891,4.3824303285603765,2024-06-17,6.0,7.0,0.5005539444262778,CHC,SF,False,CHC,False
747108,2024,89,ATL,DET,1.0,0.5529312298573169,4.3824303285603765,2024-06-17,2.0,1.0,0.5557446242327414,ATL,ATL,True,ATL,False
744843,2024,90,WSH,AZ,-5.0,0.3760983325388769,4.381977564477197,2024-06-18,0.0,5.0,0.5379875193073376,WSH,AZ,False,WSH,False
744917,2024,90,TOR,BOS,-1.0,-0.4973043076073259,4.381977564477197,2024-06-18,3.0,4.0,0.4498270186083029,BOS,BOS,True,BOS,False
745004,2024,90,TEX,NYM,-1.0,-0.32842467720650864,4.381977564477197,2024-06-18,6.0,7.0,0.4668157926262249,NYM,NYM,True,NYM,False
745488,2024,90,PIT,CIN,-1.0,-0.4045886800531373,4.381977564477197,2024-06-18,1.0,2.0,0.4591445612596266,CIN,CIN,True,CIN,False
745563,2024,90,PHI,SD,1.0,0.6803219561122935,4.381977564477197,2024-06-18,4.0,3.0,0.568479756531241,PHI,PHI,True,PHI,False
745650,2024,90,ATH,KC,2.0,-1.4635239204781885,4.381977564477197,2024-06-18,7.0,5.0,0.3552827309877515,KC,ATH,False,KC,False
745733,2024,90,NYY,BAL,2.0,-0.045405965105292864,4.381977564477197,2024-06-18,4.0,2.0,0.4954069547598769,BAL,NYY,False,BAL,False
745893,2024,90,MIN,TB,1.0,0.5978307471705769,4.381977564477197,2024-06-18,7.0,6.0,0.5602441560471609,MIN,MIN,True,MIN,False
746049,2024,90,MIA,STL,1.0,-0.6398390505168653,4.381977564477197,2024-06-18,9.0,8.0,0.4355584093885143,STL,MIA,False,STL,False
746217,2024,90,LAA,MIL,-3.0,-1.4603848873002543,4.381977564477197,2024-06-18,3.0,6.0,0.3555791823508675,MIL,MIL,True,MIL,True
746542,2024,90,COL,LAD,-2.0,-1.8999615912835004,4.381977564477197,2024-06-18,9.0,11.0,0.31498766257839533,LAD,LAD,True,LAD,True
746627,2024,90,CLE,SEA,-3.0,-0.19326421586584397,4.381977564477197,2024-06-18,5.0,8.0,0.4804577277545786,SEA,SEA,True,SEA,True
746783,2024,90,CWS,HOU,2.0,-1.3093500229328383,4.381977564477197,2024-06-18,2.0,0.0,0.36994318138007065,HOU,CWS,False,HOU,False
746867,2024,90,CHC,SF,3.0,0.07648098357595659,4.381977564477197,2024-06-18,5.0,2.0,0.5077361280602336,CHC,CHC,True,CHC,True
747107,2024,90,ATL,DET,1.0,0.5389864338480151,4.381977564477197,2024-06-18,2.0,1.0,0.5543531808337837,ATL,ATL,True,ATL,False
744842,2024,91,WSH,AZ,2.0,-0.1889898648664058,4.381977564477197,2024-06-19,3.0,1.0,0.48088960225704314,AZ,WSH,False,AZ,False
744920,2024,91,TOR,BOS,-4.0,0.033064686376741675,4.381977564477197,2024-06-19,3.0,7.0,0.5033446965836472,TOR,BOS,False,TOR,False
745002,2024,91,TEX,NYM,2.0,-0.10601592292208975,4.381977564477197,2024-06-19,5.0,3.0,0.4892770025705067,NYM,TEX,False,NYM,False
745489,2024,91,PIT,CIN,1.0,-0.10210461787438563,4.381977564477197,2024-06-19,1.0,0.0,0.4896725220666348,CIN,PIT,False,CIN,False
745561,2024,91,PHI,SD,-3.0,0.9669550625878032,4.381977564477197,2024-06-19,2.0,5.0,0.5968433469956063,PHI,SD,False,PHI,False
745646,2024,91,ATH,KC,4.0,-1.5764561547138185,4.381977564477197,2024-06-19,5.0,1.0,0.3446768513246393,KC,ATH,False,KC,False
745732,2024,91,NYY,BAL,-1.0,0.05690407724038318,4.381977564477197,2024-06-19,6.0,7.0,0.505756065440496,NYY,BAL,False,NYY,False
745887,2024,91,MIN,TB,-1.0,0.8200018400024287,4.381977564477197,2024-06-19,2.0,3.0,0.5823553866858027,MIN,TB,False,MIN,False
746050,2024,91,MIA,STL,1.0,-0.488981977841602,4.381977564477197,2024-06-19,4.0,3.0,0.45066232724622557,STL,MIA,False,STL,False
746219,2024,91,LAA,MIL,-2.0,-1.2791868747290434,4.381977564477197,2024-06-19,0.0,2.0,0.3728344334539633,MIL,MIL,True,MIL,True
746538,2024,91,COL,LAD,1.0,-1.9698863176126293,4.381977564477197,2024-06-19,7.0,6.0,0.30871642368012375,LAD,COL,False,LAD,False
746625,2024,91,CLE,SEA,8.0,-0.07459106977685076,4.381977564477197,2024-06-19,8.0,0.0,0.49245501553002946,SEA,CLE,False,SEA,False
746781,2024,91,CWS,HOU,-3.0,-1.0995875810712599,4.381977564477197,2024-06-19,1.0,4.0,0.3901931468817058,HOU,HOU,True,HOU,True
746864,2024,91,CHC,SF,1.0,0.08802025379365895,4.381977564477197,2024-06-19,6.0,5.0,0.508903155705873,CHC,CHC,True,CHC,False
747106,2024,91,ATL,DET,7.0,0.2517794986129278,4.381977564477197,2024-06-19,7.0,0.0,0.5254520538410266,ATL,ATL,True,ATL,True
744841,2024,92,WSH,AZ,-3.0,0.23545456206091248,4.381977564477197,2024-06-20,2.0,5.0,0.5238038155429027,WSH,AZ,False,WSH,False
745164,2024,92,STL,SF,1.0,-0.0002946038834781284,4.381977564477197,2024-06-20,6.0,5.0,0.4999701986544124,SF,STL,False,SF,False
745401,2024,92,SD,MIL,1.0,-0.42078203316795626,4.381977564477197,2024-06-20,7.0,6.0,0.45751542977784754,MIL,SD,False,MIL,False
745645,2024,92,ATH,KC,-1.0,-1.0939833923410398,4.381977564477197,2024-06-20,2.0,3.0,0.3907385472415555,KC,KC,True,KC,False
745734,2024,92,NYY,BAL,-12.0,-0.03768801240235645,4.381977564477197,2024-06-20,5.0,17.0,0.49618763888942696,BAL,BAL,True,BAL,True
745889,2024,92,MIN,TB,-1.0,0.6788255619573547,4.381977564477197,2024-06-20,6.0,7.0,0.5683306159792064,MIN,TB,False,MIN,False
746539,2024,92,COL,LAD,-2.0,-1.905815087015962,4.381977564477197,2024-06-20,3.0,5.0,0.31446060425939704,LAD,LAD,True,LAD,True
746626,2024,92,CLE,SEA,3.0,-0.26154898387464537,4.381977564477197,2024-06-20,6.0,3.0,0.47356178192057385,SEA,CLE,False,SEA,False
746782,2024,92,CWS,HOU,-2.0,-1.1924340423522641,4.381977564477197,2024-06-20,3.0,5.0,0.3811895197146639,HOU,HOU,True,HOU,True
745006,2024,93,TEX,KC,4.0,0.12384529543283003,4.381977564477197,2024-06-21,6.0,2.0,0.5125258021196009,TEX,TEX,True,TEX,True
745403,2024,93,SD,MIL,4.0,-0.6586455885053305,4.381977564477197,2024-06-21,9.0,5.0,0.433681596773782,MIL,SD,False,MIL,False
745483,2024,93,PIT,TB,-7.0,-0.24707461499246325,4.381977564477197,2024-06-21,3.0,10.0,0.47502292872973323,TB,TB,True,TB,True
745562,2024,93,PHI,AZ,-1.0,0.8848995366079911,4.381977564477197,2024-06-21,4.0,5.0,0.588768614342815,PHI,AZ,False,PHI,False
745649,2024,93,ATH,MIN,1.0,-1.5459452110867968,4.381977564477197,2024-06-21,6.0,5.0,0.34753065009382783,MIN,ATH,False,MIN,False
745729,2024,93,NYY,ATL,-7.0,0.1150862187739605,4.381977564477197,2024-06-21,1.0,8.0,0.5116401638254271,NYY,ATL,False,NYY,False
746052,2024,93,MIA,SEA,1.0,-1.67952233593588,4.381977564477197,2024-06-21,3.0,2.0,0.3351026897091681,SEA,MIA,False,SEA,False
746131,2024,93,LAD,LAA,-1.0,1.8575851517929558,4.381977564477197,2024-06-21,2.0,3.0,0.6811855049440614,LAD,LAA,False,LAD,False
746375,2024,93,HOU,BAL,3.0,-1.0054153814669418,4.381977564477197,2024-06-21,14.0,11.0,0.3993858802886558,BAL,HOU,False,BAL,False
746460,2024,93,DET,CWS,1.0,1.4225370927025651,4.381977564477197,2024-06-21,2.0,1.0,0.6408396272995858,DET,DET,True,DET,False
746540,2024,93,COL,WSH,-6.0,-1.0750807913745755,4.381977564477197,2024-06-21,5.0,11.0,0.3925797306454163,WSH,WSH,True,WSH,True
746624,2024,93,CLE,TOR,6.0,0.2208256881720622,4.381977564477197,2024-06-21,7.0,1.0,0.5223264723591319,CLE,CLE,True,CLE,True
746698,2024,93,CIN,BOS,3.0,-0.6540753158386747,4.381977564477197,2024-06-21,5.0,2.0,0.43413755472818577,BOS,CIN,False,BOS,False
746861,2024,93,CHC,NYM,-10.0,0.31045755300207695,4.381977564477197,2024-06-21,1.0,11.0,0.531372654786463,CHC,NYM,False,CHC,False
744997,2024,94,TEX,KC,6.0,0.22346421845360212,4.381977564477197,2024-06-22,6.0,0.0,0.5225929559727507,TEX,TEX,True,TEX,True
745163,2024,94,STL,SF,5.0,0.0407517359903332,4.381977564477197,2024-06-22,9.0,4.0,0.5041222639109422,STL,STL,True,STL,True
745402,2024,94,SD,MIL,2.0,-0.5282091085493265,4.381977564477197,2024-06-22,6.0,4.0,0.44672709107707037,MIL,SD,False,MIL,False
745486,2024,94,PIT,TB,1.0,-0.37352325717759016,4.381977564477197,2024-06-22,4.0,3.0,0.46227179471468133,TB,PIT,False,TB,False
745564,2024,94,PHI,AZ,11.0,0.9966317868179941,4.381977564477197,2024-06-22,12.0,1.0,0.5997537608990574,PHI,PHI,True,PHI,True
745644,2024,94,ATH,MIN,-8.0,-1.5618817986605276,4.381977564477197,2024-06-22,2.0,10.0,0.34603895303505905,MIN,MIN,True,MIN,True
745731,2024,94,NYY,ATL,5.0,-0.06308843151098653,4.381977564477197,2024-06-22,8.0,3.0,0.4936184141741988,ATL,NYY,False,ATL,False
746048,2024,94,MIA,SEA,-9.0,-1.3778852824827195,4.381977564477197,2024-06-22,0.0,9.0,0.36340130996048126,SEA,SEA,True,SEA,True
746132,2024,94,LAD,LAA,5.0,2.034450146974368,4.381977564477197,2024-06-22,7.0,2.0,0.6970249568538402,LAD,LAD,True,LAD,True
746376,2024,94,HOU,BAL,4.0,-0.7533229111114015,4.381977564477197,2024-06-22,5.0,1.0,0.4242567407247139,BAL,HOU,False,BAL,False
746459,2024,94,DET,CWS,-4.0,0.8820289206067752,4.381977564477197,2024-06-22,1.0,5.0,0.5884854259170231,DET,CWS,False,DET,False
746541,2024,94,COL,WSH,1.0,-1.1558829498471217,4.381977564477197,2024-06-22,8.0,7.0,0.3847266291177231,WSH,COL,False,WSH,False
746622,2024,94,CLE,TOR,3.0,0.3726393569259156,4.381977564477197,2024-06-22,6.0,3.0,0.5376391914772757,CLE,CLE,True,CLE,True
746700,2024,94,CIN,BOS,-1.0,-0.45802121611631397,4.381977564477197,2024-06-22,3.0,4.0,0.4537717354925459,BOS,BOS,True,BOS,False
746863,2024,94,CHC,NYM,7.0,-0.13245476329900918,4.381977564477197,2024-06-22,8.0,1.0,0.48660374683768765,NYM,CHC,False,NYM,False
745000,2024,95,TEX,KC,4.0,0.2943322549141699,4.381977564477197,2024-06-23,4.0,0.0,0.5297462517003095,TEX,TEX,True,TEX,True
745165,2024,95,STL,SF,2.0,-0.0239109544293762,4.381977564477197,2024-06-23,5.0,3.0,0.497581246238534,SF,STL,False,SF,False
745396,2024,95,SD,MIL,-4.0,-0.3401141055510705,4.381977564477197,2024-06-23,2.0,6.0,0.4656375613944657,MIL,MIL,True,MIL,True
745485,2024,95,PIT,TB,-2.0,-0.1168570548833758,4.381977564477197,2024-06-23,1.0,3.0,0.48818078053693803,TB,TB,True,TB,True
745566,2024,95,PHI,AZ,3.0,1.2733940781442399,4.381977564477197,2024-06-23,4.0,1.0,0.6266094783434095,PHI,PHI,True,PHI,True
745648,2024,95,ATH,MIN,-3.0,-1.6406513594480656,4.381977564477197,2024-06-23,0.0,3.0,0.33870138726693655,MIN,MIN,True,MIN,True
745727,2024,95,NYY,ATL,-2.0,0.41019540304559193,4.381977564477197,2024-06-23,1.0,3.0,0.5414195818922851,NYY,ATL,False,NYY,False
746051,2024,95,MIA,SEA,2.0,-1.229974963103348,4.381977564477197,2024-06-23,6.0,4.0,0.3775669292590298,SEA,MIA,False,SEA,False
746373,2024,95,HOU,BAL,7.0,-0.5624092088989573,4.381977564477197,2024-06-23,8.0,1.0,0.4433004244013515,BAL,HOU,False,BAL,False
746457,2024,95,DET,CWS,9.0,1.0806539727144286,4.381977564477197,2024-06-23,11.0,2.0,0.6079633698746798,DET,DET,True,DET,True
746536,2024,95,COL,WSH,-1.0,-0.9782664871487292,4.381977564477197,2024-06-23,1.0,2.0,0.40204669261672793,WSH,WSH,True,WSH,False
746621,2024,95,CLE,TOR,1.0,0.03080700582350191,4.381977564477197,2024-06-23,6.0,5.0,0.503116323112097,CLE,CLE,True,CLE,False
746699,2024,95,CIN,BOS,-3.0,-0.13581450328589192,4.381977564477197,2024-06-23,4.0,7.0,0.48626408100188107,BOS,BOS,True,BOS,True
746862,2024,95,CHC,NYM,-3.0,-0.4336877222288821,4.381977564477197,2024-06-23,2.0,5.0,0.4562175632170546,NYM,NYM,True,NYM,True
745078,2024,96,TB,SEA,1.0,-0.8710682756689091,4.381977564477197,2024-06-24,4.0,3.0,0.4125962728037167,SEA,TB,False,SEA,False
745160,2024,96,STL,ATL,1.0,-1.0153131338265637,4.381977564477197,2024-06-24,4.0,3.0,0.39841697442509566,ATL,STL,False,ATL,False
745323,2024,96,SF,CHC,1.0,-0.3488230923213379,4.381977564477197,2024-06-24,5.0,4.0,0.46475993776169333,CHC,SF,False,CHC,False
745397,2024,96,SD,WSH,1.0,0.38593400883943796,4.381977564477197,2024-06-24,7.0,6.0,0.5389778373683664,SD,SD,True,SD,False
745974,2024,96,MIL,TEX,3.0,0.6740919315542675,4.381977564477197,2024-06-24,6.0,3.0,0.567858766978324,MIL,MIL,True,MIL,True
746218,2024,96,LAA,ATH,4.0,0.5167244836962752,4.381977564477197,2024-06-24,5.0,1.0,0.5521213053486509,LAA,LAA,True,LAA,True
746298,2024,96,KC,MIA,3.0,0.9692508907198031,4.381977564477197,2024-06-24,4.0,1.0,0.5970686940174909,KC,KC,True,KC,True
746458,2024,96,DET,PHI,-7.0,-1.0686248016216233,4.381977564477197,2024-06-24,1.0,8.0,0.39320912143275244,PHI,PHI,True,PHI,True
746696,2024,96,CIN,PIT,6.0,0.8625333841512188,4.381977564477197,2024-06-24,11.0,5.0,0.5865609640784201,CIN,CIN,True,CIN,True
746780,2024,96,CWS,LAD,-3.0,-1.8211461132155398,4.381977564477197,2024-06-24,0.0,3.0,0.3221206863338551,LAD,LAD,True,LAD,True
746941,2024,96,BOS,TOR,1.0,0.9799003275857396,4.381977564477197,2024-06-24,7.0,6.0,0.5981135668100944,BOS,BOS,True,BOS,False
747021,2024,96,BAL,CLE,-1.0,0.3124881589070282,4.381977564477197,2024-06-24,2.0,3.0,0.5315774258456335,BAL,CLE,False,BAL,False
745076,2024,97,TB,SEA,8.0,-0.5587376194350452,4.378696181668157,2024-06-25,11.0,3.0,0.44362616655502163,SEA,TB,False,SEA,False
745322,2024,97,SF,CHC,4.0,-0.24396693061844582,4.378696181668157,2024-06-25,5.0,1.0,0.4753182261778951,CHC,SF,False,CHC,False
745399,2024,97,SD,WSH,2.0,-0.06600171217522748,4.378696181668157,2024-06-25,9.0,7.0,0.49331875122729585,WSH,SD,False,WSH,False
745806,2024,97,NYM,NYY,2.0,-0.7630121534748651,4.378696181668157,2024-06-25,9.0,7.0,0.4232377800646957,NYY,NYM,False,NYY,False
745973,2024,97,MIL,TEX,2.0,0.5189283709927559,4.378696181668157,2024-06-25,3.0,1.0,0.5523813303110932,MIL,MIL,True,MIL,True
746213,2024,97,LAA,ATH,2.0,0.37231132986202803,4.378696181668157,2024-06-25,7.0,5.0,0.5376342550309801,LAA,LAA,True,LAA,True
746293,2024,97,KC,MIA,-1.0,0.7950718335349194,4.378696181668157,2024-06-25,1.0,2.0,0.5799449133733752,KC,MIA,False,KC,False
746372,2024,97,HOU,COL,3.0,1.3330480818792618,4.378696181668157,2024-06-25,5.0,2.0,0.6324186708256354,HOU,HOU,True,HOU,True
746454,2024,97,DET,PHI,3.0,-1.0763744902073333,4.378696181668157,2024-06-25,4.0,1.0,0.39237503103609106,PHI,DET,False,PHI,False
746697,2024,97,CIN,PIT,-4.0,0.5876989346723621,4.378696181668157,2024-06-25,5.0,9.0,0.5592748203211879,CIN,PIT,False,CIN,False
746775,2024,97,CWS,LAD,-1.0,-2.368883425139712,4.378696181668157,2024-06-25,3.0,4.0,0.27388224882408385,LAD,LAD,True,LAD,False
746943,2024,97,BOS,TOR,-5.0,0.583800745507873,4.378696181668157,2024-06-25,4.0,9.0,0.5588845295720178,BOS,TOR,False,BOS,False
747022,2024,97,BAL,CLE,-2.0,0.8804674872896883,4.378696181668157,2024-06-25,8.0,10.0,0.5883964715547311,BAL,CLE,False,BAL,False
747188,2024,97,AZ,MIN,1.0,-0.44557121249613196,4.378696181668157,2024-06-25,5.0,4.0,0.45498934480032727,MIN,AZ,False,MIN,False
745073,2024,98,TB,SEA,-3.0,-0.6138328200118341,4.378696181668157,2024-06-26,2.0,5.0,0.4381101329787541,SEA,SEA,True,SEA,True
745157,2024,98,STL,ATL,-4.0,-0.957119900653949,4.378696181668157,2024-06-26,2.0,6.0,0.4040519372707299,ATL,ATL,True,ATL,True
745325,2024,98,SF,CHC,1.0,-0.10609815653086292,4.378696181668157,2024-06-26,4.0,3.0,0.489260646970563,CHC,SF,False,CHC,False
745400,2024,98,SD,WSH,3.0,0.2735065871073357,4.378696181668157,2024-06-26,8.0,5.0,0.5276657209861769,SD,SD,True,SD,True
745808,2024,98,NYM,NYY,10.0,-0.30752198419393256,4.378696181668157,2024-06-26,12.0,2.0,0.4689001480014999,NYY,NYM,False,NYY,False
745975,2024,98,MIL,TEX,1.0,0.35869932683023137,4.378696181668157,2024-06-26,6.0,5.0,0.5362621839555894,MIL,MIL,True,MIL,False
746212,2024,98,LAA,ATH,3.0,0.4514171198718505,4.378696181668157,2024-06-26,5.0,2.0,0.5455986346255187,LAA,LAA,True,LAA,True
746291,2024,98,KC,MIA,4.0,0.7034449185124683,4.378696181668157,2024-06-26,5.0,1.0,0.5708355743888238,KC,KC,True,KC,True
746374,2024,98,HOU,COL,6.0,1.1560187131153736,4.378696181668157,2024-06-26,7.0,1.0,0.6153704734009868,HOU,HOU,True,HOU,True
746456,2024,98,DET,PHI,-4.0,-0.9345110060547097,4.378696181668157,2024-06-26,2.0,6.0,0.4062757252537643,PHI,PHI,True,PHI,True
746695,2024,98,CIN,PIT,-5.0,1.106156039911976,4.378696181668157,2024-06-26,1.0,6.0,0.6105264389470413,CIN,PIT,False,CIN,False
746777,2024,98,CWS,LAD,-4.0,-2.304741531311697,4.378696181668157,2024-06-26,0.0,4.0,0.2793286319320535,LAD,LAD,True,LAD,True
747019,2024,98,BAL,CLE,2.0,0.774738907292166,4.378696181668157,2024-06-26,4.0,2.0,0.5779269746236668,BAL,BAL,True,BAL,True
747184,2024,98,AZ,MIN,-5.0,-0.5058739065955073,4.378696181668157,2024-06-26,3.0,8.0,0.4489290895784057,MIN,MIN,True,MIN,True
745158,2024,98,STL,ATL,3.0,-0.76441599017203,4.378696181668157,2024-06-26,4.0,1.0,0.42309830903477624,ATL,STL,False,ATL,False
744919,2024,99,TOR,NYY,7.0,-0.4029971364597561,4.378696181668157,2024-06-27,9.0,2.0,0.45927432509643146,NYY,TOR,False,NYY,False
745162,2024,99,STL,CIN,-7.0,0.05058021955514104,4.378696181668157,2024-06-27,4.0,11.0,0.5051202542918304,STL,CIN,False,STL,False
745324,2024,99,SF,CHC,-2.0,-0.2923333025271953,4.378696181668157,2024-06-27,3.0,5.0,0.47043329837648995,CHC,CHC,True,CHC,True
745565,2024,99,PHI,MIA,-3.0,2.1158915268972285,4.378696181668157,2024-06-27,4.0,7.0,0.7043370661138237,PHI,MIA,False,PHI,False
746210,2024,99,LAA,DET,5.0,-0.6093529522568087,4.378696181668157,2024-06-27,5.0,0.0,0.4385582153736368,DET,LAA,False,DET,False
746288,2024,99,KC,CLE,1.0,-0.35488584972151244,4.378696181668157,2024-06-27,2.0,1.0,0.4641222873269919,CLE,KC,False,CLE,False
746816,2024,99,CWS,ATL,1.0,-2.300077752716897,4.378696181668157,2024-06-27,1.0,0.0,0.27972668322497984,ATL,CWS,False,ATL,False
747020,2024,99,BAL,TEX,9.0,1.01783364504146,4.378696181668157,2024-06-27,11.0,2.0,0.6019042921493085,BAL,BAL,True,BAL,True
747185,2024,99,AZ,MIN,-7.0,-0.6663047670900616,4.378696181668157,2024-06-27,6.0,13.0,0.4328678748112976,MIN,MIN,True,MIN,True
744922,2024,100,TOR,NYY,-11.0,-0.07637630627735593,4.378696181668157,2024-06-28,5.0,16.0,0.4922686700541462,NYY,NYY,True,NYY,True
745070,2024,100,TB,WSH,2.0,0.20040619435264412,4.378696181668157,2024-06-28,3.0,1.0,0.5202790090031227,TB,TB,True,TB,True
745161,2024,100,STL,CIN,1.0,-0.14990894135124638,4.378696181668157,2024-06-28,1.0,0.0,0.48482790508269374,CIN,STL,False,CIN,False
745238,2024,100,SEA,MIN,1.0,-0.1737750975328855,4.378696181668157,2024-06-28,3.0,2.0,0.4824138992079323,MIN,SEA,False,MIN,False
745319,2024,100,SF,LAD,2.0,-1.1774058406514523,4.378696181668157,2024-06-28,5.0,3.0,0.38255727864913425,LAD,SF,False,LAD,False
745560,2024,100,PHI,MIA,2.0,2.166982643870251,4.378696181668157,2024-06-28,2.0,0.0,0.708799239800683,PHI,PHI,True,PHI,True
745804,2024,100,NYM,HOU,5.0,-0.2820346916481287,4.378696181668157,2024-06-28,7.0,2.0,0.47147309423199846,HOU,NYM,False,HOU,False
745970,2024,100,MIL,CHC,2.0,0.6886688808731393,4.378696181668157,2024-06-28,4.0,2.0,0.5693629021082838,MIL,MIL,True,MIL,True
746214,2024,100,LAA,DET,3.0,-0.37949167942988576,4.378696181668157,2024-06-28,5.0,2.0,0.46164215499385247,DET,LAA,False,DET,False
746292,2024,100,KC,CLE,7.0,-0.16779701905860106,4.378696181668157,2024-06-28,10.0,3.0,0.4830185108132671,CLE,KC,False,CLE,False
746776,2024,100,CWS,COL,2.0,0.32360923556266064,4.378696181668157,2024-06-28,5.0,3.0,0.532723201037367,CWS,CWS,True,CWS,True
746939,2024,100,BOS,SD,-7.0,0.6263882350173923,4.378696181668157,2024-06-28,2.0,9.0,0.5631452519528501,BOS,SD,False,BOS,False
747017,2024,100,BAL,TEX,1.0,0.9157448068509403,4.378696181668157,2024-06-28,2.0,1.0,0.5918761480737253,BAL,BAL,True,BAL,False
747105,2024,100,ATL,PIT,5.0,1.0558435090981946,4.378696181668157,2024-06-28,6.0,1.0,0.6056212360435492,ATL,ATL,True,ATL,True
747183,2024,100,AZ,ATH,-5.0,1.347005609770001,4.378696181668157,2024-06-28,4.0,9.0,0.6337522639957077,AZ,ATH,False,AZ,False
744921,2024,101,TOR,NYY,6.0,-0.2310448968817313,4.378696181668157,2024-06-29,9.0,3.0,0.4766239901761076,NYY,TOR,False,NYY,False
745071,2024,101,TB,WSH,-7.0,0.23745247073529152,4.378696181668157,2024-06-29,1.0,8.0,0.5240235236884097,TB,WSH,False,TB,False
745159,2024,101,STL,CIN,-5.0,0.0972099540111875,4.378696181668157,2024-06-29,4.0,9.0,0.5098398717968214,STL,CIN,False,STL,False
745239,2024,101,SEA,MIN,-4.0,-0.4625583351954268,4.378696181668157,2024-06-29,1.0,5.0,0.45328106332774026,MIN,MIN,True,MIN,True
745317,2024,101,SF,LAD,-7.0,-1.4290567404124312,4.378696181668157,2024-06-29,7.0,14.0,0.3584411409745525,LAD,LAD,True,LAD,True
745559,2024,101,PHI,MIA,-1.0,2.378482447363027,4.378696181668157,2024-06-29,2.0,3.0,0.7269282791714633,PHI,MIA,False,PHI,False
745801,2024,101,NYM,HOU,-3.0,-0.06769723046020291,4.378696181668157,2024-06-29,6.0,9.0,0.4931471332680773,HOU,HOU,True,HOU,True
745972,2024,101,MIL,CHC,-2.0,0.6075347816512612,4.378696181668157,2024-06-29,3.0,5.0,0.5612599062547436,MIL,CHC,False,MIL,False
746211,2024,101,LAA,DET,1.0,-0.4053013449364808,4.378696181668157,2024-06-29,6.0,5.0,0.4590422862590715,DET,LAA,False,DET,False
746289,2024,101,KC,CLE,-5.0,-0.3480429073147045,4.378696181668157,2024-06-29,2.0,7.0,0.4648122703036242,CLE,CLE,True,CLE,True
746778,2024,101,CWS,COL,8.0,0.22172391608332787,4.378696181668157,2024-06-29,11.0,3.0,0.5224339734694627,CWS,CWS,True,CWS,True
746940,2024,101,BOS,SD,-10.0,0.6072863827072807,4.378696181668157,2024-06-29,1.0,11.0,0.5612350569787178,BOS,SD,False,BOS,False
747018,2024,101,BAL,TEX,1.0,1.0931932129352724,4.378696181668157,2024-06-29,6.0,5.0,0.60926428110245,BAL,BAL,True,BAL,False
747104,2024,101,ATL,PIT,1.0,1.0919901487866557,4.378696181668157,2024-06-29,2.0,1.0,0.6091470831500344,ATL,ATL,True,ATL,False
747186,2024,101,AZ,ATH,3.0,1.1079206427414616,4.378696181668157,2024-06-29,3.0,0.0,0.6106981640904312,AZ,AZ,True,AZ,True
744916,2024,102,TOR,NYY,-7.0,-0.10330765587409456,4.378696181668157,2024-06-30,1.0,8.0,0.4895430384442379,NYY,NYY,True,NYY,True
745072,2024,102,TB,WSH,5.0,0.34931204299360935,4.378696181668157,2024-06-30,5.0,0.0,0.5353157063882085,TB,TB,True,TB,True
745154,2024,102,STL,CIN,2.0,-0.18404476929509722,4.378696181668157,2024-06-30,2.0,0.0,0.48137533912370833,CIN,STL,False,CIN,False
745243,2024,102,SEA,MIN,-2.0,-0.41432841218719424,4.378696181668157,2024-06-30,3.0,5.0,0.45813337597033865,MIN,MIN,True,MIN,True
745320,2024,102,SF,LAD,6.0,-1.004846754522377,4.378696181668157,2024-06-30,10.0,4.0,0.3993678231702813,LAD,SF,False,LAD,False
745555,2024,102,PHI,MIA,1.0,2.2412263534813284,4.378696181668157,2024-06-30,7.0,6.0,0.7152268679435629,PHI,PHI,True,PHI,False
745802,2024,102,NYM,HOU,-5.0,0.009689692601986613,4.378696181668157,2024-06-30,5.0,10.0,0.500980917100938,NYM,HOU,False,NYM,False
745971,2024,102,MIL,CHC,6.0,0.5544630046233998,4.378696181668157,2024-06-30,7.0,1.0,0.555945395499923,MIL,MIL,True,MIL,True
746209,2024,102,LAA,DET,-1.0,-0.3619299129521371,4.378696181668157,2024-06-30,6.0,7.0,0.463412137779443,DET,DET,True,DET,False
746290,2024,102,KC,CLE,4.0,0.10204971389947229,4.378696181668157,2024-06-30,6.0,2.0,0.5103296593477745,KC,KC,True,KC,True
746779,2024,102,CWS,COL,-1.0,0.5852206328675617,4.378696181668157,2024-06-30,4.0,5.0,0.5590266968118778,CWS,COL,False,CWS,False
746938,2024,102,BOS,SD,3.0,0.048775894821064814,4.378696181668157,2024-06-30,4.0,1.0,0.5049376113324068,BOS,BOS,True,BOS,True
747016,2024,102,BAL,TEX,-9.0,0.960665413535259,4.378696181668157,2024-06-30,2.0,11.0,0.5962965166771892,BAL,TEX,False,BAL,False
747101,2024,102,ATL,PIT,-2.0,1.3420164813152704,4.378696181668157,2024-06-30,2.0,4.0,0.6332757546752343,ATL,PIT,False,ATL,False
747182,2024,102,AZ,ATH,4.0,1.2328327212991577,4.378696181668157,2024-06-30,5.0,1.0,0.6227973976083521,AZ,AZ,True,AZ,True
744840,2024,103,WSH,NYM,-2.0,-0.31491138801501783,4.378696181668157,2024-07-01,7.0,9.0,0.4681544245328041,NYM,NYM,True,NYM,True
744914,2024,103,TOR,HOU,-2.0,-0.3342494129723977,4.378696181668157,2024-07-01,1.0,3.0,0.46620340618069095,HOU,HOU,True,HOU,True
746535,2024,103,COL,MIL,1.0,-1.5901322498458128,4.378696181668157,2024-07-01,8.0,7.0,0.3432894025593466,MIL,COL,False,MIL,False
744838,2024,104,WSH,NYM,-5.0,-0.4849529803335515,4.380341252827632,2024-07-02,2.0,7.0,0.4510486073409001,NYM,NYM,True,NYM,True
744913,2024,104,TOR,HOU,1.0,-0.3570651883994148,4.380341252827632,2024-07-02,7.0,6.0,0.46391608389994504,HOU,TOR,False,HOU,False
744999,2024,104,TEX,SD,7.0,-0.19305825395933016,4.380341252827632,2024-07-02,7.0,0.0,0.4804712507656202,SD,TEX,False,SD,False
745240,2024,104,SEA,BAL,-2.0,-0.42112953215733484,4.380341252827632,2024-07-02,0.0,2.0,0.45746465418712257,BAL,BAL,True,BAL,True
745482,2024,104,PIT,STL,-3.0,0.180085374312341,4.380341252827632,2024-07-02,4.0,7.0,0.5182174269004697,PIT,STL,False,PIT,False
745647,2024,104,ATH,LAA,2.0,-0.6354073051669057,4.380341252827632,2024-07-02,7.0,5.0,0.4359771906612935,LAA,ATH,False,LAA,False
745730,2024,104,NYY,CIN,-1.0,0.16626406248295816,4.380341252827632,2024-07-02,4.0,5.0,0.5168201269425609,NYY,CIN,False,NYY,False
745886,2024,104,MIN,DET,2.0,0.6621415845748917,4.380341252827632,2024-07-02,5.0,3.0,0.5666917961221496,MIN,MIN,True,MIN,True
746047,2024,104,MIA,BOS,-5.0,-1.1936822615395883,4.380341252827632,2024-07-02,3.0,8.0,0.3810258139739229,BOS,BOS,True,BOS,True
746133,2024,104,LAD,AZ,1.0,1.1180889349466596,4.380341252827632,2024-07-02,6.0,5.0,0.6116464533420168,LAD,LAD,True,LAD,False
746282,2024,104,KC,TB,-4.0,-0.1358695134678884,4.380341252827632,2024-07-02,1.0,5.0,0.4862533884095784,TB,TB,True,TB,True
746537,2024,104,COL,MIL,-1.0,-1.169458941070814,4.380341252827632,2024-07-02,3.0,4.0,0.3833694300034369,MIL,MIL,True,MIL,False
746623,2024,104,CLE,CWS,1.0,1.7211333024858018,4.380341252827632,2024-07-02,7.0,6.0,0.6687920939598535,CLE,CLE,True,CLE,False
746860,2024,104,CHC,PHI,-2.0,-1.2478452933558588,4.380341252827632,2024-07-02,4.0,6.0,0.3758013977995853,PHI,PHI,True,PHI,True
747102,2024,104,ATL,SF,-2.0,0.9355128585049146,4.380341252827632,2024-07-02,3.0,5.0,0.593788301210824,ATL,SF,False,ATL,False
744837,2024,105,WSH,NYM,2.0,-0.37126922014579644,4.380341252827632,2024-07-03,7.0,5.0,0.4624848253342433,NYM,WSH,False,NYM,False
744915,2024,105,TOR,HOU,-7.0,-0.3299965368290809,4.380341252827632,2024-07-03,2.0,9.0,0.466644914154798,HOU,HOU,True,HOU,True
744998,2024,105,TEX,SD,-2.0,-0.03697243729450796,4.380341252827632,2024-07-03,4.0,6.0,0.4962586242639706,SD,SD,True,SD,True
745234,2024,105,SEA,BAL,-3.0,-0.2672101872772933,4.380341252827632,2024-07-03,1.0,4.0,0.47298032081054486,BAL,BAL,True,BAL,True
745487,2024,105,PIT,STL,1.0,-0.20050193679361442,4.380341252827632,2024-07-03,5.0,4.0,0.47971892422461854,STL,PIT,False,STL,False
745643,2024,105,ATH,LAA,5.0,-0.6528402865903894,4.380341252827632,2024-07-03,5.0,0.0,0.4342364499629715,LAA,ATH,False,LAA,False
745728,2024,105,NYY,CIN,-1.0,0.3006841006403733,4.380341252827632,2024-07-03,2.0,3.0,0.5303982910922065,NYY,CIN,False,NYY,False
745888,2024,105,MIN,DET,-7.0,1.018764001624342,4.380341252827632,2024-07-03,2.0,9.0,0.6019579228301597,MIN,DET,False,MIN,False
746045,2024,105,MIA,BOS,-5.0,-1.0884680606259052,4.380341252827632,2024-07-03,2.0,7.0,0.3912359164597654,BOS,BOS,True,BOS,True
746128,2024,105,LAD,AZ,-8.0,1.4703540461895057,4.380341252827632,2024-07-03,4.0,12.0,0.6454138358355971,LAD,AZ,False,LAD,False
746283,2024,105,KC,TB,2.0,0.024580847729379407,4.380341252827632,2024-07-03,4.0,2.0,0.5024874459524039,KC,KC,True,KC,True
746534,2024,105,COL,MIL,-3.0,-1.805642934555851,4.380341252827632,2024-07-03,0.0,3.0,0.32347018217445,MIL,MIL,True,MIL,True
746617,2024,105,CLE,CWS,-6.0,1.4668830516300415,4.380341252827632,2024-07-03,2.0,8.0,0.6450861342704144,CLE,CWS,False,CLE,False
746858,2024,105,CHC,PHI,-2.0,-1.1115806869991125,4.380341252827632,2024-07-03,3.0,5.0,0.3889863352906113,PHI,PHI,True,PHI,True
747100,2024,105,ATL,SF,2.0,1.1795677115459104,4.380341252827632,2024-07-03,3.0,1.0,0.6176091220919222,ATL,ATL,True,ATL,True
744834,2024,106,WSH,NYM,1.0,-0.03703652572480853,4.380341252827632,2024-07-04,1.0,0.0,0.49625213911266347,NYM,WSH,False,NYM,False
744912,2024,106,TOR,HOU,-2.0,-0.146399683612349,4.380341252827632,2024-07-04,3.0,5.0,0.4851884694343661,HOU,HOU,True,HOU,True
744996,2024,106,TEX,SD,-2.0,-0.23571689987592745,4.380341252827632,2024-07-04,1.0,3.0,0.4761608029661648,SD,SD,True,SD,True
745236,2024,106,SEA,BAL,4.0,-0.5042132486223856,4.380341252827632,2024-07-04,7.0,3.0,0.4491148417270757,BAL,SEA,False,BAL,False
745484,2024,106,PIT,STL,-1.0,-0.04095717282997069,4.380341252827632,2024-07-04,2.0,3.0,0.4958554081477977,STL,STL,True,STL,False
745641,2024,106,ATH,LAA,5.0,-0.5361670975091298,4.380341252827632,2024-07-04,5.0,0.0,0.4459093041531602,LAA,ATH,False,LAA,False
745726,2024,106,NYY,CIN,-4.0,0.307643824297399,4.380341252827632,2024-07-04,4.0,8.0,0.5311004880380614,NYY,CIN,False,NYY,False
745890,2024,106,MIN,DET,9.0,1.4110731939073868,4.380341252827632,2024-07-04,12.0,3.0,0.6398024544428216,MIN,MIN,True,MIN,True
746043,2024,106,MIA,BOS,-1.0,-1.031720687785021,4.380341252827632,2024-07-04,5.0,6.0,0.3967745208413602,BOS,BOS,True,BOS,False
746126,2024,106,LAD,AZ,-6.0,1.1930524085007785,4.380341252827632,2024-07-04,3.0,9.0,0.618913302304209,LAD,AZ,False,LAD,False
746285,2024,106,KC,TB,-2.0,-0.36424018855059714,4.380341252827632,2024-07-04,8.0,10.0,0.46319304086940033,TB,TB,True,TB,True
746532,2024,106,COL,MIL,1.0,-1.6953331640564113,4.380341252827632,2024-07-04,4.0,3.0,0.33358480301314575,MIL,COL,False,MIL,False
746619,2024,106,CLE,CWS,4.0,1.5581083108573106,4.380341252827632,2024-07-04,8.0,4.0,0.6536625116671058,CLE,CLE,True,CLE,True
746857,2024,106,CHC,PHI,8.0,-1.2006399754620611,4.380341252827632,2024-07-04,10.0,2.0,0.38035345412796334,PHI,CHC,False,PHI,False
747103,2024,106,ATL,SF,-2.0,0.5365879636155184,4.380341252827632,2024-07-04,2.0,4.0,0.5541328930681952,ATL,SF,False,ATL,False
744836,2024,107,WSH,STL,-1.0,-0.3798695702558479,4.380341252827632,2024-07-05,6.0,7.0,0.4616184523602931,STL,STL,True,STL,False
744992,2024,107,TEX,TB,3.0,-0.15880902580474174,4.380341252827632,2024-07-05,3.0,0.0,0.48393364543914824,TB,TEX,False,TB,False
745237,2024,107,SEA,TOR,1.0,0.1291354686980791,4.380341252827632,2024-07-05,2.0,1.0,0.5130655439360584,SEA,SEA,True,SEA,False
745398,2024,107,SD,AZ,2.0,0.29504721942183676,4.380341252827632,2024-07-05,10.0,8.0,0.5298294920964906,SD,SD,True,SD,True
745479,2024,107,PIT,NYM,12.0,-0.5424764288575943,4.380341252827632,2024-07-05,14.0,2.0,0.44527677733701254,NYM,PIT,False,NYM,False
745639,2024,107,ATH,BAL,-1.0,-1.982446193211379,4.380341252827632,2024-07-05,2.0,3.0,0.3075297805856485,BAL,BAL,True,BAL,False
745725,2024,107,NYY,BOS,-2.0,0.06609372745309616,4.380341252827632,2024-07-05,3.0,5.0,0.5066880500036036,NYY,BOS,False,NYY,False
745884,2024,107,MIN,HOU,-1.0,0.18749608821463348,4.380341252827632,2024-07-05,12.0,13.0,0.5189665404269075,MIN,HOU,False,MIN,False
746046,2024,107,MIA,CWS,-1.0,0.06662099364592043,4.380341252827632,2024-07-05,2.0,3.0,0.5067413992162553,MIA,CWS,False,MIA,False
746127,2024,107,LAD,MIL,3.0,0.6900437146651629,4.380341252827632,2024-07-05,8.0,5.0,0.5694741319435608,LAD,LAD,True,LAD,True
746533,2024,107,COL,KC,2.0,-1.1019892757902514,4.380341252827632,2024-07-05,4.0,2.0,0.38991943252839717,KC,COL,False,KC,False
746620,2024,107,CLE,SF,-2.0,0.5277327271837828,4.380341252827632,2024-07-05,2.0,4.0,0.5532449135801472,CLE,SF,False,CLE,False
746693,2024,107,CIN,DET,-1.0,0.6362653098767632,4.380341252827632,2024-07-05,4.0,5.0,0.5641085132494487,CIN,DET,False,CIN,False
746859,2024,107,CHC,LAA,4.0,0.996824351138173,4.380341252827632,2024-07-05,5.0,1.0,0.5998091113715867,CHC,CHC,True,CHC,True
747097,2024,107,ATL,PHI,-2.0,-0.43957959921394785,4.380341252827632,2024-07-05,6.0,8.0,0.4556086903333793,PHI,PHI,True,PHI,True
744835,2024,108,WSH,STL,8.0,0.19106213701303285,4.380341252827632,2024-07-06,14.0,6.0,0.5193269914932269,WSH,WSH,True,WSH,True
744995,2024,108,TEX,TB,1.0,0.2884845607035919,4.380341252827632,2024-07-06,4.0,3.0,0.5291671993543652,TEX,TEX,True,TEX,False
745235,2024,108,SEA,TOR,-1.0,0.17943874497795395,4.380341252827632,2024-07-06,4.0,5.0,0.5181520591527677,SEA,TOR,False,SEA,False
745395,2024,108,SD,AZ,-2.0,0.4368386496274994,4.380341252827632,2024-07-06,5.0,7.0,0.5441156471750954,SD,AZ,False,SD,False
745476,2024,108,PIT,NYM,-3.0,-0.45026341089902133,4.380341252827632,2024-07-06,2.0,5.0,0.454534404354586,NYM,NYM,True,NYM,True
745642,2024,108,ATH,BAL,11.0,-1.97568904125875,4.380341252827632,2024-07-06,19.0,8.0,0.30813261724540875,BAL,ATH,False,BAL,False
745724,2024,108,NYY,BOS,10.0,0.43052546877283426,4.380341252827632,2024-07-06,14.0,4.0,0.5434806380424576,NYY,NYY,True,NYY,True
745885,2024,108,MIN,HOU,6.0,0.4340140790652407,4.380341252827632,2024-07-06,9.0,3.0,0.5438315525451689,MIN,MIN,True,MIN,True
746044,2024,108,MIA,CWS,1.0,-0.11103524785478538,4.380341252827632,2024-07-06,4.0,3.0,0.4887652590941747,CWS,MIA,False,CWS,False
746129,2024,108,LAD,MIL,2.0,0.43967047351658994,4.380341252827632,2024-07-06,5.0,3.0,0.5444004487020945,LAD,LAD,True,LAD,True
746529,2024,108,COL,KC,2.0,-1.1082624127293146,4.380341252827632,2024-07-06,3.0,1.0,0.38930908035934947,KC,COL,False,KC,False
746615,2024,108,CLE,SF,1.0,0.15585597044464056,4.380341252827632,2024-07-06,5.0,4.0,0.515767757631625,CLE,CLE,True,CLE,False
746694,2024,108,CIN,DET,-2.0,0.729015565905798,4.380341252827632,2024-07-06,3.0,5.0,0.5733545191422031,CIN,DET,False,CIN,False
746856,2024,108,CHC,LAA,-7.0,0.8237392336319287,4.380341252827632,2024-07-06,0.0,7.0,0.5827557861230784,CHC,LAA,False,CHC,False
747099,2024,108,ATL,PHI,4.0,-0.30441456685514257,4.380341252827632,2024-07-06,5.0,1.0,0.4692253139660163,PHI,ATL,False,PHI,False
744832,2024,109,WSH,STL,-5.0,0.344394948382737,4.380341252827632,2024-07-07,3.0,8.0,0.5348068141448477,WSH,STL,False,WSH,False
744993,2024,109,TEX,TB,11.0,0.13350599801229057,4.380341252827632,2024-07-07,13.0,2.0,0.5135075748870972,TEX,TEX,True,TEX,True
745233,2024,109,SEA,TOR,-1.0,0.6353483094438002,4.380341252827632,2024-07-07,4.0,5.0,0.5640169162952903,SEA,TOR,False,SEA,False
745391,2024,109,SD,AZ,-8.0,0.5840544130840996,4.380341252827632,2024-07-07,1.0,9.0,0.5588879661171428,SD,AZ,False,SD,False
745477,2024,109,PIT,NYM,-1.0,-0.6663955413568415,4.380341252827632,2024-07-07,2.0,3.0,0.43288379197649607,NYM,NYM,True,NYM,False
745637,2024,109,ATH,BAL,-3.0,-1.8240317377532065,4.380341252827632,2024-07-07,3.0,6.0,0.3217964165228281,BAL,BAL,True,BAL,True
745723,2024,109,NYY,BOS,-3.0,-0.08238050262049398,4.380341252827632,2024-07-07,0.0,3.0,0.49166410103665464,BOS,BOS,True,BOS,True
745883,2024,109,MIN,HOU,1.0,0.5467628646814119,4.380341252827632,2024-07-07,3.0,2.0,0.5551528696020892,MIN,MIN,True,MIN,False
746039,2024,109,MIA,CWS,3.0,0.10361433183096028,4.380341252827632,2024-07-07,7.0,4.0,0.5104840586895576,MIA,MIA,True,MIA,True
746122,2024,109,LAD,MIL,-7.0,0.9950304310992996,4.380341252827632,2024-07-07,2.0,9.0,0.5996332767356627,LAD,MIL,False,LAD,False
746530,2024,109,COL,KC,-9.0,-0.8036336446485328,4.380341252827632,2024-07-07,1.0,10.0,0.419235920694433,KC,KC,True,KC,True
746616,2024,109,CLE,SF,1.0,0.49146547817821284,4.380341252827632,2024-07-07,5.0,4.0,0.5496053915208426,CLE,CLE,True,CLE,False
746691,2024,109,CIN,DET,-4.0,0.17783548673778182,4.380341252827632,2024-07-07,1.0,5.0,0.5179899837050036,CIN,DET,False,CIN,False
746855,2024,109,CHC,LAA,5.0,0.42505852037613145,4.380341252827632,2024-07-07,5.0,0.0,0.542930657124539,CHC,CHC,True,CHC,True
747098,2024,109,ATL,PHI,6.0,-0.16398939607054247,4.380341252827632,2024-07-07,6.0,0.0,0.48340985638416883,PHI,ATL,False,PHI,False
744833,2024,110,WSH,STL,-6.0,0.21678570330610306,4.380341252827632,2024-07-08,0.0,6.0,0.5219266063043804,WSH,STL,False,WSH,False
745480,2024,110,PIT,NYM,6.0,-0.31847731464903495,4.380341252827632,2024-07-08,8.0,2.0,0.4678066670381742,NYM,PIT,False,NYM,False
746208,2024,110,LAA,TEX,-5.0,-0.518733430163782,4.380341252827632,2024-07-08,4.0,9.0,0.4476577854899197,TEX,TEX,True,TEX,True
746455,2024,110,DET,CLE,1.0,-0.5219999357650766,4.380341252827632,2024-07-08,1.0,0.0,0.44733009812819474,CLE,DET,False,CLE,False
746692,2024,110,CIN,COL,6.0,1.1627542234286559,4.380341252827632,2024-07-08,6.0,0.0,0.6159811269178501,CIN,CIN,True,CIN,True
746771,2024,110,CWS,MIN,-2.0,-1.6819541658852228,4.380341252827632,2024-07-08,6.0,8.0,0.3348200167356177,MIN,MIN,True,MIN,True
747181,2024,110,AZ,ATL,-1.0,-0.44649853139441265,4.380341252827632,2024-07-08,4.0,5.0,0.45491293557175266,ATL,ATL,True,ATL,False
745074,2024,111,TB,NYY,2.0,-0.4601889393500796,4.381942321837015,2024-07-09,5.0,3.0,0.45355356332753294,NYY,TB,False,NYY,False
745316,2024,111,SF,TOR,1.0,-0.3696682686896689,4.381942321837015,2024-07-09,4.0,3.0,0.46265972844830633,TOR,SF,False,TOR,False
745393,2024,111,SD,SEA,-5.0,-0.14660702536835535,4.381942321837015,2024-07-09,3.0,8.0,0.48517291892606956,SEA,SEA,True,SEA,True
745557,2024,111,PHI,LAD,9.0,0.31965668443184425,4.381942321837015,2024-07-09,10.0,1.0,0.532300508809551,PHI,PHI,True,PHI,True
745803,2024,111,NYM,WSH,2.0,0.06525254096147784,4.381942321837015,2024-07-09,7.0,5.0,0.5066005254846506,NYM,NYM,True,NYM,True
745968,2024,111,MIL,PIT,-10.0,0.9824326435969208,4.381942321837015,2024-07-09,2.0,12.0,0.5983626977766561,MIL,PIT,False,MIL,False
746206,2024,111,LAA,TEX,-1.0,-0.9779189804802372,4.381942321837015,2024-07-09,4.0,5.0,0.40208000929833676,TEX,TEX,True,TEX,False
746368,2024,111,HOU,MIA,1.0,1.2854027966792712,4.381942321837015,2024-07-09,4.0,3.0,0.6277629703514161,HOU,HOU,True,HOU,False
746451,2024,111,DET,CLE,-1.0,-0.7216743454032918,4.381942321837015,2024-07-09,8.0,9.0,0.4274021483526885,CLE,CLE,True,CLE,False
746690,2024,111,CIN,COL,6.0,1.2875443776622348,4.381942321837015,2024-07-09,12.0,6.0,0.6279683837210527,CIN,CIN,True,CIN,True
746937,2024,111,BOS,ATH,3.0,0.9394025514633466,4.381942321837015,2024-07-09,12.0,9.0,0.5941371841554776,BOS,BOS,True,BOS,True
747014,2024,111,BAL,CHC,-7.0,0.6424590969480275,4.381942321837015,2024-07-09,2.0,9.0,0.5647036639521144,BAL,CHC,False,BAL,False
747180,2024,111,AZ,ATL,-4.0,-0.8504381543731405,4.381942321837015,2024-07-09,2.0,6.0,0.41463336495340997,ATL,ATL,True,ATL,True
745069,2024,112,TB,NYY,-1.0,-0.005902482158369207,4.381942321837015,2024-07-10,1.0,2.0,0.4994029160180504,NYY,NYY,True,NYY,False
745155,2024,112,STL,KC,-2.0,-0.010944381666208786,4.381942321837015,2024-07-10,4.0,6.0,0.49889288796443276,KC,KC,True,KC,True
745318,2024,112,SF,TOR,-4.0,0.021742136744221006,4.381942321837015,2024-07-10,6.0,10.0,0.5021993832967682,SF,TOR,False,SF,False
745394,2024,112,SD,SEA,-2.0,0.15799332257518323,4.381942321837015,2024-07-10,0.0,2.0,0.5159780389255433,SD,SEA,False,SD,False
745556,2024,112,PHI,LAD,1.0,0.3120438481180734,4.381942321837015,2024-07-10,4.0,3.0,0.531532874294881,PHI,PHI,True,PHI,False
745796,2024,112,NYM,WSH,4.0,0.5282878730799759,4.381942321837015,2024-07-10,6.0,2.0,0.5532812313433012,NYM,NYM,True,NYM,True
745969,2024,112,MIL,PIT,9.0,0.8844534023099413,4.381942321837015,2024-07-10,9.0,0.0,0.5887253075925256,MIL,MIL,True,MIL,True
746205,2024,112,LAA,TEX,5.0,-0.5966320173646067,4.381942321837015,2024-07-10,7.0,2.0,0.43987524190190186,TEX,LAA,False,TEX,False
746366,2024,112,HOU,MIA,8.0,1.2446269573089388,4.381942321837015,2024-07-10,9.0,1.0,0.6238450120786991,HOU,HOU,True,HOU,True
746453,2024,112,DET,CLE,1.0,-0.670346618906176,4.381942321837015,2024-07-10,5.0,4.0,0.4325140974367253,CLE,DET,False,CLE,False
746689,2024,112,CIN,COL,-1.0,1.040442572851686,4.381942321837015,2024-07-10,5.0,6.0,0.6040409770775539,CIN,COL,False,CIN,False
746772,2024,112,CWS,MIN,2.0,-1.5957709602125103,4.381942321837015,2024-07-10,3.0,1.0,0.34287361727039023,MIN,CWS,False,MIN,False
746934,2024,112,BOS,ATH,-3.0,1.50489938216423,4.381942321837015,2024-07-10,2.0,5.0,0.6486176764216436,BOS,ATH,False,BOS,False
747015,2024,112,BAL,CHC,-4.0,0.6849892190541309,4.381942321837015,2024-07-10,0.0,4.0,0.5689454130176221,BAL,CHC,False,BAL,False
747179,2024,112,AZ,ATL,2.0,-0.35516461404354327,4.381942321837015,2024-07-10,7.0,5.0,0.4641207085729759,ATL,AZ,False,ATL,False
745156,2024,112,STL,KC,-3.0,-0.1845707542914991,4.381942321837015,2024-07-10,5.0,8.0,0.4813359766456497,KC,KC,True,KC,True
746773,2024,112,CWS,MIN,-1.0,-1.5087387149652867,4.381942321837015,2024-07-10,2.0,3.0,0.3510212824126561,MIN,MIN,True,MIN,False
745065,2024,113,TB,NYY,1.0,-0.5933763738759024,4.381942321837015,2024-07-11,5.0,4.0,0.44020084977280427,NYY,TB,False,NYY,False
745313,2024,113,SF,TOR,-2.0,-0.1367500065904867,4.381942321837015,2024-07-11,3.0,5.0,0.4861693932704448,TOR,TOR,True,TOR,True
745558,2024,113,PHI,LAD,4.0,0.4104704920197179,4.381942321837015,2024-07-11,5.0,1.0,0.541447591092407,PHI,PHI,True,PHI,True
745799,2024,113,NYM,WSH,7.0,0.5450135129003345,4.381942321837015,2024-07-11,7.0,0.0,0.5549575726881141,NYM,NYM,True,NYM,True
745967,2024,113,MIL,PIT,-1.0,0.5928081787294521,4.381942321837015,2024-07-11,0.0,1.0,0.5597423189653217,MIL,PIT,False,MIL,False
746204,2024,113,LAA,SEA,-11.0,-0.6847990016160396,4.381942321837015,2024-07-11,0.0,11.0,0.43107354103618883,SEA,SEA,True,SEA,True
746367,2024,113,HOU,MIA,3.0,1.4815633700388586,4.381942321837015,2024-07-11,6.0,3.0,0.6464203417692601,HOU,HOU,True,HOU,True
746452,2024,113,DET,CLE,9.0,-0.0643693726918922,4.381942321837015,2024-07-11,10.0,1.0,0.4934888021246099,CLE,DET,False,CLE,False
746688,2024,113,CIN,COL,7.0,1.332339526626797,4.381942321837015,2024-07-11,8.0,1.0,0.6322565575857673,CIN,CIN,True,CIN,True
746935,2024,113,BOS,ATH,7.0,1.4204923772101672,4.381942321837015,2024-07-11,7.0,0.0,0.6406468815399985,BOS,BOS,True,BOS,True
747011,2024,113,BAL,CHC,-8.0,0.20410781141300544,4.381942321837015,2024-07-11,0.0,8.0,0.5206379558816427,BAL,CHC,False,BAL,False
747178,2024,113,AZ,ATL,1.0,-0.4136554949526658,4.381942321837015,2024-07-11,1.0,0.0,0.45823197379607644,ATL,AZ,False,ATL,False
745064,2024,114,TB,CLE,2.0,-0.40742319703771623,4.381942321837015,2024-07-12,2.0,0.0,0.45885901478647384,CLE,TB,False,CLE,False
745153,2024,114,STL,CHC,-4.0,0.05281164472598314,4.381942321837015,2024-07-12,1.0,5.0,0.5053421688765911,STL,CHC,False,STL,False
745312,2024,114,SF,MIN,6.0,-1.033218815628456,4.381942321837015,2024-07-12,7.0,1.0,0.3966649421118091,MIN,SF,False,MIN,False
745390,2024,114,SD,ATL,-5.0,-0.5414186755882849,4.381942321837015,2024-07-12,1.0,6.0,0.44540264105404515,ATL,ATL,True,ATL,True
745552,2024,114,PHI,ATH,-4.0,2.04404860489289,4.381942321837015,2024-07-12,2.0,6.0,0.6978758646566408,PHI,ATH,False,PHI,False
745800,2024,114,NYM,COL,1.0,1.1438545810009881,4.381942321837015,2024-07-12,7.0,6.0,0.6141081404613719,NYM,NYM,True,NYM,False
745965,2024,114,MIL,WSH,-3.0,0.5605622484380754,4.381942321837015,2024-07-12,2.0,5.0,0.5565150774560783,MIL,WSH,False,MIL,False
746207,2024,114,LAA,SEA,1.0,-1.1021553926819991,4.381942321837015,2024-07-12,6.0,5.0,0.3899424568947568,SEA,LAA,False,SEA,False
746371,2024,114,HOU,TEX,3.0,0.009762720190079857,4.381942321837015,2024-07-12,6.0,3.0,0.5009875777532244,HOU,HOU,True,HOU,True
746450,2024,114,DET,LAD,-1.0,-0.2999843300597901,4.381942321837015,2024-07-12,3.0,4.0,0.469683376823014,LAD,LAD,True,LAD,False
746685,2024,114,CIN,MIA,3.0,0.8759654810866611,4.381942321837015,2024-07-12,7.0,4.0,0.5878878069858601,CIN,CIN,True,CIN,True
746774,2024,114,CWS,PIT,-3.0,-0.3599154387956973,4.381942321837015,2024-07-12,1.0,4.0,0.4636420948998178,PIT,PIT,True,PIT,True
746936,2024,114,BOS,KC,-5.0,0.4218251068469045,4.381942321837015,2024-07-12,1.0,6.0,0.5425898256561414,BOS,KC,False,BOS,False
747012,2024,114,BAL,NYY,-3.0,-0.0545449539015999,4.381942321837015,2024-07-12,1.0,4.0,0.4944825090073746,NYY,NYY,True,NYY,True
747175,2024,114,AZ,TOR,1.0,0.28937759251236045,4.381942321837015,2024-07-12,5.0,4.0,0.5292466566079447,AZ,AZ,True,AZ,False
745067,2024,115,TB,CLE,-2.0,-0.07275335993128289,4.381942321837015,2024-07-13,2.0,4.0,0.4926408217569983,CLE,CLE,True,CLE,True
745152,2024,115,STL,CHC,8.0,-0.2981549711748341,4.381942321837015,2024-07-13,11.0,3.0,0.46986790005164236,CHC,STL,False,CHC,False
745311,2024,115,SF,MIN,-2.0,-0.6904701883329151,4.381942321837015,2024-07-13,2.0,4.0,0.4305085088651187,MIN,MIN,True,MIN,True
745392,2024,115,SD,ATL,4.0,-0.5520088719447168,4.381942321837015,2024-07-13,4.0,0.0,0.4443416011657403,ATL,SD,False,ATL,False
745549,2024,115,PHI,ATH,6.0,1.8323257739620618,4.381942321837015,2024-07-13,11.0,5.0,0.6788965197498744,PHI,PHI,True,PHI,True
745798,2024,115,NYM,COL,4.0,1.3140796397503507,4.381942321837015,2024-07-13,7.0,3.0,0.6305105205277809,NYM,NYM,True,NYM,True
745963,2024,115,MIL,WSH,-1.0,0.10901128247178159,4.381942321837015,2024-07-13,5.0,6.0,0.5110259761123057,MIL,WSH,False,MIL,False
746202,2024,115,LAA,SEA,1.0,-1.167003535411367,4.381942321837015,2024-07-13,2.0,1.0,0.3836485318764946,SEA,LAA,False,SEA,False
746369,2024,115,HOU,TEX,-1.0,0.15830477309359403,4.381942321837015,2024-07-13,1.0,2.0,0.5160095193632125,HOU,TEX,False,HOU,False
746447,2024,115,DET,LAD,2.0,-0.6378940586602904,4.381942321837015,2024-07-13,11.0,9.0,0.4357520826743107,LAD,DET,False,LAD,False
746687,2024,115,CIN,MIA,4.0,1.314988066744574,4.381942321837015,2024-07-13,10.0,6.0,0.6305974496414081,CIN,CIN,True,CIN,True
746766,2024,115,CWS,PIT,-4.0,-0.535387581188399,4.381942321837015,2024-07-13,2.0,6.0,0.44600707635026465,PIT,PIT,True,PIT,True
746930,2024,115,BOS,KC,5.0,0.6403995462758232,4.381942321837015,2024-07-13,5.0,0.0,0.5644980611056944,BOS,BOS,True,BOS,True
747013,2024,115,BAL,NYY,-5.0,0.6592440640871089,4.381942321837015,2024-07-13,1.0,6.0,0.5663786331422919,BAL,NYY,False,BAL,False
747177,2024,115,AZ,TOR,11.0,0.36956928589926696,4.381942321837015,2024-07-13,12.0,1.0,0.5373303025152779,AZ,AZ,True,AZ,True
745175,2024,115,STL,CHC,1.0,-0.14816325556827814,4.381942321837015,2024-07-13,5.0,4.0,0.48501560344743594,CHC,STL,False,CHC,False
745066,2024,116,TB,CLE,2.0,-0.2801433908155358,4.381942321837015,2024-07-14,2.0,0.0,0.47168502608801327,CLE,TB,False,CLE,False
745151,2024,116,STL,CHC,-5.0,-0.25446903528679926,4.381942321837015,2024-07-14,3.0,8.0,0.4742762329939219,CHC,CHC,True,CHC,True
745314,2024,116,SF,MIN,1.0,-0.8938088722134173,4.381942321837015,2024-07-14,3.0,2.0,0.41035205939997504,MIN,SF,False,MIN,False
745385,2024,116,SD,ATL,-3.0,-0.8078614236900353,4.381942321837015,2024-07-14,3.0,6.0,0.4188461832218731,ATL,ATL,True,ATL,True
745551,2024,116,PHI,ATH,-15.0,1.7783260688877696,4.381942321837015,2024-07-14,3.0,18.0,0.6739774174707646,PHI,ATH,False,PHI,False
745797,2024,116,NYM,COL,-3.0,1.151325742710261,4.381942321837015,2024-07-14,5.0,8.0,0.6148325798077926,NYM,COL,False,NYM,False
745962,2024,116,MIL,WSH,6.0,0.6243190305177212,4.381942321837015,2024-07-14,9.0,3.0,0.5628921643163292,MIL,MIL,True,MIL,True
746201,2024,116,LAA,SEA,1.0,-1.4765925405146463,4.381942321837015,2024-07-14,3.0,2.0,0.3540483488837679,SEA,LAA,False,SEA,False
746370,2024,116,HOU,TEX,-2.0,0.3885701451634586,4.381942321837015,2024-07-14,2.0,4.0,0.539243534025638,HOU,TEX,False,HOU,False
746449,2024,116,DET,LAD,1.0,-0.6441673150147178,4.381942321837015,2024-07-14,4.0,3.0,0.4351258196451206,LAD,DET,False,LAD,False
746686,2024,116,CIN,MIA,-1.0,1.1505663625314961,4.381942321837015,2024-07-14,2.0,3.0,0.6147589649437238,CIN,MIA,False,CIN,False
746769,2024,116,CWS,PIT,-5.0,-0.9329765199814762,4.381942321837015,2024-07-14,4.0,9.0,0.40649480121436754,PIT,PIT,True,PIT,True
746932,2024,116,BOS,KC,1.0,0.5270750963442362,4.381942321837015,2024-07-14,5.0,4.0,0.5531596423753468,BOS,BOS,True,BOS,False
747009,2024,116,BAL,NYY,1.0,0.29264694581766104,4.381942321837015,2024-07-14,6.0,5.0,0.5295764791682378,BAL,BAL,True,BAL,False
747176,2024,116,AZ,TOR,-1.0,0.36941852718312485,4.381942321837015,2024-07-14,7.0,8.0,0.5373151188294647,AZ,TOR,False,AZ,False
744829,2024,121,WSH,CIN,3.0,-0.35093519215600716,4.381942321837015,2024-07-19,8.0,5.0,0.4645468381228428,CIN,WSH,False,CIN,False
744911,2024,121,TOR,DET,-1.0,-0.07037179829907118,4.381942321837015,2024-07-19,4.0,5.0,0.49288169647418395,DET,DET,True,DET,False
744990,2024,121,TEX,BAL,-8.0,-0.023996080974532152,4.381942321837015,2024-07-19,1.0,9.0,0.49757261570005623,BAL,BAL,True,BAL,True
745228,2024,121,SEA,HOU,-3.0,0.10938823185966967,4.381942321837015,2024-07-19,0.0,3.0,0.5110640930019901,SEA,HOU,False,SEA,False
745481,2024,121,PIT,PHI,1.0,-1.2785528506630206,4.381942321837015,2024-07-19,8.0,7.0,0.37289429770672944,PHI,PIT,False,PHI,False
745640,2024,121,ATH,LAA,10.0,-0.20715415209224858,4.381942321837015,2024-07-19,13.0,3.0,0.47905430053675013,LAA,ATH,False,LAA,False
745721,2024,121,NYY,TB,5.0,0.4878055899984619,4.381942321837015,2024-07-19,6.0,1.0,0.5492199753415032,NYY,NYY,True,NYY,True
746040,2024,121,MIA,NYM,2.0,-1.1648222354537985,4.381942321837015,2024-07-19,6.0,4.0,0.3838597530786316,NYM,MIA,False,NYM,False
746123,2024,121,LAD,BOS,3.0,0.26307213403406604,4.381942321837015,2024-07-19,4.0,1.0,0.5265921690166728,LAD,LAD,True,LAD,True
746284,2024,121,KC,CWS,6.0,1.2911152530862602,4.381942321837015,2024-07-19,7.0,1.0,0.6283108092846532,KC,KC,True,KC,True
746531,2024,121,COL,SF,4.0,-1.0180170138872153,4.381942321837015,2024-07-19,7.0,3.0,0.3981515950363966,SF,COL,False,SF,False
746618,2024,121,CLE,SD,7.0,0.1488172969910957,4.381942321837015,2024-07-19,7.0,0.0,0.5150505112947601,CLE,CLE,True,CLE,True
746854,2024,121,CHC,AZ,-3.0,0.46871467498058034,4.381942321837015,2024-07-19,2.0,5.0,0.5473029239952741,CHC,AZ,False,CHC,False
744830,2024,122,WSH,CIN,1.0,-0.28859992994504424,4.385008862574479,2024-07-20,5.0,4.0,0.4708521610471496,CIN,WSH,False,CIN,False
744910,2024,122,TOR,DET,-4.0,0.0007598325017187102,4.385008862574479,2024-07-20,3.0,7.0,0.5000768095011856,TOR,DET,False,TOR,False
744994,2024,122,TEX,BAL,-4.0,-0.11232529051902326,4.385008862574479,2024-07-20,4.0,8.0,0.4886468598544919,BAL,BAL,True,BAL,True
745229,2024,122,SEA,HOU,-2.0,0.2135517251253642,4.385008862574479,2024-07-20,2.0,4.0,0.521576861120856,SEA,HOU,False,SEA,False
745478,2024,122,PIT,PHI,3.0,-1.363194832114737,4.385008862574479,2024-07-20,4.0,1.0,0.36489007918824745,PHI,PIT,False,PHI,False
745638,2024,122,ATH,LAA,6.0,-0.026977552766632704,4.385008862574479,2024-07-20,8.0,2.0,0.49727293022922425,LAA,ATH,False,LAA,False
745720,2024,122,NYY,TB,-8.0,0.9049234360832941,4.385008862574479,2024-07-20,1.0,9.0,0.5906810556197207,NYY,TB,False,NYY,False
745880,2024,122,MIN,MIL,-4.0,0.4568111424176827,4.385008862574479,2024-07-20,4.0,8.0,0.5460749464541002,MIN,MIL,False,MIN,False
746041,2024,122,MIA,NYM,-1.0,-0.9570816193223184,4.385008862574479,2024-07-20,0.0,1.0,0.404191133335823,NYM,NYM,True,NYM,False
746121,2024,122,LAD,BOS,1.0,0.44928824554396296,4.385008862574479,2024-07-20,7.0,6.0,0.5453194708383771,LAD,LAD,True,LAD,False
746286,2024,122,KC,CWS,5.0,1.1792876196568431,4.385008862574479,2024-07-20,6.0,1.0,0.6174605418813875,KC,KC,True,KC,True
746527,2024,122,COL,SF,1.0,-0.8566257951643328,4.385008862574479,2024-07-20,4.0,3.0,0.41408111160885513,SF,COL,False,SF,False
746613,2024,122,CLE,SD,-7.0,-0.036997245183048144,4.385008862574479,2024-07-20,0.0,7.0,0.49626009898861817,SD,SD,True,SD,True
746852,2024,122,CHC,AZ,-3.0,0.02392393532809501,4.385008862574479,2024-07-20,0.0,3.0,0.50241839391111,CHC,AZ,False,CHC,False
747093,2024,122,ATL,STL,1.0,1.0719635192682997,4.385008862574479,2024-07-20,3.0,2.0,0.6070441589308679,ATL,ATL,True,ATL,False
747096,2024,122,ATL,STL,-4.0,0.407094063951687,4.385008862574479,2024-07-20,5.0,9.0,0.5410792219199675,ATL,STL,False,ATL,False
744831,2024,123,WSH,CIN,3.0,-0.24571154554718289,4.385008862574479,2024-07-21,5.0,2.0,0.47517769337122534,CIN,WSH,False,CIN,False
744909,2024,123,TOR,DET,1.0,-0.07562673598418751,4.385008862574479,2024-07-21,5.0,4.0,0.49235555679735976,DET,TOR,False,DET,False
744991,2024,123,TEX,BAL,1.0,0.13327106602799027,4.385008862574479,2024-07-21,3.0,2.0,0.5134694671703794,TEX,TEX,True,TEX,False
745230,2024,123,SEA,HOU,2.0,0.26633243125553324,4.385008862574479,2024-07-21,6.0,4.0,0.5269024345206235,SEA,SEA,True,SEA,True
745470,2024,123,PIT,PHI,-6.0,-0.6614143217673669,4.385008862574479,2024-07-21,0.0,6.0,0.43345102052494416,PHI,PHI,True,PHI,True
745633,2024,123,ATH,LAA,-3.0,0.8243829365022652,4.385008862574479,2024-07-21,5.0,8.0,0.582732636538517,ATH,LAA,False,ATH,False
745722,2024,123,NYY,TB,-2.0,0.5802897978072703,4.385008862574479,2024-07-21,4.0,6.0,0.5584493024923168,NYY,TB,False,NYY,False
745882,2024,123,MIN,MIL,-1.0,0.5179440446815977,4.385008862574479,2024-07-21,7.0,8.0,0.5522077076602744,MIN,MIL,False,MIN,False
746042,2024,123,MIA,NYM,2.0,-1.0138677399118317,4.385008862574479,2024-07-21,4.0,2.0,0.3986270228008733,NYM,MIA,False,NYM,False
746125,2024,123,LAD,BOS,3.0,-0.12937135899160554,4.385008862574479,2024-07-21,9.0,6.0,0.48692452592420576,BOS,LAD,False,BOS,False
746287,2024,123,KC,CWS,3.0,1.4496159228256598,4.385008862574479,2024-07-21,4.0,1.0,0.6433083773507166,KC,KC,True,KC,True
746528,2024,123,COL,SF,-1.0,-0.4955595178252317,4.385008862574479,2024-07-21,2.0,3.0,0.4500365056386794,SF,SF,True,SF,False
746610,2024,123,CLE,SD,-1.0,-0.1376593502288694,4.385008862574479,2024-07-21,1.0,2.0,0.4860871938108324,SD,SD,True,SD,False
746853,2024,123,CHC,AZ,1.0,0.15939142831241035,4.385008862574479,2024-07-21,2.0,1.0,0.5161080877513585,CHC,CHC,True,CHC,False
747094,2024,123,ATL,STL,-4.0,1.006514763657256,4.385008862574479,2024-07-21,2.0,6.0,0.6006536401023974,ATL,STL,False,ATL,False
744988,2024,124,TEX,CWS,1.0,1.0579596611197875,4.385008862574479,2024-07-22,4.0,3.0,0.6056791602574179,TEX,TEX,True,TEX,False
745232,2024,124,SEA,LAA,-2.0,1.3180089081575814,4.385008862574479,2024-07-22,1.0,3.0,0.6307982935207419,SEA,LAA,False,SEA,False
745473,2024,124,PIT,STL,1.0,0.3265868390493316,4.385008862574479,2024-07-22,2.0,1.0,0.5329761768113501,PIT,PIT,True,PIT,False
745635,2024,124,ATH,HOU,4.0,-1.1395519405429915,4.385008862574479,2024-07-22,4.0,0.0,0.3863865655230857,HOU,ATH,False,HOU,False
745717,2024,124,NYY,TB,8.0,0.5086509353074016,4.385008862574479,2024-07-22,9.0,1.0,0.5512762038314873,NYY,NYY,True,NYY,True
745881,2024,124,MIN,PHI,5.0,-0.1265320160631815,4.385008862574479,2024-07-22,7.0,2.0,0.4872113969359984,PHI,MIN,False,PHI,False
746034,2024,124,MIA,NYM,-2.0,-0.9510847706452465,4.385008862574479,2024-07-22,4.0,6.0,0.40477988071346327,NYM,NYM,True,NYM,True
746124,2024,124,LAD,SF,1.0,1.0476695228578168,4.385008862574479,2024-07-22,3.0,2.0,0.6046753202762032,LAD,LAD,True,LAD,False
746280,2024,124,KC,AZ,6.0,0.05663677874210183,4.385008862574479,2024-07-22,10.0,4.0,0.5057250689070333,KC,KC,True,KC,True
746526,2024,124,COL,BOS,1.0,-1.5186145022683664,4.385008862574479,2024-07-22,9.0,8.0,0.35019296543900547,BOS,COL,False,BOS,False
746612,2024,124,CLE,DET,-6.0,-0.12203580859974164,4.385008862574479,2024-07-22,2.0,8.0,0.48766568156563145,DET,DET,True,DET,True
746850,2024,124,CHC,MIL,2.0,-0.43557889306053527,4.385008862574479,2024-07-22,3.0,1.0,0.4560576900381512,MIL,CHC,False,MIL,False
747095,2024,124,ATL,CIN,-3.0,0.6153046221931948,4.385008862574479,2024-07-22,1.0,4.0,0.5619484743276182,ATL,CIN,False,ATL,False
744828,2024,125,WSH,SD,-4.0,-0.39496949099858525,4.385008862574479,2024-07-23,0.0,4.0,0.4601401076419521,SD,SD,True,SD,True
744904,2024,125,TOR,TB,-2.0,-0.4563221778707042,4.385008862574479,2024-07-23,2.0,4.0,0.4539741520405131,TB,TB,True,TB,True
744985,2024,125,TEX,CWS,1.0,0.9077802813359512,4.385008862574479,2024-07-23,3.0,2.0,0.5909623303494544,TEX,TEX,True,TEX,False
745227,2024,125,SEA,LAA,-4.0,1.282306349720787,4.385008862574479,2024-07-23,1.0,5.0,0.6273798592970525,SEA,LAA,False,SEA,False
745475,2024,125,PIT,STL,-1.0,0.5210746176100371,4.385008862574479,2024-07-23,1.0,2.0,0.5525214391134974,PIT,STL,False,PIT,False
745632,2024,125,ATH,HOU,6.0,-1.1975403459315082,4.385008862574479,2024-07-23,8.0,2.0,0.3807761279101825,HOU,ATH,False,HOU,False
745715,2024,125,NYY,NYM,-1.0,0.35770879316348464,4.385008862574479,2024-07-23,2.0,3.0,0.5361104055452954,NYY,NYM,False,NYY,False
745878,2024,125,MIN,PHI,-3.0,-0.15176942845571373,4.385008862574479,2024-07-23,0.0,3.0,0.4846618018918264,PHI,PHI,True,PHI,True
746036,2024,125,MIA,BAL,3.0,-1.2843147008612104,4.385008862574479,2024-07-23,6.0,3.0,0.37242757645053604,BAL,MIA,False,BAL,False
746118,2024,125,LAD,SF,3.0,1.1098392930744296,4.385008862574479,2024-07-23,5.0,2.0,0.610729392618597,LAD,LAD,True,LAD,True
746281,2024,125,KC,AZ,-4.0,0.026994695295790593,4.385008862574479,2024-07-23,2.0,6.0,0.5027288026241822,KC,AZ,False,KC,False
746524,2024,125,COL,BOS,-6.0,-1.3308473328996677,4.385008862574479,2024-07-23,0.0,6.0,0.36797496608177727,BOS,BOS,True,BOS,True
746614,2024,125,CLE,DET,1.0,0.18914137706681067,4.385008862574479,2024-07-23,5.0,4.0,0.5191124954896565,CLE,CLE,True,CLE,False
746848,2024,125,CHC,MIL,-1.0,0.10930241192160658,4.385008862574479,2024-07-23,0.0,1.0,0.5110476856149628,CHC,MIL,False,CHC,False
744824,2024,126,WSH,SD,-9.0,-0.47236464254974325,4.385008862574479,2024-07-24,3.0,12.0,0.45236364824145114,SD,SD,True,SD,True
744905,2024,126,TOR,TB,3.0,-0.37870926141471567,4.385008862574479,2024-07-24,6.0,3.0,0.461775933571011,TB,TOR,False,TB,False
744989,2024,126,TEX,CWS,8.0,1.517471765543087,4.385008862574479,2024-07-24,10.0,2.0,0.6496997556609687,TEX,TEX,True,TEX,True
745231,2024,126,SEA,LAA,-1.0,1.478738975874707,4.385008862574479,2024-07-24,1.0,2.0,0.6460565488443597,SEA,LAA,False,SEA,False
745472,2024,126,PIT,STL,5.0,0.22829318365774637,4.385008862574479,2024-07-24,5.0,0.0,0.5230647031264254,PIT,PIT,True,PIT,True
745634,2024,126,ATH,HOU,-7.0,-0.9515798817091989,4.385008862574479,2024-07-24,1.0,8.0,0.4047312644424564,HOU,HOU,True,HOU,True
745716,2024,126,NYY,NYM,-9.0,0.395968729437737,4.385008862574479,2024-07-24,3.0,12.0,0.5399603969084665,NYY,NYM,False,NYY,False
745877,2024,126,MIN,PHI,1.0,-0.3335764234814966,4.385008862574479,2024-07-24,5.0,4.0,0.46631973131240234,PHI,MIN,False,PHI,False
746035,2024,126,MIA,BAL,3.0,-1.6871855204569914,4.385008862574479,2024-07-24,6.0,3.0,0.3345026695464679,BAL,MIA,False,BAL,False
746119,2024,126,LAD,SF,-5.0,1.2772448468421524,4.385008862574479,2024-07-24,3.0,8.0,0.6268944123139758,LAD,SF,False,LAD,False
746279,2024,126,KC,AZ,-2.0,-0.09922362842328758,4.385008862574479,2024-07-24,6.0,8.0,0.4899707967596857,AZ,AZ,True,AZ,True
746525,2024,126,COL,BOS,13.0,-1.50483045942313,4.385008862574479,2024-07-24,20.0,7.0,0.3514877918428632,BOS,COL,False,BOS,False
746611,2024,126,CLE,DET,1.0,0.3433151817022672,4.385008862574479,2024-07-24,2.0,1.0,0.5346611208396004,CLE,CLE,True,CLE,False
746851,2024,126,CHC,MIL,-1.0,0.2058822156809963,4.385008862574479,2024-07-24,2.0,3.0,0.5208026642551938,CHC,MIL,False,CHC,False
747091,2024,126,ATL,CIN,-5.0,0.8376596607377764,4.385008862574479,2024-07-24,4.0,9.0,0.5840453183043547,ATL,CIN,False,ATL,False
744827,2024,127,WSH,SD,-3.0,-0.731076161366947,4.385008862574479,2024-07-25,0.0,3.0,0.42651791168295233,SD,SD,True,SD,True
744907,2024,127,TOR,TB,-13.0,0.09594340479890764,4.385008862574479,2024-07-25,0.0,13.0,0.5096977152824063,TOR,TB,False,TOR,False
744984,2024,127,TEX,CWS,1.0,1.5188114737755336,4.385008862574479,2024-07-25,2.0,1.0,0.6498255248276941,TEX,TEX,True,TEX,False
745794,2024,127,NYM,ATL,1.0,-0.5687731932918432,4.385008862574479,2024-07-25,3.0,2.0,0.4427026094573883,ATL,NYM,False,ATL,False
746037,2024,127,MIA,BAL,-1.0,-1.3671988791542449,4.385008862574479,2024-07-25,6.0,7.0,0.36450882777361204,BAL,BAL,True,BAL,False
746117,2024,127,LAD,SF,2.0,0.7697945312467054,4.385008862574479,2024-07-25,6.0,4.0,0.5773258895825113,LAD,LAD,True,LAD,True
746199,2024,127,LAA,ATH,-1.0,-0.08632691016512956,4.385008862574479,2024-07-25,5.0,6.0,0.4912741318764085,ATH,ATH,True,ATH,False
746609,2024,127,CLE,DET,-3.0,0.28423193718917084,4.385008862574479,2024-07-25,0.0,3.0,0.5287074511921982,CLE,DET,False,CLE,False
744906,2024,128,TOR,TEX,1.0,-0.4599721333518713,4.385008862574479,2024-07-26,6.0,5.0,0.4536076653546743,TEX,TOR,False,TEX,False
745068,2024,128,TB,CIN,-1.0,-0.18942498405354258,4.385008862574479,2024-07-26,2.0,3.0,0.4808588683696838,CIN,CIN,True,CIN,False
745146,2024,128,STL,WSH,-2.0,0.5618791132224465,4.385008862574479,2024-07-26,8.0,10.0,0.556607599514079,STL,WSH,False,STL,False
745315,2024,128,SF,COL,7.0,0.744506890886836,4.385008862574479,2024-07-26,11.0,4.0,0.5748162463866027,SF,SF,True,SF,True
745554,2024,128,PHI,CLE,-2.0,0.6594351514727663,4.385008862574479,2024-07-26,1.0,3.0,0.5663516921245588,PHI,CLE,False,PHI,False
745792,2024,128,NYM,ATL,4.0,-0.32231907783829356,4.385008862574479,2024-07-26,8.0,4.0,0.46745378461037074,ATL,NYM,False,ATL,False
745964,2024,128,MIL,MIA,-4.0,1.34612994553988,4.385008862574479,2024-07-26,2.0,6.0,0.6334835675324261,MIL,MIA,False,MIL,False
746200,2024,128,LAA,ATH,-1.0,-0.3236022955983681,4.385008862574479,2024-07-26,4.0,5.0,0.4673245010722619,ATH,ATH,True,ATH,False
746277,2024,128,KC,CHC,6.0,0.05798464521885027,4.385008862574479,2024-07-26,6.0,0.0,0.5058613068751007,KC,KC,True,KC,True
746361,2024,128,HOU,LAD,5.0,-0.3149465948230658,4.385008862574479,2024-07-26,5.0,0.0,0.4681966246430108,LAD,HOU,False,LAD,False
746448,2024,128,DET,MIN,-6.0,-0.6277676828521097,4.385008862574479,2024-07-26,3.0,9.0,0.4368071953670942,MIN,MIN,True,MIN,True
746767,2024,128,CWS,SEA,-10.0,-1.9044836392980948,4.385008862574479,2024-07-26,0.0,10.0,0.3146989870153694,SEA,SEA,True,SEA,True
746933,2024,128,BOS,NYY,2.0,-0.08767285969569533,4.385008862574479,2024-07-26,9.0,7.0,0.4911381063777587,NYY,BOS,False,NYY,False
747010,2024,128,BAL,SD,-2.0,0.46216209501608707,4.385008862574479,2024-07-26,4.0,6.0,0.5466122065482139,BAL,SD,False,BAL,False
747174,2024,128,AZ,PIT,1.0,0.3206971419878174,4.385008862574479,2024-07-26,4.0,3.0,0.5323828012652563,AZ,AZ,True,AZ,False
744908,2024,129,TOR,TEX,4.0,-0.11321242554766511,4.3849876380332145,2024-07-27,7.0,3.0,0.488557162902268,TEX,TOR,False,TEX,False
745059,2024,129,TB,CIN,4.0,0.10740010043068467,4.3849876380332145,2024-07-27,4.0,0.0,0.5108555108622861,TB,TB,True,TB,True
745150,2024,129,STL,WSH,-11.0,0.13498024121662258,4.3849876380332145,2024-07-27,3.0,14.0,0.5136422095196075,STL,WSH,False,STL,False
745307,2024,129,SF,COL,3.0,0.8923073967674339,4.3849876380332145,2024-07-27,4.0,1.0,0.5894387947721668,SF,SF,True,SF,True
745553,2024,129,PHI,CLE,8.0,0.3247261575487014,4.3849876380332145,2024-07-27,8.0,0.0,0.5327888829665466,PHI,PHI,True,PHI,True
745793,2024,129,NYM,ATL,-4.0,-0.38520756331489747,4.3849876380332145,2024-07-27,0.0,4.0,0.46112191895706794,ATL,ATL,True,ATL,True
745966,2024,129,MIL,MIA,-4.0,0.9567063587234633,4.3849876380332145,2024-07-27,3.0,7.0,0.5957724859339721,MIL,MIA,False,MIL,False
746203,2024,129,LAA,ATH,-2.0,-0.10889274819931807,4.3849876380332145,2024-07-27,1.0,3.0,0.48899365715048804,ATH,ATH,True,ATH,True
746278,2024,129,KC,CHC,-5.0,0.06852421948494439,4.3849876380332145,2024-07-27,4.0,9.0,0.5069266215333871,KC,CHC,False,KC,False
746362,2024,129,HOU,LAD,1.0,-0.246100741883892,4.3849876380332145,2024-07-27,7.0,6.0,0.4751383066400809,LAD,HOU,False,LAD,False
746446,2024,129,DET,MIN,5.0,-0.3223204213756369,4.3849876380332145,2024-07-27,7.0,2.0,0.4674534920645742,MIN,DET,False,MIN,False
746768,2024,129,CWS,SEA,-3.0,-1.720981094516518,4.3849876380332145,2024-07-27,3.0,6.0,0.33138969057962187,SEA,SEA,True,SEA,True
746931,2024,129,BOS,NYY,-3.0,0.24360611425892095,4.3849876380332145,2024-07-27,8.0,11.0,0.5246100015862559,BOS,NYY,False,BOS,False
747006,2024,129,BAL,SD,-5.0,-0.08007591821993135,4.3849876380332145,2024-07-27,4.0,9.0,0.4919058488287328,SD,SD,True,SD,True
747171,2024,129,AZ,PIT,4.0,0.3725800934101545,4.3849876380332145,2024-07-27,9.0,5.0,0.5376074666040932,AZ,AZ,True,AZ,True
745310,2024,129,SF,COL,5.0,0.9108566178921831,4.3849876380332145,2024-07-27,5.0,0.0,0.5912655969946495,SF,SF,True,SF,True
744902,2024,130,TOR,TEX,4.0,-0.6829847452146177,4.3849876380332145,2024-07-28,7.0,3.0,0.4313015970951959,TEX,TOR,False,TEX,False
745063,2024,130,TB,CIN,1.0,0.02294307208281455,4.3849876380332145,2024-07-28,2.0,1.0,0.5023192539572764,TB,TB,True,TB,False
745145,2024,130,STL,WSH,1.0,0.2083445219168605,4.3849876380332145,2024-07-28,4.0,3.0,0.5210513316854002,STL,STL,True,STL,False
745305,2024,130,SF,COL,1.0,1.024879488900384,4.3849876380332145,2024-07-28,5.0,4.0,0.6024500901010256,SF,SF,True,SF,False
745550,2024,130,PHI,CLE,-1.0,0.42492148069995095,4.3849876380332145,2024-07-28,3.0,4.0,0.5428715700499744,PHI,CLE,False,PHI,False
745795,2024,130,NYM,ATL,-7.0,-0.29385536628238185,4.3849876380332145,2024-07-28,2.0,9.0,0.47032220376305883,ATL,ATL,True,ATL,True
745961,2024,130,MIL,MIA,4.0,1.1527579858700854,4.3849876380332145,2024-07-28,6.0,2.0,0.6148938109997706,MIL,MIL,True,MIL,True
746195,2024,130,LAA,ATH,2.0,-0.17889223214073294,4.3849876380332145,2024-07-28,8.0,6.0,0.4819223506611704,ATH,LAA,False,ATH,False
746274,2024,130,KC,CHC,-4.0,0.5795522611803975,4.3849876380332145,2024-07-28,3.0,7.0,0.5583758279597256,KC,CHC,False,KC,False
746364,2024,130,HOU,LAD,-4.0,-0.2126082312817089,4.3849876380332145,2024-07-28,2.0,6.0,0.4785182714390891,LAD,LAD,True,LAD,True
746445,2024,130,DET,MIN,-5.0,-0.49045996988608576,4.3849876380332145,2024-07-28,0.0,5.0,0.45054776084498527,MIN,MIN,True,MIN,True
746770,2024,130,CWS,SEA,-3.0,-1.1888154325447877,4.3849876380332145,2024-07-28,3.0,6.0,0.38161814810395034,SEA,SEA,True,SEA,True
746929,2024,130,BOS,NYY,-6.0,0.15813015551954568,4.3849876380332145,2024-07-28,2.0,8.0,0.5159807693824283,BOS,NYY,False,BOS,False
747008,2024,130,BAL,SD,2.0,0.07403856311555862,4.3849876380332145,2024-07-28,8.0,6.0,0.5074839639966281,BAL,BAL,True,BAL,True
747173,2024,130,AZ,PIT,-1.0,0.4453092659101451,4.3849876380332145,2024-07-28,5.0,6.0,0.5449200378211816,AZ,PIT,False,AZ,False
745147,2024,131,STL,TEX,-3.0,-0.6210923371518996,4.3849876380332145,2024-07-29,3.0,6.0,0.4374732945958035,TEX,TEX,True,TEX,True
745547,2024,131,PHI,NYY,-10.0,0.368309718620519,4.3849876380332145,2024-07-29,4.0,14.0,0.537177680995525,PHI,NYY,False,PHI,False
745791,2024,131,NYM,MIN,13.0,-0.7209459187963517,4.3849876380332145,2024-07-29,15.0,2.0,0.42752442233440036,MIN,NYM,False,MIN,False
745959,2024,131,MIL,ATL,5.0,-0.10080950151877374,4.3849876380332145,2024-07-29,8.0,3.0,0.48981048711714964,ATL,MIL,False,ATL,False
746360,2024,131,HOU,PIT,-2.0,0.313455893016617,4.3849876380332145,2024-07-29,3.0,5.0,0.5316533138829878,HOU,PIT,False,HOU,False
746444,2024,131,DET,CLE,-4.0,-0.22119392789792744,4.3849876380332145,2024-07-29,4.0,8.0,0.47765167139232967,CLE,CLE,True,CLE,True
746684,2024,131,CIN,CHC,6.0,-0.010300312731494232,4.3849876380332145,2024-07-29,7.0,1.0,0.49895876417861096,CHC,CIN,False,CHC,False
746765,2024,131,CWS,KC,-3.0,-1.3636400353772806,4.3849876380332145,2024-07-29,5.0,8.0,0.36484705332264356,KC,KC,True,KC,True
746928,2024,131,BOS,SEA,7.0,-0.22332764571869648,4.3849876380332145,2024-07-29,14.0,7.0,0.47743632013212395,SEA,BOS,False,SEA,False
747007,2024,131,BAL,TOR,6.0,1.264111731001997,4.3849876380332145,2024-07-29,11.0,5.0,0.6256344691984264,BAL,BAL,True,BAL,True
747172,2024,131,AZ,WSH,1.0,0.3277993574067335,4.3849876380332145,2024-07-29,9.0,8.0,0.5330984864664992,AZ,AZ,True,AZ,False
747039,2024,131,BAL,TOR,-4.0,0.8811825546132382,4.3849876380332145,2024-07-29,4.0,8.0,0.5883422411121687,BAL,TOR,False,BAL,False
745060,2024,132,TB,MIA,6.0,1.2737170326768827,4.3849876380332145,2024-07-30,9.0,3.0,0.6265565332413235,TB,TB,True,TB,True
745149,2024,132,STL,TEX,7.0,-0.8412762162511804,4.3849876380332145,2024-07-30,8.0,1.0,0.41559686897504977,TEX,STL,False,TEX,False
745309,2024,132,SF,ATH,-3.0,0.35946909813402905,4.3849876380332145,2024-07-30,2.0,5.0,0.5362877923371708,SF,ATH,False,SF,False
745389,2024,132,SD,LAD,1.0,-0.2672848974653781,4.3849876380332145,2024-07-30,6.0,5.0,0.4730013724375187,LAD,SD,False,LAD,False
745546,2024,132,PHI,NYY,-1.0,0.29476307015341874,4.3849876380332145,2024-07-30,6.0,7.0,0.5297692993188747,PHI,NYY,False,PHI,False
745787,2024,132,NYM,MIN,2.0,-0.31821399515318227,4.3849876380332145,2024-07-30,2.0,0.0,0.46786723740654373,MIN,NYM,False,MIN,False
745958,2024,132,MIL,ATL,-4.0,0.20018218986701058,4.3849876380332145,2024-07-30,1.0,5.0,0.5202273232744041,MIL,ATL,False,MIL,False
746197,2024,132,LAA,COL,3.0,0.40005148407399793,4.3849876380332145,2024-07-30,10.0,7.0,0.5403712132035124,LAA,LAA,True,LAA,True
746365,2024,132,HOU,PIT,-4.0,0.5826319331484795,4.3849876380332145,2024-07-30,2.0,6.0,0.5586837890040076,HOU,PIT,False,HOU,False
746441,2024,132,DET,CLE,-5.0,0.17900899080382704,4.3849876380332145,2024-07-30,0.0,5.0,0.5180894400993822,DET,CLE,False,DET,False
746683,2024,132,CIN,CHC,3.0,-0.1390213770132668,4.3849876380332145,2024-07-30,6.0,3.0,0.4859495266333131,CHC,CIN,False,CHC,False
746763,2024,132,CWS,KC,-1.0,-1.4710077105287274,4.3849876380332145,2024-07-30,3.0,4.0,0.3546715992626831,KC,KC,True,KC,False
746926,2024,132,BOS,SEA,-4.0,-0.4772914522064501,4.3849876380332145,2024-07-30,6.0,10.0,0.45186896977247426,SEA,SEA,True,SEA,True
747005,2024,132,BAL,TOR,4.0,0.8951934047799414,4.3849876380332145,2024-07-30,6.0,2.0,0.58972314906406,BAL,BAL,True,BAL,True
747167,2024,132,AZ,WSH,17.0,0.6904788748554426,4.3849876380332145,2024-07-30,17.0,0.0,0.5694445855656038,AZ,AZ,True,AZ,True
745061,2024,133,TB,MIA,-4.0,1.2019232650807796,4.3849876380332145,2024-07-31,2.0,6.0,0.6196474846614742,TB,MIA,False,TB,False
745148,2024,133,STL,TEX,9.0,-0.389278940459055,4.3849876380332145,2024-07-31,10.0,1.0,0.4607123285683846,TEX,STL,False,TEX,False
745306,2024,133,SF,ATH,1.0,0.4097232727175103,4.3849876380332145,2024-07-31,1.0,0.0,0.5413437818587317,SF,SF,True,SF,False
745386,2024,133,SD,LAD,7.0,0.05735815665817435,4.3849876380332145,2024-07-31,8.0,1.0,0.5057980115909949,SD,SD,True,SD,True
745543,2024,133,PHI,NYY,-1.0,0.6143296757204266,4.3849876380332145,2024-07-31,5.0,6.0,0.561851405202552,PHI,NYY,False,PHI,False
745789,2024,133,NYM,MIN,-5.0,-0.2924644407263628,4.3849876380332145,2024-07-31,3.0,8.0,0.4704624221069238,MIN,MIN,True,MIN,True
745960,2024,133,MIL,ATL,-4.0,-0.34356446382606554,4.3849876380332145,2024-07-31,2.0,6.0,0.46531360764664326,ATL,ATL,True,ATL,True
746198,2024,133,LAA,COL,-1.0,0.5147252270214276,4.3849876380332145,2024-07-31,1.0,2.0,0.5518853483923526,LAA,COL,False,LAA,False
746363,2024,133,HOU,PIT,1.0,0.9994302106293714,4.3849876380332145,2024-07-31,5.0,4.0,0.5999607128346616,HOU,HOU,True,HOU,False
746678,2024,133,CIN,CHC,-9.0,0.2935243147877585,4.3849876380332145,2024-07-31,4.0,13.0,0.5296444234738266,CIN,CHC,False,CIN,False
746764,2024,133,CWS,KC,-7.0,-1.8118057316634193,4.3849876380332145,2024-07-31,3.0,10.0,0.3230836629633937,KC,KC,True,KC,True
746925,2024,133,BOS,SEA,1.0,-0.4910382140144598,4.3849876380332145,2024-07-31,3.0,2.0,0.4504897575534388,SEA,BOS,False,SEA,False
747003,2024,133,BAL,TOR,6.0,2.71493818457501,4.3849876380332145,2024-07-31,10.0,4.0,0.7542539692826324,BAL,BAL,True,BAL,True
747170,2024,133,AZ,WSH,1.0,0.8492758076504572,4.3849876380332145,2024-07-31,5.0,4.0,0.5851934552688223,AZ,AZ,True,AZ,False
746196,2024,134,LAA,COL,-1.0,0.15318541896456617,4.3849876380332145,2024-08-01,4.0,5.0,0.5154813050251864,LAA,COL,False,LAA,False
746442,2024,134,DET,KC,-6.0,-0.2801932885150872,4.3849876380332145,2024-08-01,1.0,7.0,0.4716996260870534,KC,KC,True,KC,True
746607,2024,134,CLE,BAL,7.0,-0.46598428658932933,4.3849876380332145,2024-08-01,10.0,3.0,0.45300385370225466,BAL,CLE,False,BAL,False
746849,2024,134,CHC,STL,1.0,0.4592139948743429,4.3849876380332145,2024-08-01,5.0,4.0,0.5463164374842128,CHC,CHC,True,CHC,False
747092,2024,134,ATL,MIA,2.0,1.031431845997804,4.3849876380332145,2024-08-01,4.0,2.0,0.6030903529399854,ATL,ATL,True,ATL,True
744825,2024,135,WSH,MIL,-5.0,-0.7461445877543854,4.3849876380332145,2024-08-02,3.0,8.0,0.42502077063477023,MIL,MIL,True,MIL,True
744986,2024,135,TEX,BOS,-5.0,-0.31116332295131344,4.3849876380332145,2024-08-02,6.0,11.0,0.4685777126741225,BOS,BOS,True,BOS,True
745224,2024,135,SEA,PHI,8.0,-0.17876141016660776,4.3849876380332145,2024-08-02,10.0,2.0,0.48193556161035567,PHI,SEA,False,PHI,False
745387,2024,135,SD,COL,-3.0,1.7715493311337314,4.3849876380332145,2024-08-02,2.0,5.0,0.6732454034478291,SD,COL,False,SD,False
745471,2024,135,PIT,AZ,-1.0,-0.6677825590212529,4.3849876380332145,2024-08-02,8.0,9.0,0.4328160135282923,AZ,AZ,True,AZ,False
745631,2024,135,ATH,LAD,1.0,-0.9690941043859204,4.3849876380332145,2024-08-02,6.0,5.0,0.4030119877286774,LAD,ATH,False,LAD,False
745719,2024,135,NYY,TOR,-3.0,0.5441529025956924,4.3849876380332145,2024-08-02,5.0,8.0,0.5548334745550082,NYY,TOR,False,NYY,False
745875,2024,135,MIN,CWS,8.0,2.316945505372345,4.3849876380332145,2024-08-02,10.0,2.0,0.7214284833947691,MIN,MIN,True,MIN,True
746193,2024,135,LAA,NYM,-4.0,-0.6458187114251038,4.3849876380332145,2024-08-02,1.0,5.0,0.435005753557693,NYM,NYM,True,NYM,True
746354,2024,135,HOU,TB,1.0,0.22065806966208637,4.3849876380332145,2024-08-02,3.0,2.0,0.5222942446336292,HOU,HOU,True,HOU,False
746443,2024,135,DET,KC,-7.0,-0.0062291633823762654,4.3849876380332145,2024-08-02,2.0,9.0,0.49937030720418013,KC,KC,True,KC,True
746605,2024,135,CLE,BAL,4.0,-0.4010126556575675,4.3849876380332145,2024-08-02,8.0,4.0,0.45953212309802527,BAL,CLE,False,BAL,False
746679,2024,135,CIN,SF,-3.0,0.19162287066866934,4.3849876380332145,2024-08-02,0.0,3.0,0.5193631451903673,CIN,SF,False,CIN,False
746845,2024,135,CHC,STL,3.0,0.4933531482824529,4.3849876380332145,2024-08-02,6.0,3.0,0.5497424413910722,CHC,CHC,True,CHC,True
747089,2024,135,ATL,MIA,2.0,1.424909187530452,4.3849876380332145,2024-08-02,5.0,3.0,0.6409717475946446,ATL,ATL,True,ATL,True
744823,2024,136,WSH,MIL,2.0,-0.7369813745686855,4.389670678094107,2024-08-03,6.0,4.0,0.4260089576506545,MIL,WSH,False,MIL,False
744987,2024,136,TEX,BOS,3.0,-0.009791996809350181,4.389670678094107,2024-08-03,7.0,4.0,0.49901120460492804,BOS,TEX,False,BOS,False
745225,2024,136,SEA,PHI,1.0,-0.10533597883558188,4.389670678094107,2024-08-03,6.0,5.0,0.4893644268708357,PHI,SEA,False,PHI,False
745388,2024,136,SD,COL,1.0,1.4487410013014164,4.389670678094107,2024-08-03,3.0,2.0,0.6430802949807003,SD,SD,True,SD,False
745474,2024,136,PIT,AZ,2.0,-0.1368696466672087,4.389670678094107,2024-08-03,4.0,2.0,0.4861816593759945,AZ,PIT,False,AZ,False
745636,2024,136,ATH,LAD,-10.0,-1.1379211111650271,4.389670678094107,2024-08-03,0.0,10.0,0.38666189212662083,LAD,LAD,True,LAD,True
745714,2024,136,NYY,TOR,5.0,0.9544177920415229,4.389670678094107,2024-08-03,8.0,3.0,0.5954478578689102,NYY,NYY,True,NYY,True
745876,2024,136,MIN,CWS,4.0,2.0092872335304173,4.389670678094107,2024-08-03,6.0,2.0,0.6944800811002756,MIN,MIN,True,MIN,True
746194,2024,136,LAA,NYM,1.0,-0.834205374275117,4.389670678094107,2024-08-03,5.0,4.0,0.41638369977495626,NYM,LAA,False,NYM,False
746358,2024,136,HOU,TB,-5.0,0.05142270460305187,4.389670678094107,2024-08-03,1.0,6.0,0.5051925210837309,HOU,TB,False,HOU,False
746440,2024,136,DET,KC,1.0,0.3506460717331052,4.389670678094107,2024-08-03,6.0,5.0,0.535361827438141,DET,DET,True,DET,False
746608,2024,136,CLE,BAL,-3.0,-0.6175035969307379,4.389670678094107,2024-08-03,4.0,7.0,0.4378974180256503,BAL,BAL,True,BAL,True
746681,2024,136,CIN,SF,2.0,0.35503650510660234,4.389670678094107,2024-08-03,6.0,4.0,0.5358034089888142,CIN,CIN,True,CIN,True
746846,2024,136,CHC,STL,-1.0,0.8994781070851541,4.389670678094107,2024-08-03,4.0,5.0,0.5900507090200043,CHC,STL,False,CHC,False
747087,2024,136,ATL,MIA,-1.0,1.2675086573478398,4.389670678094107,2024-08-03,3.0,4.0,0.6258308120052845,ATL,MIA,False,ATL,False
744826,2024,137,WSH,MIL,1.0,-0.8465964078701593,4.389670678094107,2024-08-04,4.0,3.0,0.41516044493330606,MIL,WSH,False,MIL,False
744979,2024,137,TEX,BOS,-5.0,0.13803913595543454,4.389670678094107,2024-08-04,2.0,7.0,0.5139363642639221,TEX,BOS,False,TEX,False
745222,2024,137,SEA,PHI,-6.0,0.09088064844938079,4.389670678094107,2024-08-04,0.0,6.0,0.5091763238568269,SEA,PHI,False,SEA,False
745384,2024,137,SD,COL,8.0,1.948862111254413,4.389670678094107,2024-08-04,10.0,2.0,0.6890978993887651,SD,SD,True,SD,True
745468,2024,137,PIT,AZ,-1.0,-0.32597772921422463,4.389670678094107,2024-08-04,5.0,6.0,0.46712006257170957,AZ,AZ,True,AZ,False
745627,2024,137,ATH,LAD,-1.0,-0.9740889373277553,4.389670678094107,2024-08-04,2.0,3.0,0.40262404367914045,LAD,LAD,True,LAD,False
745718,2024,137,NYY,TOR,1.0,1.2101214487175318,4.389670678094107,2024-08-04,4.0,3.0,0.6203138973263744,NYY,NYY,True,NYY,False
745879,2024,137,MIN,CWS,6.0,2.556010574446941,4.389670678094107,2024-08-04,13.0,7.0,0.7411762745057775,MIN,MIN,True,MIN,True
746191,2024,137,LAA,NYM,1.0,-0.7014671907191834,4.389670678094107,2024-08-04,3.0,2.0,0.42953623272764596,NYM,LAA,False,NYM,False
746356,2024,137,HOU,TB,-1.0,-0.04612427962981187,4.389670678094107,2024-08-04,0.0,1.0,0.495342473366908,TB,TB,True,TB,False
746439,2024,137,DET,KC,-1.0,-0.16895033220481712,4.389670678094107,2024-08-04,2.0,3.0,0.482944584310008,KC,KC,True,KC,False
746606,2024,137,CLE,BAL,-4.0,-0.23616586226527997,4.389670678094107,2024-08-04,5.0,9.0,0.47616615309995086,BAL,BAL,True,BAL,True
746680,2024,137,CIN,SF,-6.0,0.4752083771412537,4.389670678094107,2024-08-04,2.0,8.0,0.5478711057809216,CIN,SF,False,CIN,False
746844,2024,137,CHC,STL,4.0,0.7045882305994171,4.389670678094107,2024-08-04,6.0,2.0,0.5707739793447856,CHC,CHC,True,CHC,True
747088,2024,137,ATL,MIA,-7.0,1.6349954457061158,4.389670678094107,2024-08-04,0.0,7.0,0.6605077175828136,ATL,MIA,False,ATL,False
744821,2024,138,WSH,SF,-3.0,-0.6704342402461636,4.389670678094107,2024-08-05,1.0,4.0,0.432623053202385,SF,SF,True,SF,True
744982,2024,138,TEX,HOU,1.0,-0.09702255250723607,4.389670678094107,2024-08-05,4.0,3.0,0.4902036417268875,HOU,TEX,False,HOU,False
745184,2024,138,STL,NYM,-6.0,-0.6013867102775099,4.389670678094107,2024-08-05,0.0,6.0,0.43950565129973235,NYM,NYM,True,NYM,True
745628,2024,138,ATH,CWS,4.0,1.0380315632701576,4.389670678094107,2024-08-05,5.0,1.0,0.6036268196871338,ATH,ATH,True,ATH,True
746038,2024,138,MIA,CIN,-7.0,-0.8499135880735724,4.389670678094107,2024-08-05,3.0,10.0,0.4148331086766417,CIN,CIN,True,CIN,True
746116,2024,138,LAD,PHI,2.0,-0.0035253306888890223,4.389670678094107,2024-08-05,5.0,3.0,0.49964401194919017,PHI,LAD,False,PHI,False
746276,2024,138,KC,BOS,-4.0,0.3653516353318785,4.389670678094107,2024-08-05,5.0,9.0,0.5368407109616564,KC,BOS,False,KC,False
746600,2024,138,CLE,AZ,-1.0,-0.4073186286027312,4.389670678094107,2024-08-05,6.0,7.0,0.4589416933908069,AZ,AZ,True,AZ,False
746847,2024,138,CHC,MIN,-3.0,-0.4081862441550091,4.389670678094107,2024-08-05,0.0,3.0,0.4588545469164147,MIN,MIN,True,MIN,True
744817,2024,139,WSH,SF,6.0,-0.5173588376659142,4.389670678094107,2024-08-06,11.0,5.0,0.4479060087926246,SF,WSH,False,SF,False
744901,2024,139,TOR,BAL,3.0,-0.471252520759918,4.389670678094107,2024-08-06,5.0,2.0,0.45252550128703495,BAL,TOR,False,BAL,False
744983,2024,139,TEX,HOU,-2.0,-0.43603404571179855,4.389670678094107,2024-08-06,2.0,4.0,0.45605848519024716,HOU,HOU,True,HOU,True
745141,2024,139,STL,TB,1.0,-0.6399994806054048,4.389670678094107,2024-08-06,4.0,3.0,0.4356543724829409,TB,STL,False,TB,False
745221,2024,139,SEA,DET,-2.0,0.6322677773473624,4.389670678094107,2024-08-06,2.0,4.0,0.5635749355935572,SEA,DET,False,SEA,False
745467,2024,139,PIT,SD,-6.0,-0.8194735143506715,4.389670678094107,2024-08-06,0.0,6.0,0.41783909680223075,SD,SD,True,SD,True
745629,2024,139,ATH,CWS,-4.0,1.4118964259989457,4.389670678094107,2024-08-06,1.0,5.0,0.6395957551436924,ATH,CWS,False,ATH,False
746033,2024,139,MIA,CIN,-6.0,-0.5972914089816381,4.389670678094107,2024-08-06,2.0,8.0,0.43991446362601166,CIN,CIN,True,CIN,True
746120,2024,139,LAD,PHI,-4.0,-0.217166477280274,4.389670678094107,2024-08-06,2.0,6.0,0.4780815551671343,PHI,PHI,True,PHI,True
746273,2024,139,KC,BOS,-1.0,0.1681281315946808,4.389670678094107,2024-08-06,5.0,6.0,0.5169724653406942,KC,BOS,False,KC,False
746519,2024,139,COL,NYM,3.0,-1.0973620544936682,4.389670678094107,2024-08-06,6.0,3.0,0.3905968789123768,NYM,COL,False,NYM,False
746840,2024,139,CHC,MIN,4.0,-0.23309187077814025,4.389670678094107,2024-08-06,7.0,3.0,0.4764760179917536,MIN,CHC,False,MIN,False
747086,2024,139,ATL,MIL,-10.0,0.08732696728393514,4.389670678094107,2024-08-06,0.0,10.0,0.5088175641964139,ATL,MIL,False,ATL,False
744822,2024,140,WSH,SF,-3.0,-0.417342736429742,4.389670678094107,2024-08-07,4.0,7.0,0.4579349567534914,SF,SF,True,SF,True
744903,2024,140,TOR,BAL,-4.0,-0.44198645523951147,4.389670678094107,2024-08-07,3.0,7.0,0.4554611102204763,BAL,BAL,True,BAL,True
744981,2024,140,TEX,HOU,-2.0,-0.5055251607017834,4.389670678094107,2024-08-07,4.0,6.0,0.44909100246529376,HOU,HOU,True,HOU,True
745142,2024,140,STL,TB,3.0,-0.7408511576497061,4.389670678094107,2024-08-07,5.0,2.0,0.4256249622430849,TB,STL,False,TB,False
745223,2024,140,SEA,DET,-4.0,0.5383630362282551,4.389670678094107,2024-08-07,2.0,6.0,0.5541961459779012,SEA,DET,False,SEA,False
745469,2024,140,PIT,SD,-1.0,-1.0603255078202736,4.389670678094107,2024-08-07,8.0,9.0,0.3941999415205182,SD,SD,True,SD,False
745630,2024,140,ATH,CWS,1.0,1.4807645736153603,4.389670678094107,2024-08-07,3.0,2.0,0.6460992390886218,ATH,ATH,True,ATH,False
745709,2024,140,NYY,LAA,3.0,0.8497823822960422,4.389670678094107,2024-08-07,5.0,2.0,0.5851539451808301,NYY,NYY,True,NYY,True
746031,2024,140,MIA,CIN,2.0,-0.5597659349709634,4.389670678094107,2024-08-07,6.0,4.0,0.4436633627382863,CIN,MIA,False,CIN,False
746115,2024,140,LAD,PHI,-5.0,0.07512711554563203,4.389670678094107,2024-08-07,4.0,9.0,0.5075858833027556,LAD,PHI,False,LAD,False
746272,2024,140,KC,BOS,4.0,0.0024394486067907117,4.389670678094107,2024-08-07,8.0,4.0,0.5002463356465768,KC,KC,True,KC,True
746521,2024,140,COL,NYM,-2.0,-1.1228887549770574,4.389670678094107,2024-08-07,3.0,5.0,0.388118976895208,NYM,NYM,True,NYM,True
746604,2024,140,CLE,AZ,-4.0,-0.27093667171151753,4.389670678094107,2024-08-07,3.0,7.0,0.47266222963952187,AZ,AZ,True,AZ,True
746842,2024,140,CHC,MIN,6.0,-0.6031020618757834,4.389670678094107,2024-08-07,8.0,2.0,0.4393344359403156,MIN,CHC,False,MIN,False
747085,2024,140,ATL,MIL,-3.0,0.5881230951834808,4.389670678094107,2024-08-07,5.0,8.0,0.5591700803215612,ATL,MIL,False,ATL,False
745713,2024,140,NYY,LAA,-6.0,1.5433052175230586,4.389670678094107,2024-08-07,2.0,8.0,0.6519685434405742,NYY,LAA,False,NYY,False
746602,2024,140,CLE,AZ,-2.0,-0.00966879774452395,4.389670678094107,2024-08-07,3.0,5.0,0.4990236452159276,AZ,AZ,True,AZ,True
744819,2024,141,WSH,SF,-4.0,-0.15556981094633404,4.389670678094107,2024-08-08,5.0,9.0,0.4842946103597149,SF,SF,True,SF,True
744899,2024,141,TOR,BAL,1.0,-0.5661894675586945,4.389670678094107,2024-08-08,7.0,6.0,0.44302126666046865,BAL,TOR,False,BAL,False
745143,2024,141,STL,TB,-2.0,-0.5433481089729002,4.389670678094107,2024-08-08,4.0,6.0,0.44530515635616313,TB,TB,True,TB,True
745226,2024,141,SEA,DET,1.0,0.7493052061693846,4.389670678094107,2024-08-08,4.0,3.0,0.5752136802470498,SEA,SEA,True,SEA,False
745466,2024,141,PIT,SD,-1.0,-0.8254626719805289,4.389670678094107,2024-08-08,6.0,7.0,0.41724727610116913,SD,SD,True,SD,False
745710,2024,141,NYY,LAA,-5.0,1.0771212340123242,4.389670678094107,2024-08-08,4.0,9.0,0.6074351559833675,NYY,LAA,False,NYY,False
746030,2024,141,MIA,CIN,-6.0,-0.9573755328292402,4.389670678094107,2024-08-08,4.0,10.0,0.40426208514870726,CIN,CIN,True,CIN,True
746522,2024,141,COL,NYM,-8.0,-1.10943636043144,4.389670678094107,2024-08-08,1.0,9.0,0.3894242535041852,NYM,NYM,True,NYM,True
747081,2024,141,ATL,MIL,-9.0,-0.028106442193955472,4.389670678094107,2024-08-08,7.0,16.0,0.49716183377355677,MIL,MIL,True,MIL,True
747169,2024,141,AZ,PHI,-2.0,-0.2143181700140993,4.389670678094107,2024-08-08,4.0,6.0,0.47836874885520037,PHI,PHI,True,PHI,True
744818,2024,142,WSH,LAA,1.0,0.10905819013019888,4.389670678094107,2024-08-09,3.0,2.0,0.5110113038896283,WSH,WSH,True,WSH,False
744900,2024,142,TOR,ATH,2.0,-0.015497106736217209,4.389670678094107,2024-08-09,3.0,1.0,0.49843510527338075,ATH,TOR,False,ATH,False
745062,2024,142,TB,BAL,-3.0,-0.272453573527328,4.389670678094107,2024-08-09,1.0,4.0,0.4725094146034483,BAL,BAL,True,BAL,True
745220,2024,142,SEA,NYM,6.0,0.21928189612230012,4.389670678094107,2024-08-09,6.0,0.0,0.5221317343156437,SEA,SEA,True,SEA,True
745308,2024,142,SF,DET,1.0,-0.06183499579746246,4.389670678094107,2024-08-09,3.0,2.0,0.4937561534580007,DET,SF,False,DET,False
745927,2024,142,MIN,CLE,2.0,0.5943892119589114,4.389670678094107,2024-08-09,4.0,2.0,0.5597957865359867,MIN,MIN,True,MIN,True
745957,2024,142,MIL,CIN,5.0,0.45632512983935075,4.389670678094107,2024-08-09,8.0,3.0,0.5459774818698362,MIL,MIL,True,MIL,True
746032,2024,142,MIA,SD,-4.0,-1.3845224146346256,4.389670678094107,2024-08-09,2.0,6.0,0.3630006621446958,SD,SD,True,SD,True
746113,2024,142,LAD,PIT,4.0,0.6529050095079363,4.389670678094107,2024-08-09,9.0,5.0,0.565631497896916,LAD,LAD,True,LAD,True
746275,2024,142,KC,STL,-3.0,-0.16196334714656177,4.389670678094107,2024-08-09,5.0,8.0,0.4836495118960904,STL,STL,True,STL,True
746523,2024,142,COL,ATL,1.0,-1.2005520648594776,4.389670678094107,2024-08-09,6.0,5.0,0.3806084763378555,ATL,COL,False,ATL,False
746760,2024,142,CWS,CHC,-1.0,-1.7534608909463825,4.389670678094107,2024-08-09,6.0,7.0,0.3285809084466578,CHC,CHC,True,CHC,False
746927,2024,142,BOS,HOU,-4.0,0.09862570334458934,4.389670678094107,2024-08-09,4.0,8.0,0.5099581949168515,BOS,HOU,False,BOS,False
747168,2024,142,AZ,PHI,1.0,0.03611472189683257,4.389670678094107,2024-08-09,3.0,2.0,0.5036468159275986,AZ,AZ,True,AZ,False
745871,2024,142,MIN,CLE,3.0,0.3204193464089351,4.389670678094107,2024-08-09,6.0,3.0,0.5323205267252353,MIN,MIN,True,MIN,True
744820,2024,143,WSH,LAA,1.0,0.1253080998684094,4.385690022131878,2024-08-10,5.0,4.0,0.5126629771204358,WSH,WSH,True,WSH,False
744897,2024,143,TOR,ATH,-1.0,0.20522142096279078,4.385690022131878,2024-08-10,0.0,1.0,0.5207327390845431,TOR,ATH,False,TOR,False
745056,2024,143,TB,BAL,-2.0,0.0681166392397121,4.385690022131878,2024-08-10,5.0,7.0,0.5068843236585873,TB,BAL,False,TB,False
745219,2024,143,SEA,NYM,4.0,-0.000303556358190335,4.385690022131878,2024-08-10,4.0,0.0,0.4999693190391082,NYM,SEA,False,NYM,False
745304,2024,143,SF,DET,2.0,0.4208003121137922,4.385690022131878,2024-08-10,3.0,1.0,0.5424505804154446,SF,SF,True,SF,True
745712,2024,143,NYY,TEX,8.0,0.6132637844738477,4.385690022131878,2024-08-10,8.0,0.0,0.5617351424826792,NYY,NYY,True,NYY,True
745873,2024,143,MIN,CLE,-1.0,0.517380421799154,4.385690022131878,2024-08-10,1.0,2.0,0.5521431669876861,MIN,CLE,False,MIN,False
745955,2024,143,MIL,CIN,1.0,0.5520049400629684,4.385690022131878,2024-08-10,1.0,0.0,0.5556107529712938,MIL,MIL,True,MIL,False
746026,2024,143,MIA,SD,-1.0,-1.3319905507537662,4.385690022131878,2024-08-10,8.0,9.0,0.36788554908394566,SD,SD,True,SD,False
746112,2024,143,LAD,PIT,3.0,0.5239852704536954,4.385690022131878,2024-08-10,4.0,1.0,0.552804947182146,LAD,LAD,True,LAD,True
746269,2024,143,KC,STL,5.0,0.31603995894088865,4.385690022131878,2024-08-10,8.0,3.0,0.5319086020577526,KC,KC,True,KC,True
746520,2024,143,COL,ATL,-3.0,-1.5045469548737502,4.385690022131878,2024-08-10,8.0,11.0,0.35153640783663953,ATL,ATL,True,ATL,True
746761,2024,143,CWS,CHC,-2.0,-2.5082608976178427,4.385690022131878,2024-08-10,1.0,3.0,0.2625622928349778,CHC,CHC,True,CHC,True
746922,2024,143,BOS,HOU,-1.0,-0.07376534074888581,4.385690022131878,2024-08-10,4.0,5.0,0.49254484465929727,HOU,HOU,True,HOU,False
747164,2024,143,AZ,PHI,10.0,-0.12957665426752157,4.385690022131878,2024-08-10,11.0,1.0,0.4869058176176748,PHI,AZ,False,PHI,False
745708,2024,143,NYY,TEX,-5.0,0.9874879464634965,4.385690022131878,2024-08-10,4.0,9.0,0.5987756510463503,NYY,TEX,False,NYY,False
744816,2024,144,WSH,LAA,-2.0,0.13457743250052134,4.385690022131878,2024-08-11,4.0,6.0,0.513599336683056,WSH,LAA,False,WSH,False
744895,2024,144,TOR,ATH,-4.0,0.3279587894639108,4.385690022131878,2024-08-11,4.0,8.0,0.5331092563716519,TOR,ATH,False,TOR,False
745057,2024,144,TB,BAL,1.0,0.17679494581553185,4.385690022131878,2024-08-11,2.0,1.0,0.5178629948586907,TB,TB,True,TB,False
745216,2024,144,SEA,NYM,11.0,0.3412689512987244,4.385690022131878,2024-08-11,12.0,1.0,0.5344497112275134,SEA,SEA,True,SEA,True
745303,2024,144,SF,DET,-1.0,0.10364282662655308,4.385690022131878,2024-08-11,4.0,5.0,0.5104741543390952,SF,DET,False,SF,False
745711,2024,144,NYY,TEX,1.0,0.44345589237196825,4.385690022131878,2024-08-11,8.0,7.0,0.5447267339762173,NYY,NYY,True,NYY,False
745872,2024,144,MIN,CLE,-2.0,0.4933377057436872,4.385690022131878,2024-08-11,3.0,5.0,0.5497329677022316,MIN,CLE,False,MIN,False
745956,2024,144,MIL,CIN,-1.0,0.6534069498421061,4.385690022131878,2024-08-11,3.0,4.0,0.565740569127611,MIL,CIN,False,MIL,False
746025,2024,144,MIA,SD,1.0,-1.3946897296691394,4.385690022131878,2024-08-11,7.0,6.0,0.3619154523841381,SD,MIA,False,SD,False
746114,2024,144,LAD,PIT,1.0,0.8538525884671475,4.385690022131878,2024-08-11,6.0,5.0,0.5856319623687034,LAD,LAD,True,LAD,False
746517,2024,144,COL,ATL,1.0,-1.0878771355705414,4.385690022131878,2024-08-11,9.0,8.0,0.3914227329014719,ATL,COL,False,ATL,False
746923,2024,144,BOS,HOU,-8.0,-0.14406022612919311,4.385690022131878,2024-08-11,2.0,10.0,0.4854428181989989,HOU,HOU,True,HOU,True
747166,2024,144,AZ,PHI,7.0,-0.20051926423330257,4.385690022131878,2024-08-11,12.0,5.0,0.4797418886041876,PHI,AZ,False,PHI,False
745058,2024,145,TB,HOU,-5.0,-0.34898628231080875,4.385690022131878,2024-08-12,1.0,6.0,0.4647732610524817,HOU,HOU,True,HOU,True
745300,2024,145,SF,ATL,-1.0,-0.5027570771549873,4.385690022131878,2024-08-12,0.0,1.0,0.4493225492611112,ATL,ATL,True,ATL,False
745383,2024,145,SD,PIT,1.0,1.0179802452757718,4.385690022131878,2024-08-12,2.0,1.0,0.6017596913692316,SD,SD,True,SD,False
745874,2024,145,MIN,KC,5.0,0.5917726009545874,4.385690022131878,2024-08-12,8.0,3.0,0.5595881544304725,MIN,MIN,True,MIN,True
745953,2024,145,MIL,LAD,-3.0,-0.06213247575302107,4.385690022131878,2024-08-12,2.0,5.0,0.49372042361479057,LAD,LAD,True,LAD,True
746192,2024,145,LAA,TOR,-2.0,-0.1412127291786867,4.385690022131878,2024-08-12,2.0,4.0,0.4857304317310841,TOR,TOR,True,TOR,True
746603,2024,145,CLE,CHC,1.0,-0.5472851127464374,4.385690022131878,2024-08-12,9.0,8.0,0.44486168519099023,CHC,CLE,False,CHC,False
746682,2024,145,CIN,STL,5.0,0.23956584897843541,4.385690022131878,2024-08-12,6.0,1.0,0.5241984728571382,CIN,CIN,True,CIN,True
746762,2024,145,CWS,NYY,10.0,-1.9573926783569073,4.385690022131878,2024-08-12,12.0,2.0,0.3099811098311234,NYY,CWS,False,NYY,False
746921,2024,145,BOS,TEX,1.0,0.5306879400890326,4.385690022131878,2024-08-12,5.0,4.0,0.553476378378784,BOS,BOS,True,BOS,False
747165,2024,145,AZ,COL,1.0,1.8555587284257504,4.385690022131878,2024-08-12,5.0,4.0,0.6808597637782229,AZ,AZ,True,AZ,False
745055,2024,146,TB,HOU,-1.0,-0.4096603135285823,4.385690022131878,2024-08-13,2.0,3.0,0.4586691449550776,HOU,HOU,True,HOU,False
745302,2024,146,SF,ATL,-1.0,0.11833432692483878,4.385690022131878,2024-08-13,3.0,4.0,0.5119584616597994,SF,ATL,False,SF,False
745382,2024,146,SD,PIT,3.0,1.0166333370306442,4.385690022131878,2024-08-13,3.0,0.0,0.6016280042650151,SD,SD,True,SD,True
745548,2024,146,PHI,MIA,-5.0,0.7698898400593648,4.385690022131878,2024-08-13,0.0,5.0,0.5773234828230269,PHI,MIA,False,PHI,False
745788,2024,146,NYM,ATH,-5.0,0.7141342796702456,4.385690022131878,2024-08-13,4.0,9.0,0.5717869173575743,NYM,ATH,False,NYM,False
745867,2024,146,MIN,KC,10.0,0.4790987899658479,4.385690022131878,2024-08-13,13.0,3.0,0.5483046944306506,MIN,MIN,True,MIN,True
745954,2024,146,MIL,LAD,-5.0,0.1450241014257841,4.385690022131878,2024-08-13,2.0,7.0,0.5146545370290084,MIL,LAD,False,MIL,False
746187,2024,146,LAA,TOR,-5.0,-0.6029681702018249,4.385690022131878,2024-08-13,1.0,6.0,0.43929317568192433,TOR,TOR,True,TOR,True
746435,2024,146,DET,SEA,14.0,-0.593328074008514,4.385690022131878,2024-08-13,15.0,1.0,0.44025639284477813,SEA,DET,False,SEA,False
746601,2024,146,CLE,CHC,1.0,-0.13719046846304706,4.385690022131878,2024-08-13,2.0,1.0,0.48613671575839384,CHC,CLE,False,CHC,False
746673,2024,146,CIN,STL,3.0,0.8974549788508436,4.385690022131878,2024-08-13,4.0,1.0,0.5899317871868376,CIN,CIN,True,CIN,True
746757,2024,146,CWS,NYY,-3.0,-2.1989631540760164,4.385690022131878,2024-08-13,1.0,4.0,0.28872764688600444,NYY,NYY,True,NYY,True
746924,2024,146,BOS,TEX,5.0,0.8295934814082708,4.385690022131878,2024-08-13,9.0,4.0,0.5832351783424572,BOS,BOS,True,BOS,True
747004,2024,146,BAL,WSH,-6.0,0.8201676971462142,4.385690022131878,2024-08-13,3.0,9.0,0.5823030764954992,BAL,WSH,False,BAL,False
747160,2024,146,AZ,COL,1.0,1.6505670601689995,4.385690022131878,2024-08-13,4.0,3.0,0.6620885361838043,AZ,AZ,True,AZ,False
745053,2024,147,TB,HOU,-1.0,-0.38491198855251596,4.385690022131878,2024-08-14,1.0,2.0,0.46115785810826876,HOU,HOU,True,HOU,False
745301,2024,147,SF,ATL,-11.0,-0.31024554137507476,4.385690022131878,2024-08-14,2.0,13.0,0.468675209459043,ATL,ATL,True,ATL,True
745381,2024,147,SD,PIT,6.0,0.6267376700825047,4.385690022131878,2024-08-14,8.0,2.0,0.5630802734803529,SD,SD,True,SD,True
745544,2024,147,PHI,MIA,4.0,1.23205794453524,4.385690022131878,2024-08-14,9.0,5.0,0.6225332812957876,PHI,PHI,True,PHI,True
745790,2024,147,NYM,ATH,8.0,0.38491832463920156,4.385690022131878,2024-08-14,9.0,1.0,0.538842779253072,NYM,NYM,True,NYM,True
745869,2024,147,MIN,KC,-3.0,0.6321109626219454,4.385690022131878,2024-08-14,1.0,4.0,0.5636164999882931,MIN,KC,False,MIN,False
745951,2024,147,MIL,LAD,1.0,0.06781391684356176,4.385690022131878,2024-08-14,5.0,4.0,0.5068537315231455,MIL,MIL,True,MIL,False
746188,2024,147,LAA,TOR,-7.0,-0.07486791930361232,4.385690022131878,2024-08-14,2.0,9.0,0.4924334249077835,TOR,TOR,True,TOR,True
746436,2024,147,DET,SEA,1.0,-0.6223688073369188,4.385690022131878,2024-08-14,3.0,2.0,0.4373558016713766,SEA,DET,False,SEA,False
746598,2024,147,CLE,CHC,5.0,-0.39757760936777387,4.385690022131878,2024-08-14,6.0,1.0,0.4598839959656488,CHC,CLE,False,CHC,False
746677,2024,147,CIN,STL,7.0,0.780839999630117,4.385690022131878,2024-08-14,9.0,2.0,0.5784090849274045,CIN,CIN,True,CIN,True
746759,2024,147,CWS,NYY,-8.0,-2.10368708227589,4.385690022131878,2024-08-14,2.0,10.0,0.2970280512698684,NYY,NYY,True,NYY,True
746919,2024,147,BOS,TEX,-2.0,0.7327547908387831,4.385690022131878,2024-08-14,7.0,9.0,0.5736375754586687,BOS,TEX,False,BOS,False
747000,2024,147,BAL,WSH,3.0,0.7558373991826643,4.385690022131878,2024-08-14,4.0,1.0,0.5759294598533519,BAL,BAL,True,BAL,True
747163,2024,147,AZ,COL,7.0,1.5324914517246198,4.385690022131878,2024-08-14,11.0,4.0,0.6510865180738838,AZ,AZ,True,AZ,True
744980,2024,148,TEX,MIN,-1.0,-0.8342011678208222,4.385690022131878,2024-08-15,2.0,3.0,0.41630934425672167,MIN,MIN,True,MIN,False
745298,2024,148,SF,ATL,6.0,0.16826666219030767,4.385690022131878,2024-08-15,6.0,0.0,0.517001849846376,SF,SF,True,SF,True
745545,2024,148,PHI,WSH,10.0,1.0494147862656928,4.385690022131878,2024-08-15,13.0,3.0,0.6048297222215203,PHI,PHI,True,PHI,True
745783,2024,148,NYM,ATH,-1.0,0.443235526238839,4.385690022131878,2024-08-15,6.0,7.0,0.5447046012491015,NYM,ATH,False,NYM,False
745950,2024,148,MIL,LAD,2.0,0.1537695239857259,4.385690022131878,2024-08-15,6.0,4.0,0.5155378187652253,MIL,MIL,True,MIL,True
746437,2024,148,DET,SEA,1.0,-0.49406373124742203,4.385690022131878,2024-08-15,2.0,1.0,0.45019422342603993,SEA,DET,False,SEA,False
747002,2024,148,BAL,BOS,4.0,0.768205406196631,4.385690022131878,2024-08-15,5.0,1.0,0.577156435197448,BAL,BAL,True,BAL,True
744974,2024,149,TEX,MIN,-1.0,-0.7546456852420234,4.385690022131878,2024-08-16,3.0,4.0,0.4241888039052963,MIN,MIN,True,MIN,False
745054,2024,149,TB,AZ,1.0,-0.7481467415201258,4.385690022131878,2024-08-16,5.0,4.0,0.4248338683981161,AZ,TB,False,AZ,False
745144,2024,149,STL,LAD,-1.0,-0.8654153367860093,4.385690022131878,2024-08-16,6.0,7.0,0.41322676095070776,LAD,LAD,True,LAD,False
745462,2024,149,PIT,SEA,2.0,-0.4803459117156413,4.385690022131878,2024-08-16,5.0,3.0,0.451570184362141,SEA,PIT,False,SEA,False
745542,2024,149,PHI,WSH,1.0,1.203898274544868,4.385690022131878,2024-08-16,3.0,2.0,0.6198194673394851,PHI,PHI,True,PHI,False
745784,2024,149,NYM,MIA,4.0,0.9879196783503086,4.385690022131878,2024-08-16,7.0,3.0,0.5988179419174307,NYM,NYM,True,NYM,True
745949,2024,149,MIL,CLE,2.0,0.3890141819227753,4.385690022131878,2024-08-16,5.0,3.0,0.5392547698817214,MIL,MIL,True,MIL,True
746189,2024,149,LAA,ATL,1.0,-0.8062011476515042,4.385690022131878,2024-08-16,3.0,2.0,0.41907890400292125,ATL,LAA,False,ATL,False
746357,2024,149,HOU,CWS,-1.0,2.0520720502673044,4.385690022131878,2024-08-16,4.0,5.0,0.6984301688393997,HOU,CWS,False,HOU,False
746438,2024,149,DET,NYY,-3.0,-0.3926191504782226,4.385690022131878,2024-08-16,0.0,3.0,0.46038265143585866,NYY,NYY,True,NYY,True
746518,2024,149,COL,SD,4.0,-1.7934732330896925,4.385690022131878,2024-08-16,7.0,3.0,0.32477946058468443,SD,COL,False,SD,False
746674,2024,149,CIN,KC,-6.0,0.8651540889899034,4.385690022131878,2024-08-16,1.0,7.0,0.5867474611928079,CIN,KC,False,CIN,False
746843,2024,149,CHC,TOR,1.0,0.5944802831413185,4.385690022131878,2024-08-16,6.0,5.0,0.5598587520728144,CHC,CHC,True,CHC,False
747001,2024,149,BAL,BOS,-2.0,0.5367456148311306,4.385690022131878,2024-08-16,10.0,12.0,0.5540830662425983,BAL,BOS,False,BAL,False
744977,2024,150,TEX,MIN,-3.0,-0.6917107707482228,4.387360432239221,2024-08-17,2.0,5.0,0.43047001980406796,MIN,MIN,True,MIN,True
745049,2024,150,TB,AZ,5.0,-0.34086597625979675,4.387360432239221,2024-08-17,6.0,1.0,0.465603934533927,AZ,TB,False,AZ,False
745140,2024,150,STL,LAD,3.0,-0.8265943963964885,4.387360432239221,2024-08-17,5.0,2.0,0.4170924650108369,LAD,STL,False,LAD,False
745463,2024,150,PIT,SEA,5.0,-0.5008826161452727,4.387360432239221,2024-08-17,7.0,2.0,0.449529599379124,SEA,PIT,False,SEA,False
745537,2024,150,PHI,WSH,4.0,1.4765503971533882,4.387360432239221,2024-08-17,5.0,1.0,0.6457756909276796,PHI,PHI,True,PHI,True
745626,2024,150,ATH,SF,2.0,-0.20383943828878398,4.387360432239221,2024-08-17,2.0,0.0,0.47941458642375234,SF,ATH,False,SF,False
745785,2024,150,NYM,MIA,4.0,0.858458575486414,4.387360432239221,2024-08-17,4.0,0.0,0.5860544110789491,NYM,NYM,True,NYM,True
745952,2024,150,MIL,CLE,1.0,0.13739311385228045,4.387360432239221,2024-08-17,2.0,1.0,0.513878469711043,MIL,MIL,True,MIL,False
746190,2024,150,LAA,ATL,-8.0,-1.2271254582475142,4.387360432239221,2024-08-17,3.0,11.0,0.37798663589676257,ATL,ATL,True,ATL,True
746355,2024,150,HOU,CWS,5.0,2.431887341786217,4.387360432239221,2024-08-17,6.0,1.0,0.7310138536535375,HOU,HOU,True,HOU,True
746434,2024,150,DET,NYY,4.0,-0.13121733921581075,4.387360432239221,2024-08-17,4.0,0.0,0.4867451278684633,NYY,DET,False,NYY,False
746515,2024,150,COL,SD,-5.0,-1.5883569087357072,4.387360432239221,2024-08-17,3.0,8.0,0.34374790432511027,SD,SD,True,SD,True
746675,2024,150,CIN,KC,-12.0,0.24514650942632998,4.387360432239221,2024-08-17,1.0,13.0,0.5247520420968799,CIN,KC,False,CIN,False
746841,2024,150,CHC,TOR,1.0,0.9035834194781488,4.387360432239221,2024-08-17,3.0,2.0,0.5905014146041913,CHC,CHC,True,CHC,False
746997,2024,150,BAL,BOS,-4.0,0.3478399915691066,4.387360432239221,2024-08-17,1.0,5.0,0.5350979983907157,BAL,BOS,False,BAL,False
744975,2024,151,TEX,MIN,1.0,-0.855212872355943,4.387360432239221,2024-08-18,6.0,5.0,0.414265882442877,MIN,TEX,False,MIN,False
745051,2024,151,TB,AZ,1.0,-0.16154227108488572,4.387360432239221,2024-08-18,8.0,7.0,0.48368341406502174,AZ,TB,False,AZ,False
745139,2024,151,STL,LAD,-1.0,-0.7519929929405053,4.387360432239221,2024-08-18,1.0,2.0,0.4244804946926315,LAD,LAD,True,LAD,False
745464,2024,151,PIT,SEA,-7.0,-0.9016215521841261,4.387360432239221,2024-08-18,3.0,10.0,0.4096916877315914,SEA,SEA,True,SEA,True
745539,2024,151,PHI,WSH,-2.0,0.9971194046130799,4.387360432239221,2024-08-18,4.0,6.0,0.5996816715225112,PHI,WSH,False,PHI,False
745621,2024,151,ATH,SF,-2.0,-0.36992086206942887,4.387360432239221,2024-08-18,2.0,4.0,0.4626802980005865,SF,SF,True,SF,True
745786,2024,151,NYM,MIA,-1.0,0.6670082858525159,4.387360432239221,2024-08-18,2.0,3.0,0.5670708789918782,NYM,MIA,False,NYM,False
745948,2024,151,MIL,CLE,2.0,0.7270300782149497,4.387360432239221,2024-08-18,2.0,0.0,0.5730412708686113,MIL,MIL,True,MIL,True
746186,2024,151,LAA,ATL,-2.0,-0.32103039077881096,4.387360432239221,2024-08-18,1.0,3.0,0.46760095914200017,ATL,ATL,True,ATL,True
746359,2024,151,HOU,CWS,2.0,2.216614746260535,4.387360432239221,2024-08-18,2.0,0.0,0.7127252177572636,HOU,HOU,True,HOU,True
746431,2024,151,DET,NYY,1.0,0.3468983162950609,4.387360432239221,2024-08-18,3.0,2.0,0.5350032253352275,DET,DET,True,DET,False
746516,2024,151,COL,SD,1.0,-1.3992158664648624,4.387360432239221,2024-08-18,3.0,2.0,0.36153632545294306,SD,COL,False,SD,False
746676,2024,151,CIN,KC,-7.0,0.02857008935392988,4.387360432239221,2024-08-18,1.0,8.0,0.5028865032544662,CIN,KC,False,CIN,False
746838,2024,151,CHC,TOR,-1.0,0.677454632803632,4.387360432239221,2024-08-18,0.0,1.0,0.5681111223407361,CHC,TOR,False,CHC,False
746999,2024,151,BAL,BOS,2.0,0.5559384874296839,4.387360432239221,2024-08-18,4.0,2.0,0.5559832447901017,BAL,BAL,True,BAL,True
744898,2024,152,TOR,CIN,-3.0,-0.3614095121408985,4.387360432239221,2024-08-19,3.0,6.0,0.463536547616284,CIN,CIN,True,CIN,True
744976,2024,152,TEX,PIT,1.0,0.13552883213450384,4.387360432239221,2024-08-19,4.0,3.0,0.5136902277524956,TEX,TEX,True,TEX,False
745294,2024,152,SF,CWS,2.0,1.4233844690011574,4.387360432239221,2024-08-19,5.0,3.0,0.6407544130204286,SF,SF,True,SF,True
745380,2024,152,SD,MIN,2.0,0.26055972014131507,4.387360432239221,2024-08-19,5.0,3.0,0.5263060980607047,SD,SD,True,SD,True
745620,2024,152,ATH,TB,3.0,-0.8196309535304651,4.387360432239221,2024-08-19,3.0,0.0,0.4177808832215876,TB,ATH,False,TB,False
745780,2024,152,NYM,BAL,1.0,-0.29614318598445516,4.387360432239221,2024-08-19,4.0,3.0,0.4701077229967659,BAL,NYM,False,BAL,False
746027,2024,152,MIA,AZ,-3.0,-1.6356043769315518,4.387360432239221,2024-08-19,6.0,9.0,0.33935601743171695,AZ,AZ,True,AZ,True
746109,2024,152,LAD,SEA,3.0,-0.0595386784054613,4.387360432239221,2024-08-19,3.0,0.0,0.4939848428769617,SEA,LAD,False,SEA,False
746270,2024,152,KC,LAA,2.0,1.1441328873268712,4.387360432239221,2024-08-19,5.0,3.0,0.613998086959865,KC,KC,True,KC,True
746351,2024,152,HOU,BOS,1.0,0.6251989361304534,4.387360432239221,2024-08-19,5.0,4.0,0.5629029358288844,HOU,HOU,True,HOU,False
744814,2024,153,WSH,COL,-2.0,0.7752147608237181,4.387360432239221,2024-08-20,1.0,3.0,0.5778222093185865,WSH,COL,False,WSH,False
744896,2024,153,TOR,CIN,7.0,-0.30186368473821235,4.387360432239221,2024-08-20,10.0,3.0,0.46953141722541675,CIN,TOR,False,CIN,False
744978,2024,153,TEX,PIT,-4.0,0.18235559000931556,4.387360432239221,2024-08-20,0.0,4.0,0.5184174275072017,TEX,PIT,False,TEX,False
745136,2024,153,STL,MIL,-1.0,-0.8963404981450759,4.387360432239221,2024-08-20,2.0,3.0,0.4102115991442326,MIL,MIL,True,MIL,False
745295,2024,153,SF,CWS,3.0,0.8878371223103247,4.387360432239221,2024-08-20,4.0,1.0,0.5889509255926494,SF,SF,True,SF,True
745374,2024,153,SD,MIN,2.0,-0.2768120425413456,4.387360432239221,2024-08-20,7.0,5.0,0.472055675484841,MIN,SD,False,MIN,False
745624,2024,153,ATH,TB,-1.0,-0.33105502305021267,4.387360432239221,2024-08-20,0.0,1.0,0.4665915852532664,TB,TB,True,TB,False
745707,2024,153,NYY,CLE,-4.0,0.08299809658313789,4.387360432239221,2024-08-20,5.0,9.0,0.5083849484293742,NYY,CLE,False,NYY,False
745782,2024,153,NYM,BAL,-4.0,-0.6094821929217542,4.387360432239221,2024-08-20,5.0,9.0,0.438665687780993,BAL,BAL,True,BAL,True
746029,2024,153,MIA,AZ,-2.0,-1.4940253808450772,4.387360432239221,2024-08-20,1.0,3.0,0.3525793455225579,AZ,AZ,True,AZ,True
746107,2024,153,LAD,SEA,3.0,-0.07362779525369524,4.387360432239221,2024-08-20,6.0,3.0,0.4925615769936023,SEA,LAD,False,SEA,False
746266,2024,153,KC,LAA,-4.0,0.8698962029758424,4.387360432239221,2024-08-20,5.0,9.0,0.5871826451336364,KC,LAA,False,KC,False
746349,2024,153,HOU,BOS,-1.0,0.5885904574173357,4.387360432239221,2024-08-20,5.0,6.0,0.559247705603537,HOU,BOS,False,HOU,False
746839,2024,153,CHC,DET,2.0,0.20661107473364898,4.387360432239221,2024-08-20,3.0,1.0,0.5208650629947643,CHC,CHC,True,CHC,True
747083,2024,153,ATL,PHI,2.0,0.08106350804536276,4.387360432239221,2024-08-20,3.0,1.0,0.5081895328738842,ATL,ATL,True,ATL,True
744812,2024,154,WSH,COL,5.0,0.6925649010605279,4.387360432239221,2024-08-21,6.0,1.0,0.5696149601519525,WSH,WSH,True,WSH,True
744893,2024,154,TOR,CIN,-4.0,-0.576274640963531,4.387360432239221,2024-08-21,7.0,11.0,0.4419831377890159,CIN,CIN,True,CIN,True
744973,2024,154,TEX,PIT,1.0,0.19871376484523545,4.387360432239221,2024-08-21,1.0,0.0,0.5200682226169928,TEX,TEX,True,TEX,False
745138,2024,154,STL,MIL,4.0,-1.1881881315111618,4.387360432239221,2024-08-21,10.0,6.0,0.3817408316763498,MIL,STL,False,MIL,False
745297,2024,154,SF,CWS,-4.0,1.61373597767789,4.387360432239221,2024-08-21,2.0,6.0,0.6586138738930565,SF,CWS,False,SF,False
745375,2024,154,SD,MIN,-7.0,0.04827459249472074,4.387360432239221,2024-08-21,4.0,11.0,0.5048772165619879,SD,MIN,False,SD,False
745622,2024,154,ATH,TB,-2.0,-0.6254358034979578,4.387360432239221,2024-08-21,2.0,4.0,0.43707343091013534,TB,TB,True,TB,True
745704,2024,154,NYY,CLE,7.0,0.21844775108404385,4.387360432239221,2024-08-21,8.0,1.0,0.522059229210465,NYY,NYY,True,NYY,True
745781,2024,154,NYM,BAL,1.0,-0.19603883576379338,4.387360432239221,2024-08-21,4.0,3.0,0.48020169668372753,BAL,NYM,False,BAL,False
746028,2024,154,MIA,AZ,-2.0,-1.250420294980255,4.387360432239221,2024-08-21,8.0,10.0,0.3757461031174838,AZ,AZ,True,AZ,True
746110,2024,154,LAD,SEA,4.0,0.337920889583402,4.387360432239221,2024-08-21,8.0,4.0,0.5340996109487622,LAD,LAD,True,LAD,True
746267,2024,154,KC,LAA,3.0,0.6069626848697162,4.387360432239221,2024-08-21,3.0,0.0,0.5610827601771049,KC,KC,True,KC,True
746350,2024,154,HOU,BOS,-3.0,0.6587063636983965,4.387360432239221,2024-08-21,1.0,4.0,0.5662438447207162,HOU,BOS,False,HOU,False
746837,2024,154,CHC,DET,-6.0,0.21035535509271097,4.387360432239221,2024-08-21,2.0,8.0,0.5212428327963796,CHC,DET,False,CHC,False
747084,2024,154,ATL,PHI,-1.0,0.10529858047752765,4.387360432239221,2024-08-21,2.0,3.0,0.510637395025868,ATL,PHI,False,ATL,False
744815,2024,155,WSH,COL,5.0,1.0098694961406502,4.387360432239221,2024-08-22,8.0,3.0,0.6009289191863059,WSH,WSH,True,WSH,True
744894,2024,155,TOR,LAA,2.0,0.5895399785484432,4.387360432239221,2024-08-22,5.0,3.0,0.5593425771936834,TOR,TOR,True,TOR,True
745137,2024,155,STL,MIL,3.0,-0.3495972865425381,4.387360432239221,2024-08-22,3.0,0.0,0.46472514744228344,MIL,STL,False,MIL,False
745379,2024,155,SD,NYM,-5.0,0.46794083366420475,4.387360432239221,2024-08-22,3.0,8.0,0.5471671462200758,SD,NYM,False,SD,False
745465,2024,155,PIT,CIN,7.0,-0.026911188698626645,4.387360432239221,2024-08-22,7.0,0.0,0.49728109670147636,CIN,PIT,False,CIN,False
745623,2024,155,ATH,TB,2.0,-0.5399338906345085,4.387360432239221,2024-08-22,3.0,1.0,0.4456182564494278,TB,ATH,False,TB,False
745705,2024,155,NYY,CLE,6.0,0.37906971791496247,4.387360432239221,2024-08-22,6.0,0.0,0.5382398923855113,NYY,NYY,True,NYY,True
746836,2024,155,CHC,DET,8.0,0.3875120096808535,4.387360432239221,2024-08-22,10.0,2.0,0.5390888352291787,CHC,CHC,True,CHC,True
746998,2024,155,BAL,HOU,-6.0,-0.28971911419581414,4.387360432239221,2024-08-22,0.0,6.0,0.4707549840995724,HOU,HOU,True,HOU,True
747082,2024,155,ATL,PHI,1.0,0.1524634377925726,4.387360432239221,2024-08-22,3.0,2.0,0.5154000470709698,ATL,ATL,True,ATL,False
744889,2024,156,TOR,LAA,1.0,0.41651677011889765,4.387360432239221,2024-08-23,5.0,4.0,0.5420041248893066,TOR,TOR,True,TOR,False
745217,2024,156,SEA,SF,1.0,0.40121171344153495,4.387360432239221,2024-08-23,6.0,5.0,0.5404660739758181,SEA,SEA,True,SEA,False
745378,2024,156,SD,NYM,7.0,0.446753940712441,4.387360432239221,2024-08-23,7.0,0.0,0.545040878712335,SD,SD,True,SD,True
745460,2024,156,PIT,CIN,1.0,0.13034879827174542,4.387360432239221,2024-08-23,6.0,5.0,0.5131671687528239,PIT,PIT,True,PIT,False
745625,2024,156,ATH,MIL,-8.0,-0.7185325344685738,4.387360432239221,2024-08-23,3.0,11.0,0.4278030000725632,MIL,MIL,True,MIL,True
745702,2024,156,NYY,COL,3.0,1.5582284605055439,4.387360432239221,2024-08-23,3.0,0.0,0.6534404090785326,NYY,NYY,True,NYY,True
745870,2024,156,MIN,STL,-5.0,1.0155913602314093,4.387360432239221,2024-08-23,1.0,6.0,0.6014883130869476,MIN,STL,False,MIN,False
746024,2024,156,MIA,CHC,-3.0,-0.9244590778286094,4.387360432239221,2024-08-23,3.0,6.0,0.40744520833221815,CHC,CHC,True,CHC,True
746111,2024,156,LAD,TB,4.0,0.29592561778413967,4.387360432239221,2024-08-23,7.0,3.0,0.5298703570746196,LAD,LAD,True,LAD,True
746268,2024,156,KC,PHI,3.0,0.18165531692337972,4.387360432239221,2024-08-23,7.0,4.0,0.5183467517734938,KC,KC,True,KC,True
746597,2024,156,CLE,TEX,-2.0,0.41892805970813524,4.387360432239221,2024-08-23,3.0,5.0,0.5422463858459167,CLE,TEX,False,CLE,False
746758,2024,156,CWS,DET,-3.0,-1.806501206947131,4.387360432239221,2024-08-23,2.0,5.0,0.3236553462206684,DET,DET,True,DET,True
746920,2024,156,BOS,AZ,-10.0,-0.6097441888933652,4.387360432239221,2024-08-23,2.0,12.0,0.4386395310703154,AZ,AZ,True,AZ,True
746995,2024,156,BAL,HOU,2.0,-0.5859472595549694,4.387360432239221,2024-08-23,7.0,5.0,0.44101640792229335,HOU,BAL,False,HOU,False
747080,2024,156,ATL,WSH,1.0,1.6626718597300427,4.387360432239221,2024-08-23,3.0,2.0,0.6631502898098721,ATL,ATL,True,ATL,False
744890,2024,157,TOR,LAA,2.0,1.113920096511796,4.383361356461282,2024-08-24,3.0,1.0,0.6111665281886545,TOR,TOR,True,TOR,True
745218,2024,157,SEA,SF,-1.0,0.26009359892252953,4.383361356461282,2024-08-24,3.0,4.0,0.5262830288822015,SEA,SF,False,SEA,False
745377,2024,157,SD,NYM,-6.0,0.6197695028594731,4.383361356461282,2024-08-24,1.0,7.0,0.5624175845820232,SD,NYM,False,SD,False
745457,2024,157,PIT,CIN,-8.0,-0.46219593972908357,4.383361356461282,2024-08-24,2.0,10.0,0.4533669548763526,CIN,CIN,True,CIN,True
745617,2024,157,ATH,MIL,-4.0,-1.007977124657359,4.383361356461282,2024-08-24,5.0,9.0,0.3991662029229979,MIL,MIL,True,MIL,True
745703,2024,157,NYY,COL,-7.0,1.6346658898238957,4.383361356461282,2024-08-24,2.0,9.0,0.6606952469733278,NYY,COL,False,NYY,False
745868,2024,157,MIN,STL,6.0,0.8141048867521389,4.383361356461282,2024-08-24,6.0,0.0,0.5817460818291823,MIN,MIN,True,MIN,True
746022,2024,157,MIA,CHC,-12.0,-0.9055347854663838,4.383361356461282,2024-08-24,2.0,14.0,0.40922523834771307,CHC,CHC,True,CHC,True
746108,2024,157,LAD,TB,-1.0,0.6145299444038971,4.383361356461282,2024-08-24,8.0,9.0,0.5618941760883287,LAD,TB,False,LAD,False
746271,2024,157,KC,PHI,-9.0,-0.24082718455050753,4.383361356461282,2024-08-24,2.0,11.0,0.4756613706014789,PHI,PHI,True,PHI,True
746599,2024,157,CLE,TEX,8.0,0.08786794403747555,4.383361356461282,2024-08-24,13.0,5.0,0.5088849469581256,CLE,CLE,True,CLE,True
746756,2024,157,CWS,DET,-9.0,-1.8163741569457834,4.383361356461282,2024-08-24,4.0,13.0,0.3226068774702243,DET,DET,True,DET,True
746917,2024,157,BOS,AZ,-3.0,-0.2667507254184531,4.383361356461282,2024-08-24,1.0,4.0,0.47304526569796085,AZ,AZ,True,AZ,True
746996,2024,157,BAL,HOU,1.0,-0.375032467160042,4.383361356461282,2024-08-24,3.0,2.0,0.46213173549660236,HOU,BAL,False,HOU,False
747077,2024,157,ATL,WSH,2.0,0.8485953528513553,4.383361356461282,2024-08-24,4.0,2.0,0.5851573415804647,ATL,ATL,True,ATL,True
744892,2024,158,TOR,LAA,6.0,0.5924715517710443,4.383361356461282,2024-08-25,8.0,2.0,0.5596894640358789,TOR,TOR,True,TOR,True
745212,2024,158,SEA,SF,1.0,0.9609399368926679,4.383361356461282,2024-08-25,4.0,3.0,0.5962229900323387,SEA,SEA,True,SEA,False
745376,2024,158,SD,NYM,1.0,0.7035358322170233,4.383361356461282,2024-08-25,3.0,2.0,0.5707700293963898,SD,SD,True,SD,False
745459,2024,158,PIT,CIN,1.0,-0.27323255632278043,4.383361356461282,2024-08-25,4.0,3.0,0.4723913212609471,CIN,PIT,False,CIN,False
745618,2024,158,ATH,MIL,1.0,-0.6410276381375881,4.383361356461282,2024-08-25,4.0,3.0,0.43545995233498797,MIL,ATH,False,MIL,False
745706,2024,158,NYY,COL,7.0,1.493852498989675,4.383361356461282,2024-08-25,10.0,3.0,0.6475325729021337,NYY,NYY,True,NYY,True
745863,2024,158,MIN,STL,-1.0,1.0194699501063713,4.383361356461282,2024-08-25,2.0,3.0,0.6019582694152935,MIN,STL,False,MIN,False
746023,2024,158,MIA,CHC,5.0,-1.0121048818941312,4.383361356461282,2024-08-25,7.0,2.0,0.39876224119543385,CHC,MIA,False,CHC,False
746106,2024,158,LAD,TB,2.0,0.5711213773237068,4.383361356461282,2024-08-25,3.0,1.0,0.5575537730233691,LAD,LAD,True,LAD,True
746263,2024,158,KC,PHI,-8.0,0.027915071299724058,4.383361356461282,2024-08-25,3.0,11.0,0.502822899384683,KC,PHI,False,KC,False
746595,2024,158,CLE,TEX,2.0,0.24184568346885107,4.383361356461282,2024-08-25,4.0,2.0,0.5244414329713426,CLE,CLE,True,CLE,True
746754,2024,158,CWS,DET,-5.0,-1.697059555505397,4.383361356461282,2024-08-25,4.0,9.0,0.33353340507485085,DET,DET,True,DET,True
746918,2024,158,BOS,AZ,-2.0,-0.31292874081368016,4.383361356461282,2024-08-25,5.0,7.0,0.4683881077856047,AZ,AZ,True,AZ,True
746994,2024,158,BAL,HOU,-3.0,-0.3441160276259272,4.383361356461282,2024-08-25,3.0,6.0,0.4652452053993898,HOU,HOU,True,HOU,True
747078,2024,158,ATL,WSH,-4.0,1.3465126400517915,4.383361356461282,2024-08-25,1.0,5.0,0.633568332080598,ATL,WSH,False,ATL,False
744813,2024,159,WSH,NYY,-3.0,-0.9290232030970319,4.383361356461282,2024-08-26,2.0,5.0,0.40691331347285825,NYY,NYY,True,NYY,True
745133,2024,159,STL,SD,-3.0,-1.013892669550474,4.383361356461282,2024-08-26,4.0,7.0,0.39858731351603627,SD,SD,True,SD,True
745215,2024,159,SEA,TB,4.0,0.057317181235652735,4.383361356461282,2024-08-26,5.0,1.0,0.5057960193552115,SEA,SEA,True,SEA,True
745458,2024,159,PIT,CHC,-10.0,-0.20245851108994076,4.383361356461282,2024-08-26,8.0,18.0,0.4795352842096499,CHC,CHC,True,CHC,True
745538,2024,159,PHI,HOU,1.0,0.10734936919487266,4.383361356461282,2024-08-26,3.0,2.0,0.5108544090801175,PHI,PHI,True,PHI,False
745865,2024,159,MIN,ATL,-4.0,0.20581623065105112,4.383361356461282,2024-08-26,6.0,10.0,0.5208038122506315,MIN,ATL,False,MIN,False
746513,2024,159,COL,MIA,1.0,-0.11961013441634272,4.383361356461282,2024-08-26,3.0,2.0,0.4879062294029539,MIA,COL,False,MIA,False
746628,2024,159,CLE,KC,-1.0,0.061938018103971086,4.383361356461282,2024-08-26,3.0,4.0,0.5062632499637528,CLE,KC,False,CLE,False
746753,2024,159,CWS,DET,-3.0,-1.5693722735410527,4.383361356461282,2024-08-26,3.0,6.0,0.3453849554217274,DET,DET,True,DET,True
746915,2024,159,BOS,TOR,-4.0,0.3566171799704092,4.383361356461282,2024-08-26,3.0,7.0,0.536014002312637,BOS,TOR,False,BOS,False
746942,2024,159,BOS,TOR,-3.0,0.29461792162490946,4.383361356461282,2024-08-26,1.0,4.0,0.5297656862558565,BOS,TOR,False,BOS,False
746596,2024,159,CLE,KC,-5.0,-0.26020522048810846,4.383361356461282,2024-08-26,4.0,9.0,0.4737057078577299,KC,KC,True,KC,True
744811,2024,160,WSH,NYY,2.0,-1.0765208350104114,4.383361356461282,2024-08-27,4.0,2.0,0.39247250125226885,NYY,WSH,False,NYY,False
745132,2024,160,STL,SD,-2.0,-0.7721359792339235,4.383361356461282,2024-08-27,5.0,7.0,0.4224131128145638,SD,SD,True,SD,True
745213,2024,160,SEA,TB,-1.0,0.005265009242510638,4.383361356461282,2024-08-27,2.0,3.0,0.5005324260435473,SEA,TB,False,SEA,False
745461,2024,160,PIT,CHC,-4.0,-0.6387641549646892,4.383361356461282,2024-08-27,5.0,9.0,0.4356858565974916,CHC,CHC,True,CHC,True
745540,2024,160,PHI,HOU,5.0,-0.17203178264380925,4.383361356461282,2024-08-27,5.0,0.0,0.4826087280239797,HOU,PHI,False,HOU,False
745864,2024,160,MIN,ATL,-2.0,-0.2318065881322944,4.383361356461282,2024-08-27,6.0,8.0,0.4765719467050181,ATL,ATL,True,ATL,True
745946,2024,160,MIL,SF,-1.0,0.4260090701216669,4.383361356461282,2024-08-27,4.0,5.0,0.542996759686759,MIL,SF,False,MIL,False
746105,2024,160,LAD,BAL,-1.0,0.45920740489463985,4.383361356461282,2024-08-27,2.0,3.0,0.5463328820854119,LAD,BAL,False,LAD,False
746429,2024,160,DET,LAA,4.0,1.0389934794612588,4.383361356461282,2024-08-27,6.0,2.0,0.6038665312864271,DET,DET,True,DET,True
746510,2024,160,COL,MIA,-1.0,-0.24799423955522928,4.383361356461282,2024-08-27,8.0,9.0,0.47493798896490313,MIA,MIA,True,MIA,False
746594,2024,160,CLE,KC,-5.0,0.26870581600941545,4.383361356461282,2024-08-27,1.0,6.0,0.5271519888673868,CLE,KC,False,CLE,False
746671,2024,160,CIN,ATH,-1.0,0.5311126817192541,4.383361356461282,2024-08-27,4.0,5.0,0.5535471818465515,CIN,ATH,False,CIN,False
746916,2024,160,BOS,TOR,3.0,0.4613634354512729,4.383361356461282,2024-08-27,6.0,3.0,0.5465494325679245,BOS,BOS,True,BOS,True
747162,2024,160,AZ,NYM,-5.0,0.48936097646856147,4.383361356461282,2024-08-27,3.0,8.0,0.5493602097406918,AZ,NYM,False,AZ,False
744809,2024,161,WSH,NYY,3.0,-0.9134098085976027,4.383361356461282,2024-08-28,5.0,2.0,0.4084497570818397,NYY,WSH,False,NYY,False
745134,2024,161,STL,SD,1.0,-0.9076412046061683,4.383361356461282,2024-08-28,4.0,3.0,0.40901777689592367,SD,STL,False,SD,False
745211,2024,161,SEA,TB,4.0,-0.10092591207020507,4.383361356461282,2024-08-28,6.0,2.0,0.4897949392867227,TB,SEA,False,TB,False
745452,2024,161,PIT,CHC,-4.0,-0.1716572697482384,4.383361356461282,2024-08-28,10.0,14.0,0.4826465648789648,CHC,CHC,True,CHC,True
745541,2024,161,PHI,HOU,-10.0,-0.3034844764819681,4.383361356461282,2024-08-28,0.0,10.0,0.46934025244984756,HOU,HOU,True,HOU,True
745866,2024,161,MIN,ATL,-4.0,-0.3678884505317541,4.383361356461282,2024-08-28,1.0,5.0,0.4628509815071225,ATL,ATL,True,ATL,True
745943,2024,161,MIL,SF,2.0,0.4953619116824094,4.383361356461282,2024-08-28,5.0,3.0,0.5499623487939874,MIL,MIL,True,MIL,True
746103,2024,161,LAD,BAL,2.0,0.06417326986531424,4.383361356461282,2024-08-28,6.0,4.0,0.5064892618324266,LAD,LAD,True,LAD,True
746430,2024,161,DET,LAA,1.0,1.0309693163579956,4.383361356461282,2024-08-28,3.0,2.0,0.6030825347630113,DET,DET,True,DET,False
746512,2024,161,COL,MIA,6.0,-0.20728830755192731,4.383361356461282,2024-08-28,8.0,2.0,0.4790475272777171,MIA,COL,False,MIA,False
746589,2024,161,CLE,KC,2.0,0.13680476291427743,4.383361356461282,2024-08-28,7.0,5.0,0.5138316650404527,CLE,CLE,True,CLE,True
746672,2024,161,CIN,ATH,-3.0,0.3869628438292767,4.383361356461282,2024-08-28,6.0,9.0,0.5390691149579647,CIN,ATH,False,CIN,False
746752,2024,161,CWS,TEX,-1.0,-1.1741012732017713,4.383361356461282,2024-08-28,3.0,4.0,0.38299826160629974,TEX,TEX,True,TEX,False
746755,2024,161,CWS,TEX,-2.0,-1.3848427812735042,4.383361356461282,2024-08-28,1.0,3.0,0.36278096437564566,TEX,TEX,True,TEX,True
746913,2024,161,BOS,TOR,3.0,0.13460552342976975,4.383361356461282,2024-08-28,3.0,0.0,0.5136093975986376,BOS,BOS,True,BOS,True
747161,2024,161,AZ,NYM,3.0,0.31460792725364317,4.383361356461282,2024-08-28,8.0,5.0,0.5317811643825191,AZ,AZ,True,AZ,True
745135,2024,162,STL,SD,3.0,-0.7462336156968079,4.383361356461282,2024-08-29,4.0,1.0,0.42498443910352013,SD,STL,False,SD,False
745531,2024,162,PHI,ATL,1.0,0.552441338966122,4.383361356461282,2024-08-29,5.0,4.0,0.5556838047627288,PHI,PHI,True,PHI,False
745945,2024,162,MIL,SF,6.0,0.8665632164543121,4.383361356461282,2024-08-29,6.0,0.0,0.5869319193813226,MIL,MIL,True,MIL,True
746102,2024,162,LAD,BAL,3.0,0.30540461078282904,4.383361356461282,2024-08-29,6.0,3.0,0.53085334456977,LAD,LAD,True,LAD,True
746352,2024,162,HOU,KC,3.0,0.31721435173251855,4.383361356461282,2024-08-29,6.0,3.0,0.5320438963715077,HOU,HOU,True,HOU,True
746432,2024,162,DET,LAA,-3.0,0.9394960155952059,4.383361356461282,2024-08-29,0.0,3.0,0.5941164680594184,DET,LAA,False,DET,False
746514,2024,162,COL,MIA,-4.0,-0.07003999839476521,4.383361356461282,2024-08-29,8.0,12.0,0.49291754874037796,MIA,MIA,True,MIA,True
746670,2024,162,CIN,ATH,1.0,0.3615468600716152,4.383361356461282,2024-08-29,10.0,9.0,0.536510457378221,CIN,CIN,True,CIN,False
746748,2024,162,CWS,TEX,-1.0,-1.5154090281094912,4.383361356461282,2024-08-29,1.0,2.0,0.35044043898761146,TEX,TEX,True,TEX,False
746914,2024,162,BOS,TOR,-2.0,0.05093664022758855,4.383361356461282,2024-08-29,0.0,2.0,0.505150845349035,BOS,TOR,False,BOS,False
747159,2024,162,AZ,NYM,-1.0,0.7537169639382658,4.383361356461282,2024-08-29,2.0,3.0,0.5757587654496428,AZ,NYM,False,AZ,False
744810,2024,163,WSH,CHC,-1.0,-0.9591997531157964,4.383361356461282,2024-08-30,6.0,7.0,0.4039478520351341,CHC,CHC,True,CHC,False
744969,2024,163,TEX,ATH,-7.0,0.4719012939367282,4.383361356461282,2024-08-30,2.0,9.0,0.5476076487533373,TEX,ATH,False,TEX,False
745052,2024,163,TB,SD,-8.0,-0.372967346774822,4.383361356461282,2024-08-30,5.0,13.0,0.46233963527167865,SD,SD,True,SD,True
745299,2024,163,SF,MIA,2.0,0.8551275357564443,4.383361356461282,2024-08-30,3.0,1.0,0.5858026890719388,SF,SF,True,SF,True
745533,2024,163,PHI,ATL,-5.0,0.13947030050332998,4.383361356461282,2024-08-30,2.0,7.0,0.5141010534100576,PHI,ATL,False,PHI,False
745700,2024,163,NYY,STL,3.0,0.5380170230811359,4.383361356461282,2024-08-30,6.0,3.0,0.5542390054854897,NYY,NYY,True,NYY,True
745862,2024,163,MIN,TOR,2.0,0.656082768689558,4.383361356461282,2024-08-30,2.0,0.0,0.5660420678197973,MIN,MIN,True,MIN,True
746184,2024,163,LAA,SEA,-4.0,-0.9575222422164841,4.383361356461282,2024-08-30,5.0,9.0,0.4041125585563787,SEA,SEA,True,SEA,True
746353,2024,163,HOU,KC,1.0,0.4725414527500251,4.383361356461282,2024-08-30,3.0,2.0,0.5476719229534563,HOU,HOU,True,HOU,False
746433,2024,163,DET,BOS,-2.0,0.2643843967253501,4.383361356461282,2024-08-30,5.0,7.0,0.5267159799354473,DET,BOS,False,DET,False
746511,2024,163,COL,BAL,-2.0,-1.3045571034655894,4.383361356461282,2024-08-30,3.0,5.0,0.37044155787603317,BAL,BAL,True,BAL,True
746593,2024,163,CLE,PIT,2.0,0.03470713942928862,4.383361356461282,2024-08-30,10.0,8.0,0.5035097283193684,CLE,CLE,True,CLE,True
746730,2024,163,CIN,MIL,-1.0,-0.4005792323805645,4.383361356461282,2024-08-30,4.0,5.0,0.4595607651334579,MIL,MIL,True,MIL,False
746749,2024,163,CWS,NYM,-4.0,-1.606162207950416,4.383361356461282,2024-08-30,1.0,5.0,0.3419540129435742,NYM,NYM,True,NYM,True
747156,2024,163,AZ,LAD,-1.0,-0.10091984272957363,4.383361356461282,2024-08-30,9.0,10.0,0.4897955528504555,LAD,LAD,True,LAD,False
746665,2024,163,CIN,MIL,-14.0,-0.4018842943471267,4.383361356461282,2024-08-30,0.0,14.0,0.4594294710279069,MIL,MIL,True,MIL,True
744808,2024,164,WSH,CHC,-2.0,-0.39847752088120014,4.382097498017728,2024-08-31,3.0,5.0,0.45976065158281126,CHC,CHC,True,CHC,True
744971,2024,164,TEX,ATH,1.0,0.33515090206316844,4.382097498017728,2024-08-31,3.0,2.0,0.5338612861495966,TEX,TEX,True,TEX,False
745050,2024,164,TB,SD,7.0,-0.4777645775709955,4.382097498017728,2024-08-31,11.0,4.0,0.45178987110721675,SD,TB,False,SD,False
745296,2024,164,SF,MIA,-1.0,0.8317537540691466,4.382097498017728,2024-08-31,3.0,4.0,0.5835161437601921,SF,MIA,False,SF,False
745532,2024,164,PHI,ATL,3.0,0.16462351246614276,4.382097498017728,2024-08-31,3.0,0.0,0.5166475866265804,PHI,PHI,True,PHI,True
745699,2024,164,NYY,STL,-1.0,0.8566974335168145,4.382097498017728,2024-08-31,5.0,6.0,0.585982156781003,NYY,STL,False,NYY,False
745859,2024,164,MIN,TOR,-15.0,0.4813957289669211,4.382097498017728,2024-08-31,0.0,15.0,0.548574730816353,MIN,TOR,False,MIN,False
746182,2024,164,LAA,SEA,1.0,-1.1384572791011178,4.382097498017728,2024-08-31,5.0,4.0,0.386419367140542,SEA,LAA,False,SEA,False
746348,2024,164,HOU,KC,3.0,0.482301186231692,4.382097498017728,2024-08-31,5.0,2.0,0.5486656409141948,HOU,HOU,True,HOU,True
746424,2024,164,DET,BOS,1.0,0.6113086638191862,4.382097498017728,2024-08-31,2.0,1.0,0.5615899473087338,DET,DET,True,DET,False
746507,2024,164,COL,BAL,2.0,-1.354551942004498,4.382097498017728,2024-08-31,7.0,5.0,0.36562771535961924,BAL,COL,False,BAL,False
746590,2024,164,CLE,PIT,-3.0,0.30788618184408406,4.382097498017728,2024-08-31,0.0,3.0,0.531112489976717,CLE,PIT,False,CLE,False
746667,2024,164,CIN,MIL,-1.0,-0.3250478157057456,4.382097498017728,2024-08-31,4.0,5.0,0.46715711349402267,MIL,MIL,True,MIL,False
746751,2024,164,CWS,NYM,-2.0,-1.3052400727139473,4.382097498017728,2024-08-31,3.0,5.0,0.37034012863070276,NYM,NYM,True,NYM,True
747158,2024,164,AZ,LAD,-2.0,-0.12808475404178232,4.382097498017728,2024-08-31,6.0,8.0,0.4870459186606961,LAD,LAD,True,LAD,True
744806,2024,165,WSH,CHC,-13.0,-0.5253068539334461,4.382097498017728,2024-09-01,1.0,14.0,0.4470195097981756,CHC,CHC,True,CHC,True
744970,2024,165,TEX,ATH,2.0,0.4932901095131583,4.382097498017728,2024-09-01,6.0,4.0,0.5497687505173984,TEX,TEX,True,TEX,True
745048,2024,165,TB,SD,-1.0,-0.5558461535706385,4.382097498017728,2024-09-01,3.0,4.0,0.4439592104465028,SD,SD,True,SD,False
745292,2024,165,SF,MIA,-2.0,0.9002451297284818,4.382097498017728,2024-09-01,5.0,7.0,0.5902792524250512,SF,MIA,False,SF,False
745536,2024,165,PHI,ATL,1.0,0.0021294301724133907,4.382097498017728,2024-09-01,3.0,2.0,0.5002154015889642,PHI,PHI,True,PHI,False
745701,2024,165,NYY,STL,-7.0,0.49221821018362905,4.382097498017728,2024-09-01,7.0,14.0,0.5496611659983464,NYY,STL,False,NYY,False
745861,2024,165,MIN,TOR,1.0,0.6105192084826093,4.382097498017728,2024-09-01,4.0,3.0,0.5615110426303868,MIN,MIN,True,MIN,False
746183,2024,165,LAA,SEA,1.0,-0.9170423131207921,4.382097498017728,2024-09-01,3.0,2.0,0.4080661388681278,SEA,LAA,False,SEA,False
746347,2024,165,HOU,KC,5.0,0.6666382579436005,4.382097498017728,2024-09-01,7.0,2.0,0.5671137682109869,HOU,HOU,True,HOU,True
746426,2024,165,DET,BOS,3.0,0.3417104491266186,4.382097498017728,2024-09-01,4.0,1.0,0.5345223757678227,DET,DET,True,DET,True
746505,2024,165,COL,BAL,-5.0,-1.6409704799318343,4.382097498017728,2024-09-01,1.0,6.0,0.33867594873246243,BAL,BAL,True,BAL,True
746592,2024,165,CLE,PIT,5.0,0.12674205758075396,4.382097498017728,2024-09-01,6.0,1.0,0.5128183323130338,CLE,CLE,True,CLE,True
746669,2024,165,CIN,MIL,1.0,-0.7082042566833912,4.382097498017728,2024-09-01,4.0,3.0,0.4287450459448974,MIL,CIN,False,MIL,False
746750,2024,165,CWS,NYM,-2.0,-1.608444351512977,4.382097498017728,2024-09-01,0.0,2.0,0.34169844197459764,NYM,NYM,True,NYM,True
747157,2024,165,AZ,LAD,11.0,0.2368124281935826,4.382097498017728,2024-09-01,14.0,3.0,0.52394027322419,AZ,AZ,True,AZ,True
744972,2024,166,TEX,NYY,-4.0,-0.7737213909529518,4.382097498017728,2024-09-02,4.0,8.0,0.42223369887791923,NYY,NYY,True,NYY,True
745046,2024,166,TB,MIN,-1.0,-0.5117739517372155,4.382097498017728,2024-09-02,4.0,5.0,0.44837664295218604,MIN,MIN,True,MIN,False
745373,2024,166,SD,DET,3.0,0.319557711072737,4.382097498017728,2024-09-02,3.0,0.0,0.5322893887186516,SD,SD,True,SD,True
745619,2024,166,ATH,SEA,1.0,-0.7160425312852423,4.382097498017728,2024-09-02,5.0,4.0,0.4279649891734638,SEA,ATH,False,SEA,False
745779,2024,166,NYM,BOS,3.0,0.2638552155753226,4.382097498017728,2024-09-02,4.0,1.0,0.5266702644742466,NYM,NYM,True,NYM,True
745947,2024,166,MIL,STL,6.0,1.0083549824254932,4.382097498017728,2024-09-02,9.0,3.0,0.6008992447345016,MIL,MIL,True,MIL,True
746265,2024,166,KC,CLE,-2.0,0.34120501747877385,4.382097498017728,2024-09-02,2.0,4.0,0.5344714403076412,KC,CLE,False,KC,False
746668,2024,166,CIN,HOU,2.0,-0.5130634745002405,4.382097498017728,2024-09-02,5.0,3.0,0.44824729819022435,HOU,CIN,False,HOU,False
746833,2024,166,CHC,PIT,-2.0,0.962321378998833,4.382097498017728,2024-09-02,3.0,5.0,0.5963858437446089,CHC,PIT,False,CHC,False
746992,2024,166,BAL,CWS,10.0,2.2158450775516427,4.382097498017728,2024-09-02,13.0,3.0,0.7128884480858361,BAL,BAL,True,BAL,True
747155,2024,166,AZ,LAD,-5.0,0.022990809185786075,4.382097498017728,2024-09-02,6.0,11.0,0.5023256123100429,AZ,LAD,False,AZ,False
744891,2024,167,TOR,PHI,-1.0,-0.3775658220000663,4.382097498017728,2024-09-03,9.0,10.0,0.4618657500174528,PHI,PHI,True,PHI,False
744968,2024,167,TEX,NYY,3.0,-0.6637929728284326,4.382097498017728,2024-09-03,7.0,4.0,0.43316998027730236,NYY,TEX,False,NYY,False
745047,2024,167,TB,MIN,1.0,-0.4003489289123502,4.382097498017728,2024-09-03,2.0,1.0,0.4595723183974077,MIN,TB,False,MIN,False
745293,2024,167,SF,AZ,-1.0,-1.0377997970108623,4.382097498017728,2024-09-03,7.0,8.0,0.39622083156598836,AZ,AZ,True,AZ,False
745615,2024,167,ATH,SEA,1.0,-0.6830680158500667,4.382097498017728,2024-09-03,3.0,2.0,0.4312484413474645,SEA,ATH,False,SEA,False
745778,2024,167,NYM,BOS,5.0,0.22222872265399812,4.382097498017728,2024-09-03,7.0,2.0,0.5224675615870583,NYM,NYM,True,NYM,True
745944,2024,167,MIL,STL,-3.0,1.0792488048471882,4.382097498017728,2024-09-03,4.0,7.0,0.6078235793954283,MIL,STL,False,MIL,False
746020,2024,167,MIA,WSH,-4.0,-0.4559387730351136,4.382097498017728,2024-09-03,2.0,6.0,0.45398223432878937,WSH,WSH,True,WSH,True
746185,2024,167,LAA,LAD,-4.0,-1.453232417830625,4.382097498017728,2024-09-03,2.0,6.0,0.35625874946119135,LAD,LAD,True,LAD,True
746264,2024,167,KC,CLE,-6.0,0.0023416925503124825,4.382097498017728,2024-09-03,1.0,7.0,0.5002368728956732,KC,CLE,False,KC,False
746834,2024,167,CHC,PIT,-5.0,0.6490563048040799,4.382097498017728,2024-09-03,0.0,5.0,0.5653598447341649,CHC,PIT,False,CHC,False
746991,2024,167,BAL,CWS,9.0,2.0175339805562666,4.382097498017728,2024-09-03,9.0,0.0,0.6955203972035182,BAL,BAL,True,BAL,True
747079,2024,167,ATL,COL,3.0,1.9823555391152483,4.382097498017728,2024-09-03,3.0,0.0,0.6923912817797104,ATL,ATL,True,ATL,True
744887,2024,168,TOR,PHI,-2.0,-0.4756173085995547,4.382097498017728,2024-09-04,2.0,4.0,0.45200549636354015,PHI,PHI,True,PHI,True
744964,2024,168,TEX,NYY,4.0,-0.2976555053037806,4.382097498017728,2024-09-04,10.0,6.0,0.46991934436755123,NYY,TEX,False,NYY,False
745045,2024,168,TB,MIN,5.0,-0.4658380437290564,4.382097498017728,2024-09-04,9.0,4.0,0.452987692357525,MIN,TB,False,MIN,False
745290,2024,168,SF,AZ,-2.0,-0.887371227718234,4.382097498017728,2024-09-04,4.0,6.0,0.4109899838646803,AZ,AZ,True,AZ,True
745370,2024,168,SD,DET,1.0,0.2970058194498095,4.382097498017728,2024-09-04,6.0,5.0,0.5300151234346883,SD,SD,True,SD,False
745614,2024,168,ATH,SEA,-13.0,-0.7722866721071316,4.382097498017728,2024-09-04,3.0,16.0,0.42237606621073465,SEA,SEA,True,SEA,True
745776,2024,168,NYM,BOS,5.0,0.26729521829626557,4.382097498017728,2024-09-04,8.0,3.0,0.5270174484293424,NYM,NYM,True,NYM,True
745938,2024,168,MIL,STL,-1.0,0.9380724835878055,4.382097498017728,2024-09-04,2.0,3.0,0.5940031285323327,MIL,STL,False,MIL,False
746019,2024,168,MIA,WSH,1.0,-0.34118105533703924,4.382097498017728,2024-09-04,4.0,3.0,0.4655309745189961,WSH,MIA,False,WSH,False
746178,2024,168,LAA,LAD,9.0,-1.5054959284668705,4.382097498017728,2024-09-04,10.0,1.0,0.3513312310140604,LAD,LAA,False,LAD,False
746262,2024,168,KC,CLE,3.0,0.36488242872579174,4.382097498017728,2024-09-04,4.0,1.0,0.5368569382088062,KC,KC,True,KC,True
746666,2024,168,CIN,HOU,7.0,-0.5050032433595915,4.382097498017728,2024-09-04,12.0,5.0,0.44905586429619004,HOU,CIN,False,HOU,False
746835,2024,168,CHC,PIT,12.0,1.2964919863727022,4.382097498017728,2024-09-04,12.0,0.0,0.6288218143258124,CHC,CHC,True,CHC,True
746990,2024,168,BAL,CWS,-7.0,2.1354451095426765,4.382097498017728,2024-09-04,1.0,8.0,0.7059036405115282,BAL,CWS,False,BAL,False
747075,2024,168,ATL,COL,3.0,1.3420605346875978,4.382097498017728,2024-09-04,5.0,2.0,0.6331804465151151,ATL,ATL,True,ATL,True
744966,2024,169,TEX,LAA,2.0,0.7824309274429733,4.382097498017728,2024-09-05,3.0,1.0,0.5786303308280862,TEX,TEX,True,TEX,True
745042,2024,169,TB,MIN,-1.0,-0.6739497566429751,4.382097498017728,2024-09-05,3.0,4.0,0.43215724537259415,MIN,MIN,True,MIN,False
745289,2024,169,SF,AZ,1.0,-0.3899229539618682,4.382097498017728,2024-09-05,3.0,2.0,0.4606216732240197,AZ,SF,False,AZ,False
745369,2024,169,SD,DET,-1.0,-0.0013861567982891565,4.382097498017728,2024-09-05,3.0,4.0,0.4998597839041012,DET,DET,True,DET,False
745451,2024,169,PIT,WSH,5.0,0.09768136245115065,4.382097498017728,2024-09-05,9.0,4.0,0.5098799063535921,PIT,PIT,True,PIT,True
745612,2024,169,ATH,SEA,-2.0,-0.6702928835522847,4.382097498017728,2024-09-05,4.0,6.0,0.43252182191116223,SEA,SEA,True,SEA,True
746021,2024,169,MIA,PHI,-3.0,-1.456032566434738,4.382097498017728,2024-09-05,2.0,5.0,0.3559941271221579,PHI,PHI,True,PHI,True
746664,2024,169,CIN,HOU,1.0,-0.5441754634800089,4.382097498017728,2024-09-05,1.0,0.0,0.44512832924355905,HOU,CIN,False,HOU,False
747073,2024,169,ATL,COL,-2.0,1.9257797679454889,4.382097498017728,2024-09-05,1.0,3.0,0.6873294679065002,ATL,COL,False,ATL,False
744967,2024,170,TEX,LAA,-4.0,0.6908103918056137,4.382097498017728,2024-09-06,1.0,5.0,0.5695229448917024,TEX,LAA,False,TEX,False
745131,2024,170,STL,SEA,-5.0,-0.8603073424461255,4.382097498017728,2024-09-06,1.0,6.0,0.4136612341410607,SEA,SEA,True,SEA,True
745371,2024,170,SD,SF,4.0,0.781780079593855,4.382097498017728,2024-09-06,5.0,1.0,0.5785657764909973,SD,SD,True,SD,True
745611,2024,170,ATH,DET,1.0,-1.016518987426815,4.382097498017728,2024-09-06,7.0,6.0,0.3983016966149915,DET,ATH,False,DET,False
745777,2024,170,NYM,CIN,2.0,0.25995502827818756,4.382097498017728,2024-09-06,6.0,4.0,0.5262766116730239,NYM,NYM,True,NYM,True
745941,2024,170,MIL,COL,-1.0,1.9023447533148938,4.382097498017728,2024-09-06,2.0,3.0,0.685222278409136,MIL,COL,False,MIL,False
746016,2024,170,MIA,PHI,-14.0,-1.2859242961345816,4.382097498017728,2024-09-06,2.0,16.0,0.3721913736983601,PHI,PHI,True,PHI,True
746104,2024,170,LAD,CLE,-2.0,0.5128005054877194,4.382097498017728,2024-09-06,1.0,3.0,0.5517263253160736,LAD,CLE,False,LAD,False
746257,2024,170,KC,MIN,5.0,0.09380809489892444,4.382097498017728,2024-09-06,5.0,0.0,0.5094882230829179,KC,KC,True,KC,True
746343,2024,170,HOU,AZ,8.0,-0.05829097872593715,4.382097498017728,2024-09-06,8.0,0.0,0.49410381561980093,AZ,HOU,False,AZ,False
746832,2024,170,CHC,NYY,-3.0,0.5789440341977315,4.382097498017728,2024-09-06,0.0,3.0,0.5583531876162856,CHC,NYY,False,CHC,False
746912,2024,170,BOS,CWS,2.0,1.5169469748145443,4.382097498017728,2024-09-06,3.0,1.0,0.6497451038213784,BOS,BOS,True,BOS,True
746993,2024,170,BAL,TB,2.0,0.557613332055538,4.382097498017728,2024-09-06,2.0,0.0,0.556217775531775,BAL,BAL,True,BAL,True
747074,2024,170,ATL,TOR,2.0,0.5411277243970122,4.382097498017728,2024-09-06,3.0,1.0,0.5545662825264283,ATL,ATL,True,ATL,True
744963,2024,171,TEX,LAA,2.0,0.7629551978107239,4.385451587868613,2024-09-07,6.0,4.0,0.5766397909097933,TEX,TEX,True,TEX,True
745125,2024,171,STL,SEA,2.0,-1.1098475612185117,4.385451587868613,2024-09-07,2.0,0.0,0.3892806909960226,SEA,STL,False,SEA,False
745372,2024,171,SD,SF,-3.0,0.5060781050614112,4.385451587868613,2024-09-07,3.0,6.0,0.5510131412134323,SD,SF,False,SD,False
745455,2024,171,PIT,WSH,-2.0,-0.23232875369737488,4.385451587868613,2024-09-07,3.0,5.0,0.47653041246375766,WSH,WSH,True,WSH,True
745613,2024,171,ATH,DET,-1.0,-0.4138639196045339,4.385451587868613,2024-09-07,1.0,2.0,0.4582443230503319,DET,DET,True,DET,False
745775,2024,171,NYM,CIN,4.0,-0.1464185218650742,4.385451587868613,2024-09-07,4.0,0.0,0.48520381847680144,CIN,NYM,False,CIN,False
745942,2024,171,MIL,COL,3.0,2.2171194377722374,4.385451587868613,2024-09-07,5.0,2.0,0.7128520493339455,MIL,MIL,True,MIL,True
746018,2024,171,MIA,PHI,4.0,-1.1724234674762728,4.385451587868613,2024-09-07,9.0,5.0,0.38321466024977924,PHI,MIA,False,PHI,False
746099,2024,171,LAD,CLE,5.0,0.4975405764537507,4.385451587868613,2024-09-07,7.0,2.0,0.5501571383156721,LAD,LAD,True,LAD,True
746259,2024,171,KC,MIN,2.0,-0.15133567289650335,4.385451587868613,2024-09-07,4.0,2.0,0.48470716006052256,MIN,KC,False,MIN,False
746344,2024,171,HOU,AZ,6.0,0.38495270148759114,4.385451587868613,2024-09-07,11.0,5.0,0.5388483426538213,HOU,HOU,True,HOU,True
746829,2024,171,CHC,NYY,-2.0,0.10047995035291576,4.385451587868613,2024-09-07,0.0,2.0,0.5101551358549885,CHC,NYY,False,CHC,False
746911,2024,171,BOS,CWS,2.0,1.4205857072940542,4.385451587868613,2024-09-07,7.0,5.0,0.640547954774487,BOS,BOS,True,BOS,True
746986,2024,171,BAL,TB,-6.0,1.1168029601369018,4.385451587868613,2024-09-07,1.0,7.0,0.6113949213430477,BAL,TB,False,BAL,False
747076,2024,171,ATL,TOR,-4.0,0.7677621952446708,4.385451587868613,2024-09-07,5.0,9.0,0.5771166189944905,ATL,TOR,False,ATL,False
745456,2024,171,PIT,WSH,-2.0,-0.08196032804603788,4.385451587868613,2024-09-07,6.0,8.0,0.4917162742579284,WSH,WSH,True,WSH,True
744965,2024,172,TEX,LAA,3.0,0.7820840175052248,4.385451587868613,2024-09-08,7.0,4.0,0.5785365938728264,TEX,TEX,True,TEX,True
745128,2024,172,STL,SEA,-6.0,-0.473407478453615,4.385451587868613,2024-09-08,4.0,10.0,0.4522637812673345,SEA,SEA,True,SEA,True
745368,2024,172,SD,SF,-1.0,0.9627340803999536,4.385451587868613,2024-09-08,6.0,7.0,0.5963540680397131,SD,SF,False,SD,False
745453,2024,172,PIT,WSH,4.0,0.060706303045884105,4.385451587868613,2024-09-08,7.0,3.0,0.506135781672536,PIT,PIT,True,PIT,True
745616,2024,172,ATH,DET,-8.0,-0.3653531291504191,4.385451587868613,2024-09-08,1.0,9.0,0.46312379659621317,DET,DET,True,DET,True
745774,2024,172,NYM,CIN,-2.0,0.39068372278831337,4.385451587868613,2024-09-08,1.0,3.0,0.5394248285803976,NYM,CIN,False,NYM,False
745940,2024,172,MIL,COL,-3.0,1.730185531335204,4.385451587868613,2024-09-08,1.0,4.0,0.6694391333624747,MIL,COL,False,MIL,False
746017,2024,172,MIA,PHI,9.0,-1.3433903053604326,4.385451587868613,2024-09-08,10.0,1.0,0.3667906934784779,PHI,MIA,False,PHI,False
746098,2024,172,LAD,CLE,4.0,0.43892576169860376,4.385451587868613,2024-09-08,4.0,0.0,0.5442741143805065,LAD,LAD,True,LAD,True
746258,2024,172,KC,MIN,2.0,0.14419391769640635,4.385451587868613,2024-09-08,2.0,0.0,0.514571477078195,KC,KC,True,KC,True
746345,2024,172,HOU,AZ,-6.0,0.0044912299486898205,4.385451587868613,2024-09-08,6.0,12.0,0.5004539608838114,HOU,AZ,False,HOU,False
746827,2024,172,CHC,NYY,1.0,0.23150900335401048,4.385451587868613,2024-09-08,2.0,1.0,0.5233868723793171,CHC,CHC,True,CHC,False
746910,2024,172,BOS,CWS,-5.0,1.9928929651298097,4.385451587868613,2024-09-08,2.0,7.0,0.6931943528888777,BOS,CWS,False,BOS,False
746989,2024,172,BAL,TB,-2.0,0.6895436842384528,4.385451587868613,2024-09-08,0.0,2.0,0.5693442205431642,BAL,TB,False,BAL,False
747072,2024,172,ATL,TOR,1.0,1.2709382230770512,4.385451587868613,2024-09-08,4.0,3.0,0.6262769496102368,ATL,ATL,True,ATL,False
744888,2024,173,TOR,NYM,-1.0,-0.33821015226380113,4.385451587868613,2024-09-09,2.0,3.0,0.46585645201412856,NYM,NYM,True,NYM,False
745454,2024,173,PIT,MIA,1.0,0.4175338432977134,4.385451587868613,2024-09-09,3.0,2.0,0.5421245708441176,PIT,PIT,True,PIT,False
745534,2024,173,PHI,TB,1.0,0.807910332025245,4.385451587868613,2024-09-09,2.0,1.0,0.5810946202031672,PHI,PHI,True,PHI,False
745698,2024,173,NYY,KC,6.0,0.22389785423911868,4.385451587868613,2024-09-09,10.0,4.0,0.5226188379965607,NYY,NYY,True,NYY,True
745860,2024,173,MIN,LAA,-4.0,0.9316158871970169,4.385451587868613,2024-09-09,2.0,6.0,0.5932980138758073,MIN,LAA,False,MIN,False
746101,2024,173,LAD,CHC,-6.0,0.12441766417251647,4.385451587868613,2024-09-09,4.0,10.0,0.5125737076405432,LAD,CHC,False,LAD,False
746746,2024,173,CWS,CLE,-2.0,-1.7916291144742928,4.385451587868613,2024-09-09,3.0,5.0,0.3249387042993991,CLE,CLE,True,CLE,True
746909,2024,173,BOS,BAL,9.0,-0.3228485148024558,4.385451587868613,2024-09-09,12.0,3.0,0.4674037273832565,BAL,BOS,False,BAL,False
747090,2024,173,ATL,CIN,-1.0,0.3019821801644598,4.385451587868613,2024-09-09,0.0,1.0,0.5304937611198016,ATL,CIN,False,ATL,False
744807,2024,174,WSH,ATL,-12.0,-1.0710780615156734,4.385451587868613,2024-09-10,0.0,12.0,0.3930526458153918,ATL,ATL,True,ATL,True
744886,2024,174,TOR,NYM,4.0,-0.3668022906911906,4.385451587868613,2024-09-10,6.0,2.0,0.4629779480890863,NYM,TOR,False,NYM,False
745126,2024,174,STL,CIN,-3.0,-0.3205329047012277,4.385451587868613,2024-09-10,0.0,3.0,0.46763700665899727,CIN,CIN,True,CIN,True
745210,2024,174,SEA,SD,-4.0,-0.057808955501531215,4.385451587868613,2024-09-10,3.0,7.0,0.49415704111545833,SD,SD,True,SD,True
745291,2024,174,SF,MIL,-1.0,-1.037664831622283,4.385451587868613,2024-09-10,2.0,3.0,0.3963115695177665,MIL,MIL,True,MIL,False
745446,2024,174,PIT,MIA,2.0,0.4816408601596731,4.385451587868613,2024-09-10,6.0,4.0,0.5485623571927976,PIT,PIT,True,PIT,True
745535,2024,174,PHI,TB,5.0,0.6007488316525419,4.385451587868613,2024-09-10,9.0,4.0,0.5604883677566685,PHI,PHI,True,PHI,True
745694,2024,174,NYY,KC,-5.0,0.021660041622351203,4.385451587868613,2024-09-10,0.0,5.0,0.5021893255339378,NYY,KC,False,NYY,False
745856,2024,174,MIN,LAA,5.0,1.2497177459752284,4.385451587868613,2024-09-10,10.0,5.0,0.6242386577505914,MIN,MIN,True,MIN,True
746097,2024,174,LAD,CHC,-3.0,0.14252327367346274,4.385451587868613,2024-09-10,3.0,6.0,0.5144027243986955,LAD,CHC,False,LAD,False
746346,2024,174,HOU,ATH,-1.0,0.8547416493026532,4.385451587868613,2024-09-10,3.0,4.0,0.5857243291651179,HOU,ATH,False,HOU,False
746428,2024,174,DET,COL,11.0,1.1805314439584416,4.385451587868613,2024-09-10,11.0,0.0,0.6175692607269977,DET,DET,True,DET,True
746747,2024,174,CWS,CLE,-5.0,-1.872091918551916,4.385451587868613,2024-09-10,0.0,5.0,0.3176362938128291,CLE,CLE,True,CLE,True
746907,2024,174,BOS,BAL,-2.0,-0.26798420266014944,4.385451587868613,2024-09-10,3.0,5.0,0.4729337028378194,BAL,BAL,True,BAL,True
747152,2024,174,AZ,TEX,6.0,0.5317066080422858,4.385451587868613,2024-09-10,6.0,0.0,0.5535813041887236,AZ,AZ,True,AZ,True
744804,2024,175,WSH,ATL,4.0,-1.2181723774815567,4.385451587868613,2024-09-11,5.0,1.0,0.3787977741797243,ATL,WSH,False,ATL,False
744881,2024,175,TOR,NYM,-4.0,-0.09300779998632934,4.385451587868613,2024-09-11,2.0,6.0,0.4905999012769191,NYM,NYM,True,NYM,True
745127,2024,175,STL,CIN,1.0,-0.48343225705878995,4.385451587868613,2024-09-11,2.0,1.0,0.4512579215681352,CIN,STL,False,CIN,False
745214,2024,175,SEA,SD,3.0,0.0617455335650651,4.385451587868613,2024-09-11,5.0,2.0,0.5062408115534962,SEA,SEA,True,SEA,True
745285,2024,175,SF,MIL,11.0,-0.9987929612791688,4.385451587868613,2024-09-11,13.0,2.0,0.40011201858566303,MIL,SF,False,MIL,False
745450,2024,175,PIT,MIA,2.0,0.44812177175104106,4.385451587868613,2024-09-11,3.0,1.0,0.5451977709669434,PIT,PIT,True,PIT,True
745525,2024,175,PHI,TB,1.0,0.7670113253245779,4.385451587868613,2024-09-11,3.0,2.0,0.5770421441957345,PHI,PHI,True,PHI,False
745697,2024,175,NYY,KC,1.0,-0.14220807494892052,4.385451587868613,2024-09-11,4.0,3.0,0.4856291142894624,KC,NYY,False,KC,False
745857,2024,175,MIN,LAA,2.0,0.7215249818677797,4.385451587868613,2024-09-11,6.0,4.0,0.5725255561380127,MIN,MIN,True,MIN,True
746100,2024,175,LAD,CHC,2.0,-0.20371988712344885,4.385451587868613,2024-09-11,10.0,8.0,0.4794177020276121,CHC,LAD,False,CHC,False
746342,2024,175,HOU,ATH,-1.0,1.194578118738509,4.385451587868613,2024-09-11,4.0,5.0,0.6189262242195925,HOU,ATH,False,HOU,False
746425,2024,175,DET,COL,3.0,1.313793327422498,4.385451587868613,2024-09-11,7.0,4.0,0.6303825091593293,DET,DET,True,DET,True
746745,2024,175,CWS,CLE,-2.0,-1.6838867466660006,4.385451587868613,2024-09-11,4.0,6.0,0.33482275526021443,CLE,CLE,True,CLE,True
746908,2024,175,BOS,BAL,2.0,-0.4236353717877059,4.385451587868613,2024-09-11,5.0,3.0,0.45726219534008083,BAL,BOS,False,BAL,False
747154,2024,175,AZ,TEX,10.0,0.6576665346292105,4.385451587868613,2024-09-11,14.0,4.0,0.5661687601299156,AZ,AZ,True,AZ,True
744805,2024,176,WSH,MIA,-3.0,0.26487351112017143,4.385451587868613,2024-09-12,3.0,6.0,0.5267525926965918,WSH,MIA,False,WSH,False
745129,2024,176,STL,CIN,5.0,-0.2793119061294786,4.385451587868613,2024-09-12,6.0,1.0,0.47179147921099385,CIN,STL,False,CIN,False
745208,2024,176,SEA,TEX,-1.0,0.841274211044384,4.385451587868613,2024-09-12,4.0,5.0,0.5843941380556582,SEA,TEX,False,SEA,False
745288,2024,176,SF,MIL,-3.0,-1.2301093992112266,4.385451587868613,2024-09-12,0.0,3.0,0.37764787238319436,MIL,MIL,True,MIL,True
745695,2024,176,NYY,BOS,1.0,0.5601727954561184,4.385451587868613,2024-09-12,2.0,1.0,0.5564311870445648,NYY,NYY,True,NYY,False
746337,2024,176,HOU,ATH,3.0,1.4601156230068615,4.385451587868613,2024-09-12,6.0,3.0,0.6442861240115203,HOU,HOU,True,HOU,True
746427,2024,176,DET,COL,-2.0,1.7493462372743687,4.385451587868613,2024-09-12,2.0,4.0,0.6711965436277709,DET,COL,False,DET,False
746591,2024,176,CLE,TB,-3.0,0.058916935189733254,4.385451587868613,2024-09-12,2.0,5.0,0.5059549381339864,CLE,TB,False,CLE,False
744800,2024,177,WSH,MIA,3.0,0.4728921024309671,4.385451587868613,2024-09-13,4.0,1.0,0.5476844989316161,WSH,WSH,True,WSH,True
744882,2024,177,TOR,STL,1.0,0.5754233301873034,4.385451587868613,2024-09-13,4.0,3.0,0.5579567990231924,TOR,TOR,True,TOR,False
745207,2024,177,SEA,TEX,1.0,0.4160729699679759,4.385451587868613,2024-09-13,5.0,4.0,0.5419777309072604,SEA,SEA,True,SEA,False
745286,2024,177,SF,SD,-5.0,-0.28491231579079235,4.385451587868613,2024-09-13,0.0,5.0,0.47122684965809275,SD,SD,True,SD,True
745447,2024,177,PIT,KC,-5.0,-0.6640261038101698,4.385451587868613,2024-09-13,3.0,8.0,0.43319737986643675,KC,KC,True,KC,True
745529,2024,177,PHI,NYM,-8.0,0.5838234421731934,4.385451587868613,2024-09-13,3.0,11.0,0.5587967523248247,PHI,NYM,False,PHI,False
745696,2024,177,NYY,BOS,1.0,0.6361528184435894,4.385451587868613,2024-09-13,5.0,4.0,0.5640232297718585,NYY,NYY,True,NYY,False
745855,2024,177,MIN,CIN,-4.0,0.17877072003601313,4.385451587868613,2024-09-13,4.0,8.0,0.5180634686568701,MIN,CIN,False,MIN,False
746181,2024,177,LAA,HOU,-2.0,-1.2176769892312254,4.385451587868613,2024-09-13,3.0,5.0,0.3788455185558546,HOU,HOU,True,HOU,True
746423,2024,177,DET,BAL,1.0,-0.5575589003801283,4.385451587868613,2024-09-13,1.0,0.0,0.44383038281864334,BAL,DET,False,BAL,False
746509,2024,177,COL,CHC,4.0,-1.2767462172333541,4.385451587868613,2024-09-13,9.0,5.0,0.3731657870834053,CHC,COL,False,CHC,False
746586,2024,177,CLE,TB,-2.0,0.21532047926042264,4.385451587868613,2024-09-13,1.0,3.0,0.5217532020553358,CLE,TB,False,CLE,False
746744,2024,177,CWS,ATH,-2.0,-1.0817216000869652,4.385451587868613,2024-09-13,0.0,2.0,0.3920160998148241,ATH,ATH,True,ATH,True
747069,2024,177,ATL,LAD,4.0,0.19670282154335333,4.385451587868613,2024-09-13,6.0,2.0,0.5198739446047609,ATL,ATL,True,ATL,True
747153,2024,177,AZ,MIL,-1.0,-0.01137687483173587,4.385451587868613,2024-09-13,1.0,2.0,0.49885005885352324,MIL,MIL,True,MIL,False
744803,2024,178,WSH,MIA,3.0,0.4451551806049727,4.3845357934601585,2024-09-14,4.0,1.0,0.5449091684759186,WSH,WSH,True,WSH,True
744884,2024,178,TOR,STL,5.0,0.6236394482588693,4.3845357934601585,2024-09-14,7.0,2.0,0.5627874217555505,TOR,TOR,True,TOR,True
745209,2024,178,SEA,TEX,1.0,0.882973666453816,4.3845357934601585,2024-09-14,5.0,4.0,0.5885278053148149,SEA,SEA,True,SEA,False
745284,2024,178,SF,SD,-8.0,-0.577019447857163,4.3845357934601585,2024-09-14,0.0,8.0,0.441871527570457,SD,SD,True,SD,True
745448,2024,178,PIT,KC,-4.0,-0.4460465691897054,4.3845357934601585,2024-09-14,1.0,5.0,0.45500128637577497,KC,KC,True,KC,True
745528,2024,178,PHI,NYM,2.0,0.22741936433660898,4.3845357934601585,2024-09-14,6.0,4.0,0.5229789944019139,PHI,PHI,True,PHI,True
745689,2024,178,NYY,BOS,-6.0,0.9527358446102222,4.3845357934601585,2024-09-14,1.0,7.0,0.5953923297514427,NYY,BOS,False,NYY,False
745858,2024,178,MIN,CIN,-10.0,-0.06321103868586482,4.3845357934601585,2024-09-14,1.0,11.0,0.4936097435050945,CIN,CIN,True,CIN,True
746177,2024,178,LAA,HOU,-2.0,-1.0945657765712646,4.3845357934601585,2024-09-14,3.0,5.0,0.3907440233730027,HOU,HOU,True,HOU,True
746422,2024,178,DET,BAL,-2.0,-0.023262850752953854,4.3845357934601585,2024-09-14,2.0,4.0,0.49764817850460846,BAL,BAL,True,BAL,True
746508,2024,178,COL,CHC,1.0,-1.3088771340785406,4.3845357934601585,2024-09-14,6.0,5.0,0.37006156862951567,CHC,COL,False,CHC,False
746584,2024,178,CLE,TB,5.0,-0.3190032737931041,4.3845357934601585,2024-09-14,6.0,1.0,0.46778439808827577,TB,CLE,False,TB,False
746740,2024,178,CWS,ATH,1.0,-1.4523383428993302,4.3845357934601585,2024-09-14,7.0,6.0,0.35641960262706246,ATH,CWS,False,ATH,False
747070,2024,178,ATL,LAD,9.0,0.1862414386300628,4.3845357934601585,2024-09-14,10.0,1.0,0.5188217086027476,ATL,ATL,True,ATL,True
747148,2024,178,AZ,MIL,-7.0,-0.13910794587649472,4.3845357934601585,2024-09-14,8.0,15.0,0.48593933273920187,MIL,MIL,True,MIL,True
744801,2024,179,WSH,MIA,1.0,0.5891974501290845,4.3845357934601585,2024-09-15,4.0,3.0,0.5593462788641994,WSH,WSH,True,WSH,False
744883,2024,179,TOR,STL,1.0,-0.02602129309711472,4.3845357934601585,2024-09-15,3.0,2.0,0.49736931006234836,STL,TOR,False,STL,False
745206,2024,179,SEA,TEX,7.0,1.0935446898955088,4.3845357934601585,2024-09-15,7.0,0.0,0.6091566387566358,SEA,SEA,True,SEA,True
745287,2024,179,SF,SD,-1.0,-0.287488073879335,4.3845357934601585,2024-09-15,3.0,4.0,0.4709611294581239,SD,SD,True,SD,False
745449,2024,179,PIT,KC,1.0,-0.3529470045801837,4.3845357934601585,2024-09-15,4.0,3.0,0.4643651700425999,KC,PIT,False,KC,False
745530,2024,179,PHI,NYM,1.0,0.508021792088222,4.3845357934601585,2024-09-15,2.0,1.0,0.5512186259524857,PHI,PHI,True,PHI,False
745693,2024,179,NYY,BOS,3.0,0.7263095678118751,4.3845357934601585,2024-09-15,5.0,2.0,0.5730161784998198,NYY,NYY,True,NYY,True
745852,2024,179,MIN,CIN,7.0,0.0486226666446453,4.3845357934601585,2024-09-15,9.0,2.0,0.5049155455020429,MIN,MIN,True,MIN,True
746180,2024,179,LAA,HOU,-2.0,-1.0235667637324355,4.3845357934601585,2024-09-15,4.0,6.0,0.3976679056247193,HOU,HOU,True,HOU,True
746419,2024,179,DET,BAL,2.0,0.36321765724665117,4.3845357934601585,2024-09-15,4.0,2.0,0.5366689090887727,DET,DET,True,DET,True
746506,2024,179,COL,CHC,-4.0,-1.330275558919236,4.3845357934601585,2024-09-15,2.0,6.0,0.36801586414127896,CHC,CHC,True,CHC,True
746585,2024,179,CLE,TB,2.0,0.1990417904325782,4.3845357934601585,2024-09-15,2.0,0.0,0.5201142609428854,CLE,CLE,True,CLE,True
746741,2024,179,CWS,ATH,1.0,-0.931757562723479,4.3845357934601585,2024-09-15,4.0,3.0,0.40666892892563183,ATH,CWS,False,ATH,False
747071,2024,179,ATL,LAD,-7.0,-0.0029849052269118187,4.3845357934601585,2024-09-15,2.0,9.0,0.499698231126511,LAD,LAD,True,LAD,True
747151,2024,179,AZ,MIL,1.0,0.018990800188918015,4.3845357934601585,2024-09-15,11.0,10.0,0.5019199305735953,AZ,AZ,True,AZ,False
745130,2024,180,STL,PIT,4.0,-0.1642009374624912,4.3845357934601585,2024-09-16,4.0,0.0,0.4834043504919926,PIT,STL,False,PIT,False
745367,2024,180,SD,HOU,2.0,0.2208615234201427,4.3845357934601585,2024-09-16,3.0,1.0,0.522317076425027,SD,SD,True,SD,True
745773,2024,180,NYM,WSH,1.0,1.2394186809922765,4.3845357934601585,2024-09-16,2.0,1.0,0.6232730533278811,NYM,NYM,True,NYM,False
745939,2024,180,MIL,PHI,4.0,0.03601470638758074,4.3845357934601585,2024-09-16,6.0,2.0,0.5036409757456614,MIL,MIL,True,MIL,True
746179,2024,180,LAA,CWS,-4.0,1.016979541477682,4.3845357934601585,2024-09-16,4.0,8.0,0.6016880290204076,LAA,CWS,False,LAA,False
746260,2024,180,KC,DET,-1.0,0.2847421357366449,4.3845357934601585,2024-09-16,6.0,7.0,0.5287619895738065,KC,DET,False,KC,False
746502,2024,180,COL,AZ,1.0,-1.5112637264334556,4.3845357934601585,2024-09-16,3.0,2.0,0.35086793926123155,AZ,COL,False,AZ,False
746588,2024,180,CLE,MIN,1.0,-0.013676795147719176,4.3845357934601585,2024-09-16,4.0,3.0,0.49861730176290514,MIN,CLE,False,MIN,False
746828,2024,180,CHC,ATH,7.0,0.9456666837592567,4.3845357934601585,2024-09-16,9.0,2.0,0.5946980293207642,CHC,CHC,True,CHC,True
747067,2024,180,ATL,LAD,-9.0,-0.18096744962061057,4.3845357934601585,2024-09-16,0.0,9.0,0.48171090594767896,LAD,LAD,True,LAD,True
744961,2024,181,TEX,TOR,5.0,-0.2934154255430349,4.3845357934601585,2024-09-17,13.0,8.0,0.47036350529371906,TOR,TEX,False,TOR,False
745044,2024,181,TB,BOS,5.0,0.08683065495838421,4.3845357934601585,2024-09-17,8.0,3.0,0.5087777249458243,TB,TB,True,TB,True
745122,2024,181,STL,PIT,2.0,-0.10530861129038034,4.3845357934601585,2024-09-17,3.0,1.0,0.4893547399596917,PIT,STL,False,PIT,False
745205,2024,181,SEA,NYY,-9.0,0.6013463986719128,4.3845357934601585,2024-09-17,2.0,11.0,0.5605606209008362,SEA,NYY,False,SEA,False
745366,2024,181,SD,HOU,-1.0,-0.06892519712954849,4.3845357934601585,2024-09-17,3.0,4.0,0.4930321327027615,HOU,HOU,True,HOU,False
745772,2024,181,NYM,WSH,9.0,0.9285197428672297,4.3845357934601585,2024-09-17,10.0,1.0,0.5930127012618063,NYM,NYM,True,NYM,True
745935,2024,181,MIL,PHI,-4.0,-0.019202435218036454,4.3845357934601585,2024-09-17,1.0,5.0,0.4980586737311604,PHI,PHI,True,PHI,True
746015,2024,181,MIA,LAD,2.0,-1.0041881091783373,4.3845357934601585,2024-09-17,11.0,9.0,0.3995634427985829,LAD,MIA,False,LAD,False
746176,2024,181,LAA,CWS,5.0,0.6102870222190148,4.3845357934601585,2024-09-17,5.0,0.0,0.5614539132295208,LAA,LAA,True,LAA,True
746261,2024,181,KC,DET,-2.0,-0.015524505669137864,4.3845357934601585,2024-09-17,1.0,3.0,0.4984305026146693,DET,DET,True,DET,True
746503,2024,181,COL,AZ,6.0,-1.1175436087288206,4.3845357934601585,2024-09-17,8.0,2.0,0.3885104893526574,AZ,COL,False,AZ,False
746587,2024,181,CLE,MIN,-3.0,0.1857187033936714,4.3845357934601585,2024-09-17,1.0,4.0,0.518768919610616,CLE,MIN,False,CLE,False
746659,2024,181,CIN,ATL,1.0,-0.48589445541568577,4.3845357934601585,2024-09-17,6.0,5.0,0.4510007380226958,ATL,CIN,False,ATL,False
746830,2024,181,CHC,ATH,-1.0,0.6877388075965487,4.3845357934601585,2024-09-17,3.0,4.0,0.5691788450985449,CHC,ATH,False,CHC,False
746987,2024,181,BAL,SF,-10.0,0.15993652558912458,4.3845357934601585,2024-09-17,0.0,10.0,0.5161648881145534,BAL,SF,False,BAL,False
744959,2024,182,TEX,TOR,2.0,-0.5121613347397203,4.3845357934601585,2024-09-18,2.0,0.0,0.44836635516938556,TOR,TEX,False,TOR,False
745040,2024,182,TB,BOS,-1.0,0.17106516186648968,4.3845357934601585,2024-09-18,1.0,2.0,0.5172889850847121,TB,BOS,False,TB,False
745121,2024,182,STL,PIT,5.0,0.6054531891189074,4.3845357934601585,2024-09-18,10.0,5.0,0.5609709848171258,STL,STL,True,STL,True
745199,2024,182,SEA,NYY,-1.0,0.20551728786894352,4.3845357934601585,2024-09-18,1.0,2.0,0.5207680632237828,SEA,NYY,False,SEA,False
745365,2024,182,SD,HOU,4.0,-0.054794800128619925,4.3845357934601585,2024-09-18,4.0,0.0,0.4944605158092288,HOU,SD,False,HOU,False
745771,2024,182,NYM,WSH,10.0,0.8361318982468459,4.3845357934601585,2024-09-18,10.0,0.0,0.5839032316003044,NYM,NYM,True,NYM,True
745933,2024,182,MIL,PHI,1.0,0.05615749669798183,4.3845357934601585,2024-09-18,2.0,1.0,0.5056772369096503,MIL,MIL,True,MIL,False
746014,2024,182,MIA,LAD,-4.0,-1.185116162422025,4.3845357934601585,2024-09-18,4.0,8.0,0.38196376097843,LAD,LAD,True,LAD,True
746172,2024,182,LAA,CWS,1.0,1.0689542266001466,4.3845357934601585,2024-09-18,4.0,3.0,0.6067621833135228,LAA,LAA,True,LAA,False
746254,2024,182,KC,DET,-2.0,-0.38405403436742935,4.3845357934601585,2024-09-18,2.0,4.0,0.46123399228542294,DET,DET,True,DET,True
746500,2024,182,COL,AZ,-5.0,-0.9949480715061644,4.3845357934601585,2024-09-18,4.0,9.0,0.40046810098054125,AZ,AZ,True,AZ,True
746582,2024,182,CLE,MIN,1.0,0.3141464746449835,4.3845357934601585,2024-09-18,5.0,4.0,0.5317261652712828,CLE,CLE,True,CLE,False
746662,2024,182,CIN,ATL,-6.0,-0.3608577565905764,4.3845357934601585,2024-09-18,1.0,7.0,0.46356867089425197,ATL,ATL,True,ATL,True
746831,2024,182,CHC,ATH,-2.0,1.3019231234825603,4.3845357934601585,2024-09-18,3.0,5.0,0.6292728275717983,CHC,ATH,False,CHC,False
746988,2024,182,BAL,SF,-2.0,0.6754731111466253,4.3845357934601585,2024-09-18,3.0,5.0,0.5679571656574358,BAL,SF,False,BAL,False
744962,2024,183,TEX,TOR,-4.0,-0.4091906444285381,4.3845357934601585,2024-09-19,0.0,4.0,0.4587055315024988,TOR,TOR,True,TOR,True
745041,2024,183,TB,BOS,2.0,0.3192813655263938,4.3845357934601585,2024-09-19,2.0,0.0,0.5322436247215973,TB,TB,True,TB,True
745120,2024,183,STL,PIT,-1.0,0.15150051606017373,4.3845357934601585,2024-09-19,2.0,3.0,0.5153126856792981,STL,PIT,False,STL,False
745204,2024,183,SEA,NYY,1.0,0.41784386080719077,4.3845357934601585,2024-09-19,3.0,2.0,0.5421645037466672,SEA,SEA,True,SEA,False
745769,2024,183,NYM,PHI,4.0,0.5596595651720598,4.3845357934601585,2024-09-19,10.0,6.0,0.556391527811607,NYM,NYM,True,NYM,True
745937,2024,183,MIL,AZ,-4.0,0.2830221580739513,4.3845357934601585,2024-09-19,1.0,5.0,0.5285885521092185,MIL,AZ,False,MIL,False
746011,2024,183,MIA,LAD,-16.0,-1.2776847083540863,4.3845357934601585,2024-09-19,4.0,20.0,0.37305016882817965,LAD,LAD,True,LAD,True
746341,2024,183,HOU,LAA,2.0,1.6465902007576574,4.3845357934601585,2024-09-19,3.0,1.0,0.6617603207974347,HOU,HOU,True,HOU,True
746579,2024,183,CLE,MIN,1.0,0.35023504460305416,4.3845357934601585,2024-09-19,3.0,2.0,0.5353617414892083,CLE,CLE,True,CLE,False
746663,2024,183,CIN,ATL,-12.0,-0.6382421639787025,4.3845357934601585,2024-09-19,3.0,15.0,0.43575501983656884,ATL,ATL,True,ATL,True
746823,2024,183,CHC,WSH,1.0,0.9570218954511513,4.3845357934601585,2024-09-19,7.0,6.0,0.595813139864745,CHC,CHC,True,CHC,False
746985,2024,183,BAL,SF,2.0,0.48796161610286326,4.3845357934601585,2024-09-19,5.0,3.0,0.5492066634316702,BAL,BAL,True,BAL,True
744960,2024,184,TEX,SEA,-6.0,-0.7180929658405859,4.3845357934601585,2024-09-20,2.0,8.0,0.42780070983070395,SEA,SEA,True,SEA,True
745043,2024,184,TB,TOR,1.0,-0.04095281241161654,4.3845357934601585,2024-09-20,1.0,0.0,0.4958598138067637,TOR,TB,False,TOR,False
745123,2024,184,STL,CLE,-4.0,-0.9492259163416469,4.3845357934601585,2024-09-20,1.0,5.0,0.4049523618458094,CLE,CLE,True,CLE,True
745364,2024,184,SD,CWS,1.0,1.9678711434274996,4.3845357934601585,2024-09-20,3.0,2.0,0.6910010515471566,SD,SD,True,SD,False
745606,2024,184,ATH,NYY,-2.0,-1.0314670410411273,4.3845357934601585,2024-09-20,2.0,4.0,0.396895824243597,NYY,NYY,True,NYY,True
745770,2024,184,NYM,PHI,-10.0,-0.09807667689222611,4.3845357934601585,2024-09-20,2.0,12.0,0.4900856335307616,PHI,PHI,True,PHI,True
745934,2024,184,MIL,AZ,-3.0,-0.10056797392847157,4.3845357934601585,2024-09-20,4.0,7.0,0.48983384735987184,AZ,AZ,True,AZ,True
746013,2024,184,MIA,ATL,1.0,-1.2054530190381418,4.3845357934601585,2024-09-20,4.0,3.0,0.37999993107122454,ATL,MIA,False,ATL,False
746094,2024,184,LAD,COL,2.0,1.6438831879742768,4.3845357934601585,2024-09-20,6.0,4.0,0.6615094283720222,LAD,LAD,True,LAD,True
746256,2024,184,KC,SF,-1.0,0.42713413701578024,4.3845357934601585,2024-09-20,1.0,2.0,0.5430983670357461,KC,SF,False,KC,False
746340,2024,184,HOU,LAA,2.0,1.3306332101282472,4.3845357934601585,2024-09-20,9.0,7.0,0.6320182959690437,HOU,HOU,True,HOU,True
746661,2024,184,CIN,PIT,5.0,0.6620796263800822,4.3845357934601585,2024-09-20,8.0,3.0,0.566622414810528,CIN,CIN,True,CIN,True
746824,2024,184,CHC,WSH,2.0,1.3819871854433028,4.3845357934601585,2024-09-20,3.0,1.0,0.636912275929763,CHC,CHC,True,CHC,True
746905,2024,184,BOS,MIN,-2.0,-0.1292619896010504,4.3845357934601585,2024-09-20,2.0,4.0,0.48693416677831824,MIN,MIN,True,MIN,True
746984,2024,184,BAL,DET,6.0,-0.36094347662486975,4.3845357934601585,2024-09-20,7.0,1.0,0.463560040911415,DET,BAL,False,DET,False
744958,2024,185,TEX,SEA,-4.0,-1.009870113156154,4.385912664261088,2024-09-21,4.0,8.0,0.3990384247577205,SEA,SEA,True,SEA,True
745038,2024,185,TB,TOR,1.0,0.2433955742941178,4.385912664261088,2024-09-21,3.0,2.0,0.5245835796080887,TB,TB,True,TB,False
745124,2024,185,STL,CLE,1.0,-0.4374178666484407,4.385912664261088,2024-09-21,6.0,5.0,0.45588198261231516,CLE,STL,False,CLE,False
745360,2024,185,SD,CWS,4.0,2.2084194387203313,4.385912664261088,2024-09-21,6.0,2.0,0.7120804970857063,SD,SD,True,SD,True
745610,2024,185,ATH,NYY,-10.0,-0.9384248177780722,4.385912664261088,2024-09-21,0.0,10.0,0.4060424959636528,NYY,NYY,True,NYY,True
745768,2024,185,NYM,PHI,3.0,0.27318556672832295,4.385912664261088,2024-09-21,6.0,3.0,0.5275879065547188,NYM,NYM,True,NYM,True
745936,2024,185,MIL,AZ,-5.0,0.0488965868024862,4.385912664261088,2024-09-21,0.0,5.0,0.5049416845034759,MIL,AZ,False,MIL,False
746012,2024,185,MIA,ATL,-4.0,-1.4996618452275885,4.385912664261088,2024-09-21,2.0,6.0,0.3520028234932657,ATL,ATL,True,ATL,True
746096,2024,185,LAD,COL,-3.0,2.001428527411746,4.385912664261088,2024-09-21,3.0,6.0,0.6939347293341169,LAD,COL,False,LAD,False
746255,2024,185,KC,SF,-9.0,0.3582921669816959,4.385912664261088,2024-09-21,0.0,9.0,0.5361617022602052,KC,SF,False,KC,False
746338,2024,185,HOU,LAA,6.0,1.4095824841304558,4.385912664261088,2024-09-21,10.0,4.0,0.639490960047514,HOU,HOU,True,HOU,True
746660,2024,185,CIN,PIT,6.0,0.69859299047712,4.385912664261088,2024-09-21,7.0,1.0,0.570237557301612,CIN,CIN,True,CIN,True
746826,2024,185,CHC,WSH,-4.0,0.8921722669882666,4.385912664261088,2024-09-21,1.0,5.0,0.5894069378947381,CHC,WSH,False,CHC,False
746983,2024,185,BAL,DET,-2.0,-0.20638249846377482,4.385912664261088,2024-09-21,4.0,6.0,0.47915112567155305,DET,DET,True,DET,True
744955,2024,186,TEX,SEA,1.0,-0.9717180260799162,4.385912664261088,2024-09-22,6.0,5.0,0.4027747385876998,SEA,TEX,False,SEA,False
745036,2024,186,TB,TOR,1.0,0.16773493217369462,4.385912664261088,2024-09-22,4.0,3.0,0.5169472958196335,TB,TB,True,TB,False
745118,2024,186,STL,CLE,1.0,-0.4505530161734816,4.385912664261088,2024-09-22,2.0,1.0,0.4545628294523718,CLE,STL,False,CLE,False
745358,2024,186,SD,CWS,2.0,2.370750531214486,4.385912664261088,2024-09-22,4.0,2.0,0.7259458780412495,SD,SD,True,SD,True
745608,2024,186,ATH,NYY,-3.0,-0.6984201764732489,4.385912664261088,2024-09-22,4.0,7.0,0.4297796370894525,NYY,NYY,True,NYY,True
745767,2024,186,NYM,PHI,1.0,0.07666231094337174,4.385912664261088,2024-09-22,2.0,1.0,0.5077475106605526,NYM,NYM,True,NYM,False
745929,2024,186,MIL,AZ,1.0,0.26985272184386166,4.385912664261088,2024-09-22,10.0,9.0,0.5272518632552119,MIL,MIL,True,MIL,False
746010,2024,186,MIA,ATL,-1.0,-1.2211019830738947,4.385912664261088,2024-09-22,4.0,5.0,0.37852783241383325,ATL,ATL,True,ATL,False
746092,2024,186,LAD,COL,1.0,2.3332355235445763,4.385912664261088,2024-09-22,6.0,5.0,0.7227710703985726,LAD,LAD,True,LAD,False
746253,2024,186,KC,SF,-2.0,0.4385115609244246,4.385912664261088,2024-09-22,0.0,2.0,0.5442278750462719,KC,SF,False,KC,False
746339,2024,186,HOU,LAA,-1.0,1.5723923616361226,4.385912664261088,2024-09-22,8.0,9.0,0.6548117374175328,HOU,LAA,False,HOU,False
746657,2024,186,CIN,PIT,-2.0,0.6670577508777615,4.385912664261088,2024-09-22,0.0,2.0,0.5670977372599224,CIN,PIT,False,CIN,False
746825,2024,186,CHC,WSH,5.0,1.1539681480628081,4.385912664261088,2024-09-22,5.0,0.0,0.6149874559511179,CHC,CHC,True,CHC,True
746903,2024,186,BOS,MIN,7.0,-0.3140802623550651,4.385912664261088,2024-09-22,8.0,1.0,0.4682904442152283,MIN,BOS,False,MIN,False
746982,2024,186,BAL,DET,-1.0,-0.22275840143054415,4.385912664261088,2024-09-22,3.0,4.0,0.47749851373183394,DET,DET,True,DET,False
746906,2024,186,BOS,MIN,6.0,-0.12150238212550653,4.385912664261088,2024-09-22,9.0,3.0,0.4877221084238452,MIN,BOS,False,MIN,False
744885,2024,187,TOR,BOS,-3.0,0.15009729057537258,4.385912664261088,2024-09-23,1.0,4.0,0.5151661651733509,TOR,BOS,False,TOR,False
745527,2024,187,PHI,CHC,4.0,0.24289519228542178,4.385912664261088,2024-09-23,6.0,2.0,0.5245331035594939,PHI,PHI,True,PHI,True
746334,2024,187,HOU,SEA,-5.0,0.17944569124240822,4.385912664261088,2024-09-23,1.0,6.0,0.51812971784667,HOU,SEA,False,HOU,False
747150,2024,187,AZ,SF,-3.0,1.026570558667522,4.385912664261088,2024-09-23,3.0,6.0,0.6025942004401933,AZ,SF,False,AZ,False
744802,2024,188,WSH,KC,-1.0,-0.7972890262419992,4.385912664261088,2024-09-24,0.0,1.0,0.4199652836019878,KC,KC,True,KC,False
744876,2024,188,TOR,BOS,-1.0,0.37359367264740884,4.385912664261088,2024-09-24,5.0,6.0,0.5377015408459304,TOR,BOS,False,TOR,False
745441,2024,188,PIT,MIL,-5.0,-1.05195609774478,4.385912664261088,2024-09-24,2.0,7.0,0.3949275727481708,MIL,MIL,True,MIL,True
745526,2024,188,PHI,CHC,-6.0,-0.14797413497706774,4.385912664261088,2024-09-24,4.0,10.0,0.4850482620122756,CHC,CHC,True,CHC,True
745605,2024,188,ATH,TEX,1.0,-0.2656433247220748,4.385912664261088,2024-09-24,5.0,4.0,0.4731725885378174,TEX,ATH,False,TEX,False
745688,2024,188,NYY,BAL,-2.0,0.26691285921664665,4.385912664261088,2024-09-24,3.0,5.0,0.5269554273689485,NYY,BAL,False,NYY,False
745851,2024,188,MIN,MIA,-3.0,0.9819864235857534,4.385912664261088,2024-09-24,1.0,4.0,0.5982317561282565,MIN,MIA,False,MIN,False
746093,2024,188,LAD,SD,-2.0,-0.1709017856119966,4.385912664261088,2024-09-24,2.0,4.0,0.48273293544993295,SD,SD,True,SD,True
746336,2024,188,HOU,SEA,1.0,0.12668861876741444,4.385912664261088,2024-09-24,4.0,3.0,0.5128017877893805,HOU,HOU,True,HOU,False
746421,2024,188,DET,TB,1.0,0.6131347272868104,4.385912664261088,2024-09-24,2.0,1.0,0.5617191468236249,DET,DET,True,DET,False
746504,2024,188,COL,STL,-4.0,-0.6231299370814994,4.385912664261088,2024-09-24,3.0,7.0,0.437282982023048,STL,STL,True,STL,True
746581,2024,188,CLE,CIN,5.0,0.5053236435882253,4.385912664261088,2024-09-24,6.0,1.0,0.5509321800345303,CLE,CLE,True,CLE,True
746743,2024,188,CWS,LAA,1.0,-1.004676191250323,4.385912664261088,2024-09-24,3.0,2.0,0.39954654107757626,LAA,CWS,False,LAA,False
747068,2024,188,ATL,NYM,4.0,0.23028349888639776,4.385912664261088,2024-09-24,5.0,1.0,0.5232607707804203,ATL,ATL,True,ATL,True
747149,2024,188,AZ,SF,-11.0,0.5996974356936721,4.385912664261088,2024-09-24,0.0,11.0,0.560377018163366,AZ,SF,False,AZ,False
744795,2024,189,WSH,KC,-3.0,-0.37021617756383757,4.385912664261088,2024-09-25,0.0,3.0,0.4626382993190227,KC,KC,True,KC,True
744877,2024,189,TOR,BOS,5.0,0.24235669842742186,4.385912664261088,2024-09-25,6.0,1.0,0.5244787825372385,TOR,TOR,True,TOR,True
745442,2024,189,PIT,MIL,1.0,-0.8526762802457226,4.385912664261088,2024-09-25,2.0,1.0,0.4144884572898408,MIL,PIT,False,MIL,False
745521,2024,189,PHI,CHC,3.0,0.4530209699508124,4.385912664261088,2024-09-25,9.0,6.0,0.5456849698163587,PHI,PHI,True,PHI,True
745607,2024,189,ATH,TEX,-4.0,-0.20256046562190083,4.385912664261088,2024-09-25,1.0,5.0,0.4795368875564585,TEX,TEX,True,TEX,True
745690,2024,189,NYY,BAL,-2.0,-0.05519891919800611,4.385912664261088,2024-09-25,7.0,9.0,0.4944214157404675,BAL,BAL,True,BAL,True
745854,2024,189,MIN,MIA,5.0,1.0452145917270435,4.385912664261088,2024-09-25,8.0,3.0,0.604414707336668,MIN,MIN,True,MIN,True
746095,2024,189,LAD,SD,1.0,0.03977410974833698,4.385912664261088,2024-09-25,4.0,3.0,0.504019765289434,LAD,LAD,True,LAD,False
746331,2024,189,HOU,SEA,-7.0,0.13169834732428365,4.385912664261088,2024-09-25,1.0,8.0,0.513307832781898,HOU,SEA,False,HOU,False
746420,2024,189,DET,TB,6.0,0.06190396235396832,4.385912664261088,2024-09-25,7.0,1.0,0.5062561654235684,DET,DET,True,DET,True
746501,2024,189,COL,STL,-3.0,-0.6948331796048953,4.385912664261088,2024-09-25,2.0,5.0,0.43013656080216983,STL,STL,True,STL,True
746583,2024,189,CLE,CIN,3.0,-0.045267238229434736,4.385912664261088,2024-09-25,5.0,2.0,0.495425095246347,CIN,CLE,False,CIN,False
746742,2024,189,CWS,LAA,1.0,-0.5916442481861616,4.385912664261088,2024-09-25,4.0,3.0,0.4404276750956047,LAA,CWS,False,LAA,False
747144,2024,189,AZ,SF,6.0,0.5641679796443585,4.385912664261088,2024-09-25,8.0,2.0,0.5568249997088173,AZ,AZ,True,AZ,True
744796,2024,190,WSH,KC,-3.0,-0.9287764206454835,4.385912664261088,2024-09-26,4.0,7.0,0.4069907300741501,KC,KC,True,KC,True
745443,2024,190,PIT,MIL,-3.0,-0.7972073079838058,4.385912664261088,2024-09-26,2.0,5.0,0.41997337584028865,MIL,MIL,True,MIL,True
745609,2024,190,ATH,TEX,1.0,-0.0016115119925003557,4.385912664261088,2024-09-26,3.0,2.0,0.49983712999613455,TEX,ATH,False,TEX,False
745691,2024,190,NYY,BAL,9.0,0.3644896295597358,4.385912664261088,2024-09-26,10.0,1.0,0.5367854389773054,NYY,NYY,True,NYY,True
745853,2024,190,MIN,MIA,-2.0,1.0768104463546901,4.385912664261088,2024-09-26,6.0,8.0,0.6074946865512019,MIN,MIA,False,MIN,False
746088,2024,190,LAD,SD,5.0,-0.026725463287791698,4.385912664261088,2024-09-26,7.0,2.0,0.49729896941809504,SD,LAD,False,SD,False
746415,2024,190,DET,TB,1.0,0.19549467693140093,4.385912664261088,2024-09-26,4.0,3.0,0.5197499045885062,DET,DET,True,DET,False
746495,2024,190,COL,STL,2.0,-0.16131678250671755,4.385912664261088,2024-09-26,10.0,8.0,0.48370080135716437,STL,COL,False,STL,False
746738,2024,190,CWS,LAA,7.0,-0.7418903009235598,4.385912664261088,2024-09-26,7.0,0.0,0.4254587928135012,LAA,CWS,False,LAA,False
744797,2024,191,WSH,PHI,8.0,-1.0614394649279064,4.385912664261088,2024-09-27,9.0,1.0,0.39400285633726706,PHI,WSH,False,PHI,False
744879,2024,191,TOR,MIA,-10.0,1.14294897179738,4.385912664261088,2024-09-27,5.0,15.0,0.6139199381679921,TOR,MIA,False,TOR,False
745202,2024,191,SEA,ATH,2.0,1.4989027435206377,4.385912664261088,2024-09-27,2.0,0.0,0.6479257958178157,SEA,SEA,True,SEA,True
745280,2024,191,SF,STL,-3.0,0.05417575214441022,4.385912664261088,2024-09-27,3.0,6.0,0.5054751861869048,SF,STL,False,SF,False
745692,2024,191,NYY,PIT,-2.0,1.068714466339306,4.385912664261088,2024-09-27,2.0,4.0,0.6067061193623966,NYY,PIT,False,NYY,False
745847,2024,191,MIN,BAL,-5.0,0.11103178258756577,4.385912664261088,2024-09-27,2.0,7.0,0.5112201231307721,MIN,BAL,False,MIN,False
745930,2024,191,MIL,NYM,4.0,-0.358391522744997,4.385912664261088,2024-09-27,8.0,4.0,0.46382829748446125,NYM,MIL,False,NYM,False
746173,2024,191,LAA,TEX,-3.0,-0.7124667268579952,4.385912664261088,2024-09-27,2.0,5.0,0.42838249170375864,TEX,TEX,True,TEX,True
746417,2024,191,DET,CWS,3.0,1.7345118203586387,4.385912664261088,2024-09-27,4.0,1.0,0.669819532400776,DET,DET,True,DET,True
746494,2024,191,COL,LAD,-7.0,-2.1280223833236795,4.385912664261088,2024-09-27,4.0,11.0,0.29490705594677474,LAD,LAD,True,LAD,True
746580,2024,191,CLE,HOU,-3.0,-0.4070010658156324,4.385912664261088,2024-09-27,2.0,5.0,0.4589385624343636,HOU,HOU,True,HOU,True
746822,2024,191,CHC,CIN,1.0,0.611035498194173,4.385912664261088,2024-09-27,1.0,0.0,0.5615095203267816,CHC,CHC,True,CHC,False
746904,2024,191,BOS,TB,-1.0,0.09405250289130992,4.385912664261088,2024-09-27,1.0,2.0,0.5095046656208393,BOS,TB,False,BOS,False
747065,2024,191,ATL,KC,3.0,0.6338627461367486,4.385912664261088,2024-09-27,3.0,0.0,0.5637880831081749,ATL,ATL,True,ATL,True
747145,2024,191,AZ,SD,-2.0,-0.08143947238856782,4.385912664261088,2024-09-27,3.0,5.0,0.4917697747998642,SD,SD,True,SD,True
744799,2024,192,WSH,PHI,3.0,-1.1535779296115758,4.384273871568347,2024-09-28,6.0,3.0,0.38500857597749305,PHI,WSH,False,PHI,False
744878,2024,192,TOR,MIA,-7.0,0.8350007109359324,4.384273871568347,2024-09-28,1.0,8.0,0.5837963372317653,TOR,MIA,False,TOR,False
745203,2024,192,SEA,ATH,1.0,1.298447018547466,4.384273871568347,2024-09-28,7.0,6.0,0.6289473956133158,SEA,SEA,True,SEA,False
745281,2024,192,SF,STL,1.0,0.422098321589515,4.384273871568347,2024-09-28,6.0,5.0,0.5425947283344523,SF,SF,True,SF,False
745685,2024,192,NYY,PIT,-5.0,0.667541063618869,4.384273871568347,2024-09-28,4.0,9.0,0.5671707509113343,NYY,PIT,False,NYY,False
745849,2024,192,MIN,BAL,-7.0,-0.31181936892487405,4.384273871568347,2024-09-28,2.0,9.0,0.46850648491687513,BAL,BAL,True,BAL,True
745931,2024,192,MIL,NYM,6.0,0.34805341700595915,4.384273871568347,2024-09-28,6.0,0.0,0.5351441382308931,MIL,MIL,True,MIL,True
746171,2024,192,LAA,TEX,-1.0,-0.5821423690106772,4.384273871568347,2024-09-28,8.0,9.0,0.44135568727603264,TEX,TEX,True,TEX,False
746414,2024,192,DET,CWS,-4.0,1.9451552645164207,4.384273871568347,2024-09-28,0.0,4.0,0.6889805398924895,DET,CWS,False,DET,False
746499,2024,192,COL,LAD,-11.0,-1.977032066196375,4.384273871568347,2024-09-28,2.0,13.0,0.3081710273348748,LAD,LAD,True,LAD,True
746578,2024,192,CLE,HOU,-1.0,-0.4061042447788352,4.384273871568347,2024-09-28,3.0,4.0,0.45901346098081947,HOU,HOU,True,HOU,False
746819,2024,192,CHC,CIN,3.0,0.5651769369723942,4.384273871568347,2024-09-28,3.0,0.0,0.556947066716219,CHC,CHC,True,CHC,True
746902,2024,192,BOS,TB,-5.0,0.09585292623499714,4.384273871568347,2024-09-28,2.0,7.0,0.5096901956361297,BOS,TB,False,BOS,False
747066,2024,192,ATL,KC,1.0,0.296779921446536,4.384273871568347,2024-09-28,2.0,1.0,0.5299774772010835,ATL,ATL,True,ATL,False
747146,2024,192,AZ,SD,-5.0,0.03217270535046733,4.384273871568347,2024-09-28,0.0,5.0,0.5032527647179643,AZ,SD,False,AZ,False
744798,2024,193,WSH,PHI,-3.0,-0.97602074788336,4.384273871568347,2024-09-29,3.0,6.0,0.40231715145735997,PHI,PHI,True,PHI,True
744880,2024,193,TOR,MIA,-2.0,1.1753029958143248,4.384273871568347,2024-09-29,1.0,3.0,0.6170943294838525,TOR,MIA,False,TOR,False
745201,2024,193,SEA,ATH,2.0,1.569609615947919,4.384273871568347,2024-09-29,6.0,4.0,0.6546066967353382,SEA,SEA,True,SEA,True
745282,2024,193,SF,STL,-5.0,0.04489209894547884,4.384273871568347,2024-09-29,1.0,6.0,0.5045386889852675,SF,STL,False,SF,False
745686,2024,193,NYY,PIT,2.0,0.9951146376477601,4.384273871568347,2024-09-29,6.0,4.0,0.5995540337618311,NYY,NYY,True,NYY,True
745846,2024,193,MIN,BAL,-4.0,-0.05162034426319084,4.384273871568347,2024-09-29,2.0,6.0,0.4947811070344047,BAL,BAL,True,BAL,True
745932,2024,193,MIL,NYM,-5.0,-0.1894254204702562,4.384273871568347,2024-09-29,0.0,5.0,0.48085561789215653,NYM,NYM,True,NYM,True
746174,2024,193,LAA,TEX,-8.0,-0.22101081420574728,4.384273871568347,2024-09-29,0.0,8.0,0.477666521410092,TEX,TEX,True,TEX,True
746416,2024,193,DET,CWS,-4.0,1.8558042123785208,4.384273871568347,2024-09-29,5.0,9.0,0.680936223899304,DET,CWS,False,DET,False
746496,2024,193,COL,LAD,-1.0,-1.4339952532356168,4.384273871568347,2024-09-29,1.0,2.0,0.3581459866001457,LAD,LAD,True,LAD,False
746820,2024,193,CHC,CIN,-3.0,0.6160262407704682,4.384273871568347,2024-09-29,0.0,3.0,0.5620308517100744,CHC,CIN,False,CHC,False
746901,2024,193,BOS,TB,2.0,0.008724241746660907,4.384273871568347,2024-09-29,3.0,1.0,0.5008820581528527,BOS,BOS,True,BOS,True
747061,2024,193,ATL,KC,-2.0,0.5349303776308837,4.384273871568347,2024-09-29,2.0,4.0,0.5539185840414043,ATL,KC,False,ATL,False
747147,2024,193,AZ,SD,9.0,0.1983269196678526,4.384273871568347,2024-09-29,11.0,2.0,0.5200432765911737,AZ,AZ,True,AZ,True
747139,2024,194,ATL,NYM,-1.0,0.5803086090880132,4.384273871568347,2024-09-30,7.0,8.0,0.558460912099476,ATL,NYM,False,ATL,False
747064,2024,194,ATL,NYM,3.0,0.726877461720396,4.384273871568347,2024-09-30,3.0,0.0,0.5730769428486433,ATL,ATL,True,ATL,True
778563,2025,0,CHC,LAD,-3.0,-0.4138085885014296,4.384745873712251,2025-03-18,1.0,4.0,0.45824319011748726,LAD,LAD,True,LAD,True
778564,2025,1,CHC,LAD,-3.0,-0.1379223816343467,4.384745873712251,2025-03-19,3.0,6.0,0.48605978513062464,LAD,LAD,True,LAD,True
778545,2025,9,SD,ATL,3.0,-0.23076628189544254,4.384745873712251,2025-03-27,7.0,4.0,0.4766843234891085,ATL,SD,False,ATL,False
778546,2025,9,LAD,DET,1.0,0.141089796255772,4.384745873712251,2025-03-27,5.0,4.0,0.5142602197932229,LAD,LAD,True,LAD,False
778547,2025,9,SEA,ATH,2.0,1.227213342890231,4.384745873712251,2025-03-27,4.0,2.0,0.6220922698380884,SEA,SEA,True,SEA,True
778551,2025,9,STL,MIN,2.0,0.017573846828961702,4.384745873712251,2025-03-27,5.0,3.0,0.5017765953852531,STL,STL,True,STL,True
778552,2025,9,AZ,CHC,-4.0,-0.04076733254730271,4.384745873712251,2025-03-27,6.0,10.0,0.49587876196171576,CHC,CHC,True,CHC,True
778553,2025,9,TEX,BOS,-3.0,-0.3877676178796092,4.384745873712251,2025-03-27,2.0,5.0,0.4608622155257289,BOS,BOS,True,BOS,True
778554,2025,9,CWS,LAA,7.0,-0.48294413857161117,4.384745873712251,2025-03-27,8.0,1.0,0.4512990928944705,LAA,CWS,False,LAA,False
778555,2025,9,WSH,PHI,-4.0,-0.6538708466667265,4.384745873712251,2025-03-27,3.0,7.0,0.4341991460833057,PHI,PHI,True,PHI,True
778556,2025,9,TOR,BAL,-10.0,-0.08379068785684315,4.384745873712251,2025-03-27,2.0,12.0,0.4915299445707486,BAL,BAL,True,BAL,True
778557,2025,9,NYY,MIL,2.0,0.28694750021125026,4.384745873712251,2025-03-27,4.0,2.0,0.528982977782632,NYY,NYY,True,NYY,True
778558,2025,9,KC,CLE,-3.0,0.22182673908120984,4.384745873712251,2025-03-27,4.0,7.0,0.5224134319303958,KC,CLE,False,KC,False
778559,2025,9,HOU,NYM,2.0,0.5001051194491807,4.384745873712251,2025-03-27,3.0,1.0,0.5504223639173517,HOU,HOU,True,HOU,True
778561,2025,9,CIN,SF,-2.0,-0.1926365067689654,4.384745873712251,2025-03-27,4.0,6.0,0.48053343739114107,SF,SF,True,SF,True
778562,2025,9,MIA,PIT,1.0,-0.3073197499666106,4.384745873712251,2025-03-27,5.0,4.0,0.46896335265267314,PIT,MIA,False,PIT,False
778518,2025,10,HOU,NYM,-2.0,0.2991654774800482,4.384745873712251,2025-03-28,1.0,3.0,0.5302147339562372,HOU,NYM,False,HOU,False
778541,2025,10,SEA,ATH,-7.0,1.2133876804065524,4.384745873712251,2025-03-28,0.0,7.0,0.620759838820018,SEA,ATH,False,SEA,False
778542,2025,10,SD,ATL,1.0,-0.31391819782021674,4.384745873712251,2025-03-28,4.0,3.0,0.4682983559169842,ATL,SD,False,ATL,False
778543,2025,10,AZ,CHC,7.0,0.014071538653975535,4.384745873712251,2025-03-28,8.0,1.0,0.5014225377364672,AZ,AZ,True,AZ,True
778544,2025,10,LAD,DET,3.0,0.6787561029274246,4.384745873712251,2025-03-28,8.0,5.0,0.5682809806685218,LAD,LAD,True,LAD,True
778548,2025,10,MIA,PIT,-1.0,-0.03432866502566267,4.384745873712251,2025-03-28,3.0,4.0,0.496529639705044,PIT,PIT,True,PIT,False
778549,2025,10,TOR,BAL,6.0,0.031418602320939897,4.384745873712251,2025-03-28,8.0,2.0,0.5031761821555556,TOR,TOR,True,TOR,True
778550,2025,10,TEX,BOS,3.0,-0.5194851260946949,4.384745873712251,2025-03-28,4.0,1.0,0.4476347257513021,BOS,TEX,False,BOS,False
778560,2025,10,TB,COL,1.0,1.1190682271850776,4.384745873712251,2025-03-28,3.0,2.0,0.6116323731283891,TB,TB,True,TB,False
778520,2025,11,SD,ATL,1.0,-0.3378996099070783,4.384745873712251,2025-03-29,1.0,0.0,0.46588224896101843,ATL,SD,False,ATL,False
778521,2025,11,SEA,ATH,-2.0,1.2923430872375883,4.384745873712251,2025-03-29,2.0,4.0,0.6283493068880508,SEA,ATH,False,SEA,False
778528,2025,11,STL,MIN,4.0,-0.10352147423257096,4.384745873712251,2025-03-29,5.0,1.0,0.48953585453481907,MIN,STL,False,MIN,False
778529,2025,11,KC,CLE,1.0,0.3843239682766613,4.384745873712251,2025-03-29,4.0,3.0,0.5387913157719185,KC,KC,True,KC,False
778530,2025,11,HOU,NYM,1.0,0.22504508682839602,4.384745873712251,2025-03-29,2.0,1.0,0.5227382647942896,HOU,HOU,True,HOU,False
778531,2025,11,TEX,BOS,1.0,-0.2593606209712959,4.384745873712251,2025-03-29,4.0,3.0,0.47379919714802005,BOS,TEX,False,BOS,False
778532,2025,11,AZ,CHC,-1.0,-0.03633418895252243,4.384745873712251,2025-03-29,3.0,4.0,0.49632690244855415,CHC,CHC,True,CHC,False
778533,2025,11,LAD,DET,4.0,0.4464623815687184,4.384745873712251,2025-03-29,7.0,3.0,0.5450383348345308,LAD,LAD,True,LAD,True
778534,2025,11,CWS,LAA,-1.0,-0.438249119361942,4.384745873712251,2025-03-29,0.0,1.0,0.4557867721050058,LAA,LAA,True,LAA,False
778535,2025,11,WSH,PHI,-5.0,-0.6388777368601212,4.384745873712251,2025-03-29,6.0,11.0,0.4356946545959831,PHI,PHI,True,PHI,True
778536,2025,11,TOR,BAL,-4.0,-0.016863926795976182,4.384745873712251,2025-03-29,5.0,9.0,0.49829517221507297,BAL,BAL,True,BAL,True
778537,2025,11,TB,COL,-1.0,1.4368228900543454,4.384745873712251,2025-03-29,1.0,2.0,0.6421069611348114,TB,COL,False,TB,False
778538,2025,11,NYY,MIL,11.0,0.3053113484522495,4.384745873712251,2025-03-29,20.0,9.0,0.5308342217963129,NYY,NYY,True,NYY,True
778539,2025,11,MIA,PIT,1.0,-0.24096176363876134,4.384745873712251,2025-03-29,5.0,4.0,0.47565546643085616,PIT,MIA,False,PIT,False
778540,2025,11,CIN,SF,1.0,-0.11827114816181189,4.384745873712251,2025-03-29,3.0,2.0,0.4880453482392366,SF,CIN,False,SF,False
778510,2025,12,KC,CLE,-4.0,0.12796820949145488,4.384745873712251,2025-03-30,2.0,6.0,0.5129344841590655,KC,CLE,False,KC,False
778513,2025,12,SEA,ATH,1.0,1.5731528770341103,4.384745873712251,2025-03-30,2.0,1.0,0.6549218124201689,SEA,SEA,True,SEA,False
778514,2025,12,SD,ATL,5.0,0.053393785192520596,4.384745873712251,2025-03-30,5.0,0.0,0.5053975986394492,SD,SD,True,SD,True
778515,2025,12,AZ,CHC,4.0,0.09199226161016463,4.384745873712251,2025-03-30,10.0,6.0,0.5092989752614777,AZ,AZ,True,AZ,True
778516,2025,12,TEX,BOS,1.0,0.14004445579834873,4.384745873712251,2025-03-30,3.0,2.0,0.514154609713764,TEX,TEX,True,TEX,False
778517,2025,12,STL,MIN,7.0,0.2602668233872771,4.384745873712251,2025-03-30,9.0,2.0,0.5262922156692758,STL,STL,True,STL,True
778519,2025,12,MIA,PIT,1.0,-0.28459913230946227,4.384745873712251,2025-03-30,3.0,2.0,0.47125380521790244,PIT,MIA,False,PIT,False
778522,2025,12,CIN,SF,-3.0,0.7329843009193557,4.384745873712251,2025-03-30,3.0,6.0,0.5736760554435668,CIN,SF,False,CIN,False
778523,2025,12,NYY,MIL,9.0,0.23103046139634134,4.384745873712251,2025-03-30,12.0,3.0,0.5233423376587995,NYY,NYY,True,NYY,True
778524,2025,12,TB,COL,2.0,1.0389624328704778,4.384745873712251,2025-03-30,6.0,4.0,0.6038314538856793,TB,TB,True,TB,True
778525,2025,12,TOR,BAL,2.0,-0.3201292013172153,4.384745873712251,2025-03-30,3.0,1.0,0.46767248690143504,BAL,TOR,False,BAL,False
778526,2025,12,WSH,PHI,4.0,-0.43361988659515455,4.384745873712251,2025-03-30,5.0,1.0,0.45625191057739295,PHI,WSH,False,PHI,False
778527,2025,12,CWS,LAA,-1.0,-0.4160005824935702,4.384745873712251,2025-03-30,2.0,3.0,0.45802281522199184,LAA,LAA,True,LAA,False
778496,2025,13,SEA,DET,-3.0,0.08164757015652795,4.384745873712251,2025-03-31,6.0,9.0,0.5082534478062574,SEA,DET,False,SEA,False
778499,2025,13,SD,CLE,5.0,0.2817314211473627,4.384745873712251,2025-03-31,7.0,2.0,0.5284570332763382,SD,SD,True,SD,True
778500,2025,13,LAD,ATL,5.0,0.2717104180009006,4.384745873712251,2025-03-31,6.0,1.0,0.5274464631091847,LAD,LAD,True,LAD,True
778501,2025,13,ATH,CHC,-15.0,-0.8632810434874112,4.384745873712251,2025-03-31,3.0,18.0,0.4134190232434154,CHC,CHC,True,CHC,True
778502,2025,13,PHI,COL,5.0,1.6471283272067831,4.384745873712251,2025-03-31,6.0,1.0,0.6618028743466553,PHI,PHI,True,PHI,True
778503,2025,13,STL,LAA,-1.0,1.2404667218408425,4.384745873712251,2025-03-31,4.0,5.0,0.6233681858687236,STL,LAA,False,STL,False
778504,2025,13,MIL,KC,-10.0,0.20275506851439454,4.384745873712251,2025-03-31,1.0,11.0,0.5204882001013222,MIL,KC,False,MIL,False
778505,2025,13,HOU,SF,-5.0,0.6284469459499515,4.384745873712251,2025-03-31,2.0,7.0,0.5632643676982589,HOU,SF,False,HOU,False
778506,2025,13,CWS,MIN,9.0,-0.7745383425406587,4.384745873712251,2025-03-31,9.0,0.0,0.4221990559680422,MIN,CWS,False,MIN,False
778507,2025,13,TOR,WSH,3.0,0.8499950333753661,4.384745873712251,2025-03-31,5.0,2.0,0.585269123773843,TOR,TOR,True,TOR,True
778508,2025,13,TB,PIT,5.0,0.8034334676677917,4.384745873712251,2025-03-31,6.0,1.0,0.5806642436298827,TB,TB,True,TB,True
778509,2025,13,MIA,NYM,-6.0,-1.1979089475450622,4.384745873712251,2025-03-31,4.0,10.0,0.3807336080447234,NYM,NYM,True,NYM,True
778511,2025,13,CIN,TEX,11.0,0.0044864000530968895,4.384745873712251,2025-03-31,14.0,3.0,0.5004535456770604,CIN,CIN,True,CIN,True
778512,2025,13,BAL,BOS,3.0,1.0025645306494373,4.384745873712251,2025-03-31,8.0,5.0,0.6002729354977808,BAL,BAL,True,BAL,True
778485,2025,14,SD,CLE,7.0,0.7664742484797387,4.387267146803937,2025-04-01,7.0,0.0,0.5769574110662863,SD,SD,True,SD,True
778486,2025,14,SEA,DET,-3.0,0.2508142651412594,4.387267146803937,2025-04-01,1.0,4.0,0.5253240833129414,SEA,DET,False,SEA,False
778487,2025,14,LAD,ATL,2.0,0.2511875033462644,4.387267146803937,2025-04-01,3.0,1.0,0.5253617174619077,LAD,LAD,True,LAD,True
778488,2025,14,MIL,KC,5.0,0.6200092003244285,4.387267146803937,2025-04-01,5.0,0.0,0.5623863933178579,MIL,MIL,True,MIL,True
778489,2025,14,HOU,SF,-2.0,-0.09906261378392683,4.387267146803937,2025-04-01,1.0,3.0,0.4899922211123793,SF,SF,True,SF,True
778490,2025,14,CWS,MIN,-5.0,-0.38294394191554326,4.387267146803937,2025-04-01,3.0,8.0,0.46136968141495216,MIN,MIN,True,MIN,True
778491,2025,14,TOR,WSH,2.0,0.3788980593703515,4.387267146803937,2025-04-01,5.0,3.0,0.5382234390938948,TOR,TOR,True,TOR,True
778492,2025,14,NYY,AZ,-2.0,0.09892307873602774,4.387267146803937,2025-04-01,5.0,7.0,0.5099936853410161,NYY,AZ,False,NYY,False
778493,2025,14,TB,PIT,7.0,0.4366465896220503,4.387267146803937,2025-04-01,7.0,0.0,0.5440270020439122,TB,TB,True,TB,True
778494,2025,14,ATH,CHC,-3.0,-1.044299240269586,4.387267146803937,2025-04-01,4.0,7.0,0.3957060841577821,CHC,CHC,True,CHC,True
778495,2025,14,STL,LAA,-2.0,0.8177169321820568,4.387267146803937,2025-04-01,7.0,9.0,0.5820315684025524,STL,LAA,False,STL,False
778497,2025,14,MIA,NYM,2.0,-0.2846741055937311,4.387267146803937,2025-04-01,4.0,2.0,0.47126274117658923,NYM,MIA,False,NYM,False
778498,2025,14,CIN,TEX,-1.0,-0.33619609261613925,4.387267146803937,2025-04-01,0.0,1.0,0.4660732975175659,TEX,TEX,True,TEX,False
778469,2025,15,SEA,DET,1.0,-0.1345158493098008,4.387267146803937,2025-04-02,3.0,2.0,0.48641176855195045,DET,SEA,False,DET,False
778471,2025,15,ATH,CHC,-8.0,-0.5488021617012302,4.387267146803937,2025-04-02,2.0,10.0,0.4447295732424721,CHC,CHC,True,CHC,True
778472,2025,15,LAD,ATL,1.0,0.9076747754967139,4.387267146803937,2025-04-02,6.0,5.0,0.5909059462706042,LAD,LAD,True,LAD,False
778473,2025,15,STL,LAA,7.0,1.0363749449649005,4.387267146803937,2025-04-02,12.0,5.0,0.6035205944350687,STL,STL,True,STL,True
778474,2025,15,CWS,MIN,-5.0,-0.5382786039907109,4.387267146803937,2025-04-02,1.0,6.0,0.44578279828036804,MIN,MIN,True,MIN,True
778475,2025,15,HOU,SF,-3.0,0.47024158934540405,4.387267146803937,2025-04-02,3.0,6.0,0.547398967510817,HOU,SF,False,HOU,False
778476,2025,15,SD,CLE,3.0,0.5317165733930973,4.387267146803937,2025-04-02,5.0,2.0,0.5535602624209737,SD,SD,True,SD,True
778477,2025,15,MIL,KC,1.0,-0.04622663002789444,4.387267146803937,2025-04-02,3.0,2.0,0.49532958158779883,KC,MIL,False,KC,False
778478,2025,15,TOR,WSH,2.0,0.4037678166989087,4.387267146803937,2025-04-02,4.0,2.0,0.5407238500673135,TOR,TOR,True,TOR,True
778479,2025,15,TB,PIT,-2.0,0.4374122503313379,4.387267146803937,2025-04-02,2.0,4.0,0.5441038884762535,TB,PIT,False,TB,False
778480,2025,15,CIN,TEX,-1.0,0.4064219794459467,4.387267146803937,2025-04-02,0.0,1.0,0.5409906068352013,CIN,TEX,False,CIN,False
778481,2025,15,MIA,NYM,-1.0,-0.28116168825744103,4.387267146803937,2025-04-02,5.0,6.0,0.47161670979544634,NYM,NYM,True,NYM,False
778482,2025,15,PHI,COL,4.0,1.3936798617419643,4.387267146803937,2025-04-02,5.0,1.0,0.6379410735592839,PHI,PHI,True,PHI,True
778483,2025,15,BAL,BOS,-3.0,0.303035614141232,4.387267146803937,2025-04-02,0.0,3.0,0.5305872888416931,BAL,BOS,False,BAL,False
778484,2025,15,NYY,AZ,-1.0,0.16676435713673138,4.387267146803937,2025-04-02,3.0,4.0,0.5168440923347662,NYY,AZ,False,NYY,False
778462,2025,16,MIN,HOU,-3.0,-0.5556684258370069,4.387267146803937,2025-04-03,2.0,5.0,0.44404258948774994,HOU,HOU,True,HOU,True
778466,2025,16,NYY,AZ,2.0,-0.17197952866040236,4.387267146803937,2025-04-03,9.0,7.0,0.4826294754017793,AZ,NYY,False,AZ,False
778467,2025,16,PHI,COL,2.0,1.0237934264755855,4.387267146803937,2025-04-03,3.0,1.0,0.602291944975562,PHI,PHI,True,PHI,True
778468,2025,16,MIL,CIN,1.0,-0.05200420528802696,4.387267146803937,2025-04-03,1.0,0.0,0.49474588728979496,CIN,MIL,False,CIN,False
778470,2025,16,BAL,BOS,-4.0,0.42244596550519486,4.387267146803937,2025-04-03,4.0,8.0,0.5426007020942686,BAL,BOS,False,BAL,False
778444,2025,17,SF,SEA,1.0,-0.29550893645482956,4.387267146803937,2025-04-04,10.0,9.0,0.4701709906419634,SEA,SF,False,SEA,False
778447,2025,17,LAA,CLE,-2.0,-0.9919107977139167,4.387267146803937,2025-04-04,6.0,8.0,0.40082607689313277,CLE,CLE,True,CLE,True
778453,2025,17,MIL,CIN,1.0,0.17162963276516893,4.387267146803937,2025-04-04,3.0,2.0,0.5173352061819538,MIL,MIL,True,MIL,False
778454,2025,17,TEX,TB,3.0,-0.6840321154544466,4.387267146803937,2025-04-04,5.0,2.0,0.43123268853367164,TB,TEX,False,TB,False
778455,2025,17,KC,BAL,6.0,-0.26727647816368827,4.387267146803937,2025-04-04,8.0,2.0,0.4730162274973564,BAL,KC,False,BAL,False
778456,2025,17,COL,ATH,-3.0,-0.13982000755947266,4.387267146803937,2025-04-04,3.0,6.0,0.4858761842179923,ATH,ATH,True,ATH,True
778457,2025,17,WSH,AZ,-2.0,-1.1854079147147496,4.387267146803937,2025-04-04,4.0,6.0,0.382006886421003,AZ,AZ,True,AZ,True
778458,2025,17,DET,CWS,3.0,1.3411215493656075,4.387267146803937,2025-04-04,7.0,4.0,0.6329399203142709,DET,DET,True,DET,True
778459,2025,17,PHI,LAD,1.0,-0.7383028895990793,4.387267146803937,2025-04-04,3.0,2.0,0.4258376805131584,LAD,PHI,False,LAD,False
778460,2025,17,CHC,SD,2.0,-0.13361234038516062,4.387267146803937,2025-04-04,3.0,1.0,0.48650300231665455,SD,CHC,False,SD,False
778461,2025,17,PIT,NYY,-5.0,-1.0147396424146242,4.387267146803937,2025-04-04,4.0,9.0,0.3985928322086065,NYY,NYY,True,NYY,True
778463,2025,17,BOS,STL,4.0,-0.12792338834970546,4.387267146803937,2025-04-04,13.0,9.0,0.4870774725670159,STL,BOS,False,STL,False
778464,2025,17,ATL,MIA,10.0,1.2079406529053778,4.387267146803937,2025-04-04,10.0,0.0,0.6201675261850234,ATL,ATL,True,ATL,True
778465,2025,17,NYM,TOR,5.0,0.4138565876850626,4.387267146803937,2025-04-04,5.0,0.0,0.5417377238977225,NYM,NYM,True,NYM,True
778436,2025,18,SF,SEA,3.0,-0.8638843712868455,4.387267146803937,2025-04-05,4.0,1.0,0.4134084747550205,SEA,SF,False,SEA,False
778437,2025,18,LAA,CLE,6.0,-0.9780887805502333,4.387267146803937,2025-04-05,10.0,4.0,0.4021798056215831,CLE,LAA,False,CLE,False
778438,2025,18,TEX,TB,2.0,-0.029495602086323194,4.387267146803937,2025-04-05,6.0,4.0,0.4970199283694764,TB,TEX,False,TB,False
778439,2025,18,MIL,CIN,-4.0,0.2697547309450463,4.387267146803937,2025-04-05,7.0,11.0,0.5272335854087384,MIL,CIN,False,MIL,False
778440,2025,18,MIN,HOU,5.0,-0.5612327194677548,4.387267146803937,2025-04-05,6.0,1.0,0.4434859937541124,HOU,MIN,False,HOU,False
778441,2025,18,KC,BAL,-7.0,-0.13382477604621795,4.387267146803937,2025-04-05,1.0,8.0,0.4864815511033474,BAL,BAL,True,BAL,True
778442,2025,18,COL,ATH,-3.0,-0.2958330641262791,4.387267146803937,2025-04-05,4.0,7.0,0.47013833396408544,ATH,ATH,True,ATH,True
778445,2025,18,DET,CWS,5.0,1.3352844571519762,4.387267146803937,2025-04-05,7.0,2.0,0.6323830829768715,DET,DET,True,DET,True
778446,2025,18,NYM,TOR,1.0,0.14061223835587788,4.387267146803937,2025-04-05,3.0,2.0,0.5142038086686074,NYM,NYM,True,NYM,False
778448,2025,18,PHI,LAD,-2.0,-0.4009361513273345,4.387267146803937,2025-04-05,1.0,3.0,0.45956076682529273,LAD,LAD,True,LAD,True
778449,2025,18,PIT,NYY,-6.0,-0.8077424676228145,4.387267146803937,2025-04-05,4.0,10.0,0.4189550819218494,NYY,NYY,True,NYY,True
778450,2025,18,CHC,SD,6.0,-0.33011496206468083,4.387267146803937,2025-04-05,7.0,1.0,0.4666855236778371,SD,CHC,False,SD,False
778451,2025,18,ATL,MIA,-4.0,1.423030837118061,4.387267146803937,2025-04-05,0.0,4.0,0.6407237962476694,ATL,MIA,False,ATL,False
778452,2025,18,WSH,AZ,1.0,-0.6508680067076444,4.387267146803937,2025-04-05,4.0,3.0,0.43453589634454504,AZ,WSH,False,AZ,False
778419,2025,19,MIN,HOU,-2.0,-0.8986811024104288,4.387267146803937,2025-04-06,7.0,9.0,0.40997926959910835,HOU,HOU,True,HOU,True
778420,2025,19,TEX,TB,1.0,-0.6990807797916586,4.387267146803937,2025-04-06,4.0,3.0,0.4297353837112826,TB,TEX,False,TB,False
778421,2025,19,MIL,CIN,6.0,0.5563475020562172,4.387267146803937,2025-04-06,8.0,2.0,0.5560253443741272,MIL,MIL,True,MIL,True
778422,2025,19,KC,BAL,3.0,-0.15080879617383144,4.387267146803937,2025-04-06,4.0,1.0,0.4847666797556838,BAL,KC,False,BAL,False
778423,2025,19,COL,ATH,7.0,0.07365216089067433,4.387267146803937,2025-04-06,12.0,5.0,0.5074410425127989,COL,COL,True,COL,True
778425,2025,19,LAA,CLE,4.0,-0.8521801395452131,4.387267146803937,2025-04-06,6.0,2.0,0.4145634225495183,CLE,LAA,False,CLE,False
778427,2025,19,SF,SEA,1.0,-0.4515812141758656,4.387267146803937,2025-04-06,5.0,4.0,0.4544735877623741,SEA,SF,False,SEA,False
778428,2025,19,PIT,NYY,1.0,-0.9661237050923427,4.387267146803937,2025-04-06,5.0,4.0,0.4033526142832689,NYY,PIT,False,NYY,False
778429,2025,19,WSH,AZ,1.0,-0.991222845089815,4.387267146803937,2025-04-06,5.0,4.0,0.40089342698179925,AZ,WSH,False,AZ,False
778430,2025,19,CHC,SD,-1.0,-0.04066433303682998,4.387267146803937,2025-04-06,7.0,8.0,0.4958915363104805,SD,SD,True,SD,False
778433,2025,19,DET,CWS,1.0,1.4568972401323455,4.387267146803937,2025-04-06,4.0,3.0,0.6439253606535189,DET,DET,True,DET,False
778434,2025,19,PHI,LAD,1.0,-0.3281521821987665,4.387267146803937,2025-04-06,8.0,7.0,0.4668831461317674,LAD,PHI,False,LAD,False
778435,2025,19,NYM,TOR,1.0,0.42575529175676097,4.387267146803937,2025-04-06,2.0,1.0,0.5429331380447608,NYM,NYM,True,NYM,False
778443,2025,19,BOS,STL,1.0,-0.35783724015655494,4.387267146803937,2025-04-06,5.0,4.0,0.4638952064465197,STL,BOS,False,STL,False
778432,2025,19,BOS,STL,11.0,-0.2040621900527995,4.387267146803937,2025-04-06,18.0,7.0,0.4793916733028063,STL,BOS,False,STL,False
778405,2025,20,SEA,HOU,1.0,0.25517139183205717,4.387267146803937,2025-04-07,4.0,3.0,0.5257634045433167,SEA,SEA,True,SEA,False
778410,2025,20,SF,CIN,-2.0,0.023967108489671075,4.387267146803937,2025-04-07,0.0,2.0,0.5024215110285477,SF,CIN,False,SF,False
778411,2025,20,CHC,TEX,7.0,0.5648781067230014,4.387267146803937,2025-04-07,7.0,0.0,0.5568785935961937,CHC,CHC,True,CHC,True
778412,2025,20,KC,MIN,2.0,0.27147313786337224,4.387267146803937,2025-04-07,4.0,2.0,0.5274067980281754,KC,KC,True,KC,True
778413,2025,20,AZ,BAL,-4.0,0.06674273402210024,4.387267146803937,2025-04-07,1.0,5.0,0.5067430563485955,AZ,BAL,False,AZ,False
778414,2025,20,ATH,SD,-1.0,-1.466428567590309,4.387267146803937,2025-04-07,4.0,5.0,0.35517540951746296,SD,SD,True,SD,False
778415,2025,20,PIT,STL,4.0,-0.2978918858415244,4.387267146803937,2025-04-07,8.0,4.0,0.46993090719828867,STL,PIT,False,STL,False
778416,2025,20,NYM,MIA,2.0,1.1112426671331497,4.387267146803937,2025-04-07,2.0,0.0,0.610810173646863,NYM,NYM,True,NYM,True
778418,2025,20,WSH,LAD,2.0,-1.4493128382216571,4.387267146803937,2025-04-07,6.0,4.0,0.35679075984144365,LAD,WSH,False,LAD,False
778424,2025,20,DET,NYY,4.0,-0.30583613866248927,4.387267146803937,2025-04-07,6.0,2.0,0.46913059886856345,NYY,DET,False,NYY,False
778426,2025,20,BOS,TOR,-4.0,0.4055424181014563,4.387267146803937,2025-04-07,2.0,6.0,0.540902208514311,BOS,TOR,False,BOS,False
778394,2025,21,COL,MIL,-6.0,-0.7962959386842354,4.382352980669307,2025-04-08,1.0,7.0,0.41999957407328176,MIL,MIL,True,MIL,True
778395,2025,21,ATH,SD,6.0,-1.3348424255672884,4.382352980669307,2025-04-08,10.0,4.0,0.36751627245217444,SD,ATH,False,SD,False
778396,2025,21,AZ,BAL,1.0,0.311471288509362,4.382352980669307,2025-04-08,4.0,3.0,0.5314721925830769,AZ,AZ,True,AZ,False
778397,2025,21,SF,CIN,-1.0,0.15652934748484615,4.382352980669307,2025-04-08,0.0,1.0,0.5158285809870398,SF,CIN,False,SF,False
778398,2025,21,SEA,HOU,-1.0,-0.1837267771045,4.382352980669307,2025-04-08,1.0,2.0,0.48142299850515297,HOU,HOU,True,HOU,False
778400,2025,21,KC,MIN,1.0,0.5083690406718135,4.382352980669307,2025-04-08,2.0,1.0,0.5512788301550438,KC,KC,True,KC,False
778401,2025,21,CHC,TEX,4.0,0.738985531305212,4.382352980669307,2025-04-08,10.0,6.0,0.5743123633784086,CHC,CHC,True,CHC,True
778402,2025,21,CLE,CWS,1.0,1.2017447882597347,4.382352980669307,2025-04-08,1.0,0.0,0.6196999840843248,CLE,CLE,True,CLE,False
778403,2025,21,DET,NYY,5.0,-0.033379101822958585,4.382352980669307,2025-04-08,5.0,0.0,0.49662378835671767,NYY,DET,False,NYY,False
778404,2025,21,BOS,TOR,-5.0,0.44644217867420566,4.382352980669307,2025-04-08,1.0,6.0,0.5450607918076902,BOS,TOR,False,BOS,False
778406,2025,21,ATL,PHI,2.0,0.039473458118334984,4.382352980669307,2025-04-08,7.0,5.0,0.5039926213612087,ATL,ATL,True,ATL,True
778407,2025,21,NYM,MIA,5.0,0.9820833756277043,4.382352980669307,2025-04-08,10.0,5.0,0.5983194202958738,NYM,NYM,True,NYM,True
778408,2025,21,PIT,STL,-2.0,-0.19699018073722172,4.382352980669307,2025-04-08,3.0,5.0,0.48008298504834346,STL,STL,True,STL,True
778409,2025,21,WSH,LAD,6.0,-1.17603698698647,4.382352980669307,2025-04-08,8.0,2.0,0.3827848300792085,LAD,WSH,False,LAD,False
778417,2025,21,TB,LAA,-1.0,1.1134232104509603,4.382352980669307,2025-04-08,3.0,4.0,0.6111431394724407,TB,LAA,False,TB,False
778376,2025,22,SF,CIN,2.0,0.014853035883750879,4.382352980669307,2025-04-09,8.0,6.0,0.5015023613587436,SF,SF,True,SF,True
778379,2025,22,COL,MIL,-15.0,-1.379491420952901,4.382352980669307,2025-04-09,2.0,17.0,0.3632597128303252,MIL,MIL,True,MIL,True
778380,2025,22,AZ,BAL,9.0,0.21389263583579443,4.382352980669307,2025-04-09,9.0,0.0,0.5216243568741614,AZ,AZ,True,AZ,True
778381,2025,22,ATH,SD,-1.0,-1.1088036901342564,4.382352980669307,2025-04-09,1.0,2.0,0.38930594045392347,SD,SD,True,SD,False
778383,2025,22,SEA,HOU,1.0,-0.04840184548977801,4.382352980669307,2025-04-09,7.0,6.0,0.49510434030838113,HOU,SEA,False,HOU,False
778385,2025,22,CHC,TEX,-4.0,1.182479132164614,4.382352980669307,2025-04-09,2.0,6.0,0.6178382997982179,CHC,TEX,False,CHC,False
778386,2025,22,BOS,TOR,-1.0,0.051173144712935936,4.382352980669307,2025-04-09,1.0,2.0,0.5051759505997556,BOS,TOR,False,BOS,False
778387,2025,22,DET,NYY,-1.0,-0.47866649560557994,4.382352980669307,2025-04-09,3.0,4.0,0.45170210824180634,NYY,NYY,True,NYY,False
778388,2025,22,KC,MIN,-4.0,0.6498727142411568,4.382352980669307,2025-04-09,0.0,4.0,0.5654375353787051,KC,MIN,False,KC,False
778389,2025,22,PIT,STL,1.0,-0.20966287896153638,4.382352980669307,2025-04-09,2.0,1.0,0.4788028611097878,STL,PIT,False,STL,False
778390,2025,22,NYM,MIA,-5.0,1.36229160841663,4.382352980669307,2025-04-09,0.0,5.0,0.6351025287582007,NYM,MIA,False,NYM,False
778391,2025,22,CLE,CWS,1.0,0.66867538681245,4.382352980669307,2025-04-09,3.0,2.0,0.5673130143942962,CLE,CLE,True,CLE,False
778392,2025,22,WSH,LAD,-1.0,-1.11233506844599,4.382352980669307,2025-04-09,5.0,6.0,0.3889626293192521,LAD,LAD,True,LAD,False
778393,2025,22,ATL,PHI,-1.0,0.5660207981886327,4.382352980669307,2025-04-09,3.0,4.0,0.557056339939094,ATL,PHI,False,ATL,False
778399,2025,22,TB,LAA,1.0,0.8939131280660981,4.382352980669307,2025-04-09,5.0,4.0,0.5896499607336407,TB,TB,True,TB,False
778371,2025,23,COL,MIL,5.0,-0.936152595009289,4.382352980669307,2025-04-10,7.0,2.0,0.4061910385473731,MIL,COL,False,MIL,False
778373,2025,23,KC,MIN,1.0,0.8136332516108897,4.382352980669307,2025-04-10,3.0,2.0,0.5817179255990321,KC,KC,True,KC,False
778377,2025,23,BOS,TOR,1.0,0.0039754686866941,4.382352980669307,2025-04-10,4.0,3.0,0.5004021133248586,BOS,BOS,True,BOS,False
778378,2025,23,CLE,CWS,5.0,1.2719130364302693,4.382352980669307,2025-04-10,6.0,1.0,0.6264567976533446,CLE,CLE,True,CLE,True
778382,2025,23,TB,LAA,-10.0,1.1752017944335469,4.382352980669307,2025-04-10,1.0,11.0,0.6171343619254233,TB,LAA,False,TB,False
778384,2025,23,ATL,PHI,2.0,0.31453205163493436,4.382352980669307,2025-04-10,4.0,2.0,0.5317808113602156,ATL,ATL,True,ATL,True
778356,2025,24,LAD,CHC,3.0,0.25291482470581766,4.382352980669307,2025-04-11,3.0,0.0,0.5255644783673543,LAD,LAD,True,LAD,True
778358,2025,24,ATH,NYM,-1.0,-0.9911597518661988,4.382352980669307,2025-04-11,6.0,7.0,0.40079079570118337,NYM,NYM,True,NYM,False
778360,2025,24,SEA,TEX,2.0,0.2382654291782983,4.382352980669307,2025-04-11,5.0,3.0,0.5240855820531602,SEA,SEA,True,SEA,True
778361,2025,24,SD,COL,8.0,1.8529162721862213,4.382352980669307,2025-04-11,8.0,0.0,0.6807483059006258,SD,SD,True,SD,True
778363,2025,24,MIN,DET,-1.0,-0.3220902070676511,4.382352980669307,2025-04-11,6.0,7.0,0.46745717700992084,DET,DET,True,DET,False
778364,2025,24,AZ,MIL,-7.0,0.3587826298009199,4.382352980669307,2025-04-11,0.0,7.0,0.5362404000043307,AZ,MIL,False,AZ,False
778365,2025,24,STL,PHI,2.0,-0.40919043881646056,4.382352980669307,2025-04-11,2.0,0.0,0.4586850574358619,PHI,STL,False,PHI,False
778366,2025,24,CWS,BOS,10.0,-0.9722096054260525,4.382352980669307,2025-04-11,11.0,1.0,0.40264911362420286,BOS,CWS,False,BOS,False
778367,2025,24,TB,ATL,3.0,0.04743230412529022,4.382352980669307,2025-04-11,6.0,3.0,0.504797599103858,TB,TB,True,TB,True
778368,2025,24,HOU,LAA,11.0,1.0142251392082775,4.382352980669307,2025-04-11,14.0,3.0,0.6014680475590705,HOU,HOU,True,HOU,True
778369,2025,24,MIA,WSH,-3.0,-0.30526324233258806,4.382352980669307,2025-04-11,4.0,7.0,0.46915382672449185,WSH,WSH,True,WSH,True
778370,2025,24,NYY,SF,-8.0,0.866004514705721,4.382352980669307,2025-04-11,1.0,9.0,0.5868964374426798,NYY,SF,False,NYY,False
778374,2025,24,CIN,PIT,2.0,0.6551066099263477,4.382352980669307,2025-04-11,5.0,3.0,0.56595974189371,CIN,CIN,True,CIN,True
778375,2025,24,CLE,KC,7.0,-0.2979548328700129,4.382352980669307,2025-04-11,7.0,0.0,0.4698909042807297,KC,CLE,False,KC,False
778341,2025,25,SEA,TEX,7.0,0.7627840794308318,4.382352980669307,2025-04-12,9.0,2.0,0.5766763202508172,SEA,SEA,True,SEA,True
778345,2025,25,LAD,CHC,-16.0,0.11748977587885695,4.382352980669307,2025-04-12,0.0,16.0,0.511882177915271,LAD,CHC,False,LAD,False
778346,2025,25,ATH,NYM,2.0,-1.0876951112332522,4.382352980669307,2025-04-12,3.0,1.0,0.3913598534178087,NYM,ATH,False,NYM,False
778347,2025,25,STL,PHI,-3.0,-0.36998702188214694,4.382352980669307,2025-04-12,1.0,4.0,0.4626311172357655,PHI,PHI,True,PHI,True
778348,2025,25,MIN,DET,-4.0,-0.4076437730506648,4.382352980669307,2025-04-12,0.0,4.0,0.4588406641189021,DET,DET,True,DET,True
778349,2025,25,CWS,BOS,1.0,-1.358153430689438,4.382352980669307,2025-04-12,3.0,2.0,0.36529187613103153,BOS,CWS,False,BOS,False
778350,2025,25,AZ,MIL,1.0,0.06872798582382238,4.382352980669307,2025-04-12,5.0,4.0,0.5069513929541215,AZ,AZ,True,AZ,False
778351,2025,25,HOU,LAA,-3.0,1.4634319262147992,4.382352980669307,2025-04-12,1.0,4.0,0.6446967442979219,HOU,LAA,False,HOU,False
778352,2025,25,SD,COL,2.0,1.571353258775916,4.382352980669307,2025-04-12,2.0,0.0,0.654833888266586,SD,SD,True,SD,True
778353,2025,25,TB,ATL,-1.0,0.43023848743417814,4.382352980669307,2025-04-12,4.0,5.0,0.5434319018597252,TB,ATL,False,TB,False
778354,2025,25,MIA,WSH,1.0,0.18929787272076537,4.382352980669307,2025-04-12,7.0,6.0,0.5191398806778874,MIA,MIA,True,MIA,False
778355,2025,25,NYY,SF,4.0,0.5187503742050193,4.382352980669307,2025-04-12,8.0,4.0,0.552320024074814,NYY,NYY,True,NYY,True
778357,2025,25,CIN,PIT,3.0,0.32685071047372605,4.382352980669307,2025-04-12,5.0,2.0,0.5330227149077531,CIN,CIN,True,CIN,True
778359,2025,25,CLE,KC,3.0,0.14985972312004653,4.382352980669307,2025-04-12,6.0,3.0,0.5151544660869717,CLE,CLE,True,CLE,True
778362,2025,25,BAL,TOR,1.0,0.13673654325854578,4.382352980669307,2025-04-12,5.0,4.0,0.5138279502388742,BAL,BAL,True,BAL,False
778329,2025,26,HOU,LAA,4.0,1.2211490469297914,4.382352980669307,2025-04-13,7.0,3.0,0.6215722630902282,HOU,HOU,True,HOU,True
778330,2025,26,SD,COL,6.0,1.773458512215327,4.382352980669307,2025-04-13,6.0,0.0,0.6735173050705193,SD,SD,True,SD,True
778331,2025,26,LAD,CHC,-2.0,0.3129584366089435,4.382352980669307,2025-04-13,2.0,4.0,0.5316221450866512,LAD,CHC,False,LAD,False
778332,2025,26,AZ,MIL,3.0,0.2443930960385517,4.382352980669307,2025-04-13,5.0,2.0,0.5247042282304687,AZ,AZ,True,AZ,True
778333,2025,26,ATH,NYM,-8.0,-0.8663753753460458,4.382352980669307,2025-04-13,0.0,8.0,0.41306694429685864,NYM,NYM,True,NYM,True
778334,2025,26,SEA,TEX,2.0,0.5351908909881707,4.382352980669307,2025-04-13,3.0,1.0,0.5539681825482641,SEA,SEA,True,SEA,True
778335,2025,26,MIN,DET,4.0,-0.5124886342045747,4.382352980669307,2025-04-13,5.0,1.0,0.4483079532994239,DET,MIN,False,DET,False
778336,2025,26,STL,PHI,7.0,-0.6414658077132394,4.382352980669307,2025-04-13,7.0,0.0,0.43540149364732295,PHI,STL,False,PHI,False
778337,2025,26,MIA,WSH,7.0,-0.5373866916933676,4.382352980669307,2025-04-13,11.0,4.0,0.4458117588111769,WSH,MIA,False,WSH,False
778338,2025,26,CWS,BOS,-2.0,-1.354777538948545,4.382352980669307,2025-04-13,1.0,3.0,0.365613734008824,BOS,BOS,True,BOS,True
778339,2025,26,NYY,SF,-1.0,0.12704868807820713,4.382352980669307,2025-04-13,4.0,5.0,0.5128485845069822,NYY,SF,False,NYY,False
778340,2025,26,TB,ATL,5.0,-0.8320458620175979,4.382352980669307,2025-04-13,8.0,3.0,0.41645975695725496,ATL,TB,False,ATL,False
778342,2025,26,CLE,KC,-2.0,-0.009742237471667164,4.382352980669307,2025-04-13,2.0,4.0,0.4990145865834226,KC,KC,True,KC,True
778343,2025,26,CIN,PIT,4.0,0.9686027562402402,4.382352980669307,2025-04-13,4.0,0.0,0.5969969353813095,CIN,CIN,True,CIN,True
778344,2025,26,BAL,TOR,-1.0,0.2918983366292288,4.382352980669307,2025-04-13,6.0,7.0,0.5294981995068954,BAL,TOR,False,BAL,False
778315,2025,27,SD,CHC,6.0,-0.08300791783789299,4.382352980669307,2025-04-14,10.0,4.0,0.4916044788200118,CHC,SD,False,CHC,False
778320,2025,27,PHI,SF,-6.0,-0.44019519348730696,4.382352980669307,2025-04-14,4.0,10.0,0.4555671035151456,SF,SF,True,SF,True
778321,2025,27,PIT,WSH,7.0,0.2625908574759235,4.382352980669307,2025-04-14,10.0,3.0,0.5265411083096699,PIT,PIT,True,PIT,True
778322,2025,27,TOR,ATL,-4.0,-0.24590685103958518,4.382352980669307,2025-04-14,4.0,8.0,0.4751429529383328,ATL,ATL,True,ATL,True
778323,2025,27,MIL,DET,-8.0,-0.30482164934812017,4.382352980669307,2025-04-14,1.0,9.0,0.4691983598798526,DET,DET,True,DET,True
778324,2025,27,MIN,NYM,-4.0,-0.29328815483846915,4.382352980669307,2025-04-14,1.0,5.0,0.470361608518027,NYM,NYM,True,NYM,True
778325,2025,27,STL,HOU,5.0,-0.45543276737361704,4.382352980669307,2025-04-14,8.0,3.0,0.45403574648660716,HOU,STL,False,HOU,False
778326,2025,27,LAD,COL,2.0,2.1669691329652503,4.382352980669307,2025-04-14,5.0,3.0,0.7086406778636656,LAD,LAD,True,LAD,True
778327,2025,27,NYY,KC,3.0,0.19130281697793458,4.382352980669307,2025-04-14,4.0,1.0,0.5193424422151992,NYY,NYY,True,NYY,True
778328,2025,27,TB,BOS,15.0,0.04523923698837914,4.382352980669307,2025-04-14,16.0,1.0,0.5045757885774511,TB,TB,True,TB,True
778302,2025,28,LAD,COL,4.0,1.5534791813959534,4.3895177280973146,2025-04-15,6.0,2.0,0.6529250183023703,LAD,LAD,True,LAD,True
778305,2025,28,SD,CHC,-1.0,-0.30649926517008463,4.3895177280973146,2025-04-15,1.0,2.0,0.46907963045455986,CHC,CHC,True,CHC,False
778306,2025,28,TEX,LAA,4.0,0.5444936671736588,4.3895177280973146,2025-04-15,4.0,0.0,0.5548113287539775,TEX,TEX,True,TEX,True
778307,2025,28,MIN,NYM,3.0,-0.5980264092822918,4.3895177280973146,2025-04-15,6.0,3.0,0.4398390074554994,NYM,MIN,False,NYM,False
778308,2025,28,STL,HOU,-2.0,-0.8256107216899443,4.3895177280973146,2025-04-15,0.0,2.0,0.417229806650526,HOU,HOU,True,HOU,True
778309,2025,28,CWS,ATH,-9.0,-0.5058637529898048,4.3895177280973146,2025-04-15,3.0,12.0,0.4490553249567467,ATH,ATH,True,ATH,True
778310,2025,28,MIL,DET,5.0,-0.13784555292640646,4.3895177280973146,2025-04-15,5.0,0.0,0.4860826871231482,DET,MIL,False,DET,False
778311,2025,28,TOR,ATL,3.0,-0.4447888360526673,4.3895177280973146,2025-04-15,6.0,3.0,0.4551783470859277,ATL,TOR,False,ATL,False
778312,2025,28,NYY,KC,2.0,0.5911493578741647,4.3895177280973146,2025-04-15,4.0,2.0,0.5594743446881817,NYY,NYY,True,NYY,True
778313,2025,28,PHI,SF,2.0,0.12913808389237805,4.3895177280973146,2025-04-15,6.0,4.0,0.5130385035432462,PHI,PHI,True,PHI,True
778314,2025,28,PIT,WSH,-3.0,0.12316660386306151,4.3895177280973146,2025-04-15,0.0,3.0,0.5124357895604559,PIT,WSH,False,PIT,False
778316,2025,28,CIN,SEA,4.0,-0.28221265774879994,4.3895177280973146,2025-04-15,8.0,4.0,0.47152537662643224,SEA,CIN,False,SEA,False
778317,2025,28,BAL,CLE,-3.0,0.18956459558552724,4.3895177280973146,2025-04-15,3.0,6.0,0.5191355673986741,BAL,CLE,False,BAL,False
778318,2025,28,MIA,AZ,-6.0,-0.9141866383835145,4.3895177280973146,2025-04-15,4.0,10.0,0.4084995081936861,AZ,AZ,True,AZ,True
778319,2025,28,TB,BOS,-3.0,0.1547056936927158,4.3895177280973146,2025-04-15,4.0,7.0,0.515618742208859,TB,BOS,False,TB,False
778287,2025,29,LAD,COL,1.0,1.5374119011296101,4.3895177280973146,2025-04-16,8.0,7.0,0.6514220082369295,LAD,LAD,True,LAD,False
778288,2025,29,SD,CHC,2.0,0.1043743457711954,4.3895177280973146,2025-04-16,4.0,2.0,0.5105388686842007,SD,SD,True,SD,True
778289,2025,29,TEX,LAA,2.0,0.4194643761546496,4.3895177280973146,2025-04-16,3.0,1.0,0.5422795560483884,TEX,TEX,True,TEX,True
778290,2025,29,STL,HOU,3.0,-0.4487233107440035,4.3895177280973146,2025-04-16,4.0,1.0,0.4547835622318104,HOU,STL,False,HOU,False
778293,2025,29,PIT,WSH,5.0,-0.27371539782247467,4.3895177280973146,2025-04-16,6.0,1.0,0.47238133877080946,WSH,PIT,False,WSH,False
778294,2025,29,CWS,ATH,-2.0,-0.7539242415207139,4.3895177280973146,2025-04-16,1.0,3.0,0.42432564960828884,ATH,ATH,True,ATH,True
778295,2025,29,MIL,DET,4.0,0.10298591083476968,4.3895177280973146,2025-04-16,5.0,1.0,0.510398707836345,MIL,MIL,True,MIL,True
778296,2025,29,PHI,SF,-7.0,0.49141544901190454,4.3895177280973146,2025-04-16,4.0,11.0,0.5494972105677074,PHI,SF,False,PHI,False
778297,2025,29,TOR,ATL,2.0,-0.220472164303124,4.3895177280973146,2025-04-16,3.0,1.0,0.47774748379641907,ATL,TOR,False,ATL,False
778298,2025,29,TB,BOS,-1.0,0.4798594594506627,4.3895177280973146,2025-04-16,0.0,1.0,0.548339029848041,TB,BOS,False,TB,False
778299,2025,29,MIN,NYM,1.0,-0.32123813546995494,4.3895177280973146,2025-04-16,4.0,3.0,0.46759593751615347,NYM,MIN,False,NYM,False
778300,2025,29,NYY,KC,1.0,0.31512992982907995,4.3895177280973146,2025-04-16,4.0,3.0,0.5317892315069747,NYY,NYY,True,NYY,False
778301,2025,29,BAL,CLE,8.0,0.06839506644461187,4.3895177280973146,2025-04-16,9.0,1.0,0.5069064334293266,BAL,BAL,True,BAL,True
778303,2025,29,MIA,AZ,-4.0,-1.1601436152547075,4.3895177280973146,2025-04-16,2.0,6.0,0.3845068865621171,AZ,AZ,True,AZ,True
778304,2025,29,CIN,SEA,-2.0,-0.12407460206750509,4.3895177280973146,2025-04-16,3.0,5.0,0.48747256241436604,SEA,SEA,True,SEA,True
778278,2025,30,NYM,STL,3.0,0.21574596910344193,4.3895177280973146,2025-04-17,4.0,1.0,0.5217759749619324,NYM,NYM,True,NYM,True
778279,2025,30,PHI,SF,2.0,0.5167131548591801,4.3895177280973146,2025-04-17,6.0,4.0,0.5520311487157946,PHI,PHI,True,PHI,True
778280,2025,30,PIT,WSH,1.0,0.27183240215295756,4.3895177280973146,2025-04-17,1.0,0.0,0.5274289623235289,PIT,PIT,True,PIT,False
778281,2025,30,TEX,LAA,2.0,0.43096816104080615,4.3895177280973146,2025-04-17,5.0,3.0,0.5434345392539327,TEX,TEX,True,TEX,True
778282,2025,30,TB,NYY,-3.0,-0.3083306146516522,4.3895177280973146,2025-04-17,3.0,6.0,0.46889525330502746,NYY,NYY,True,NYY,True
778283,2025,30,CWS,ATH,-8.0,-0.32968527046793716,4.3895177280973146,2025-04-17,0.0,8.0,0.4667458056172006,ATH,ATH,True,ATH,True
778285,2025,30,CIN,SEA,-4.0,0.19381351121501006,4.3895177280973146,2025-04-17,7.0,11.0,0.519564133275801,CIN,SEA,False,CIN,False
778286,2025,30,DET,KC,5.0,0.6851511514080608,4.3895177280973146,2025-04-17,6.0,1.0,0.5688437245251563,DET,DET,True,DET,True
778291,2025,30,MIA,AZ,-2.0,-1.1429006780085467,4.3895177280973146,2025-04-17,4.0,6.0,0.38617571758729236,AZ,AZ,True,AZ,True
778292,2025,30,BAL,CLE,4.0,0.17190140601336013,4.3895177280973146,2025-04-17,6.0,2.0,0.5173537424214641,BAL,BAL,True,BAL,True
778260,2025,31,LAA,SF,2.0,-1.387501847268499,4.3895177280973146,2025-04-18,2.0,0.0,0.36271316565503964,SF,LAA,False,SF,False
778261,2025,31,MIL,ATH,2.0,0.9233654246338381,4.3895177280973146,2025-04-18,5.0,3.0,0.5924026669544933,MIL,MIL,True,MIL,True
778263,2025,31,TEX,LAD,-3.0,-0.7508510427194005,4.3895177280973146,2025-04-18,0.0,3.0,0.42463041465227436,LAD,LAD,True,LAD,True
778268,2025,31,CHC,AZ,2.0,0.0930549982687689,4.3895177280973146,2025-04-18,13.0,11.0,0.5093961576727388,CHC,CHC,True,CHC,True
778269,2025,31,HOU,SD,2.0,-0.11109232714288231,4.3895177280973146,2025-04-18,6.0,4.0,0.4887829778188033,SD,HOU,False,SD,False
778270,2025,31,NYM,STL,1.0,0.2532774100448891,4.3895177280973146,2025-04-18,5.0,4.0,0.5255593481192925,NYM,NYM,True,NYM,False
778271,2025,31,PIT,CLE,-3.0,-0.3213070777288228,4.3895177280973146,2025-04-18,7.0,10.0,0.4675889984638163,CLE,CLE,True,CLE,True
778272,2025,31,TB,NYY,-1.0,0.15889160539128103,4.3895177280973146,2025-04-18,0.0,1.0,0.5160411177072424,TB,NYY,False,TB,False
778273,2025,31,TOR,SEA,2.0,-0.4069646674932267,4.3895177280973146,2025-04-18,3.0,1.0,0.45897582274107007,SEA,TOR,False,SEA,False
778274,2025,31,PHI,MIA,5.0,0.9755429555956683,4.3895177280973146,2025-04-18,7.0,2.0,0.5975217103435954,PHI,PHI,True,PHI,True
778275,2025,31,BOS,CWS,7.0,1.124350974267587,4.3895177280973146,2025-04-18,10.0,3.0,0.6120266245169785,BOS,BOS,True,BOS,True
778276,2025,31,BAL,CIN,-5.0,0.34505939418866965,4.3895177280973146,2025-04-18,3.0,8.0,0.5348010764878051,BAL,CIN,False,BAL,False
778277,2025,31,DET,KC,4.0,0.31797699690115766,4.3895177280973146,2025-04-18,7.0,3.0,0.5320758170134344,DET,DET,True,DET,True
778284,2025,31,ATL,MIN,2.0,0.20679675673929243,4.3895177280973146,2025-04-18,6.0,4.0,0.5208735430714915,ATL,ATL,True,ATL,True
778243,2025,32,LAA,SF,-1.0,-1.2106434361515235,4.3895177280973146,2025-04-19,2.0,3.0,0.37963174461918514,SF,SF,True,SF,False
778247,2025,32,COL,WSH,-1.0,-0.6023170252455937,4.3895177280973146,2025-04-19,11.0,12.0,0.439410697022633,WSH,WSH,True,WSH,False
778251,2025,32,TEX,LAD,1.0,-0.3978493204798445,4.3895177280973146,2025-04-19,4.0,3.0,0.45989155988753844,LAD,TEX,False,LAD,False
778252,2025,32,PHI,MIA,1.0,1.0630643320286568,4.3895177280973146,2025-04-19,11.0,10.0,0.6060704240819382,PHI,PHI,True,PHI,False
778253,2025,32,MIL,ATH,-2.0,0.8956147801562322,4.3895177280973146,2025-04-19,1.0,3.0,0.5896736003513587,MIL,ATH,False,MIL,False
778254,2025,32,PIT,CLE,-3.0,-0.0609247569571337,4.3895177280973146,2025-04-19,0.0,3.0,0.4938478439925693,CLE,CLE,True,CLE,True
778255,2025,32,TB,NYY,2.0,0.03150470381337389,4.3895177280973146,2025-04-19,10.0,8.0,0.5031814239547278,TB,TB,True,TB,True
778256,2025,32,NYM,STL,3.0,0.5081799309634412,4.3895177280973146,2025-04-19,3.0,0.0,0.551176652571459,NYM,NYM,True,NYM,True
778257,2025,32,CHC,AZ,4.0,0.309850410728275,4.3895177280973146,2025-04-19,6.0,2.0,0.5312577521145941,CHC,CHC,True,CHC,True
778258,2025,32,TOR,SEA,-4.0,-0.2877100382931826,4.3895177280973146,2025-04-19,4.0,8.0,0.4709716738520451,SEA,SEA,True,SEA,True
778259,2025,32,HOU,SD,1.0,-0.49832351346399106,4.3895177280973146,2025-04-19,3.0,2.0,0.44981064022915074,SD,HOU,False,SD,False
778262,2025,32,BAL,CIN,4.0,-0.20031423780950397,4.3895177280973146,2025-04-19,9.0,5.0,0.47978021639621965,CIN,BAL,False,CIN,False
778264,2025,32,BOS,CWS,1.0,1.3865791505194023,4.3895177280973146,2025-04-19,4.0,3.0,0.6371992267295767,BOS,BOS,True,BOS,False
778265,2025,32,DET,KC,2.0,0.659873643302832,4.3895177280973146,2025-04-19,3.0,1.0,0.5663278348148025,DET,DET,True,DET,True
778267,2025,32,ATL,MIN,1.0,0.6332268115801847,4.3895177280973146,2025-04-19,4.0,3.0,0.5636727443977774,ATL,ATL,True,ATL,False
778232,2025,33,LAA,SF,1.0,-0.7917442227804953,4.3895177280973146,2025-04-20,5.0,4.0,0.42057885123894045,SF,LAA,False,SF,False
778234,2025,33,TEX,LAD,-1.0,-0.4866276704086845,4.3895177280973146,2025-04-20,0.0,1.0,0.45098258638395794,LAD,LAD,True,LAD,False
778235,2025,33,COL,WSH,-1.0,-0.3845791613750588,4.3895177280973146,2025-04-20,2.0,3.0,0.46122507284138764,WSH,WSH,True,WSH,False
778236,2025,33,CHC,AZ,-1.0,0.23501577378608704,4.3895177280973146,2025-04-20,2.0,3.0,0.5237187426696956,CHC,AZ,False,CHC,False
778237,2025,33,HOU,SD,-1.0,-0.26998913104431127,4.3895177280973146,2025-04-20,2.0,3.0,0.4727567406313596,SD,SD,True,SD,False
778239,2025,33,MIL,ATH,13.0,0.8934326082480162,4.3895177280973146,2025-04-20,14.0,1.0,0.5894588140791014,MIL,MIL,True,MIL,True
778240,2025,33,TB,NYY,-4.0,-0.4835639803137082,4.3895177280973146,2025-04-20,0.0,4.0,0.4512896451354276,NYY,NYY,True,NYY,True
778241,2025,33,TOR,SEA,-5.0,-0.03722651238984964,4.3895177280973146,2025-04-20,3.0,8.0,0.4962407892614319,SEA,SEA,True,SEA,True
778242,2025,33,PIT,CLE,-1.0,-0.17604341405726343,4.3895177280973146,2025-04-20,4.0,5.0,0.4822283881912821,CLE,CLE,True,CLE,False
778244,2025,33,NYM,STL,3.0,0.279150158758535,4.3895177280973146,2025-04-20,7.0,4.0,0.5281661408535107,NYM,NYM,True,NYM,True
778245,2025,33,BOS,CWS,-4.0,1.068720503659022,4.3895177280973146,2025-04-20,4.0,8.0,0.6066211884321691,BOS,CWS,False,BOS,False
778246,2025,33,DET,KC,-1.0,0.9121636937747818,4.3895177280973146,2025-04-20,3.0,4.0,0.5913015928785949,DET,KC,False,DET,False
778248,2025,33,PHI,MIA,-2.0,1.076284890168389,4.3895177280973146,2025-04-20,5.0,7.0,0.6073574298652009,PHI,MIA,False,PHI,False
778249,2025,33,ATL,MIN,4.0,0.3998721842372113,4.3895177280973146,2025-04-20,6.0,2.0,0.5403116776311728,ATL,ATL,True,ATL,True
778250,2025,33,BAL,CIN,-22.0,-0.22509528457382544,4.3895177280973146,2025-04-20,2.0,24.0,0.4772813663546547,CIN,CIN,True,CIN,True
778266,2025,33,COL,WSH,2.0,-0.9850281888503669,4.3895177280973146,2025-04-20,3.0,1.0,0.40154947646670175,WSH,COL,False,WSH,False
778225,2025,34,NYM,PHI,1.0,0.31815354866276824,4.3895177280973146,2025-04-21,5.0,4.0,0.5320935881514651,NYM,NYM,True,NYM,False
778226,2025,34,SF,MIL,3.0,-0.4155413519801271,4.3895177280973146,2025-04-21,5.0,2.0,0.45811439882423294,MIL,SF,False,MIL,False
778227,2025,34,CLE,NYY,2.0,-0.6161973641649527,4.3895177280973146,2025-04-21,6.0,4.0,0.43802558149591464,NYY,CLE,False,NYY,False
778228,2025,34,DET,SD,2.0,-0.33352333958329217,4.3895177280973146,2025-04-21,6.0,4.0,0.4663595866682896,SD,DET,False,SD,False
778230,2025,34,MIA,CIN,3.0,-0.866932882420643,4.3895177280973146,2025-04-21,6.0,3.0,0.4131516173137745,CIN,MIA,False,CIN,False
778231,2025,34,HOU,TOR,7.0,0.2314281807701303,4.3895177280973146,2025-04-21,7.0,0.0,0.523357085469904,HOU,HOU,True,HOU,True
778233,2025,34,ATL,STL,1.0,0.6330860344747017,4.3895177280973146,2025-04-21,7.0,6.0,0.5636587096359331,ATL,ATL,True,ATL,False
778238,2025,34,BOS,CWS,2.0,1.2163148701510993,4.3895177280973146,2025-04-21,4.0,2.0,0.6209145860260181,BOS,BOS,True,BOS,True
778210,2025,35,SF,MIL,-8.0,-0.1570557102686561,4.387241645537624,2025-04-22,3.0,11.0,0.484135907759054,MIL,MIL,True,MIL,True
778211,2025,35,LAA,PIT,-6.0,-0.2557250821540324,4.387241645537624,2025-04-22,3.0,9.0,0.4741806202248537,PIT,PIT,True,PIT,True
778212,2025,35,AZ,TB,4.0,0.2833472575085552,4.387241645537624,2025-04-22,5.0,1.0,0.5286037125373989,AZ,AZ,True,AZ,True
778213,2025,35,ATH,TEX,-3.0,-0.11408127262122227,4.387241645537624,2025-04-22,5.0,8.0,0.4884752917603233,TEX,TEX,True,TEX,True
778215,2025,35,KC,COL,1.0,1.2783597435221845,4.387241645537624,2025-04-22,4.0,3.0,0.6269389521188313,KC,KC,True,KC,False
778216,2025,35,MIN,CWS,2.0,1.1477999884782086,4.387241645537624,2025-04-22,4.0,2.0,0.6143563169107825,MIN,MIN,True,MIN,True
778217,2025,35,HOU,TOR,4.0,0.16195189321933118,4.387241645537624,2025-04-22,5.0,1.0,0.5163583793265443,HOU,HOU,True,HOU,True
778218,2025,35,CLE,NYY,1.0,-0.5920060526643252,4.387241645537624,2025-04-22,3.0,2.0,0.44040943910406033,NYY,CLE,False,NYY,False
778219,2025,35,MIA,CIN,1.0,-1.1311685070296569,4.387241645537624,2025-04-22,4.0,3.0,0.3872555244466052,CIN,MIA,False,CIN,False
778220,2025,35,CHC,LAD,1.0,-0.0753593266230531,4.387241645537624,2025-04-22,11.0,10.0,0.4923864598057932,LAD,CHC,False,LAD,False
778221,2025,35,DET,SD,-2.0,-0.5816228499217279,4.387241645537624,2025-04-22,0.0,2.0,0.4414469940796851,SD,SD,True,SD,True
778222,2025,35,WSH,BAL,7.0,-0.42975703107407953,4.387241645537624,2025-04-22,7.0,0.0,0.4566646594081901,BAL,WSH,False,BAL,False
778223,2025,35,NYM,PHI,4.0,-0.06205661345768433,4.387241645537624,2025-04-22,5.0,1.0,0.49373030818417796,PHI,NYM,False,PHI,False
778224,2025,35,BOS,SEA,5.0,-0.5835285533514324,4.387241645537624,2025-04-22,8.0,3.0,0.4412565338716657,SEA,BOS,False,SEA,False
778229,2025,35,ATL,STL,-6.0,0.2798344354069642,4.387241645537624,2025-04-22,4.0,10.0,0.5282496925754628,ATL,STL,False,ATL,False
778197,2025,36,ATH,TEX,3.0,-0.24367368246002008,4.387241645537624,2025-04-23,5.0,2.0,0.47539581227767636,TEX,ATH,False,TEX,False
778198,2025,36,SF,MIL,2.0,0.23362651306326837,4.387241645537624,2025-04-23,4.0,2.0,0.5235909149804708,SF,SF,True,SF,True
778199,2025,36,AZ,TB,-1.0,0.46183301902716306,4.387241645537624,2025-04-23,6.0,7.0,0.5465555708305797,AZ,TB,False,AZ,False
778200,2025,36,HOU,TOR,2.0,0.37725988064461047,4.387241645537624,2025-04-23,3.0,1.0,0.5380589026434252,HOU,HOU,True,HOU,True
778201,2025,36,MIN,CWS,3.0,1.4298795565707476,4.387241645537624,2025-04-23,6.0,3.0,0.6413728333453752,MIN,MIN,True,MIN,True
778202,2025,36,LAA,PIT,-3.0,-0.5799487142364235,4.387241645537624,2025-04-23,0.0,3.0,0.4416143220703395,PIT,PIT,True,PIT,True
778203,2025,36,NYM,PHI,1.0,0.5050832890892208,4.387241645537624,2025-04-23,4.0,3.0,0.5508927492558241,NYM,NYM,True,NYM,False
778204,2025,36,WSH,BAL,1.0,-0.5272377299905527,4.387241645537624,2025-04-23,4.0,3.0,0.4468879020795843,BAL,WSH,False,BAL,False
778205,2025,36,CHC,LAD,1.0,0.10175435757439649,4.387241645537624,2025-04-23,7.0,6.0,0.5102797120582027,CHC,CHC,True,CHC,False
778206,2025,36,CLE,NYY,-4.0,-0.4423432837765157,4.387241645537624,2025-04-23,1.0,5.0,0.455400726516889,NYY,NYY,True,NYY,True
778207,2025,36,BOS,SEA,-3.0,-0.33079170766220345,4.387241645537624,2025-04-23,5.0,8.0,0.4666171938754794,SEA,SEA,True,SEA,True
778208,2025,36,MIA,CIN,-3.0,-0.5055229739949945,4.387241645537624,2025-04-23,2.0,5.0,0.44906318903652853,CIN,CIN,True,CIN,True
778209,2025,36,DET,SD,6.0,-0.20694909155083097,4.387241645537624,2025-04-23,6.0,0.0,0.4791002675319883,SD,DET,False,SD,False
778214,2025,36,ATL,STL,3.0,-0.14839173277971657,4.387241645537624,2025-04-23,4.0,1.0,0.48501062636976566,STL,ATL,False,STL,False
778188,2025,37,AZ,TB,-3.0,-0.024326990214111235,4.387241645537624,2025-04-24,4.0,7.0,0.49754211457839975,TB,TB,True,TB,True
778189,2025,37,MIN,CWS,-3.0,1.2708927875537666,4.387241645537624,2025-04-24,0.0,3.0,0.6262228231635388,MIN,CWS,False,MIN,False
778190,2025,37,KC,COL,3.0,2.091762114912909,4.387241645537624,2025-04-24,7.0,4.0,0.7018604334140429,KC,KC,True,KC,True
778191,2025,37,LAA,PIT,1.0,-0.7601401663626627,4.387241645537624,2025-04-24,4.0,3.0,0.42367027022564646,PIT,LAA,False,PIT,False
778192,2025,37,ATH,TEX,1.0,-0.32184707089228837,4.387241645537624,2025-04-24,4.0,3.0,0.4675178427538275,TEX,ATH,False,TEX,False
778193,2025,37,WSH,BAL,-1.0,-0.2964390901772548,4.387241645537624,2025-04-24,1.0,2.0,0.4700771022524659,BAL,BAL,True,BAL,False
778194,2025,37,SF,MIL,1.0,-0.038187636063099314,4.387241645537624,2025-04-24,6.0,5.0,0.49614173542516354,MIL,SF,False,MIL,False
778196,2025,37,BOS,SEA,-1.0,-0.23223696360472246,4.387241645537624,2025-04-24,3.0,4.0,0.4765492354119469,SEA,SEA,True,SEA,False
778195,2025,37,KC,COL,4.0,0.9883098087940169,4.387241645537624,2025-04-24,6.0,2.0,0.5988219186590883,KC,KC,True,KC,True
778171,2025,38,SF,TEX,-2.0,0.209578622004912,4.387241645537624,2025-04-25,0.0,2.0,0.5211650403121207,SF,TEX,False,SF,False
778172,2025,38,SD,TB,-1.0,0.5346616353249202,4.387241645537624,2025-04-25,0.0,1.0,0.5538554284632664,SD,TB,False,SD,False
778175,2025,38,SEA,MIA,-4.0,1.496888230061153,4.387241645537624,2025-04-25,4.0,8.0,0.6476936907942246,SEA,MIA,False,SEA,False
778176,2025,38,LAD,PIT,-3.0,0.5396429403098989,4.387241645537624,2025-04-25,0.0,3.0,0.5543540837722178,LAD,PIT,False,LAD,False
778177,2025,38,AZ,ATL,-6.0,-0.0318547960421726,4.387241645537624,2025-04-25,2.0,8.0,0.49678155480261427,ATL,ATL,True,ATL,True
778178,2025,38,ATH,CWS,1.0,0.9834625549639157,4.387241645537624,2025-04-25,6.0,5.0,0.5983472023002062,ATH,ATH,True,ATH,False
778181,2025,38,COL,CIN,-1.0,-1.0282238588204242,4.387241645537624,2025-04-25,7.0,8.0,0.39727470054922565,CIN,CIN,True,CIN,False
778182,2025,38,CHC,PHI,4.0,0.9536966930714725,4.387241645537624,2025-04-25,4.0,0.0,0.5954289215543361,CHC,CHC,True,CHC,True
778183,2025,38,WSH,NYM,1.0,-0.9881610231633248,4.387241645537624,2025-04-25,5.0,4.0,0.4011926505124958,NYM,WSH,False,NYM,False
778184,2025,38,STL,MIL,1.0,-0.3397461904766061,4.387241645537624,2025-04-25,3.0,2.0,0.46571572477650836,MIL,STL,False,MIL,False
778185,2025,38,NYY,TOR,-2.0,0.7444568750862041,4.387241645537624,2025-04-25,2.0,4.0,0.5747736552720257,NYY,TOR,False,NYY,False
778186,2025,38,MIN,LAA,7.0,0.9619995718656115,4.387241645537624,2025-04-25,11.0,4.0,0.59624348728428,MIN,MIN,True,MIN,True
778187,2025,38,KC,HOU,2.0,-0.4298301806286981,4.387241645537624,2025-04-25,2.0,0.0,0.45665731232619666,HOU,KC,False,HOU,False
778154,2025,39,SEA,MIA,14.0,0.9204513172109746,4.387241645537624,2025-04-26,14.0,0.0,0.592163225015157,SEA,SEA,True,SEA,True
778159,2025,39,SF,TEX,1.0,0.03992985096519593,4.387241645537624,2025-04-26,3.0,2.0,0.5040342823280698,SF,SF,True,SF,False
778160,2025,39,SD,TB,-3.0,0.774668299585265,4.387241645537624,2025-04-26,1.0,4.0,0.5777701303927372,SD,TB,False,SD,False
778161,2025,39,COL,CIN,-2.0,-1.525590589028597,4.387241645537624,2025-04-26,4.0,6.0,0.3496111552544907,CIN,CIN,True,CIN,True
778162,2025,39,AZ,ATL,-1.0,0.26115270900102683,4.387241645537624,2025-04-26,7.0,8.0,0.5263665918774934,AZ,ATL,False,AZ,False
778163,2025,39,LAD,PIT,4.0,0.7167024116231228,4.387241645537624,2025-04-26,8.0,4.0,0.5720170537308217,LAD,LAD,True,LAD,True
778164,2025,39,STL,MIL,1.0,-0.14836181855743819,4.387241645537624,2025-04-26,6.0,5.0,0.4850136466489166,MIL,STL,False,MIL,False
778165,2025,39,ATH,CWS,-7.0,0.7236247434964816,4.387241645537624,2025-04-26,3.0,10.0,0.5727049213249068,ATH,CWS,False,ATH,False
778166,2025,39,MIN,LAA,4.0,0.6700268132275138,4.387241645537624,2025-04-26,5.0,1.0,0.5673733175817465,MIN,MIN,True,MIN,True
778167,2025,39,KC,HOU,2.0,-0.5046370088475495,4.387241645537624,2025-04-26,2.0,0.0,0.4491519740254977,HOU,KC,False,HOU,False
778168,2025,39,DET,BAL,1.0,0.6954027031906991,4.387241645537624,2025-04-26,4.0,3.0,0.5698991513410572,DET,DET,True,DET,False
778173,2025,39,WSH,NYM,-2.0,-0.5903140316665793,4.387241645537624,2025-04-26,0.0,2.0,0.44057848878433625,NYM,NYM,True,NYM,True
778174,2025,39,CHC,PHI,-6.0,0.26720116642232966,4.387241645537624,2025-04-26,4.0,10.0,0.526976337322178,CHC,PHI,False,CHC,False
778179,2025,39,CLE,BOS,1.0,0.4313696044166032,4.387241645537624,2025-04-26,5.0,4.0,0.5434973027108201,CLE,CLE,True,CLE,False
778169,2025,39,CLE,BOS,-4.0,0.10617059713234633,4.387241645537624,2025-04-26,3.0,7.0,0.5107257564322863,CLE,BOS,False,CLE,False
778180,2025,39,DET,BAL,4.0,0.3818199393653105,4.387241645537624,2025-04-26,6.0,2.0,0.5385175090189124,DET,DET,True,DET,True
778136,2025,40,SEA,MIA,1.0,1.1592498342754696,4.387241645537624,2025-04-27,7.0,6.0,0.6154648348804664,SEA,SEA,True,SEA,False
778144,2025,40,MIN,LAA,5.0,1.0758474218412026,4.387241645537624,2025-04-27,5.0,0.0,0.6073691722284771,MIN,MIN,True,MIN,True
778145,2025,40,LAD,PIT,7.0,0.9274037672481039,4.387241645537624,2025-04-27,9.0,2.0,0.5928467027437675,LAD,LAD,True,LAD,True
778146,2025,40,SD,TB,-2.0,0.40661666413883996,4.387241645537624,2025-04-27,2.0,4.0,0.5410104104396799,SD,TB,False,SD,False
778147,2025,40,AZ,ATL,2.0,0.14269514286363308,4.387241645537624,2025-04-27,6.0,4.0,0.514414204079866,AZ,AZ,True,AZ,True
778148,2025,40,COL,CIN,-7.0,-1.267604180811623,4.387241645537624,2025-04-27,1.0,8.0,0.3740927137496484,CIN,CIN,True,CIN,True
778149,2025,40,ATH,CWS,1.0,0.7425479125113461,4.387241645537624,2025-04-27,3.0,2.0,0.5745841705860266,ATH,ATH,True,ATH,False
778150,2025,40,STL,MIL,-6.0,-0.38398552484497456,4.387241645537624,2025-04-27,1.0,7.0,0.46126471534472063,MIL,MIL,True,MIL,True
778151,2025,40,SF,TEX,1.0,0.4093957692626237,4.387241645537624,2025-04-27,3.0,2.0,0.5412897049498646,SF,SF,True,SF,False
778152,2025,40,KC,HOU,-4.0,-0.3529774069877043,4.387241645537624,2025-04-27,3.0,7.0,0.4643840300136309,HOU,HOU,True,HOU,True
778153,2025,40,WSH,NYM,1.0,-0.6085912635444336,4.387241645537624,2025-04-27,8.0,7.0,0.43875299172663584,NYM,WSH,False,NYM,False
778155,2025,40,DET,BAL,7.0,0.9885571985185043,4.387241645537624,2025-04-27,7.0,0.0,0.5988461428941024,DET,DET,True,DET,True
778156,2025,40,NYY,TOR,9.0,0.9211206906608406,4.387241645537624,2025-04-27,11.0,2.0,0.5922290416603273,NYY,NYY,True,NYY,True
778157,2025,40,CLE,BOS,-10.0,-0.1324500323146604,4.387241645537624,2025-04-27,3.0,13.0,0.4866202921809826,BOS,BOS,True,BOS,True
778158,2025,40,CHC,PHI,-2.0,0.4163257488662589,4.387241645537624,2025-04-27,1.0,3.0,0.5419860649756187,CHC,PHI,False,CHC,False
778170,2025,40,NYY,TOR,4.0,0.7656911426721578,4.387241645537624,2025-04-27,5.0,1.0,0.5768802062076834,NYY,NYY,True,NYY,True
778132,2025,41,LAD,MIA,1.0,1.6000462806871434,4.387241645537624,2025-04-28,7.0,6.0,0.6573447060010627,LAD,LAD,True,LAD,False
778137,2025,41,COL,ATL,-3.0,-1.283333516355729,4.387241645537624,2025-04-28,3.0,6.0,0.372584274254366,ATL,ATL,True,ATL,True
778138,2025,41,WSH,NYM,-14.0,-0.6044170803195847,4.387241645537624,2025-04-28,5.0,19.0,0.4391697883024983,NYM,NYM,True,NYM,True
778139,2025,41,CLE,MIN,-10.0,0.01595647320950426,4.387241645537624,2025-04-28,1.0,11.0,0.5016121733065486,CLE,MIN,False,CLE,False
778140,2025,41,BAL,NYY,1.0,-0.7533711045333383,4.387241645537624,2025-04-28,4.0,3.0,0.424341742683043,NYY,BAL,False,NYY,False
778141,2025,41,CIN,STL,2.0,0.7417469374813254,4.387241645537624,2025-04-28,3.0,1.0,0.5745046602259908,CIN,CIN,True,CIN,True
778142,2025,41,HOU,DET,3.0,-0.15440073146807182,4.387241645537624,2025-04-28,8.0,5.0,0.4844039475561183,DET,HOU,False,DET,False
778143,2025,41,TEX,ATH,-1.0,0.4203361583325507,4.387241645537624,2025-04-28,1.0,2.0,0.5423889928405,TEX,ATH,False,TEX,False
778120,2025,42,COL,ATL,-6.0,-1.9053204019613248,4.385434993511092,2025-04-29,2.0,8.0,0.31464035866667894,ATL,ATL,True,ATL,True
778121,2025,42,SEA,LAA,2.0,1.4261939548832068,4.385434993511092,2025-04-29,5.0,3.0,0.6410796422677307,SEA,SEA,True,SEA,True
778122,2025,42,TEX,ATH,13.0,0.7714775938484105,4.385434993511092,2025-04-29,15.0,2.0,0.5774853785244575,TEX,TEX,True,TEX,True
778123,2025,42,LAD,MIA,13.0,1.2706561777262837,4.385434993511092,2025-04-29,15.0,2.0,0.6262503427408332,LAD,LAD,True,LAD,True
778124,2025,42,HOU,DET,2.0,0.06184314976473407,4.385434993511092,2025-04-29,6.0,4.0,0.5062507007676043,HOU,HOU,True,HOU,True
778125,2025,42,CWS,MIL,-5.0,-1.691895746505049,4.385434993511092,2025-04-29,2.0,7.0,0.33408337881075656,MIL,MIL,True,MIL,True
778126,2025,42,SD,SF,3.0,0.26074415236321935,4.385434993511092,2025-04-29,7.0,4.0,0.526336232426426,SD,SD,True,SD,True
778127,2025,42,TOR,BOS,-8.0,-0.3019271662582581,4.385434993511092,2025-04-29,2.0,10.0,0.46951166814142103,BOS,BOS,True,BOS,True
778128,2025,42,TB,KC,-2.0,0.36618663088735526,4.385434993511092,2025-04-29,1.0,3.0,0.5369602298928948,TB,KC,False,TB,False
778129,2025,42,CLE,MIN,1.0,0.09139077877025192,4.385434993511092,2025-04-29,2.0,1.0,0.5092367342685992,CLE,CLE,True,CLE,False
778130,2025,42,NYM,AZ,5.0,0.22324891223590332,4.385434993511092,2025-04-29,8.0,3.0,0.522553435150842,NYM,NYM,True,NYM,True
778131,2025,42,PHI,WSH,1.0,0.9419059318664202,4.385434993511092,2025-04-29,7.0,6.0,0.5943095670394198,PHI,PHI,True,PHI,False
778133,2025,42,BAL,NYY,-12.0,-1.1401703994159333,4.385434993511092,2025-04-29,3.0,15.0,0.3863373429037102,NYY,NYY,True,NYY,True
778135,2025,42,PIT,CHC,-9.0,-0.6861235382259856,4.385434993511092,2025-04-29,0.0,9.0,0.43099600988621245,CHC,CHC,True,CHC,True
778102,2025,43,COL,ATL,1.0,-1.6859707272387183,4.385434993511092,2025-04-30,2.0,1.0,0.3346298692261598,ATL,COL,False,ATL,False
778104,2025,43,SEA,LAA,6.0,1.514243284032797,4.385434993511092,2025-04-30,9.0,3.0,0.6493827863499102,SEA,SEA,True,SEA,True
778105,2025,43,SD,SF,2.0,0.6073709108974849,4.385434993511092,2025-04-30,5.0,3.0,0.5611501451945076,SD,SD,True,SD,True
778106,2025,43,TEX,ATH,-6.0,0.7628449766381143,4.385434993511092,2025-04-30,1.0,7.0,0.5766291426164402,TEX,ATH,False,TEX,False
778109,2025,43,LAD,MIA,5.0,1.4895560189986286,4.385434993511092,2025-04-30,12.0,7.0,0.6470617383467109,LAD,LAD,True,LAD,True
778110,2025,43,HOU,DET,-3.0,0.21124462072538835,4.385434993511092,2025-04-30,4.0,7.0,0.5213419074203672,HOU,DET,False,HOU,False
778111,2025,43,CWS,MIL,-2.0,-1.6246844213334566,4.385434993511092,2025-04-30,4.0,6.0,0.3403029538158534,MIL,MIL,True,MIL,True
778112,2025,43,PIT,CHC,1.0,-0.8097036652905263,4.385434993511092,2025-04-30,4.0,3.0,0.41872757768747504,CHC,PIT,False,CHC,False
778113,2025,43,TB,KC,-3.0,0.5242102818810092,4.385434993511092,2025-04-30,0.0,3.0,0.5528305439599465,TB,KC,False,TB,False
778114,2025,43,TOR,BOS,1.0,0.1486646200563769,4.385434993511092,2025-04-30,7.0,6.0,0.5150231091052124,TOR,TOR,True,TOR,False
778115,2025,43,BAL,NYY,1.0,-0.9874716002141343,4.385434993511092,2025-04-30,5.0,4.0,0.4012203249820612,NYY,BAL,False,NYY,False
778116,2025,43,CLE,MIN,2.0,-0.2555093019392115,4.385434993511092,2025-04-30,4.0,2.0,0.47419176323064527,MIN,CLE,False,MIN,False
778117,2025,43,NYM,AZ,-1.0,0.15749492918399458,4.385434993511092,2025-04-30,3.0,4.0,0.5159149842233313,NYM,AZ,False,NYM,False
778118,2025,43,PHI,WSH,5.0,1.0292151663972229,4.385434993511092,2025-04-30,7.0,2.0,0.6028635229836294,PHI,PHI,True,PHI,True
778134,2025,43,CIN,STL,-6.0,0.45364959143994366,4.385434993511092,2025-04-30,0.0,6.0,0.5457530459063672,CIN,STL,False,CIN,False
778119,2025,43,CIN,STL,-8.0,0.5921088473583895,4.385434993511092,2025-04-30,1.0,9.0,0.5596252006893785,CIN,STL,False,CIN,False
778094,2025,44,CWS,MIL,8.0,-1.6944288459697183,4.385434993511092,2025-05-01,8.0,0.0,0.33384984719901806,MIL,CWS,False,MIL,False
778095,2025,44,TOR,BOS,2.0,-0.179028670502528,4.385434993511092,2025-05-01,4.0,2.0,0.48191041679663565,BOS,TOR,False,BOS,False
778096,2025,44,TEX,ATH,-3.0,0.8835718589267991,4.385434993511092,2025-05-01,0.0,3.0,0.5885689227852545,TEX,ATH,False,TEX,False
778097,2025,44,TB,KC,-6.0,0.19798681889409853,4.385434993511092,2025-05-01,2.0,8.0,0.5200036409739627,TB,KC,False,TB,False
778098,2025,44,SF,COL,-1.0,1.3754912720081085,4.385434993511092,2025-05-01,3.0,4.0,0.6362676037369687,SF,COL,False,SF,False
778099,2025,44,PHI,WSH,-2.0,0.3937937615431313,4.385434993511092,2025-05-01,2.0,4.0,0.5397377839968192,PHI,WSH,False,PHI,False
778100,2025,44,PIT,CHC,-5.0,-0.41565921640649517,4.385434993511092,2025-05-01,3.0,8.0,0.4580637005466321,CHC,CHC,True,CHC,True
778101,2025,44,LAA,DET,-6.0,-1.635144109139824,4.385434993511092,2025-05-01,4.0,10.0,0.33933212689361303,DET,DET,True,DET,True
778103,2025,44,NYM,AZ,-2.0,0.5233580605023056,4.385434993511092,2025-05-01,2.0,4.0,0.552745158675155,NYM,AZ,False,NYM,False
778107,2025,44,CIN,STL,8.0,0.4354972845717743,4.385434993511092,2025-05-01,9.0,1.0,0.5439298586937956,CIN,CIN,True,CIN,True
778108,2025,44,CLE,MIN,1.0,0.05853220985150847,4.385434993511092,2025-05-01,4.0,3.0,0.5059160778597088,CLE,CLE,True,CLE,False
778079,2025,45,CWS,HOU,4.0,-2.0299572929398324,4.385434993511092,2025-05-02,7.0,3.0,0.3035148436240509,HOU,CWS,False,HOU,False
778080,2025,45,MIL,CHC,-10.0,-0.08019562330861096,4.385434993511092,2025-05-02,0.0,10.0,0.49189457738650716,CHC,CHC,True,CHC,True
778081,2025,45,TOR,CLE,2.0,0.201771615934281,4.385434993511092,2025-05-02,5.0,3.0,0.5203857088771029,TOR,TOR,True,TOR,True
778082,2025,45,SF,COL,4.0,1.512892490504728,4.385434993511092,2025-05-02,4.0,0.0,0.649255930570622,SF,SF,True,SF,True
778083,2025,45,TEX,SEA,-12.0,-0.7613381426676193,4.385434993511092,2025-05-02,1.0,13.0,0.42352035163987833,SEA,SEA,True,SEA,True
778084,2025,45,STL,NYM,-6.0,-0.41992023663972,4.385434993511092,2025-05-02,3.0,9.0,0.4576354130882545,NYM,NYM,True,NYM,True
778085,2025,45,LAA,DET,-8.0,-2.03041825721768,4.385434993511092,2025-05-02,1.0,9.0,0.30347402403131996,DET,DET,True,DET,True
778086,2025,45,PHI,AZ,1.0,0.019986457931987098,4.385434993511092,2025-05-02,3.0,2.0,0.502020174367572,PHI,PHI,True,PHI,False
778087,2025,45,CIN,WSH,5.0,0.8594479565991953,4.385434993511092,2025-05-02,6.0,1.0,0.5861892655024952,CIN,CIN,True,CIN,True
778088,2025,45,NYY,TB,3.0,0.9788495148527512,4.385434993511092,2025-05-02,3.0,0.0,0.5979347985172234,NYY,NYY,True,NYY,True
778089,2025,45,BOS,MIN,5.0,-0.30060720959102594,4.385434993511092,2025-05-02,6.0,1.0,0.46964469807810455,MIN,BOS,False,MIN,False
778090,2025,45,PIT,SD,-5.0,-0.8945642599915817,4.385434993511092,2025-05-02,4.0,9.0,0.41034782639326906,SD,SD,True,SD,True
778091,2025,45,MIA,ATH,-5.0,-0.3931751936557045,4.385434993511092,2025-05-02,1.0,6.0,0.4603244294138963,ATH,ATH,True,ATH,True
778092,2025,45,ATL,LAD,-1.0,-0.4416286523116779,4.385434993511092,2025-05-02,1.0,2.0,0.455454211626517,LAD,LAD,True,LAD,False
778093,2025,45,BAL,KC,3.0,-0.6657419972495966,4.385434993511092,2025-05-02,3.0,0.0,0.4330261346294707,KC,BAL,False,KC,False
778064,2025,46,TOR,CLE,-2.0,0.16276505417189063,4.385434993511092,2025-05-03,3.0,5.0,0.5164472374868933,TOR,CLE,False,TOR,False
778065,2025,46,PIT,SD,-1.0,-0.6200938649663675,4.385434993511092,2025-05-03,1.0,2.0,0.4375793037011307,SD,SD,True,SD,False
778066,2025,46,CWS,HOU,-5.0,-1.8157836102706475,4.385434993511092,2025-05-03,3.0,8.0,0.32273869487934553,HOU,HOU,True,HOU,True
778067,2025,46,LAA,DET,3.0,-1.9612414800334341,4.385434993511092,2025-05-03,5.0,2.0,0.3096270076430624,DET,LAA,False,DET,False
778069,2025,46,SF,COL,3.0,1.615090381378903,4.385434993511092,2025-05-03,6.0,3.0,0.658805633420807,SF,SF,True,SF,True
778070,2025,46,TEX,SEA,-1.0,-0.6741440018286864,4.385434993511092,2025-05-03,1.0,2.0,0.4321890268404713,SEA,SEA,True,SEA,False
778071,2025,46,MIL,CHC,-4.0,-0.28769339235535873,4.385434993511092,2025-05-03,2.0,6.0,0.47094637505636766,CHC,CHC,True,CHC,True
778072,2025,46,BAL,KC,-4.0,-0.5154873755077306,4.385434993511092,2025-05-03,0.0,4.0,0.44804353160886334,KC,KC,True,KC,True
778073,2025,46,BOS,MIN,-1.0,-0.010117119970739566,4.385434993511092,2025-05-03,3.0,4.0,0.4989773870150142,MIN,MIN,True,MIN,False
778074,2025,46,NYY,TB,-1.0,0.9395333601842439,4.385434993511092,2025-05-03,2.0,3.0,0.5940764690653916,NYY,TB,False,NYY,False
778075,2025,46,MIA,ATH,3.0,-0.14817422585783835,4.385434993511092,2025-05-03,9.0,6.0,0.48502642372467275,ATH,MIA,False,ATH,False
778076,2025,46,ATL,LAD,-7.0,0.038616459624949376,4.385434993511092,2025-05-03,3.0,10.0,0.5039031964013269,ATL,LAD,False,ATL,False
778077,2025,46,CIN,WSH,-5.0,1.037640725905401,4.385434993511092,2025-05-03,6.0,11.0,0.6036864600984014,CIN,WSH,False,CIN,False
778078,2025,46,PHI,AZ,5.0,-0.03796748929985716,4.385434993511092,2025-05-03,7.0,2.0,0.49616239686801367,AZ,PHI,False,AZ,False
778048,2025,47,SF,COL,6.0,2.4873293948212334,4.385434993511092,2025-05-04,9.0,3.0,0.7357179957052349,SF,SF,True,SF,True
778050,2025,47,LAA,DET,-12.0,-1.5770888935331706,4.385434993511092,2025-05-04,1.0,13.0,0.34473387896379803,DET,DET,True,DET,True
778051,2025,47,PIT,SD,-4.0,-0.6505466821281033,4.385434993511092,2025-05-04,0.0,4.0,0.43454083392802734,SD,SD,True,SD,True
778052,2025,47,TEX,SEA,7.0,-0.18748542508211516,4.385434993511092,2025-05-04,8.0,1.0,0.4810565494724561,SEA,TEX,False,SEA,False
778053,2025,47,STL,NYM,1.0,-0.7165700974103696,4.385434993511092,2025-05-04,6.0,5.0,0.4279667576106261,NYM,STL,False,NYM,False
778054,2025,47,MIL,CHC,4.0,-0.34543497327391914,4.385434993511092,2025-05-04,4.0,0.0,0.46512878929858803,CHC,MIL,False,CHC,False
778055,2025,47,CWS,HOU,1.0,-1.6278991940458458,4.385434993511092,2025-05-04,5.0,4.0,0.34000445825307946,HOU,CWS,False,HOU,False
778056,2025,47,TOR,CLE,-1.0,-0.024156054680925118,4.385434993511092,2025-05-04,4.0,5.0,0.49755837945078374,CLE,CLE,True,CLE,False
778057,2025,47,NYY,TB,-2.0,0.8718736222357221,4.385434993511092,2025-05-04,5.0,7.0,0.5874153732186533,NYY,TB,False,NYY,False
778058,2025,47,CIN,WSH,-3.0,1.013810301999443,4.385434993511092,2025-05-04,1.0,4.0,0.6013577243263204,CIN,WSH,False,CIN,False
778059,2025,47,PHI,AZ,-2.0,0.09393351832447248,4.385434993511092,2025-05-04,9.0,11.0,0.5094936774295394,PHI,AZ,False,PHI,False
778060,2025,47,ATL,LAD,1.0,-0.6400034088940448,4.385434993511092,2025-05-04,4.0,3.0,0.4355923747344035,LAD,ATL,False,LAD,False
778061,2025,47,MIA,ATH,-1.0,-0.5107305943430259,4.385434993511092,2025-05-04,2.0,3.0,0.44852028967488733,ATH,ATH,True,ATH,False
778062,2025,47,BAL,KC,-5.0,-0.6445430526434117,4.385434993511092,2025-05-04,6.0,11.0,0.43513955388013836,KC,KC,True,KC,True
778063,2025,47,BOS,MIN,-1.0,0.45751458079792673,4.385434993511092,2025-05-04,4.0,5.0,0.5461411158184434,BOS,MIN,False,BOS,False
778068,2025,47,STL,NYM,1.0,-0.8796251162290625,4.385434993511092,2025-05-04,5.0,4.0,0.4118201758932605,NYM,STL,False,NYM,False
778036,2025,48,STL,PIT,3.0,0.6368990614788707,4.385434993511092,2025-05-05,6.0,3.0,0.5640979238361304,STL,STL,True,STL,True
778038,2025,48,ATH,SEA,1.0,-0.9007135892997239,4.385434993511092,2025-05-05,7.0,6.0,0.4097421357825181,SEA,ATH,False,SEA,False
778039,2025,48,AZ,NYM,-1.0,-0.09613121906678496,4.385434993511092,2025-05-05,4.0,5.0,0.4902842486604702,NYM,NYM,True,NYM,False
778042,2025,48,MIL,HOU,4.0,0.0545086500369167,4.385434993511092,2025-05-05,5.0,1.0,0.505509427845696,MIL,MIL,True,MIL,True
778043,2025,48,KC,CWS,3.0,1.1932558061444205,4.385434993511092,2025-05-05,3.0,0.0,0.6187989817181708,KC,KC,True,KC,True
778044,2025,48,CHC,SF,7.0,0.5487134855032755,4.385434993511092,2025-05-05,9.0,2.0,0.5552844923554856,CHC,CHC,True,CHC,True
778045,2025,48,NYY,SD,-1.0,0.16161448419484714,4.385434993511092,2025-05-05,3.0,4.0,0.5163310387970319,NYY,SD,False,NYY,False
778047,2025,48,MIA,LAD,-3.0,-1.8918498110855693,4.385434993511092,2025-05-05,4.0,7.0,0.3158531750736501,LAD,LAD,True,LAD,True
778049,2025,48,ATL,CIN,4.0,0.19489481183888235,4.385434993511092,2025-05-05,4.0,0.0,0.5196914952165382,ATL,ATL,True,ATL,True
778024,2025,49,ATH,SEA,-2.0,-0.8182522412660824,4.388563931004162,2025-05-06,3.0,5.0,0.41793940485167386,SEA,SEA,True,SEA,True
778025,2025,49,LAA,TOR,5.0,-0.6489718961568882,4.388563931004162,2025-05-06,8.0,3.0,0.4347440082646376,TOR,LAA,False,TOR,False
778026,2025,49,WSH,CLE,1.0,-0.2830350138618131,4.388563931004162,2025-05-06,10.0,9.0,0.4714363484285383,CLE,WSH,False,CLE,False
778027,2025,49,CHC,SF,-9.0,0.5296421503671458,4.388563931004162,2025-05-06,5.0,14.0,0.5533368857489714,CHC,SF,False,CHC,False
778028,2025,49,MIN,BAL,8.0,0.8823541691310004,4.388563931004162,2025-05-06,9.0,1.0,0.5883868639242675,MIN,MIN,True,MIN,True
778030,2025,49,STL,PIT,1.0,0.39624501726454425,4.388563931004162,2025-05-06,2.0,1.0,0.539955900927113,STL,STL,True,STL,False
778031,2025,49,MIL,HOU,1.0,0.09056242052876429,4.388563931004162,2025-05-06,4.0,3.0,0.5091465033154225,MIL,MIL,True,MIL,False
778032,2025,49,AZ,NYM,4.0,-0.7351509064588553,4.388563931004162,2025-05-06,5.0,1.0,0.42617221799709426,NYM,AZ,False,NYM,False
778033,2025,49,KC,CWS,1.0,1.476176957809527,4.388563931004162,2025-05-06,4.0,3.0,0.6457023678974338,KC,KC,True,KC,False
778034,2025,49,ATL,CIN,1.0,0.5751976068646331,4.388563931004162,2025-05-06,2.0,1.0,0.5578934277705115,ATL,ATL,True,ATL,False
778035,2025,49,MIA,LAD,1.0,-2.012940529764532,4.388563931004162,2025-05-06,5.0,4.0,0.30515082033976215,LAD,MIA,False,LAD,False
778037,2025,49,BOS,TEX,-5.0,-0.16940015040585713,4.388563931004162,2025-05-06,1.0,6.0,0.4828948932805978,TEX,TEX,True,TEX,True
778040,2025,49,TB,PHI,-4.0,-0.0627473261687565,4.388563931004162,2025-05-06,4.0,8.0,0.49366244001008547,PHI,PHI,True,PHI,True
778041,2025,49,NYY,SD,9.0,0.11277568673169025,4.388563931004162,2025-05-06,12.0,3.0,0.5113894197631198,NYY,NYY,True,NYY,True
778046,2025,49,WSH,CLE,-8.0,-0.1746900267275719,4.388563931004162,2025-05-06,1.0,9.0,0.4823610932409674,CLE,CLE,True,CLE,True
778009,2025,50,LAA,TOR,1.0,-0.9440333480887417,4.388563931004162,2025-05-07,5.0,4.0,0.40554756461633207,TOR,LAA,False,TOR,False
778010,2025,50,ATH,SEA,-1.0,-1.1328962371359061,4.388563931004162,2025-05-07,5.0,6.0,0.3871210880610461,SEA,SEA,True,SEA,False
778011,2025,50,MIN,BAL,3.0,0.8817328027226179,4.388563931004162,2025-05-07,5.0,2.0,0.5883256481288601,MIN,MIN,True,MIN,True
778012,2025,50,KC,CWS,1.0,1.5093269910480172,4.388563931004162,2025-05-07,2.0,1.0,0.6488199005123771,KC,KC,True,KC,False
778013,2025,50,COL,DET,-2.0,-1.8116151998989367,4.388563931004162,2025-05-07,6.0,8.0,0.32323532170832725,DET,DET,True,DET,True
778014,2025,50,AZ,NYM,-6.0,-0.2541731725302479,4.388563931004162,2025-05-07,1.0,7.0,0.47434481403088574,NYM,NYM,True,NYM,True
778015,2025,50,MIL,HOU,-8.0,-0.21631614981133057,4.388563931004162,2025-05-07,1.0,9.0,0.47816179169811635,HOU,HOU,True,HOU,True
778016,2025,50,STL,PIT,5.0,0.771209090997838,4.388563931004162,2025-05-07,5.0,0.0,0.5774042246142216,STL,STL,True,STL,True
778017,2025,50,MIA,LAD,-9.0,-1.785805747600941,4.388563931004162,2025-05-07,1.0,10.0,0.325585434114292,LAD,LAD,True,LAD,True
778018,2025,50,BOS,TEX,2.0,0.23948515267134945,4.388563931004162,2025-05-07,6.0,4.0,0.5241745097996796,BOS,BOS,True,BOS,True
778019,2025,50,NYY,SD,1.0,0.421209963029101,4.388563931004162,2025-05-07,4.0,3.0,0.5424640287641675,NYY,NYY,True,NYY,False
778020,2025,50,CHC,SF,-2.0,0.9623663015121433,4.388563931004162,2025-05-07,1.0,3.0,0.5962510166035107,CHC,SF,False,CHC,False
778021,2025,50,TB,PHI,-7.0,-0.4611234322096502,4.388563931004162,2025-05-07,0.0,7.0,0.4535295773063045,PHI,PHI,True,PHI,True
778022,2025,50,WSH,CLE,-2.0,-0.34718696978426977,4.388563931004162,2025-05-07,6.0,8.0,0.4649773058529548,CLE,CLE,True,CLE,True
778023,2025,50,ATL,CIN,-1.0,-0.017384457715986137,4.388563931004162,2025-05-07,3.0,4.0,0.4982440794045479,CIN,CIN,True,CIN,False
777999,2025,51,AZ,LAD,2.0,-0.6898161691452163,4.388563931004162,2025-05-08,5.0,3.0,0.43067735410701813,LAD,AZ,False,LAD,False
778000,2025,51,LAA,TOR,-3.0,-0.8661663131170501,4.388563931004162,2025-05-08,5.0,8.0,0.41320862960119126,TOR,TOR,True,TOR,True
778003,2025,51,ATL,CIN,1.0,0.3392119462806627,4.388563931004162,2025-05-08,5.0,4.0,0.5342202080777704,ATL,ATL,True,ATL,False
778004,2025,51,COL,DET,-8.0,-1.5874473512411975,4.388563931004162,2025-05-08,2.0,10.0,0.3438732313385467,DET,DET,True,DET,True
778005,2025,51,TB,PHI,-1.0,-0.5827889877788963,4.388563931004162,2025-05-08,6.0,7.0,0.44134799542726844,PHI,PHI,True,PHI,False
778006,2025,51,BOS,TEX,5.0,0.507515621353386,4.388563931004162,2025-05-08,5.0,0.0,0.5511211673447678,BOS,BOS,True,BOS,True
778007,2025,51,MIN,BAL,3.0,0.9234875558436306,4.388563931004162,2025-05-08,5.0,2.0,0.5924343896549527,MIN,MIN,True,MIN,True
778008,2025,51,KC,CWS,10.0,1.6200912902944338,4.388563931004162,2025-05-08,10.0,0.0,0.6591630679270731,KC,KC,True,KC,True
778029,2025,51,COL,DET,-10.0,-1.7640746267654386,4.388563931004162,2025-05-08,1.0,11.0,0.327569584411315,DET,DET,True,DET,True
777984,2025,52,SEA,TOR,-3.0,0.8620466301145187,4.388563931004162,2025-05-09,3.0,6.0,0.5863850997230322,SEA,TOR,False,SEA,False
777986,2025,52,LAA,BAL,-3.0,-0.9756877566579569,4.388563931004162,2025-05-09,1.0,4.0,0.40244333578252,BAL,BAL,True,BAL,True
777988,2025,52,AZ,LAD,-3.0,-0.43751931834732544,4.388563931004162,2025-05-09,11.0,14.0,0.4558983423265963,LAD,LAD,True,LAD,True
777989,2025,52,HOU,CIN,3.0,0.31038772612968435,4.388563931004162,2025-05-09,3.0,0.0,0.5313186364465448,HOU,HOU,True,HOU,True
777990,2025,52,KC,BOS,1.0,-0.2648438138561737,4.388563931004162,2025-05-09,2.0,1.0,0.4732693444974654,BOS,KC,False,BOS,False
777991,2025,52,CWS,MIA,4.0,0.019055485862608988,4.388563931004162,2025-05-09,6.0,2.0,0.5019247018723206,CWS,CWS,True,CWS,True
777992,2025,52,MIN,SF,2.0,-0.1479958798202417,4.388563931004162,2025-05-09,3.0,1.0,0.4850550957832383,SF,MIN,False,SF,False
777993,2025,52,COL,SD,-4.0,-1.7560423884351133,4.388563931004162,2025-05-09,9.0,13.0,0.3283042025774364,SD,SD,True,SD,True
777994,2025,52,ATH,NYY,-8.0,-1.3772910284301263,4.388563931004162,2025-05-09,2.0,10.0,0.36365460985149733,NYY,NYY,True,NYY,True
777995,2025,52,WSH,STL,-10.0,-0.5269569189928491,4.388563931004162,2025-05-09,0.0,10.0,0.44693192206338495,STL,STL,True,STL,True
777996,2025,52,DET,TEX,1.0,1.3008560691770932,4.388563931004162,2025-05-09,2.0,1.0,0.6290563252697629,DET,DET,True,DET,False
777997,2025,52,CLE,PHI,6.0,-0.9003228697169341,4.388563931004162,2025-05-09,6.0,0.0,0.4098438315101815,PHI,CLE,False,PHI,False
777998,2025,52,PIT,ATL,1.0,-0.8811972641682979,4.388563931004162,2025-05-09,3.0,2.0,0.41172711380036775,ATL,PIT,False,ATL,False
778001,2025,52,NYM,CHC,5.0,-0.25340429744316995,4.388563931004162,2025-05-09,7.0,2.0,0.4744223145080927,CHC,NYM,False,CHC,False
778002,2025,52,TB,MIL,1.0,-0.17709971736404323,4.388563931004162,2025-05-09,4.0,3.0,0.48211794241225864,MIL,TB,False,MIL,False
777970,2025,53,SEA,TOR,-3.0,0.9679487422269957,4.388563931004162,2025-05-10,3.0,6.0,0.5967982880253205,SEA,TOR,False,SEA,False
777972,2025,53,ATH,NYY,4.0,-1.2287131085567504,4.388563931004162,2025-05-10,11.0,7.0,0.3778662371799212,NYY,ATH,False,NYY,False
777973,2025,53,LAA,BAL,3.0,-0.3415590580581828,4.388563931004162,2025-05-10,5.0,2.0,0.465543599399279,BAL,LAA,False,BAL,False
777974,2025,53,MIN,SF,1.0,-0.1922466930414679,4.388563931004162,2025-05-10,2.0,1.0,0.4805896865326914,SF,MIN,False,SF,False
777975,2025,53,AZ,LAD,3.0,-0.5912252303447798,4.388563931004162,2025-05-10,3.0,0.0,0.440505247386621,LAD,AZ,False,LAD,False
777976,2025,53,COL,SD,-21.0,-1.752761594513501,4.388563931004162,2025-05-10,0.0,21.0,0.32860445104096614,SD,SD,True,SD,True
777977,2025,53,KC,BOS,-9.0,0.1242927790772933,4.388563931004162,2025-05-10,1.0,10.0,0.5125521855588558,KC,BOS,False,KC,False
777978,2025,53,CWS,MIA,-2.0,0.32054339780765345,4.388563931004162,2025-05-10,1.0,3.0,0.5323411484375118,CWS,MIA,False,CWS,False
777979,2025,53,HOU,CIN,-4.0,0.3617371467627077,4.388563931004162,2025-05-10,9.0,13.0,0.5364864352333073,HOU,CIN,False,HOU,False
777980,2025,53,WSH,STL,-2.0,-0.4533903952971488,4.388563931004162,2025-05-10,2.0,4.0,0.45430543986308,STL,STL,True,STL,True
777981,2025,53,TB,MIL,1.0,-0.41944147629263423,4.388563931004162,2025-05-10,3.0,2.0,0.4577135895387198,MIL,TB,False,MIL,False
777982,2025,53,NYM,CHC,-1.0,0.35089147556706035,4.388563931004162,2025-05-10,5.0,6.0,0.5353954114844874,NYM,CHC,False,NYM,False
777983,2025,53,CLE,PHI,-6.0,-0.6571710005086642,4.388563931004162,2025-05-10,1.0,7.0,0.43392709724402034,PHI,PHI,True,PHI,True
777985,2025,53,PIT,ATL,-1.0,-0.901900939925512,4.388563931004162,2025-05-10,2.0,3.0,0.4096885324765065,ATL,ATL,True,ATL,False
777987,2025,53,DET,TEX,-7.0,0.6179009427549838,4.388563931004162,2025-05-10,3.0,10.0,0.562157762686987,DET,TEX,False,DET,False
777954,2025,54,AZ,LAD,-7.0,-0.15175852151886607,4.388563931004162,2025-05-11,1.0,8.0,0.48467532172276057,LAD,LAD,True,LAD,True
777955,2025,54,COL,SD,6.0,-2.30537586892837,4.388563931004162,2025-05-11,9.0,3.0,0.27971691207969507,SD,COL,False,SD,False
777956,2025,54,MIN,SF,1.0,0.27404461647852507,4.388563931004162,2025-05-11,7.0,6.0,0.5276578272369495,MIN,MIN,True,MIN,False
777957,2025,54,ATH,NYY,-10.0,-1.174190952896292,4.388563931004162,2025-05-11,2.0,12.0,0.3831242587338787,NYY,NYY,True,NYY,True
777958,2025,54,SEA,TOR,-8.0,1.1100060544419965,4.388563931004162,2025-05-11,1.0,9.0,0.6106582221356641,SEA,TOR,False,SEA,False
777961,2025,54,LAA,BAL,-4.0,-0.7524088037747283,4.388563931004162,2025-05-11,3.0,7.0,0.42445971131475047,BAL,BAL,True,BAL,True
777962,2025,54,WSH,STL,-5.0,-0.6580299236591689,4.388563931004162,2025-05-11,1.0,6.0,0.4338415354075411,STL,STL,True,STL,True
777963,2025,54,HOU,CIN,6.0,0.2703875165675772,4.388563931004162,2025-05-11,6.0,0.0,0.5272893162183652,HOU,HOU,True,HOU,True
777964,2025,54,TB,MIL,-2.0,0.020826783622704813,4.388563931004162,2025-05-11,2.0,4.0,0.502103610449434,TB,MIL,False,TB,False
777965,2025,54,KC,BOS,-2.0,0.702345488179108,4.388563931004162,2025-05-11,1.0,3.0,0.57056867449415,KC,BOS,False,KC,False
777966,2025,54,CWS,MIA,2.0,0.21747311900271207,4.388563931004162,2025-05-11,4.0,2.0,0.5219548925144264,CWS,CWS,True,CWS,True
777967,2025,54,PIT,ATL,1.0,-1.0854408530366364,4.388563931004162,2025-05-11,4.0,3.0,0.39172899446885645,ATL,PIT,False,ATL,False
777968,2025,54,NYM,CHC,4.0,-0.2594015401218888,4.388563931004162,2025-05-11,6.0,2.0,0.4738178349697255,CHC,NYM,False,CHC,False
777969,2025,54,DET,TEX,-5.0,0.7908437752385118,4.388563931004162,2025-05-11,1.0,6.0,0.5793490368410283,DET,TEX,False,DET,False
777971,2025,54,CLE,PHI,-3.0,-0.9144833202288056,4.388563931004162,2025-05-11,0.0,3.0,0.40845080008758816,PHI,PHI,True,PHI,True
777939,2025,55,SF,AZ,-1.0,-0.026587047770779138,4.388563931004162,2025-05-12,1.0,2.0,0.497314581582478,AZ,AZ,True,AZ,False
777941,2025,55,SEA,NYY,-6.0,-0.46831618713881024,4.388563931004162,2025-05-12,5.0,11.0,0.45280808084112917,NYY,NYY,True,NYY,True
777947,2025,55,SD,LAA,-4.0,1.7905209731341927,4.388563931004162,2025-05-12,5.0,9.0,0.6748444382248959,SD,LAA,False,SD,False
777948,2025,55,HOU,KC,-2.0,0.09283548882197303,4.388563931004162,2025-05-12,5.0,7.0,0.5093760338985395,HOU,KC,False,HOU,False
777949,2025,55,TEX,COL,1.0,1.335847117580864,4.388563931004162,2025-05-12,2.0,1.0,0.6323991066582572,TEX,TEX,True,TEX,False
777950,2025,55,NYM,PIT,1.0,1.191282762630256,4.388563931004162,2025-05-12,4.0,3.0,0.6185264152643835,NYM,NYM,True,NYM,False
777951,2025,55,DET,BOS,12.0,0.6188561428370472,4.388563931004162,2025-05-12,14.0,2.0,0.5622530679230655,DET,DET,True,DET,True
777952,2025,55,CHC,MIA,3.0,1.9495078198207985,4.388563931004162,2025-05-12,5.0,2.0,0.6891995849716657,CHC,CHC,True,CHC,True
777953,2025,55,PHI,STL,-1.0,0.5475780995512136,4.388563931004162,2025-05-12,2.0,3.0,0.555131747733034,PHI,STL,False,PHI,False
777959,2025,55,ATL,WSH,1.0,1.1470806591709928,4.388563931004162,2025-05-12,4.0,3.0,0.6142531662517287,ATL,ATL,True,ATL,False
777960,2025,55,CLE,MIL,5.0,-0.2738183294094936,4.388563931004162,2025-05-12,5.0,0.0,0.47236497410273565,MIL,CLE,False,MIL,False
777926,2025,56,SEA,NYY,1.0,-0.38930841540197136,4.394618823175858,2025-05-13,2.0,1.0,0.4607951942418778,NYY,SEA,False,NYY,False
777930,2025,56,SF,AZ,4.0,-0.05958807273262773,4.394618823175858,2025-05-13,10.0,6.0,0.49398979542485455,AZ,SF,False,AZ,False
777931,2025,56,HOU,KC,1.0,0.053029748032465254,4.394618823175858,2025-05-13,2.0,1.0,0.5053487573533495,HOU,HOU,True,HOU,False
777932,2025,56,SD,LAA,2.0,1.8068457071831026,4.394618823175858,2025-05-13,6.0,4.0,0.6761044120218344,SD,SD,True,SD,True
777934,2025,56,TEX,COL,3.0,1.0373107111823987,4.394618823175858,2025-05-13,4.0,1.0,0.6034425465310433,TEX,TEX,True,TEX,True
777935,2025,56,TOR,TB,-2.0,-0.14002565590280128,4.394618823175858,2025-05-13,9.0,11.0,0.4858790718152597,TB,TB,True,TB,True
777936,2025,56,CHC,MIA,1.0,1.9189671770031986,4.394618823175858,2025-05-13,5.0,4.0,0.6862260366482549,CHC,CHC,True,CHC,False
777937,2025,56,LAD,ATH,-10.0,1.365320269088745,4.394618823175858,2025-05-13,1.0,11.0,0.6350279994667622,LAD,ATH,False,LAD,False
777940,2025,56,DET,BOS,1.0,0.8278394749972733,4.394618823175858,2025-05-13,10.0,9.0,0.5828954536965318,DET,DET,True,DET,False
777942,2025,56,ATL,WSH,3.0,1.510501795761993,4.394618823175858,2025-05-13,5.0,2.0,0.648734795477052,ATL,ATL,True,ATL,True
777943,2025,56,NYM,PIT,1.0,1.093805343411334,4.394618823175858,2025-05-13,2.0,1.0,0.6089378186632548,NYM,NYM,True,NYM,False
777944,2025,56,CLE,MIL,2.0,-0.5636699232909238,4.394618823175858,2025-05-13,2.0,0.0,0.44333654293324554,MIL,CLE,False,MIL,False
777945,2025,56,CIN,CWS,-4.0,1.239585717324422,4.394618823175858,2025-05-13,1.0,5.0,0.6230154042457063,CIN,CWS,False,CIN,False
777914,2025,57,SD,LAA,4.0,1.722667652790102,4.394618823175858,2025-05-14,5.0,1.0,0.6684182853414544,SD,SD,True,SD,True
777915,2025,57,SEA,NYY,-1.0,-0.5278580410626063,4.394618823175858,2025-05-14,2.0,3.0,0.4469145188041954,NYY,NYY,True,NYY,False
777916,2025,57,SF,AZ,-1.0,0.4052080246019206,4.394618823175858,2025-05-14,7.0,8.0,0.5408004712641544,SF,AZ,False,SF,False
777917,2025,57,LAD,ATH,6.0,1.500472759132584,4.394618823175858,2025-05-14,9.0,3.0,0.647793894661721,LAD,LAD,True,LAD,True
777918,2025,57,TEX,COL,5.0,1.6394165512692325,4.394618823175858,2025-05-14,8.0,3.0,0.6607463866657428,TEX,TEX,True,TEX,True
777919,2025,57,NYM,PIT,-4.0,1.1382343127438683,4.394618823175858,2025-05-14,0.0,4.0,0.6132442888910051,NYM,PIT,False,NYM,False
777920,2025,57,HOU,KC,1.0,0.42900128011427674,4.394618823175858,2025-05-14,4.0,3.0,0.5431870983589518,HOU,HOU,True,HOU,False
777921,2025,57,CHC,MIA,-2.0,1.6587539551831596,4.394618823175858,2025-05-14,1.0,3.0,0.6625344977373608,CHC,MIA,False,CHC,False
777922,2025,57,PHI,STL,1.0,0.6418972459813526,4.394618823175858,2025-05-14,2.0,1.0,0.5644627313173656,PHI,PHI,True,PHI,False
777923,2025,57,TOR,TB,2.0,-0.02754240731071346,4.394618823175858,2025-05-14,3.0,1.0,0.4972219201057505,TB,TOR,False,TB,False
777924,2025,57,BAL,MIN,-3.0,-0.6863008366879106,4.394618823175858,2025-05-14,3.0,6.0,0.43112115515317084,MIN,MIN,True,MIN,True
777925,2025,57,CLE,MIL,-4.0,-0.33212303235955254,4.394618823175858,2025-05-14,5.0,9.0,0.46653928726638594,MIL,MIL,True,MIL,True
777927,2025,57,DET,BOS,1.0,0.9982980708330008,4.394618823175858,2025-05-14,6.0,5.0,0.5996356580345592,DET,DET,True,DET,False
777928,2025,57,CIN,CWS,-2.0,1.2341017667471492,4.394618823175858,2025-05-14,2.0,4.0,0.6224886541340943,CIN,CWS,False,CIN,False
777929,2025,57,ATL,WSH,-1.0,0.9431464345465951,4.394618823175858,2025-05-14,4.0,5.0,0.5942378036311498,ATL,WSH,False,ATL,False
777933,2025,57,PHI,STL,-7.0,0.24325032266806496,4.394618823175858,2025-05-14,7.0,14.0,0.5245203153982564,PHI,STL,False,PHI,False
777938,2025,57,BAL,MIN,-2.0,-0.41197922423768185,4.394618823175858,2025-05-14,6.0,8.0,0.4585201773551089,MIN,MIN,True,MIN,True
777909,2025,58,ATL,WSH,3.0,1.3126443288995695,4.394618823175858,2025-05-15,5.0,2.0,0.6300107167943738,ATL,ATL,True,ATL,True
777910,2025,58,TEX,HOU,1.0,-0.3512047602124493,4.394618823175858,2025-05-15,1.0,0.0,0.4646217526455476,HOU,TEX,False,HOU,False
777911,2025,58,BAL,MIN,-4.0,-0.6031109445930602,4.394618823175858,2025-05-15,0.0,4.0,0.43940132897897666,MIN,MIN,True,MIN,True
777912,2025,58,CIN,CWS,6.0,1.452214564617452,4.394618823175858,2025-05-15,7.0,1.0,0.6432538536887099,CIN,CIN,True,CIN,True
777913,2025,58,TOR,TB,-5.0,0.029447006052393934,4.394618823175858,2025-05-15,3.0,8.0,0.5029701848474915,TOR,TB,False,TOR,False
777946,2025,58,LAD,ATH,17.0,1.5960682658372365,4.394618823175858,2025-05-15,19.0,2.0,0.6567248862857997,LAD,LAD,True,LAD,True
777891,2025,59,SF,ATH,8.0,1.1861138427990388,4.394618823175858,2025-05-16,9.0,1.0,0.617869645094472,SF,SF,True,SF,True
777895,2025,59,TEX,HOU,-3.0,0.8531880993187982,4.394618823175858,2025-05-16,3.0,6.0,0.5853951858305918,TEX,HOU,False,TEX,False
777896,2025,59,SD,SEA,-4.0,0.31978657111863185,4.394618823175858,2025-05-16,1.0,5.0,0.5322205977934191,SD,SEA,False,SD,False
777897,2025,59,AZ,COL,8.0,1.9435475793603612,4.394618823175858,2025-05-16,8.0,0.0,0.688426739167562,AZ,AZ,True,AZ,True
777898,2025,59,MIL,MIN,-3.0,-0.12487804571987687,4.394618823175858,2025-05-16,0.0,3.0,0.4874060986717583,MIN,MIN,True,MIN,True
777899,2025,59,LAD,LAA,-4.0,2.144896230827175,4.394618823175858,2025-05-16,2.0,6.0,0.7061953453583337,LAD,LAA,False,LAD,False
777900,2025,59,CHC,CWS,10.0,1.6304373019462541,4.394618823175858,2025-05-16,13.0,3.0,0.6599148487514431,CHC,CHC,True,CHC,True
777901,2025,59,KC,STL,-7.0,0.29348534890814776,4.394618823175858,2025-05-16,3.0,10.0,0.5295756549466725,KC,STL,False,KC,False
777902,2025,59,CIN,CLE,1.0,-0.09541587035539748,4.394618823175858,2025-05-16,5.0,4.0,0.4903766820054252,CLE,CIN,False,CLE,False
777903,2025,59,MIA,TB,5.0,-1.0345430969258829,4.394618823175858,2025-05-16,9.0,4.0,0.3968271996881344,TB,MIA,False,TB,False
777904,2025,59,NYY,NYM,4.0,0.26519921738523944,4.394618823175858,2025-05-16,6.0,2.0,0.526729649012471,NYY,NYY,True,NYY,True
777905,2025,59,PHI,PIT,4.0,1.053126070319688,4.394618823175858,2025-05-16,8.0,4.0,0.6049830411473878,PHI,PHI,True,PHI,True
777906,2025,59,TOR,DET,-1.0,-0.9314516380316766,4.394618823175858,2025-05-16,4.0,5.0,0.40690914462533884,DET,DET,True,DET,False
777907,2025,59,BAL,WSH,-1.0,0.06870548312449196,4.394618823175858,2025-05-16,3.0,4.0,0.5069297234192767,BAL,WSH,False,BAL,False
777908,2025,59,BOS,ATL,-2.0,-0.27425699557292993,4.394618823175858,2025-05-16,2.0,4.0,0.47235884814057644,ATL,ATL,True,ATL,True
777875,2025,60,SD,SEA,-3.0,0.4734100341557327,4.394618823175858,2025-05-17,1.0,4.0,0.5476373713966275,SD,SEA,False,SD,False
777879,2025,60,SF,ATH,1.0,0.9985049804158059,4.394618823175858,2025-05-17,1.0,0.0,0.5996558737956384,SF,SF,True,SF,False
777881,2025,60,CHC,CWS,4.0,1.955155658184027,4.394618823175858,2025-05-17,7.0,3.0,0.6894636906203951,CHC,CHC,True,CHC,True
777882,2025,60,TEX,HOU,4.0,-0.43908225203320594,4.394618823175858,2025-05-17,5.0,1.0,0.45580217544029594,HOU,TEX,False,HOU,False
777883,2025,60,MIL,MIN,-7.0,-0.3431547481409617,4.394618823175858,2025-05-17,0.0,7.0,0.4654306057357648,MIN,MIN,True,MIN,True
777884,2025,60,LAD,LAA,-2.0,1.839409063325728,4.394618823175858,2025-05-17,9.0,11.0,0.679057907503245,LAD,LAA,False,LAD,False
777885,2025,60,KC,STL,-1.0,-0.2499757156804943,4.394618823175858,2025-05-17,0.0,1.0,0.4748026361727077,STL,STL,True,STL,False
777886,2025,60,TOR,DET,1.0,-1.3072961483358132,4.394618823175858,2025-05-17,2.0,1.0,0.37049994332137676,DET,TOR,False,DET,False
777887,2025,60,AZ,COL,-2.0,2.4108775483049185,4.394618823175858,2025-05-17,12.0,14.0,0.7289210037681819,AZ,COL,False,AZ,False
777888,2025,60,NYY,NYM,-1.0,0.48481581474952506,4.394618823175858,2025-05-17,2.0,3.0,0.5487794205398808,NYY,NYM,False,NYY,False
777889,2025,60,MIA,TB,-4.0,-1.0122670311105981,4.394618823175858,2025-05-17,0.0,4.0,0.39900012961528386,TB,TB,True,TB,True
777890,2025,60,BAL,WSH,-4.0,0.03654522979868036,4.394618823175858,2025-05-17,6.0,10.0,0.5036861318222139,BAL,WSH,False,BAL,False
777892,2025,60,CIN,CLE,3.0,0.13536133394501615,4.394618823175858,2025-05-17,4.0,1.0,0.5136507400565383,CIN,CIN,True,CIN,True
777893,2025,60,BOS,ATL,1.0,-0.45606510834160585,4.394618823175858,2025-05-17,7.0,6.0,0.4541001108416389,ATL,BOS,False,ATL,False
777894,2025,60,PHI,PIT,3.0,1.1733968886415285,4.394618823175858,2025-05-17,5.0,2.0,0.6166427452351265,PHI,PHI,True,PHI,True
777864,2025,61,KC,STL,1.0,0.0853150692305499,4.394618823175858,2025-05-18,2.0,1.0,0.5086047531220279,KC,KC,True,KC,False
777865,2025,61,MIL,MIN,3.0,-0.0950917701520004,4.394618823175858,2025-05-18,5.0,2.0,0.49040936333376106,MIN,MIL,False,MIN,False
777866,2025,61,LAD,LAA,-2.0,1.8793252276817427,4.394618823175858,2025-05-18,4.0,6.0,0.6826628886748605,LAD,LAA,False,LAD,False
777867,2025,61,SF,ATH,1.0,1.324007135337317,4.394618823175858,2025-05-18,3.0,2.0,0.6310949096531985,SF,SF,True,SF,False
777868,2025,61,SD,SEA,-5.0,0.019108555768238118,4.394618823175858,2025-05-18,1.0,6.0,0.501927402950449,SD,SEA,False,SD,False
777869,2025,61,TEX,HOU,-1.0,-0.593422478951349,4.394618823175858,2025-05-18,3.0,4.0,0.4403674529153829,HOU,HOU,True,HOU,False
777870,2025,61,AZ,COL,1.0,2.3483621944873594,4.394618823175858,2025-05-18,1.0,0.0,0.7236592972061677,AZ,AZ,True,AZ,False
777871,2025,61,TOR,DET,-1.0,-0.6760926708586289,4.394618823175858,2025-05-18,2.0,3.0,0.43213565659067366,DET,DET,True,DET,False
777872,2025,61,CHC,CWS,4.0,1.7969073193978606,4.394618823175858,2025-05-18,6.0,2.0,0.6752007764963198,CHC,CHC,True,CHC,True
777873,2025,61,BAL,WSH,-6.0,0.7252504455529114,4.394618823175858,2025-05-18,4.0,10.0,0.5727454805415173,BAL,WSH,False,BAL,False
777874,2025,61,CIN,CLE,2.0,0.4004994471806915,4.394618823175858,2025-05-18,3.0,1.0,0.5403279914702042,CIN,CIN,True,CIN,True
777876,2025,61,BOS,ATL,-6.0,-0.49464110216142254,4.394618823175858,2025-05-18,4.0,10.0,0.4502371067440448,ATL,ATL,True,ATL,True
777877,2025,61,MIA,TB,4.0,-1.1077828409913137,4.394618823175858,2025-05-18,5.0,1.0,0.38970588354032615,TB,MIA,False,TB,False
777878,2025,61,NYY,NYM,6.0,0.3816038151608847,4.394618823175858,2025-05-18,8.0,2.0,0.5384313526866245,NYY,NYY,True,NYY,True
777880,2025,61,PHI,PIT,1.0,0.9733924828219201,4.394618823175858,2025-05-18,1.0,0.0,0.5972003636700668,PHI,PHI,True,PHI,False
777852,2025,62,COL,PHI,-6.0,-2.0280385702820523,4.394618823175858,2025-05-19,3.0,9.0,0.30406028789290956,PHI,PHI,True,PHI,True
777853,2025,62,ATH,LAA,-1.0,0.164085066774593,4.394618823175858,2025-05-19,3.0,4.0,0.5165459168904268,ATH,LAA,False,ATH,False
777854,2025,62,LAD,AZ,-4.0,0.805279836424792,4.394618823175858,2025-05-19,5.0,9.0,0.5806679298680573,LAD,AZ,False,LAD,False
777855,2025,62,SF,KC,-2.0,-0.31898292496672564,4.394618823175858,2025-05-19,1.0,3.0,0.4678601992073445,KC,KC,True,KC,True
777856,2025,62,BOS,NYM,2.0,-0.49252471709084356,4.394618823175858,2025-05-19,3.0,1.0,0.4504489229747048,NYM,BOS,False,NYM,False
777857,2025,62,CWS,SEA,-4.0,-1.4182205760718662,4.394618823175858,2025-05-19,1.0,5.0,0.3599565092591821,SEA,SEA,True,SEA,True
777858,2025,62,TB,HOU,-1.0,-0.5930338976996835,4.394618823175858,2025-05-19,3.0,4.0,0.44040620928789564,HOU,HOU,True,HOU,False
777859,2025,62,PIT,CIN,-6.0,-0.46333029643539647,4.394618823175858,2025-05-19,1.0,7.0,0.45337223091032613,CIN,CIN,True,CIN,True
777860,2025,62,MIL,BAL,1.0,0.7349330709599997,4.394618823175858,2025-05-19,5.0,4.0,0.5737056330519429,MIL,MIL,True,MIL,False
777862,2025,62,STL,DET,7.0,-0.27022518051582867,4.394618823175858,2025-05-19,11.0,4.0,0.4727645603904734,DET,STL,False,DET,False
777863,2025,62,MIA,CHC,1.0,-1.8392068110398325,4.394618823175858,2025-05-19,8.0,7.0,0.3209604021008457,CHC,MIA,False,CHC,False
777836,2025,63,SF,KC,1.0,0.009086759496849492,4.391823208229337,2025-05-20,3.0,2.0,0.5009171309677019,SF,SF,True,SF,False
777838,2025,63,LAD,AZ,1.0,0.7211485144171995,4.391823208229337,2025-05-20,4.0,3.0,0.5723841314532607,LAD,LAD,True,LAD,False
777840,2025,63,STL,DET,-1.0,-0.7643222845208351,4.391823208229337,2025-05-20,4.0,5.0,0.4233345927684964,DET,DET,True,DET,False
777841,2025,63,WSH,ATL,2.0,-1.1144344138963924,4.391823208229337,2025-05-20,5.0,3.0,0.3889921551703661,ATL,WSH,False,ATL,False
777842,2025,63,COL,PHI,-3.0,-2.5277888585687687,4.391823208229337,2025-05-20,4.0,7.0,0.26124268603462153,PHI,PHI,True,PHI,True
777843,2025,63,ATH,LAA,-2.0,0.38682581718717113,4.391823208229337,2025-05-20,5.0,7.0,0.5389803157063752,ATH,LAA,False,ATH,False
777844,2025,63,MIL,BAL,3.0,0.624744831687592,4.391823208229337,2025-05-20,5.0,2.0,0.5627942845408257,MIL,MIL,True,MIL,True
777845,2025,63,TOR,SD,3.0,-0.6927035309470024,4.391823208229337,2025-05-20,3.0,0.0,0.4304412793500526,SD,TOR,False,SD,False
777846,2025,63,CWS,SEA,1.0,-1.5171567266134356,4.391823208229337,2025-05-20,1.0,0.0,0.35055085905173156,SEA,CWS,False,SEA,False
777847,2025,63,PIT,CIN,1.0,-0.7656256925986242,4.391823208229337,2025-05-20,1.0,0.0,0.4232054798499595,CIN,PIT,False,CIN,False
777848,2025,63,TB,HOU,1.0,-0.5226572204984633,4.391823208229337,2025-05-20,3.0,2.0,0.4474012348735564,HOU,TB,False,HOU,False
777849,2025,63,NYY,TEX,3.0,1.0715229752521913,4.391823208229337,2025-05-20,5.0,2.0,0.606839245212064,NYY,NYY,True,NYY,True
777850,2025,63,MIA,CHC,-13.0,-1.5911779789067522,4.391823208229337,2025-05-20,1.0,14.0,0.34363570389476505,CHC,CHC,True,CHC,True
777851,2025,63,BOS,NYM,2.0,-0.6259496339484166,4.391823208229337,2025-05-20,2.0,0.0,0.4370856264677418,NYM,BOS,False,NYM,False
777819,2025,64,SF,KC,-4.0,0.8061699691244679,4.391823208229337,2025-05-21,4.0,8.0,0.5808065670145761,SF,KC,False,SF,False
777823,2025,64,COL,PHI,-4.0,-1.8404524862165639,4.391823208229337,2025-05-21,5.0,9.0,0.32074160364656923,PHI,PHI,True,PHI,True
777824,2025,64,LAD,AZ,2.0,0.6713210603734813,4.391823208229337,2025-05-21,3.0,1.0,0.5674324666503049,LAD,LAD,True,LAD,True
777826,2025,64,MIL,BAL,-4.0,0.9119881330038571,4.391823208229337,2025-05-21,4.0,8.0,0.5912372553651499,MIL,BAL,False,MIL,False
777827,2025,64,STL,DET,-4.0,-0.07974358339263465,4.391823208229337,2025-05-21,1.0,5.0,0.4919519809805485,DET,DET,True,DET,True
777828,2025,64,ATH,LAA,-5.0,0.21821078546309097,4.391823208229337,2025-05-21,5.0,10.0,0.5220129558081756,ATH,LAA,False,ATH,False
777829,2025,64,MIN,CLE,-4.0,0.8365675839921706,4.391823208229337,2025-05-21,1.0,5.0,0.5838090763242524,MIN,CLE,False,MIN,False
777830,2025,64,CWS,SEA,-1.0,-1.2503623049511354,4.391823208229337,2025-05-21,5.0,6.0,0.3758737735549614,SEA,SEA,True,SEA,False
777831,2025,64,BOS,NYM,-4.0,-0.18025570707166363,4.391823208229337,2025-05-21,1.0,5.0,0.48181299370781333,NYM,NYM,True,NYM,True
777832,2025,64,TB,HOU,4.0,-0.7578416346929118,4.391823208229337,2025-05-21,8.0,4.0,0.42397667455756854,HOU,TB,False,HOU,False
777833,2025,64,MIA,CHC,-1.0,-1.4994831506812623,4.391823208229337,2025-05-21,1.0,2.0,0.3522094011040867,CHC,CHC,True,CHC,False
777834,2025,64,PIT,CIN,2.0,-0.17832654256061437,4.391823208229337,2025-05-21,3.0,1.0,0.4820075051631138,CIN,PIT,False,CIN,False
777835,2025,64,NYY,TEX,1.0,0.7034570974354776,4.391823208229337,2025-05-21,4.0,3.0,0.5706272881391656,NYY,NYY,True,NYY,False
777837,2025,64,TOR,SD,14.0,-0.44804746176852683,4.391823208229337,2025-05-21,14.0,0.0,0.4548749730251928,SD,TOR,False,SD,False
777861,2025,64,MIN,CLE,1.0,0.8485241722289022,4.391823208229337,2025-05-21,6.0,5.0,0.5849887536729046,MIN,MIN,True,MIN,False
777812,2025,65,ATH,LAA,-5.0,0.47827185872774397,4.391823208229337,2025-05-22,5.0,10.0,0.5481547139869862,ATH,LAA,False,ATH,False
777814,2025,65,PIT,MIL,-3.0,-0.2944357076961008,4.391823208229337,2025-05-22,5.0,8.0,0.47030989788297234,MIL,MIL,True,MIL,True
777816,2025,65,TOR,SD,1.0,-0.7594343281863413,4.391823208229337,2025-05-22,7.0,6.0,0.4238188568722462,SD,TOR,False,SD,False
777817,2025,65,COL,PHI,-2.0,-2.449849811193293,4.391823208229337,2025-05-22,0.0,2.0,0.2676944853670586,PHI,PHI,True,PHI,True
777818,2025,65,NYY,TEX,1.0,0.7509090465031134,4.391823208229337,2025-05-22,1.0,0.0,0.5753362436253473,NYY,NYY,True,NYY,False
777820,2025,65,WSH,ATL,1.0,-1.0213689607187915,4.391823208229337,2025-05-22,8.0,7.0,0.39804846838182667,ATL,WSH,False,ATL,False
777821,2025,65,DET,CLE,-7.0,0.8125497119789443,4.391823208229337,2025-05-22,0.0,7.0,0.5814371194296653,DET,CLE,False,DET,False
777822,2025,65,HOU,SEA,7.0,-0.8132509705171976,4.391823208229337,2025-05-22,9.0,2.0,0.4184935832571679,SEA,HOU,False,SEA,False
777797,2025,66,STL,AZ,1.0,0.49545274093954117,4.391823208229337,2025-05-23,4.0,3.0,0.5498756840381719,STL,STL,True,STL,False
777798,2025,66,LAA,MIA,3.0,0.0023276645709442295,4.391823208229337,2025-05-23,7.0,4.0,0.5002349324881067,LAA,LAA,True,LAA,True
777799,2025,66,MIN,KC,2.0,0.5751013717483293,4.391823208229337,2025-05-23,3.0,1.0,0.557841155429069,MIN,MIN,True,MIN,True
777800,2025,66,HOU,SEA,-2.0,0.4117134284875443,4.391823208229337,2025-05-23,3.0,5.0,0.5414794494943769,HOU,SEA,False,HOU,False
777801,2025,66,WSH,SF,-4.0,-0.9890956426620469,4.391823208229337,2025-05-23,0.0,4.0,0.40120216924222996,SF,SF,True,SF,True
777802,2025,66,COL,NYY,1.0,-2.6693623804173,4.391823208229337,2025-05-23,3.0,2.0,0.24973102228320943,NYY,COL,False,NYY,False
777804,2025,66,ATH,PHI,-1.0,-1.718640194489403,4.391823208229337,2025-05-23,3.0,4.0,0.3318508698161533,PHI,PHI,True,PHI,False
777805,2025,66,CWS,TEX,3.0,-1.40565511497471,4.391823208229337,2025-05-23,4.0,1.0,0.3610609747174612,TEX,CWS,False,TEX,False
777806,2025,66,PIT,MIL,1.0,-0.16063220943898565,4.391823208229337,2025-05-23,6.0,5.0,0.4837917618101391,MIL,PIT,False,MIL,False
777807,2025,66,DET,CLE,-2.0,0.6574077080595058,4.391823208229337,2025-05-23,1.0,3.0,0.5660478817649188,DET,CLE,False,DET,False
777808,2025,66,NYM,LAD,-2.0,-0.16635834861450896,4.391823208229337,2025-05-23,5.0,7.0,0.48321431359691536,LAD,LAD,True,LAD,True
777810,2025,66,TB,TOR,2.0,0.6575909217705939,4.391823208229337,2025-05-23,3.0,1.0,0.566066119551166,TB,TB,True,TB,True
777811,2025,66,CIN,CHC,-7.0,-0.4078315999978366,4.391823208229337,2025-05-23,6.0,13.0,0.45891024585610346,CHC,CHC,True,CHC,True
777813,2025,66,ATL,SD,-1.0,0.18445341623927536,4.391823208229337,2025-05-23,1.0,2.0,0.518610232789975,ATL,SD,False,ATL,False
777815,2025,66,BOS,BAL,14.0,0.6342896092586443,4.391823208229337,2025-05-23,19.0,5.0,0.5637455032966336,BOS,BOS,True,BOS,True
777781,2025,67,LAA,MIA,-4.0,0.054635561514297694,4.391823208229337,2025-05-24,2.0,6.0,0.5055142225314684,LAA,MIA,False,LAA,False
777782,2025,67,COL,NYY,-12.0,-2.4429295289042914,4.391823208229337,2025-05-24,1.0,13.0,0.26827120428044804,NYY,NYY,True,NYY,True
777784,2025,67,ATH,PHI,-3.0,-1.8146912281931966,4.391823208229337,2025-05-24,6.0,9.0,0.32307810840889783,PHI,PHI,True,PHI,True
777786,2025,67,STL,AZ,1.0,0.20783868994909657,4.391823208229337,2025-05-24,6.0,5.0,0.5209676138905194,STL,STL,True,STL,False
777787,2025,67,HOU,SEA,1.0,0.12509158343460042,4.391823208229337,2025-05-24,2.0,1.0,0.5126234570199868,HOU,HOU,True,HOU,False
777788,2025,67,MIN,KC,1.0,0.2396106964664638,4.391823208229337,2025-05-24,5.0,4.0,0.5241692392247607,MIN,MIN,True,MIN,False
777789,2025,67,NYM,LAD,3.0,0.13218865662961493,4.391823208229337,2025-05-24,5.0,2.0,0.5133393892772807,NYM,NYM,True,NYM,True
777791,2025,67,CIN,CHC,2.0,-0.26623962297681236,4.391823208229337,2025-05-24,6.0,4.0,0.4731485900290457,CHC,CIN,False,CHC,False
777792,2025,67,CWS,TEX,5.0,-1.261302173356329,4.391823208229337,2025-05-24,10.0,5.0,0.3748239542273972,TEX,CWS,False,TEX,False
777793,2025,67,WSH,SF,3.0,-0.7677025206157948,4.391823208229337,2025-05-24,3.0,0.0,0.42299977059000093,SF,WSH,False,SF,False
777794,2025,67,PIT,MIL,1.0,-0.12172820928853853,4.391823208229337,2025-05-24,2.0,1.0,0.48771584480495905,MIL,PIT,False,MIL,False
777795,2025,67,TB,TOR,2.0,0.09232970917843594,4.391823208229337,2025-05-24,3.0,1.0,0.5093180423751579,TB,TB,True,TB,True
777796,2025,67,DET,CLE,-2.0,0.8493773830054442,4.391823208229337,2025-05-24,5.0,7.0,0.5850729051761082,DET,CLE,False,DET,False
777803,2025,67,ATL,SD,6.0,-0.008470367545304974,4.391823208229337,2025-05-24,7.0,1.0,0.4991450816671053,SD,ATL,False,SD,False
777809,2025,67,BOS,BAL,1.0,0.8308534006713484,4.391823208229337,2025-05-24,6.0,5.0,0.5832450282694023,BOS,BOS,True,BOS,False
777790,2025,67,BOS,BAL,-1.0,0.4942086234864006,4.391823208229337,2025-05-24,1.0,2.0,0.549751094709467,BOS,BAL,False,BOS,False
777765,2025,68,ATH,PHI,1.0,-1.5600630602434347,4.391823208229337,2025-05-25,5.0,4.0,0.34653628737074493,PHI,ATH,False,PHI,False
777766,2025,68,STL,AZ,1.0,0.3752979977736907,4.391823208229337,2025-05-25,4.0,3.0,0.5378222012335834,STL,STL,True,STL,False
777767,2025,68,LAA,MIA,-3.0,-0.03717112465332843,4.391823208229337,2025-05-25,0.0,3.0,0.4962483526623754,MIA,MIA,True,MIA,True
777768,2025,68,COL,NYY,-1.0,-2.81330228939607,4.391823208229337,2025-05-25,4.0,5.0,0.2383090055651068,NYY,NYY,True,NYY,False
777772,2025,68,MIN,KC,-1.0,0.6291896832278728,4.391823208229337,2025-05-25,1.0,2.0,0.5632372975352685,MIN,KC,False,MIN,False
777773,2025,68,NYM,LAD,2.0,-0.11686054957465619,4.391823208229337,2025-05-25,3.0,1.0,0.4882069167152079,LAD,NYM,False,LAD,False
777774,2025,68,HOU,SEA,2.0,0.2848288126549815,4.391823208229337,2025-05-25,5.0,3.0,0.5287230726367342,HOU,HOU,True,HOU,True
777775,2025,68,TB,TOR,13.0,-0.012373567947615849,4.391823208229337,2025-05-25,13.0,0.0,0.4987511308282576,TOR,TB,False,TOR,False
777776,2025,68,PIT,MIL,-1.0,-0.5893530250339499,4.391823208229337,2025-05-25,5.0,6.0,0.44073593871478844,MIL,MIL,True,MIL,False
777777,2025,68,CWS,TEX,-1.0,-0.9375091422883478,4.391823208229337,2025-05-25,4.0,5.0,0.4062564387243149,TEX,TEX,True,TEX,False
777778,2025,68,WSH,SF,-1.0,-0.9456892235026223,4.391823208229337,2025-05-25,2.0,3.0,0.4054539159184875,SF,SF,True,SF,False
777779,2025,68,CIN,CHC,-3.0,-0.3954715915300801,4.391823208229337,2025-05-25,8.0,11.0,0.46015132385929003,CHC,CHC,True,CHC,True
777780,2025,68,DET,CLE,5.0,1.4220104574324641,4.391823208229337,2025-05-25,5.0,0.0,0.6404874828156221,DET,DET,True,DET,True
777783,2025,68,ATL,SD,-2.0,0.19746401633936353,4.391823208229337,2025-05-25,3.0,5.0,0.519921867841886,ATL,SD,False,ATL,False
777785,2025,68,BOS,BAL,-4.0,0.7074588432482085,4.391823208229337,2025-05-25,1.0,5.0,0.5710248046051288,BOS,BAL,False,BOS,False
777756,2025,69,SD,MIA,1.0,0.9039056773040248,4.391823208229337,2025-05-26,4.0,3.0,0.5904427292297374,SD,SD,True,SD,False
777757,2025,69,CHC,COL,2.0,2.5626072371752624,4.391823208229337,2025-05-26,3.0,1.0,0.74161354324397,CHC,CHC,True,CHC,True
777758,2025,69,NYM,CWS,1.0,1.821537455979533,4.391823208229337,2025-05-26,2.0,1.0,0.6775435198234113,NYM,NYM,True,NYM,False
777759,2025,69,TEX,TOR,-1.0,0.133578577204707,4.391823208229337,2025-05-26,1.0,2.0,0.5134795954910798,TEX,TOR,False,TEX,False
777760,2025,69,KC,CIN,-3.0,-0.31015189455694014,4.391823208229337,2025-05-26,4.0,7.0,0.4687282875053125,CIN,CIN,True,CIN,True
777761,2025,69,AZ,PIT,5.0,0.953191178751388,4.391823208229337,2025-05-26,5.0,0.0,0.5952817288659098,AZ,AZ,True,AZ,True
777762,2025,69,TB,MIN,5.0,-0.451938619200426,4.391823208229337,2025-05-26,7.0,2.0,0.4544847732120133,MIN,TB,False,MIN,False
777763,2025,69,LAA,NYY,-4.0,-2.053508907366189,4.391823208229337,2025-05-26,1.0,5.0,0.3016961822183596,NYY,NYY,True,NYY,True
777764,2025,69,MIL,BOS,1.0,0.03603025418301729,4.391823208229337,2025-05-26,3.0,2.0,0.5036365035727234,MIL,MIL,True,MIL,False
777769,2025,69,CLE,LAD,-5.0,-1.107928450559366,4.391823208229337,2025-05-26,2.0,7.0,0.38962336390280905,LAD,LAD,True,LAD,True
777770,2025,69,DET,SF,2.0,0.3423980001093479,4.391823208229337,2025-05-26,3.0,1.0,0.534515251857558,DET,DET,True,DET,True
777771,2025,69,BAL,STL,3.0,-1.1946297322682708,4.391823208229337,2025-05-26,5.0,2.0,0.3812361429385307,STL,BAL,False,STL,False
777741,2025,70,TEX,TOR,2.0,0.27019406358413034,4.3892667873068945,2025-05-27,2.0,0.0,0.5272654621687356,TEX,TEX,True,TEX,True
777742,2025,70,SD,MIA,2.0,1.0218867506466678,4.3892667873068945,2025-05-27,8.0,6.0,0.60206017126241,SD,SD,True,SD,True
777743,2025,70,SEA,WSH,8.0,0.790909551864618,4.3892667873068945,2025-05-27,9.0,1.0,0.5793430104195407,SEA,SEA,True,SEA,True
777744,2025,70,AZ,PIT,-3.0,0.9164298914283843,4.3892667873068945,2025-05-27,6.0,9.0,0.5917261746585262,AZ,PIT,False,AZ,False
777745,2025,70,LAA,NYY,-1.0,-2.087733184964699,4.3892667873068945,2025-05-27,2.0,3.0,0.2985780672833893,NYY,NYY,True,NYY,False
777746,2025,70,TB,MIN,-2.0,-0.6070188833337707,4.3892667873068945,2025-05-27,2.0,4.0,0.43893795240983174,MIN,MIN,True,MIN,True
777747,2025,70,MIL,BOS,4.0,-0.16841197497170585,4.3892667873068945,2025-05-27,5.0,1.0,0.4829973346684188,BOS,MIL,False,BOS,False
777748,2025,70,PHI,ATL,2.0,0.2942012897749454,4.3892667873068945,2025-05-27,2.0,0.0,0.5296837543021833,PHI,PHI,True,PHI,True
777749,2025,70,NYM,CWS,2.0,1.7233841546103752,4.3892667873068945,2025-05-27,6.0,4.0,0.6686767561333784,NYM,NYM,True,NYM,True
777750,2025,70,KC,CIN,-5.0,-0.12232954849304441,4.3892667873068945,2025-05-27,2.0,7.0,0.4876479925757885,CIN,CIN,True,CIN,True
777751,2025,70,CHC,COL,1.0,2.7934163677870387,4.3892667873068945,2025-05-27,4.0,3.0,0.7602581254925374,CHC,CHC,True,CHC,False
777752,2025,70,HOU,ATH,10.0,1.6197624043594032,4.3892667873068945,2025-05-27,11.0,1.0,0.6591084427454116,HOU,HOU,True,HOU,True
777753,2025,70,CLE,LAD,-4.0,-0.7757332782031793,4.3892667873068945,2025-05-27,5.0,9.0,0.4221597933978449,LAD,LAD,True,LAD,True
777754,2025,70,BAL,STL,-3.0,-0.8293157857951597,4.3892667873068945,2025-05-27,4.0,7.0,0.4168590902780396,STL,STL,True,STL,True
777755,2025,70,DET,SF,2.0,-0.19653584709116034,4.3892667873068945,2025-05-27,3.0,1.0,0.48016015753721014,SF,DET,False,SF,False
777724,2025,71,TEX,TOR,-2.0,-0.10141482464709821,4.3892667873068945,2025-05-28,0.0,2.0,0.4897593076715527,TOR,TOR,True,TOR,True
777726,2025,71,SD,MIA,-2.0,0.9541690524437595,4.3892667873068945,2025-05-28,8.0,10.0,0.5954320735422391,SD,MIA,False,SD,False
777728,2025,71,LAA,NYY,-1.0,-1.8371692610633028,4.3892667873068945,2025-05-28,0.0,1.0,0.3209420614338019,NYY,NYY,True,NYY,False
777729,2025,71,AZ,PIT,-9.0,0.5273621556349554,4.3892667873068945,2025-05-28,1.0,10.0,0.5531001922078371,AZ,PIT,False,AZ,False
777730,2025,71,SEA,WSH,-9.0,1.1663487945130415,4.3892667873068945,2025-05-28,0.0,9.0,0.6160995971677896,SEA,WSH,False,SEA,False
777731,2025,71,CHC,COL,1.0,2.6224357756227215,4.3892667873068945,2025-05-28,2.0,1.0,0.7466070418765132,CHC,CHC,True,CHC,False
777732,2025,71,TB,MIN,5.0,-0.22174264450786424,4.3892667873068945,2025-05-28,5.0,0.0,0.4776181087600761,MIN,TB,False,MIN,False
777733,2025,71,KC,CIN,1.0,-0.2963281384224526,4.3892667873068945,2025-05-28,3.0,2.0,0.4701020557797658,CIN,KC,False,CIN,False
777734,2025,71,HOU,ATH,2.0,0.639489281056879,4.3892667873068945,2025-05-28,5.0,3.0,0.5643006433722563,HOU,HOU,True,HOU,True
777736,2025,71,MIL,BOS,1.0,0.31345823043501814,4.3892667873068945,2025-05-28,6.0,5.0,0.5316227547401369,MIL,MIL,True,MIL,False
777737,2025,71,NYM,CWS,-5.0,1.5474855013048263,4.3892667873068945,2025-05-28,4.0,9.0,0.6523728950019431,NYM,CWS,False,NYM,False
777738,2025,71,DET,SF,1.0,0.22063581694139328,4.3892667873068945,2025-05-28,4.0,3.0,0.5222702885267118,DET,DET,True,DET,False
777739,2025,71,CLE,LAD,3.0,-0.6513247820861267,4.3892667873068945,2025-05-28,7.0,4.0,0.4345199440850841,LAD,CLE,False,LAD,False
777740,2025,71,BAL,STL,-2.0,-1.1601796078345195,4.3892667873068945,2025-05-28,4.0,6.0,0.3844969898620001,STL,STL,True,STL,True
777722,2025,72,SEA,WSH,-6.0,0.4519759088875215,4.3892667873068945,2025-05-29,3.0,9.0,0.5455453618918533,SEA,WSH,False,SEA,False
777725,2025,72,HOU,TB,-10.0,0.39538314565737054,4.3892667873068945,2025-05-29,3.0,13.0,0.5398629201640084,HOU,TB,False,HOU,False
777727,2025,72,TOR,ATH,12.0,0.9518113592419254,4.3892667873068945,2025-05-29,12.0,0.0,0.5952008003300974,TOR,TOR,True,TOR,True
777735,2025,72,PHI,ATL,1.0,0.5557690235725524,4.3892667873068945,2025-05-29,5.0,4.0,0.5559421447121297,PHI,PHI,True,PHI,False
777723,2025,72,PHI,ATL,-6.0,0.2619571181835135,4.3892667873068945,2025-05-29,3.0,9.0,0.5264355033340534,PHI,ATL,False,PHI,False
777707,2025,73,SD,PIT,1.0,0.4348529876486797,4.3892667873068945,2025-05-30,3.0,2.0,0.5438269899583804,SD,SD,True,SD,False
777708,2025,73,LAD,NYY,3.0,-0.7935545728034578,4.3892667873068945,2025-05-30,8.0,5.0,0.42039518867329395,NYY,LAD,False,NYY,False
777709,2025,73,TEX,STL,10.0,-0.8385166416054016,4.3892667873068945,2025-05-30,11.0,1.0,0.41595037685351743,STL,TEX,False,STL,False
777710,2025,73,AZ,WSH,-2.0,0.9698075491953815,4.3892667873068945,2025-05-30,7.0,9.0,0.596965253071003,AZ,WSH,False,AZ,False
777711,2025,73,KC,DET,-2.0,-0.4318688246780596,4.3892667873068945,2025-05-30,5.0,7.0,0.4564725707378615,DET,DET,True,DET,True
777712,2025,73,CHC,CIN,-4.0,0.7414692481607876,4.3892667873068945,2025-05-30,2.0,6.0,0.5744431332664166,CHC,CIN,False,CHC,False
777713,2025,73,SEA,MIN,-6.0,0.21269157989314885,4.3892667873068945,2025-05-30,6.0,12.0,0.5214692111223633,SEA,MIN,False,SEA,False
777714,2025,73,HOU,TB,1.0,0.3185475621062615,4.3892667873068945,2025-05-30,2.0,1.0,0.5321350811854624,HOU,HOU,True,HOU,False
777715,2025,73,PHI,MIL,-4.0,0.009344037342409253,4.3892667873068945,2025-05-30,2.0,6.0,0.5009436473789527,PHI,MIL,False,PHI,False
777716,2025,73,TOR,ATH,4.0,1.2720068917719156,4.3892667873068945,2025-05-30,11.0,7.0,0.6262734012122222,TOR,TOR,True,TOR,True
777717,2025,73,MIA,SF,-2.0,-1.213289053926332,4.3892667873068945,2025-05-30,0.0,2.0,0.37937017954688806,SF,SF,True,SF,True
777718,2025,73,NYM,COL,2.0,2.156187560947977,4.3892667873068945,2025-05-30,4.0,2.0,0.7074062874569746,NYM,NYM,True,NYM,True
777719,2025,73,ATL,BOS,-4.0,0.5083806511821382,4.3892667873068945,2025-05-30,1.0,5.0,0.5511996658155638,ATL,BOS,False,ATL,False
777720,2025,73,BAL,CWS,1.0,0.5419214442701273,4.3892667873068945,2025-05-30,2.0,1.0,0.5545571198502616,BAL,BAL,True,BAL,False
777721,2025,73,CLE,LAA,-3.0,0.7964478233907324,4.3892667873068945,2025-05-30,1.0,4.0,0.5798911413711688,CLE,LAA,False,CLE,False
777691,2025,74,SD,PIT,-5.0,0.6038539442990966,4.3892667873068945,2025-05-31,0.0,5.0,0.5607461543725659,SD,PIT,False,SD,False
777693,2025,74,HOU,TB,-13.0,0.24794111626248516,4.3892667873068945,2025-05-31,3.0,16.0,0.5250229819450699,HOU,TB,False,HOU,False
777694,2025,74,KC,DET,1.0,-0.7206577529673153,4.3892667873068945,2025-05-31,1.0,0.0,0.4276229195229271,DET,KC,False,DET,False
777695,2025,74,SEA,MIN,1.0,-0.2949141558984888,4.3892667873068945,2025-05-31,5.0,4.0,0.47024445366951917,MIN,SEA,False,MIN,False
777696,2025,74,AZ,WSH,-4.0,0.7486962627972346,4.3892667873068945,2025-05-31,7.0,11.0,0.5751601173697607,AZ,WSH,False,AZ,False
777697,2025,74,TEX,STL,-2.0,-0.673237835867025,4.3892667873068945,2025-05-31,0.0,2.0,0.4323378445234679,STL,STL,True,STL,True
777698,2025,74,LAD,NYY,16.0,-0.4644864210306952,4.3892667873068945,2025-05-31,18.0,2.0,0.453199681644599,NYY,LAD,False,NYY,False
777699,2025,74,BAL,CWS,2.0,0.6386823170286619,4.3892667873068945,2025-05-31,4.0,2.0,0.5642202081229754,BAL,BAL,True,BAL,True
777700,2025,74,NYM,COL,6.0,2.4401847197034456,4.3892667873068945,2025-05-31,8.0,2.0,0.7316184204452633,NYM,NYM,True,NYM,True
777701,2025,74,TOR,ATH,1.0,1.4161788450415966,4.3892667873068945,2025-05-31,8.0,7.0,0.6400137034457579,TOR,TOR,True,TOR,False
777702,2025,74,PHI,MIL,-10.0,0.2959105940970864,4.3892667873068945,2025-05-31,7.0,17.0,0.5298558949951181,PHI,MIL,False,PHI,False
777703,2025,74,CLE,LAA,2.0,0.9959362644724548,4.3892667873068945,2025-05-31,7.0,5.0,0.5995235468691692,CLE,CLE,True,CLE,True
777704,2025,74,CHC,CIN,2.0,0.3077576890264335,4.3892667873068945,2025-05-31,2.0,0.0,0.5310488376510943,CHC,CHC,True,CHC,True
777705,2025,74,MIA,SF,1.0,-1.1548860885334669,4.3892667873068945,2025-05-31,1.0,0.0,0.38500911429399304,SF,MIA,False,SF,False
777706,2025,74,ATL,BOS,5.0,0.7800507180284283,4.3892667873068945,2025-05-31,5.0,0.0,0.5782678498509176,ATL,ATL,True,ATL,True
777677,2025,75,KC,DET,-1.0,-0.1000412165800557,4.3892667873068945,2025-06-01,0.0,1.0,0.48989798236801374,DET,DET,True,DET,False
777678,2025,75,TEX,STL,7.0,-0.03191489001981086,4.3892667873068945,2025-06-01,8.0,1.0,0.49677697105862817,STL,TEX,False,STL,False
777679,2025,75,AZ,WSH,2.0,0.8296017842413332,4.3892667873068945,2025-06-01,3.0,1.0,0.5831691627927783,AZ,AZ,True,AZ,True
777680,2025,75,SEA,MIN,1.0,-0.03348077559826315,4.3892667873068945,2025-06-01,2.0,1.0,0.4966188387098036,MIN,SEA,False,MIN,False
777681,2025,75,SD,PIT,2.0,0.48841541299612556,4.3892667873068945,2025-06-01,6.0,4.0,0.5491993751553877,SD,SD,True,SD,True
777682,2025,75,LAD,NYY,-4.0,-0.040454303897088956,4.3892667873068945,2025-06-01,3.0,7.0,0.4959146175463396,NYY,NYY,True,NYY,True
777683,2025,75,CLE,LAA,2.0,0.7584735820576917,4.3892667873068945,2025-06-01,4.0,2.0,0.5761297183277005,CLE,CLE,True,CLE,True
777684,2025,75,BAL,CWS,1.0,0.23776082058277587,4.3892667873068945,2025-06-01,3.0,2.0,0.5239968216975405,BAL,BAL,True,BAL,False
777685,2025,75,TOR,ATH,4.0,1.640160162904533,4.3892667873068945,2025-06-01,8.0,4.0,0.6610003003080708,TOR,TOR,True,TOR,True
777686,2025,75,NYM,COL,2.0,2.2970928555156775,4.3892667873068945,2025-06-01,5.0,3.0,0.7195456894909762,NYM,NYM,True,NYM,True
777687,2025,75,CHC,CIN,4.0,0.7923029580937084,4.3892667873068945,2025-06-01,7.0,3.0,0.5794809324297304,CHC,CHC,True,CHC,True
777688,2025,75,PHI,MIL,-3.0,0.44382214255925506,4.3892667873068945,2025-06-01,2.0,5.0,0.5447271944152787,PHI,MIL,False,PHI,False
777689,2025,75,MIA,SF,-2.0,-1.0019078400103372,4.3892667873068945,2025-06-01,2.0,4.0,0.399892363650866,SF,SF,True,SF,True
777690,2025,75,HOU,TB,1.0,0.3940102536230756,4.3892667873068945,2025-06-01,1.0,0.0,0.5397249630200226,HOU,HOU,True,HOU,False
777692,2025,75,ATL,BOS,-2.0,0.025252940944459214,4.3892667873068945,2025-06-01,1.0,3.0,0.5025502607255821,ATL,BOS,False,ATL,False
777669,2025,76,ATH,MIN,-6.0,-1.490075035160646,4.3892667873068945,2025-06-02,4.0,10.0,0.3530118556347157,MIN,MIN,True,MIN,True
777670,2025,76,BOS,LAA,-1.0,1.2759711390830086,4.3892667873068945,2025-06-02,6.0,7.0,0.626653460611657,BOS,LAA,False,BOS,False
777671,2025,76,CIN,MIL,-1.0,-0.19205830009482733,4.3892667873068945,2025-06-02,2.0,3.0,0.4806117954530564,MIL,MIL,True,MIL,False
777673,2025,76,MIA,COL,-2.0,1.0571843915810497,4.3892667873068945,2025-06-02,4.0,6.0,0.6055035343148117,MIA,COL,False,MIA,False
777674,2025,76,CWS,DET,-12.0,-1.3637436628279827,4.3892667873068945,2025-06-02,1.0,13.0,0.36496380219820823,DET,DET,True,DET,True
777675,2025,76,LAD,NYM,-1.0,0.5585996026360803,4.3892667873068945,2025-06-02,3.0,4.0,0.5562251736652265,LAD,NYM,False,LAD,False
777676,2025,76,SF,SD,-1.0,0.33892878149238254,4.3892667873068945,2025-06-02,0.0,1.0,0.5341862503472075,SF,SD,False,SF,False
777655,2025,77,SEA,BAL,-4.0,0.7382071682722681,4.3928347243216885,2025-06-03,1.0,5.0,0.5740599207132628,SEA,BAL,False,SEA,False
777656,2025,77,SF,SD,-1.0,0.14403324891844166,4.3928347243216885,2025-06-03,2.0,3.0,0.5145307954451814,SF,SD,False,SF,False
777657,2025,77,LAD,NYM,1.0,0.07054136260347106,4.3928347243216885,2025-06-03,6.0,5.0,0.5071177625244355,LAD,LAD,True,LAD,False
777658,2025,77,ATH,MIN,-7.0,-1.6549616707995782,4.3928347243216885,2025-06-03,3.0,10.0,0.3377537717872746,MIN,MIN,True,MIN,True
777659,2025,77,WSH,CHC,-5.0,-1.360895696285652,4.3928347243216885,2025-06-03,3.0,8.0,0.3653400137915734,CHC,CHC,True,CHC,True
777660,2025,77,STL,KC,-3.0,0.12169657797744153,4.3928347243216885,2025-06-03,7.0,10.0,0.5122781371590527,STL,KC,False,STL,False
777661,2025,77,CWS,DET,7.0,-1.412070980607728,4.3928347243216885,2025-06-03,8.0,1.0,0.3604840627918948,DET,CWS,False,DET,False
777662,2025,77,TB,TEX,4.0,0.5778280306174107,4.3928347243216885,2025-06-03,5.0,1.0,0.5581001608737394,TB,TB,True,TB,True
777663,2025,77,PIT,HOU,-3.0,0.004957504993037799,4.3928347243216885,2025-06-03,0.0,3.0,0.5005002484355775,PIT,HOU,False,PIT,False
777664,2025,77,NYY,CLE,1.0,1.0583356902807846,4.3928347243216885,2025-06-03,3.0,2.0,0.6055319563826734,NYY,NYY,True,NYY,False
777665,2025,77,TOR,PHI,-5.0,-0.6537229718464355,4.3928347243216885,2025-06-03,3.0,8.0,0.43433392732194054,PHI,PHI,True,PHI,True
777666,2025,77,MIA,COL,-1.0,0.9778161471846751,4.3928347243216885,2025-06-03,2.0,3.0,0.5976720434446313,MIA,COL,False,MIA,False
777667,2025,77,BOS,LAA,-1.0,0.7527162263430618,4.3928347243216885,2025-06-03,3.0,4.0,0.5754981941068653,BOS,LAA,False,BOS,False
777668,2025,77,CIN,MIL,2.0,0.26509838016026366,4.3928347243216885,2025-06-03,4.0,2.0,0.5267303363229953,CIN,CIN,True,CIN,True
777672,2025,77,ATL,AZ,-5.0,0.3738589082999417,4.3928347243216885,2025-06-03,3.0,8.0,0.5376689538723582,ATL,AZ,False,ATL,False
777638,2025,78,LAD,NYM,-5.0,0.13465028983530958,4.3928347243216885,2025-06-04,1.0,6.0,0.5135845742426773,LAD,NYM,False,LAD,False
777639,2025,78,CWS,DET,-1.0,-1.4414639471070438,4.3928347243216885,2025-06-04,4.0,5.0,0.3577050866688528,DET,DET,True,DET,False
777641,2025,78,SF,SD,1.0,-0.03310286393882679,4.3928347243216885,2025-06-04,6.0,5.0,0.4966597175848906,SD,SF,False,SD,False
777643,2025,78,ATH,MIN,-5.0,-1.5035974380336423,4.3928347243216885,2025-06-04,1.0,6.0,0.3518555576417073,MIN,MIN,True,MIN,True
777645,2025,78,SEA,BAL,-1.0,0.42375039099805023,4.3928347243216885,2025-06-04,2.0,3.0,0.5426777888149292,SEA,BAL,False,SEA,False
777646,2025,78,TB,TEX,1.0,0.5280641376353,4.3928347243216885,2025-06-04,5.0,4.0,0.5531275255094927,TB,TB,True,TB,False
777647,2025,78,CIN,MIL,-8.0,0.1201482985227938,4.3928347243216885,2025-06-04,1.0,9.0,0.5121219774821701,CIN,MIL,False,CIN,False
777648,2025,78,PIT,HOU,3.0,-0.7972570178984496,4.3928347243216885,2025-06-04,3.0,0.0,0.42009286236393784,HOU,PIT,False,HOU,False
777649,2025,78,BOS,LAA,2.0,0.9712487737637302,4.3928347243216885,2025-06-04,11.0,9.0,0.5970291774005296,BOS,BOS,True,BOS,True
777650,2025,78,WSH,CHC,2.0,-1.3386123114712394,4.3928347243216885,2025-06-04,2.0,0.0,0.3674612720149264,CHC,WSH,False,CHC,False
777651,2025,78,TOR,PHI,1.0,-0.3542668112473566,4.3928347243216885,2025-06-04,2.0,1.0,0.4642996658992822,PHI,TOR,False,PHI,False
777652,2025,78,MIA,COL,-1.0,0.796101983235275,4.3928347243216885,2025-06-04,2.0,3.0,0.5797929286749953,MIA,COL,False,MIA,False
777653,2025,78,NYY,CLE,-4.0,0.9413621888634359,4.3928347243216885,2025-06-04,0.0,4.0,0.5941003548234628,NYY,CLE,False,NYY,False
777654,2025,78,ATL,AZ,-1.0,0.32477226559512573,4.3928347243216885,2025-06-04,1.0,2.0,0.5327350796310691,ATL,AZ,False,ATL,False
777628,2025,79,SEA,BAL,-1.0,0.7660230976425663,4.3928347243216885,2025-06-05,3.0,4.0,0.5768164127949909,SEA,BAL,False,SEA,False
777629,2025,79,TB,TEX,1.0,0.7404320854217036,4.3928347243216885,2025-06-05,4.0,3.0,0.5742805397555379,TB,TB,True,TB,False
777630,2025,79,PIT,HOU,-6.0,-0.7477257440834779,4.3928347243216885,2025-06-05,2.0,8.0,0.4249963967219879,HOU,HOU,True,HOU,True
777631,2025,79,LAD,NYM,1.0,0.11071352644433054,4.3928347243216885,2025-06-05,6.0,5.0,0.511170345793305,LAD,LAD,True,LAD,False
777632,2025,79,WSH,CHC,-6.0,-1.0261492930585918,4.3928347243216885,2025-06-05,1.0,7.0,0.39760496023356007,CHC,CHC,True,CHC,True
777633,2025,79,SF,SD,1.0,0.19796187784994365,4.3928347243216885,2025-06-05,3.0,2.0,0.5199674594392097,SF,SF,True,SF,False
777634,2025,79,CWS,DET,1.0,-1.7294597180860618,4.3928347243216885,2025-06-05,3.0,2.0,0.33089446596087513,DET,CWS,False,DET,False
777636,2025,79,ATH,MIN,11.0,-1.5419436902161796,4.3928347243216885,2025-06-05,14.0,3.0,0.34826278379596376,MIN,ATH,False,MIN,False
777637,2025,79,TOR,PHI,8.0,-0.30288272608295963,4.3928347243216885,2025-06-05,9.0,1.0,0.4694667845631799,PHI,TOR,False,PHI,False
777640,2025,79,ATL,AZ,-1.0,0.39209197920722483,4.3928347243216885,2025-06-05,10.0,11.0,0.5395001907289452,ATL,AZ,False,ATL,False
777642,2025,79,STL,KC,1.0,0.42318369711157316,4.3928347243216885,2025-06-05,6.0,5.0,0.5426209323359347,STL,STL,True,STL,False
777644,2025,79,NYY,CLE,4.0,0.9810985447429807,4.3928347243216885,2025-06-05,4.0,0.0,0.5979932514070947,NYY,NYY,True,NYY,True
777635,2025,79,STL,KC,-2.0,0.09550047972108977,4.3928347243216885,2025-06-05,5.0,7.0,0.5096357608513713,STL,KC,False,STL,False
777613,2025,80,ATH,BAL,1.0,-1.061622615461395,4.3928347243216885,2025-06-06,5.0,4.0,0.39414807783946665,BAL,ATH,False,BAL,False
777614,2025,80,LAA,SEA,1.0,-0.8316075769343066,4.3928347243216885,2025-06-06,5.0,4.0,0.41669942125335657,SEA,LAA,False,SEA,False
777615,2025,80,MIN,TOR,-2.0,0.32346743627004987,4.3928347243216885,2025-06-06,4.0,6.0,0.532603854521551,MIN,TOR,False,MIN,False
777616,2025,80,COL,NYM,-2.0,-2.02325368465097,4.3928347243216885,2025-06-06,2.0,4.0,0.3044108842733195,NYM,NYM,True,NYM,True
777617,2025,80,MIL,SD,-2.0,0.5161647820902399,4.3928347243216885,2025-06-06,0.0,2.0,0.5519372189255931,MIL,SD,False,MIL,False
777618,2025,80,CWS,KC,5.0,-0.8664097429675343,4.3928347243216885,2025-06-06,7.0,2.0,0.4132676864685089,KC,CWS,False,KC,False
777619,2025,80,SF,ATL,1.0,-0.44021908963203127,4.3928347243216885,2025-06-06,5.0,4.0,0.4556702905471083,ATL,SF,False,ATL,False
777620,2025,80,STL,LAD,5.0,-0.3828919825325067,4.3928347243216885,2025-06-06,5.0,0.0,0.46142370787452847,LAD,STL,False,LAD,False
777621,2025,80,PIT,PHI,1.0,-0.53261665795174,4.3928347243216885,2025-06-06,5.0,4.0,0.44641720646317573,PHI,PIT,False,PHI,False
777622,2025,80,CLE,HOU,-2.0,-0.8965633178326503,4.3928347243216885,2025-06-06,2.0,4.0,0.4102996735219115,HOU,HOU,True,HOU,True
777624,2025,80,WSH,TEX,2.0,-0.4009393623173357,4.3928347243216885,2025-06-06,2.0,0.0,0.45961152249486004,TEX,WSH,False,TEX,False
777625,2025,80,TB,MIA,1.0,1.392738909765016,4.3928347243216885,2025-06-06,4.0,3.0,0.6376841382203913,TB,TB,True,TB,False
777626,2025,80,DET,CHC,2.0,0.12983998710939373,4.3928347243216885,2025-06-06,3.0,1.0,0.5130994509669244,DET,DET,True,DET,True
777627,2025,80,NYY,BOS,3.0,0.8745803149298325,4.3928347243216885,2025-06-06,9.0,6.0,0.5875370392768884,NYY,NYY,True,NYY,True
777597,2025,81,MIL,SD,1.0,0.0057024133155813075,4.3928347243216885,2025-06-07,4.0,3.0,0.5005754150732293,MIL,MIL,True,MIL,False
777598,2025,81,SF,ATL,1.0,0.4141963323299684,4.3928347243216885,2025-06-07,3.0,2.0,0.5417191128801593,SF,SF,True,SF,False
777599,2025,81,ATH,BAL,-3.0,-0.523519159283431,4.3928347243216885,2025-06-07,4.0,7.0,0.44732705814809615,BAL,BAL,True,BAL,True
777600,2025,81,MIN,TOR,-1.0,0.04210817071599144,4.3928347243216885,2025-06-07,4.0,5.0,0.5042489425284095,MIN,TOR,False,MIN,False
777601,2025,81,STL,LAD,1.0,-0.7011786726469369,4.3928347243216885,2025-06-07,2.0,1.0,0.42961511454263,LAD,STL,False,LAD,False
777603,2025,81,LAA,SEA,2.0,-1.0763380038115957,4.3928347243216885,2025-06-07,8.0,6.0,0.392716486717429,SEA,LAA,False,SEA,False
777604,2025,81,COL,NYM,-7.0,-2.2250949608421613,4.3928347243216885,2025-06-07,1.0,8.0,0.2867824123317567,NYM,NYM,True,NYM,True
777605,2025,81,NYY,BOS,-3.0,0.7434808938367208,4.3928347243216885,2025-06-07,7.0,10.0,0.5745828166962178,NYY,BOS,False,NYY,False
777606,2025,81,CWS,KC,3.0,-0.8477362142080611,4.3928347243216885,2025-06-07,4.0,1.0,0.4151082196521463,KC,CWS,False,KC,False
777607,2025,81,PIT,PHI,1.0,-0.47817162390446877,4.3928347243216885,2025-06-07,2.0,1.0,0.45186636107119177,PHI,PIT,False,PHI,False
777608,2025,81,CLE,HOU,-2.0,-0.6042802677730152,4.3928347243216885,2025-06-07,3.0,5.0,0.43926028214208507,HOU,HOU,True,HOU,True
777609,2025,81,DET,CHC,-5.0,-0.08190491790280863,4.3928347243216885,2025-06-07,1.0,6.0,0.4917357849954474,CHC,CHC,True,CHC,True
777610,2025,81,WSH,TEX,-5.0,-0.47187987936665543,4.3928347243216885,2025-06-07,0.0,5.0,0.45249667789508174,TEX,TEX,True,TEX,True
777611,2025,81,TB,MIA,-1.0,1.3529754979825883,4.3928347243216885,2025-06-07,10.0,11.0,0.6339064938864369,TB,MIA,False,TB,False
777612,2025,81,CIN,AZ,12.0,0.23434755288205686,4.3928347243216885,2025-06-07,13.0,1.0,0.5236335442264795,CIN,CIN,True,CIN,True
777623,2025,81,CIN,AZ,1.0,0.4623843705098829,4.3928347243216885,2025-06-07,4.0,3.0,0.5465518209435692,CIN,CIN,True,CIN,False
777582,2025,82,STL,LAD,-4.0,-0.35514478150949286,4.3928347243216885,2025-06-08,3.0,7.0,0.46421142811387006,LAD,LAD,True,LAD,True
777583,2025,82,COL,NYM,-8.0,-2.159757555203537,4.3928347243216885,2025-06-08,5.0,13.0,0.2924357346626275,NYM,NYM,True,NYM,True
777585,2025,82,MIN,TOR,3.0,0.46395373207140744,4.3928347243216885,2025-06-08,6.0,3.0,0.5467090980137357,MIN,MIN,True,MIN,True
777586,2025,82,MIL,SD,-1.0,0.2119645000486117,4.3928347243216885,2025-06-08,0.0,1.0,0.5213785283262912,MIL,SD,False,MIL,False
777587,2025,82,SF,ATL,1.0,0.03274879160279393,4.3928347243216885,2025-06-08,4.0,3.0,0.5033045551619093,SF,SF,True,SF,False
777588,2025,82,ATH,BAL,4.0,-1.0049781884864952,4.3928347243216885,2025-06-08,5.0,1.0,0.3996719458246467,BAL,ATH,False,BAL,False
777589,2025,82,LAA,SEA,-1.0,-0.8545245704984517,4.3928347243216885,2025-06-08,2.0,3.0,0.4144389159244423,SEA,SEA,True,SEA,False
777590,2025,82,CWS,KC,-2.0,-0.5474703402929367,4.3928347243216885,2025-06-08,5.0,7.0,0.44493228024249676,KC,KC,True,KC,True
777591,2025,82,CLE,HOU,2.0,-0.2633525499592759,4.3928347243216885,2025-06-08,4.0,2.0,0.47344543773811554,HOU,CLE,False,HOU,False
777592,2025,82,TB,MIA,1.0,1.5785161286694838,4.3928347243216885,2025-06-08,3.0,2.0,0.6551511619424598,TB,TB,True,TB,False
777593,2025,82,NYY,BOS,-4.0,0.9399586444603885,4.3928347243216885,2025-06-08,7.0,11.0,0.593962679469058,NYY,BOS,False,NYY,False
777594,2025,82,DET,CHC,4.0,-0.2563105877653424,4.3928347243216885,2025-06-08,4.0,0.0,0.47415449026623746,CHC,DET,False,CHC,False
777595,2025,82,PIT,PHI,1.0,-0.06253045729281528,4.3928347243216885,2025-06-08,2.0,1.0,0.4936904818945065,PHI,PIT,False,PHI,False
777596,2025,82,WSH,TEX,-2.0,-0.18952709269744317,4.3928347243216885,2025-06-08,2.0,4.0,0.48088265061905383,TEX,TEX,True,TEX,True
777602,2025,82,CIN,AZ,2.0,0.1930198215834685,4.3928347243216885,2025-06-08,4.0,2.0,0.5194693790691515,CIN,CIN,True,CIN,True
777574,2025,83,PIT,MIA,7.0,0.8728184239219124,4.3928347243216885,2025-06-09,10.0,3.0,0.5873635403069614,PIT,PIT,True,PIT,True
777575,2025,83,MIL,ATL,-6.0,-0.2095850911659332,4.3928347243216885,2025-06-09,1.0,7.0,0.4788612304853953,ATL,ATL,True,ATL,True
777576,2025,83,LAA,ATH,3.0,0.33426087951393624,4.3928347243216885,2025-06-09,7.0,4.0,0.5336892301793157,LAA,LAA,True,LAA,True
777577,2025,83,AZ,SEA,4.0,0.2800587392934424,4.3928347243216885,2025-06-09,8.0,4.0,0.5282363615827357,AZ,AZ,True,AZ,True
777578,2025,83,PHI,CHC,1.0,-0.904459515744394,4.3928347243216885,2025-06-09,4.0,3.0,0.409523292423565,CHC,PHI,False,CHC,False
777579,2025,83,SD,LAD,-1.0,-0.34408413547263744,4.3928347243216885,2025-06-09,7.0,8.0,0.4653231725525495,LAD,LAD,True,LAD,False
777580,2025,83,CLE,CIN,-3.0,-0.06958358950147281,4.3928347243216885,2025-06-09,4.0,7.0,0.4929788686222368,CIN,CIN,True,CIN,True
777581,2025,83,STL,TOR,-1.0,-0.21611856508607824,4.3928347243216885,2025-06-09,4.0,5.0,0.47820290996255205,TOR,TOR,True,TOR,False
777584,2025,83,BOS,TB,-2.0,-0.45404349101921093,4.3928347243216885,2025-06-09,8.0,10.0,0.4542842008444599,TB,TB,True,TB,True
777557,2025,84,MIN,TEX,-12.0,0.057194515784673695,4.387183017478308,2025-06-10,4.0,16.0,0.5057785783311146,MIN,TEX,False,MIN,False
777558,2025,84,STL,TOR,-1.0,0.06409351637994012,4.387183017478308,2025-06-10,9.0,10.0,0.5064755525399548,STL,TOR,False,STL,False
777559,2025,84,AZ,SEA,7.0,0.04097936874753198,4.387183017478308,2025-06-10,10.0,3.0,0.5041403711330977,AZ,AZ,True,AZ,True
777560,2025,84,SD,LAD,10.0,-0.333856739153301,4.387183017478308,2025-06-10,11.0,1.0,0.46630816118484464,LAD,SD,False,LAD,False
777563,2025,84,COL,SF,-1.0,-1.8433781189098688,4.387183017478308,2025-06-10,5.0,6.0,0.32030021448573043,SF,SF,True,SF,False
777564,2025,84,LAA,ATH,1.0,0.21903806146423166,4.387183017478308,2025-06-10,2.0,1.0,0.5221196722824604,LAA,LAA,True,LAA,False
777565,2025,84,BOS,TB,2.0,-0.6028977539166049,4.387183017478308,2025-06-10,3.0,1.0,0.43932070681230695,TB,BOS,False,TB,False
777566,2025,84,PIT,MIA,-1.0,0.8803898558403909,4.387183017478308,2025-06-10,2.0,3.0,0.58822063919531,PIT,MIA,False,PIT,False
777567,2025,84,HOU,CWS,-2.0,0.5128389593459969,4.387183017478308,2025-06-10,2.0,4.0,0.5516705545731996,HOU,CWS,False,HOU,False
777568,2025,84,MIL,ATL,3.0,0.01957366844639058,4.387183017478308,2025-06-10,4.0,1.0,0.5019776628399006,MIL,MIL,True,MIL,True
777569,2025,84,CLE,CIN,-1.0,-0.3479293189498434,4.387183017478308,2025-06-10,0.0,1.0,0.4648915955014909,CIN,CIN,True,CIN,False
777570,2025,84,NYM,WSH,1.0,0.9251343992038483,4.387183017478308,2025-06-10,5.0,4.0,0.5926248531874374,NYM,NYM,True,NYM,False
777571,2025,84,PHI,CHC,-4.0,-0.5530457146384085,4.387183017478308,2025-06-10,4.0,8.0,0.4443039163203384,CHC,CHC,True,CHC,True
777572,2025,84,KC,NYY,-8.0,-0.7037654013025875,4.387183017478308,2025-06-10,2.0,10.0,0.42926813859214835,NYY,NYY,True,NYY,True
777573,2025,84,BAL,DET,-2.0,-1.1071593363504835,4.387183017478308,2025-06-10,3.0,5.0,0.38958436360873566,DET,DET,True,DET,True
777542,2025,85,LAA,ATH,1.0,0.7173231986406103,4.387183017478308,2025-06-11,6.0,5.0,0.5720797025706211,LAA,LAA,True,LAA,False
777543,2025,85,SD,LAD,-3.0,-0.34614615817384115,4.387183017478308,2025-06-11,2.0,5.0,0.4650710667346678,LAD,LAD,True,LAD,True
777545,2025,85,STL,TOR,-3.0,0.5759875454029068,4.387183017478308,2025-06-11,2.0,5.0,0.557990491551195,STL,TOR,False,STL,False
777547,2025,85,COL,SF,-3.0,-1.755765810743071,4.387183017478308,2025-06-11,7.0,10.0,0.32827894265116203,SF,SF,True,SF,True
777548,2025,85,AZ,SEA,3.0,-0.10255320186236756,4.387183017478308,2025-06-11,5.0,2.0,0.4896394645242218,SEA,AZ,False,SEA,False
777549,2025,85,CLE,CIN,9.0,-0.5560327309000462,4.387183017478308,2025-06-11,11.0,2.0,0.44400507803174694,CIN,CLE,False,CIN,False
777550,2025,85,HOU,CWS,8.0,1.1869208428697993,4.387183017478308,2025-06-11,10.0,2.0,0.6181414268938055,HOU,HOU,True,HOU,True
777551,2025,85,KC,NYY,-3.0,-0.4623283075261444,4.387183017478308,2025-06-11,3.0,6.0,0.45339410874537217,NYY,NYY,True,NYY,True
777552,2025,85,PIT,MIA,3.0,0.8767688503827606,4.387183017478308,2025-06-11,5.0,2.0,0.5878637283876567,PIT,PIT,True,PIT,True
777553,2025,85,PHI,CHC,5.0,-0.9477440533302453,4.387183017478308,2025-06-11,7.0,2.0,0.4051540822176538,CHC,PHI,False,CHC,False
777554,2025,85,MIL,ATL,-4.0,0.17386468993048493,4.387183017478308,2025-06-11,2.0,6.0,0.5175611465492529,MIL,ATL,False,MIL,False
777555,2025,85,NYM,WSH,5.0,1.3366689713103903,4.387183017478308,2025-06-11,5.0,0.0,0.6325176313504529,NYM,NYM,True,NYM,True
777556,2025,85,MIN,TEX,4.0,0.24435662220460225,4.387183017478308,2025-06-11,6.0,2.0,0.5246733868594312,MIN,MIN,True,MIN,True
777561,2025,85,BOS,TB,1.0,-0.6689922300502478,4.387183017478308,2025-06-11,4.0,3.0,0.43272883023556924,TB,BOS,False,TB,False
777562,2025,85,BAL,DET,9.0,-1.0638538937989601,4.387183017478308,2025-06-11,10.0,1.0,0.3937975456734003,DET,BAL,False,DET,False
777532,2025,86,MIL,STL,6.0,0.3478321750318341,4.387183017478308,2025-06-12,6.0,0.0,0.5350986273591811,MIL,MIL,True,MIL,True
777533,2025,86,MIN,TEX,-13.0,0.7085507562854633,4.387183017478308,2025-06-12,3.0,16.0,0.5712076899268773,MIN,TEX,False,MIN,False
777534,2025,86,COL,SF,1.0,-1.7824775011822755,4.387183017478308,2025-06-12,8.0,7.0,0.32583781846523585,SF,COL,False,SF,False
777536,2025,86,KC,NYY,-1.0,-0.5462808951815615,4.387183017478308,2025-06-12,0.0,1.0,0.44498082457785176,NYY,NYY,True,NYY,False
777540,2025,86,BAL,DET,-3.0,-1.3682282387150195,4.387183017478308,2025-06-12,1.0,4.0,0.3644753839209526,DET,DET,True,DET,True
777541,2025,86,CHC,PIT,1.0,1.2949517327516857,4.387183017478308,2025-06-12,3.0,2.0,0.6285303147454048,CHC,CHC,True,CHC,False
777544,2025,86,NYM,WSH,1.0,1.3397097044634392,4.387183017478308,2025-06-12,4.0,3.0,0.6328077114992138,NYM,NYM,True,NYM,False
777546,2025,86,HOU,CWS,1.0,1.3313718619147645,4.387183017478308,2025-06-12,4.0,3.0,0.6320121166525137,HOU,HOU,True,HOU,False
777520,2025,87,SEA,CLE,5.0,0.14790339047475276,4.387183017478308,2025-06-13,7.0,2.0,0.5149402677681733,SEA,SEA,True,SEA,True
777521,2025,87,AZ,SD,4.0,6.990149457565542e-05,4.387183017478308,2025-06-13,5.0,1.0,0.5000070626594526,AZ,AZ,True,AZ,True
777522,2025,87,LAD,SF,-4.0,0.4185751702887848,4.387183017478308,2025-06-13,2.0,6.0,0.5422126328130468,LAD,SF,False,LAD,False
777524,2025,87,TEX,CWS,2.0,1.2347700296450255,4.387183017478308,2025-06-13,3.0,1.0,0.6227538914542423,TEX,TEX,True,TEX,True
777525,2025,87,MIL,STL,1.0,0.5366878806861541,4.387183017478308,2025-06-13,3.0,2.0,0.5540589947683606,MIL,MIL,True,MIL,False
777526,2025,87,CHC,PIT,-1.0,1.0992809054798234,4.387183017478308,2025-06-13,1.0,2.0,0.6096500936906348,CHC,PIT,False,CHC,False
777527,2025,87,HOU,MIN,7.0,0.124253906439604,4.387183017478308,2025-06-13,10.0,3.0,0.512552209548867,HOU,HOU,True,HOU,True
777528,2025,87,NYM,TB,-2.0,0.25512745671652604,4.387183017478308,2025-06-13,5.0,7.0,0.5257594680714663,NYM,TB,False,NYM,False
777529,2025,87,KC,ATH,-2.0,1.2190882219323202,4.387183017478308,2025-06-13,4.0,6.0,0.6212441219490177,KC,ATH,False,KC,False
777530,2025,87,WSH,MIA,-2.0,0.4548400301129257,4.387183017478308,2025-06-13,9.0,11.0,0.5458543816183896,WSH,MIA,False,WSH,False
777531,2025,87,PHI,TOR,8.0,-0.125669811117739,4.387183017478308,2025-06-13,8.0,0.0,0.48730480286915284,TOR,PHI,False,TOR,False
777535,2025,87,ATL,COL,8.0,2.113357869525606,4.387183017478308,2025-06-13,12.0,4.0,0.7037564353923234,ATL,ATL,True,ATL,True
777537,2025,87,BOS,NYY,1.0,-0.3027225036747432,4.387183017478308,2025-06-13,2.0,1.0,0.4694436686657927,NYY,BOS,False,NYY,False
777538,2025,87,DET,CIN,6.0,0.3018860086406866,4.387183017478308,2025-06-13,11.0,5.0,0.5304720614700154,DET,DET,True,DET,True
777539,2025,87,BAL,LAA,2.0,0.3304714553223963,4.387183017478308,2025-06-13,2.0,0.0,0.5333510069993624,BAL,BAL,True,BAL,True
777506,2025,88,LAD,SF,6.0,0.286595208280081,4.387183017478308,2025-06-14,11.0,5.0,0.5289314047746098,LAD,LAD,True,LAD,True
777507,2025,88,SEA,CLE,1.0,0.1424751117624533,4.387183017478308,2025-06-14,4.0,3.0,0.5143921797585582,SEA,SEA,True,SEA,False
777508,2025,88,TEX,CWS,1.0,1.1276375103023686,4.387183017478308,2025-06-14,5.0,4.0,0.6124034790719931,TEX,TEX,True,TEX,False
777509,2025,88,PHI,TOR,1.0,0.5918354179322458,4.387183017478308,2025-06-14,3.0,2.0,0.5595743034512708,PHI,PHI,True,PHI,False
777510,2025,88,HOU,MIN,1.0,0.22118098807505077,4.387183017478308,2025-06-14,3.0,2.0,0.5223358516771233,HOU,HOU,True,HOU,False
777511,2025,88,KC,ATH,-4.0,1.1791147763755696,4.387183017478308,2025-06-14,0.0,4.0,0.617387340836054,KC,ATH,False,KC,False
777512,2025,88,MIL,STL,-3.0,0.4214039097454565,4.387183017478308,2025-06-14,5.0,8.0,0.5424968287832765,MIL,STL,False,MIL,False
777513,2025,88,CHC,PIT,1.0,1.4222656625171208,4.387183017478308,2025-06-14,2.0,1.0,0.6406539276119807,CHC,CHC,True,CHC,False
777514,2025,88,WSH,MIA,-1.0,0.3830000846425246,4.387183017478308,2025-06-14,3.0,4.0,0.5386367029373996,WSH,MIA,False,WSH,False
777515,2025,88,AZ,SD,1.0,-0.0533464842069894,4.387183017478308,2025-06-14,8.0,7.0,0.49461017835013077,SD,AZ,False,SD,False
777516,2025,88,BOS,NYY,1.0,-0.5370187813165571,4.387183017478308,2025-06-14,4.0,3.0,0.44590787952850036,NYY,BOS,False,NYY,False
777517,2025,88,DET,CIN,-10.0,0.5246861186755597,4.387183017478308,2025-06-14,1.0,11.0,0.5528572726771457,DET,CIN,False,DET,False
777518,2025,88,NYM,TB,-4.0,0.19164327162092876,4.387183017478308,2025-06-14,4.0,8.0,0.5193555221644119,NYM,TB,False,NYM,False
777519,2025,88,BAL,LAA,1.0,0.6903872718191182,4.387183017478308,2025-06-14,6.0,5.0,0.5694010729440416,BAL,BAL,True,BAL,False
777523,2025,88,ATL,COL,3.0,2.174050099901894,4.387183017478308,2025-06-14,4.0,1.0,0.7090482533299354,ATL,ATL,True,ATL,True
777491,2025,89,AZ,SD,-6.0,0.1166920835122658,4.387183017478308,2025-06-15,2.0,8.0,0.5117885389162322,AZ,SD,False,AZ,False
777492,2025,89,MIL,STL,1.0,0.42148156766053796,4.387183017478308,2025-06-15,3.0,2.0,0.5425046305627813,MIL,MIL,True,MIL,False
777493,2025,89,TEX,CWS,1.0,1.1239631165777202,4.387183017478308,2025-06-15,2.0,1.0,0.6120470161200006,TEX,TEX,True,TEX,False
777494,2025,89,HOU,MIN,1.0,0.6057398093607814,4.387183017478308,2025-06-15,2.0,1.0,0.5609631032005429,HOU,HOU,True,HOU,False
777495,2025,89,SEA,CLE,6.0,-0.06062138018461111,4.387183017478308,2025-06-15,6.0,0.0,0.49387521902719506,CLE,SEA,False,CLE,False
777496,2025,89,KC,ATH,-1.0,1.4250459259671384,4.387183017478308,2025-06-15,2.0,3.0,0.6409171591659125,KC,ATH,False,KC,False
777497,2025,89,CHC,PIT,1.0,0.928295162703445,4.387183017478308,2025-06-15,3.0,2.0,0.5929355323856769,CHC,CHC,True,CHC,False
777498,2025,89,LAD,SF,1.0,0.5727203612444951,4.387183017478308,2025-06-15,5.0,4.0,0.5576638580633554,LAD,LAD,True,LAD,False
777499,2025,89,PHI,TOR,7.0,0.30804891146275637,4.387183017478308,2025-06-15,11.0,4.0,0.5310928900157746,PHI,PHI,True,PHI,True
777500,2025,89,BOS,NYY,2.0,-0.6746058362527623,4.387183017478308,2025-06-15,2.0,0.0,0.4321697969322319,NYY,BOS,False,NYY,False
777501,2025,89,BAL,LAA,9.0,0.5960537307494167,4.387183017478308,2025-06-15,11.0,2.0,0.5599957156293329,BAL,BAL,True,BAL,True
777502,2025,89,NYM,TB,-9.0,0.36280967277941845,4.387183017478308,2025-06-15,0.0,9.0,0.5366057976379325,NYM,TB,False,NYM,False
777503,2025,89,WSH,MIA,-2.0,0.8613015267933711,4.387183017478308,2025-06-15,1.0,3.0,0.5863383494037799,WSH,MIA,False,WSH,False
777504,2025,89,ATL,COL,-9.0,2.2977953012050394,4.387183017478308,2025-06-15,1.0,10.0,0.7196986478864287,ATL,COL,False,ATL,False
777505,2025,89,DET,CIN,-4.0,0.6120958920762338,4.387183017478308,2025-06-15,4.0,8.0,0.5615977132635636,DET,CIN,False,DET,False
777483,2025,90,MIA,PHI,-3.0,-0.8979651593589402,4.387183017478308,2025-06-16,2.0,5.0,0.41004806179067893,PHI,PHI,True,PHI,True
777484,2025,90,TB,BAL,6.0,0.7023588032777678,4.387183017478308,2025-06-16,7.0,1.0,0.5705919777104519,TB,TB,True,TB,True
777485,2025,90,ATH,HOU,2.0,-1.3398062319683433,4.387183017478308,2025-06-16,3.0,1.0,0.3671830812010505,HOU,ATH,False,HOU,False
777486,2025,90,SEA,BOS,-2.0,0.24256881802232533,4.387183017478308,2025-06-16,0.0,2.0,0.5244930949813215,SEA,BOS,False,SEA,False
777487,2025,90,NYY,LAA,-1.0,1.7167580539560914,4.387183017478308,2025-06-16,0.0,1.0,0.6681430349328099,NYY,LAA,False,NYY,False
777488,2025,90,WSH,COL,-2.0,1.0996533770989483,4.387183017478308,2025-06-16,4.0,6.0,0.6096862961508125,WSH,COL,False,WSH,False
777490,2025,90,LAD,SD,3.0,0.25558130509591936,4.387183017478308,2025-06-16,6.0,3.0,0.525805227899853,LAD,LAD,True,LAD,True
777467,2025,91,CWS,STL,-10.0,-0.9774401883458478,4.389814730417294,2025-06-17,2.0,12.0,0.4022989413961855,STL,STL,True,STL,True
777468,2025,91,TEX,KC,-5.0,0.24770653570255882,4.389814730417294,2025-06-17,1.0,6.0,0.5249962220118792,TEX,KC,False,TEX,False
777469,2025,91,ATH,HOU,-10.0,-1.2991819520477441,4.389814730417294,2025-06-17,3.0,13.0,0.37113927564540816,HOU,HOU,True,HOU,True
777471,2025,91,LAD,SD,2.0,0.6706575465783106,4.389814730417294,2025-06-17,8.0,6.0,0.5673969832631761,LAD,LAD,True,LAD,True
777472,2025,91,SF,CLE,-1.0,0.3851407071940055,4.389814730417294,2025-06-17,2.0,3.0,0.5388287467069869,SF,CLE,False,SF,False
777473,2025,91,SEA,BOS,8.0,0.21798895781698474,4.389814730417294,2025-06-17,8.0,0.0,0.5220006518613772,SEA,SEA,True,SEA,True
777475,2025,91,DET,PIT,4.0,0.7349774499691678,4.389814730417294,2025-06-17,7.0,3.0,0.573789773258503,DET,DET,True,DET,True
777476,2025,91,NYY,LAA,-4.0,1.439327429779476,4.389814730417294,2025-06-17,0.0,4.0,0.6421866734167012,NYY,LAA,False,NYY,False
777477,2025,91,TB,BAL,-4.0,0.8365040721669535,4.389814730417294,2025-06-17,1.0,5.0,0.5838405810155424,TB,BAL,False,TB,False
777478,2025,91,CIN,MIN,1.0,0.3232783064014403,4.389814730417294,2025-06-17,6.0,5.0,0.5326072005877672,CIN,CIN,True,CIN,False
777479,2025,91,TOR,AZ,1.0,0.010216859017040975,4.389814730417294,2025-06-17,5.0,4.0,0.5010316640127217,TOR,TOR,True,TOR,False
777480,2025,91,WSH,COL,-4.0,1.2163146291770688,4.389814730417294,2025-06-17,6.0,10.0,0.6209066372969272,WSH,COL,False,WSH,False
777481,2025,91,MIA,PHI,5.0,-1.1231136382146376,4.389814730417294,2025-06-17,8.0,3.0,0.3881007415706811,PHI,MIA,False,PHI,False
777482,2025,91,CHC,MIL,2.0,0.4609447867413008,4.389814730417294,2025-06-17,5.0,3.0,0.546439325165681,CHC,CHC,True,CHC,True
777489,2025,91,ATL,NYM,1.0,-0.10990287334472532,4.389814730417294,2025-06-17,5.0,4.0,0.48890379673642687,NYM,ATL,False,NYM,False
777453,2025,92,SEA,BOS,-2.0,-0.2598674105817167,4.389814730417294,2025-06-18,1.0,3.0,0.4737783437823705,BOS,BOS,True,BOS,True
777454,2025,92,SF,CLE,-2.0,0.525693543092803,4.389814730417294,2025-06-18,2.0,4.0,0.5529266020297603,SF,CLE,False,SF,False
777456,2025,92,ATH,HOU,-7.0,-1.6160843359840442,4.389814730417294,2025-06-18,4.0,11.0,0.3412518563958375,HOU,HOU,True,HOU,True
777457,2025,92,LAD,SD,1.0,0.4294106639739037,4.389814730417294,2025-06-18,4.0,3.0,0.5432752708051114,LAD,LAD,True,LAD,False
777460,2025,92,TEX,KC,-3.0,0.20152084416250557,4.389814730417294,2025-06-18,3.0,6.0,0.5203400984967795,TEX,KC,False,TEX,False
777461,2025,92,WSH,COL,-2.0,1.0676781001881581,4.389814730417294,2025-06-18,1.0,3.0,0.6065126683063413,WSH,COL,False,WSH,False
777462,2025,92,TOR,AZ,7.0,-0.36192185764286866,4.389814730417294,2025-06-18,8.0,1.0,0.46350535845526986,AZ,TOR,False,AZ,False
777463,2025,92,TB,BAL,4.0,0.9152742449759085,4.389814730417294,2025-06-18,12.0,8.0,0.5916013293635869,TB,TB,True,TB,True
777465,2025,92,MIA,PHI,-2.0,-1.2347814100585095,4.389814730417294,2025-06-18,2.0,4.0,0.3773162399208423,PHI,PHI,True,PHI,True
777466,2025,92,NYY,LAA,-1.0,1.5866344293008718,4.389814730417294,2025-06-18,2.0,3.0,0.6560089027271158,NYY,LAA,False,NYY,False
777470,2025,92,ATL,NYM,5.0,0.28193613485388247,4.389814730417294,2025-06-18,5.0,0.0,0.5284448488300797,ATL,ATL,True,ATL,True
777474,2025,92,CIN,MIN,2.0,0.28313296228700036,4.389814730417294,2025-06-18,4.0,2.0,0.528565391940851,CIN,CIN,True,CIN,True
777440,2025,93,SF,CLE,1.0,0.814637731529981,4.389814730417294,2025-06-19,2.0,1.0,0.5816802750946216,SF,SF,True,SF,False
777441,2025,93,ATH,HOU,2.0,-1.583615826005735,4.389814730417294,2025-06-19,6.0,4.0,0.3442723345106268,HOU,ATH,False,HOU,False
777442,2025,93,LAD,SD,-2.0,0.473213536288724,4.389814730417294,2025-06-19,3.0,5.0,0.5476695556924288,LAD,SD,False,LAD,False
777443,2025,93,TEX,KC,-3.0,0.8764481369476358,4.389814730417294,2025-06-19,1.0,4.0,0.5877803158365735,TEX,KC,False,TEX,False
777444,2025,93,MIA,PHI,-1.0,-1.2115513215990017,4.389814730417294,2025-06-19,1.0,2.0,0.379552169008972,PHI,PHI,True,PHI,False
777445,2025,93,WSH,COL,1.0,1.260725199692865,4.389814730417294,2025-06-19,4.0,3.0,0.6251760311567618,WSH,WSH,True,WSH,False
777446,2025,93,TB,BAL,-3.0,1.282504387289767,4.389814730417294,2025-06-19,1.0,4.0,0.6272642087966162,TB,BAL,False,TB,False
777447,2025,93,CWS,STL,-1.0,-0.9120353425455782,4.389814730417294,2025-06-19,4.0,5.0,0.4087170950116345,STL,STL,True,STL,False
777448,2025,93,TOR,AZ,-4.0,0.02946298157825368,4.389814730417294,2025-06-19,5.0,9.0,0.5029750483878732,TOR,AZ,False,TOR,False
777449,2025,93,NYY,LAA,4.0,1.652080887721831,4.389814730417294,2025-06-19,7.0,3.0,0.6620849723498947,NYY,NYY,True,NYY,True
777450,2025,93,CHC,MIL,-1.0,0.6638957845508769,4.389814730417294,2025-06-19,7.0,8.0,0.5667238718650475,CHC,MIL,False,CHC,False
777451,2025,93,DET,PIT,7.0,1.311241052748366,4.389814730417294,2025-06-19,9.0,2.0,0.6300137438831843,DET,DET,True,DET,True
777452,2025,93,CIN,MIN,-7.0,0.4062465208011782,4.389814730417294,2025-06-19,5.0,12.0,0.5409492783911592,CIN,MIN,False,CIN,False
777455,2025,93,ATL,NYM,6.0,-0.03829001545630677,4.389814730417294,2025-06-19,7.0,1.0,0.4961336594184507,NYM,ATL,False,NYM,False
777458,2025,93,CWS,STL,-2.0,-0.884241733468585,4.389814730417294,2025-06-19,6.0,8.0,0.4114520087522419,STL,STL,True,STL,True
777464,2025,93,DET,PIT,-4.0,0.6612483255202708,4.389814730417294,2025-06-19,4.0,8.0,0.5664602730879907,DET,PIT,False,DET,False
777425,2025,94,SF,BOS,-2.0,-0.2715137122673682,4.389814730417294,2025-06-20,5.0,7.0,0.47260499479120494,BOS,BOS,True,BOS,True
777426,2025,94,SD,KC,-1.0,0.6775596847992815,4.389814730417294,2025-06-20,5.0,6.0,0.5680838669826621,SD,KC,False,SD,False
777427,2025,94,LAD,WSH,1.0,1.142855295309567,4.389814730417294,2025-06-20,6.0,5.0,0.6138123990063149,LAD,LAD,True,LAD,False
777428,2025,94,LAA,HOU,-1.0,-1.1672131057105202,4.389814730417294,2025-06-20,2.0,3.0,0.38383092722734125,HOU,HOU,True,HOU,False
777429,2025,94,ATH,CLE,4.0,-1.164999978724826,4.389814730417294,2025-06-20,5.0,1.0,0.3840448764165348,CLE,ATH,False,CLE,False
777430,2025,94,COL,AZ,-6.0,-1.3867972541061455,4.389814730417294,2025-06-20,8.0,14.0,0.36278897309390146,AZ,AZ,True,AZ,True
777431,2025,94,TB,DET,6.0,0.06537101071651422,4.389814730417294,2025-06-20,14.0,8.0,0.5066006506639669,TB,TB,True,TB,True
777432,2025,94,PIT,TEX,-4.0,-0.7760722368878814,4.389814730417294,2025-06-20,2.0,6.0,0.4221358120801201,TEX,TEX,True,TEX,True
777433,2025,94,STL,CIN,5.0,0.10443221382391943,4.389814730417294,2025-06-20,6.0,1.0,0.5105439971080249,STL,STL,True,STL,True
777434,2025,94,MIN,MIL,-11.0,-0.3393690229356149,4.389814730417294,2025-06-20,6.0,17.0,0.46577371571270554,MIL,MIL,True,MIL,True
777435,2025,94,TOR,CWS,-6.0,0.6671440437491701,4.389814730417294,2025-06-20,1.0,7.0,0.567047249776345,TOR,CWS,False,TOR,False
777436,2025,94,CHC,SEA,-5.0,0.5836791636447394,4.389814730417294,2025-06-20,4.0,9.0,0.5587243265515048,CHC,SEA,False,CHC,False
777437,2025,94,PHI,NYM,8.0,0.13748632241168132,4.389814730417294,2025-06-20,10.0,2.0,0.5138801197398521,PHI,PHI,True,PHI,True
777438,2025,94,NYY,BAL,-2.0,1.3528483703510272,4.389814730417294,2025-06-20,3.0,5.0,0.6339829656288032,NYY,BAL,False,NYY,False
777439,2025,94,MIA,ATL,4.0,-1.2979745667235176,4.389814730417294,2025-06-20,6.0,2.0,0.37125478257980227,ATL,MIA,False,ATL,False
777410,2025,95,COL,AZ,-2.0,-1.874483656332328,4.389814730417294,2025-06-21,3.0,5.0,0.3175885465164069,AZ,AZ,True,AZ,True
777411,2025,95,ATH,CLE,-2.0,-0.8425955644295346,4.389814730417294,2025-06-21,2.0,4.0,0.4155580520874196,CLE,CLE,True,CLE,True
777412,2025,95,MIN,MIL,-9.0,-0.3383000590564743,4.389814730417294,2025-06-21,0.0,9.0,0.46588125996881585,MIL,MIL,True,MIL,True
777413,2025,95,SD,KC,4.0,0.6398429758440501,4.389814730417294,2025-06-21,5.0,1.0,0.5643279370151538,SD,SD,True,SD,True
777414,2025,95,LAA,HOU,8.0,-1.2945783982414445,4.389814730417294,2025-06-21,9.0,1.0,0.37157974599671084,HOU,LAA,False,HOU,False
777415,2025,95,STL,CIN,1.0,0.22265781728423564,4.389814730417294,2025-06-21,6.0,5.0,0.522471365562377,STL,STL,True,STL,False
777416,2025,95,LAD,WSH,-4.0,1.354517807816841,4.389814730417294,2025-06-21,3.0,7.0,0.6341419297473757,LAD,WSH,False,LAD,False
777417,2025,95,SF,BOS,1.0,0.056293812034342056,4.389814730417294,2025-06-21,3.0,2.0,0.5056841735384644,SF,SF,True,SF,False
777418,2025,95,TOR,CWS,6.0,1.028240626789696,4.389814730417294,2025-06-21,7.0,1.0,0.6026680715322056,TOR,TOR,True,TOR,True
777419,2025,95,CHC,SEA,3.0,0.7625159587041888,4.389814730417294,2025-06-21,10.0,7.0,0.5765210254019153,CHC,CHC,True,CHC,True
777420,2025,95,TB,DET,5.0,0.23778827839808533,4.389814730417294,2025-06-21,8.0,3.0,0.5239965975776346,TB,TB,True,TB,True
777421,2025,95,PIT,TEX,-1.0,-0.32505789693878706,4.389814730417294,2025-06-21,2.0,3.0,0.4672137060253004,TEX,TEX,True,TEX,False
777422,2025,95,NYY,BAL,9.0,1.2060164180838646,4.389814730417294,2025-06-21,9.0,0.0,0.6199144907616133,NYY,NYY,True,NYY,True
777423,2025,95,PHI,NYM,-7.0,0.13089992584888835,4.389814730417294,2025-06-21,4.0,11.0,0.5132154304618592,PHI,NYM,False,PHI,False
777424,2025,95,MIA,ATL,-7.0,-1.3067324017418247,4.389814730417294,2025-06-21,0.0,7.0,0.37041721039278674,ATL,ATL,True,ATL,True
777395,2025,96,SF,BOS,4.0,0.45104988631112697,4.389814730417294,2025-06-22,9.0,5.0,0.5454468035045457,SF,SF,True,SF,True
777396,2025,96,SD,KC,1.0,0.2504150417813168,4.389814730417294,2025-06-22,3.0,2.0,0.5252691752287866,SD,SD,True,SD,False
777397,2025,96,LAA,HOU,-1.0,-0.9562844221638848,4.389814730417294,2025-06-22,7.0,8.0,0.40437215839413937,HOU,HOU,True,HOU,False
777398,2025,96,LAD,WSH,6.0,1.6090585771696981,4.389814730417294,2025-06-22,13.0,7.0,0.658095405405736,LAD,LAD,True,LAD,True
777399,2025,96,COL,AZ,2.0,-1.6088128018844796,4.389814730417294,2025-06-22,4.0,2.0,0.34192743727077995,AZ,COL,False,AZ,False
777400,2025,96,ATH,CLE,-3.0,-1.211263138499227,4.389814730417294,2025-06-22,0.0,3.0,0.3795799325274889,CLE,CLE,True,CLE,True
777401,2025,96,MIN,MIL,-1.0,-0.48701800669989226,4.389814730417294,2025-06-22,8.0,9.0,0.4509467692264354,MIL,MIL,True,MIL,False
777402,2025,96,MIA,ATL,2.0,-0.7952426328784714,4.389814730417294,2025-06-22,5.0,3.0,0.4202379484552283,ATL,MIA,False,ATL,False
777403,2025,96,CHC,SEA,-8.0,0.2790368310346155,4.389814730417294,2025-06-22,6.0,14.0,0.5281528234347085,CHC,SEA,False,CHC,False
777404,2025,96,PIT,TEX,5.0,-0.3251838107750288,4.389814730417294,2025-06-22,8.0,3.0,0.4672010346336168,TEX,PIT,False,TEX,False
777405,2025,96,PHI,NYM,6.0,-0.17786587938663068,4.389814730417294,2025-06-22,7.0,1.0,0.4820457476506647,NYM,PHI,False,NYM,False
777406,2025,96,NYY,BAL,2.0,1.1581254401260086,4.389814730417294,2025-06-22,4.0,2.0,0.6152903175417518,NYY,NYY,True,NYY,True
777407,2025,96,STL,CIN,-3.0,0.22064346823218967,4.389814730417294,2025-06-22,1.0,4.0,0.5222682830040043,STL,CIN,False,STL,False
777408,2025,96,TOR,CWS,-2.0,1.1953783608633863,4.389814730417294,2025-06-22,2.0,4.0,0.6188887736978187,TOR,CWS,False,TOR,False
777409,2025,96,TB,DET,-6.0,0.13116117994323384,4.389814730417294,2025-06-22,3.0,9.0,0.5132417965452881,TB,DET,False,TB,False
777381,2025,97,LAA,BOS,4.0,-0.7597126659401898,4.389814730417294,2025-06-23,9.0,5.0,0.4237568377098143,BOS,LAA,False,BOS,False
777382,2025,97,SD,WSH,-4.0,0.9003752096199941,4.389814730417294,2025-06-23,6.0,10.0,0.5901360713996805,SD,WSH,False,SD,False
777388,2025,97,MIN,SEA,-9.0,-0.4749329147038641,4.389814730417294,2025-06-23,2.0,11.0,0.4521580724885707,SEA,SEA,True,SEA,True
777389,2025,97,NYM,ATL,-1.0,-0.5078386048079325,4.389814730417294,2025-06-23,2.0,3.0,0.44886097309685635,ATL,ATL,True,ATL,False
777390,2025,97,CIN,NYY,5.0,-0.5197047796530787,4.389814730417294,2025-06-23,6.0,1.0,0.44767285441599236,NYY,CIN,False,NYY,False
777391,2025,97,MIL,PIT,-1.0,0.9519138564598171,4.389814730417294,2025-06-23,4.0,5.0,0.5951991991336475,MIL,PIT,False,MIL,False
777392,2025,97,STL,CHC,6.0,-0.3212372140106827,4.389814730417294,2025-06-23,8.0,2.0,0.4675982177940591,CHC,STL,False,CHC,False
777393,2025,97,CWS,AZ,-10.0,-1.1122516783912861,4.389814730417294,2025-06-23,0.0,10.0,0.3891545237869164,AZ,AZ,True,AZ,True
777394,2025,97,BAL,TEX,6.0,-0.5324707716015544,4.389814730417294,2025-06-23,6.0,0.0,0.44639516453161326,TEX,BAL,False,TEX,False
777364,2025,98,SF,MIA,-2.0,0.9565825856196283,4.392582484742781,2025-06-24,2.0,4.0,0.5955979740190482,SF,MIA,False,SF,False
777372,2025,98,SD,WSH,1.0,0.8683798249269447,4.392582484742781,2025-06-24,4.0,3.0,0.5869312937480927,SD,SD,True,SD,False
777373,2025,98,STL,CHC,1.0,-0.17853044829254178,4.392582484742781,2025-06-24,8.0,7.0,0.4819900573170717,CHC,STL,False,CHC,False
777374,2025,98,MIL,PIT,6.0,0.8205592965335736,4.392582484742781,2025-06-24,9.0,3.0,0.5822144530037042,MIL,MIL,True,MIL,True
777375,2025,98,MIN,SEA,-1.0,-0.3193077068681924,4.392582484742781,2025-06-24,5.0,6.0,0.467812663822913,SEA,SEA,True,SEA,False
777376,2025,98,LAA,BOS,1.0,-1.2580837279281716,4.392582484742781,2025-06-24,3.0,2.0,0.37515357399667115,BOS,LAA,False,BOS,False
777377,2025,98,HOU,PHI,1.0,0.2603929419655526,4.392582484742781,2025-06-24,1.0,0.0,0.5262580761412269,HOU,HOU,True,HOU,False
777378,2025,98,KC,TB,-4.0,-0.260811701565094,4.392582484742781,2025-06-24,1.0,5.0,0.47369975723678054,TB,TB,True,TB,True
777379,2025,98,COL,LAD,-2.0,-2.2160393588248253,4.392582484742781,2025-06-24,7.0,9.0,0.28755187431931445,LAD,LAD,True,LAD,True
777380,2025,98,BAL,TEX,-1.0,-0.35796087328442333,4.392582484742781,2025-06-24,5.0,6.0,0.4639263513796027,TEX,TEX,True,TEX,False
777383,2025,98,CWS,AZ,-3.0,-1.2202597990138428,4.392582484742781,2025-06-24,1.0,4.0,0.3787875142683286,AZ,AZ,True,AZ,True
777384,2025,98,CLE,TOR,-4.0,-0.03226648905238977,4.392582484742781,2025-06-24,6.0,10.0,0.49674392409108886,TOR,TOR,True,TOR,True
777385,2025,98,CIN,NYY,1.0,-0.4505192462246202,4.392582484742781,2025-06-24,5.0,4.0,0.45463490987852107,NYY,CIN,False,NYY,False
777386,2025,98,DET,ATH,7.0,1.9130651991318723,4.392582484742781,2025-06-24,11.0,4.0,0.6857762117070882,DET,DET,True,DET,True
777387,2025,98,NYM,ATL,-3.0,-0.5174147461470407,4.392582484742781,2025-06-24,4.0,7.0,0.4479347509283371,ATL,ATL,True,ATL,True
777355,2025,99,SF,MIA,-3.0,1.1345543022691116,4.392582484742781,2025-06-25,5.0,8.0,0.6129390216677406,SF,MIA,False,SF,False
777357,2025,99,STL,CHC,-8.0,-0.47502625722349395,4.392582484742781,2025-06-25,0.0,8.0,0.4521787210252798,CHC,CHC,True,CHC,True
777358,2025,99,COL,LAD,-7.0,-2.1097745924242943,4.392582484742781,2025-06-25,1.0,8.0,0.2967845800418851,LAD,LAD,True,LAD,True
777359,2025,99,KC,TB,-3.0,-0.90567407732401,4.392582484742781,2025-06-25,0.0,3.0,0.4093987919722381,TB,TB,True,TB,True
777360,2025,99,SD,WSH,1.0,1.013752447564897,4.392582484742781,2025-06-25,1.0,0.0,0.6011907350958494,SD,SD,True,SD,False
777361,2025,99,MIL,PIT,2.0,0.9533094068153544,4.392582484742781,2025-06-25,4.0,2.0,0.5952771646490663,MIL,MIL,True,MIL,True
777362,2025,99,LAA,BOS,3.0,-0.383406368263608,4.392582484742781,2025-06-25,5.0,2.0,0.4613698345386196,BOS,LAA,False,BOS,False
777363,2025,99,MIN,SEA,2.0,-0.36109212637200827,4.392582484742781,2025-06-25,2.0,0.0,0.46361167086377475,SEA,MIN,False,SEA,False
777365,2025,99,BAL,TEX,-7.0,-0.8014660338562192,4.392582484742781,2025-06-25,0.0,7.0,0.41967218538781437,TEX,TEX,True,TEX,True
777366,2025,99,HOU,PHI,2.0,-0.020354789267537435,4.392582484742781,2025-06-25,2.0,0.0,0.49794594379720525,PHI,HOU,False,PHI,False
777367,2025,99,CIN,NYY,-6.0,-0.7359466317176857,4.392582484742781,2025-06-25,1.0,7.0,0.4261600628410735,NYY,NYY,True,NYY,True
777368,2025,99,CLE,TOR,1.0,-0.14692724386935335,4.392582484742781,2025-06-25,5.0,4.0,0.48517652613140894,TOR,CLE,False,TOR,False
777369,2025,99,NYM,ATL,4.0,-0.28854882171237844,4.392582484742781,2025-06-25,7.0,3.0,0.4709074717752669,ATL,NYM,False,ATL,False
777370,2025,99,CWS,AZ,4.0,-1.0321925043853273,4.392582484742781,2025-06-25,7.0,3.0,0.39700969071757336,AZ,CWS,False,AZ,False
777371,2025,99,DET,ATH,-3.0,1.2290925545065239,4.392582484742781,2025-06-25,0.0,3.0,0.6220620671249475,DET,ATH,False,DET,False
777344,2025,100,COL,LAD,-2.0,-1.7555727991935577,4.392582484742781,2025-06-26,1.0,3.0,0.32849414927290893,LAD,LAD,True,LAD,True
777347,2025,100,SF,MIA,-7.0,0.6618668365487238,4.392582484742781,2025-06-26,5.0,12.0,0.5664803338857345,SF,MIA,False,SF,False
777348,2025,100,STL,CHC,-3.0,-0.21665340829513907,4.392582484742781,2025-06-26,0.0,3.0,0.47814776762567235,CHC,CHC,True,CHC,True
777350,2025,100,HOU,PHI,1.0,0.11769352268054376,4.392582484742781,2025-06-26,2.0,1.0,0.5118750663294119,HOU,HOU,True,HOU,False
777351,2025,100,DET,ATH,8.0,1.5573019469504403,4.392582484742781,2025-06-26,8.0,0.0,0.6531807383910193,DET,DET,True,DET,True
777352,2025,100,NYM,ATL,4.0,-0.3452914347250164,4.392582484742781,2025-06-26,4.0,0.0,0.46519981616570094,ATL,NYM,False,ATL,False
777353,2025,100,KC,TB,-4.0,-0.7792623787942538,4.392582484742781,2025-06-26,0.0,4.0,0.421868488460969,TB,TB,True,TB,True
777354,2025,100,CLE,TOR,-6.0,0.11852042566736994,4.392582484742781,2025-06-26,0.0,6.0,0.5119584744583169,CLE,TOR,False,CLE,False
777356,2025,100,MIN,SEA,9.0,-0.1868431155721726,4.392582484742781,2025-06-26,10.0,1.0,0.4811520954767223,SEA,MIN,False,SEA,False
777331,2025,101,LAA,WSH,-6.0,0.26109484328460825,4.392582484742781,2025-06-27,9.0,15.0,0.5263287532975675,LAA,WSH,False,LAA,False
777332,2025,101,AZ,MIA,-1.0,1.0993059883587186,4.392582484742781,2025-06-27,8.0,9.0,0.6095211846751202,AZ,MIA,False,AZ,False
777334,2025,101,DET,MIN,-3.0,0.7038208005993123,4.392582484742781,2025-06-27,1.0,4.0,0.5706513338781977,DET,MIN,False,DET,False
777335,2025,101,KC,LAD,-1.0,-0.6240108118718317,4.392582484742781,2025-06-27,4.0,5.0,0.4372896337829103,LAD,LAD,True,LAD,False
777336,2025,101,HOU,CHC,3.0,-0.046136243705991814,4.392582484742781,2025-06-27,7.0,4.0,0.49534435341265387,CHC,HOU,False,CHC,False
777337,2025,101,NYY,ATH,3.0,1.8151234580313635,4.392582484742781,2025-06-27,3.0,0.0,0.6769326534470893,NYY,NYY,True,NYY,True
777338,2025,101,CWS,SF,-2.0,-1.1084227924942698,4.392582484742781,2025-06-27,1.0,3.0,0.38959398496950914,SF,SF,True,SF,True
777339,2025,101,MIL,COL,4.0,1.7577496909593557,4.392582484742781,2025-06-27,10.0,6.0,0.6717048765047519,MIL,MIL,True,MIL,True
777340,2025,101,TEX,SEA,-1.0,-0.0059381868087179795,4.392582484742781,2025-06-27,6.0,7.0,0.4994007592713102,SEA,SEA,True,SEA,False
777341,2025,101,PIT,NYM,8.0,-0.4665102625753768,4.392582484742781,2025-06-27,9.0,1.0,0.4530320248379607,NYM,PIT,False,NYM,False
777342,2025,101,ATL,PHI,-13.0,0.3404163282173424,4.392582484742781,2025-06-27,0.0,13.0,0.5343100682851321,ATL,PHI,False,ATL,False
777343,2025,101,BAL,TB,14.0,-0.9969692657830638,4.392582484742781,2025-06-27,22.0,8.0,0.40044901697487195,TB,BAL,False,TB,False
777345,2025,101,BOS,TOR,-9.0,0.31872800360408027,4.392582484742781,2025-06-27,0.0,9.0,0.5321290266735667,BOS,TOR,False,BOS,False
777346,2025,101,CIN,SD,7.0,-0.36918641256501045,4.392582484742781,2025-06-27,8.0,1.0,0.46279832799846554,SD,CIN,False,SD,False
777349,2025,101,CLE,STL,-5.0,-0.6217271804386618,4.392582484742781,2025-06-27,0.0,5.0,0.43751723952476607,STL,STL,True,STL,True
777315,2025,102,LAA,WSH,6.0,0.29376505971931444,4.392582484742781,2025-06-28,8.0,2.0,0.5296174893762499,LAA,LAA,True,LAA,True
777318,2025,102,AZ,MIA,-1.0,0.7144769596493371,4.392582484742781,2025-06-28,7.0,8.0,0.5717095173643204,AZ,MIA,False,AZ,False
777319,2025,102,KC,LAD,4.0,-0.6135007717924982,4.392582484742781,2025-06-28,9.0,5.0,0.4383373228519183,LAD,KC,False,LAD,False
777320,2025,102,HOU,CHC,-9.0,-0.4377224899147522,4.392582484742781,2025-06-28,3.0,12.0,0.45591814675286896,CHC,CHC,True,CHC,True
777321,2025,102,MIL,COL,5.0,2.3742921322325232,4.392582484742781,2025-06-28,5.0,0.0,0.7259405117403158,MIL,MIL,True,MIL,True
777322,2025,102,TEX,SEA,1.0,-0.21633461276083898,4.392582484742781,2025-06-28,3.0,2.0,0.47817989007477624,SEA,TEX,False,SEA,False
777323,2025,102,BOS,TOR,14.0,-0.03171355067070905,4.392582484742781,2025-06-28,15.0,1.0,0.4967997210011339,TOR,BOS,False,TOR,False
777324,2025,102,DET,MIN,5.0,0.7787318168732923,4.392582484742781,2025-06-28,10.0,5.0,0.5780790002983197,DET,DET,True,DET,True
777325,2025,102,PIT,NYM,7.0,-0.33940538542535004,4.392582484742781,2025-06-28,9.0,2.0,0.4657915727074547,NYM,PIT,False,NYM,False
777326,2025,102,NYY,ATH,-7.0,2.2546470022320806,4.392582484742781,2025-06-28,0.0,7.0,0.7157685564894087,NYY,ATH,False,NYY,False
777327,2025,102,CWS,SF,1.0,-1.2778640479173033,4.392582484742781,2025-06-28,1.0,0.0,0.37325755693905516,SF,CWS,False,SF,False
777328,2025,102,CIN,SD,-2.0,0.3185334913456663,4.392582484742781,2025-06-28,4.0,6.0,0.5321094614865226,CIN,SD,False,CIN,False
777329,2025,102,CLE,STL,-3.0,-0.42386501520397,4.392582484742781,2025-06-28,6.0,9.0,0.45730826901793675,STL,STL,True,STL,True
777330,2025,102,BAL,TB,-8.0,-0.8989961772005836,4.392582484742781,2025-06-28,3.0,11.0,0.4100553525911471,TB,TB,True,TB,True
777333,2025,102,ATL,PHI,5.0,0.5927882844287721,4.392582484742781,2025-06-28,6.0,1.0,0.5595967025772439,ATL,ATL,True,ATL,True
777301,2025,103,MIL,COL,-1.0,2.4051962141531016,4.392582484742781,2025-06-29,3.0,4.0,0.7285383700142862,MIL,COL,False,MIL,False
777302,2025,103,TEX,SEA,-2.0,-0.12792339656634788,4.392582484742781,2025-06-29,4.0,6.0,0.487093103457404,SEA,SEA,True,SEA,True
777303,2025,103,AZ,MIA,-2.0,0.9868744069617933,4.392582484742781,2025-06-29,4.0,6.0,0.5985638463864014,AZ,MIA,False,AZ,False
777304,2025,103,KC,LAD,-4.0,-0.2675828628856324,4.392582484742781,2025-06-29,1.0,5.0,0.4730179824597341,LAD,LAD,True,LAD,True
777305,2025,103,LAA,WSH,-3.0,0.09822486378763409,4.392582484742781,2025-06-29,4.0,7.0,0.5099111576460593,LAA,WSH,False,LAA,False
777307,2025,103,NYY,ATH,7.0,1.3779214796732293,4.392582484742781,2025-06-29,12.0,5.0,0.636285495232707,NYY,NYY,True,NYY,True
777308,2025,103,HOU,CHC,2.0,0.32032727509707054,4.392582484742781,2025-06-29,2.0,0.0,0.5322898878603725,HOU,HOU,True,HOU,True
777309,2025,103,CLE,STL,-7.0,-0.610229269954229,4.392582484742781,2025-06-29,0.0,7.0,0.43866352975153244,STL,STL,True,STL,True
777310,2025,103,BOS,TOR,-2.0,-0.007384418765991732,4.392582484742781,2025-06-29,3.0,5.0,0.49925481570122243,TOR,TOR,True,TOR,True
777311,2025,103,CWS,SF,3.0,-1.3696574660977567,4.392582484742781,2025-06-29,5.0,2.0,0.3644995891562784,SF,CWS,False,SF,False
777312,2025,103,CIN,SD,1.0,-0.013458649299131792,4.392582484742781,2025-06-29,3.0,2.0,0.49864184834073183,SD,CIN,False,SD,False
777313,2025,103,PIT,NYM,11.0,-0.3725725332325686,4.392582484742781,2025-06-29,12.0,1.0,0.4624581244046352,NYM,PIT,False,NYM,False
777314,2025,103,DET,MIN,3.0,1.093876681289813,4.392582484742781,2025-06-29,3.0,0.0,0.6089939739796137,DET,DET,True,DET,True
777316,2025,103,ATL,PHI,-1.0,0.3461189012503919,4.392582484742781,2025-06-29,1.0,2.0,0.5348833674042713,ATL,PHI,False,ATL,False
777317,2025,103,BAL,TB,4.0,-0.4220504124502067,4.392582484742781,2025-06-29,5.0,1.0,0.45749034121710785,TB,BAL,False,TB,False
777291,2025,104,AZ,SF,2.0,-0.1056318610253676,4.392582484742781,2025-06-30,4.0,2.0,0.4893416276677694,SF,AZ,False,SF,False
777292,2025,104,TEX,BAL,-4.0,0.3705225658879697,4.392582484742781,2025-06-30,6.0,10.0,0.5373359186099852,TEX,BAL,False,TEX,False
777295,2025,104,TOR,NYY,1.0,-0.7507217619474961,4.392582484742781,2025-06-30,5.0,4.0,0.4246951843705792,NYY,TOR,False,NYY,False
777296,2025,104,TB,ATH,-2.0,1.661578944661247,4.392582484742781,2025-06-30,4.0,6.0,0.6628665464840825,TB,ATH,False,TB,False
777297,2025,104,SEA,KC,4.0,0.2753499623267974,4.392582484742781,2025-06-30,6.0,2.0,0.5277639739016355,SEA,SEA,True,SEA,True
777299,2025,104,PIT,STL,7.0,-0.36289315896758195,4.392582484742781,2025-06-30,7.0,0.0,0.4634306833810475,STL,PIT,False,STL,False
777300,2025,104,BOS,CIN,7.0,0.1873984275001157,4.392582484742781,2025-06-30,13.0,6.0,0.5189038800440994,BOS,BOS,True,BOS,True
777306,2025,104,PHI,SD,4.0,0.39692644732853577,4.392582484742781,2025-06-30,4.0,0.0,0.5399878896678048,PHI,PHI,True,PHI,True
777278,2025,105,AZ,SF,6.0,0.31829679737332106,4.39872170565086,2025-07-01,8.0,2.0,0.5320409683893931,AZ,AZ,True,AZ,True
777280,2025,105,LAD,CWS,5.0,1.7097201835441476,4.39872170565086,2025-07-01,6.0,1.0,0.6670831364933947,LAD,LAD,True,LAD,True
777281,2025,105,SEA,KC,-3.0,0.25234658757136336,4.39872170565086,2025-07-01,3.0,6.0,0.5254123301783791,SEA,KC,False,SEA,False
777282,2025,105,TEX,BAL,8.0,0.724505512155141,4.39872170565086,2025-07-01,10.0,2.0,0.572604562931197,TEX,TEX,True,TEX,True
777283,2025,105,TOR,NYY,7.0,-0.6475527439465044,4.39872170565086,2025-07-01,12.0,5.0,0.4350344611143658,NYY,TOR,False,NYY,False
777285,2025,105,COL,HOU,-1.0,-2.3151859371733394,4.39872170565086,2025-07-01,5.0,6.0,0.2793367936059338,HOU,HOU,True,HOU,False
777286,2025,105,TB,ATH,-1.0,1.6913154759422795,4.39872170565086,2025-07-01,3.0,4.0,0.6653919035773286,TB,ATH,False,TB,False
777287,2025,105,CHC,CLE,3.0,1.127391544640634,4.39872170565086,2025-07-01,5.0,2.0,0.6120927206507342,CHC,CHC,True,CHC,True
777288,2025,105,PIT,STL,1.0,-0.03832252261016314,4.39872170565086,2025-07-01,1.0,0.0,0.4961382124637816,STL,PIT,False,STL,False
777293,2025,105,MIA,MIN,2.0,-0.6125973056439575,4.39872170565086,2025-07-01,2.0,0.0,0.4385126564131162,MIN,MIA,False,MIN,False
777298,2025,105,ATL,LAA,-4.0,1.0756740632086652,4.39872170565086,2025-07-01,0.0,4.0,0.6070789564498547,ATL,LAA,False,ATL,False
777262,2025,106,SEA,KC,1.0,0.6392410717262359,4.39872170565086,2025-07-02,3.0,2.0,0.5641389418164319,SEA,SEA,True,SEA,False
777266,2025,106,CHC,CLE,1.0,0.8638889804214404,4.39872170565086,2025-07-02,5.0,4.0,0.5863700499269838,CHC,CHC,True,CHC,False
777267,2025,106,LAD,CWS,1.0,1.3351636721009943,4.39872170565086,2025-07-02,5.0,4.0,0.6320397426018991,LAD,LAD,True,LAD,False
777268,2025,106,TEX,BAL,6.0,0.7742386445921248,4.39872170565086,2025-07-02,6.0,0.0,0.5775272651113869,TEX,TEX,True,TEX,True
777269,2025,106,COL,HOU,-2.0,-2.074115115338524,4.39872170565086,2025-07-02,3.0,5.0,0.3001675602694682,HOU,HOU,True,HOU,True
777270,2025,106,AZ,SF,-1.0,0.5420067191390329,4.39872170565086,2025-07-02,5.0,6.0,0.5544490956157756,AZ,SF,False,AZ,False
777271,2025,106,TB,ATH,1.0,1.674555647928437,4.39872170565086,2025-07-02,6.0,5.0,0.6638488949757683,TB,TB,True,TB,False
777272,2025,106,PIT,STL,5.0,-0.1551607682211835,4.39872170565086,2025-07-02,5.0,0.0,0.48436809833441663,STL,PIT,False,STL,False
777273,2025,106,PHI,SD,-2.0,0.12259328831086802,4.39872170565086,2025-07-02,4.0,6.0,0.5123520305677642,PHI,SD,False,PHI,False
777274,2025,106,TOR,NYY,2.0,-0.6797880791100646,4.39872170565086,2025-07-02,11.0,9.0,0.43183136917032827,NYY,TOR,False,NYY,False
777275,2025,106,MIA,MIN,-1.0,-0.20392890666356037,4.39872170565086,2025-07-02,1.0,2.0,0.4794587046090006,MIN,MIN,True,MIN,False
777277,2025,106,BOS,CIN,-4.0,0.03318527798021477,4.39872170565086,2025-07-02,4.0,8.0,0.5033441168482626,BOS,CIN,False,BOS,False
777279,2025,106,ATL,LAA,5.0,0.7305863091688827,4.39872170565086,2025-07-02,8.0,3.0,0.5732070775640767,ATL,ATL,True,ATL,True
777284,2025,106,WSH,DET,-9.0,-0.8893111012016807,4.39872170565086,2025-07-02,2.0,11.0,0.4111301496728182,DET,DET,True,DET,True
777289,2025,106,NYM,MIL,-5.0,-0.4276199741586142,4.39872170565086,2025-07-02,2.0,7.0,0.4569914117100702,MIL,MIL,True,MIL,True
777294,2025,106,BOS,CIN,2.0,-0.12663946992991876,4.39872170565086,2025-07-02,5.0,3.0,0.4872404284746674,CIN,BOS,False,CIN,False
777265,2025,106,WSH,DET,5.0,-0.8707211014988663,4.39872170565086,2025-07-02,9.0,4.0,0.4129577874528809,DET,WSH,False,DET,False
777276,2025,106,NYM,MIL,4.0,-0.7341319738120945,4.39872170565086,2025-07-02,7.0,3.0,0.42644167964678653,MIL,NYM,False,MIL,False
777290,2025,106,PHI,SD,4.0,0.1911944866238015,4.39872170565086,2025-07-02,5.0,1.0,0.5192596163790352,PHI,PHI,True,PHI,True
777251,2025,107,SEA,KC,-1.0,0.26642546368762,4.39872170565086,2025-07-03,2.0,3.0,0.5268280477708706,SEA,KC,False,SEA,False
777253,2025,107,LAD,CWS,4.0,1.5806602602379871,4.39872170565086,2025-07-03,6.0,2.0,0.6551538335068854,LAD,LAD,True,LAD,True
777256,2025,107,AZ,SF,-5.0,0.173623886698975,4.39872170565086,2025-07-03,2.0,7.0,0.5174908670212185,AZ,SF,False,AZ,False
777257,2025,107,NYM,MIL,1.0,-0.4621432543167481,4.39872170565086,2025-07-03,3.0,2.0,0.45353433094826723,MIL,NYM,False,MIL,False
777258,2025,107,WSH,DET,4.0,-1.4180678889264378,4.39872170565086,2025-07-03,11.0,7.0,0.3600960689113768,DET,WSH,False,DET,False
777259,2025,107,CHC,CLE,1.0,0.8578198994844316,4.39872170565086,2025-07-03,1.0,0.0,0.5857727448621574,CHC,CHC,True,CHC,False
777260,2025,107,TOR,NYY,3.0,-0.8147201518460282,4.39872170565086,2025-07-03,8.0,5.0,0.41847466400479805,NYY,TOR,False,NYY,False
777261,2025,107,ATL,LAA,-4.0,0.29350118335720954,4.39872170565086,2025-07-03,1.0,5.0,0.5295497102420923,ATL,LAA,False,ATL,False
777263,2025,107,MIA,MIN,3.0,-0.4776598960530716,4.39872170565086,2025-07-03,4.0,1.0,0.4519816609117146,MIN,MIA,False,MIN,False
777264,2025,107,COL,HOU,1.0,-1.9138904919583724,4.39872170565086,2025-07-03,7.0,6.0,0.3143894999588034,HOU,COL,False,HOU,False
777235,2025,108,LAD,HOU,-17.0,0.8983673907230428,4.39872170565086,2025-07-04,1.0,18.0,0.589759505269677,LAD,HOU,False,LAD,False
777236,2025,108,SEA,PIT,6.0,0.4367759940236159,4.39872170565086,2025-07-04,6.0,0.0,0.5439257788923098,SEA,SEA,True,SEA,True
777239,2025,108,SD,TEX,1.0,-0.010829713486344122,4.39872170565086,2025-07-04,3.0,2.0,0.49890866647810067,TEX,SD,False,TEX,False
777242,2025,108,TOR,LAA,1.0,0.14055055168244168,4.39872170565086,2025-07-04,4.0,3.0,0.514160624205788,TOR,TOR,True,TOR,False
777243,2025,108,COL,CWS,-1.0,-0.847971215545367,4.39872170565086,2025-07-04,2.0,3.0,0.415196961806487,CWS,CWS,True,CWS,False
777244,2025,108,ATH,SF,9.0,-1.3561161848535292,4.39872170565086,2025-07-04,11.0,2.0,0.36596734470844283,SF,ATH,False,SF,False
777245,2025,108,WSH,BOS,-9.0,-0.5984151179981867,4.39872170565086,2025-07-04,2.0,11.0,0.4399252075846082,BOS,BOS,True,BOS,True
777246,2025,108,CHC,STL,8.0,0.2797106137770168,4.39872170565086,2025-07-04,11.0,3.0,0.5281636409582905,CHC,CHC,True,CHC,True
777247,2025,108,MIN,TB,1.0,-0.753586873863227,4.39872170565086,2025-07-04,4.0,3.0,0.42451547185112787,TB,MIN,False,TB,False
777248,2025,108,AZ,KC,-6.0,0.1570696496573713,4.39872170565086,2025-07-04,3.0,9.0,0.5158241144806557,AZ,KC,False,AZ,False
777249,2025,108,CLE,DET,-1.0,-0.6902243349722589,4.39872170565086,2025-07-04,1.0,2.0,0.4307953106436161,DET,DET,True,DET,False
777250,2025,108,NYM,NYY,1.0,0.03322312789043432,4.39872170565086,2025-07-04,6.0,5.0,0.5033479309357269,NYM,NYM,True,NYM,False
777252,2025,108,ATL,BAL,-1.0,0.7003388924898087,4.39872170565086,2025-07-04,2.0,3.0,0.5702083570774665,ATL,BAL,False,ATL,False
777254,2025,108,MIA,MIL,-1.0,-1.1994586801994693,4.39872170565086,2025-07-04,5.0,6.0,0.3809519310466948,MIL,MIL,True,MIL,False
777255,2025,108,PHI,CIN,-3.0,0.26802894268156807,4.39872170565086,2025-07-04,6.0,9.0,0.5269892662904884,PHI,CIN,False,PHI,False
777221,2025,109,LAD,HOU,-2.0,0.08702331179680725,4.39872170565086,2025-07-05,4.0,6.0,0.5087688310486636,LAD,HOU,False,LAD,False
777223,2025,109,SD,TEX,-3.0,-0.03826467851628948,4.39872170565086,2025-07-05,4.0,7.0,0.4961440412721163,TEX,TEX,True,TEX,True
777225,2025,109,SEA,PIT,1.0,0.1916185796310079,4.39872170565086,2025-07-05,1.0,0.0,0.5193023032746202,SEA,SEA,True,SEA,False
777227,2025,109,ATH,SF,-5.0,-1.5679386209147126,4.39872170565086,2025-07-05,2.0,7.0,0.34603069284123483,SF,SF,True,SF,True
777228,2025,109,WSH,BOS,-7.0,-0.1273767373309802,4.39872170565086,2025-07-05,3.0,10.0,0.48716617058545336,BOS,BOS,True,BOS,True
777229,2025,109,CHC,STL,-2.0,0.4455755944534543,4.39872170565086,2025-07-05,6.0,8.0,0.544807045248098,CHC,STL,False,CHC,False
777230,2025,109,MIN,TB,1.0,-0.35408465234632513,4.39872170565086,2025-07-05,6.0,5.0,0.46436560081773837,TB,MIN,False,TB,False
777231,2025,109,TOR,LAA,1.0,0.6484039962925728,4.39872170565086,2025-07-05,4.0,3.0,0.5650501800985841,TOR,TOR,True,TOR,False
777232,2025,109,COL,CWS,-7.0,-0.5088479901422696,4.39872170565086,2025-07-05,3.0,10.0,0.4488630742989793,CWS,CWS,True,CWS,True
777233,2025,109,PHI,CIN,4.0,0.49714451521265235,4.39872170565086,2025-07-05,5.0,1.0,0.5499670215629254,PHI,PHI,True,PHI,True
777234,2025,109,AZ,KC,6.0,0.44833554678471255,4.39872170565086,2025-07-05,7.0,1.0,0.5450834049889453,AZ,AZ,True,AZ,True
777237,2025,109,ATL,BAL,-3.0,0.5394747785217624,4.39872170565086,2025-07-05,6.0,9.0,0.5541963152851785,ATL,BAL,False,ATL,False
777238,2025,109,MIA,MIL,2.0,-1.3958503536453895,4.39872170565086,2025-07-05,4.0,2.0,0.3621979560316465,MIL,MIA,False,MIL,False
777240,2025,109,CLE,DET,-1.0,-1.0834255761249387,4.39872170565086,2025-07-05,0.0,1.0,0.39216841599539715,DET,DET,True,DET,False
777241,2025,109,NYM,NYY,6.0,-0.6191820026731427,4.39872170565086,2025-07-05,12.0,6.0,0.43785708316890476,NYY,NYM,False,NYY,False
777205,2025,110,SEA,PIT,1.0,0.25866230192220135,4.39872170565086,2025-07-06,1.0,0.0,0.5260474548653373,SEA,SEA,True,SEA,False
777206,2025,110,LAD,HOU,-4.0,0.18133576113036007,4.39872170565086,2025-07-06,1.0,5.0,0.518267229470359,LAD,HOU,False,LAD,False
777207,2025,110,SD,TEX,3.0,0.05736599336577867,4.39872170565086,2025-07-06,4.0,1.0,0.5057806994486705,SD,SD,True,SD,True
777210,2025,110,ATH,SF,-4.0,-0.7965189925353867,4.39872170565086,2025-07-06,2.0,6.0,0.42027124722607806,SF,SF,True,SF,True
777213,2025,110,WSH,BOS,-2.0,-0.9248254944776619,4.39872170565086,2025-07-06,4.0,6.0,0.4076440137637817,BOS,BOS,True,BOS,True
777214,2025,110,TOR,LAA,1.0,0.609404585208088,4.39872170565086,2025-07-06,3.0,2.0,0.5611694150908809,TOR,TOR,True,TOR,False
777215,2025,110,COL,CWS,2.0,-0.6856769168977349,4.39872170565086,2025-07-06,6.0,4.0,0.43124669711940167,CWS,COL,False,CWS,False
777216,2025,110,NYM,NYY,-2.0,-0.5246718159588424,4.39872170565086,2025-07-06,4.0,6.0,0.44728199975666877,NYY,NYY,True,NYY,True
777217,2025,110,PHI,CIN,2.0,0.7659883430552253,4.39872170565086,2025-07-06,3.0,1.0,0.5767114465547165,PHI,PHI,True,PHI,True
777218,2025,110,AZ,KC,-4.0,0.3360740404438781,4.39872170565086,2025-07-06,0.0,4.0,0.5338263123673018,AZ,KC,False,AZ,False
777219,2025,110,CHC,STL,11.0,1.2994889725016536,4.39872170565086,2025-07-06,11.0,0.0,0.6286383536986735,CHC,CHC,True,CHC,True
777220,2025,110,MIN,TB,-2.0,-0.24186476441450064,4.39872170565086,2025-07-06,5.0,7.0,0.47564189103208376,TB,TB,True,TB,True
777222,2025,110,ATL,BAL,-1.0,0.8394215366212973,4.39872170565086,2025-07-06,1.0,2.0,0.583960812944528,ATL,BAL,False,ATL,False
777224,2025,110,MIA,MIL,-2.0,-1.2976066304627392,4.39872170565086,2025-07-06,1.0,3.0,0.3715413994119052,MIL,MIL,True,MIL,True
777226,2025,110,CLE,DET,-5.0,-1.3160516008769438,4.39872170565086,2025-07-06,2.0,7.0,0.3697812215761779,DET,DET,True,DET,True
777199,2025,111,SF,PHI,2.0,-0.9742721221130975,4.39872170565086,2025-07-07,3.0,1.0,0.40280248471411156,PHI,SF,False,PHI,False
777200,2025,111,LAA,TEX,1.0,-0.6326490856279423,4.39872170565086,2025-07-07,6.0,5.0,0.43651683166956345,TEX,LAA,False,TEX,False
777201,2025,111,MIL,LAD,8.0,-0.04459015593075581,4.39872170565086,2025-07-07,9.0,1.0,0.4955066434806049,LAD,MIL,False,LAD,False
777202,2025,111,HOU,CLE,-2.0,0.9960514511881354,4.39872170565086,2025-07-07,5.0,7.0,0.599325349885286,HOU,CLE,False,HOU,False
777203,2025,111,SD,AZ,-3.0,0.2487717628900065,4.39872170565086,2025-07-07,3.0,6.0,0.5250528077669852,SD,AZ,False,SD,False
777204,2025,111,KC,PIT,6.0,0.013950552780073039,4.39872170565086,2025-07-07,9.0,3.0,0.5014058260540499,KC,KC,True,KC,True
777208,2025,111,CIN,MIA,-4.0,0.20064512203636198,4.39872170565086,2025-07-07,1.0,5.0,0.5202108126658248,CIN,MIA,False,CIN,False
777209,2025,111,BOS,COL,6.0,1.481532459339555,4.39872170565086,2025-07-07,9.0,3.0,0.6458845430087261,BOS,BOS,True,BOS,True
777211,2025,111,DET,TB,4.0,0.21175389445109957,4.39872170565086,2025-07-07,5.0,1.0,0.5213287511174056,DET,DET,True,DET,True
777212,2025,111,CWS,TOR,-4.0,-1.116536590987847,4.39872170565086,2025-07-07,4.0,8.0,0.38895809807762544,TOR,TOR,True,TOR,True
777180,2025,112,LAA,TEX,-12.0,-0.5732243241902006,4.398836375617189,2025-07-08,1.0,13.0,0.4424375853334657,TEX,TEX,True,TEX,True
777185,2025,112,SD,AZ,1.0,0.19023459365166734,4.398836375617189,2025-07-08,1.0,0.0,0.5191624987967107,SD,SD,True,SD,False
777186,2025,112,SF,PHI,1.0,-0.09216889588229787,4.398836375617189,2025-07-08,4.0,3.0,0.49071301160244807,PHI,SF,False,PHI,False
777187,2025,112,NYY,SEA,7.0,-0.07113972479897612,4.398836375617189,2025-07-08,10.0,3.0,0.4928316606300608,SEA,NYY,False,SEA,False
777188,2025,112,CWS,TOR,-5.0,-0.9801908801573499,4.398836375617189,2025-07-08,1.0,6.0,0.4022264330328792,TOR,TOR,True,TOR,True
777189,2025,112,ATH,ATL,9.0,-1.5485139081428065,4.398836375617189,2025-07-08,10.0,1.0,0.34784602501519657,ATL,ATH,False,ATL,False
777190,2025,112,MIN,CHC,7.0,-0.9810288056427764,4.398836375617189,2025-07-08,8.0,1.0,0.4021445464716178,CHC,MIN,False,CHC,False
777191,2025,112,STL,WSH,2.0,1.1271632793750945,4.398836375617189,2025-07-08,4.0,2.0,0.6120677883505632,STL,STL,True,STL,True
777192,2025,112,HOU,CLE,-4.0,0.9140335421284732,4.398836375617189,2025-07-08,6.0,10.0,0.5912950568533119,HOU,CLE,False,HOU,False
777193,2025,112,MIL,LAD,2.0,0.2774303713520614,4.398836375617189,2025-07-08,3.0,1.0,0.5279336969119323,MIL,MIL,True,MIL,True
777194,2025,112,KC,PIT,1.0,-0.33107773408249713,4.398836375617189,2025-07-08,4.0,3.0,0.46667625926841894,PIT,KC,False,PIT,False
777195,2025,112,DET,TB,2.0,0.057730861038167394,4.398836375617189,2025-07-08,4.0,2.0,0.5058173124696506,DET,DET,True,DET,True
777196,2025,112,BOS,COL,8.0,1.3848605092202178,4.398836375617189,2025-07-08,10.0,2.0,0.636757386447394,BOS,BOS,True,BOS,True
777197,2025,112,CIN,MIA,-10.0,0.5378741188935716,4.398836375617189,2025-07-08,2.0,12.0,0.5540350995136509,CIN,MIA,False,CIN,False
777198,2025,112,BAL,NYM,-1.0,-0.3767961557648497,4.398836375617189,2025-07-08,6.0,7.0,0.4620876296887196,NYM,NYM,True,NYM,False
777162,2025,113,SD,AZ,-6.0,0.1110504559275341,4.398836375617189,2025-07-09,2.0,8.0,0.5111890482079869,SD,AZ,False,SD,False
777163,2025,113,SF,PHI,-13.0,-0.21402876113764768,4.398836375617189,2025-07-09,0.0,13.0,0.47844289804506845,PHI,PHI,True,PHI,True
777171,2025,113,LAA,TEX,3.0,-0.31325760702420746,4.398836375617189,2025-07-09,11.0,8.0,0.4684660497123404,TEX,LAA,False,TEX,False
777172,2025,113,CWS,TOR,1.0,-0.8383723438284669,4.398836375617189,2025-07-09,2.0,1.0,0.4161447227769118,TOR,CWS,False,TOR,False
777173,2025,113,MIN,CHC,2.0,-0.8175630932875715,4.398836375617189,2025-07-09,4.0,2.0,0.4181963004542287,CHC,MIN,False,CHC,False
777174,2025,113,HOU,CLE,-2.0,0.9448928157075986,4.398836375617189,2025-07-09,2.0,4.0,0.5943201963307433,HOU,CLE,False,HOU,False
777175,2025,113,MIL,LAD,1.0,0.5817266483971151,4.398836375617189,2025-07-09,3.0,2.0,0.5584101243186343,MIL,MIL,True,MIL,False
777176,2025,113,ATH,ATL,-7.0,-0.7248752881668229,4.398836375617189,2025-07-09,2.0,9.0,0.4273606655930241,ATL,ATL,True,ATL,True
777177,2025,113,KC,PIT,1.0,0.06967604786547862,4.398836375617189,2025-07-09,4.0,3.0,0.5070208684824279,KC,KC,True,KC,False
777178,2025,113,STL,WSH,-6.0,0.6464836503715529,4.398836375617189,2025-07-09,2.0,8.0,0.5648575574060475,STL,WSH,False,STL,False
777179,2025,113,BOS,COL,8.0,2.007630909827239,4.398836375617189,2025-07-09,10.0,2.0,0.6939617465147432,BOS,BOS,True,BOS,True
777182,2025,113,DET,TB,-4.0,0.05030251150753406,4.398836375617189,2025-07-09,3.0,7.0,0.5050688300731534,DET,TB,False,DET,False
777183,2025,113,CIN,MIA,5.0,0.418711865910497,4.398836375617189,2025-07-09,7.0,2.0,0.542114918080429,CIN,CIN,True,CIN,True
777184,2025,113,NYY,SEA,3.0,0.20654153306862646,4.398836375617189,2025-07-09,9.0,6.0,0.5208036802997921,NYY,NYY,True,NYY,True
777156,2025,114,ATH,ATL,1.0,-1.5064321112888952,4.398836375617189,2025-07-10,5.0,4.0,0.351782405928998,ATL,ATH,False,ATL,False
777158,2025,114,SD,AZ,1.0,-0.031020811822586286,4.398836375617189,2025-07-10,4.0,3.0,0.4968740756477147,AZ,SD,False,AZ,False
777159,2025,114,LAA,TEX,-7.0,-0.6951331166755768,4.398836375617189,2025-07-10,4.0,11.0,0.4303099540566149,TEX,TEX,True,TEX,True
777165,2025,114,BAL,NYM,2.0,-0.1816609538973471,4.398836375617189,2025-07-10,3.0,1.0,0.4817005112491439,NYM,BAL,False,NYM,False
777166,2025,114,MIN,CHC,-7.0,-0.5909298548365873,4.398836375617189,2025-07-10,1.0,8.0,0.4406725873381619,CHC,CHC,True,CHC,True
777167,2025,114,STL,WSH,7.0,0.793498311538633,4.398836375617189,2025-07-10,8.0,1.0,0.5794283853046923,STL,STL,True,STL,True
777168,2025,114,CIN,MIA,6.0,0.4517219464036159,4.398836375617189,2025-07-10,6.0,0.0,0.5454212834165962,CIN,CIN,True,CIN,True
777169,2025,114,NYY,SEA,1.0,-0.32906640963096584,4.398836375617189,2025-07-10,6.0,5.0,0.46687823651774585,SEA,NYY,False,SEA,False
777170,2025,114,BOS,TB,1.0,-0.1900083755707604,4.398836375617189,2025-07-10,4.0,3.0,0.48086027084893207,TB,BOS,False,TB,False
777181,2025,114,BAL,NYM,4.0,-0.6002360056986406,4.398836375617189,2025-07-10,7.0,3.0,0.43974536208160364,NYM,BAL,False,NYM,False
777139,2025,115,SD,PHI,2.0,-0.6097884948786056,4.398836375617189,2025-07-11,4.0,2.0,0.438793936403434,PHI,SD,False,PHI,False
777143,2025,115,SF,LAD,1.0,-0.019018716706330305,4.398836375617189,2025-07-11,8.0,7.0,0.4980834979522483,LAD,SF,False,LAD,False
777147,2025,115,STL,ATL,-1.0,-0.27323402214902837,4.398836375617189,2025-07-11,5.0,6.0,0.4724881462983694,ATL,ATL,True,ATL,False
777148,2025,115,MIN,PIT,1.0,-0.23293957801846987,4.398836375617189,2025-07-11,2.0,1.0,0.4765402973266464,PIT,MIN,False,PIT,False
777149,2025,115,MIL,WSH,5.0,1.3592964039707138,4.398836375617189,2025-07-11,8.0,3.0,0.6343314632902683,MIL,MIL,True,MIL,True
777150,2025,115,LAA,AZ,1.0,-0.7901474680125747,4.398836375617189,2025-07-11,6.0,5.0,0.4209025912913229,AZ,LAA,False,AZ,False
777151,2025,115,KC,NYM,-5.0,0.09375044194878804,4.398836375617189,2025-07-11,3.0,8.0,0.5094463163106301,KC,NYM,False,KC,False
777152,2025,115,ATH,TOR,-1.0,-1.3605099938507972,4.398836375617189,2025-07-11,6.0,7.0,0.36555324982832793,TOR,TOR,True,TOR,False
777153,2025,115,NYY,CHC,11.0,-0.09118155547691656,4.398836375617189,2025-07-11,11.0,0.0,0.49081247887716084,CHC,NYY,False,CHC,False
777154,2025,115,HOU,TEX,-4.0,-0.04909963833754763,4.398836375617189,2025-07-11,3.0,7.0,0.49505237348275516,TEX,TEX,True,TEX,True
777155,2025,115,BOS,TB,1.0,-0.020720471030295506,4.398836375617189,2025-07-11,5.0,4.0,0.4979120149263378,TB,BOS,False,TB,False
777157,2025,115,BAL,MIA,3.0,0.16586699143643205,4.398836375617189,2025-07-11,5.0,2.0,0.5167094700279673,BAL,BAL,True,BAL,True
777160,2025,115,CIN,COL,-1.0,1.4213642709722984,4.398836375617189,2025-07-11,2.0,3.0,0.6402119258880588,CIN,COL,False,CIN,False
777161,2025,115,DET,SEA,-9.0,0.859645408557537,4.398836375617189,2025-07-11,3.0,12.0,0.5859502225844082,DET,SEA,False,DET,False
777164,2025,115,CWS,CLE,-2.0,-0.23213499668670778,4.398836375617189,2025-07-11,2.0,4.0,0.47662123496574554,CLE,CLE,True,CLE,True
777146,2025,115,CWS,CLE,1.0,-0.6025538160178583,4.398836375617189,2025-07-11,5.0,4.0,0.43951447652588066,CLE,CWS,False,CLE,False
777126,2025,116,SD,PHI,1.0,-0.3563694842241869,4.398836375617189,2025-07-12,5.0,4.0,0.46413721054364854,PHI,SD,False,PHI,False
777127,2025,116,SF,LAD,-1.0,-0.4336260809237187,4.398836375617189,2025-07-12,1.0,2.0,0.45639086508829574,LAD,LAD,True,LAD,False
777131,2025,116,LAA,AZ,5.0,-0.4658454210395937,4.398836375617189,2025-07-12,10.0,5.0,0.4531650241697148,AZ,LAA,False,AZ,False
777132,2025,116,ATH,TOR,1.0,-1.178027597683681,4.398836375617189,2025-07-12,4.0,3.0,0.3830193475658208,TOR,ATH,False,TOR,False
777133,2025,116,STL,ATL,-1.0,-0.5649447082775159,4.398836375617189,2025-07-12,6.0,7.0,0.443263343643857,ATL,ATL,True,ATL,False
777134,2025,116,MIN,PIT,8.0,0.1275809487900748,4.398836375617189,2025-07-12,12.0,4.0,0.5128540626261461,MIN,MIN,True,MIN,True
777135,2025,116,MIL,WSH,1.0,1.8223231811484837,4.398836375617189,2025-07-12,6.0,5.0,0.6773511116655123,MIL,MIL,True,MIL,False
777136,2025,116,KC,NYM,-2.0,0.05161121959295348,4.398836375617189,2025-07-12,1.0,3.0,0.5052006972041281,KC,NYM,False,KC,False
777137,2025,116,HOU,TEX,1.0,0.25808222683591164,4.398836375617189,2025-07-12,5.0,4.0,0.5259884472082526,HOU,HOU,True,HOU,False
777138,2025,116,CWS,CLE,-4.0,-0.5532197761045203,4.398836375617189,2025-07-12,2.0,6.0,0.44443313756982394,CLE,CLE,True,CLE,True
777140,2025,116,CIN,COL,1.0,1.9215594305133648,4.398836375617189,2025-07-12,4.0,3.0,0.6862932730442928,CIN,CIN,True,CIN,False
777141,2025,116,BAL,MIA,-6.0,0.018533649744119807,4.398836375617189,2025-07-12,0.0,6.0,0.5018676225696772,BAL,MIA,False,BAL,False
777142,2025,116,NYY,CHC,-3.0,-0.34338234784527255,4.398836375617189,2025-07-12,2.0,5.0,0.46544081840993246,CHC,CHC,True,CHC,True
777144,2025,116,BOS,TB,1.0,0.5385076643987321,4.398836375617189,2025-07-12,1.0,0.0,0.5540983544740296,BOS,BOS,True,BOS,False
777145,2025,116,DET,SEA,-8.0,0.19444759861937508,4.398836375617189,2025-07-12,7.0,15.0,0.519586541063569,DET,SEA,False,DET,False
777113,2025,117,MIN,PIT,-1.0,0.08455118593997946,4.398836375617189,2025-07-13,1.0,2.0,0.5085195457245288,MIN,PIT,False,MIN,False
777115,2025,117,LAA,AZ,-4.0,-0.5630142419638092,4.398836375617189,2025-07-13,1.0,5.0,0.44345591212419094,AZ,AZ,True,AZ,True
777116,2025,117,ATH,TOR,3.0,-1.111553705170396,4.398836375617189,2025-07-13,6.0,3.0,0.389443548429924,TOR,ATH,False,TOR,False
777117,2025,117,SD,PHI,-1.0,-0.39237042160008917,4.398836375617189,2025-07-13,1.0,2.0,0.46052560497419565,PHI,PHI,True,PHI,False
777118,2025,117,STL,ATL,1.0,0.10632354541387938,4.398836375617189,2025-07-13,5.0,4.0,0.510712898589033,STL,STL,True,STL,False
777119,2025,117,SF,LAD,-3.0,0.213309951180451,4.398836375617189,2025-07-13,2.0,5.0,0.5214847731471014,SF,LAD,False,SF,False
777120,2025,117,CWS,CLE,-1.0,-0.6059927174143689,4.398836375617189,2025-07-13,5.0,6.0,0.43917195291939043,CLE,CLE,True,CLE,False
777121,2025,117,DET,SEA,-4.0,-0.0007874034247101758,4.398836375617189,2025-07-13,4.0,8.0,0.49992065363328053,SEA,SEA,True,SEA,True
777122,2025,117,NYY,CHC,-3.0,-0.2172331286308422,4.398836375617189,2025-07-13,1.0,4.0,0.47812047367395977,CHC,CHC,True,CHC,True
777123,2025,117,MIL,WSH,7.0,1.5328617857458915,4.398836375617189,2025-07-13,8.0,1.0,0.6506917444806523,MIL,MIL,True,MIL,True
777124,2025,117,KC,NYM,1.0,-0.06437903522544691,4.398836375617189,2025-07-13,3.0,2.0,0.4935128330885019,NYM,KC,False,NYM,False
777125,2025,117,HOU,TEX,-4.0,0.26417178824574034,4.398836375617189,2025-07-13,1.0,5.0,0.5266007567302402,HOU,TEX,False,HOU,False
777128,2025,117,CIN,COL,2.0,1.7698221464803194,4.398836375617189,2025-07-13,4.0,2.0,0.6725779968648262,CIN,CIN,True,CIN,True
777129,2025,117,BAL,MIA,-10.0,0.3053160727197978,4.398836375617189,2025-07-13,1.0,11.0,0.5307361231853441,BAL,MIA,False,BAL,False
777130,2025,117,BOS,TB,3.0,0.3230198903177714,4.398836375617189,2025-07-13,4.0,1.0,0.5325145207147632,BOS,BOS,True,BOS,True
777098,2025,122,TEX,DET,2.0,-0.1380574206554485,4.398836375617189,2025-07-18,2.0,0.0,0.4860908212369787,DET,TEX,False,DET,False
777099,2025,122,SEA,HOU,5.0,-0.36424781194036215,4.398836375617189,2025-07-18,6.0,1.0,0.46334659547989016,HOU,SEA,False,HOU,False
777100,2025,122,AZ,STL,4.0,0.25929156942177384,4.398836375617189,2025-07-18,7.0,3.0,0.5261100523558762,AZ,AZ,True,AZ,True
777101,2025,122,CHC,BOS,3.0,0.19514719889101895,4.398836375617189,2025-07-18,4.0,1.0,0.5196569542488386,CHC,CHC,True,CHC,True
777102,2025,122,COL,MIN,2.0,-1.531394186990691,4.398836375617189,2025-07-18,6.0,4.0,0.3494454746275449,MIN,COL,False,MIN,False
777103,2025,122,LAD,MIL,-2.0,-0.789559204379159,4.398836375617189,2025-07-18,0.0,2.0,0.42096070228607646,MIL,MIL,True,MIL,True
777105,2025,122,CLE,ATH,2.0,0.7225081858201577,4.398836375617189,2025-07-18,8.0,6.0,0.5724047545497462,CLE,CLE,True,CLE,True
777106,2025,122,PHI,LAA,-1.0,0.9765513350845156,4.398836375617189,2025-07-18,5.0,6.0,0.5974178413971573,PHI,LAA,False,PHI,False
777107,2025,122,PIT,CWS,-9.0,0.7927262750411534,4.398836375617189,2025-07-18,1.0,10.0,0.5793521330540035,PIT,CWS,False,PIT,False
777108,2025,122,TOR,SF,4.0,-0.21703129751182043,4.398836375617189,2025-07-18,4.0,0.0,0.4781407815583642,SF,TOR,False,SF,False
777109,2025,122,MIA,KC,1.0,-0.34706773165839255,4.398836375617189,2025-07-18,8.0,7.0,0.4650708528798235,KC,MIA,False,KC,False
777110,2025,122,TB,BAL,10.0,0.5367822817484227,4.398836375617189,2025-07-18,11.0,1.0,0.5539260842038777,TB,TB,True,TB,True
777111,2025,122,NYM,CIN,-4.0,0.18287814757448845,4.398836375617189,2025-07-18,4.0,8.0,0.5184220150045196,NYM,CIN,False,NYM,False
777112,2025,122,WSH,SD,-5.0,-1.0836919611980473,4.398836375617189,2025-07-18,2.0,7.0,0.39214530080755083,SD,SD,True,SD,True
777114,2025,122,ATL,NYY,4.0,-0.42503999537118,4.398836375617189,2025-07-18,7.0,3.0,0.45725100896699494,NYY,ATL,False,NYY,False
777080,2025,123,COL,MIN,4.0,-1.9399176403033511,4.401889045019,2025-07-19,10.0,6.0,0.31218443754912495,MIN,COL,False,MIN,False
777081,2025,123,AZ,STL,9.0,-0.10311536453965342,4.401889045019,2025-07-19,10.0,1.0,0.48961747913764464,STL,AZ,False,STL,False
777085,2025,123,LAD,MIL,-1.0,-0.5482759835017573,4.401889045019,2025-07-19,7.0,8.0,0.4449644740402496,MIL,MIL,True,MIL,False
777086,2025,123,SEA,HOU,1.0,0.29336924786255636,4.401889045019,2025-07-19,7.0,6.0,0.5295152374210581,SEA,SEA,True,SEA,False
777088,2025,123,TEX,DET,3.0,-0.2915398642814624,4.401889045019,2025-07-19,4.0,1.0,0.4706684798147874,DET,TEX,False,DET,False
777089,2025,123,PHI,LAA,4.0,0.6383679328246352,4.401889045019,2025-07-19,9.0,5.0,0.5640064012362853,PHI,PHI,True,PHI,True
777090,2025,123,PIT,CWS,-6.0,0.34755771663304946,4.401889045019,2025-07-19,4.0,10.0,0.5349541381333697,PIT,CWS,False,PIT,False
777091,2025,123,WSH,SD,2.0,-1.0991015232082968,4.401889045019,2025-07-19,4.0,2.0,0.3907242908858506,SD,WSH,False,SD,False
777092,2025,123,NYM,CIN,-3.0,0.037057773317993314,4.401889045019,2025-07-19,2.0,5.0,0.5037316547139068,NYM,CIN,False,NYM,False
777093,2025,123,MIA,KC,2.0,-0.41481541391711296,4.401889045019,2025-07-19,3.0,1.0,0.45830438626742476,KC,MIA,False,KC,False
777094,2025,123,TOR,SF,3.0,-0.06749227300514352,4.401889045019,2025-07-19,6.0,3.0,0.4932038725891107,SF,TOR,False,SF,False
777095,2025,123,TB,BAL,1.0,0.7471969896379929,4.401889045019,2025-07-19,4.0,3.0,0.5747988460304124,TB,TB,True,TB,False
777096,2025,123,CHC,BOS,6.0,0.3390538548137443,4.401889045019,2025-07-19,6.0,0.0,0.5341010106073663,CHC,CHC,True,CHC,True
777097,2025,123,ATL,NYY,-3.0,-0.6638972996150507,4.401889045019,2025-07-19,9.0,12.0,0.43345729106744746,NYY,NYY,True,NYY,True
777104,2025,123,CLE,ATH,-6.0,0.49967979922259476,4.401889045019,2025-07-19,2.0,8.0,0.550184546707766,CLE,ATH,False,CLE,False
777067,2025,124,SEA,HOU,-8.0,0.05207145421440692,4.401889045019,2025-07-20,3.0,11.0,0.5052434323240013,SEA,HOU,False,SEA,False
777070,2025,124,LAD,MIL,-1.0,-0.3801270995973055,4.401889045019,2025-07-20,5.0,6.0,0.46177994415946416,MIL,MIL,True,MIL,False
777071,2025,124,AZ,STL,2.0,0.2681834877478807,4.401889045019,2025-07-20,5.0,3.0,0.5269854030863631,AZ,AZ,True,AZ,True
777072,2025,124,COL,MIN,-6.0,-1.7691192673120189,4.401889045019,2025-07-20,1.0,7.0,0.3275979903471431,MIN,MIN,True,MIN,True
777073,2025,124,TEX,DET,-1.0,-0.5333826467519927,4.401889045019,2025-07-20,1.0,2.0,0.44645031875912056,DET,DET,True,DET,False
777074,2025,124,PIT,CWS,-5.0,0.7470539554844992,4.401889045019,2025-07-20,2.0,7.0,0.5747846963915927,PIT,CWS,False,PIT,False
777075,2025,124,CHC,BOS,-5.0,-0.01769503034560986,4.401889045019,2025-07-20,1.0,6.0,0.4982181204948468,BOS,BOS,True,BOS,True
777076,2025,124,TB,BAL,-2.0,0.8307884966063287,4.401889045019,2025-07-20,3.0,5.0,0.5830510551768735,TB,BAL,False,TB,False
777077,2025,124,WSH,SD,-7.0,-1.0824194045959123,4.401889045019,2025-07-20,1.0,8.0,0.3923416952586115,SD,SD,True,SD,True
777078,2025,124,PHI,LAA,-6.0,1.348010988641024,4.401889045019,2025-07-20,2.0,8.0,0.6331699068628145,PHI,LAA,False,PHI,False
777079,2025,124,TOR,SF,2.0,0.10053446623353786,4.401889045019,2025-07-20,8.0,6.0,0.5101227108399882,TOR,TOR,True,TOR,True
777082,2025,124,MIA,KC,-3.0,-0.21562598197288876,4.401889045019,2025-07-20,4.0,7.0,0.47829722968608396,KC,KC,True,KC,True
777083,2025,124,ATL,NYY,-2.0,-0.016595537680729133,4.401889045019,2025-07-20,2.0,4.0,0.4983288381126289,NYY,NYY,True,NYY,True
777084,2025,124,CLE,ATH,6.0,0.5519431926355949,4.401889045019,2025-07-20,8.0,2.0,0.5554012699988699,CLE,CLE,True,CLE,True
777087,2025,124,NYM,CIN,1.0,0.02636416241566005,4.401889045019,2025-07-20,3.0,2.0,0.50265484541258,NYM,NYM,True,NYM,False
777050,2025,125,SEA,MIL,-6.0,-0.753222243327697,4.401889045019,2025-07-21,0.0,6.0,0.42460519410953623,MIL,MIL,True,MIL,True
777051,2025,125,LAD,MIN,3.0,0.4812987770651378,4.401889045019,2025-07-21,5.0,2.0,0.5483477155922263,LAD,LAD,True,LAD,True
777053,2025,125,COL,STL,-4.0,-1.6845339296260637,4.401889045019,2025-07-21,2.0,6.0,0.33534369142241066,STL,STL,True,STL,True
777055,2025,125,AZ,HOU,-3.0,-0.48899925070129713,4.401889045019,2025-07-21,3.0,6.0,0.45088264125782085,HOU,HOU,True,HOU,True
777057,2025,125,TEX,ATH,5.0,1.2753380850158114,4.401889045019,2025-07-21,7.0,2.0,0.6262421614316862,TEX,TEX,True,TEX,True
777059,2025,125,TB,CWS,-5.0,1.2858193090624157,4.401889045019,2025-07-21,3.0,8.0,0.6272438943997459,TB,CWS,False,TB,False
777060,2025,125,PIT,DET,3.0,-0.45292865629377377,4.401889045019,2025-07-21,3.0,0.0,0.45448935355233816,DET,PIT,False,DET,False
777061,2025,125,NYM,LAA,2.0,0.5967412494751427,4.401889045019,2025-07-21,7.0,5.0,0.5598652425267179,NYM,NYM,True,NYM,True
777062,2025,125,MIA,SD,-1.0,-0.3603494508667835,4.401889045019,2025-07-21,1.0,2.0,0.4637628686339907,SD,SD,True,SD,False
777063,2025,125,PHI,BOS,1.0,0.579937496674667,4.401889045019,2025-07-21,3.0,2.0,0.5581916666493107,PHI,PHI,True,PHI,False
777064,2025,125,WSH,CIN,2.0,-1.0254248531803063,4.401889045019,2025-07-21,10.0,8.0,0.3978814514286106,CIN,WSH,False,CIN,False
777065,2025,125,CHC,KC,-8.0,0.8232569909189423,4.401889045019,2025-07-21,4.0,12.0,0.5823089810799542,CHC,KC,False,CHC,False
777066,2025,125,TOR,NYY,3.0,-0.25312586516411806,4.401889045019,2025-07-21,4.0,1.0,0.474527616759008,NYY,TOR,False,NYY,False
777068,2025,125,CLE,BAL,5.0,0.2957240378230038,4.401889045019,2025-07-21,10.0,5.0,0.529751709738764,CLE,CLE,True,CLE,True
777069,2025,125,ATL,SF,4.0,0.11975878603587861,4.401889045019,2025-07-21,9.0,5.0,0.5120578453901187,ATL,ATL,True,ATL,True
777035,2025,126,SEA,MIL,1.0,-0.5413748921550388,4.401889045019,2025-07-22,1.0,0.0,0.445652871668237,MIL,SEA,False,MIL,False
777039,2025,126,LAD,MIN,-3.0,0.10561125216751166,4.401889045019,2025-07-22,7.0,10.0,0.5106337689675622,LAD,MIN,False,LAD,False
777040,2025,126,AZ,HOU,-2.0,-0.5483690826487615,4.401889045019,2025-07-22,1.0,3.0,0.44495518834439773,HOU,HOU,True,HOU,True
777042,2025,126,WSH,CIN,5.0,-0.6811260897748005,4.401889045019,2025-07-22,6.0,1.0,0.4317471751117653,CIN,WSH,False,CIN,False
777043,2025,126,TEX,ATH,4.0,1.59891297752262,4.401889045019,2025-07-22,6.0,2.0,0.6567438467892981,TEX,TEX,True,TEX,True
777044,2025,126,PIT,DET,3.0,-0.6481141245501998,4.401889045019,2025-07-22,8.0,5.0,0.43502501140814365,DET,PIT,False,DET,False
777045,2025,126,PHI,BOS,3.0,0.4187702014909914,4.401889045019,2025-07-22,4.0,1.0,0.5420916620546347,PHI,PHI,True,PHI,True
777046,2025,126,TOR,NYY,-1.0,-0.2873485339353582,4.401889045019,2025-07-22,4.0,5.0,0.47108942082289496,NYY,NYY,True,NYY,False
777047,2025,126,CHC,KC,6.0,1.2466916771113719,4.401889045019,2025-07-22,6.0,0.0,0.6234999727263524,CHC,CHC,True,CHC,True
777048,2025,126,TB,CWS,1.0,1.2840662949834722,4.401889045019,2025-07-22,4.0,3.0,0.6270764114608396,TB,TB,True,TB,False
777049,2025,126,COL,STL,4.0,-1.4282182893033257,4.401889045019,2025-07-22,8.0,4.0,0.3592342325316693,STL,COL,False,STL,False
777052,2025,126,MIA,SD,1.0,-0.44465896800769455,4.401889045019,2025-07-22,4.0,3.0,0.4553167827872384,SD,MIA,False,SD,False
777054,2025,126,NYM,LAA,1.0,0.39317581746455177,4.401889045019,2025-07-22,3.0,2.0,0.5395278148817587,NYM,NYM,True,NYM,False
777056,2025,126,CLE,BAL,3.0,0.33928281552352024,4.401889045019,2025-07-22,6.0,3.0,0.5341239825578977,CLE,CLE,True,CLE,True
777058,2025,126,ATL,SF,-9.0,0.3399265628439071,4.401889045019,2025-07-22,0.0,9.0,0.5341885700238634,ATL,SF,False,ATL,False
777022,2025,127,LAD,MIN,1.0,0.16187118413823007,4.401889045019,2025-07-23,4.0,3.0,0.5162958561611919,LAD,LAD,True,LAD,False
777024,2025,127,SEA,MIL,-8.0,-0.46138323621579813,4.401889045019,2025-07-23,2.0,10.0,0.4536436289981727,MIL,MIL,True,MIL,True
777026,2025,127,WSH,CIN,-5.0,-0.9457106714527866,4.401889045019,2025-07-23,0.0,5.0,0.4056639360845081,CIN,CIN,True,CIN,True
777027,2025,127,TOR,NYY,4.0,-0.19411211518092,4.401889045019,2025-07-23,8.0,4.0,0.48046077362052547,NYY,TOR,False,NYY,False
777028,2025,127,COL,STL,6.0,-1.4994014961442823,4.401889045019,2025-07-23,6.0,0.0,0.35253915895030574,STL,COL,False,STL,False
777029,2025,127,PIT,DET,5.0,-0.6883712653403127,4.401889045019,2025-07-23,6.0,1.0,0.4310284047243658,DET,PIT,False,DET,False
777030,2025,127,TB,CWS,-2.0,1.2097810213658813,4.401889045019,2025-07-23,9.0,11.0,0.6199574940770853,TB,CWS,False,TB,False
777031,2025,127,CHC,KC,-4.0,0.7146795730665385,4.401889045019,2025-07-23,4.0,8.0,0.571579619912777,CHC,KC,False,CHC,False
777032,2025,127,AZ,HOU,-1.0,-0.11689523803046911,4.401889045019,2025-07-23,3.0,4.0,0.4882303846290334,HOU,HOU,True,HOU,False
777033,2025,127,TEX,ATH,1.0,1.4394240248243269,4.401889045019,2025-07-23,2.0,1.0,0.6418226466299153,TEX,TEX,True,TEX,False
777034,2025,127,NYM,LAA,3.0,0.8496534925148649,4.401889045019,2025-07-23,6.0,3.0,0.5849085063508049,NYM,NYM,True,NYM,True
777036,2025,127,CLE,BAL,1.0,0.7308756362359615,4.401889045019,2025-07-23,3.0,2.0,0.5731836404643139,CLE,CLE,True,CLE,False
777037,2025,127,MIA,SD,1.0,-0.4439050334531076,4.401889045019,2025-07-23,3.0,2.0,0.45539222791450634,SD,MIA,False,SD,False
777038,2025,127,PHI,BOS,-1.0,0.09885636356039348,4.401889045019,2025-07-23,8.0,9.0,0.5099537797910846,PHI,BOS,False,PHI,False
777041,2025,127,ATL,SF,-6.0,0.38094036370911644,4.401889045019,2025-07-23,3.0,9.0,0.5383015744245027,ATL,SF,False,ATL,False
777018,2025,128,LAA,SEA,-2.0,-0.5862436138718582,4.401889045019,2025-07-24,2.0,4.0,0.44118014988222853,SEA,SEA,True,SEA,True
777019,2025,128,CLE,BAL,-1.0,0.44749325787063154,4.401889045019,2025-07-24,3.0,4.0,0.5449668260121194,CLE,BAL,False,CLE,False
777021,2025,128,DET,TOR,-7.0,-0.1434062658394076,4.401889045019,2025-07-24,4.0,11.0,0.48556217553382564,TOR,TOR,True,TOR,True
777023,2025,128,STL,SD,2.0,0.04392672833157454,4.401889045019,2025-07-24,9.0,7.0,0.5044233206663066,STL,STL,True,STL,True
777025,2025,128,HOU,ATH,-3.0,1.3180280709704484,4.401889045019,2025-07-24,2.0,5.0,0.6303168082545574,HOU,ATH,False,HOU,False
777004,2025,129,SF,NYM,-7.0,0.008828306240250099,4.401889045019,2025-07-25,1.0,8.0,0.5008890076441228,SF,NYM,False,SF,False
777005,2025,129,STL,SD,3.0,-0.4657766879543547,4.401889045019,2025-07-25,3.0,0.0,0.45320422804821936,SD,STL,False,SD,False
777006,2025,129,LAA,SEA,1.0,-0.8643568747513304,4.401889045019,2025-07-25,3.0,2.0,0.41364510844536156,SEA,LAA,False,SEA,False
777007,2025,129,HOU,ATH,-12.0,1.3652349239541923,4.401889045019,2025-07-25,3.0,15.0,0.6348055838991566,HOU,ATH,False,HOU,False
777008,2025,129,MIL,MIA,-4.0,1.2512176495545673,4.401889045019,2025-07-25,1.0,5.0,0.6239336420555069,MIL,MIA,False,MIL,False
777009,2025,129,TEX,ATL,5.0,0.6793916045068608,4.401889045019,2025-07-25,8.0,3.0,0.5680807186050808,TEX,TEX,True,TEX,True
777011,2025,129,MIN,WSH,1.0,0.8754117487631847,4.401889045019,2025-07-25,1.0,0.0,0.5874415996779364,MIN,MIN,True,MIN,False
777012,2025,129,BOS,LAD,-3.0,-0.029302372327869683,4.401889045019,2025-07-25,2.0,5.0,0.4970492848431307,LAD,LAD,True,LAD,True
777013,2025,129,CIN,TB,5.0,-0.4558613752734948,4.401889045019,2025-07-25,7.0,2.0,0.4541959656195491,TB,CIN,False,TB,False
777014,2025,129,PIT,AZ,-1.0,-0.7805969157131497,4.401889045019,2025-07-25,0.0,1.0,0.42189974555315923,AZ,AZ,True,AZ,False
777015,2025,129,NYY,PHI,-7.0,0.026118554457866434,4.401889045019,2025-07-25,5.0,12.0,0.5026301132910598,NYY,PHI,False,NYY,False
777016,2025,129,DET,TOR,-4.0,-0.06959302187430494,4.401889045019,2025-07-25,2.0,6.0,0.4929923593294012,TOR,TOR,True,TOR,True
777017,2025,129,CWS,CHC,7.0,-1.4594195291979868,4.401889045019,2025-07-25,12.0,5.0,0.35629416078134707,CHC,CWS,False,CHC,False
777020,2025,129,BAL,COL,-1.0,0.9828064474390792,4.401889045019,2025-07-25,5.0,6.0,0.5979625613186553,BAL,COL,False,BAL,False
776985,2025,130,SF,NYM,-1.0,-0.35107491998551665,4.402184154201332,2025-07-26,1.0,2.0,0.4646954151297868,NYM,NYM,True,NYM,False
776991,2025,130,HOU,ATH,-4.0,1.2169405813737666,4.402184154201332,2025-07-26,1.0,5.0,0.6206375898089138,HOU,ATH,False,HOU,False
776992,2025,130,STL,SD,-2.0,-0.32683280511234647,4.402184154201332,2025-07-26,1.0,3.0,0.467127506308744,SD,SD,True,SD,True
776993,2025,130,TEX,ATL,1.0,0.10453352775855333,4.402184154201332,2025-07-26,6.0,5.0,0.5105245751148968,TEX,TEX,True,TEX,False
776994,2025,130,CWS,CHC,-5.0,-1.3576692708953713,4.402184154201332,2025-07-26,1.0,6.0,0.3659212334594051,CHC,CHC,True,CHC,True
776995,2025,130,LAA,SEA,-5.0,-0.947304775813018,4.402184154201332,2025-07-26,2.0,7.0,0.4055141414780086,SEA,SEA,True,SEA,True
776996,2025,130,MIL,MIA,-3.0,0.7293326684827699,4.402184154201332,2025-07-26,4.0,7.0,0.5730260395061981,MIL,MIA,False,MIL,False
776997,2025,130,MIN,WSH,-6.0,1.0904887227701092,4.402184154201332,2025-07-26,3.0,9.0,0.6084338067428466,MIN,WSH,False,MIN,False
776998,2025,130,BOS,LAD,2.0,0.4427489761010492,4.402184154201332,2025-07-26,4.0,2.0,0.5444891137746799,BOS,BOS,True,BOS,True
776999,2025,130,BAL,COL,18.0,1.1790766924739824,4.402184154201332,2025-07-26,18.0,0.0,0.6169953473911431,BAL,BAL,True,BAL,True
777000,2025,130,CIN,TB,4.0,-0.06495977328021077,4.402184154201332,2025-07-26,6.0,2.0,0.49345929754602386,TB,CIN,False,TB,False
777001,2025,130,NYY,PHI,-5.0,-0.32225959691584316,4.402184154201332,2025-07-26,4.0,9.0,0.46758645402262694,PHI,PHI,True,PHI,True
777002,2025,130,PIT,AZ,2.0,-0.938165190017179,4.402184154201332,2025-07-26,2.0,0.0,0.40640874630618146,AZ,PIT,False,AZ,False
777003,2025,130,DET,TOR,-5.0,0.0968449554321961,4.402184154201332,2025-07-26,1.0,6.0,0.5097506396692956,DET,TOR,False,DET,False
777010,2025,130,KC,CLE,2.0,0.44655892552106785,4.402184154201332,2025-07-26,5.0,3.0,0.5448703405703021,KC,KC,True,KC,True
776990,2025,130,KC,CLE,-2.0,0.20339714652836466,4.402184154201332,2025-07-26,4.0,6.0,0.5204716794858076,KC,CLE,False,KC,False
776974,2025,131,SF,NYM,-2.0,0.002162798000407945,4.402184154201332,2025-07-27,3.0,5.0,0.5002177786433213,SF,NYM,False,SF,False
776975,2025,131,KC,CLE,3.0,0.19146045620194924,4.402184154201332,2025-07-27,4.0,1.0,0.5192712299488005,KC,KC,True,KC,True
776976,2025,131,HOU,ATH,-6.0,1.4155864070987778,4.402184154201332,2025-07-27,1.0,7.0,0.6395641224032351,HOU,ATH,False,HOU,False
776977,2025,131,LAA,SEA,3.0,-0.6175304025037294,4.402184154201332,2025-07-27,4.0,1.0,0.4380698550269932,SEA,LAA,False,SEA,False
776978,2025,131,MIL,MIA,1.0,1.3514275455497422,4.402184154201332,2025-07-27,3.0,2.0,0.6334859474338324,MIL,MIL,True,MIL,False
776979,2025,131,MIN,WSH,-5.0,1.110831116467845,4.402184154201332,2025-07-27,2.0,7.0,0.6104046056332209,MIN,WSH,False,MIN,False
776980,2025,131,STL,SD,-7.0,-0.276849592693401,4.402184154201332,2025-07-27,2.0,9.0,0.4721458488875379,SD,SD,True,SD,True
776981,2025,131,TEX,ATL,7.0,0.5151965978058641,4.402184154201332,2025-07-27,8.0,1.0,0.5517308700404582,TEX,TEX,True,TEX,True
776982,2025,131,CIN,TB,1.0,-0.13093576008593893,4.402184154201332,2025-07-27,2.0,1.0,0.48681808293876294,TB,CIN,False,TB,False
776983,2025,131,BOS,LAD,1.0,-0.03265152562335066,4.402184154201332,2025-07-27,4.0,3.0,0.4967122566170292,LAD,BOS,False,LAD,False
776984,2025,131,PIT,AZ,6.0,-0.2647192023415732,4.402184154201332,2025-07-27,6.0,0.0,0.4733644445440165,AZ,PIT,False,AZ,False
776986,2025,131,BAL,COL,4.0,0.7951203080827043,4.402184154201332,2025-07-27,5.0,1.0,0.5795288593267816,BAL,BAL,True,BAL,True
776987,2025,131,DET,TOR,6.0,-0.38364902796525346,4.402184154201332,2025-07-27,10.0,4.0,0.46142950847124803,TOR,DET,False,TOR,False
776988,2025,131,NYY,PHI,1.0,-0.2764274602281087,4.402184154201332,2025-07-27,4.0,3.0,0.47218825119002955,PHI,NYY,False,PHI,False
776989,2025,131,CWS,CHC,-1.0,-1.1409809994718927,4.402184154201332,2025-07-27,4.0,5.0,0.3866796613866784,CHC,CHC,True,CHC,False
776957,2025,132,ATH,SEA,-2.0,-1.0062375960261079,4.402184154201332,2025-07-28,1.0,3.0,0.39975769465396604,SEA,SEA,True,SEA,True
776958,2025,132,LAA,TEX,2.0,-1.11304077435878,4.402184154201332,2025-07-28,6.0,4.0,0.38938148953644725,TEX,LAA,False,TEX,False
776959,2025,132,SD,NYM,1.0,0.20561910914904696,4.402184154201332,2025-07-28,7.0,6.0,0.5206951177380889,SD,SD,True,SD,False
776960,2025,132,STL,MIA,6.0,-0.20499520154218387,4.402184154201332,2025-07-28,7.0,1.0,0.4793676211089157,MIA,STL,False,MIA,False
776961,2025,132,MIN,BOS,1.0,-0.33045658193131916,4.402184154201332,2025-07-28,5.0,4.0,0.4667638704899907,BOS,MIN,False,BOS,False
776964,2025,132,SF,PIT,-1.0,0.017715351067856197,4.402184154201332,2025-07-28,5.0,6.0,0.50178380618849,SF,PIT,False,SF,False
776965,2025,132,MIL,CHC,4.0,0.20947215619996407,4.402184154201332,2025-07-28,8.0,4.0,0.5210825606889373,MIL,MIL,True,MIL,True
776966,2025,132,BAL,TOR,7.0,-1.0509624381941964,4.402184154201332,2025-07-28,11.0,4.0,0.39540347937846054,TOR,BAL,False,TOR,False
776967,2025,132,CIN,LAD,-3.0,-0.25404754911215566,4.402184154201332,2025-07-28,2.0,5.0,0.4744367047980531,LAD,LAD,True,LAD,True
776968,2025,132,CLE,COL,-2.0,1.5731434511535236,4.402184154201332,2025-07-28,6.0,8.0,0.6543388885420753,CLE,COL,False,CLE,False
776969,2025,132,HOU,WSH,-1.0,1.2958331138992243,4.402184154201332,2025-07-28,1.0,2.0,0.6281918591357715,HOU,WSH,False,HOU,False
776970,2025,132,NYY,TB,-2.0,0.18502967637421017,4.402184154201332,2025-07-28,2.0,4.0,0.518624425891148,NYY,TB,False,NYY,False
776971,2025,132,KC,ATL,-3.0,-0.34244041447208434,4.402184154201332,2025-07-28,7.0,10.0,0.46556152578349314,ATL,ATL,True,ATL,True
776972,2025,132,CWS,PHI,4.0,-1.4231847732288652,4.402184154201332,2025-07-28,6.0,2.0,0.35971833164211703,PHI,CWS,False,PHI,False
776973,2025,132,DET,AZ,4.0,-0.14719691087467687,4.402184154201332,2025-07-28,5.0,1.0,0.48518170811149275,AZ,DET,False,AZ,False
776943,2025,133,SF,PIT,-2.0,0.28568174225149257,4.402184154201332,2025-07-29,1.0,3.0,0.528741248499039,SF,PIT,False,SF,False
776944,2025,133,ATH,SEA,5.0,-0.6538832249606779,4.402184154201332,2025-07-29,6.0,1.0,0.43445620946508945,SEA,ATH,False,SEA,False
776945,2025,133,LAA,TEX,3.0,-0.6505493057962497,4.402184154201332,2025-07-29,8.0,5.0,0.4347873938212604,TEX,LAA,False,TEX,False
776946,2025,133,STL,MIA,-5.0,0.2777015694134104,4.402184154201332,2025-07-29,0.0,5.0,0.5279397293881527,STL,MIA,False,STL,False
776947,2025,133,SD,NYM,6.0,-0.03946856767076801,4.402184154201332,2025-07-29,7.0,1.0,0.4960258566069296,NYM,SD,False,NYM,False
776949,2025,133,NYY,TB,2.0,0.4097557846368885,4.402184154201332,2025-07-29,7.0,5.0,0.541186110465966,NYY,NYY,True,NYY,True
776950,2025,133,HOU,WSH,3.0,1.1006254066298906,4.402184154201332,2025-07-29,7.0,4.0,0.6094162139021911,HOU,HOU,True,HOU,True
776951,2025,133,CLE,COL,6.0,1.297275271918184,4.402184154201332,2025-07-29,10.0,4.0,0.6283295031437954,CLE,CLE,True,CLE,True
776952,2025,133,CWS,PHI,-3.0,-1.0557650153640896,4.402184154201332,2025-07-29,3.0,6.0,0.3949366863715982,PHI,PHI,True,PHI,True
776953,2025,133,DET,AZ,10.0,-0.26812462850457996,4.402184154201332,2025-07-29,12.0,2.0,0.4730223163281152,AZ,DET,False,AZ,False
776954,2025,133,MIN,BOS,-3.0,-0.11128129097184417,4.402184154201332,2025-07-29,5.0,8.0,0.48879622429537006,BOS,BOS,True,BOS,True
776955,2025,133,KC,ATL,3.0,0.3307866752639432,4.402184154201332,2025-07-29,9.0,6.0,0.5332692520742093,KC,KC,True,KC,True
776956,2025,133,MIL,CHC,6.0,0.6406201145190411,4.402184154201332,2025-07-29,9.0,3.0,0.5642259914716772,MIL,MIL,True,MIL,True
776963,2025,133,CIN,LAD,-1.0,0.1463988160374574,4.402184154201332,2025-07-29,4.0,5.0,0.5147379844555652,CIN,LAD,False,CIN,False
778372,2025,133,BAL,TOR,12.0,-0.549450498294868,4.402184154201332,2025-07-29,16.0,4.0,0.444851003940485,TOR,BAL,False,TOR,False
776962,2025,133,BAL,TOR,1.0,-0.7935589159246978,4.402184154201332,2025-07-29,3.0,2.0,0.4206252336079809,TOR,BAL,False,TOR,False
776929,2025,134,MIL,CHC,-7.0,0.4787798791878947,4.402184154201332,2025-07-30,3.0,10.0,0.5480927098931395,MIL,CHC,False,MIL,False
776930,2025,134,ATH,SEA,1.0,-0.8384644581580387,4.402184154201332,2025-07-30,5.0,4.0,0.41619847674749144,SEA,ATH,False,SEA,False
776931,2025,134,SD,NYM,5.0,0.15569237947593406,4.402184154201332,2025-07-30,5.0,0.0,0.5156731013639972,SD,SD,True,SD,True
776932,2025,134,LAA,TEX,-3.0,-0.9561327473755277,4.402184154201332,2025-07-30,3.0,6.0,0.40465050651120166,TEX,TEX,True,TEX,True
776933,2025,134,SF,PIT,-1.0,0.4339425436677485,4.402184154201332,2025-07-30,1.0,2.0,0.5436077784067742,SF,PIT,False,SF,False
776934,2025,134,STL,MIA,-2.0,0.12660484232632627,4.402184154201332,2025-07-30,0.0,2.0,0.5127460541845315,STL,MIA,False,STL,False
776935,2025,134,MIN,BOS,-12.0,-0.13975756539346623,4.402184154201332,2025-07-30,1.0,13.0,0.48593030710884105,BOS,BOS,True,BOS,True
776936,2025,134,KC,ATL,1.0,0.1892267140066587,4.402184154201332,2025-07-30,1.0,0.0,0.5190465671347153,KC,KC,True,KC,False
776937,2025,134,HOU,WSH,8.0,1.3242796808072057,4.402184154201332,2025-07-30,9.0,1.0,0.6309038400097893,HOU,HOU,True,HOU,True
776938,2025,134,NYY,TB,1.0,-0.0072281212377204584,4.402184154201332,2025-07-30,5.0,4.0,0.49927217907470506,TB,NYY,False,TB,False
776939,2025,134,CWS,PHI,6.0,-0.6672135411738422,4.402184154201332,2025-07-30,9.0,3.0,0.4331324663905855,PHI,CWS,False,PHI,False
776940,2025,134,DET,AZ,5.0,-0.18077269386025957,4.402184154201332,2025-07-30,7.0,2.0,0.48180376598639957,AZ,DET,False,AZ,False
776941,2025,134,CIN,LAD,3.0,-0.2821355306878844,4.402184154201332,2025-07-30,5.0,2.0,0.4716149146137398,LAD,CIN,False,LAD,False
776942,2025,134,CLE,COL,5.0,1.3988598730480521,4.402184154201332,2025-07-30,5.0,0.0,0.6379828349871592,CLE,CLE,True,CLE,True
776948,2025,134,BAL,TOR,-1.0,-0.3030313909269399,4.402184154201332,2025-07-30,8.0,9.0,0.469516579325598,TOR,TOR,True,TOR,False
776923,2025,135,SEA,TEX,6.0,0.038849698494590475,4.402184154201332,2025-07-31,6.0,0.0,0.5039118306328416,SEA,SEA,True,SEA,True
776927,2025,135,NYY,TB,3.0,-0.03818588686327787,4.402184154201332,2025-07-31,7.0,4.0,0.49615500740376195,TB,NYY,False,TB,False
776928,2025,135,CIN,ATL,-1.0,0.5998010933246898,4.402184154201332,2025-07-31,11.0,12.0,0.5601658717264776,CIN,ATL,False,CIN,False
776906,2025,136,SD,STL,3.0,0.5971737851071366,4.402184154201332,2025-08-01,4.0,1.0,0.5599043213349322,SD,SD,True,SD,True
776908,2025,136,SEA,TEX,1.0,0.14534237862128752,4.402184154201332,2025-08-01,4.0,3.0,0.5146316806602338,SEA,SEA,True,SEA,False
776913,2025,136,PHI,DET,1.0,0.4007931885515302,4.402184154201332,2025-08-01,5.0,4.0,0.5402883489960992,PHI,PHI,True,PHI,False
776914,2025,136,ATH,AZ,4.0,-0.5509624760731797,4.402184154201332,2025-08-01,5.0,1.0,0.44470021934622767,AZ,ATH,False,AZ,False
776915,2025,136,CHC,BAL,1.0,0.6800951118619833,4.402184154201332,2025-08-01,1.0,0.0,0.568146002577683,CHC,CHC,True,CHC,False
776916,2025,136,LAA,CWS,-3.0,0.0611991621917201,4.402184154201332,2025-08-01,3.0,6.0,0.5061620831853066,LAA,CWS,False,LAA,False
776917,2025,136,WSH,MIL,-7.0,-1.2697225437866297,4.402184154201332,2025-08-01,9.0,16.0,0.3743030324149606,MIL,MIL,True,MIL,True
776918,2025,136,TB,LAD,-5.0,-0.21966971010050768,4.402184154201332,2025-08-01,0.0,5.0,0.4778921218931436,LAD,LAD,True,LAD,True
776919,2025,136,COL,PIT,1.0,-1.583468843791356,4.402184154201332,2025-08-01,17.0,16.0,0.34470072547329256,PIT,COL,False,PIT,False
776920,2025,136,TOR,KC,-6.0,0.3192416797631591,4.402184154201332,2025-08-01,3.0,9.0,0.5321106570155777,TOR,KC,False,TOR,False
776921,2025,136,CIN,ATL,1.0,0.7160592966716803,4.402184154201332,2025-08-01,3.0,2.0,0.5717115554925192,CIN,CIN,True,CIN,False
776922,2025,136,BOS,HOU,1.0,-0.10193733665660651,4.402184154201332,2025-08-01,2.0,1.0,0.4897367544635913,HOU,BOS,False,HOU,False
776924,2025,136,CLE,MIN,1.0,-0.2286546785706794,4.402184154201332,2025-08-01,3.0,2.0,0.47698884542080605,MIN,CLE,False,MIN,False
776925,2025,136,MIA,NYY,1.0,-0.27171953033552504,4.402184154201332,2025-08-01,13.0,12.0,0.4726611739208949,NYY,MIA,False,NYY,False
776926,2025,136,NYM,SF,-1.0,0.2735686165736802,4.402184154201332,2025-08-01,3.0,4.0,0.5275245758130485,NYM,SF,False,NYM,False
776896,2025,137,SD,STL,-3.0,0.24185891198101184,4.404021941141665,2025-08-02,5.0,8.0,0.5243282424427703,SD,STL,False,SD,False
776897,2025,137,SEA,TEX,-2.0,0.17251151597811654,4.404021941141665,2025-08-02,4.0,6.0,0.5173579757077534,SEA,TEX,False,SEA,False
776898,2025,137,LAA,CWS,-1.0,0.28294416641435755,4.404021941141665,2025-08-02,0.0,1.0,0.5284544438305778,LAA,CWS,False,LAA,False
776899,2025,137,ATH,AZ,-5.0,-0.5943726356190384,4.404021941141665,2025-08-02,2.0,7.0,0.44039925942608676,AZ,AZ,True,AZ,True
776900,2025,137,TOR,KC,2.0,0.24425910617729013,4.404021941141665,2025-08-02,4.0,2.0,0.5245693705773462,TOR,TOR,True,TOR,True
776901,2025,137,TB,LAD,4.0,-1.7392113800487885e-05,4.404021941141665,2025-08-02,4.0,0.0,0.4999982494664011,LAD,TB,False,LAD,False
776902,2025,137,CHC,BAL,-1.0,1.1609715270249323,4.404021941141665,2025-08-02,3.0,4.0,0.6152033382696727,CHC,BAL,False,CHC,False
776903,2025,137,WSH,MIL,-6.0,-1.8755397370450955,4.404021941141665,2025-08-02,2.0,8.0,0.3180393099044323,MIL,MIL,True,MIL,True
776904,2025,137,COL,PIT,3.0,-1.6427112658002214,4.404021941141665,2025-08-02,8.0,5.0,0.339273299152169,PIT,COL,False,PIT,False
776905,2025,137,CLE,MIN,1.0,0.44417095960938174,4.404021941141665,2025-08-02,5.0,4.0,0.5446128567491622,CLE,CLE,True,CLE,False
776909,2025,137,BOS,HOU,4.0,-0.3414865038849847,4.404021941141665,2025-08-02,7.0,3.0,0.4656715165255762,HOU,BOS,False,HOU,False
776910,2025,137,MIA,NYY,2.0,-0.5512115518680163,4.404021941141665,2025-08-02,2.0,0.0,0.4446983189406176,NYY,MIA,False,NYY,False
776911,2025,137,NYM,SF,6.0,0.011365123360413745,4.404021941141665,2025-08-02,12.0,6.0,0.5011439094330158,NYM,NYM,True,NYM,True
776912,2025,137,PHI,DET,-2.0,0.11577278269647748,4.404021941141665,2025-08-02,5.0,7.0,0.5116509893261875,PHI,DET,False,PHI,False
776881,2025,138,ATH,AZ,-2.0,-0.12629295747383362,4.404021941141665,2025-08-03,4.0,6.0,0.48729063845275156,AZ,AZ,True,AZ,True
776883,2025,138,SEA,TEX,1.0,-0.14120680018104897,4.404021941141665,2025-08-03,5.0,4.0,0.4857904005862548,TEX,SEA,False,TEX,False
776884,2025,138,SD,STL,4.0,0.600123696261756,4.404021941141665,2025-08-03,7.0,3.0,0.5601730562171338,SD,SD,True,SD,True
776885,2025,138,LAA,CWS,3.0,0.09696115292651332,4.404021941141665,2025-08-03,8.0,5.0,0.5097582634614238,LAA,LAA,True,LAA,True
776886,2025,138,COL,PIT,-4.0,-1.4815928710899404,4.404021941141665,2025-08-03,5.0,9.0,0.3542773284886638,PIT,PIT,True,PIT,True
776887,2025,138,NYM,SF,-8.0,0.1145649402701559,4.404021941141665,2025-08-03,4.0,12.0,0.5115294700908047,NYM,SF,False,NYM,False
776888,2025,138,CHC,BAL,2.0,0.6059566096710021,4.404021941141665,2025-08-03,5.0,3.0,0.5607533890030086,CHC,CHC,True,CHC,True
776889,2025,138,TB,LAD,-3.0,-0.2488255947831567,4.404021941141665,2025-08-03,0.0,3.0,0.4749718960949843,LAD,LAD,True,LAD,True
776890,2025,138,PHI,DET,2.0,0.5795480889785976,4.404021941141665,2025-08-03,2.0,0.0,0.5581249073872777,PHI,PHI,True,PHI,True
776891,2025,138,MIA,NYY,4.0,-0.05903219808337305,4.404021941141665,2025-08-03,7.0,3.0,0.4940585700429736,NYY,MIA,False,NYY,False
776892,2025,138,CLE,MIN,-1.0,0.7448316680328415,4.404021941141665,2025-08-03,4.0,5.0,0.5745291554176256,CLE,MIN,False,CLE,False
776893,2025,138,TOR,KC,-3.0,0.179256052539416,4.404021941141665,2025-08-03,4.0,7.0,0.5180361519301548,TOR,KC,False,TOR,False
776894,2025,138,WSH,MIL,-11.0,-1.500002018559497,4.404021941141665,2025-08-03,3.0,14.0,0.3525509644341094,MIL,MIL,True,MIL,True
776895,2025,138,BOS,HOU,5.0,-0.20338531307381386,4.404021941141665,2025-08-03,6.0,1.0,0.47953804527729554,HOU,BOS,False,HOU,False
776907,2025,138,CIN,ATL,-2.0,0.3511477945339996,4.404021941141665,2025-08-03,2.0,4.0,0.5352971970275013,CIN,ATL,False,CIN,False
776867,2025,139,LAA,TB,4.0,-0.6833922137849044,4.404021941141665,2025-08-04,5.0,1.0,0.4315551726569387,TB,LAA,False,TB,False
776870,2025,139,LAD,STL,-1.0,0.010686060143028114,4.404021941141665,2025-08-04,2.0,3.0,0.5010755613074832,LAD,STL,False,LAD,False
776871,2025,139,TEX,NYY,3.0,0.108188536399797,4.404021941141665,2025-08-04,8.0,5.0,0.5108879320792827,TEX,TEX,True,TEX,True
776872,2025,139,COL,TOR,-14.0,-1.8683440851218938,4.404021941141665,2025-08-04,1.0,15.0,0.3186871288630303,TOR,TOR,True,TOR,True
776873,2025,139,AZ,SD,4.0,-0.09660910929082471,4.404021941141665,2025-08-04,6.0,2.0,0.49027715951941453,SD,AZ,False,SD,False
776874,2025,139,DET,MIN,3.0,0.5838054046205008,4.404021941141665,2025-08-04,6.0,3.0,0.5585488209136388,DET,DET,True,DET,True
776875,2025,139,MIA,HOU,-6.0,-0.17642456091379705,4.404021941141665,2025-08-04,2.0,8.0,0.48224855379758114,HOU,HOU,True,HOU,True
776876,2025,139,NYM,CLE,-1.0,0.2799151861367721,4.404021941141665,2025-08-04,6.0,7.0,0.5281503414782368,NYM,CLE,False,NYM,False
776877,2025,139,PHI,BAL,10.0,0.5813999354262602,4.404021941141665,2025-08-04,13.0,3.0,0.5583093094323157,PHI,PHI,True,PHI,True
776878,2025,139,CHC,CIN,-1.0,0.11037754693607907,4.404021941141665,2025-08-04,2.0,3.0,0.5111081744412095,CHC,CIN,False,CHC,False
776879,2025,139,PIT,SF,1.0,-0.4007900682994912,4.404021941141665,2025-08-04,5.0,4.0,0.4597287184478446,SF,PIT,False,SF,False
776880,2025,139,BOS,KC,3.0,0.44410889221184996,4.404021941141665,2025-08-04,8.0,5.0,0.5446066487008189,BOS,BOS,True,BOS,True
776882,2025,139,ATL,MIL,-2.0,-1.461569099163576,4.404021941141665,2025-08-04,1.0,3.0,0.3561585128991007,MIL,MIL,True,MIL,True
776848,2025,140,LAA,TB,-4.0,-0.6064173818420115,4.404021941141665,2025-08-05,3.0,7.0,0.43920077303915767,TB,TB,True,TB,True
776852,2025,140,AZ,SD,-5.0,-0.26175687223051086,4.404021941141665,2025-08-05,5.0,10.0,0.47367304761086276,SD,SD,True,SD,True
776854,2025,140,COL,TOR,-6.0,-1.785722163671946,4.404021941141665,2025-08-05,4.0,10.0,0.3261648404520293,TOR,TOR,True,TOR,True
776855,2025,140,TEX,NYY,2.0,0.4121883738953625,4.404021941141665,2025-08-05,2.0,0.0,0.5414125146970565,TEX,TEX,True,TEX,True
776857,2025,140,SEA,CWS,5.0,0.9464065762991696,4.404021941141665,2025-08-05,8.0,3.0,0.5943593134297538,SEA,SEA,True,SEA,True
776858,2025,140,LAD,STL,6.0,0.49863828709959185,4.404021941141665,2025-08-05,12.0,6.0,0.5500563692814829,LAD,LAD,True,LAD,True
776860,2025,140,CHC,CIN,-4.0,0.3582605894060648,4.404021941141665,2025-08-05,1.0,5.0,0.5360102458960192,CHC,CIN,False,CHC,False
776861,2025,140,DET,MIN,-3.0,0.6668177842444473,4.404021941141665,2025-08-05,3.0,6.0,0.5668006193141727,DET,MIN,False,DET,False
776862,2025,140,MIA,HOU,-4.0,-0.1824188168038829,4.404021941141665,2025-08-05,3.0,7.0,0.481645843848481,HOU,HOU,True,HOU,True
776863,2025,140,NYM,CLE,-1.0,0.06621319066514958,4.404021941141665,2025-08-05,2.0,3.0,0.5066641137192402,NYM,CLE,False,NYM,False
776864,2025,140,BOS,KC,4.0,0.6089888284164615,4.404021941141665,2025-08-05,6.0,2.0,0.5610550213888664,BOS,BOS,True,BOS,True
776865,2025,140,WSH,ATH,-9.0,-0.5427554188700024,4.404021941141665,2025-08-05,7.0,16.0,0.44554137100190694,ATH,ATH,True,ATH,True
776866,2025,140,PIT,SF,-7.0,-0.24877419284714475,4.404021941141665,2025-08-05,1.0,8.0,0.47497705956856345,SF,SF,True,SF,True
776868,2025,140,PHI,BAL,5.0,0.12391791546578884,4.404021941141665,2025-08-05,5.0,0.0,0.5124704302514319,PHI,PHI,True,PHI,True
776869,2025,140,ATL,MIL,-5.0,-1.0067981115112101,4.404021941141665,2025-08-05,2.0,7.0,0.39974400791957415,MIL,MIL,True,MIL,True
776836,2025,141,COL,TOR,-19.0,-1.942468732673017,4.404021941141665,2025-08-06,1.0,20.0,0.3120406116786167,TOR,TOR,True,TOR,True
776838,2025,141,AZ,SD,-1.0,-0.19908808330483913,4.404021941141665,2025-08-06,2.0,3.0,0.47997000862562367,SD,SD,True,SD,False
776839,2025,141,LAD,STL,-2.0,0.8800395515885278,4.404021941141665,2025-08-06,3.0,5.0,0.587854446453736,LAD,STL,False,LAD,False
776841,2025,141,SEA,CWS,2.0,1.1287409504547203,4.404021941141665,2025-08-06,8.0,6.0,0.6120918465799388,SEA,SEA,True,SEA,True
776843,2025,141,LAA,TB,-1.0,-0.7429944852192731,4.404021941141665,2025-08-06,4.0,5.0,0.4256525305035837,TB,TB,True,TB,False
776844,2025,141,PIT,SF,-2.0,-0.17548584132331208,4.404021941141665,2025-08-06,2.0,4.0,0.48234294380733866,SF,SF,True,SF,True
776845,2025,141,TEX,NYY,-1.0,0.18114593927046807,4.404021941141665,2025-08-06,2.0,3.0,0.5182261744273836,TEX,NYY,False,TEX,False
776846,2025,141,NYM,CLE,-3.0,0.2504621804646686,4.404021941141665,2025-08-06,1.0,4.0,0.5251925014818685,NYM,CLE,False,NYM,False
776847,2025,141,CHC,CIN,5.0,0.4115703798471374,4.404021941141665,2025-08-06,6.0,1.0,0.5413506479118312,CHC,CHC,True,CHC,True
776849,2025,141,MIA,HOU,2.0,0.026703435860505234,4.404021941141665,2025-08-06,6.0,4.0,0.5026877071182687,MIA,MIA,True,MIA,True
776850,2025,141,WSH,ATH,1.0,-0.5029370030669914,4.404021941141665,2025-08-06,2.0,1.0,0.44951440037003504,ATH,WSH,False,ATH,False
776851,2025,141,PHI,BAL,-4.0,0.6101509544080382,4.404021941141665,2025-08-06,1.0,5.0,0.5611706154137835,PHI,BAL,False,PHI,False
776853,2025,141,ATL,MIL,-1.0,-0.7877948043877346,4.404021941141665,2025-08-06,4.0,5.0,0.4212266503776279,MIL,MIL,True,MIL,False
776856,2025,141,BOS,KC,-4.0,0.08895401917445424,4.404021941141665,2025-08-06,3.0,7.0,0.5089525592117263,BOS,KC,False,BOS,False
776859,2025,141,DET,MIN,-5.0,0.8303840751435239,4.404021941141665,2025-08-06,4.0,9.0,0.582971597320795,DET,MIN,False,DET,False
776830,2025,142,SEA,CWS,1.0,1.1683161692431567,4.404021941141665,2025-08-07,4.0,3.0,0.6159113502360232,SEA,SEA,True,SEA,False
776837,2025,142,WSH,ATH,-6.0,-0.3551593132931146,4.404021941141665,2025-08-07,0.0,6.0,0.46430063910453534,ATH,ATH,True,ATH,True
776840,2025,142,PIT,CIN,7.0,0.08492932182886619,4.404021941141665,2025-08-07,7.0,0.0,0.5085475668683597,PIT,PIT,True,PIT,True
776842,2025,142,ATL,MIA,2.0,-0.020040830173284993,4.404021941141665,2025-08-07,8.0,6.0,0.4979828790512688,MIA,ATL,False,MIA,False
776820,2025,143,SD,BOS,-8.0,0.5446726377459361,4.404021941141665,2025-08-08,2.0,10.0,0.5546497919162412,SD,BOS,False,SD,False
776821,2025,143,TEX,PHI,-8.0,-0.39175495485073386,4.404021941141665,2025-08-08,1.0,9.0,0.4606335778578339,PHI,PHI,True,PHI,True
776822,2025,143,SF,WSH,5.0,1.158445916396614,4.404021941141665,2025-08-08,5.0,0.0,0.6149597844464665,SF,SF,True,SF,True
776823,2025,143,LAD,TOR,4.0,0.16493555724078285,4.404021941141665,2025-08-08,5.0,1.0,0.516596138573119,LAD,LAD,True,LAD,True
776824,2025,143,SEA,TB,1.0,-0.23362583375361762,4.404021941141665,2025-08-08,3.0,2.0,0.47649893562006973,TB,SEA,False,TB,False
776825,2025,143,AZ,COL,5.0,2.025146633604334,4.404021941141665,2025-08-08,6.0,1.0,0.6953012349475547,AZ,AZ,True,AZ,True
776826,2025,143,STL,CHC,5.0,-0.8835648497574793,4.404021941141665,2025-08-08,5.0,0.0,0.4117994019854274,CHC,STL,False,CHC,False
776827,2025,143,MIN,KC,5.0,0.10408695468795301,4.404021941141665,2025-08-08,9.0,4.0,0.5104752517928176,MIN,MIN,True,MIN,True
776828,2025,143,MIL,NYM,1.0,1.4076359420894236,4.404021941141665,2025-08-08,3.0,2.0,0.6387572685957816,MIL,MIL,True,MIL,False
776829,2025,143,PIT,CIN,1.0,0.01811953274693255,4.404021941141665,2025-08-08,3.0,2.0,0.5018237426891625,PIT,PIT,True,PIT,False
776831,2025,143,BAL,ATH,1.0,0.26247500246856614,4.404021941141665,2025-08-08,3.0,2.0,0.5263990750364651,BAL,BAL,True,BAL,False
776832,2025,143,DET,LAA,1.0,0.9438392839561431,4.404021941141665,2025-08-08,6.0,5.0,0.5941081555472071,DET,DET,True,DET,False
776833,2025,143,CWS,CLE,-4.0,-0.6283716671330892,4.404021941141665,2025-08-08,5.0,9.0,0.43701770015135044,CLE,CLE,True,CLE,True
776834,2025,143,ATL,MIA,-4.0,-0.21484286629341764,4.404021941141665,2025-08-08,1.0,5.0,0.4783864353568315,MIA,MIA,True,MIA,True
776835,2025,143,NYY,HOU,-2.0,0.007182595525168145,4.404021941141665,2025-08-08,3.0,5.0,0.500722935007047,NYY,HOU,False,NYY,False
776802,2025,144,SF,WSH,-2.0,1.1384099628063633,4.40469713448535,2025-08-09,2.0,4.0,0.6130091899936458,SF,WSH,False,SF,False
776805,2025,144,SEA,TB,3.0,0.15878002031834942,4.40469713448535,2025-08-09,7.0,4.0,0.5159746462599358,SEA,SEA,True,SEA,True
776807,2025,144,SD,BOS,1.0,0.041687585884851726,4.40469713448535,2025-08-09,5.0,4.0,0.504195176586481,SD,SD,True,SD,False
776808,2025,144,LAD,TOR,8.0,0.34880992037545105,4.40469713448535,2025-08-09,9.0,1.0,0.5350574422760244,LAD,LAD,True,LAD,True
776809,2025,144,AZ,COL,1.0,1.9254121895271696,4.40469713448535,2025-08-09,6.0,5.0,0.6864088893075219,AZ,AZ,True,AZ,False
776810,2025,144,TEX,PHI,-1.0,-0.21314820918538124,4.40469713448535,2025-08-09,2.0,3.0,0.4785600397231163,PHI,PHI,True,PHI,False
776811,2025,144,BAL,ATH,-8.0,0.031453607701328316,4.40469713448535,2025-08-09,3.0,11.0,0.5031653184825132,BAL,ATH,False,BAL,False
776812,2025,144,PIT,CIN,-1.0,-0.09190993169044694,4.40469713448535,2025-08-09,1.0,2.0,0.49075142035029196,CIN,CIN,True,CIN,False
776813,2025,144,DET,LAA,-3.0,0.5066111905915222,4.40469713448535,2025-08-09,4.0,7.0,0.5508446707087888,DET,LAA,False,DET,False
776814,2025,144,CWS,CLE,-2.0,-0.550415941255418,4.40469713448535,2025-08-09,1.0,3.0,0.444786039166236,CLE,CLE,True,CLE,True
776815,2025,144,NYY,HOU,1.0,-0.5508166763462733,4.40469713448535,2025-08-09,5.0,4.0,0.4447460981015804,HOU,NYY,False,HOU,False
776816,2025,144,MIN,KC,-2.0,-0.07873585514430607,4.40469713448535,2025-08-09,0.0,2.0,0.4920768933766632,KC,KC,True,KC,True
776817,2025,144,MIL,NYM,3.0,0.9910545935938503,4.40469713448535,2025-08-09,7.0,4.0,0.5987061050815675,MIL,MIL,True,MIL,True
776818,2025,144,STL,CHC,-8.0,-0.5890105228351185,4.40469713448535,2025-08-09,1.0,9.0,0.4409419691241233,CHC,CHC,True,CHC,True
778431,2025,144,ATL,MIA,6.0,0.1254681103983455,4.40469713448535,2025-08-09,7.0,1.0,0.5126244468811595,ATL,ATL,True,ATL,True
776819,2025,144,ATL,MIA,2.0,-0.28574660389202405,4.40469713448535,2025-08-09,8.0,6.0,0.471268610208232,MIA,ATL,False,MIA,False
776788,2025,145,LAD,TOR,-1.0,-0.17056674402152944,4.40469713448535,2025-08-10,4.0,5.0,0.4828402134905951,TOR,TOR,True,TOR,False
776789,2025,145,SD,BOS,4.0,0.004627338948569953,4.40469713448535,2025-08-10,6.0,2.0,0.5004656747802416,SD,SD,True,SD,True
776791,2025,145,SEA,TB,3.0,0.2865865794516578,4.40469713448535,2025-08-10,6.0,3.0,0.5288157012498644,SEA,SEA,True,SEA,True
776793,2025,145,SF,WSH,-8.0,1.4976921856412213,4.40469713448535,2025-08-10,0.0,8.0,0.6472110752491596,SF,WSH,False,SF,False
776794,2025,145,AZ,COL,7.0,2.176007093262853,4.40469713448535,2025-08-10,13.0,6.0,0.7084666537914805,AZ,AZ,True,AZ,True
776795,2025,145,STL,CHC,1.0,-0.5153541104556102,4.40469713448535,2025-08-10,3.0,2.0,0.44828275973353415,CHC,STL,False,CHC,False
776796,2025,145,MIN,KC,2.0,-0.5050702103787303,4.40469713448535,2025-08-10,5.0,3.0,0.44930914934216915,KC,MIN,False,KC,False
776797,2025,145,NYY,HOU,-6.0,0.07822835976019159,4.40469713448535,2025-08-10,1.0,7.0,0.5078720445445739,NYY,HOU,False,NYY,False
776798,2025,145,CWS,CLE,2.0,-0.5475081487253521,4.40469713448535,2025-08-10,6.0,4.0,0.4450758741502406,CLE,CWS,False,CLE,False
776799,2025,145,MIL,NYM,1.0,0.9118971637242465,4.40469713448535,2025-08-10,7.0,6.0,0.5909663521527352,MIL,MIL,True,MIL,False
776800,2025,145,TEX,PHI,-2.0,-0.3307115167636718,4.40469713448535,2025-08-10,2.0,4.0,0.4667572221076789,PHI,PHI,True,PHI,True
776801,2025,145,PIT,CIN,-6.0,-0.2659052022210367,4.40469713448535,2025-08-10,8.0,14.0,0.47326053138802593,CIN,CIN,True,CIN,True
776803,2025,145,ATL,MIA,6.0,0.3659615329860919,4.40469713448535,2025-08-10,7.0,1.0,0.5367765031751368,ATL,ATL,True,ATL,True
776804,2025,145,BAL,ATH,-1.0,-0.2410109827198461,4.40469713448535,2025-08-10,2.0,3.0,0.47576065592585726,ATH,ATH,True,ATH,False
776806,2025,145,DET,LAA,4.0,0.9800199226311341,4.40469713448535,2025-08-10,9.0,5.0,0.5976294172376575,DET,DET,True,DET,True
776779,2025,146,LAA,LAD,3.0,-0.9576235864133558,4.40469713448535,2025-08-11,7.0,4.0,0.40455813477843683,LAD,LAA,False,LAD,False
776780,2025,146,SF,SD,-3.0,-0.10942717136056108,4.40469713448535,2025-08-11,1.0,4.0,0.48898913272252686,SD,SD,True,SD,True
776781,2025,146,CWS,DET,-1.0,-0.6130767700230317,4.40469713448535,2025-08-11,1.0,2.0,0.4385477300316036,DET,DET,True,DET,False
776782,2025,146,HOU,BOS,1.0,-0.8444463785317737,4.40469713448535,2025-08-11,7.0,6.0,0.4156569944925188,BOS,HOU,False,BOS,False
776783,2025,146,STL,COL,1.0,1.9103388006441744,4.40469713448535,2025-08-11,3.0,2.0,0.6850595004033936,STL,STL,True,STL,False
776784,2025,146,KC,WSH,3.0,0.9363749547018191,4.40469713448535,2025-08-11,7.0,4.0,0.5933636519016214,KC,KC,True,KC,True
776785,2025,146,TEX,AZ,1.0,0.46789681891613816,4.40469713448535,2025-08-11,7.0,6.0,0.5469779619725459,TEX,TEX,True,TEX,False
776786,2025,146,MIL,PIT,6.0,1.3926409549846628,4.40469713448535,2025-08-11,7.0,1.0,0.6373190963772215,MIL,MIL,True,MIL,True
776787,2025,146,ATH,TB,-3.0,-0.3626132453755727,4.40469713448535,2025-08-11,4.0,7.0,0.4635590339347869,TB,TB,True,TB,True
776790,2025,146,NYY,MIN,4.0,0.2178134649518118,4.40469713448535,2025-08-11,6.0,2.0,0.5219087578475441,NYY,NYY,True,NYY,True
776792,2025,146,CIN,PHI,-3.0,-0.11930287344369615,4.40469713448535,2025-08-11,1.0,4.0,0.4879956995784458,PHI,PHI,True,PHI,True
776762,2025,147,ATH,TB,6.0,-0.46292556135109164,4.40469713448535,2025-08-12,6.0,0.0,0.45351888736257717,TB,ATH,False,TB,False
776763,2025,147,LAA,LAD,1.0,-0.8758359297731199,4.40469713448535,2025-08-12,7.0,6.0,0.41257158671015537,LAD,LAA,False,LAD,False
776764,2025,147,TEX,AZ,-1.0,0.32306114529957325,4.40469713448535,2025-08-12,2.0,3.0,0.5324754915465821,TEX,AZ,False,TEX,False
776767,2025,147,SF,SD,-4.0,0.07285977855625131,4.40469713448535,2025-08-12,1.0,5.0,0.5073318724541523,SF,SD,False,SF,False
776768,2025,147,TOR,CHC,4.0,-0.19066160682577943,4.40469713448535,2025-08-12,5.0,1.0,0.4808200555232674,CHC,TOR,False,CHC,False
776769,2025,147,HOU,BOS,-13.0,-0.191519780010165,4.40469713448535,2025-08-12,1.0,14.0,0.4807337930552156,BOS,BOS,True,BOS,True
776770,2025,147,KC,WSH,3.0,1.2482028865136274,4.40469713448535,2025-08-12,8.0,5.0,0.6235685363567998,KC,KC,True,KC,True
776771,2025,147,MIL,PIT,14.0,1.0178583112095863,4.40469713448535,2025-08-12,14.0,0.0,0.6013182940315999,MIL,MIL,True,MIL,True
776772,2025,147,NYM,ATL,8.0,0.010878368387456226,4.40469713448535,2025-08-12,13.0,5.0,0.501094749413674,NYM,NYM,True,NYM,True
776773,2025,147,CWS,DET,3.0,-0.5115746250027579,4.40469713448535,2025-08-12,9.0,6.0,0.4486599332387466,DET,CWS,False,DET,False
776774,2025,147,NYY,MIN,8.0,0.27938475268477714,4.40469713448535,2025-08-12,9.0,1.0,0.5280927856801396,NYY,NYY,True,NYY,True
776775,2025,147,STL,COL,-3.0,1.6321863697503747,4.40469713448535,2025-08-12,0.0,3.0,0.6597308721834061,STL,COL,False,STL,False
776776,2025,147,BAL,SEA,-1.0,-0.8778956288945824,4.40469713448535,2025-08-12,0.0,1.0,0.4123693169741889,SEA,SEA,True,SEA,False
776777,2025,147,CIN,PHI,5.0,-0.6685762961976958,4.40469713448535,2025-08-12,6.0,1.0,0.43303504792653774,PHI,CIN,False,PHI,False
776778,2025,147,CLE,MIA,1.0,0.07976268230385286,4.40469713448535,2025-08-12,4.0,3.0,0.5080264213114423,CLE,CLE,True,CLE,False
776746,2025,148,TEX,AZ,-2.0,0.23770103295472494,4.40469713448535,2025-08-13,4.0,6.0,0.5239068520300146,TEX,AZ,False,TEX,False
776749,2025,148,SF,SD,-10.0,-0.49217792938370897,4.40469713448535,2025-08-13,1.0,11.0,0.4505963481490327,SD,SD,True,SD,True
776751,2025,148,ATH,TB,-6.0,-0.8469828028678711,4.40469713448535,2025-08-13,2.0,8.0,0.41540748303167013,TB,TB,True,TB,True
776752,2025,148,LAA,LAD,1.0,-0.858833792599642,4.40469713448535,2025-08-13,6.0,5.0,0.4142421388352362,LAD,LAA,False,LAD,False
776753,2025,148,HOU,BOS,3.0,0.11838126274505281,4.40469713448535,2025-08-13,4.0,1.0,0.5119115952723563,HOU,HOU,True,HOU,True
776754,2025,148,CWS,DET,-1.0,-0.5778868541370752,4.40469713448535,2025-08-13,0.0,1.0,0.44204934658336037,DET,DET,True,DET,False
776755,2025,148,MIL,PIT,7.0,1.9376038338180785,4.40469713448535,2025-08-13,12.0,5.0,0.6874984802211717,MIL,MIL,True,MIL,True
776756,2025,148,NYM,ATL,-5.0,0.33036268693520177,4.40469713448535,2025-08-13,6.0,11.0,0.5332077950200711,NYM,ATL,False,NYM,False
776757,2025,148,TOR,CHC,-3.0,-0.19846318535101504,4.40469713448535,2025-08-13,1.0,4.0,0.4800358843837238,CHC,CHC,True,CHC,True
776758,2025,148,STL,COL,-1.0,2.0385809529241854,4.40469713448535,2025-08-13,5.0,6.0,0.696459365062337,STL,COL,False,STL,False
776759,2025,148,KC,WSH,-1.0,1.2580556669621998,4.40469713448535,2025-08-13,7.0,8.0,0.6245117536348549,KC,WSH,False,KC,False
776760,2025,148,NYY,MIN,-3.0,0.2632545313125214,4.40469713448535,2025-08-13,1.0,4.0,0.5264733103013152,NYY,MIN,False,NYY,False
776761,2025,148,BAL,SEA,1.0,-0.7936233910199028,4.40469713448535,2025-08-13,4.0,3.0,0.42066355712151726,SEA,BAL,False,SEA,False
776765,2025,148,CIN,PHI,8.0,-0.6644701267432135,4.40469713448535,2025-08-13,8.0,0.0,0.4334424748983629,PHI,CIN,False,PHI,False
776766,2025,148,CLE,MIA,-9.0,0.18224945816362625,4.40469713448535,2025-08-13,4.0,13.0,0.5183343191549611,CLE,MIA,False,CLE,False
776742,2025,149,COL,AZ,-6.0,-1.9100385783654574,4.40469713448535,2025-08-14,2.0,8.0,0.31496740106234755,AZ,AZ,True,AZ,True
776743,2025,149,WSH,PHI,1.0,-1.5126894938756297,4.40469713448535,2025-08-14,3.0,2.0,0.351384627248879,PHI,WSH,False,PHI,False
776744,2025,149,MIN,DET,-1.0,-0.5765963953391499,4.40469713448535,2025-08-14,3.0,4.0,0.4421778431322203,DET,DET,True,DET,False
776745,2025,149,CLE,MIA,5.0,0.1524316295049752,4.40469713448535,2025-08-14,9.0,4.0,0.5153362643948106,CLE,CLE,True,CLE,True
776747,2025,149,TOR,CHC,1.0,-0.4770292676344333,4.40469713448535,2025-08-14,2.0,1.0,0.4521094931394781,CHC,TOR,False,CHC,False
776748,2025,149,NYM,ATL,-1.0,0.2418735094516256,4.40469713448535,2025-08-14,3.0,4.0,0.5243259840995294,NYM,ATL,False,NYM,False
776750,2025,149,BAL,SEA,2.0,-0.8013515686632529,4.40469713448535,2025-08-14,5.0,3.0,0.4199014067979689,SEA,BAL,False,SEA,False
776727,2025,150,LAD,SD,1.0,0.16043969099850616,4.40469713448535,2025-08-15,3.0,2.0,0.5161415328388222,LAD,LAD,True,LAD,False
776728,2025,150,KC,CWS,2.0,0.8379327005068989,4.40469713448535,2025-08-15,3.0,1.0,0.5837020906924582,KC,KC,True,KC,True
776729,2025,150,SF,TB,-1.0,0.06185805013794285,4.40469713448535,2025-08-15,6.0,7.0,0.5062248674322524,SF,TB,False,SF,False
776730,2025,150,COL,AZ,1.0,-2.034217573223811,4.40469713448535,2025-08-15,4.0,3.0,0.3039254688912827,AZ,COL,False,AZ,False
776731,2025,150,STL,NYY,-1.0,-0.515411976060423,4.40469713448535,2025-08-15,3.0,4.0,0.448276985401724,NYY,NYY,True,NYY,False
776732,2025,150,MIN,DET,-7.0,-0.2687176654993926,4.40469713448535,2025-08-15,0.0,7.0,0.47297814028902324,DET,DET,True,DET,True
776733,2025,150,HOU,BAL,-7.0,0.9504062544699003,4.40469713448535,2025-08-15,0.0,7.0,0.5947362759262551,HOU,BAL,False,HOU,False
776734,2025,150,ATH,LAA,7.0,0.1743402214872169,4.40469713448535,2025-08-15,10.0,3.0,0.5175391733880571,ATH,ATH,True,ATH,True
776735,2025,150,TOR,TEX,1.0,-0.31512348591459666,4.40469713448535,2025-08-15,6.0,5.0,0.4683207355805904,TEX,TOR,False,TEX,False
776736,2025,150,NYM,SEA,-2.0,-0.29080166258879575,4.40469713448535,2025-08-15,9.0,11.0,0.47076123482064847,SEA,SEA,True,SEA,True
776737,2025,150,CHC,PIT,-1.0,1.0085544841162983,4.40469713448535,2025-08-15,2.0,3.0,0.6004120859702538,CHC,PIT,False,CHC,False
776738,2025,150,CLE,ATL,-2.0,-0.01713628363645915,4.40469713448535,2025-08-15,0.0,2.0,0.4982754857240193,ATL,ATL,True,ATL,True
776739,2025,150,WSH,PHI,-4.0,-1.6974281160935616,4.40469713448535,2025-08-15,2.0,6.0,0.3342577224581174,PHI,PHI,True,PHI,True
776740,2025,150,CIN,MIL,-2.0,-0.9582948510869698,4.40469713448535,2025-08-15,8.0,10.0,0.4044925255475718,MIL,MIL,True,MIL,True
776741,2025,150,BOS,MIA,1.0,0.5097322147462034,4.40469713448535,2025-08-15,2.0,1.0,0.5511561867030885,BOS,BOS,True,BOS,False
776711,2025,151,SF,TB,-1.0,-0.2971975418217008,4.4049275699334896,2025-08-16,1.0,2.0,0.47012090983999283,TB,TB,True,TB,False
776712,2025,151,KC,CWS,4.0,0.8106648730657607,4.4049275699334896,2025-08-16,6.0,2.0,0.5810124894688898,KC,KC,True,KC,True
776713,2025,151,STL,NYY,-4.0,-0.334694735568073,4.4049275699334896,2025-08-16,8.0,12.0,0.46635953363621685,NYY,NYY,True,NYY,True
776715,2025,151,COL,AZ,3.0,-2.0860110573975748,4.4049275699334896,2025-08-16,10.0,7.0,0.29938115834640333,AZ,COL,False,AZ,False
776716,2025,151,MIN,DET,-3.0,-0.0696011949116589,4.4049275699334896,2025-08-16,5.0,8.0,0.49299637038409966,DET,DET,True,DET,True
776717,2025,151,LAD,SD,6.0,0.11495351618787106,4.4049275699334896,2025-08-16,6.0,0.0,0.5115661864886083,LAD,LAD,True,LAD,True
776718,2025,151,ATH,LAA,5.0,0.594123901973574,4.4049275699334896,2025-08-16,7.0,2.0,0.5595638280150925,ATH,ATH,True,ATH,True
776719,2025,151,CHC,PIT,2.0,1.5198986737030533,4.4049275699334896,2025-08-16,3.0,1.0,0.6492822616100054,CHC,CHC,True,CHC,True
776720,2025,151,CLE,ATL,-9.0,-0.007005059467153782,4.4049275699334896,2025-08-16,1.0,10.0,0.4992950791031227,ATL,ATL,True,ATL,True
776721,2025,151,CIN,MIL,-1.0,-0.7186538313244782,4.4049275699334896,2025-08-16,5.0,6.0,0.4280757738775656,MIL,MIL,True,MIL,False
776722,2025,151,HOU,BAL,1.0,0.4858275910681711,4.4049275699334896,2025-08-16,5.0,4.0,0.5487668871278255,HOU,HOU,True,HOU,False
776723,2025,151,TOR,TEX,12.0,0.3571162535403855,4.4049275699334896,2025-08-16,14.0,2.0,0.5358881754086393,TOR,TOR,True,TOR,True
776724,2025,151,BOS,MIA,2.0,0.7165441933269868,4.4049275699334896,2025-08-16,7.0,5.0,0.5717153821054299,BOS,BOS,True,BOS,True
776725,2025,151,WSH,PHI,2.0,-1.1358100708210406,4.4049275699334896,2025-08-16,2.0,0.0,0.3872476453244744,PHI,WSH,False,PHI,False
776726,2025,151,NYM,SEA,2.0,-0.5223786182491371,4.4049275699334896,2025-08-16,3.0,1.0,0.44758460018889573,SEA,NYM,False,SEA,False
776697,2025,152,LAD,SD,1.0,-0.10986471562033372,4.4049275699334896,2025-08-17,5.0,4.0,0.48894569521391207,SD,LAD,False,SD,False
776698,2025,152,STL,NYY,-4.0,-0.529352797922153,4.4049275699334896,2025-08-17,4.0,8.0,0.44688893355412923,NYY,NYY,True,NYY,True
776699,2025,152,ATH,LAA,-6.0,0.3744750081473598,4.4049275699334896,2025-08-17,5.0,11.0,0.5376275707176741,ATH,LAA,False,ATH,False
776700,2025,152,MIN,DET,7.0,-0.36467647152206323,4.4049275699334896,2025-08-17,8.0,1.0,0.4633541835076268,DET,MIN,False,DET,False
776701,2025,152,COL,AZ,1.0,-2.3838565460123675,4.4049275699334896,2025-08-17,6.0,5.0,0.27381657629651207,AZ,COL,False,AZ,False
776702,2025,152,KC,CWS,4.0,1.0747595617871877,4.4049275699334896,2025-08-17,6.0,2.0,0.6068430637589993,KC,KC,True,KC,True
776703,2025,152,SF,TB,6.0,-0.0696634389554832,4.4049275699334896,2025-08-17,7.0,1.0,0.492990107713148,TB,SF,False,TB,False
776704,2025,152,CHC,PIT,1.0,1.1628223033241296,4.4049275699334896,2025-08-17,4.0,3.0,0.6153587372358894,CHC,CHC,True,CHC,False
776705,2025,152,HOU,BAL,-12.0,0.0024014953337515854,4.4049275699334896,2025-08-17,0.0,12.0,0.5002416631907026,HOU,BAL,False,HOU,False
776706,2025,152,CLE,ATL,-1.0,0.3023298859717515,4.4049275699334896,2025-08-17,4.0,5.0,0.5303940851639063,CLE,ATL,False,CLE,False
776707,2025,152,NYM,SEA,4.0,-0.7200024659916153,4.4049275699334896,2025-08-17,7.0,3.0,0.42794227608255925,SEA,NYM,False,SEA,False
776708,2025,152,WSH,PHI,-2.0,-1.203794744332474,4.4049275699334896,2025-08-17,9.0,11.0,0.38069784293357356,PHI,PHI,True,PHI,True
776709,2025,152,CIN,MIL,1.0,-0.5835553385311472,4.4049275699334896,2025-08-17,3.0,2.0,0.44148802259459224,MIL,CIN,False,MIL,False
776710,2025,152,TOR,TEX,-6.0,0.1471072229061981,4.4049275699334896,2025-08-17,4.0,10.0,0.5148000480951742,TOR,TEX,False,TOR,False
776714,2025,152,BOS,MIA,-2.0,0.8531461283908462,4.4049275699334896,2025-08-17,3.0,5.0,0.5851942806083572,BOS,MIA,False,BOS,False
776681,2025,153,LAA,CIN,-3.0,-0.6510859637804096,4.4049275699334896,2025-08-18,1.0,4.0,0.434774364033445,CIN,CIN,True,CIN,True
776682,2025,153,AZ,CLE,-2.0,0.28528509037777033,4.4049275699334896,2025-08-18,1.0,3.0,0.5286835674062003,AZ,CLE,False,AZ,False
776683,2025,153,SD,SF,-1.0,0.5106185118222312,4.4049275699334896,2025-08-18,3.0,4.0,0.5512419781654004,SD,SF,False,SD,False
776688,2025,153,MIA,STL,-5.0,0.09098685414596339,4.4049275699334896,2025-08-18,3.0,8.0,0.5091552310505182,MIA,STL,False,MIA,False
776689,2025,153,PHI,SEA,5.0,0.041811974358307476,4.4049275699334896,2025-08-18,12.0,7.0,0.5042074736876596,PHI,PHI,True,PHI,True
776690,2025,153,KC,TEX,1.0,0.24636932178893067,4.4049275699334896,2025-08-18,4.0,3.0,0.52477627111966,KC,KC,True,KC,False
776692,2025,153,DET,HOU,10.0,0.14823083141380383,4.4049275699334896,2025-08-18,10.0,0.0,0.5149130387490481,DET,DET,True,DET,True
776693,2025,153,COL,LAD,1.0,-2.091243752294556,4.4049275699334896,2025-08-18,4.0,3.0,0.2989228239620235,LAD,COL,False,LAD,False
776694,2025,153,PIT,TOR,3.0,-0.8447853686690365,4.4049275699334896,2025-08-18,5.0,2.0,0.4156279931887479,TOR,PIT,False,TOR,False
776695,2025,153,BOS,BAL,-3.0,0.441956098766663,4.4049275699334896,2025-08-18,3.0,6.0,0.5443822283772459,BOS,BAL,False,BOS,False
776696,2025,153,ATL,CWS,-4.0,0.5678414127999928,4.4049275699334896,2025-08-18,9.0,13.0,0.5569472665868143,ATL,CWS,False,ATL,False
777459,2025,153,CHC,MIL,-7.0,-0.07479411167672186,4.4049275699334896,2025-08-18,0.0,7.0,0.4924738922765819,MIL,MIL,True,MIL,True
776667,2025,154,SD,SF,4.0,0.9014483486373928,4.4049275699334896,2025-08-19,5.0,1.0,0.5899373513538653,SD,SD,True,SD,True
776668,2025,154,LAA,CIN,-2.0,-0.8174751377191661,4.4049275699334896,2025-08-19,4.0,6.0,0.41831648889578643,CIN,CIN,True,CIN,True
776671,2025,154,COL,LAD,-7.0,-2.2470211525686437,4.4049275699334896,2025-08-19,4.0,11.0,0.285426792044453,LAD,LAD,True,LAD,True
776672,2025,154,AZ,CLE,1.0,-0.007493624249735598,4.4049275699334896,2025-08-19,6.0,5.0,0.49924591476275737,CLE,AZ,False,CLE,False
776674,2025,154,MIN,ATH,-3.0,0.18361371781259503,4.4049275699334896,2025-08-19,3.0,6.0,0.5184705004915516,MIN,ATH,False,MIN,False
776675,2025,154,KC,TEX,3.0,-0.22535138224426138,4.4049275699334896,2025-08-19,5.0,2.0,0.47733502823099944,TEX,KC,False,TEX,False
776677,2025,154,TB,NYY,-10.0,0.09876267844209075,4.4049275699334896,2025-08-19,3.0,13.0,0.5099374904498207,TB,NYY,False,TB,False
776678,2025,154,WSH,NYM,-7.0,-1.0902037474465776,4.4049275699334896,2025-08-19,1.0,8.0,0.39165965264554187,NYM,NYM,True,NYM,True
776679,2025,154,PIT,TOR,-4.0,-0.8115631367423287,4.4049275699334896,2025-08-19,3.0,7.0,0.4188989902475558,TOR,TOR,True,TOR,True
776680,2025,154,PHI,SEA,2.0,0.6616847477884611,4.4049275699334896,2025-08-19,6.0,4.0,0.5662776755048599,PHI,PHI,True,PHI,True
776684,2025,154,BOS,BAL,-1.0,0.43220347291729827,4.4049275699334896,2025-08-19,3.0,4.0,0.5434067653991769,BOS,BAL,False,BOS,False
776685,2025,154,DET,HOU,1.0,0.47036923829963356,4.4049275699334896,2025-08-19,1.0,0.0,0.5472225801849361,DET,DET,True,DET,False
776686,2025,154,MIA,STL,-3.0,0.051937452480159664,4.4049275699334896,2025-08-19,4.0,7.0,0.5052263321303354,MIA,STL,False,MIA,False
776687,2025,154,ATL,CWS,1.0,0.5750071074702773,4.4049275699334896,2025-08-19,11.0,10.0,0.5576609007770581,ATL,ATL,True,ATL,False
776691,2025,154,CHC,MIL,2.0,-0.13310139134819965,4.4049275699334896,2025-08-19,6.0,4.0,0.48660848240281207,MIL,CHC,False,MIL,False
776676,2025,154,CHC,MIL,3.0,-0.8518793645590699,4.4049275699334896,2025-08-19,4.0,1.0,0.4149302806696093,MIL,CHC,False,MIL,False
776652,2025,155,LAA,CIN,1.0,-0.6826270468374148,4.4049275699334896,2025-08-20,2.0,1.0,0.4316449703740385,CIN,LAA,False,CIN,False
776656,2025,155,SD,SF,7.0,0.6827413511481989,4.4049275699334896,2025-08-20,8.0,1.0,0.5683663628167721,SD,SD,True,SD,True
776658,2025,155,AZ,CLE,1.0,0.3047281212176244,4.4049275699334896,2025-08-20,3.0,2.0,0.5306347139973857,AZ,AZ,True,AZ,False
776659,2025,155,WSH,NYM,1.0,-0.6115262523088129,4.4049275699334896,2025-08-20,5.0,4.0,0.43870509837889643,NYM,WSH,False,NYM,False
776660,2025,155,COL,LAD,5.0,-2.236969846254952,4.4049275699334896,2025-08-20,8.0,3.0,0.28628878353134746,LAD,COL,False,LAD,False
776661,2025,155,PIT,TOR,1.0,-0.8825807003675886,4.4049275699334896,2025-08-20,2.0,1.0,0.4119138458114777,TOR,PIT,False,TOR,False
776662,2025,155,PHI,SEA,9.0,0.3099530358584822,4.4049275699334896,2025-08-20,11.0,2.0,0.5311589210866562,PHI,PHI,True,PHI,True
776663,2025,155,CHC,MIL,1.0,-0.6166839768731674,4.4049275699334896,2025-08-20,4.0,3.0,0.43819226483123364,MIL,CHC,False,MIL,False
776664,2025,155,TB,NYY,-2.0,0.03565559874769876,4.4049275699334896,2025-08-20,4.0,6.0,0.5035879853692938,TB,NYY,False,TB,False
776665,2025,155,MIN,ATH,-2.0,0.21142581684380313,4.4049275699334896,2025-08-20,2.0,4.0,0.5212657632182298,MIN,ATH,False,MIN,False
776666,2025,155,KC,TEX,-3.0,-0.020654939934852207,4.4049275699334896,2025-08-20,3.0,6.0,0.4979214965187236,TEX,TEX,True,TEX,True
776669,2025,155,ATL,CWS,1.0,0.9512031303199588,4.4049275699334896,2025-08-20,1.0,0.0,0.5948093306377085,ATL,ATL,True,ATL,False
776670,2025,155,MIA,STL,4.0,0.281597229921112,4.4049275699334896,2025-08-20,6.0,2.0,0.5283134041878192,MIA,MIA,True,MIA,True
776673,2025,155,DET,HOU,5.0,0.10260801325139654,4.4049275699334896,2025-08-20,7.0,2.0,0.5103243228689704,DET,DET,True,DET,True
776631,2025,156,TB,STL,-3.0,-0.2954459635434179,4.4049275699334896,2025-08-21,4.0,7.0,0.47029668000881625,STL,STL,True,STL,True
776642,2025,156,SD,SF,4.0,0.8214064381403707,4.4049275699334896,2025-08-21,8.0,4.0,0.5820707576808407,SD,SD,True,SD,True
776644,2025,156,COL,LAD,-4.0,-2.044844512840104,4.4049275699334896,2025-08-21,5.0,9.0,0.30299801713859786,LAD,LAD,True,LAD,True
776650,2025,156,WSH,NYM,6.0,-1.1241218782756583,4.4049275699334896,2025-08-21,9.0,3.0,0.38837701215011755,NYM,WSH,False,NYM,False
776651,2025,156,CHC,MIL,-3.0,-0.2847270042026973,4.4049275699334896,2025-08-21,1.0,4.0,0.47137244803642037,MIL,MIL,True,MIL,True
776653,2025,156,MIN,ATH,-5.0,-0.4381537585540507,4.4049275699334896,2025-08-21,3.0,8.0,0.4559980522812204,ATH,ATH,True,ATH,True
776654,2025,156,NYY,BOS,-3.0,-0.00711701848390725,4.4049275699334896,2025-08-21,3.0,6.0,0.49928381265110233,BOS,BOS,True,BOS,True
776655,2025,156,BAL,HOU,-5.0,-0.08808562856068512,4.4049275699334896,2025-08-21,2.0,7.0,0.4911366457063768,HOU,HOU,True,HOU,True
776657,2025,156,KC,TEX,2.0,0.12302158481338109,4.4049275699334896,2025-08-21,6.0,4.0,0.5123777129430418,KC,KC,True,KC,True
776633,2025,157,TB,STL,4.0,0.4555388118567424,4.4049275699334896,2025-08-22,10.0,6.0,0.5457403318340949,TB,TB,True,TB,True
776634,2025,157,MIL,SF,1.0,1.476121249453078,4.4049275699334896,2025-08-22,5.0,4.0,0.6451804769771297,MIL,MIL,True,MIL,False
776635,2025,157,AZ,CIN,1.0,-0.2120518875158116,4.4049275699334896,2025-08-22,6.0,5.0,0.47867132489455244,CIN,AZ,False,CIN,False
776636,2025,157,SD,LAD,1.0,0.15201159633672823,4.4049275699334896,2025-08-22,2.0,1.0,0.5152932255837986,SD,SD,True,SD,False
776637,2025,157,PIT,COL,9.0,1.7314340824769923,4.4049275699334896,2025-08-22,9.0,0.0,0.6688506656913973,PIT,PIT,True,PIT,True
776638,2025,157,SEA,ATH,1.0,0.6979293858301284,4.4049275699334896,2025-08-22,3.0,2.0,0.5698717415314988,SEA,SEA,True,SEA,False
776639,2025,157,CWS,MIN,-2.0,-0.16260444222395665,4.4049275699334896,2025-08-22,7.0,9.0,0.4836416522717669,MIN,MIN,True,MIN,True
776640,2025,157,LAA,CHC,-1.0,-1.2211272065185415,4.4049275699334896,2025-08-22,2.0,3.0,0.37903336546648964,CHC,CHC,True,CHC,False
776641,2025,157,TEX,CLE,1.0,0.37275630129391707,4.4049275699334896,2025-08-22,4.0,3.0,0.537455383070682,TEX,TEX,True,TEX,False
776643,2025,157,BAL,HOU,-3.0,0.4627933079672259,4.4049275699334896,2025-08-22,7.0,10.0,0.5464654737982759,BAL,HOU,False,BAL,False
776645,2025,157,ATL,NYM,-5.0,0.12329314021737378,4.4049275699334896,2025-08-22,7.0,12.0,0.5124050264630012,ATL,NYM,False,ATL,False
776646,2025,157,MIA,TOR,-3.0,-0.6066788701396277,4.4049275699334896,2025-08-22,2.0,5.0,0.4391871683617485,TOR,TOR,True,TOR,True
776647,2025,157,NYY,BOS,-1.0,0.1524091369288466,4.4049275699334896,2025-08-22,0.0,1.0,0.5153332007399392,NYY,BOS,False,NYY,False
776648,2025,157,PHI,WSH,-1.0,1.552801428335493,4.4049275699334896,2025-08-22,4.0,5.0,0.6523537465046649,PHI,WSH,False,PHI,False
776649,2025,157,DET,KC,2.0,0.3130478192497055,4.4049275699334896,2025-08-22,7.0,5.0,0.5314693901995942,DET,DET,True,DET,True
776617,2025,158,SD,LAD,4.0,0.05231329473958875,4.4036285198808605,2025-08-23,5.0,1.0,0.5052657027918279,SD,SD,True,SD,True
776618,2025,158,LAA,CHC,-11.0,-1.2096359735878717,4.4036285198808605,2025-08-23,1.0,12.0,0.38010237244861544,CHC,CHC,True,CHC,True
776619,2025,158,CWS,MIN,4.0,-0.12022760902520412,4.4036285198808605,2025-08-23,7.0,3.0,0.48789974603015684,MIN,CWS,False,MIN,False
776620,2025,158,SEA,ATH,-1.0,0.6064820919487585,4.4036285198808605,2025-08-23,1.0,2.0,0.5608110544289892,SEA,ATH,False,SEA,False
776621,2025,158,MIL,SF,-6.0,1.1077101310841444,4.4036285198808605,2025-08-23,1.0,7.0,0.6100672409834287,MIL,SF,False,MIL,False
776622,2025,158,AZ,CIN,9.0,-0.29535050146240643,4.4036285198808605,2025-08-23,10.0,1.0,0.47029751644142803,CIN,AZ,False,CIN,False
776623,2025,158,TEX,CLE,10.0,0.15270649715636683,4.4036285198808605,2025-08-23,10.0,0.0,0.515367631844484,TEX,TEX,True,TEX,True
776625,2025,158,DET,KC,2.0,-0.011354112462023516,4.4036285198808605,2025-08-23,4.0,2.0,0.498857096722476,KC,DET,False,KC,False
776626,2025,158,ATL,NYM,-7.0,-0.12047508174076242,4.4036285198808605,2025-08-23,2.0,9.0,0.48787484691206656,NYM,NYM,True,NYM,True
776627,2025,158,NYY,BOS,-11.0,-0.04789377313039066,4.4036285198808605,2025-08-23,1.0,12.0,0.4951791306357797,BOS,BOS,True,BOS,True
776628,2025,158,PHI,WSH,2.0,1.813480996011579,4.4036285198808605,2025-08-23,6.0,4.0,0.6763701630328673,PHI,PHI,True,PHI,True
776629,2025,158,BAL,HOU,-1.0,0.39913734030185766,4.4036285198808605,2025-08-23,8.0,9.0,0.5401093485716202,BAL,HOU,False,BAL,False
776630,2025,158,MIA,TOR,-1.0,-0.23336624812853418,4.4036285198808605,2025-08-23,6.0,7.0,0.4765229230372454,TOR,TOR,True,TOR,False
776632,2025,158,PIT,COL,4.0,1.0315916843318,4.4036285198808605,2025-08-23,5.0,1.0,0.6026793016638426,PIT,PIT,True,PIT,True
776602,2025,159,SEA,ATH,7.0,0.30337768950011246,4.4036285198808605,2025-08-24,11.0,4.0,0.5305081983037074,SEA,SEA,True,SEA,True
776603,2025,159,SD,LAD,-6.0,0.5175597926939631,4.4036285198808605,2025-08-24,2.0,8.0,0.5519498665990274,SD,LAD,False,SD,False
776605,2025,159,LAA,CHC,-1.0,-1.0112664435645615,4.4036285198808605,2025-08-24,3.0,4.0,0.3992998033730223,CHC,CHC,True,CHC,False
776606,2025,159,TB,STL,5.0,0.4601581352717207,4.4036285198808605,2025-08-24,7.0,2.0,0.5462156543437329,TB,TB,True,TB,True
776607,2025,159,CWS,MIN,8.0,0.20458788840601666,4.4036285198808605,2025-08-24,8.0,0.0,0.5205846721827837,CWS,CWS,True,CWS,True
776608,2025,159,MIL,SF,-1.0,1.5397402453424622,4.4036285198808605,2025-08-24,3.0,4.0,0.6511780495281025,MIL,SF,False,MIL,False
776609,2025,159,AZ,CIN,-5.0,-0.08007047127988266,4.4036285198808605,2025-08-24,1.0,6.0,0.4919406554681367,CIN,CIN,True,CIN,True
776610,2025,159,PIT,COL,4.0,1.5462658030762282,4.4036285198808605,2025-08-24,4.0,0.0,0.6517869697712182,PIT,PIT,True,PIT,True
776611,2025,159,TEX,CLE,5.0,0.6076569257114692,4.4036285198808605,2025-08-24,5.0,0.0,0.5609279339775811,TEX,TEX,True,TEX,True
776612,2025,159,BAL,HOU,1.0,0.5807813624511925,4.4036285198808605,2025-08-24,3.0,2.0,0.5582528816742109,BAL,BAL,True,BAL,False
776613,2025,159,PHI,WSH,1.0,2.029599010058183,4.4036285198808605,2025-08-24,3.0,2.0,0.6957104290314374,PHI,PHI,True,PHI,False
776614,2025,159,MIA,TOR,2.0,-0.6859528574143502,4.4036285198808605,2025-08-24,5.0,3.0,0.4312951814611323,TOR,MIA,False,TOR,False
776615,2025,159,DET,KC,-2.0,0.6439454725130466,4.4036285198808605,2025-08-24,8.0,10.0,0.564535472252038,DET,KC,False,DET,False
776616,2025,159,NYY,BOS,5.0,0.03961513513698023,4.4036285198808605,2025-08-24,7.0,2.0,0.5039875926845484,NYY,NYY,True,NYY,True
776624,2025,159,ATL,NYM,1.0,-0.29540961112024683,4.4036285198808605,2025-08-24,4.0,3.0,0.4702915829659594,NYM,ATL,False,NYM,False
776589,2025,160,STL,PIT,1.0,0.3838239513603118,4.4036285198808605,2025-08-25,7.0,6.0,0.5385754055399656,STL,STL,True,STL,False
776590,2025,160,ATH,DET,5.0,-1.1257271989810373,4.4036285198808605,2025-08-25,8.0,3.0,0.3881897456336926,DET,ATH,False,DET,False
776592,2025,160,TEX,LAA,-4.0,1.0120261699980382,4.4036285198808605,2025-08-25,0.0,4.0,0.6007742194735285,TEX,LAA,False,TEX,False
776593,2025,160,MIL,AZ,2.0,1.3997648396457494,4.4036285198808605,2025-08-25,7.0,5.0,0.6380250154553948,MIL,MIL,True,MIL,True
776594,2025,160,LAD,CIN,7.0,-0.10386585266149949,4.4036285198808605,2025-08-25,7.0,0.0,0.4895460610305153,CIN,LAD,False,CIN,False
776595,2025,160,SEA,SD,3.0,-0.48457320175437013,4.4036285198808605,2025-08-25,9.0,6.0,0.4513441228928125,SD,SEA,False,SD,False
776596,2025,160,TOR,MIN,6.0,0.5124886407116686,4.4036285198808605,2025-08-25,10.0,4.0,0.5514436964344471,TOR,TOR,True,TOR,True
776597,2025,160,NYY,WSH,5.0,1.4313123222166364,4.4036285198808605,2025-08-25,10.0,5.0,0.6410043539620011,NYY,NYY,True,NYY,True
776598,2025,160,NYM,PHI,10.0,-0.8586429796348088,4.4036285198808605,2025-08-25,13.0,3.0,0.4142404135278496,PHI,NYM,False,PHI,False
776599,2025,160,CWS,KC,7.0,-0.7171023956975886,4.4036285198808605,2025-08-25,7.0,0.0,0.42820841458359404,KC,CWS,False,KC,False
776600,2025,160,MIA,ATL,1.0,0.2705949854261431,4.4036285198808605,2025-08-25,2.0,1.0,0.527216941086201,MIA,MIA,True,MIA,False
776601,2025,160,CLE,TB,-9.0,-0.39032673400446893,4.4036285198808605,2025-08-25,0.0,9.0,0.46077313890814303,TB,TB,True,TB,True
776604,2025,160,BAL,BOS,-1.0,-0.5580970827223157,4.4036285198808605,2025-08-25,3.0,4.0,0.4440070669321277,BOS,BOS,True,BOS,False
776573,2025,161,ATH,DET,1.0,-0.7424359655560566,4.4036285198808605,2025-08-26,7.0,6.0,0.42570120773219483,DET,ATH,False,DET,False
776574,2025,161,LAD,CIN,3.0,0.41452715508634586,4.4036285198808605,2025-08-26,6.0,3.0,0.5416503458950762,LAD,LAD,True,LAD,True
776575,2025,161,TEX,LAA,4.0,0.5818835121954619,4.4036285198808605,2025-08-26,7.0,3.0,0.5583626369854436,TEX,TEX,True,TEX,True
776576,2025,161,SF,CHC,3.0,-0.9320426288040055,4.4036285198808605,2025-08-26,5.0,2.0,0.4070382536452196,CHC,SF,False,CHC,False
776577,2025,161,SEA,SD,-1.0,-0.5133802717667719,4.4036285198808605,2025-08-26,6.0,7.0,0.4484673005280958,SD,SD,True,SD,False
776578,2025,161,STL,PIT,-5.0,-0.1540611247243887,4.4036285198808605,2025-08-26,3.0,8.0,0.48449611343855065,PIT,PIT,True,PIT,True
776581,2025,161,MIA,ATL,-9.0,0.08415468748284244,4.4036285198808605,2025-08-26,2.0,11.0,0.5084703734465676,MIA,ATL,False,MIA,False
776582,2025,161,TOR,MIN,-2.0,0.5596515139555226,4.4036285198808605,2025-08-26,5.0,7.0,0.5561478541263829,TOR,MIN,False,TOR,False
776583,2025,161,CWS,KC,-1.0,-0.6003462535138254,4.4036285198808605,2025-08-26,4.0,5.0,0.4397994617125335,KC,KC,True,KC,False
776584,2025,161,CLE,TB,3.0,-0.33548936556788983,4.4036285198808605,2025-08-26,3.0,0.0,0.4662699313614269,TB,CLE,False,TB,False
776585,2025,161,NYM,PHI,1.0,-0.1384349140302863,4.4036285198808605,2025-08-26,6.0,5.0,0.486067976077257,PHI,NYM,False,PHI,False
776586,2025,161,MIL,AZ,1.0,1.027566528751819,4.4036285198808605,2025-08-26,9.0,8.0,0.602287573175472,MIL,MIL,True,MIL,False
776587,2025,161,HOU,COL,-5.0,1.5947159839786769,4.4036285198808605,2025-08-26,1.0,6.0,0.6562956849180199,HOU,COL,False,HOU,False
776588,2025,161,NYY,WSH,4.0,1.398419210923657,4.4036285198808605,2025-08-26,5.0,1.0,0.6378977468353959,NYY,NYY,True,NYY,True
776591,2025,161,BAL,BOS,-5.0,-0.28354704696612604,4.4036285198808605,2025-08-26,0.0,5.0,0.4714824871913551,BOS,BOS,True,BOS,True
776557,2025,162,SF,CHC,9.0,-0.7965125995559654,4.4036285198808605,2025-08-27,12.0,3.0,0.42035952658953674,CHC,SF,False,CHC,False
776559,2025,162,ATH,DET,7.0,-0.5240125944671777,4.4036285198808605,2025-08-27,7.0,0.0,0.4474061781134942,DET,ATH,False,DET,False
776561,2025,162,SEA,SD,1.0,-0.2855625645341476,4.4036285198808605,2025-08-27,4.0,3.0,0.47128012746746756,SD,SEA,False,SD,False
776562,2025,162,LAD,CIN,4.0,0.52784455757713,4.4036285198808605,2025-08-27,5.0,1.0,0.5529761659292868,LAD,LAD,True,LAD,True
776563,2025,162,TEX,LAA,17.0,1.072885548411424,4.4036285198808605,2025-08-27,20.0,3.0,0.6066919773480262,TEX,TEX,True,TEX,True
776565,2025,162,MIA,ATL,-11.0,0.12701809506789388,4.4036285198808605,2025-08-27,1.0,12.0,0.5127834516999294,MIA,ATL,False,MIA,False
776566,2025,162,NYM,PHI,6.0,0.0815192002424927,4.4036285198808605,2025-08-27,6.0,0.0,0.5082051432740738,NYM,NYM,True,NYM,True
776567,2025,162,TOR,MIN,1.0,0.789549619431928,4.4036285198808605,2025-08-27,9.0,8.0,0.578953471717692,TOR,TOR,True,TOR,False
776568,2025,162,STL,PIT,-1.0,0.19155404817553479,4.4036285198808605,2025-08-27,1.0,2.0,0.5192743239839243,STL,PIT,False,STL,False
776569,2025,162,CWS,KC,-11.0,-0.5947178126948293,4.4036285198808605,2025-08-27,1.0,12.0,0.44035961772745746,KC,KC,True,KC,True
776570,2025,162,NYY,WSH,9.0,1.4607906911017663,4.4036285198808605,2025-08-27,11.0,2.0,0.6437805596104809,NYY,NYY,True,NYY,True
776571,2025,162,HOU,COL,4.0,1.8903356218317393,4.4036285198808605,2025-08-27,4.0,0.0,0.6833061732427322,HOU,HOU,True,HOU,True
776572,2025,162,MIL,AZ,-1.0,0.7454592731693719,4.4036285198808605,2025-08-27,2.0,3.0,0.5745978038103527,MIL,AZ,False,MIL,False
776579,2025,162,BAL,BOS,-1.0,-0.5628501137114987,4.4036285198808605,2025-08-27,2.0,3.0,0.4435333871845666,BOS,BOS,True,BOS,False
776580,2025,162,CLE,TB,1.0,-0.6587097653166755,4.4036285198808605,2025-08-27,4.0,3.0,0.43399828941137025,TB,CLE,False,TB,False
776550,2025,163,SF,CHC,1.0,-0.48357980678239854,4.4036285198808605,2025-08-28,4.0,3.0,0.4514433749123059,CHC,SF,False,CHC,False
776553,2025,163,MIL,AZ,-2.0,0.896204332412586,4.4036285198808605,2025-08-28,4.0,6.0,0.5894489673903774,MIL,AZ,False,MIL,False
776554,2025,163,STL,PIT,3.0,-0.2703817542513926,4.4036285198808605,2025-08-28,4.0,1.0,0.47280447283146226,PIT,STL,False,PIT,False
776555,2025,163,HOU,COL,1.0,1.6081871077504077,4.4036285198808605,2025-08-28,4.0,3.0,0.6575453846894114,HOU,HOU,True,HOU,False
776556,2025,163,CWS,NYY,-6.0,-1.1122000290325296,4.4036285198808605,2025-08-28,4.0,10.0,0.3894981871577589,NYY,NYY,True,NYY,True
776558,2025,163,NYM,MIA,-3.0,1.0094583540552535,4.4036285198808605,2025-08-28,4.0,7.0,0.6005240134823004,NYM,MIA,False,NYM,False
776560,2025,163,PHI,ATL,15.0,0.9416938858710031,4.4036285198808605,2025-08-28,19.0,4.0,0.5939064740230635,PHI,PHI,True,PHI,True
776564,2025,163,BAL,BOS,-1.0,-0.7697955154549716,4.4036285198808605,2025-08-28,2.0,3.0,0.42299686702010547,BOS,BOS,True,BOS,False
776533,2025,164,SF,BAL,7.0,-0.18820212234174016,4.4036285198808605,2025-08-29,15.0,8.0,0.4810626938212268,BAL,SF,False,BAL,False
776534,2025,164,LAD,AZ,-3.0,0.7265699078825116,4.4036285198808605,2025-08-29,0.0,3.0,0.5727289088138631,LAD,AZ,False,LAD,False
776538,2025,164,ATH,TEX,-3.0,-0.30862112883166126,4.4036285198808605,2025-08-29,2.0,5.0,0.46896556802261663,TEX,TEX,True,TEX,True
776540,2025,164,KC,DET,-2.0,-0.2623809588673736,4.4036285198808605,2025-08-29,3.0,5.0,0.47360801560776183,DET,DET,True,DET,True
776541,2025,164,MIN,SD,3.0,-0.7953758003383433,4.4036285198808605,2025-08-29,7.0,4.0,0.4204716722515214,SD,MIN,False,SD,False
776542,2025,164,COL,CHC,-4.0,-2.8530849739898825,4.4036285198808605,2025-08-29,7.0,11.0,0.23579872024250365,CHC,CHC,True,CHC,True
776543,2025,164,HOU,LAA,2.0,0.5037654075739011,4.4036285198808605,2025-08-29,2.0,0.0,0.5505728032413427,HOU,HOU,True,HOU,True
776544,2025,164,CWS,NYY,-8.0,-0.9471968261703055,4.4036285198808605,2025-08-29,2.0,10.0,0.4055551067566918,NYY,NYY,True,NYY,True
776545,2025,164,WSH,TB,-3.0,-1.3916170903358578,4.4036285198808605,2025-08-29,1.0,4.0,0.3627458260378865,TB,TB,True,TB,True
776546,2025,164,TOR,MIL,-5.0,-0.538040440244796,4.4036285198808605,2025-08-29,2.0,7.0,0.44600675418751357,MIL,MIL,True,MIL,True
776547,2025,164,CLE,SEA,1.0,-0.7238341704832965,4.4036285198808605,2025-08-29,5.0,4.0,0.4275418987256985,SEA,CLE,False,SEA,False
776548,2025,164,NYM,MIA,10.0,0.8821218356217145,4.4036285198808605,2025-08-29,19.0,9.0,0.5880666538555276,NYM,NYM,True,NYM,True
776549,2025,164,BOS,PIT,-2.0,0.4660605153872904,4.4036285198808605,2025-08-29,2.0,4.0,0.5468057454676343,BOS,PIT,False,BOS,False
776551,2025,164,CIN,STL,-2.0,0.8018394848617459,4.4036285198808605,2025-08-29,5.0,7.0,0.5801658863467496,CIN,STL,False,CIN,False
776552,2025,164,PHI,ATL,1.0,1.3260910237529577,4.4036285198808605,2025-08-29,2.0,1.0,0.6310348958342904,PHI,PHI,True,PHI,False
776516,2025,165,SF,BAL,-10.0,-0.18716416242337336,4.412218444391813,2025-08-30,1.0,11.0,0.48120369550064035,BAL,BAL,True,BAL,True
776523,2025,165,LAD,AZ,-5.0,0.5204985767368424,4.412218444391813,2025-08-30,1.0,6.0,0.5521420308485756,LAD,AZ,False,LAD,False
776524,2025,165,ATH,TEX,-6.0,-0.3643816957394579,4.412218444391813,2025-08-30,3.0,9.0,0.46344405775325426,TEX,TEX,True,TEX,True
776525,2025,165,WSH,TB,-3.0,-1.2601660762991282,4.412218444391813,2025-08-30,1.0,4.0,0.375491857742193,TB,TB,True,TB,True
776526,2025,165,COL,CHC,-1.0,-2.25393499302006,4.412218444391813,2025-08-30,3.0,4.0,0.2851535325149134,CHC,CHC,True,CHC,False
776527,2025,165,TOR,MIL,-3.0,-0.532118422515488,4.412218444391813,2025-08-30,1.0,4.0,0.4467008015220664,MIL,MIL,True,MIL,True
776528,2025,165,KC,DET,2.0,-0.22214193263571963,4.412218444391813,2025-08-30,3.0,1.0,0.47769436302653673,DET,KC,False,DET,False
776529,2025,165,CWS,NYY,-2.0,-1.2536317693064036,4.412218444391813,2025-08-30,3.0,5.0,0.3761162466740921,NYY,NYY,True,NYY,True
776530,2025,165,MIN,SD,-9.0,-1.323558452546074,4.412218444391813,2025-08-30,3.0,12.0,0.3694515166369068,SD,SD,True,SD,True
776531,2025,165,HOU,LAA,-3.0,0.6339802736641684,4.412218444391813,2025-08-30,1.0,4.0,0.563422663135265,HOU,LAA,False,HOU,False
776532,2025,165,PHI,ATL,1.0,0.9519899908387842,4.412218444391813,2025-08-30,3.0,2.0,0.5947324546906597,PHI,PHI,True,PHI,False
776535,2025,165,NYM,MIA,-3.0,0.8246093237468652,4.412218444391813,2025-08-30,8.0,11.0,0.5822520040472468,NYM,MIA,False,NYM,False
776536,2025,165,CIN,STL,-2.0,0.6817153421999476,4.412218444391813,2025-08-30,2.0,4.0,0.5681529350714121,CIN,STL,False,CIN,False
776537,2025,165,CLE,SEA,1.0,-0.7796187386438003,4.412218444391813,2025-08-30,4.0,3.0,0.4221766330171761,SEA,CLE,False,SEA,False
776539,2025,165,BOS,PIT,-7.0,0.872564998667193,4.412218444391813,2025-08-30,3.0,10.0,0.5869610374700647,BOS,PIT,False,BOS,False
776507,2025,166,SF,BAL,11.0,0.4351686065674535,4.412218444391813,2025-08-31,13.0,2.0,0.5436314398268882,SF,SF,True,SF,True
776508,2025,166,ATH,TEX,-3.0,-0.6733636540932865,4.412218444391813,2025-08-31,6.0,9.0,0.43267398432014476,TEX,TEX,True,TEX,True
776509,2025,166,LAD,AZ,1.0,0.5093370708968016,4.412218444391813,2025-08-31,5.0,4.0,0.5510300890943677,LAD,LAD,True,LAD,False
776510,2025,166,HOU,LAA,-3.0,1.108373198521727,4.412218444391813,2025-08-31,0.0,3.0,0.60992253359674,HOU,LAA,False,HOU,False
776511,2025,166,COL,CHC,1.0,-2.550807728602333,4.412218444391813,2025-08-31,6.0,5.0,0.26031986716490935,CHC,COL,False,CHC,False
776512,2025,166,KC,DET,-5.0,-0.2138316605756076,4.412218444391813,2025-08-31,0.0,5.0,0.4785279892255757,DET,DET,True,DET,True
776513,2025,166,MIN,SD,5.0,-0.8179664742766923,4.412218444391813,2025-08-31,7.0,2.0,0.41840124141512525,SD,MIN,False,SD,False
776514,2025,166,CWS,NYY,1.0,-0.8781154077493115,4.412218444391813,2025-08-31,3.0,2.0,0.4124947304527347,NYY,CWS,False,NYY,False
776515,2025,166,TOR,MIL,4.0,-0.9886879758953975,4.412218444391813,2025-08-31,8.0,4.0,0.40168917378191626,MIL,TOR,False,MIL,False
776517,2025,166,BOS,PIT,3.0,0.6585068506588923,4.412218444391813,2025-08-31,5.0,2.0,0.5658542834419608,BOS,BOS,True,BOS,True
776518,2025,166,CIN,STL,3.0,0.8712403721324438,4.412218444391813,2025-08-31,7.0,4.0,0.5868311296383923,CIN,CIN,True,CIN,True
776519,2025,166,NYM,MIA,-4.0,0.6423875834127084,4.412218444391813,2025-08-31,1.0,5.0,0.5642564576163773,NYM,MIA,False,NYM,False
776520,2025,166,WSH,TB,-3.0,-1.0743196830460606,4.412218444391813,2025-08-31,4.0,7.0,0.39337181753115474,TB,TB,True,TB,True
776521,2025,166,CLE,SEA,-2.0,-0.4085965917313975,4.412218444391813,2025-08-31,2.0,4.0,0.45902306343190646,SEA,SEA,True,SEA,True
776522,2025,166,PHI,ATL,-2.0,0.9258724313787481,4.412218444391813,2025-08-31,1.0,3.0,0.5921809152392651,PHI,ATL,False,PHI,False
776492,2025,167,COL,SF,-6.0,-1.6846581331316048,4.412218444391813,2025-09-01,2.0,8.0,0.3356951630959232,SF,SF,True,SF,True
776494,2025,167,SD,BAL,-1.0,0.5644617054028984,4.412218444391813,2025-09-01,3.0,4.0,0.5565176998901299,SD,BAL,False,SD,False
776495,2025,167,AZ,TEX,-2.0,-0.016603831882357895,4.412218444391813,2025-09-01,5.0,7.0,0.4983319171682345,TEX,TEX,True,TEX,True
776497,2025,167,STL,ATH,-8.0,0.012900314532114078,4.412218444391813,2025-09-01,3.0,11.0,0.5012960151728855,STL,ATH,False,STL,False
776498,2025,167,WSH,MIA,2.0,-0.25034143252570823,4.412218444391813,2025-09-01,2.0,0.0,0.47486634284559043,MIA,WSH,False,MIA,False
776499,2025,167,HOU,LAA,5.0,1.0194508005594627,4.412218444391813,2025-09-01,8.0,3.0,0.6013041435679103,HOU,HOU,True,HOU,True
776500,2025,167,MIL,PHI,-2.0,0.765172371772521,4.412218444391813,2025-09-01,8.0,10.0,0.5763992244913693,MIL,PHI,False,MIL,False
776501,2025,167,DET,NYM,-2.0,-0.358661675377126,4.412218444391813,2025-09-01,8.0,10.0,0.46401633738529996,NYM,NYM,True,NYM,True
776502,2025,167,MIN,CWS,-1.0,0.16732788006312127,4.412218444391813,2025-09-01,5.0,6.0,0.516805458072822,MIN,CWS,False,MIN,False
776503,2025,167,CIN,TOR,1.0,0.13472090254045907,4.412218444391813,2025-09-01,5.0,4.0,0.5135320074848563,CIN,CIN,True,CIN,False
776504,2025,167,TB,SEA,8.0,0.016894150269029726,4.412218444391813,2025-09-01,10.0,2.0,0.5016972491244223,TB,TB,True,TB,True
776505,2025,167,BOS,CLE,2.0,1.0730243738995242,4.412218444391813,2025-09-01,6.0,4.0,0.6065027212404038,BOS,BOS,True,BOS,True
776506,2025,167,CHC,ATL,1.0,0.9209463984657806,4.412218444391813,2025-09-01,7.0,6.0,0.5916992272863618,CHC,CHC,True,CHC,False
776480,2025,168,SD,BAL,-4.0,0.7634233724046688,4.412218444391813,2025-09-02,2.0,6.0,0.5762267376211969,SD,BAL,False,SD,False
776481,2025,168,AZ,TEX,2.0,-0.28133708461908385,4.412218444391813,2025-09-02,5.0,3.0,0.4717593729171295,TEX,AZ,False,TEX,False
776482,2025,168,WSH,MIA,3.0,-0.352881165253099,4.412218444391813,2025-09-02,5.0,2.0,0.464594744569664,MIA,WSH,False,MIA,False
776483,2025,168,STL,ATH,1.0,-0.24966142142245423,4.412218444391813,2025-09-02,2.0,1.0,0.47493452423967936,ATH,STL,False,ATH,False
776484,2025,168,MIN,CWS,-9.0,0.05640296178277378,4.412218444391813,2025-09-02,3.0,12.0,0.5056662777348163,MIN,CWS,False,MIN,False
776485,2025,168,TB,SEA,1.0,0.022335575879634195,4.412218444391813,2025-09-02,6.0,5.0,0.5022439099020365,TB,TB,True,TB,False
776486,2025,168,COL,SF,-3.0,-1.9519175731998941,4.412218444391813,2025-09-02,4.0,7.0,0.3115210461719397,SF,SF,True,SF,True
776487,2025,168,CHC,ATL,1.0,0.8012459768695606,4.412218444391813,2025-09-02,4.0,3.0,0.5799535033652384,CHC,CHC,True,CHC,False
776488,2025,168,KC,LAA,-4.0,0.8044480515705368,4.412218444391813,2025-09-02,1.0,5.0,0.5802686886443774,KC,LAA,False,KC,False
776489,2025,168,HOU,NYY,-6.0,-0.5813095457483378,4.412218444391813,2025-09-02,1.0,7.0,0.44180722238947645,NYY,NYY,True,NYY,True
776490,2025,168,DET,NYM,-7.0,-0.3078766571884249,4.412218444391813,2025-09-02,5.0,12.0,0.469100433332038,NYM,NYM,True,NYM,True
776491,2025,168,CIN,TOR,-3.0,-0.15491813330323237,4.412218444391813,2025-09-02,9.0,12.0,0.4844402486204737,TOR,TOR,True,TOR,True
776493,2025,168,BOS,CLE,4.0,1.4639857840905985,4.412218444391813,2025-09-02,11.0,7.0,0.6438129999091718,BOS,BOS,True,BOS,True
776496,2025,168,PIT,LAD,2.0,-0.7294808359525873,4.412218444391813,2025-09-02,9.0,7.0,0.42712353906091666,LAD,PIT,False,LAD,False
776465,2025,169,SD,BAL,-2.0,0.44532443322803883,4.412218444391813,2025-09-03,5.0,7.0,0.5446454836458993,SD,BAL,False,SD,False
776466,2025,169,KC,LAA,-1.0,1.0179945395519767,4.412218444391813,2025-09-03,3.0,4.0,0.6011625776798052,KC,LAA,False,KC,False
776467,2025,169,COL,SF,-2.0,-1.9456020029087955,4.412218444391813,2025-09-03,8.0,10.0,0.31208355154561795,SF,SF,True,SF,True
776468,2025,169,AZ,TEX,2.0,-0.33001988234920937,4.412218444391813,2025-09-03,2.0,0.0,0.46688300289581103,TEX,AZ,False,TEX,False
776469,2025,169,MIN,CWS,-1.0,0.1340894033067247,4.412218444391813,2025-09-03,3.0,4.0,0.5134686008632038,MIN,CWS,False,MIN,False
776470,2025,169,STL,ATH,4.0,-0.16470147325383172,4.412218444391813,2025-09-03,5.0,1.0,0.4834581708204884,ATH,STL,False,ATH,False
776471,2025,169,MIL,PHI,3.0,0.2646658496210431,4.412218444391813,2025-09-03,6.0,3.0,0.5265697223824145,MIL,MIL,True,MIL,True
776472,2025,169,HOU,NYY,1.0,-0.5499673501377068,4.412218444391813,2025-09-03,8.0,7.0,0.44492419494399954,NYY,HOU,False,NYY,False
776473,2025,169,CHC,ATL,-4.0,0.8867672762286007,4.412218444391813,2025-09-03,1.0,5.0,0.5883532720116629,CHC,ATL,False,CHC,False
776474,2025,169,BOS,CLE,-7.0,1.2546703705315216,4.412218444391813,2025-09-03,1.0,8.0,0.6239830191043472,BOS,CLE,False,BOS,False
776475,2025,169,CIN,TOR,-4.0,-0.464997751860427,4.412218444391813,2025-09-03,9.0,13.0,0.4533909985444794,TOR,TOR,True,TOR,True
776476,2025,169,TB,SEA,5.0,0.015041175702195042,4.412218444391813,2025-09-03,9.0,4.0,0.5015110933578235,TB,TB,True,TB,True
776477,2025,169,WSH,MIA,5.0,0.12597298881629176,4.412218444391813,2025-09-03,10.0,5.0,0.5126536304234288,WSH,WSH,True,WSH,True
776478,2025,169,DET,NYM,4.0,-0.15316318384115343,4.412218444391813,2025-09-03,6.0,2.0,0.48461642529321763,NYM,DET,False,NYM,False
776479,2025,169,PIT,LAD,3.0,-0.507107586447008,4.412218444391813,2025-09-03,3.0,0.0,0.4491920669660838,LAD,PIT,False,LAD,False
776458,2025,170,TB,CLE,2.0,0.9172573025190193,4.412218444391813,2025-09-04,4.0,2.0,0.5913384013628645,TB,TB,True,TB,True
776459,2025,170,MIL,PHI,-2.0,0.3567140995716555,4.412218444391813,2025-09-04,0.0,2.0,0.535788793465956,MIL,PHI,False,MIL,False
776461,2025,170,PIT,LAD,2.0,-0.5107991307887644,4.412218444391813,2025-09-04,5.0,3.0,0.44882423323047593,LAD,PIT,False,LAD,False
776462,2025,170,MIN,CWS,-3.0,-0.10018021776316885,4.412218444391813,2025-09-04,8.0,11.0,0.48993656012750114,CWS,CWS,True,CWS,True
776463,2025,170,KC,LAA,1.0,0.49986321738657696,4.412218444391813,2025-09-04,4.0,3.0,0.5500859612486529,KC,KC,True,KC,False
776464,2025,170,HOU,NYY,-4.0,-0.8956544559358822,4.412218444391813,2025-09-04,4.0,8.0,0.41077609128271186,NYY,NYY,True,NYY,True
776442,2025,171,COL,SD,3.0,-1.8482223588548243,4.412218444391813,2025-09-05,3.0,0.0,0.3208116500939659,SD,COL,False,SD,False
776444,2025,171,LAA,ATH,-6.0,-0.30221233761291777,4.412218444391813,2025-09-05,4.0,10.0,0.46966781705263816,ATH,ATH,True,ATH,True
776445,2025,171,STL,SF,-6.0,-0.6284974107978508,4.412218444391813,2025-09-05,2.0,8.0,0.43712125157275644,SF,SF,True,SF,True
776446,2025,171,KC,MIN,1.0,0.8301624611129532,4.412218444391813,2025-09-05,2.0,1.0,0.5827979152124192,KC,KC,True,KC,False
776448,2025,171,AZ,BOS,5.0,-0.6066804088579673,4.412218444391813,2025-09-05,10.0,5.0,0.439286724360378,BOS,AZ,False,BOS,False
776449,2025,171,TEX,HOU,1.0,0.8339430892591647,4.412218444391813,2025-09-05,4.0,3.0,0.5831694854292341,TEX,TEX,True,TEX,False
776450,2025,171,CIN,NYM,-1.0,-0.30931231974518025,4.412218444391813,2025-09-05,4.0,5.0,0.468956635766765,NYM,NYM,True,NYM,False
776451,2025,171,TB,CLE,-6.0,0.7241324196825892,4.412218444391813,2025-09-05,1.0,7.0,0.5723480626662079,TB,CLE,False,TB,False
776452,2025,171,DET,CWS,-2.0,1.2041287801152603,4.412218444391813,2025-09-05,5.0,7.0,0.6191430400500438,DET,CWS,False,DET,False
776453,2025,171,PIT,MIL,-3.0,-1.0694843099187819,4.412218444391813,2025-09-05,2.0,5.0,0.3938402191314903,MIL,MIL,True,MIL,True
776454,2025,171,BAL,LAD,1.0,-0.9284149236864758,4.412218444391813,2025-09-05,2.0,1.0,0.40757052376454334,LAD,BAL,False,LAD,False
776455,2025,171,CHC,WSH,6.0,1.5688835468319677,4.412218444391813,2025-09-05,11.0,5.0,0.6536101395683245,CHC,CHC,True,CHC,True
776456,2025,171,MIA,PHI,-6.0,-1.3947321903023742,4.412218444391813,2025-09-05,3.0,9.0,0.3627079919541074,PHI,PHI,True,PHI,True
776457,2025,171,NYY,TOR,-6.0,0.4047491200106651,4.412218444391813,2025-09-05,1.0,7.0,0.5405924257730969,NYY,TOR,False,NYY,False
776460,2025,171,ATL,SEA,3.0,0.013566157090055576,4.412218444391813,2025-09-05,4.0,1.0,0.5013629080211882,ATL,ATL,True,ATL,True
776424,2025,172,AZ,BOS,4.0,-0.20089081575946957,4.409944395494894,2025-09-06,5.0,1.0,0.47981591262899126,BOS,AZ,False,BOS,False
776430,2025,172,LAA,ATH,-13.0,-0.15132134186367283,4.409944395494894,2025-09-06,4.0,17.0,0.4847934945911589,ATH,ATH,True,ATH,True
776431,2025,172,COL,SD,-2.0,-1.8080088186105634,4.409944395494894,2025-09-06,8.0,10.0,0.3243610007420263,SD,SD,True,SD,True
776432,2025,172,TEX,HOU,-11.0,0.7516166798616285,4.409944395494894,2025-09-06,0.0,11.0,0.5751002237624661,TEX,HOU,False,TEX,False
776433,2025,172,MIA,PHI,-2.0,-0.976619260904701,4.409944395494894,2025-09-06,2.0,4.0,0.4028159980626918,PHI,PHI,True,PHI,True
776434,2025,172,KC,MIN,9.0,0.3606523805508489,4.409944395494894,2025-09-06,11.0,2.0,0.5362014451470418,KC,KC,True,KC,True
776435,2025,172,DET,CWS,6.0,1.280203728600529,4.409944395494894,2025-09-06,6.0,0.0,0.626483772670636,DET,DET,True,DET,True
776436,2025,172,NYY,TOR,2.0,0.612010297307822,4.409944395494894,2025-09-06,3.0,1.0,0.5612738015151899,NYY,NYY,True,NYY,True
776437,2025,172,STL,SF,1.0,-1.159109856582642,4.409944395494894,2025-09-06,3.0,2.0,0.38512631443604,SF,STL,False,SF,False
776438,2025,172,TB,CLE,-1.0,0.6497361456468603,4.409944395494894,2025-09-06,2.0,3.0,0.5650182293623232,TB,CLE,False,TB,False
776439,2025,172,CIN,NYM,3.0,-0.3880050631534889,4.409944395494894,2025-09-06,6.0,3.0,0.4610613837155796,NYM,CIN,False,NYM,False
776440,2025,172,CHC,WSH,-1.0,1.832414684669757,4.409944395494894,2025-09-06,1.0,2.0,0.6778472910358573,CHC,WSH,False,CHC,False
776441,2025,172,PIT,MIL,-3.0,-1.166409745407003,4.409944395494894,2025-09-06,1.0,4.0,0.3844233824125536,MIL,MIL,True,MIL,True
776443,2025,172,BAL,LAD,1.0,-0.53654506760047,4.409944395494894,2025-09-06,4.0,3.0,0.4462325474868897,LAD,BAL,False,LAD,False
776447,2025,172,ATL,SEA,-8.0,-0.09539953464606463,4.409944395494894,2025-09-06,2.0,10.0,0.49041176032094846,SEA,SEA,True,SEA,True
776414,2025,173,LAA,ATH,1.0,-0.2315119009629257,4.409944395494894,2025-09-07,4.0,3.0,0.47674257976712964,ATH,LAA,False,ATH,False
776415,2025,173,AZ,BOS,-3.0,-0.05910614392200955,4.409944395494894,2025-09-07,4.0,7.0,0.494059116754728,BOS,BOS,True,BOS,True
776416,2025,173,STL,SF,1.0,-0.5758751125242334,4.409944395494894,2025-09-07,4.0,3.0,0.442317901272986,SF,STL,False,SF,False
776417,2025,173,COL,SD,-7.0,-1.8045892395657723,4.409944395494894,2025-09-07,1.0,8.0,0.32467090740949156,SD,SD,True,SD,True
776418,2025,173,TEX,HOU,2.0,0.37890667981747905,4.409944395494894,2025-09-07,4.0,2.0,0.5380283432611833,TEX,TEX,True,TEX,True
776419,2025,173,PIT,MIL,-8.0,-0.9540492675907951,4.409944395494894,2025-09-07,2.0,10.0,0.40501851674502487,MIL,MIL,True,MIL,True
776420,2025,173,CHC,WSH,-3.0,1.1785497045701145,4.409944395494894,2025-09-07,3.0,6.0,0.616744774857445,CHC,WSH,False,CHC,False
776421,2025,173,TB,CLE,-1.0,0.89930308266783,4.409944395494894,2025-09-07,1.0,2.0,0.5896266300115901,TB,CLE,False,TB,False
776422,2025,173,KC,MIN,-4.0,0.8407396584089071,4.409944395494894,2025-09-07,1.0,5.0,0.5838798726002044,KC,MIN,False,KC,False
776423,2025,173,NYY,TOR,1.0,0.8499089280460955,4.409944395494894,2025-09-07,4.0,3.0,0.584780860145539,NYY,NYY,True,NYY,False
776425,2025,173,DET,CWS,-2.0,0.8527596204828369,4.409944395494894,2025-09-07,4.0,6.0,0.5850608832895918,DET,CWS,False,DET,False
776426,2025,173,MIA,PHI,1.0,-1.1321261068013158,4.409944395494894,2025-09-07,5.0,4.0,0.38772793608702105,PHI,MIA,False,PHI,False
776427,2025,173,BAL,LAD,-3.0,-0.8928800145819186,4.409944395494894,2025-09-07,2.0,5.0,0.41100274274184756,LAD,LAD,True,LAD,True
776428,2025,173,ATL,SEA,-16.0,-0.0753480402439674,4.409944395494894,2025-09-07,2.0,18.0,0.49242678445885585,SEA,SEA,True,SEA,True
776429,2025,173,CIN,NYM,1.0,-0.22810060586326178,4.409944395494894,2025-09-07,3.0,2.0,0.4770848946076253,NYM,CIN,False,NYM,False
776399,2025,174,SF,AZ,6.0,0.22156902474414336,4.409944395494894,2025-09-08,11.0,5.0,0.5222596307676743,SF,SF,True,SF,True
776400,2025,174,SEA,STL,2.0,0.7881648462465165,4.409944395494894,2025-09-08,4.0,2.0,0.5787054109706197,SEA,SEA,True,SEA,True
776405,2025,174,PHI,NYM,1.0,0.32294834689353413,4.409944395494894,2025-09-08,1.0,0.0,0.532425634705262,PHI,PHI,True,PHI,False
776406,2025,174,TEX,MIL,5.0,-0.26200616705949187,4.409944395494894,2025-09-08,5.0,0.0,0.4736833492515839,MIL,TEX,False,MIL,False
776407,2025,174,SD,CIN,1.0,0.12507997861376194,4.409944395494894,2025-09-08,4.0,3.0,0.512570436477567,SD,SD,True,SD,False
776408,2025,174,LAD,COL,2.0,2.4910174939795557,4.409944395494894,2025-09-08,3.0,1.0,0.734875621925182,LAD,LAD,True,LAD,True
776409,2025,174,MIA,WSH,-8.0,0.7423841786741646,4.409944395494894,2025-09-08,7.0,15.0,0.5741885034656378,MIA,WSH,False,MIA,False
776410,2025,174,ATH,BOS,-7.0,-0.9379620124900844,4.409944395494894,2025-09-08,0.0,7.0,0.406590252931043,BOS,BOS,True,BOS,True
776411,2025,174,LAA,MIN,-9.0,-0.07041031015418739,4.409944395494894,2025-09-08,3.0,12.0,0.49292302077560085,MIN,MIN,True,MIN,True
776412,2025,174,ATL,CHC,3.0,-1.078742173645067,4.409944395494894,2025-09-08,4.0,1.0,0.3928896873941964,CHC,ATL,False,CHC,False
776413,2025,174,CLE,KC,8.0,-0.37498567433034335,4.409944395494894,2025-09-08,10.0,2.0,0.4623640063289176,KC,CLE,False,KC,False
776388,2025,175,CWS,TB,-1.0,-0.9581353986517968,4.409944395494894,2025-09-09,4.0,5.0,0.40461954165352,TB,TB,True,TB,False
776389,2025,175,LAD,COL,5.0,2.7355142361433367,4.409944395494894,2025-09-09,7.0,2.0,0.7546603220651161,LAD,LAD,True,LAD,True
776390,2025,175,LAA,MIN,10.0,-0.22797211673869197,4.409944395494894,2025-09-09,12.0,2.0,0.47709778849852286,MIN,LAA,False,MIN,False
776391,2025,175,SEA,STL,2.0,0.7685710507123247,4.409944395494894,2025-09-09,5.0,3.0,0.576773438527018,SEA,SEA,True,SEA,True
776392,2025,175,SD,CIN,-2.0,0.3314018229161515,4.409944395494894,2025-09-09,2.0,4.0,0.5332724605497908,SD,CIN,False,SD,False
776393,2025,175,TOR,HOU,1.0,0.5405010044649567,4.409944395494894,2025-09-09,4.0,3.0,0.5541614432975966,TOR,TOR,True,TOR,False
776394,2025,175,SF,AZ,2.0,0.04235973120052185,4.409944395494894,2025-09-09,5.0,3.0,0.5042577425090152,SF,SF,True,SF,True
776395,2025,175,TEX,MIL,1.0,-0.6231605330450692,4.409944395494894,2025-09-09,5.0,4.0,0.4376189103743741,MIL,TEX,False,MIL,False
776396,2025,175,ATH,BOS,-6.0,-0.8749319930194974,4.409944395494894,2025-09-09,0.0,6.0,0.41276261313601265,BOS,BOS,True,BOS,True
776397,2025,175,MIA,WSH,-2.0,0.4441286002190973,4.409944395494894,2025-09-09,5.0,7.0,0.5445489613669792,MIA,WSH,False,MIA,False
776398,2025,175,NYY,DET,-10.0,0.38303422925198616,4.409944395494894,2025-09-09,2.0,12.0,0.5384413203798201,NYY,DET,False,NYY,False
776401,2025,175,BAL,PIT,1.0,0.010986288601534305,4.409944395494894,2025-09-09,3.0,2.0,0.5011042944555694,BAL,BAL,True,BAL,False
776402,2025,175,ATL,CHC,-5.0,-1.2142763274128099,4.409944395494894,2025-09-09,1.0,6.0,0.37982365138739616,CHC,CHC,True,CHC,True
776403,2025,175,CLE,KC,2.0,-0.029035204418929428,4.409944395494894,2025-09-09,2.0,0.0,0.4970815284967748,KC,CLE,False,KC,False
776404,2025,175,PHI,NYM,6.0,0.46457023020208643,4.409944395494894,2025-09-09,9.0,3.0,0.5465902472488614,PHI,PHI,True,PHI,True
776373,2025,176,SEA,STL,2.0,0.8049009275875749,4.409944395494894,2025-09-10,4.0,2.0,0.5803541119331251,SEA,SEA,True,SEA,True
776374,2025,176,SF,AZ,-2.0,0.329137867134896,4.409944395494894,2025-09-10,3.0,5.0,0.5330456836847319,SF,AZ,False,SF,False
776375,2025,176,TEX,MIL,3.0,-0.2709897901468713,4.409944395494894,2025-09-10,6.0,3.0,0.472782386462109,MIL,TEX,False,MIL,False
776376,2025,176,LAA,MIN,1.0,-0.38080030449607494,4.409944395494894,2025-09-10,4.0,3.0,0.4617821872247807,MIN,LAA,False,MIN,False
776377,2025,176,SD,CIN,-1.0,0.3715736446226682,4.409944395494894,2025-09-10,1.0,2.0,0.5372945441723274,SD,CIN,False,SD,False
776378,2025,176,CWS,TB,1.0,-1.0541141467686863,4.409944395494894,2025-09-10,6.0,5.0,0.39527742332848714,TB,CWS,False,TB,False
776379,2025,176,ATH,BOS,1.0,-0.5954297775916292,4.409944395494894,2025-09-10,5.0,4.0,0.4403736323488062,BOS,ATH,False,BOS,False
776380,2025,176,LAD,COL,9.0,2.2633454913432174,4.409944395494894,2025-09-10,9.0,0.0,0.7157503495632985,LAD,LAD,True,LAD,True
776381,2025,176,ATL,CHC,-1.0,-0.2992095676447525,4.409944395494894,2025-09-10,2.0,3.0,0.469953166865815,CHC,CHC,True,CHC,False
776382,2025,176,CLE,KC,-1.0,-0.1445280305668006,4.409944395494894,2025-09-10,3.0,4.0,0.48547585570468227,KC,KC,True,KC,False
776383,2025,176,NYY,DET,-10.0,0.25064621412058574,4.409944395494894,2025-09-10,1.0,11.0,0.5251771749180617,NYY,DET,False,NYY,False
776384,2025,176,PHI,NYM,8.0,0.9759855534700834,4.409944395494894,2025-09-10,11.0,3.0,0.5971222025800907,PHI,PHI,True,PHI,True
776385,2025,176,TOR,HOU,-1.0,0.2649743546612373,4.409944395494894,2025-09-10,2.0,3.0,0.5266143438252566,TOR,HOU,False,TOR,False
776386,2025,176,MIA,WSH,5.0,0.1017852903366036,4.409944395494894,2025-09-10,8.0,3.0,0.5102299111040345,MIA,MIA,True,MIA,True
776387,2025,176,BAL,PIT,1.0,-0.5004953420645671,4.409944395494894,2025-09-10,2.0,1.0,0.4498253114866379,PIT,BAL,False,PIT,False
776362,2025,177,SEA,LAA,1.0,1.2909085676938283,4.409944395494894,2025-09-11,7.0,6.0,0.6275047893083079,SEA,SEA,True,SEA,False
776364,2025,177,CWS,TB,4.0,-0.9122047212910518,4.409944395494894,2025-09-11,5.0,1.0,0.40910988480596083,TB,CWS,False,TB,False
776365,2025,177,SD,COL,2.0,2.327172580307517,4.409944395494894,2025-09-11,2.0,0.0,0.7211780347982691,SD,SD,True,SD,True
776367,2025,177,MIA,WSH,5.0,0.4060557096623447,4.409944395494894,2025-09-11,5.0,0.0,0.5407439349794945,MIA,MIA,True,MIA,True
776368,2025,177,NYY,DET,6.0,0.5191522644758532,4.409944395494894,2025-09-11,9.0,3.0,0.5520345948929376,NYY,NYY,True,NYY,True
776369,2025,177,TOR,HOU,6.0,0.8517982792391673,4.409944395494894,2025-09-11,6.0,0.0,0.5849664556873617,TOR,TOR,True,TOR,True
776370,2025,177,CLE,KC,1.0,-0.24063563376258415,4.409944395494894,2025-09-11,3.0,2.0,0.47582712126463883,KC,CLE,False,KC,False
776371,2025,177,PHI,NYM,2.0,0.640807486147883,4.409944395494894,2025-09-11,6.0,4.0,0.5641325410279917,PHI,PHI,True,PHI,True
776372,2025,177,BAL,PIT,1.0,0.0853614224817942,4.409944395494894,2025-09-11,3.0,2.0,0.5085795123953016,BAL,BAL,True,BAL,False
776345,2025,178,SEA,LAA,1.0,1.3500887176739544,4.409944395494894,2025-09-12,2.0,1.0,0.633132995466638,SEA,SEA,True,SEA,False
776350,2025,178,SF,LAD,4.0,0.1537193942283774,4.409944395494894,2025-09-12,5.0,1.0,0.5154473697049233,SF,SF,True,SF,True
776351,2025,178,WSH,PIT,1.0,-0.7383950278218219,4.409944395494894,2025-09-12,6.0,5.0,0.4262055528864806,PIT,WSH,False,PIT,False
776352,2025,178,CHC,TB,2.0,0.5534659736801082,4.409944395494894,2025-09-12,6.0,4.0,0.5554523100979827,CHC,CHC,True,CHC,True
776353,2025,178,TOR,BAL,5.0,0.1157148263514526,4.409944395494894,2025-09-12,6.0,1.0,0.5116295237013625,TOR,TOR,True,TOR,True
776354,2025,178,PHI,KC,6.0,0.28296123066908874,4.409944395494894,2025-09-12,8.0,2.0,0.5284180057743045,PHI,PHI,True,PHI,True
776355,2025,178,MIN,AZ,1.0,-0.8851512478169364,4.409944395494894,2025-09-12,9.0,8.0,0.41176035974678693,AZ,MIN,False,AZ,False
776356,2025,178,MIL,STL,6.0,1.7731455158715497,4.409944395494894,2025-09-12,8.0,2.0,0.672473769587459,MIL,MIL,True,MIL,True
776357,2025,178,SD,COL,-2.0,2.072581356814512,4.409944395494894,2025-09-12,2.0,4.0,0.6992340789667586,SD,COL,False,SD,False
776358,2025,178,ATH,CIN,3.0,-0.4373126794388822,4.409944395494894,2025-09-12,3.0,0.0,0.45613193563497895,CIN,ATH,False,CIN,False
776359,2025,178,NYM,TEX,-5.0,-0.5184226916949713,4.409944395494894,2025-09-12,3.0,8.0,0.4480381149146939,TEX,TEX,True,TEX,True
776360,2025,178,ATL,HOU,-8.0,-0.32476914228262654,4.409944395494894,2025-09-12,3.0,11.0,0.4673919548241846,HOU,HOU,True,HOU,True
776361,2025,178,CLE,CWS,4.0,0.5292393440340234,4.409944395494894,2025-09-12,4.0,0.0,0.5530397010816257,CLE,CLE,True,CLE,True
776363,2025,178,BOS,NYY,-3.0,0.13442849389767045,4.409944395494894,2025-09-12,1.0,4.0,0.5135096079676273,BOS,NYY,False,BOS,False
776366,2025,178,MIA,DET,6.0,-1.1610860530451321,4.409944395494894,2025-09-12,8.0,2.0,0.38493598214049557,DET,MIA,False,DET,False
776328,2025,179,SF,LAD,-6.0,0.08206006635535054,4.413442698592454,2025-09-13,7.0,13.0,0.5082412110458704,SF,LAD,False,SF,False
776333,2025,179,SEA,LAA,2.0,1.4460706292611907,4.413442698592454,2025-09-13,5.0,3.0,0.64209231396266,SEA,SEA,True,SEA,True
776336,2025,179,WSH,PIT,-4.0,-0.5868164322656695,4.413442698592454,2025-09-13,1.0,5.0,0.44127610626026753,PIT,PIT,True,PIT,True
776337,2025,179,MIN,AZ,-3.0,-0.9930274221723241,4.413442698592454,2025-09-13,2.0,5.0,0.40129340028902105,AZ,AZ,True,AZ,True
776338,2025,179,CHC,TB,-1.0,0.15833161427414183,4.413442698592454,2025-09-13,4.0,5.0,0.5158980078755754,CHC,TB,False,CHC,False
776339,2025,179,MIL,STL,1.0,1.7112918839394027,4.413442698592454,2025-09-13,9.0,8.0,0.6667033412296459,MIL,MIL,True,MIL,False
776340,2025,179,ATH,CIN,6.0,-0.5112571724005146,4.413442698592454,2025-09-13,11.0,5.0,0.44879272611375975,CIN,ATH,False,CIN,False
776341,2025,179,SD,COL,8.0,2.603607022734608,4.413442698592454,2025-09-13,11.0,3.0,0.7439186714930546,SD,SD,True,SD,True
776342,2025,179,PHI,KC,2.0,0.38813810395676684,4.413442698592454,2025-09-13,8.0,6.0,0.5389211482678015,PHI,PHI,True,PHI,True
776343,2025,179,TOR,BAL,1.0,0.8656073298417882,4.413442698592454,2025-09-13,5.0,4.0,0.5862550274184235,TOR,TOR,True,TOR,False
776344,2025,179,BOS,NYY,-2.0,0.015413457668668785,4.413442698592454,2025-09-13,3.0,5.0,0.501548064487747,BOS,NYY,False,BOS,False
776346,2025,179,ATL,HOU,-4.0,-0.4200266037629019,4.413442698592454,2025-09-13,2.0,6.0,0.4578926319166388,HOU,HOU,True,HOU,True
776347,2025,179,MIA,DET,2.0,-0.5271625174116154,4.413442698592454,2025-09-13,6.0,4.0,0.44720884475042205,DET,MIA,False,DET,False
776348,2025,179,CLE,CWS,2.0,0.6853997863540843,4.413442698592454,2025-09-13,3.0,1.0,0.5684988271341613,CLE,CLE,True,CLE,True
776349,2025,179,NYM,TEX,-1.0,-0.08062552692213201,4.413442698592454,2025-09-13,2.0,3.0,0.49190283836527193,TEX,TEX,True,TEX,False
776317,2025,180,SEA,LAA,9.0,1.3389551144735627,4.413442698592454,2025-09-14,11.0,2.0,0.6319755153966279,SEA,SEA,True,SEA,True
776320,2025,180,WSH,PIT,1.0,-0.7274911067790253,4.413442698592454,2025-09-14,4.0,3.0,0.4273400360691234,PIT,WSH,False,PIT,False
776321,2025,180,CHC,TB,1.0,0.28269856705396057,4.413442698592454,2025-09-14,4.0,3.0,0.5283692042825611,CHC,CHC,True,CHC,False
776322,2025,180,TOR,BAL,9.0,1.0514243526513245,4.413442698592454,2025-09-14,11.0,2.0,0.6043806712009835,TOR,TOR,True,TOR,True
776323,2025,180,SD,COL,3.0,2.6725676771666107,4.413442698592454,2025-09-14,9.0,6.0,0.749473932381909,SD,SD,True,SD,True
776324,2025,180,MIN,AZ,-2.0,-0.8511712096879445,4.413442698592454,2025-09-14,4.0,6.0,0.41516141614579766,AZ,AZ,True,AZ,True
776325,2025,180,SF,LAD,-8.0,-0.0575355256540076,4.413442698592454,2025-09-14,2.0,10.0,0.494221555282682,LAD,LAD,True,LAD,True
776326,2025,180,MIL,STL,-1.0,1.561242286537652,4.413442698592454,2025-09-14,2.0,3.0,0.652859560459377,MIL,STL,False,MIL,False
776327,2025,180,ATH,CIN,3.0,-0.3497922816445943,4.413442698592454,2025-09-14,7.0,4.0,0.46491356425873115,CIN,ATH,False,CIN,False
776329,2025,180,ATL,HOU,5.0,-0.6832718754293522,4.413442698592454,2025-09-14,8.0,3.0,0.4317117436230082,HOU,ATL,False,HOU,False
776330,2025,180,BOS,NYY,2.0,0.26071322248219525,4.413442698592454,2025-09-14,6.0,4.0,0.5261662436053988,BOS,BOS,True,BOS,True
776331,2025,180,CLE,CWS,1.0,0.45363366479440526,4.413442698592454,2025-09-14,3.0,2.0,0.5454623721296464,CLE,CLE,True,CLE,False
776332,2025,180,MIA,DET,-2.0,-0.9344375626730475,4.413442698592454,2025-09-14,0.0,2.0,0.4070072126778784,DET,DET,True,DET,True
776334,2025,180,PHI,KC,-7.0,0.9039571534847746,4.413442698592454,2025-09-14,3.0,10.0,0.5900123421962343,PHI,KC,False,PHI,False
776335,2025,180,NYM,TEX,3.0,-0.23917938858426555,4.413442698592454,2025-09-14,5.0,2.0,0.47599225152225705,TEX,NYM,False,TEX,False
776309,2025,181,AZ,SF,7.0,0.24088180680879936,4.413442698592454,2025-09-15,8.0,1.0,0.5241784209059537,AZ,AZ,True,AZ,True
776311,2025,181,LAD,PHI,-1.0,-0.3809602144704546,4.413442698592454,2025-09-15,5.0,6.0,0.46179640066301125,PHI,PHI,True,PHI,False
776312,2025,181,STL,CIN,-5.0,-0.4028910452180394,4.413442698592454,2025-09-15,6.0,11.0,0.45960445128604754,CIN,CIN,True,CIN,True
776313,2025,181,MIN,NYY,7.0,-1.3241143522020922,4.413442698592454,2025-09-15,7.0,0.0,0.3694335929635021,NYY,MIN,False,NYY,False
776314,2025,181,CWS,BAL,-3.0,-0.5875186901787919,4.413442698592454,2025-09-15,1.0,4.0,0.44120634060446673,BAL,BAL,True,BAL,True
776315,2025,181,WSH,ATL,-8.0,-0.38321055392384007,4.413442698592454,2025-09-15,3.0,11.0,0.4615714284723986,ATL,ATL,True,ATL,True
776316,2025,181,TB,TOR,-1.0,-0.5606738421249768,4.413442698592454,2025-09-15,1.0,2.0,0.4438745142675504,TOR,TOR,True,TOR,False
776318,2025,181,PIT,CHC,-4.0,-0.6270640414579434,4.413442698592454,2025-09-15,0.0,4.0,0.43728072380924493,CHC,CHC,True,CHC,True
776319,2025,181,HOU,TEX,3.0,-0.25772095385430116,4.413442698592454,2025-09-15,6.0,3.0,0.4741336490615522,TEX,HOU,False,TEX,False
776293,2025,182,COL,MIA,-1.0,-0.5843755183251297,4.413442698592454,2025-09-16,5.0,6.0,0.44151861247212376,MIA,MIA,True,MIA,False
776294,2025,182,AZ,SF,1.0,0.24028054083828054,4.413442698592454,2025-09-16,6.0,5.0,0.5241181427311449,AZ,AZ,True,AZ,False
776295,2025,182,MIL,LAA,7.0,2.0916071747388156,4.413442698592454,2025-09-16,9.0,2.0,0.7007555731167958,MIL,MIL,True,MIL,True
776297,2025,182,LAD,PHI,-3.0,-0.17067739202369722,4.413442698592454,2025-09-16,6.0,9.0,0.4828630931530875,PHI,PHI,True,PHI,True
776298,2025,182,MIN,NYY,-1.0,-1.216347373644239,4.413442698592454,2025-09-16,9.0,10.0,0.3797174809523373,NYY,NYY,True,NYY,False
776300,2025,182,STL,CIN,3.0,-0.48576223121926976,4.413442698592454,2025-09-16,3.0,0.0,0.45133324873081687,CIN,STL,False,CIN,False
776301,2025,182,HOU,TEX,1.0,-0.4002481436427975,4.413442698592454,2025-09-16,6.0,5.0,0.45986854109596514,TEX,HOU,False,TEX,False
776302,2025,182,KC,SEA,-7.0,-0.524387956420143,4.413442698592454,2025-09-16,5.0,12.0,0.4474850803726412,SEA,SEA,True,SEA,True
776303,2025,182,DET,CLE,-2.0,0.26231285706593105,4.413442698592454,2025-09-16,5.0,7.0,0.5263265569240843,DET,CLE,False,DET,False
776304,2025,182,NYM,SD,5.0,-0.3145970161092718,4.413442698592454,2025-09-16,8.0,3.0,0.4684360894119947,SD,NYM,False,SD,False
776305,2025,182,TB,TOR,-1.0,-0.059327143799694865,4.413442698592454,2025-09-16,5.0,6.0,0.49404163152086883,TOR,TOR,True,TOR,False
776306,2025,182,CWS,BAL,-1.0,-0.49911681301910216,4.413442698592454,2025-09-16,7.0,8.0,0.4500022346063933,BAL,BAL,True,BAL,False
776308,2025,182,PIT,CHC,-3.0,-0.5932370878189446,4.413442698592454,2025-09-16,1.0,4.0,0.4406383157666435,CHC,CHC,True,CHC,True
776310,2025,182,BOS,ATH,-1.0,0.7531493757437839,4.413442698592454,2025-09-16,1.0,2.0,0.5751926042960834,BOS,ATH,False,BOS,False
777825,2025,182,WSH,ATL,-3.0,-0.3651274905544042,4.413442698592454,2025-09-16,3.0,6.0,0.4633795800614836,ATL,ATL,True,ATL,True
776307,2025,182,WSH,ATL,-5.0,-0.8110040906581604,4.413442698592454,2025-09-16,0.0,5.0,0.41910828554069574,ATL,ATL,True,ATL,True
776277,2025,183,COL,MIA,-4.0,-1.3650473039227402,4.413442698592454,2025-09-17,4.0,8.0,0.3655513808335986,MIA,MIA,True,MIA,True
776279,2025,183,AZ,SF,-4.0,0.38285236407634304,4.413442698592454,2025-09-17,1.0,5.0,0.5383927631934133,AZ,SF,False,AZ,False
776280,2025,183,LAD,PHI,5.0,-0.1655897914742123,4.413442698592454,2025-09-17,5.0,0.0,0.4833736145794346,PHI,LAD,False,PHI,False
776283,2025,183,STL,CIN,-4.0,-0.45056464811529484,4.413442698592454,2025-09-17,2.0,6.0,0.4548438779600019,CIN,CIN,True,CIN,True
776284,2025,183,MIN,NYY,-5.0,-1.1425082313100572,4.413442698592454,2025-09-17,5.0,10.0,0.3868136823440298,NYY,NYY,True,NYY,True
776285,2025,183,CWS,BAL,-2.0,-0.3691468997890309,4.413442698592454,2025-09-17,1.0,3.0,0.4629776068092569,BAL,BAL,True,BAL,True
776286,2025,183,WSH,ATL,-5.0,-0.27674831030367597,4.413442698592454,2025-09-17,4.0,9.0,0.4722269365058764,ATL,ATL,True,ATL,True
776287,2025,183,PIT,CHC,-4.0,-1.1033733687837446,4.413442698592454,2025-09-17,4.0,8.0,0.39059024873512316,CHC,CHC,True,CHC,True
776288,2025,183,NYM,SD,-3.0,-0.3901664479836918,4.413442698592454,2025-09-17,4.0,7.0,0.46087610801288426,SD,SD,True,SD,True
776289,2025,183,KC,SEA,2.0,-0.568311540009595,4.413442698592454,2025-09-17,7.0,5.0,0.4431151208044488,SEA,KC,False,SEA,False
776290,2025,183,TB,TOR,1.0,-0.2550166302777951,4.413442698592454,2025-09-17,2.0,1.0,0.47440469576833494,TOR,TB,False,TOR,False
776291,2025,183,MIL,LAA,7.0,2.2764481705760127,4.413442698592454,2025-09-17,9.0,2.0,0.7167147927555907,MIL,MIL,True,MIL,True
776292,2025,183,HOU,TEX,3.0,-0.5677682056691615,4.413442698592454,2025-09-17,5.0,2.0,0.44316913604425734,TEX,HOU,False,TEX,False
776296,2025,183,DET,CLE,-4.0,0.47767070968082503,4.413442698592454,2025-09-17,0.0,4.0,0.547860024513051,DET,CLE,False,DET,False
776299,2025,183,BOS,ATH,1.0,0.5660902480142959,4.413442698592454,2025-09-17,5.0,4.0,0.5566640441939383,BOS,BOS,True,BOS,False
776269,2025,184,TB,TOR,4.0,0.0937766643416968,4.413442698592454,2025-09-18,4.0,0.0,0.5094176924101397,TB,TB,True,TB,True
776270,2025,184,COL,MIA,-2.0,-1.5629257074773364,4.413442698592454,2025-09-18,7.0,9.0,0.34698394488573225,MIA,MIA,True,MIA,True
776271,2025,184,LAD,SF,1.0,0.8052416936913458,4.413442698592454,2025-09-18,2.0,1.0,0.5803248162630992,LAD,LAD,True,LAD,False
776272,2025,184,KC,SEA,-2.0,-0.583601774852728,4.413442698592454,2025-09-18,0.0,2.0,0.44159548891451866,SEA,SEA,True,SEA,True
776274,2025,184,MIL,LAA,3.0,1.9631793683051504,4.413442698592454,2025-09-18,5.0,2.0,0.6894324924417499,MIL,MIL,True,MIL,True
776275,2025,184,DET,CLE,-2.0,0.6177480556300541,4.413442698592454,2025-09-18,1.0,3.0,0.5617950311422761,DET,CLE,False,DET,False
776276,2025,184,NYM,SD,5.0,-0.3658354449509793,4.413442698592454,2025-09-18,6.0,1.0,0.4633087762029992,SD,NYM,False,SD,False
776278,2025,184,BAL,NYY,-7.0,-0.7509648236269085,4.413442698592454,2025-09-18,0.0,7.0,0.42502290610432647,NYY,NYY,True,NYY,True
776281,2025,184,BOS,ATH,-2.0,0.95741629569391,4.413442698592454,2025-09-18,3.0,5.0,0.5952361563090317,BOS,ATH,False,BOS,False
776282,2025,184,CIN,CHC,1.0,-0.4930874560334396,4.413442698592454,2025-09-18,1.0,0.0,0.4506030951676595,CHC,CIN,False,CHC,False
776251,2025,185,TEX,MIA,-2.0,1.1314722620063062,4.413442698592454,2025-09-19,4.0,6.0,0.6121223993147972,TEX,MIA,False,TEX,False
776253,2025,185,COL,LAA,1.0,-1.501179079677087,4.413442698592454,2025-09-19,7.0,6.0,0.3527409311837557,LAA,COL,False,LAA,False
776255,2025,185,AZ,PHI,-6.0,-0.06618040411324255,4.413442698592454,2025-09-19,2.0,8.0,0.49335340240903874,PHI,PHI,True,PHI,True
776256,2025,185,LAD,SF,3.0,0.8839238803072385,4.413442698592454,2025-09-19,6.0,3.0,0.588050594783759,LAD,LAD,True,LAD,True
776259,2025,185,NYM,WSH,6.0,1.1401240556264325,4.413442698592454,2025-09-19,12.0,6.0,0.6129565438362503,NYM,NYM,True,NYM,True
776260,2025,185,KC,TOR,19.0,-0.8147759417405509,4.413442698592454,2025-09-19,20.0,1.0,0.41873730587468794,TOR,KC,False,TOR,False
776261,2025,185,TB,BOS,-4.0,-0.39907664716324953,4.413442698592454,2025-09-19,7.0,11.0,0.4599856076082595,BOS,BOS,True,BOS,True
776262,2025,185,HOU,SEA,-4.0,-0.2840944015028789,4.413442698592454,2025-09-19,0.0,4.0,0.4714909598388125,SEA,SEA,True,SEA,True
776263,2025,185,MIN,CLE,-4.0,-0.3461728917476331,4.413442698592454,2025-09-19,2.0,6.0,0.46527568952432746,CLE,CLE,True,CLE,True
776264,2025,185,CWS,SD,1.0,-0.9825200970949657,4.413442698592454,2025-09-19,4.0,3.0,0.40231658386195873,SD,CWS,False,SD,False
776265,2025,185,STL,MIL,6.0,-1.2935211617418472,4.413442698592454,2025-09-19,7.0,1.0,0.372343892829776,MIL,STL,False,MIL,False
776266,2025,185,PIT,ATH,-1.0,0.004792734911569507,4.413442698592454,2025-09-19,3.0,4.0,0.50048136373389,PIT,ATH,False,PIT,False
776267,2025,185,CIN,CHC,3.0,-0.529531002121715,4.413442698592454,2025-09-19,7.0,4.0,0.4469730583855453,CHC,CIN,False,CHC,False
776268,2025,185,DET,ATL,-9.0,0.17558610759865229,4.413442698592454,2025-09-19,1.0,10.0,0.5176294512216247,DET,ATL,False,DET,False
776273,2025,185,BAL,NYY,2.0,-0.18574293957209512,4.413442698592454,2025-09-19,4.0,2.0,0.48135149056693244,NYY,BAL,False,NYY,False
776233,2025,186,LAD,SF,2.0,0.7167808732594156,4.413061101190076,2025-09-20,7.0,5.0,0.5716080249503839,LAD,LAD,True,LAD,True
776241,2025,186,COL,LAA,-3.0,-1.5673484866598453,4.413061101190076,2025-09-20,0.0,3.0,0.3465603252428763,LAA,LAA,True,LAA,True
776242,2025,186,TEX,MIA,-1.0,1.0389499207671837,4.413061101190076,2025-09-20,3.0,4.0,0.6031791390049872,TEX,MIA,False,TEX,False
776244,2025,186,STL,MIL,-1.0,-1.4315962227497796,4.413061101190076,2025-09-20,2.0,3.0,0.3592574727485466,MIL,MIL,True,MIL,False
776245,2025,186,KC,TOR,1.0,-0.6939155211336163,4.413061101190076,2025-09-20,2.0,1.0,0.43065274520787317,TOR,KC,False,TOR,False
776246,2025,186,AZ,PHI,1.0,-0.4377819077597244,4.413061101190076,2025-09-20,4.0,3.0,0.45611594580080894,PHI,AZ,False,PHI,False
776247,2025,186,TB,BOS,-3.0,0.03770453064090205,4.413061101190076,2025-09-20,3.0,6.0,0.5037871685292494,TB,BOS,False,TB,False
776248,2025,186,HOU,SEA,-2.0,-0.3445019037811866,4.413061101190076,2025-09-20,4.0,6.0,0.4654399033737164,SEA,SEA,True,SEA,True
776249,2025,186,PIT,ATH,2.0,0.017543869977561487,4.413061101190076,2025-09-20,2.0,0.0,0.5017621854197523,PIT,PIT,True,PIT,True
776250,2025,186,CWS,SD,-4.0,-0.8455748655079589,4.413061101190076,2025-09-20,3.0,7.0,0.41570363714079195,SD,SD,True,SD,True
776252,2025,186,NYM,WSH,-2.0,1.4819745894461709,4.413061101190076,2025-09-20,3.0,5.0,0.6454735592128452,NYM,WSH,False,NYM,False
776254,2025,186,CIN,CHC,3.0,-0.22646168038109188,4.413061101190076,2025-09-20,6.0,3.0,0.477265412796531,CHC,CIN,False,CHC,False
776257,2025,186,BAL,NYY,-5.0,-0.7903350415305972,4.413061101190076,2025-09-20,1.0,6.0,0.42113572508689734,NYY,NYY,True,NYY,True
776258,2025,186,DET,ATL,-1.0,0.6282404681462121,4.413061101190076,2025-09-20,5.0,6.0,0.56284135428809,DET,ATL,False,DET,False
777839,2025,186,MIN,CLE,-6.0,-0.39152464021428257,4.413061101190076,2025-09-20,0.0,6.0,0.4607369713932197,CLE,CLE,True,CLE,True
776243,2025,186,MIN,CLE,-8.0,-0.345219585483847,4.413061101190076,2025-09-20,0.0,8.0,0.46536808718014655,CLE,CLE,True,CLE,True
776225,2025,187,MIN,CLE,4.0,-0.7386389616846587,4.413061101190076,2025-09-21,6.0,2.0,0.426232990044449,CLE,MIN,False,CLE,False
776226,2025,187,TEX,MIA,-2.0,1.389285288392136,4.413061101190076,2025-09-21,2.0,4.0,0.6367523306274661,TEX,MIA,False,TEX,False
776227,2025,187,LAD,SF,-2.0,1.0324000977342187,4.413061101190076,2025-09-21,1.0,3.0,0.6025432343040298,LAD,SF,False,LAD,False
776228,2025,187,HOU,SEA,-4.0,-0.5444563122285448,4.413061101190076,2025-09-21,3.0,7.0,0.44548297067441434,SEA,SEA,True,SEA,True
776229,2025,187,KC,TOR,-3.0,-0.3265868011289687,4.413061101190076,2025-09-21,5.0,8.0,0.46723297113708956,TOR,TOR,True,TOR,True
776230,2025,187,AZ,PHI,7.0,-0.5050256840257992,4.413061101190076,2025-09-21,9.0,2.0,0.4494091416563315,PHI,AZ,False,PHI,False
776231,2025,187,STL,MIL,4.0,-1.5225615026651722,4.413061101190076,2025-09-21,5.0,1.0,0.3507311409179348,MIL,STL,False,MIL,False
776232,2025,187,COL,LAA,2.0,-0.4731236132411483,4.413061101190076,2025-09-21,3.0,1.0,0.4525893292188577,LAA,COL,False,LAA,False
776234,2025,187,PIT,ATH,11.0,0.1800791385681309,4.413061101190076,2025-09-21,11.0,0.0,0.5180818242396806,PIT,PIT,True,PIT,True
776235,2025,187,CWS,SD,-1.0,-1.040736370878057,4.413061101190076,2025-09-21,2.0,3.0,0.39664746689373,SD,SD,True,SD,False
776236,2025,187,TB,BOS,4.0,-0.5040243477899107,4.413061101190076,2025-09-21,7.0,3.0,0.4495089124948018,BOS,TB,False,BOS,False
776237,2025,187,NYM,WSH,-1.0,1.6451489634767933,4.413061101190076,2025-09-21,2.0,3.0,0.6606406083522807,NYM,WSH,False,NYM,False
776238,2025,187,DET,ATL,-4.0,0.653457384064684,4.413061101190076,2025-09-21,2.0,6.0,0.5653415015654691,DET,ATL,False,DET,False
776239,2025,187,CIN,CHC,1.0,-0.16593856628000905,4.413061101190076,2025-09-21,1.0,0.0,0.4833371755982276,CHC,CIN,False,CHC,False
776240,2025,187,BAL,NYY,-6.0,-0.5948841191314782,4.413061101190076,2025-09-21,1.0,7.0,0.4404696252471914,NYY,NYY,True,NYY,True
776220,2025,188,SF,STL,-1.0,0.4414830593121636,4.413061101190076,2025-09-22,5.0,6.0,0.5442535452584916,SF,STL,False,SF,False
776221,2025,188,ATL,WSH,6.0,1.5056810209192715,4.413061101190076,2025-09-22,11.0,5.0,0.6476921408788758,ATL,ATL,True,ATL,True
776222,2025,188,SD,MIL,1.0,-0.6184330553930639,4.413061101190076,2025-09-22,5.0,4.0,0.43813169183335166,MIL,SD,False,MIL,False
776207,2025,189,LAA,KC,-4.0,-1.1528456680673669,4.413061101190076,2025-09-23,4.0,8.0,0.3858082773596184,KC,KC,True,KC,True
776208,2025,189,ATH,HOU,4.0,-0.2213886066951633,4.413061101190076,2025-09-23,5.0,1.0,0.47777416760246366,HOU,ATH,False,HOU,False
776209,2025,189,CHC,NYM,-2.0,0.47446002422771033,4.413061101190076,2025-09-23,7.0,9.0,0.5475439546553633,CHC,NYM,False,CHC,False
776210,2025,189,TEX,MIN,-3.0,0.791624660668085,4.413061101190076,2025-09-23,1.0,4.0,0.5789912670295932,TEX,MIN,False,TEX,False
776211,2025,189,SF,STL,-1.0,0.6225551963328315,4.413061101190076,2025-09-23,8.0,9.0,0.5622773338406746,SF,STL,False,SF,False
776212,2025,189,SEA,COL,1.0,2.4041564367927504,4.413061101190076,2025-09-23,4.0,3.0,0.727514603480552,SEA,SEA,True,SEA,False
776213,2025,189,AZ,LAD,1.0,-0.20945490010729956,4.413061101190076,2025-09-23,5.0,4.0,0.47897108451420956,LAD,AZ,False,LAD,False
776214,2025,189,SD,MIL,7.0,-0.5088035215397837,4.413061101190076,2025-09-23,7.0,0.0,0.44903275546709975,MIL,SD,False,MIL,False
776215,2025,189,PHI,MIA,-1.0,1.4441250982196556,4.413061101190076,2025-09-23,5.0,6.0,0.6419211649566773,PHI,MIA,False,PHI,False
776216,2025,189,NYY,CWS,1.0,1.0903677128927631,4.413061101190076,2025-09-23,3.0,2.0,0.6081614994786179,NYY,NYY,True,NYY,False
776217,2025,189,TOR,BOS,-3.0,0.4011275146110046,4.413061101190076,2025-09-23,1.0,4.0,0.5402227972684965,TOR,BOS,False,TOR,False
776218,2025,189,CLE,DET,3.0,-0.2474445560133866,4.413061101190076,2025-09-23,5.0,2.0,0.47516154117688464,DET,CLE,False,DET,False
776219,2025,189,ATL,WSH,1.0,1.1941966670075526,4.413061101190076,2025-09-23,3.0,2.0,0.6181677993874647,ATL,ATL,True,ATL,False
776223,2025,189,BAL,TB,6.0,-0.27848942518938696,4.413061101190076,2025-09-23,6.0,0.0,0.4720500795594775,TB,BAL,False,TB,False
776224,2025,189,CIN,PIT,-2.0,0.5751907330988986,4.413061101190076,2025-09-23,2.0,4.0,0.5575736213325083,CIN,PIT,False,CIN,False
776192,2025,190,TEX,MIN,2.0,1.1824355552897996,4.413061101190076,2025-09-24,4.0,2.0,0.6170381653605466,TEX,TEX,True,TEX,True
776193,2025,190,AZ,LAD,-1.0,-0.06330771346212363,4.413061101190076,2025-09-24,4.0,5.0,0.4936413363324401,LAD,LAD,True,LAD,False
776194,2025,190,SEA,COL,7.0,2.419557973394374,4.413061101190076,2025-09-24,9.0,2.0,0.728801125720216,SEA,SEA,True,SEA,True
776195,2025,190,ATH,HOU,6.0,-0.24499124269881128,4.413061101190076,2025-09-24,6.0,0.0,0.47540749077675937,HOU,ATH,False,HOU,False
776196,2025,190,SF,STL,1.0,-0.22964189389775458,4.413061101190076,2025-09-24,4.0,3.0,0.47694650291458607,STL,SF,False,STL,False
776197,2025,190,LAA,KC,1.0,-1.2987583452525704,4.413061101190076,2025-09-24,3.0,2.0,0.37183446979946233,KC,LAA,False,KC,False
776198,2025,190,SD,MIL,-2.0,-0.7790384659977141,4.413061101190076,2025-09-24,1.0,3.0,0.4222484772807391,MIL,MIL,True,MIL,True
776199,2025,190,NYY,CWS,7.0,1.3791062143296868,4.413061101190076,2025-09-24,8.0,1.0,0.6357901396652175,NYY,NYY,True,NYY,True
776200,2025,190,ATL,WSH,-1.0,1.3665797665784944,4.413061101190076,2025-09-24,3.0,4.0,0.6346048848350458,ATL,WSH,False,ATL,False
776201,2025,190,PHI,MIA,10.0,1.3315118589606045,4.413061101190076,2025-09-24,11.0,1.0,0.6312799418842119,PHI,PHI,True,PHI,True
776202,2025,190,CIN,PIT,-1.0,0.28111830772118596,4.413061101190076,2025-09-24,3.0,4.0,0.5282133236674823,CIN,PIT,False,CIN,False
776203,2025,190,BAL,TB,-4.0,-0.4461276029067099,4.413061101190076,2025-09-24,2.0,6.0,0.455282837739189,TB,TB,True,TB,True
776204,2025,190,CLE,DET,4.0,0.39524454524000746,4.413061101190076,2025-09-24,5.0,1.0,0.5396348455993238,CLE,CLE,True,CLE,True
776205,2025,190,CHC,NYM,7.0,0.3284744976433881,4.413061101190076,2025-09-24,10.0,3.0,0.5329559946071066,CHC,CHC,True,CHC,True
776206,2025,190,TOR,BOS,-6.0,-0.6734930470659484,4.413061101190076,2025-09-24,1.0,7.0,0.432673905878188,BOS,BOS,True,BOS,True
776178,2025,191,LAA,KC,-5.0,-0.8498749840555839,4.413061101190076,2025-09-25,4.0,9.0,0.4152814396210387,KC,KC,True,KC,True
776179,2025,191,SEA,COL,4.0,2.552972015178043,4.413061101190076,2025-09-25,6.0,2.0,0.7398171686332689,SEA,SEA,True,SEA,True
776182,2025,191,ATH,HOU,-6.0,-0.27125603114792657,4.413061101190076,2025-09-25,5.0,11.0,0.47277489866730554,HOU,HOU,True,HOU,True
776183,2025,191,TEX,MIN,-4.0,0.9466615276571622,4.413061101190076,2025-09-25,0.0,4.0,0.5941945653346336,TEX,MIN,False,TEX,False
776184,2025,191,NYY,CWS,2.0,1.3278689832666346,4.413061101190076,2025-09-25,5.0,3.0,0.6309339757092178,NYY,NYY,True,NYY,True
776185,2025,191,AZ,LAD,-8.0,-0.03996851607922475,4.413061101190076,2025-09-25,0.0,8.0,0.4959854366979855,LAD,LAD,True,LAD,True
776186,2025,191,TOR,BOS,5.0,-0.15286123844935232,4.413061101190076,2025-09-25,6.0,1.0,0.4846496676278889,BOS,TOR,False,BOS,False
776187,2025,191,CHC,NYM,-3.0,0.2756007055063714,4.413061101190076,2025-09-25,5.0,8.0,0.5276604685060153,CHC,NYM,False,CHC,False
776188,2025,191,PHI,MIA,1.0,0.6974276654775717,4.413061101190076,2025-09-25,1.0,0.0,0.5696946613889923,PHI,PHI,True,PHI,False
776189,2025,191,CLE,DET,-2.0,0.3563623382979391,4.413061101190076,2025-09-25,2.0,4.0,0.5357467875634636,CLE,DET,False,CLE,False
776190,2025,191,CIN,PIT,1.0,0.5012839697916999,4.413061101190076,2025-09-25,2.0,1.0,0.5502180262437231,CIN,CIN,True,CIN,False
776191,2025,191,BAL,TB,1.0,-0.48476228696619844,4.413061101190076,2025-09-25,6.0,5.0,0.45142875382878833,TB,BAL,False,TB,False
776165,2025,192,WSH,CWS,-1.0,-0.5905371522432794,4.413061101190076,2025-09-26,9.0,10.0,0.44090142068963245,CWS,CWS,True,CWS,False
776166,2025,192,SF,COL,3.0,2.4090061268426237,4.413061101190076,2025-09-26,6.0,3.0,0.7279200348274403,SF,SF,True,SF,True
776167,2025,192,CHC,STL,11.0,1.1839012294204043,4.413061101190076,2025-09-26,12.0,1.0,0.6171789953023425,CHC,CHC,True,CHC,True
776168,2025,192,SEA,LAD,-1.0,-0.123675731737909,4.413061101190076,2025-09-26,2.0,3.0,0.4875794186071419,LAD,LAD,True,LAD,False
776169,2025,192,LAA,HOU,1.0,-0.5190092158399517,4.413061101190076,2025-09-26,4.0,3.0,0.4480161917378003,HOU,LAA,False,HOU,False
776170,2025,192,SD,AZ,3.0,0.18380254990058825,4.413061101190076,2025-09-26,7.0,4.0,0.5184554294693976,SD,SD,True,SD,True
776171,2025,192,MIL,CIN,-2.0,1.0198623651150502,4.413061101190076,2025-09-26,1.0,3.0,0.6013252204763293,MIL,CIN,False,MIL,False
776172,2025,192,ATH,KC,1.0,-0.3291249128317412,4.413061101190076,2025-09-26,4.0,3.0,0.466978898027666,KC,ATH,False,KC,False
776173,2025,192,MIA,NYM,4.0,-0.45890070854519976,4.413061101190076,2025-09-26,6.0,2.0,0.45400814590611155,NYM,MIA,False,NYM,False
776174,2025,192,NYY,BAL,4.0,0.596027445537981,4.413061101190076,2025-09-26,8.0,4.0,0.5596439325808311,NYY,NYY,True,NYY,True
776175,2025,192,CLE,TEX,-4.0,-0.14329810073637275,4.413061101190076,2025-09-26,3.0,7.0,0.4856095678197838,TEX,TEX,True,TEX,True
776176,2025,192,PHI,MIN,2.0,1.1963909958971286,4.413061101190076,2025-09-26,3.0,1.0,0.6183784497942248,PHI,PHI,True,PHI,True
776177,2025,192,TOR,TB,2.0,0.19814957650689646,4.413061101190076,2025-09-26,4.0,2.0,0.5198948484781319,TOR,TOR,True,TOR,True
776180,2025,192,ATL,PIT,-6.0,0.42788838316111993,4.413061101190076,2025-09-26,3.0,9.0,0.5428961845487975,ATL,PIT,False,ATL,False
776181,2025,192,BOS,DET,1.0,0.3043203241386333,4.413061101190076,2025-09-26,4.0,3.0,0.5305375223308733,BOS,BOS,True,BOS,False
776146,2025,193,SF,COL,1.0,1.9379217784108227,4.409723610667363,2025-09-27,4.0,3.0,0.6873295832490427,SF,SF,True,SF,False
776150,2025,193,SEA,LAD,-2.0,0.15784419288813933,4.409723610667363,2025-09-27,3.0,5.0,0.5158624517227611,SEA,LAD,False,SEA,False
776152,2025,193,SD,AZ,4.0,-0.04498361323835513,4.409723610667363,2025-09-27,5.0,1.0,0.4954783054228839,AZ,SD,False,AZ,False
776153,2025,193,MIL,CIN,-3.0,0.8417691554806837,4.409723610667363,2025-09-27,4.0,7.0,0.5839851968106128,MIL,CIN,False,MIL,False
776154,2025,193,ATH,KC,-2.0,-0.5376220275166466,4.409723610667363,2025-09-27,2.0,4.0,0.4461226016662227,KC,KC,True,KC,True
776155,2025,193,LAA,HOU,-5.0,-1.042335692902138,4.409723610667363,2025-09-27,1.0,6.0,0.3964156973142531,HOU,HOU,True,HOU,True
776156,2025,193,ATL,PIT,-2.0,-0.0007022207875386488,4.409723610667363,2025-09-27,1.0,3.0,0.49992941216436976,PIT,PIT,True,PIT,True
776157,2025,193,BOS,DET,-1.0,0.5906567196604939,4.409723610667363,2025-09-27,1.0,2.0,0.559154865619251,BOS,DET,False,BOS,False
776158,2025,193,CLE,TEX,1.0,0.003658449982475123,4.409723610667363,2025-09-27,3.0,2.0,0.5003677504787404,CLE,CLE,True,CLE,False
776159,2025,193,TOR,TB,4.0,0.44613164054658005,4.409723610667363,2025-09-27,5.0,1.0,0.5447512674090126,TOR,TOR,True,TOR,True
776160,2025,193,WSH,CWS,1.0,-0.7438818282132758,4.409723610667363,2025-09-27,6.0,5.0,0.42565989632729284,CWS,WSH,False,CWS,False
776161,2025,193,MIA,NYM,-5.0,-0.538666604958461,4.409723610667363,2025-09-27,0.0,5.0,0.4460185607098153,NYM,NYM,True,NYM,True
776162,2025,193,NYY,BAL,5.0,1.5326886615943707,4.409723610667363,2025-09-27,6.0,1.0,0.6503217047157254,NYY,NYY,True,NYY,True
776163,2025,193,PHI,MIN,-5.0,1.46921113878789,4.409723610667363,2025-09-27,0.0,5.0,0.6443813305757804,PHI,MIN,False,PHI,False
776164,2025,193,CHC,STL,4.0,1.3659630419291333,4.409723610667363,2025-09-27,7.0,3.0,0.6346443718508403,CHC,CHC,True,CHC,True
776135,2025,194,LAA,HOU,-4.0,-0.047584809052666585,4.409723610667363,2025-09-28,2.0,6.0,0.49521684877318023,HOU,HOU,True,HOU,True
776136,2025,194,SD,AZ,8.0,-0.1277149159628098,4.409723610667363,2025-09-28,12.0,4.0,0.4871642024932126,AZ,SD,False,AZ,False
776137,2025,194,SF,COL,4.0,2.2193425868811887,4.409723610667363,2025-09-28,4.0,0.0,0.7119888353143606,SF,SF,True,SF,True
776138,2025,194,ATH,KC,-7.0,-0.5343284501126804,4.409723610667363,2025-09-28,2.0,9.0,0.44645066951919943,KC,KC,True,KC,True
776139,2025,194,SEA,LAD,-5.0,-0.035150437701235604,4.409723610667363,2025-09-28,1.0,6.0,0.49646669404057503,LAD,LAD,True,LAD,True
776140,2025,194,NYY,BAL,1.0,1.1031488310067747,4.409723610667363,2025-09-28,3.0,2.0,0.6094779584060009,NYY,NYY,True,NYY,False
776141,2025,194,PHI,MIN,1.0,1.8235829175332268,4.409723610667363,2025-09-28,2.0,1.0,0.6770571523910798,PHI,PHI,True,PHI,False
776142,2025,194,CHC,STL,2.0,0.9000566631631033,4.409723610667363,2025-09-28,2.0,0.0,0.5897048701226414,CHC,CHC,True,CHC,True
776143,2025,194,WSH,CWS,-8.0,-0.37313993721645144,4.409723610667363,2025-09-28,0.0,8.0,0.4625468403898292,CWS,CWS,True,CWS,True
776144,2025,194,MIL,CIN,2.0,0.8781944650917803,4.409723610667363,2025-09-28,4.0,2.0,0.5875617286603895,MIL,MIL,True,MIL,True
776145,2025,194,TOR,TB,9.0,0.47019447269542547,4.409723610667363,2025-09-28,13.0,4.0,0.547154016107052,TOR,TOR,True,TOR,True
776147,2025,194,CLE,TEX,1.0,-0.09898172714240203,4.409723610667363,2025-09-28,9.0,8.0,0.4900513032584324,TEX,CLE,False,TEX,False
776148,2025,194,MIA,NYM,4.0,-0.49440270004740633,4.409723610667363,2025-09-28,4.0,0.0,0.4504304581885391,NYM,MIA,False,NYM,False
776149,2025,194,ATL,PIT,3.0,-0.04176187856633598,4.409723610667363,2025-09-28,4.0,1.0,0.4958021376083709,PIT,ATL,False,PIT,False
776151,2025,194,BOS,DET,1.0,0.5523793883159407,4.409723610667363,2025-09-28,4.0,3.0,0.5553468989108452,BOS,BOS,True,BOS,False
