date,game_pk,away,home,home_sp,away_sp,mu,sigma,p_home,mkt_home,mkt_away,edge,verdict,narrative_shift,mu_narrative,sigma_narrative,p_home_narrative,edge_narrative,verdict_narrative,note,run_ts,result,sp_unknown,run_line,p_home_cover,p_away_cover,price_age_min,mu_total,p_over_7.5,p_over_8.5,p_over_9.5,total_edge,total_call,mkt_over_7.5,mkt_over_8.5,mkt_over_9.5,temp_f,roof_closed,mkt_under_7.5,mkt_under_8.5,mkt_under_9.5,kick_iso,tier,label,mkt_sp_home,mkt_sp_home_bid,mkt_sp_away,mkt_sp_away_bid,spread_edge,spread_price,spread_p,spread_call,p_over_6.5,mkt_over_6.5,mkt_under_6.5,p_over_10.5,mkt_over_10.5,mkt_under_10.5,p_over_11.5,mkt_over_11.5,mkt_under_11.5,p_over_12.5,mkt_over_12.5,mkt_under_12.5,favno_team,favno_price,favno_p,favno_edge,favno_call
2026-08-27,822771,KC,TOR,Spencer Arrighetti,Noah Cameron,-0.33,4.46,0.47,0.5,0.51,0.003,pass,0.0,-0.33,4.46,0.47,0.003,pass,,2026-08-27T19:02:19+00:00,-11.0,,,,,,,,,,,,,,,,,,,,,,,,,,,,,,,,,,,,,,,,,,,,,,,
2026-08-27,823179,AZ,SF,Landen Roupp,Jose Cabrera,-0.24,4.46,0.478,0.5,0.51,-0.006,pass,0.0,-0.24,4.46,0.478,-0.006,pass,,2026-08-27T19:02:19+00:00,5.0,,,,,,,,,,,,,,,,,,,,,,,,,,,,,,,,,,,,,,,,,,,,,,,
2026-08-27,823503,HOU,NYY,Gerrit Cole,Hayden Wesneski,0.91,4.46,0.583,0.6,0.41,-0.01,pass,0.35,1.26,4.46,0.614,-0.003,pass,Cole vs Wesneski. Series split so far. Yankees 7-3 last ten and playing playoff baseball trying to catch the top of the league; Astros 3-7 last ten and drifting around .500.,2026-08-27T19:02:19+00:00,-4.0,,,,,,,,,,,,,,,,,,,,,,,,,,,,,,,,,,,,,,,,,,,,,,,
2026-08-27,823581,MIL,NYM,Sean Manaea,Jacob Misiorowski,-1.35,4.46,0.378,0.36,0.66,0.002,pass,0.0,-1.35,4.46,0.378,0.002,pass,,2026-08-27T19:02:19+00:00,-6.0,,,,,,,,,,,,,,,,,,,,,,,,,,,,,,,,,,,,,,,,,,,,,,,
2026-08-27,824879,LAD,ATL,Chris Sale,Yoshinobu Yamamoto,-0.05,4.46,0.496,0.54,0.47,0.017,pass,0.0,-0.05,4.46,0.496,0.017,pass,,2026-08-27T19:02:19+00:00,1.0,,,,,,,,,,,,,,,,,,,,,,,,,,,,,,,,,,,,,,,,,,,,,,,
2026-08-29,822690,MIA,WSH,Cade Cavalli,Sandy Alcantara,-0.07,4.433,0.493,0.5,0.5,-0.011,pass,0.0,-0.07,4.433,0.493,-0.011,pass,,2026-08-29T02:36:09+00:00,1.0,False,,,,,,,,,,,,,,,,,,,,,,,,,,,,,,,,,,,,,,,,,,,,,,
2026-08-29,822770,SEA,TOR,José Soriano,Kade Anderson,0.48,4.433,0.548,0.54,0.47,-0.009,pass,0.0,0.48,4.433,0.548,-0.009,pass,,2026-08-29T02:36:09+00:00,1.0,False,,,,,,,,,,,,,,,,,,,,,,,,,,,,,,,,,,,,,,,,,,,,,,
2026-08-29,822936,SD,TB,Nick Martinez,Walker Buehler,0.15,4.433,0.515,0.55,0.46,0.007,pass,0.0,0.15,4.433,0.515,0.007,pass,,2026-08-29T02:36:09+00:00,1.0,False,,,,,,,,,,,,,,,,,,,,,,,,,,,,,,,,,,,,,,,,,,,,,,
2026-08-29,823011,PIT,STL,Kyle Leahy,,0.18,4.876,0.516,0.5,0.51,-0.002,pass,0.0,0.18,4.876,0.516,-0.002,pass,,2026-08-29T02:36:09+00:00,-4.0,True,,,,,,,,,,,,,,,,,,,,,,,,,,,,,,,,,,,,,,,,,,,,,,
2026-08-29,823177,AZ,SF,,,-0.11,4.876,0.49,0.49,0.51,-0.017,pass,0.0,-0.11,4.876,0.49,-0.017,pass,,2026-08-29T02:36:09+00:00,-6.0,True,,,,,,,,,,,,,,,,,,,,,,,,,,,,,,,,,,,,,,,,,,,,,,
2026-08-29,823539,BOS,NYY,Carlos Rodón,Jake Bennett,-0.33,4.433,0.467,0.55,0.46,0.055,CANDIDATE BOS,0.0,-0.33,4.433,0.467,0.055,CANDIDATE BOS,,2026-08-29T02:36:09+00:00,-6.0,False,,,,,,,,,,,,,,,,,,,,,,,,,,,,,,,,,,,,,,,,,,,,,,
2026-08-29,823582,HOU,NYM,Nolan McLean,Bennett Sousa,0.26,4.433,0.526,0.54,0.46,-0.003,pass,0.0,0.26,4.433,0.526,-0.003,pass,,2026-08-29T02:36:09+00:00,4.0,False,,,,,,,,,,,,,,,,,,,,,,,,,,,,,,,,,,,,,,,,,,,,,,
2026-08-29,823665,CWS,MIN,Bailey Ober,Erick Fedde,0.13,4.433,0.513,0.54,0.47,-0.0,pass,0.0,0.13,4.433,0.513,-0.0,pass,,2026-08-29T02:36:09+00:00,-1.0,False,,,,,,,,,,,,,,,,,,,,,,,,,,,,,,,,,,,,,,,,,,,,,,
2026-08-29,823741,TEX,MIL,Shane Drohan,Cal Quantrill,1.37,4.433,0.635,0.6,0.4,0.018,pass,0.0,1.37,4.433,0.635,0.018,pass,,2026-08-29T02:36:09+00:00,2.0,False,,,,,,,,,,,,,,,,,,,,,,,,,,,,,,,,,,,,,,,,,,,,,,
2026-08-29,823986,PHI,LAA,Ryan Johnson,Cristopher Sánchez,-1.31,4.433,0.371,0.32,0.69,0.036,pass,0.0,-1.31,4.433,0.371,0.036,pass,,2026-08-29T02:36:09+00:00,-2.0,False,,,,,,,,,,,,,,,,,,,,,,,,,,,,,,,,,,,,,,,,,,,,,,
2026-08-29,824230,LAD,DET,Keider Montero,Blake Snell,-0.69,4.433,0.431,0.39,0.62,0.024,pass,0.0,-0.69,4.433,0.431,0.024,pass,,2026-08-29T02:36:09+00:00,1.0,False,,,,,,,,,,,,,,,,,,,,,,,,,,,,,,,,,,,,,,,,,,,,,,
2026-08-29,824392,KC,CLE,Foster Griffin,Daniel Lynch IV,1.0,4.433,0.599,0.59,0.42,-0.008,pass,0.0,1.0,4.433,0.599,-0.008,pass,,2026-08-29T02:36:09+00:00,-5.0,False,,,,,,,,,,,,,,,,,,,,,,,,,,,,,,,,,,,,,,,,,,,,,,
2026-08-29,824637,CIN,CHC,Kevin Gausman,Andrew Abbott,1.52,4.433,0.649,0.65,0.36,-0.017,pass,0.0,1.52,4.433,0.649,-0.017,pass,,2026-08-29T02:36:09+00:00,12.0,False,,,,,,,,,,,,,,,,,,,,,,,,,,,,,,,,,,,,,,,,,,,,,,
2026-08-29,824874,COL,ATL,Martín Pérez,Ryan Feltner,1.39,4.433,0.636,0.67,0.34,0.008,pass,0.0,1.39,4.433,0.636,0.008,pass,,2026-08-29T02:36:09+00:00,1.0,False,,,,,,,,,,,,,,,,,,,,,,,,,,,,,,,,,,,,,,,,,,,,,,
2026-08-29,824961,BAL,ATH,,Shane Baz,-1.18,4.876,0.394,0.42,0.58,0.009,pass,0.0,-1.18,4.876,0.394,0.009,pass,,2026-08-29T02:36:09+00:00,-2.0,True,,,,,,,,,,,,,,,,,,,,,,,,,,,,,,,,,,,,,,,,,,,,,,
2026-08-29,823176,AZ,SF,,,-0.16,4.876,0.485,0.48,0.56,-0.012,pass,0.0,-0.16,4.876,0.485,-0.012,pass,,2026-08-29T02:36:09+00:00,5.0,True,,,,,,,,,,,,,,,,,,,,,,,,,,,,,,,,,,,,,,,,,,,,,,
2026-08-29,823501,BOS,NYY,Max Fried,,-0.11,4.876,0.49,0.56,0.44,0.053,CANDIDATE BOS,0.0,-0.11,4.876,0.49,0.053,CANDIDATE BOS,,2026-08-29T02:36:09+00:00,7.0,True,,,,,,,,,,,,,,,,,,,,,,,,,,,,,,,,,,,,,,,,,,,,,,
2026-08-29,822690,MIA,WSH,Cade Cavalli,Sandy Alcantara,-0.06,4.433,0.494,0.5,0.5,-0.011,NO VALUE at current price,0.0,-0.06,4.433,0.494,-0.011,NO VALUE at current price,,2026-08-29T04:17:15+00:00,1.0,False,1.5,0.362,0.373,,,,,,,,,,,,,,,,,,,,,,,,,,,,,,,,,,,,,,,,,,,
2026-08-29,822770,SEA,TOR,José Soriano,Kade Anderson,0.48,4.433,0.548,0.54,0.47,-0.009,NO VALUE at current price,0.0,0.48,4.433,0.548,-0.009,NO VALUE at current price,,2026-08-29T04:17:15+00:00,1.0,False,1.5,0.409,0.328,,,,,,,,,,,,,,,,,,,,,,,,,,,,,,,,,,,,,,,,,,,
2026-08-29,822936,SD,TB,Nick Martinez,Walker Buehler,0.16,4.433,0.516,0.55,0.46,0.007,CAUTIOUS &mdash; small edge on SD,0.0,0.16,4.433,0.516,0.007,CAUTIOUS &mdash; small edge on SD,,2026-08-29T04:17:15+00:00,1.0,False,1.5,0.381,0.354,,,,,,,,,,,,,,,,,,,,,,,,,,,,,,,,,,,,,,,,,,,
2026-08-29,823011,PIT,STL,Kyle Leahy,Lake Bachar,0.23,4.433,0.523,0.5,0.51,0.005,CAUTIOUS &mdash; small edge on STL,0.0,0.23,4.433,0.523,0.005,CAUTIOUS &mdash; small edge on STL,,2026-08-29T04:17:15+00:00,-4.0,False,1.5,0.387,0.348,,,,,,,,,,,,,,,,,,,,,,,,,,,,,,,,,,,,,,,,,,,
2026-08-29,823177,AZ,SF,,,-0.11,4.876,0.49,0.49,0.51,-0.017,NO VALUE at current price,0.0,-0.11,4.876,0.49,-0.017,NO VALUE at current price,,2026-08-29T04:17:15+00:00,-6.0,True,1.5,0.371,0.388,,,,,,,,,,,,,,,,,,,,,,,,,,,,,,,,,,,,,,,,,,,
2026-08-29,823539,BOS,NYY,Carlos Rodón,Jake Bennett,-0.33,4.433,0.467,0.55,0.46,0.055,HIGH VALUE &mdash; BOS,0.0,-0.33,4.433,0.467,0.055,HIGH VALUE &mdash; BOS,,2026-08-29T04:17:15+00:00,-6.0,False,1.5,0.34,0.396,,,,,,,,,,,,,,,,,,,,,,,,,,,,,,,,,,,,,,,,,,,
2026-08-29,823582,HOU,NYM,Nolan McLean,Bennett Sousa,0.26,4.433,0.526,0.54,0.46,-0.003,NO VALUE at current price,0.0,0.26,4.433,0.526,-0.003,NO VALUE at current price,,2026-08-29T04:17:15+00:00,4.0,False,1.5,0.39,0.346,,,,,,,,,,,,,,,,,,,,,,,,,,,,,,,,,,,,,,,,,,,
2026-08-29,823665,CWS,MIN,Bailey Ober,Erick Fedde,0.13,4.433,0.513,0.54,0.47,-0.0,NO VALUE at current price,0.0,0.13,4.433,0.513,-0.0,NO VALUE at current price,,2026-08-29T04:17:15+00:00,-1.0,False,1.5,0.379,0.357,,,,,,,,,,,,,,,,,,,,,,,,,,,,,,,,,,,,,,,,,,,
2026-08-29,823741,TEX,MIL,Shane Drohan,Cal Quantrill,1.37,4.433,0.635,0.6,0.4,0.018,CAUTIOUS &mdash; small edge on MIL,0.0,1.37,4.433,0.635,0.018,CAUTIOUS &mdash; small edge on MIL,,2026-08-29T04:17:15+00:00,2.0,False,1.5,0.489,0.258,,,,,,,,,,,,,,,,,,,,,,,,,,,,,,,,,,,,,,,,,,,
2026-08-29,823986,PHI,LAA,Ryan Johnson,Cristopher Sánchez,-1.31,4.433,0.371,0.32,0.69,0.036,CAUTIOUS &mdash; small edge on LAA,0.0,-1.31,4.433,0.371,0.036,CAUTIOUS &mdash; small edge on LAA,,2026-08-29T04:17:15+00:00,-2.0,False,1.5,0.263,0.483,,,,,,,,,,,,,,,,,,,,,,,,,,,,,,,,,,,,,,,,,,,
2026-08-29,824230,LAD,DET,Keider Montero,Blake Snell,-0.69,4.433,0.431,0.39,0.62,0.025,CAUTIOUS &mdash; small edge on DET,0.0,-0.69,4.433,0.431,0.025,CAUTIOUS &mdash; small edge on DET,,2026-08-29T04:17:15+00:00,1.0,False,1.5,0.311,0.428,,,,,,,,,,,,,,,,,,,,,,,,,,,,,,,,,,,,,,,,,,,
2026-08-29,824392,KC,CLE,Foster Griffin,Daniel Lynch IV,1.0,4.433,0.599,0.59,0.42,-0.008,NO VALUE at current price,0.0,1.0,4.433,0.599,-0.008,NO VALUE at current price,,2026-08-29T04:17:15+00:00,-5.0,False,1.5,0.455,0.286,,,,,,,,,,,,,,,,,,,,,,,,,,,,,,,,,,,,,,,,,,,
2026-08-29,824637,CIN,CHC,Kevin Gausman,Andrew Abbott,1.52,4.433,0.649,0.65,0.36,-0.017,NO VALUE at current price,0.0,1.52,4.433,0.649,-0.017,NO VALUE at current price,,2026-08-29T04:17:15+00:00,12.0,False,1.5,0.502,0.248,,,,,,,,,,,,,,,,,,,,,,,,,,,,,,,,,,,,,,,,,,,
2026-08-29,824874,COL,ATL,Martín Pérez,Ryan Feltner,1.39,4.433,0.636,0.67,0.34,0.008,CAUTIOUS &mdash; small edge on COL,0.0,1.39,4.433,0.636,0.008,CAUTIOUS &mdash; small edge on COL,,2026-08-29T04:17:15+00:00,1.0,False,1.5,0.49,0.257,,,,,,,,,,,,,,,,,,,,,,,,,,,,,,,,,,,,,,,,,,,
2026-08-29,824961,BAL,ATH,,Shane Baz,-1.19,4.876,0.394,0.42,0.58,0.009,CAUTIOUS &mdash; small edge on BAL,0.0,-1.19,4.876,0.394,0.009,CAUTIOUS &mdash; small edge on BAL,,2026-08-29T04:17:15+00:00,-2.0,True,1.5,0.291,0.474,,,,,,,,,,,,,,,,,,,,,,,,,,,,,,,,,,,,,,,,,,,
2026-08-29,823176,AZ,SF,,,-0.16,4.876,0.485,0.48,0.56,-0.012,NO VALUE at current price,0.0,-0.16,4.876,0.485,-0.012,NO VALUE at current price,,2026-08-29T04:17:15+00:00,5.0,True,1.5,0.367,0.392,,,,,,,,,,,,,,,,,,,,,,,,,,,,,,,,,,,,,,,,,,,
2026-08-29,823501,BOS,NYY,Max Fried,,-0.11,4.876,0.49,0.56,0.44,0.053,HIGH VALUE &mdash; BOS,0.0,-0.11,4.876,0.49,0.053,HIGH VALUE &mdash; BOS,,2026-08-29T04:17:15+00:00,7.0,True,1.5,0.371,0.388,,,,,,,,,,,,,,,,,,,,,,,,,,,,,,,,,,,,,,,,,,,
2026-08-29,822690,MIA,WSH,Cade Cavalli,Sandy Alcantara,-0.06,4.433,0.494,0.5,0.5,-0.011,NO VALUE at current price,0.0,-0.06,4.433,0.494,-0.011,NO VALUE at current price,,2026-08-29T04:19:42+00:00,1.0,False,1.5,0.362,0.373,,,,,,,,,,,,,,,,,,,,,,,,,,,,,,,,,,,,,,,,,,,
2026-08-29,822770,SEA,TOR,José Soriano,Kade Anderson,0.48,4.433,0.548,0.54,0.47,-0.009,NO VALUE at current price,0.0,0.48,4.433,0.548,-0.009,NO VALUE at current price,,2026-08-29T04:19:42+00:00,1.0,False,1.5,0.409,0.328,,,,,,,,,,,,,,,,,,,,,,,,,,,,,,,,,,,,,,,,,,,
2026-08-29,822936,SD,TB,Nick Martinez,Walker Buehler,0.16,4.433,0.516,0.55,0.46,0.007,CAUTIOUS &mdash; small edge on SD,0.0,0.16,4.433,0.516,0.007,CAUTIOUS &mdash; small edge on SD,,2026-08-29T04:19:42+00:00,1.0,False,1.5,0.381,0.354,,,,,,,,,,,,,,,,,,,,,,,,,,,,,,,,,,,,,,,,,,,
2026-08-29,823011,PIT,STL,Kyle Leahy,Lake Bachar,0.23,4.433,0.523,0.5,0.51,0.005,CAUTIOUS &mdash; small edge on STL,0.0,0.23,4.433,0.523,0.005,CAUTIOUS &mdash; small edge on STL,,2026-08-29T04:19:42+00:00,-4.0,False,1.5,0.387,0.348,,,,,,,,,,,,,,,,,,,,,,,,,,,,,,,,,,,,,,,,,,,
2026-08-29,823177,AZ,SF,,,-0.11,4.876,0.49,0.49,0.51,-0.017,NO VALUE at current price,0.0,-0.11,4.876,0.49,-0.017,NO VALUE at current price,,2026-08-29T04:19:42+00:00,-6.0,True,1.5,0.371,0.388,,,,,,,,,,,,,,,,,,,,,,,,,,,,,,,,,,,,,,,,,,,
2026-08-29,823539,BOS,NYY,Carlos Rodón,Jake Bennett,-0.33,4.433,0.467,0.55,0.46,0.055,HIGH VALUE &mdash; BOS,0.0,-0.33,4.433,0.467,0.055,HIGH VALUE &mdash; BOS,,2026-08-29T04:19:42+00:00,-6.0,False,1.5,0.34,0.396,,,,,,,,,,,,,,,,,,,,,,,,,,,,,,,,,,,,,,,,,,,
2026-08-29,823582,HOU,NYM,Nolan McLean,Bennett Sousa,0.26,4.433,0.526,0.54,0.46,-0.003,NO VALUE at current price,0.0,0.26,4.433,0.526,-0.003,NO VALUE at current price,,2026-08-29T04:19:42+00:00,4.0,False,1.5,0.39,0.346,,,,,,,,,,,,,,,,,,,,,,,,,,,,,,,,,,,,,,,,,,,
2026-08-29,823665,CWS,MIN,Bailey Ober,Erick Fedde,0.13,4.433,0.513,0.54,0.47,-0.0,NO VALUE at current price,0.0,0.13,4.433,0.513,-0.0,NO VALUE at current price,,2026-08-29T04:19:42+00:00,-1.0,False,1.5,0.379,0.357,,,,,,,,,,,,,,,,,,,,,,,,,,,,,,,,,,,,,,,,,,,
2026-08-29,823741,TEX,MIL,Shane Drohan,Cal Quantrill,1.37,4.433,0.635,0.6,0.4,0.018,CAUTIOUS &mdash; small edge on MIL,0.0,1.37,4.433,0.635,0.018,CAUTIOUS &mdash; small edge on MIL,,2026-08-29T04:19:42+00:00,2.0,False,1.5,0.489,0.258,,,,,,,,,,,,,,,,,,,,,,,,,,,,,,,,,,,,,,,,,,,
2026-08-29,823986,PHI,LAA,Ryan Johnson,Cristopher Sánchez,-1.31,4.433,0.371,0.32,0.69,0.036,CAUTIOUS &mdash; small edge on LAA,0.0,-1.31,4.433,0.371,0.036,CAUTIOUS &mdash; small edge on LAA,,2026-08-29T04:19:42+00:00,-2.0,False,1.5,0.263,0.483,,,,,,,,,,,,,,,,,,,,,,,,,,,,,,,,,,,,,,,,,,,
2026-08-29,824230,LAD,DET,Keider Montero,Blake Snell,-0.69,4.433,0.431,0.39,0.62,0.025,CAUTIOUS &mdash; small edge on DET,0.0,-0.69,4.433,0.431,0.025,CAUTIOUS &mdash; small edge on DET,,2026-08-29T04:19:42+00:00,1.0,False,1.5,0.311,0.428,,,,,,,,,,,,,,,,,,,,,,,,,,,,,,,,,,,,,,,,,,,
2026-08-29,824392,KC,CLE,Foster Griffin,Daniel Lynch IV,1.0,4.433,0.599,0.59,0.42,-0.008,NO VALUE at current price,0.0,1.0,4.433,0.599,-0.008,NO VALUE at current price,,2026-08-29T04:19:42+00:00,-5.0,False,1.5,0.455,0.286,,,,,,,,,,,,,,,,,,,,,,,,,,,,,,,,,,,,,,,,,,,
2026-08-29,824637,CIN,CHC,Kevin Gausman,Andrew Abbott,1.52,4.433,0.649,0.65,0.36,-0.017,NO VALUE at current price,0.0,1.52,4.433,0.649,-0.017,NO VALUE at current price,,2026-08-29T04:19:42+00:00,12.0,False,1.5,0.502,0.248,,,,,,,,,,,,,,,,,,,,,,,,,,,,,,,,,,,,,,,,,,,
2026-08-29,824874,COL,ATL,Martín Pérez,Ryan Feltner,1.39,4.433,0.636,0.67,0.34,0.008,CAUTIOUS &mdash; small edge on COL,0.0,1.39,4.433,0.636,0.008,CAUTIOUS &mdash; small edge on COL,,2026-08-29T04:19:42+00:00,1.0,False,1.5,0.49,0.257,,,,,,,,,,,,,,,,,,,,,,,,,,,,,,,,,,,,,,,,,,,
2026-08-29,824961,BAL,ATH,,Shane Baz,-1.19,4.876,0.394,0.42,0.58,0.009,CAUTIOUS &mdash; small edge on BAL,0.0,-1.19,4.876,0.394,0.009,CAUTIOUS &mdash; small edge on BAL,,2026-08-29T04:19:42+00:00,-2.0,True,1.5,0.291,0.474,,,,,,,,,,,,,,,,,,,,,,,,,,,,,,,,,,,,,,,,,,,
2026-08-29,823176,AZ,SF,,,-0.16,4.876,0.485,0.48,0.56,-0.012,NO VALUE at current price,0.0,-0.16,4.876,0.485,-0.012,NO VALUE at current price,,2026-08-29T04:19:42+00:00,5.0,True,1.5,0.367,0.392,,,,,,,,,,,,,,,,,,,,,,,,,,,,,,,,,,,,,,,,,,,
2026-08-29,823501,BOS,NYY,Max Fried,,-0.11,4.876,0.49,0.56,0.44,0.053,HIGH VALUE &mdash; BOS,0.0,-0.11,4.876,0.49,0.053,HIGH VALUE &mdash; BOS,,2026-08-29T04:19:42+00:00,7.0,True,1.5,0.371,0.388,,,,,,,,,,,,,,,,,,,,,,,,,,,,,,,,,,,,,,,,,,,
2026-08-29,822690,MIA,WSH,Cade Cavalli,Sandy Alcantara,-0.06,4.432,0.494,0.5,0.5,-0.011,NO VALUE at current price,0.0,-0.06,4.432,0.494,-0.011,NO VALUE at current price,,2026-08-29T04:46:46+00:00,1.0,False,1.5,0.362,0.373,,,,,,,,,,,,,,,,,,,,,,,,,,,,,,,,,,,,,,,,,,,
2026-08-29,822770,SEA,TOR,José Soriano,Kade Anderson,0.48,4.432,0.548,0.54,0.47,-0.009,NO VALUE at current price,0.0,0.48,4.432,0.548,-0.009,NO VALUE at current price,,2026-08-29T04:46:46+00:00,1.0,False,1.5,0.409,0.328,,,,,,,,,,,,,,,,,,,,,,,,,,,,,,,,,,,,,,,,,,,
2026-08-29,822936,SD,TB,Nick Martinez,Walker Buehler,0.16,4.432,0.516,0.55,0.46,0.007,CAUTIOUS &mdash; small edge on SD,0.0,0.16,4.432,0.516,0.007,CAUTIOUS &mdash; small edge on SD,,2026-08-29T04:46:46+00:00,1.0,False,1.5,0.381,0.354,,,,,,,,,,,,,,,,,,,,,,,,,,,,,,,,,,,,,,,,,,,
2026-08-29,823011,PIT,STL,Kyle Leahy,Lake Bachar,0.23,4.432,0.523,0.5,0.51,0.005,CAUTIOUS &mdash; small edge on STL,0.0,0.23,4.432,0.523,0.005,CAUTIOUS &mdash; small edge on STL,,2026-08-29T04:46:46+00:00,-4.0,False,1.5,0.387,0.348,,,,,,,,,,,,,,,,,,,,,,,,,,,,,,,,,,,,,,,,,,,
2026-08-29,823177,AZ,SF,,,-0.11,4.876,0.49,0.49,0.51,-0.017,NO VALUE at current price,0.0,-0.11,4.876,0.49,-0.017,NO VALUE at current price,,2026-08-29T04:46:46+00:00,-6.0,True,1.5,0.371,0.388,,,,,,,,,,,,,,,,,,,,,,,,,,,,,,,,,,,,,,,,,,,
2026-08-29,823539,BOS,NYY,Carlos Rodón,Jake Bennett,-0.33,4.432,0.467,0.55,0.46,0.055,HIGH VALUE &mdash; BOS,0.0,-0.33,4.432,0.467,0.055,HIGH VALUE &mdash; BOS,,2026-08-29T04:46:46+00:00,-6.0,False,1.5,0.34,0.396,,,,,,,,,,,,,,,,,,,,,,,,,,,,,,,,,,,,,,,,,,,
2026-08-29,823582,HOU,NYM,Nolan McLean,Bennett Sousa,0.26,4.432,0.526,0.54,0.46,-0.003,NO VALUE at current price,0.0,0.26,4.432,0.526,-0.003,NO VALUE at current price,,2026-08-29T04:46:46+00:00,4.0,False,1.5,0.39,0.346,,,,,,,,,,,,,,,,,,,,,,,,,,,,,,,,,,,,,,,,,,,
2026-08-29,823665,CWS,MIN,Bailey Ober,Erick Fedde,0.13,4.432,0.513,0.54,0.47,-0.0,NO VALUE at current price,0.0,0.13,4.432,0.513,-0.0,NO VALUE at current price,,2026-08-29T04:46:46+00:00,-1.0,False,1.5,0.379,0.357,,,,,,,,,,,,,,,,,,,,,,,,,,,,,,,,,,,,,,,,,,,
2026-08-29,823741,TEX,MIL,Shane Drohan,Cal Quantrill,1.37,4.432,0.635,0.6,0.4,0.018,CAUTIOUS &mdash; small edge on MIL,0.0,1.37,4.432,0.635,0.018,CAUTIOUS &mdash; small edge on MIL,,2026-08-29T04:46:46+00:00,2.0,False,1.5,0.489,0.258,,,,,,,,,,,,,,,,,,,,,,,,,,,,,,,,,,,,,,,,,,,
2026-08-29,823986,PHI,LAA,Ryan Johnson,Cristopher Sánchez,-1.23,4.432,0.379,0.32,0.69,0.043,HIGH VALUE &mdash; LAA,0.0,-1.23,4.432,0.379,0.043,HIGH VALUE &mdash; LAA,,2026-08-29T04:46:46+00:00,-2.0,False,1.5,0.269,0.476,,,,,,,,,,,,,,,,,,,,,,,,,,,,,,,,,,,,,,,,,,,
2026-08-29,824230,LAD,DET,Keider Montero,Blake Snell,-0.69,4.432,0.431,0.39,0.62,0.025,CAUTIOUS &mdash; small edge on DET,0.0,-0.69,4.432,0.431,0.025,CAUTIOUS &mdash; small edge on DET,,2026-08-29T04:46:46+00:00,1.0,False,1.5,0.31,0.428,,,,,,,,,,,,,,,,,,,,,,,,,,,,,,,,,,,,,,,,,,,
2026-08-29,824392,KC,CLE,Foster Griffin,Daniel Lynch IV,1.0,4.432,0.599,0.59,0.42,-0.008,NO VALUE at current price,0.0,1.0,4.432,0.599,-0.008,NO VALUE at current price,,2026-08-29T04:46:46+00:00,-5.0,False,1.5,0.455,0.286,,,,,,,,,,,,,,,,,,,,,,,,,,,,,,,,,,,,,,,,,,,
2026-08-29,824637,CIN,CHC,Kevin Gausman,Andrew Abbott,1.52,4.432,0.649,0.65,0.36,-0.017,NO VALUE at current price,0.0,1.52,4.432,0.649,-0.017,NO VALUE at current price,,2026-08-29T04:46:46+00:00,12.0,False,1.5,0.502,0.248,,,,,,,,,,,,,,,,,,,,,,,,,,,,,,,,,,,,,,,,,,,
2026-08-29,824874,COL,ATL,Martín Pérez,Ryan Feltner,1.39,4.432,0.636,0.67,0.34,0.008,CAUTIOUS &mdash; small edge on COL,0.0,1.39,4.432,0.636,0.008,CAUTIOUS &mdash; small edge on COL,,2026-08-29T04:46:46+00:00,1.0,False,1.5,0.49,0.257,,,,,,,,,,,,,,,,,,,,,,,,,,,,,,,,,,,,,,,,,,,
2026-08-29,824961,BAL,ATH,,Shane Baz,-1.18,4.876,0.394,0.42,0.58,0.009,CAUTIOUS &mdash; small edge on BAL,0.0,-1.18,4.876,0.394,0.009,CAUTIOUS &mdash; small edge on BAL,,2026-08-29T04:46:46+00:00,-2.0,True,1.5,0.291,0.474,,,,,,,,,,,,,,,,,,,,,,,,,,,,,,,,,,,,,,,,,,,
2026-08-29,823176,AZ,SF,,,-0.16,4.876,0.485,0.48,0.56,-0.012,NO VALUE at current price,0.0,-0.16,4.876,0.485,-0.012,NO VALUE at current price,,2026-08-29T04:46:46+00:00,5.0,True,1.5,0.367,0.392,,,,,,,,,,,,,,,,,,,,,,,,,,,,,,,,,,,,,,,,,,,
2026-08-29,823501,BOS,NYY,Max Fried,,-0.11,4.876,0.49,0.56,0.44,0.053,HIGH VALUE &mdash; BOS,0.0,-0.11,4.876,0.49,0.053,HIGH VALUE &mdash; BOS,,2026-08-29T04:46:46+00:00,7.0,True,1.5,0.37,0.388,,,,,,,,,,,,,,,,,,,,,,,,,,,,,,,,,,,,,,,,,,,
2026-08-29,822690,MIA,WSH,Cade Cavalli,Sandy Alcantara,-0.07,4.432,0.493,0.51,0.51,-0.021,NO VALUE at current price,0.0,-0.07,4.432,0.493,-0.021,NO VALUE at current price,,2026-08-29T17:01:45+00:00,1.0,False,1.5,0.362,0.373,0.0,,,,,,,,,,,,,,,,,,,,,,,,,,,,,,,,,,,,,,,,,,
2026-08-29,822770,SEA,TOR,José Soriano,Kade Anderson,0.48,4.432,0.548,0.52,0.49,0.011,CAUTIOUS &mdash; small edge on TOR,0.0,0.48,4.432,0.548,0.011,CAUTIOUS &mdash; small edge on TOR,,2026-08-29T17:01:45+00:00,1.0,False,1.5,0.409,0.327,0.0,,,,,,,,,,,,,,,,,,,,,,,,,,,,,,,,,,,,,,,,,,
2026-08-29,822936,SD,TB,Nick Martinez,Walker Buehler,0.15,4.432,0.515,0.56,0.46,0.007,CAUTIOUS &mdash; small edge on SD,0.0,0.15,4.432,0.515,0.007,CAUTIOUS &mdash; small edge on SD,,2026-08-29T17:01:45+00:00,1.0,False,1.5,0.381,0.354,0.0,,,,,,,,,,,,,,,,,,,,,,,,,,,,,,,,,,,,,,,,,,
2026-08-29,823011,PIT,STL,Kyle Leahy,Lake Bachar,0.23,4.432,0.523,0.54,0.47,-0.01,NO VALUE at current price,0.0,0.23,4.432,0.523,-0.01,NO VALUE at current price,,2026-08-29T17:01:45+00:00,-4.0,False,1.5,0.387,0.348,0.0,,,,,,,,,,,,,,,,,,,,,,,,,,,,,,,,,,,,,,,,,,
2026-08-29,823177,AZ,SF,,Merrill Kelly,0.11,4.876,0.51,0.5,0.51,-0.007,NO VALUE at current price,0.0,0.11,4.876,0.51,-0.007,NO VALUE at current price,,2026-08-29T17:01:45+00:00,-6.0,True,1.5,0.388,0.371,0.0,,,,,,,,,,,,,,,,,,,,,,,,,,,,,,,,,,,,,,,,,,
2026-08-29,823539,BOS,NYY,Carlos Rodón,Jake Bennett,-0.33,4.432,0.467,0.5,0.51,0.005,CAUTIOUS &mdash; small edge on BOS,0.0,-0.33,4.432,0.467,0.005,CAUTIOUS &mdash; small edge on BOS,,2026-08-29T17:01:45+00:00,-6.0,False,1.5,0.34,0.396,0.0,,,,,,,,,,,,,,,,,,,,,,,,,,,,,,,,,,,,,,,,,,
2026-08-29,823582,HOU,NYM,Nolan McLean,Bennett Sousa,0.26,4.432,0.526,0.57,0.44,0.017,CAUTIOUS &mdash; small edge on HOU,0.0,0.26,4.432,0.526,0.017,CAUTIOUS &mdash; small edge on HOU,,2026-08-29T17:01:45+00:00,4.0,False,1.5,0.39,0.345,0.0,,,,,,,,,,,,,,,,,,,,,,,,,,,,,,,,,,,,,,,,,,
2026-08-29,823665,CWS,MIN,Bailey Ober,Erick Fedde,0.13,4.432,0.513,0.51,0.5,-0.015,NO VALUE at current price,0.0,0.13,4.432,0.513,-0.015,NO VALUE at current price,,2026-08-29T17:01:45+00:00,-1.0,False,1.5,0.379,0.357,0.0,,,,,,,,,,,,,,,,,,,,,,,,,,,,,,,,,,,,,,,,,,
2026-08-29,823741,TEX,MIL,Shane Drohan,Cal Quantrill,1.37,4.432,0.635,0.61,0.4,0.008,CAUTIOUS &mdash; small edge on MIL,0.0,1.37,4.432,0.635,0.008,CAUTIOUS &mdash; small edge on MIL,,2026-08-29T17:01:45+00:00,2.0,False,1.5,0.489,0.258,0.0,,,,,,,,,,,,,,,,,,,,,,,,,,,,,,,,,,,,,,,,,,
2026-08-29,823986,PHI,LAA,Ryan Johnson,Cristopher Sánchez,-1.23,4.432,0.379,0.33,0.69,0.033,CAUTIOUS &mdash; small edge on LAA,0.0,-1.23,4.432,0.379,0.033,CAUTIOUS &mdash; small edge on LAA,,2026-08-29T17:01:45+00:00,-2.0,False,1.5,0.269,0.476,0.0,,,,,,,,,,,,,,,,,,,,,,,,,,,,,,,,,,,,,,,,,,
2026-08-29,824230,LAD,DET,Keider Montero,Blake Snell,-0.69,4.432,0.431,0.37,0.64,0.045,HIGH VALUE &mdash; DET,0.0,-0.69,4.432,0.431,0.045,HIGH VALUE &mdash; DET,,2026-08-29T17:01:45+00:00,1.0,False,1.5,0.311,0.428,0.0,,,,,,,,,,,,,,,,,,,,,,,,,,,,,,,,,,,,,,,,,,
2026-08-29,824392,KC,CLE,Foster Griffin,Daniel Lynch IV,1.0,4.432,0.599,0.6,0.4,-0.016,NO VALUE at current price,0.0,1.0,4.432,0.599,-0.016,NO VALUE at current price,,2026-08-29T17:01:45+00:00,-5.0,False,1.5,0.455,0.286,0.0,,,,,,,,,,,,,,,,,,,,,,,,,,,,,,,,,,,,,,,,,,
2026-08-29,824637,CIN,CHC,Kevin Gausman,Andrew Abbott,1.52,4.432,0.649,0.66,0.35,-0.015,NO VALUE at current price,0.0,1.52,4.432,0.649,-0.015,NO VALUE at current price,,2026-08-29T17:01:45+00:00,12.0,False,1.5,0.502,0.247,0.0,,,,,,,,,,,,,,,,,,,,,,,,,,,,,,,,,,,,,,,,,,
2026-08-29,824874,COL,ATL,Martín Pérez,Ryan Feltner,1.39,4.432,0.636,0.68,0.33,0.018,CAUTIOUS &mdash; small edge on COL,0.0,1.39,4.432,0.636,0.018,CAUTIOUS &mdash; small edge on COL,,2026-08-29T17:01:45+00:00,1.0,False,1.5,0.49,0.257,0.0,,,,,,,,,,,,,,,,,,,,,,,,,,,,,,,,,,,,,,,,,,
2026-08-29,824961,BAL,ATH,Jack Perkins,Shane Baz,-1.44,4.432,0.359,0.44,0.58,0.044,HIGH VALUE &mdash; BAL,0.0,-1.44,4.432,0.359,0.044,HIGH VALUE &mdash; BAL,,2026-08-29T17:01:45+00:00,-2.0,False,1.5,0.254,0.494,0.0,,,,,,,,,,,,,,,,,,,,,,,,,,,,,,,,,,,,,,,,,,
2026-08-29,823176,AZ,SF,,Mitch Bratt,-0.07,4.876,0.494,0.47,0.54,0.006,CAUTIOUS &mdash; small edge on SF,0.0,-0.07,4.876,0.494,0.006,CAUTIOUS &mdash; small edge on SF,,2026-08-29T17:01:45+00:00,5.0,True,1.5,0.374,0.384,0.0,,,,,,,,,,,,,,,,,,,,,,,,,,,,,,,,,,,,,,,,,,
2026-08-29,823501,BOS,NYY,Max Fried,,-0.11,4.876,0.49,0.55,0.46,0.033,CAUTIOUS &mdash; small edge on BOS,0.0,-0.11,4.876,0.49,0.033,CAUTIOUS &mdash; small edge on BOS,,2026-08-29T17:01:45+00:00,7.0,True,1.5,0.37,0.388,0.0,,,,,,,,,,,,,,,,,,,,,,,,,,,,,,,,,,,,,,,,,,
2026-08-29,822690,MIA,WSH,Cade Cavalli,Sandy Alcantara,-0.07,4.432,0.493,0.5,0.5,-0.011,NO VALUE at current price,0.0,-0.07,4.432,0.493,-0.011,NO VALUE at current price,,2026-08-29T18:13:34+00:00,1.0,False,1.5,0.362,0.373,0.0,,,,,,,,,,,,,,,,,,,,,,,,,,,,,,,,,,,,,,,,,,
2026-08-29,822770,SEA,TOR,José Soriano,Kade Anderson,0.48,4.432,0.548,0.52,0.49,0.011,CAUTIOUS &mdash; small edge on TOR,0.0,0.48,4.432,0.548,0.011,CAUTIOUS &mdash; small edge on TOR,,2026-08-29T18:13:34+00:00,1.0,False,1.5,0.409,0.327,0.0,,,,,,,,,,,,,,,,,,,,,,,,,,,,,,,,,,,,,,,,,,
2026-08-29,822936,SD,TB,Nick Martinez,Walker Buehler,0.15,4.432,0.515,0.56,0.46,0.007,CAUTIOUS &mdash; small edge on SD,0.0,0.15,4.432,0.515,0.007,CAUTIOUS &mdash; small edge on SD,,2026-08-29T18:13:34+00:00,1.0,False,1.5,0.381,0.354,0.0,,,,,,,,,,,,,,,,,,,,,,,,,,,,,,,,,,,,,,,,,,
2026-08-29,823011,PIT,STL,Kyle Leahy,Lake Bachar,0.23,4.432,0.523,0.54,0.47,-0.01,NO VALUE at current price,0.0,0.23,4.432,0.523,-0.01,NO VALUE at current price,,2026-08-29T18:13:34+00:00,-4.0,False,1.5,0.387,0.348,0.0,,,,,,,,,,,,,,,,,,,,,,,,,,,,,,,,,,,,,,,,,,
2026-08-29,823177,AZ,SF,Matt Wilkinson,Merrill Kelly,0.09,4.432,0.509,0.5,0.52,-0.009,NO VALUE at current price,0.0,0.09,4.432,0.509,-0.009,NO VALUE at current price,,2026-08-29T18:13:34+00:00,-6.0,False,1.5,0.375,0.36,0.0,,,,,,,,,,,,,,,,,,,,,,,,,,,,,,,,,,,,,,,,,,
2026-08-29,823582,HOU,NYM,Nolan McLean,Bennett Sousa,0.26,4.432,0.526,0.59,0.42,0.037,CAUTIOUS &mdash; small edge on HOU,0.0,0.26,4.432,0.526,0.037,CAUTIOUS &mdash; small edge on HOU,,2026-08-29T18:13:34+00:00,4.0,False,1.5,0.39,0.345,0.0,,,,,,,,,,,,,,,,,,,,,,,,,,,,,,,,,,,,,,,,,,
2026-08-29,823741,TEX,MIL,Shane Drohan,Cal Quantrill,1.37,4.432,0.635,0.61,0.4,0.008,CAUTIOUS &mdash; small edge on MIL,0.0,1.37,4.432,0.635,0.008,CAUTIOUS &mdash; small edge on MIL,,2026-08-29T18:13:34+00:00,2.0,False,1.5,0.489,0.258,0.0,,,,,,,,,,,,,,,,,,,,,,,,,,,,,,,,,,,,,,,,,,
2026-08-29,823986,PHI,LAA,Ryan Johnson,Cristopher Sánchez,-1.23,4.432,0.379,0.33,0.69,0.033,CAUTIOUS &mdash; small edge on LAA,0.0,-1.23,4.432,0.379,0.033,CAUTIOUS &mdash; small edge on LAA,,2026-08-29T18:13:34+00:00,-2.0,False,1.5,0.269,0.476,0.0,,,,,,,,,,,,,,,,,,,,,,,,,,,,,,,,,,,,,,,,,,
2026-08-29,824392,KC,CLE,Foster Griffin,Daniel Lynch IV,1.0,4.432,0.599,0.61,0.4,-0.016,NO VALUE at current price,0.0,1.0,4.432,0.599,-0.016,NO VALUE at current price,,2026-08-29T18:13:34+00:00,-5.0,False,1.5,0.455,0.286,0.0,,,,,,,,,,,,,,,,,,,,,,,,,,,,,,,,,,,,,,,,,,
2026-08-29,824637,CIN,CHC,Kevin Gausman,Andrew Abbott,1.52,4.432,0.649,0.67,0.34,-0.005,NO VALUE at current price,0.0,1.52,4.432,0.649,-0.005,NO VALUE at current price,,2026-08-29T18:13:34+00:00,12.0,False,1.5,0.502,0.247,0.0,,,,,,,,,,,,,,,,,,,,,,,,,,,,,,,,,,,,,,,,,,
2026-08-29,824874,COL,ATL,Martín Pérez,Zach Agnos,1.26,4.432,0.624,0.68,0.33,0.03,CAUTIOUS &mdash; small edge on COL,0.0,1.26,4.432,0.624,0.03,CAUTIOUS &mdash; small edge on COL,,2026-08-29T18:13:34+00:00,1.0,False,1.5,0.479,0.267,0.0,,,,,,,,,,,,,,,,,,,,,,,,,,,,,,,,,,,,,,,,,,
2026-08-29,824961,BAL,ATH,Jack Perkins,Shane Baz,-1.44,4.432,0.359,0.44,0.58,0.044,HIGH VALUE &mdash; BAL,0.0,-1.44,4.432,0.359,0.044,HIGH VALUE &mdash; BAL,,2026-08-29T18:13:34+00:00,-2.0,False,1.5,0.254,0.494,0.0,,,,,,,,,,,,,,,,,,,,,,,,,,,,,,,,,,,,,,,,,,
2026-08-29,823176,AZ,SF,,Mitch Bratt,-0.07,4.876,0.494,0.47,0.54,0.006,CAUTIOUS &mdash; small edge on SF,0.0,-0.07,4.876,0.494,0.006,CAUTIOUS &mdash; small edge on SF,,2026-08-29T18:13:34+00:00,5.0,True,1.5,0.374,0.384,0.0,,,,,,,,,,,,,,,,,,,,,,,,,,,,,,,,,,,,,,,,,,
2026-08-29,823501,BOS,NYY,Max Fried,,-0.11,4.876,0.49,0.56,0.45,0.043,HIGH VALUE &mdash; BOS,0.0,-0.11,4.876,0.49,0.043,HIGH VALUE &mdash; BOS,,2026-08-29T18:13:34+00:00,7.0,True,1.5,0.37,0.388,0.0,,,,,,,,,,,,,,,,,,,,,,,,,,,,,,,,,,,,,,,,,,
2026-08-29,822690,MIA,WSH,Cade Cavalli,Sandy Alcantara,-0.07,4.432,0.493,0.5,0.51,-0.021,NO VALUE at current price,0.0,-0.07,4.432,0.493,-0.021,NO VALUE at current price,,2026-08-29T19:27:21+00:00,1.0,False,1.5,0.362,0.373,0.0,,,,,,,,,,,,,,,,,,,,,,,,,,,,,,,,,,,,,,,,,,
2026-08-29,822770,SEA,TOR,José Soriano,Kade Anderson,0.48,4.432,0.548,0.52,0.5,0.011,CAUTIOUS &mdash; small edge on TOR,0.0,0.48,4.432,0.548,0.011,CAUTIOUS &mdash; small edge on TOR,,2026-08-29T19:27:21+00:00,1.0,False,1.5,0.409,0.327,0.0,,,,,,,,,,,,,,,,,,,,,,,,,,,,,,,,,,,,,,,,,,
2026-08-29,822936,SD,TB,Nick Martinez,Walker Buehler,0.15,4.432,0.515,0.56,0.46,0.007,CAUTIOUS &mdash; small edge on SD,0.0,0.15,4.432,0.515,0.007,CAUTIOUS &mdash; small edge on SD,,2026-08-29T19:27:21+00:00,1.0,False,1.5,0.381,0.354,0.0,,,,,,,,,,,,,,,,,,,,,,,,,,,,,,,,,,,,,,,,,,
2026-08-29,823177,AZ,SF,Matt Wilkinson,Merrill Kelly,0.09,4.432,0.509,0.49,0.52,0.001,CAUTIOUS &mdash; small edge on SF,0.0,0.09,4.432,0.509,0.001,CAUTIOUS &mdash; small edge on SF,,2026-08-29T19:27:21+00:00,-6.0,False,1.5,0.375,0.36,0.0,,,,,,,,,,,,,,,,,,,,,,,,,,,,,,,,,,,,,,,,,,
2026-08-29,823582,HOU,NYM,Nolan McLean,Bennett Sousa,0.26,4.432,0.526,0.59,0.42,0.037,CAUTIOUS &mdash; small edge on HOU,0.0,0.26,4.432,0.526,0.037,CAUTIOUS &mdash; small edge on HOU,,2026-08-29T19:27:21+00:00,4.0,False,1.5,0.39,0.345,0.0,,,,,,,,,,,,,,,,,,,,,,,,,,,,,,,,,,,,,,,,,,
2026-08-29,823741,TEX,MIL,Shane Drohan,Cal Quantrill,1.37,4.432,0.635,0.61,0.4,0.008,CAUTIOUS &mdash; small edge on MIL,0.0,1.37,4.432,0.635,0.008,CAUTIOUS &mdash; small edge on MIL,,2026-08-29T19:27:21+00:00,2.0,False,1.5,0.489,0.258,0.0,,,,,,,,,,,,,,,,,,,,,,,,,,,,,,,,,,,,,,,,,,
2026-08-29,823986,PHI,LAA,Ryan Johnson,Cristopher Sánchez,-1.23,4.432,0.379,0.32,0.69,0.043,HIGH VALUE &mdash; LAA,0.0,-1.23,4.432,0.379,0.043,HIGH VALUE &mdash; LAA,,2026-08-29T19:27:21+00:00,-2.0,False,1.5,0.269,0.476,0.0,,,,,,,,,,,,,,,,,,,,,,,,,,,,,,,,,,,,,,,,,,
2026-08-29,824392,KC,CLE,Foster Griffin,Daniel Lynch IV,1.0,4.432,0.599,0.61,0.4,-0.016,NO VALUE at current price,0.0,1.0,4.432,0.599,-0.016,NO VALUE at current price,,2026-08-29T19:27:21+00:00,-5.0,False,1.5,0.455,0.286,0.0,,,,,,,,,,,,,,,,,,,,,,,,,,,,,,,,,,,,,,,,,,
2026-08-29,824874,COL,ATL,Martín Pérez,Zach Agnos,1.26,4.432,0.624,0.68,0.33,0.03,CAUTIOUS &mdash; small edge on COL,0.0,1.26,4.432,0.624,0.03,CAUTIOUS &mdash; small edge on COL,,2026-08-29T19:27:21+00:00,1.0,False,1.5,0.479,0.267,0.0,,,,,,,,,,,,,,,,,,,,,,,,,,,,,,,,,,,,,,,,,,
2026-08-29,824961,BAL,ATH,Jack Perkins,Shane Baz,-1.44,4.432,0.359,0.44,0.58,0.044,HIGH VALUE &mdash; BAL,0.0,-1.44,4.432,0.359,0.044,HIGH VALUE &mdash; BAL,,2026-08-29T19:27:21+00:00,-2.0,False,1.5,0.254,0.494,0.0,,,,,,,,,,,,,,,,,,,,,,,,,,,,,,,,,,,,,,,,,,
2026-08-29,823176,AZ,SF,,Mitch Bratt,-0.07,4.876,0.494,0.47,0.54,0.006,CAUTIOUS &mdash; small edge on SF,0.0,-0.07,4.876,0.494,0.006,CAUTIOUS &mdash; small edge on SF,,2026-08-29T19:27:21+00:00,5.0,True,1.5,0.374,0.384,0.0,,,,,,,,,,,,,,,,,,,,,,,,,,,,,,,,,,,,,,,,,,
2026-08-29,823501,BOS,NYY,Max Fried,,-0.11,4.876,0.49,0.57,0.44,0.053,HIGH VALUE &mdash; BOS,0.0,-0.11,4.876,0.49,0.053,HIGH VALUE &mdash; BOS,,2026-08-29T19:27:21+00:00,7.0,True,1.5,0.37,0.388,0.0,,,,,,,,,,,,,,,,,,,,,,,,,,,,,,,,,,,,,,,,,,
2026-08-29,822690,MIA,WSH,Cade Cavalli,Sandy Alcantara,-0.07,4.432,0.493,0.5,0.51,-0.021,NO VALUE at current price,0.0,-0.07,4.432,0.493,-0.021,NO VALUE at current price,,2026-08-29T19:31:53+00:00,1.0,False,1.5,0.362,0.373,0.0,9.0,0.588,0.494,0.406,0.04,OVER 9.5,,,,,,,,,,,,,,,,,,,,,,,,,,,,,,,,,,,,
2026-08-29,822770,SEA,TOR,José Soriano,Kade Anderson,0.48,4.432,0.548,0.52,0.5,0.011,CAUTIOUS &mdash; small edge on TOR,0.0,0.48,4.432,0.548,0.011,CAUTIOUS &mdash; small edge on TOR,,2026-08-29T19:31:53+00:00,1.0,False,1.5,0.409,0.327,0.0,8.48,0.543,0.447,0.359,0.016,no edge (best OVER 7.5),,,,,,,,,,,,,,,,,,,,,,,,,,,,,,,,,,,,
2026-08-29,822936,SD,TB,Nick Martinez,Walker Buehler,0.15,4.432,0.515,0.56,0.46,0.007,CAUTIOUS &mdash; small edge on SD,0.0,0.15,4.432,0.515,0.007,CAUTIOUS &mdash; small edge on SD,,2026-08-29T19:31:53+00:00,1.0,False,1.5,0.381,0.354,0.0,8.51,0.546,0.45,0.362,-0.001,no edge (best OVER 7.5),,,,,,,,,,,,,,,,,,,,,,,,,,,,,,,,,,,,
2026-08-29,823177,AZ,SF,Matt Wilkinson,Merrill Kelly,0.09,4.432,0.509,0.49,0.52,0.001,CAUTIOUS &mdash; small edge on SF,0.0,0.09,4.432,0.509,0.001,CAUTIOUS &mdash; small edge on SF,,2026-08-29T19:31:53+00:00,-6.0,False,1.5,0.375,0.36,0.0,8.64,0.557,0.462,0.374,0.011,no edge (best UNDER 8.5),,,,,,,,,,,,,,,,,,,,,,,,,,,,,,,,,,,,
2026-08-29,823582,HOU,NYM,Nolan McLean,Bennett Sousa,0.26,4.432,0.526,0.59,0.42,0.037,CAUTIOUS &mdash; small edge on HOU,0.0,0.26,4.432,0.526,0.037,CAUTIOUS &mdash; small edge on HOU,,2026-08-29T19:31:53+00:00,4.0,False,1.5,0.39,0.345,0.0,8.43,0.538,0.442,0.354,0.001,no edge (best UNDER 8.5),,,,,,,,,,,,,,,,,,,,,,,,,,,,,,,,,,,,
2026-08-29,823741,TEX,MIL,Shane Drohan,Cal Quantrill,1.37,4.432,0.635,0.61,0.4,0.008,CAUTIOUS &mdash; small edge on MIL,0.0,1.37,4.432,0.635,0.008,CAUTIOUS &mdash; small edge on MIL,,2026-08-29T19:31:53+00:00,2.0,False,1.5,0.489,0.258,0.0,8.4,0.535,0.439,0.352,0.014,no edge (best UNDER 8.5),,,,,,,,,,,,,,,,,,,,,,,,,,,,,,,,,,,,
2026-08-29,823986,PHI,LAA,Ryan Johnson,Cristopher Sánchez,-1.23,4.432,0.379,0.32,0.69,0.043,HIGH VALUE &mdash; LAA,0.0,-1.23,4.432,0.379,0.043,HIGH VALUE &mdash; LAA,,2026-08-29T19:31:53+00:00,-2.0,False,1.5,0.269,0.476,0.0,8.59,0.552,0.457,0.369,-0.005,no edge (best OVER 7.5),,,,,,,,,,,,,,,,,,,,,,,,,,,,,,,,,,,,
2026-08-29,824392,KC,CLE,Foster Griffin,Daniel Lynch IV,1.0,4.432,0.599,0.61,0.4,-0.016,NO VALUE at current price,0.0,1.0,4.432,0.599,-0.016,NO VALUE at current price,,2026-08-29T19:31:53+00:00,-5.0,False,1.5,0.455,0.286,0.0,8.34,0.53,0.434,0.346,-0.001,no edge (best UNDER 8.5),,,,,,,,,,,,,,,,,,,,,,,,,,,,,,,,,,,,
2026-08-29,824874,COL,ATL,Martín Pérez,Zach Agnos,1.26,4.432,0.624,0.68,0.33,0.03,CAUTIOUS &mdash; small edge on COL,0.0,1.26,4.432,0.624,0.03,CAUTIOUS &mdash; small edge on COL,,2026-08-29T19:31:53+00:00,1.0,False,1.5,0.479,0.267,0.0,9.18,0.603,0.51,0.422,0.003,no edge (best UNDER 8.5),,,,,,,,,,,,,,,,,,,,,,,,,,,,,,,,,,,,
2026-08-29,824961,BAL,ATH,Jack Perkins,Shane Baz,-1.44,4.432,0.359,0.44,0.58,0.044,HIGH VALUE &mdash; BAL,0.0,-1.44,4.432,0.359,0.044,HIGH VALUE &mdash; BAL,,2026-08-29T19:31:53+00:00,-2.0,False,1.5,0.254,0.494,0.0,9.26,0.61,0.517,0.429,0.097,UNDER 8.5,,,,,,,,,,,,,,,,,,,,,,,,,,,,,,,,,,,,
2026-08-29,823176,AZ,SF,,Mitch Bratt,-0.07,4.876,0.494,0.47,0.54,0.006,CAUTIOUS &mdash; small edge on SF,0.0,-0.07,4.876,0.494,0.006,CAUTIOUS &mdash; small edge on SF,,2026-08-29T19:31:53+00:00,5.0,True,1.5,0.374,0.384,0.0,8.12,0.509,0.413,0.326,0.01,no edge (best UNDER 8.5),,,,,,,,,,,,,,,,,,,,,,,,,,,,,,,,,,,,
2026-08-29,823501,BOS,NYY,Max Fried,,-0.11,4.876,0.49,0.57,0.44,0.053,HIGH VALUE &mdash; BOS,0.0,-0.11,4.876,0.49,0.053,HIGH VALUE &mdash; BOS,,2026-08-29T19:31:53+00:00,7.0,True,1.5,0.37,0.388,0.0,7.63,0.461,0.365,0.282,0.048,UNDER 8.5,,,,,,,,,,,,,,,,,,,,,,,,,,,,,,,,,,,,
2026-08-29,822690,MIA,WSH,Cade Cavalli,Sandy Alcantara,-0.07,4.432,0.493,0.5,0.51,-0.021,NO VALUE at current price,0.0,-0.07,4.432,0.493,-0.021,NO VALUE at current price,,2026-08-29T19:37:29+00:00,1.0,False,1.5,0.362,0.373,0.0,9.0,0.588,0.494,0.406,0.04,OVER 9.5,,,,,,,,,,,,,,,,,,,,,,,,,,,,,,,,,,,,
2026-08-29,822770,SEA,TOR,José Soriano,Kade Anderson,0.48,4.432,0.548,0.51,0.5,0.02,CAUTIOUS &mdash; small edge on TOR,0.0,0.48,4.432,0.548,0.02,CAUTIOUS &mdash; small edge on TOR,,2026-08-29T19:37:29+00:00,1.0,False,1.5,0.409,0.327,0.0,8.48,0.543,0.447,0.359,0.016,no edge (best OVER 7.5),,,,,,,,,,,,,,,,,,,,,,,,,,,,,,,,,,,,
2026-08-29,822936,SD,TB,Nick Martinez,Walker Buehler,0.15,4.432,0.515,0.56,0.46,0.007,CAUTIOUS &mdash; small edge on SD,0.0,0.15,4.432,0.515,0.007,CAUTIOUS &mdash; small edge on SD,,2026-08-29T19:37:29+00:00,1.0,False,1.5,0.381,0.354,0.0,8.51,0.546,0.45,0.362,-0.001,no edge (best OVER 7.5),,,,,,,,,,,,,,,,,,,,,,,,,,,,,,,,,,,,
2026-08-29,823177,AZ,SF,Matt Wilkinson,Merrill Kelly,0.09,4.432,0.509,0.49,0.52,0.001,CAUTIOUS &mdash; small edge on SF,0.0,0.09,4.432,0.509,0.001,CAUTIOUS &mdash; small edge on SF,,2026-08-29T19:37:29+00:00,-6.0,False,1.5,0.375,0.36,0.0,8.64,0.557,0.462,0.374,0.011,no edge (best UNDER 8.5),,,,,,,,,,,,,,,,,,,,,,,,,,,,,,,,,,,,
2026-08-29,823582,HOU,NYM,Nolan McLean,Bennett Sousa,0.26,4.432,0.526,0.59,0.42,0.037,CAUTIOUS &mdash; small edge on HOU,0.0,0.26,4.432,0.526,0.037,CAUTIOUS &mdash; small edge on HOU,,2026-08-29T19:37:29+00:00,4.0,False,1.5,0.39,0.345,0.0,8.43,0.538,0.442,0.354,0.001,no edge (best UNDER 8.5),,,,,,,,,,,,,,,,,,,,,,,,,,,,,,,,,,,,
2026-08-29,823741,TEX,MIL,Shane Drohan,Cal Quantrill,1.37,4.432,0.635,0.61,0.4,0.008,CAUTIOUS &mdash; small edge on MIL,0.0,1.37,4.432,0.635,0.008,CAUTIOUS &mdash; small edge on MIL,,2026-08-29T19:37:29+00:00,2.0,False,1.5,0.489,0.258,0.0,8.4,0.535,0.439,0.352,0.014,no edge (best UNDER 8.5),,,,,,,,,,,,,,,,,,,,,,,,,,,,,,,,,,,,
2026-08-29,823986,PHI,LAA,Ryan Johnson,Cristopher Sánchez,-1.23,4.432,0.379,0.32,0.69,0.043,HIGH VALUE &mdash; LAA,0.0,-1.23,4.432,0.379,0.043,HIGH VALUE &mdash; LAA,,2026-08-29T19:37:29+00:00,-2.0,False,1.5,0.269,0.476,0.0,8.59,0.552,0.457,0.369,-0.005,no edge (best OVER 7.5),,,,,,,,,,,,,,,,,,,,,,,,,,,,,,,,,,,,
2026-08-29,824392,KC,CLE,Foster Griffin,Daniel Lynch IV,1.0,4.432,0.599,0.61,0.4,-0.016,NO VALUE at current price,0.0,1.0,4.432,0.599,-0.016,NO VALUE at current price,,2026-08-29T19:37:29+00:00,-5.0,False,1.5,0.455,0.286,0.0,8.34,0.53,0.434,0.346,-0.001,no edge (best UNDER 8.5),,,,,,,,,,,,,,,,,,,,,,,,,,,,,,,,,,,,
2026-08-29,824874,COL,ATL,Martín Pérez,Zach Agnos,1.26,4.432,0.624,0.68,0.33,0.03,CAUTIOUS &mdash; small edge on COL,0.0,1.26,4.432,0.624,0.03,CAUTIOUS &mdash; small edge on COL,,2026-08-29T19:37:29+00:00,1.0,False,1.5,0.479,0.267,0.0,9.18,0.603,0.51,0.422,0.003,no edge (best UNDER 8.5),,,,,,,,,,,,,,,,,,,,,,,,,,,,,,,,,,,,
2026-08-29,824961,BAL,ATH,Jack Perkins,Shane Baz,-1.44,4.432,0.359,0.44,0.58,0.044,HIGH VALUE &mdash; BAL,0.0,-1.44,4.432,0.359,0.044,HIGH VALUE &mdash; BAL,,2026-08-29T19:37:29+00:00,-2.0,False,1.5,0.254,0.494,0.0,9.26,0.61,0.517,0.429,0.097,UNDER 8.5,,,,,,,,,,,,,,,,,,,,,,,,,,,,,,,,,,,,
2026-08-29,823176,AZ,SF,,Mitch Bratt,-0.07,4.876,0.494,0.47,0.54,0.006,CAUTIOUS &mdash; small edge on SF,0.0,-0.07,4.876,0.494,0.006,CAUTIOUS &mdash; small edge on SF,,2026-08-29T19:37:29+00:00,5.0,True,1.5,0.374,0.384,0.0,8.12,0.509,0.413,0.326,0.01,no edge (best UNDER 8.5),,,,,,,,,,,,,,,,,,,,,,,,,,,,,,,,,,,,
2026-08-29,823501,BOS,NYY,Max Fried,,-0.11,4.876,0.49,0.56,0.44,0.053,HIGH VALUE &mdash; BOS,0.0,-0.11,4.876,0.49,0.053,HIGH VALUE &mdash; BOS,,2026-08-29T19:37:29+00:00,7.0,True,1.5,0.37,0.388,0.0,7.63,0.461,0.365,0.282,0.048,UNDER 8.5,,,,,,,,,,,,,,,,,,,,,,,,,,,,,,,,,,,,
2026-08-29,822690,MIA,WSH,Cade Cavalli,Sandy Alcantara,-0.07,4.432,0.493,0.5,0.51,-0.021,NO VALUE at current price,0.0,-0.07,4.432,0.493,-0.021,NO VALUE at current price,,2026-08-29T19:42:39+00:00,1.0,False,1.5,0.362,0.373,0.0,9.0,0.588,0.494,0.406,0.04,OVER 9.5,,,,,,,,,,,,,,,,,,,,,,,,,,,,,,,,,,,,
2026-08-29,822770,SEA,TOR,José Soriano,Kade Anderson,0.48,4.432,0.548,0.51,0.5,0.02,CAUTIOUS &mdash; small edge on TOR,0.0,0.48,4.432,0.548,0.02,CAUTIOUS &mdash; small edge on TOR,,2026-08-29T19:42:39+00:00,1.0,False,1.5,0.409,0.327,0.0,8.48,0.543,0.447,0.359,0.016,no edge (best OVER 7.5),,,,,,,,,,,,,,,,,,,,,,,,,,,,,,,,,,,,
2026-08-29,822936,SD,TB,Nick Martinez,Walker Buehler,0.15,4.432,0.515,0.56,0.46,0.007,CAUTIOUS &mdash; small edge on SD,0.0,0.15,4.432,0.515,0.007,CAUTIOUS &mdash; small edge on SD,,2026-08-29T19:42:39+00:00,1.0,False,1.5,0.381,0.354,0.0,8.51,0.546,0.45,0.362,-0.001,no edge (best OVER 7.5),,,,,,,,,,,,,,,,,,,,,,,,,,,,,,,,,,,,
2026-08-29,823177,AZ,SF,Matt Wilkinson,Merrill Kelly,0.09,4.432,0.509,0.49,0.52,0.001,CAUTIOUS &mdash; small edge on SF,0.0,0.09,4.432,0.509,0.001,CAUTIOUS &mdash; small edge on SF,,2026-08-29T19:42:39+00:00,-6.0,False,1.5,0.375,0.36,0.0,8.64,0.557,0.462,0.374,0.011,no edge (best UNDER 8.5),,,,,,,,,,,,,,,,,,,,,,,,,,,,,,,,,,,,
2026-08-29,823582,HOU,NYM,Nolan McLean,Bennett Sousa,0.26,4.432,0.526,0.59,0.42,0.037,CAUTIOUS &mdash; small edge on HOU,0.0,0.26,4.432,0.526,0.037,CAUTIOUS &mdash; small edge on HOU,,2026-08-29T19:42:39+00:00,4.0,False,1.5,0.39,0.345,0.0,8.43,0.538,0.442,0.354,0.001,no edge (best UNDER 8.5),,,,,,,,,,,,,,,,,,,,,,,,,,,,,,,,,,,,
2026-08-29,823741,TEX,MIL,Shane Drohan,Cal Quantrill,1.37,4.432,0.635,0.61,0.4,0.008,CAUTIOUS &mdash; small edge on MIL,0.0,1.37,4.432,0.635,0.008,CAUTIOUS &mdash; small edge on MIL,,2026-08-29T19:42:39+00:00,2.0,False,1.5,0.489,0.258,0.0,8.4,0.535,0.439,0.352,0.014,no edge (best UNDER 8.5),,,,,,,,,,,,,,,,,,,,,,,,,,,,,,,,,,,,
2026-08-29,823986,PHI,LAA,Ryan Johnson,Cristopher Sánchez,-1.23,4.432,0.379,0.32,0.69,0.043,HIGH VALUE &mdash; LAA,0.0,-1.23,4.432,0.379,0.043,HIGH VALUE &mdash; LAA,,2026-08-29T19:42:39+00:00,-2.0,False,1.5,0.269,0.476,0.0,8.59,0.552,0.457,0.369,-0.005,no edge (best OVER 7.5),,,,,,,,,,,,,,,,,,,,,,,,,,,,,,,,,,,,
2026-08-29,824392,KC,CLE,Foster Griffin,Daniel Lynch IV,1.0,4.432,0.599,0.61,0.4,-0.016,NO VALUE at current price,0.0,1.0,4.432,0.599,-0.016,NO VALUE at current price,,2026-08-29T19:42:39+00:00,-5.0,False,1.5,0.455,0.286,0.0,8.34,0.53,0.434,0.346,-0.001,no edge (best UNDER 8.5),,,,,,,,,,,,,,,,,,,,,,,,,,,,,,,,,,,,
2026-08-29,824874,COL,ATL,Martín Pérez,Zach Agnos,1.26,4.432,0.624,0.69,0.33,0.03,CAUTIOUS &mdash; small edge on COL,0.0,1.26,4.432,0.624,0.03,CAUTIOUS &mdash; small edge on COL,,2026-08-29T19:42:39+00:00,1.0,False,1.5,0.479,0.267,0.0,9.18,0.603,0.51,0.422,0.003,no edge (best UNDER 8.5),,,,,,,,,,,,,,,,,,,,,,,,,,,,,,,,,,,,
2026-08-29,824961,BAL,ATH,Jack Perkins,Shane Baz,-1.44,4.432,0.359,0.44,0.58,0.044,HIGH VALUE &mdash; BAL,0.0,-1.44,4.432,0.359,0.044,HIGH VALUE &mdash; BAL,,2026-08-29T19:42:39+00:00,-2.0,False,1.5,0.254,0.494,0.0,9.26,0.61,0.517,0.429,0.097,UNDER 8.5,,,,,,,,,,,,,,,,,,,,,,,,,,,,,,,,,,,,
2026-08-29,823176,AZ,SF,,Mitch Bratt,-0.07,4.876,0.494,0.47,0.54,0.006,CAUTIOUS &mdash; small edge on SF,0.0,-0.07,4.876,0.494,0.006,CAUTIOUS &mdash; small edge on SF,,2026-08-29T19:42:39+00:00,5.0,True,1.5,0.374,0.384,0.0,8.12,0.509,0.413,0.326,0.01,no edge (best UNDER 8.5),,,,,,,,,,,,,,,,,,,,,,,,,,,,,,,,,,,,
2026-08-29,823501,BOS,NYY,Max Fried,,-0.11,4.876,0.49,0.56,0.45,0.043,HIGH VALUE &mdash; BOS,0.0,-0.11,4.876,0.49,0.043,HIGH VALUE &mdash; BOS,,2026-08-29T19:42:39+00:00,7.0,True,1.5,0.37,0.388,0.0,7.63,0.461,0.365,0.282,0.038,no edge (best UNDER 8.5),,,,,,,,,,,,,,,,,,,,,,,,,,,,,,,,,,,,
2026-08-29,823986,PHI,LAA,Ryan Johnson,Cristopher Sánchez,-1.24,4.432,0.378,0.32,0.69,0.043,HIGH VALUE &mdash; LAA,0.0,-1.24,4.432,0.378,0.043,HIGH VALUE &mdash; LAA,,2026-08-29T23:30:12+00:00,-2.0,False,1.5,0.269,0.476,0.0,8.59,0.553,0.457,0.369,-0.004,no edge (best OVER 7.5),,,,,,,,,,,,,,,,,,,,,,,,,,,,,,,,,,,,
2026-08-29,824961,BAL,ATH,Jack Perkins,Shane Baz,-1.43,4.432,0.36,0.43,0.58,0.043,HIGH VALUE &mdash; BAL,0.0,-1.43,4.432,0.36,0.043,HIGH VALUE &mdash; BAL,,2026-08-29T23:30:12+00:00,-2.0,False,1.5,0.254,0.494,0.0,9.26,0.61,0.517,0.429,0.097,UNDER 8.5,,,,,,,,,,,,,,,,,,,,,,,,,,,,,,,,,,,,
2026-08-29,823176,AZ,SF,Yunior Marte,Mitch Bratt,-0.06,4.432,0.494,0.47,0.55,0.006,CAUTIOUS &mdash; small edge on SF,0.0,-0.06,4.432,0.494,0.006,CAUTIOUS &mdash; small edge on SF,,2026-08-29T23:30:12+00:00,5.0,False,1.5,0.362,0.373,0.0,8.1,0.507,0.411,0.325,0.012,no edge (best UNDER 8.5),,,,,,,,,,,,,,,,,,,,,,,,,,,,,,,,,,,,
2026-08-30,822688,MIA,WSH,Andrew Alvarez,Janson Junk,-0.03,4.433,0.497,0.49,0.52,-0.01,NO VALUE at current price,0.0,-0.03,4.433,0.497,-0.01,NO VALUE at current price,,2026-08-30T02:29:04+00:00,-4.0,False,1.5,0.365,0.37,0.0,9.2,0.604,0.511,0.423,0.012,no edge (best UNDER 8.5),,,,,,,,,,,,,,,,,,,,,,,,,,,,,,,,,,,,
2026-08-30,822766,SEA,TOR,Max Scherzer,Logan Gilbert,-0.12,4.433,0.488,0.46,0.55,0.011,CAUTIOUS &mdash; small edge on TOR,0.0,-0.12,4.433,0.488,0.011,CAUTIOUS &mdash; small edge on TOR,,2026-08-30T02:29:04+00:00,7.0,False,1.5,0.358,0.378,0.0,8.8,0.571,0.476,0.388,0.014,no edge (best OVER 7.5),,,,,,,,,,,,,,,,,,,,,,,,,,,,,,,,,,,,
2026-08-30,822933,SD,TB,Drew Rasmussen,Robbie Ray,0.42,4.433,0.542,0.62,0.4,0.041,HIGH VALUE &mdash; SD,0.0,0.42,4.433,0.542,0.041,HIGH VALUE &mdash; SD,,2026-08-30T02:29:04+00:00,1.0,False,1.5,0.404,0.332,0.0,8.16,0.513,0.417,0.33,0.036,no edge (best OVER 9.5),,,,,,,,,,,,,,,,,,,,,,,,,,,,,,,,,,,,
2026-08-30,823010,PIT,STL,Matthew Liberatore,Braxton Ashcraft,-0.21,4.433,0.479,0.49,0.52,-0.017,NO VALUE at current price,0.0,-0.21,4.433,0.479,-0.017,NO VALUE at current price,,2026-08-30T02:29:04+00:00,-1.0,False,1.5,0.35,0.385,0.0,8.45,0.54,0.444,0.356,-0.007,no edge (best OVER 7.5),,,,,,,,,,,,,,,,,,,,,,,,,,,,,,,,,,,,
2026-08-30,823502,BOS,NYY,Will Warren,Ranger Suarez,-0.29,4.433,0.471,0.5,0.52,-0.009,NO VALUE at current price,0.0,-0.29,4.433,0.471,-0.009,NO VALUE at current price,,2026-08-30T02:29:04+00:00,15.0,False,1.5,0.344,0.392,0.0,8.17,0.514,0.417,0.331,0.026,no edge (best UNDER 8.5),,,,,,,,,,,,,,,,,,,,,,,,,,,,,,,,,,,,
2026-08-30,823580,HOU,NYM,Zac Thornton,Ethan Pecko,0.38,4.433,0.538,0.53,0.48,-0.01,NO VALUE at current price,0.0,0.38,4.433,0.538,-0.01,NO VALUE at current price,,2026-08-30T02:29:04+00:00,-3.0,False,1.5,0.4,0.336,0.0,8.51,0.546,0.45,0.362,0.068,UNDER 7.5,,,,,,,,,,,,,,,,,,,,,,,,,,,,,,,,,,,,
2026-08-30,823662,CWS,MIN,Zebby Matthews,Jordan Hicks,-0.4,4.433,0.46,0.52,0.49,0.032,CAUTIOUS &mdash; small edge on CWS,0.0,-0.4,4.433,0.46,0.032,CAUTIOUS &mdash; small edge on CWS,,2026-08-30T02:29:04+00:00,4.0,False,1.5,0.334,0.402,0.0,9.14,0.6,0.506,0.418,,,,,,,,,,,,,,,,,,,,,,,,,,,,,,,,,,,,,,
2026-08-30,823740,TEX,MIL,Dustin May,Kumar Rocker,1.78,4.433,0.672,0.62,0.39,0.035,CAUTIOUS &mdash; small edge on MIL,0.0,1.78,4.433,0.672,0.035,CAUTIOUS &mdash; small edge on MIL,,2026-08-30T02:29:04+00:00,-3.0,False,1.5,0.525,0.23,0.0,8.37,0.532,0.436,0.349,0.047,UNDER 8.5,,,,,,,,,,,,,,,,,,,,,,,,,,,,,,,,,,,,
2026-08-30,823987,PHI,LAA,Yusei Kikuchi,Zack Wheeler,-0.83,4.433,0.417,0.37,0.64,0.031,CAUTIOUS &mdash; small edge on LAA,0.0,-0.83,4.433,0.417,0.031,CAUTIOUS &mdash; small edge on LAA,,2026-08-30T02:29:04+00:00,-3.0,False,1.5,0.299,0.44,0.0,8.55,0.549,0.453,0.366,-0.0,no edge (best UNDER 8.5),,,,,,,,,,,,,,,,,,,,,,,,,,,,,,,,,,,,
2026-08-30,824232,LAD,DET,Framber Valdez,Tyler Glasnow,-0.51,4.433,0.449,0.41,0.6,0.022,CAUTIOUS &mdash; small edge on DET,0.0,-0.51,4.433,0.449,0.022,CAUTIOUS &mdash; small edge on DET,,2026-08-30T02:29:04+00:00,-5.0,False,1.5,0.325,0.412,0.0,8.29,0.526,0.429,0.342,0.019,no edge (best OVER 7.5),,,,,,,,,,,,,,,,,,,,,,,,,,,,,,,,,,,,
2026-08-30,824393,KC,CLE,Parker Messick,Seth Lugo,0.82,4.433,0.582,0.63,0.38,0.022,CAUTIOUS &mdash; small edge on KC,0.0,0.82,4.433,0.582,0.022,CAUTIOUS &mdash; small edge on KC,,2026-08-30T02:29:04+00:00,10.0,False,1.5,0.439,0.3,0.0,7.98,0.495,0.399,0.313,-0.006,no edge (best UNDER 8.5),,,,,,,,,,,,,,,,,,,,,,,,,,,,,,,,,,,,
2026-08-30,824636,CIN,CHC,Shota Imanaga,Chase Burns,0.94,4.433,0.593,0.56,0.44,0.016,CAUTIOUS &mdash; small edge on CHC,0.0,0.94,4.433,0.593,0.016,CAUTIOUS &mdash; small edge on CHC,,2026-08-30T02:29:04+00:00,-2.0,False,1.5,0.45,0.291,0.0,8.77,0.568,0.473,0.385,0.05,UNDER 8.5,,,,,,,,,,,,,,,,,,,,,,,,,,,,,,,,,,,,
2026-08-30,824876,COL,ATL,Tyler Mahle,Mason Adams,1.36,4.433,0.633,0.68,0.33,0.021,CAUTIOUS &mdash; small edge on COL,0.0,1.36,4.433,0.633,0.021,CAUTIOUS &mdash; small edge on COL,,2026-08-30T02:29:04+00:00,1.0,False,1.5,0.487,0.259,0.0,8.73,0.565,0.47,0.381,0.013,no edge (best UNDER 8.5),,,,,,,,,,,,,,,,,,,,,,,,,,,,,,,,,,,,
2026-08-30,824959,BAL,ATH,,Chris Bassitt,-0.83,4.876,0.425,0.41,0.59,-0.002,NO VALUE at current price,0.0,-0.83,4.876,0.425,-0.002,NO VALUE at current price,,2026-08-30T02:29:04+00:00,-3.0,True,1.5,0.317,0.445,0.0,9.54,0.631,0.54,0.453,0.104,UNDER 8.5,,,,,,,,,,,,,,,,,,,,,,,,,,,,,,,,,,,,
2026-08-30,822766,SEA,TOR,Max Scherzer,Logan Gilbert,-0.12,4.432,0.488,0.44,0.57,0.031,CAUTIOUS &mdash; small edge on TOR,0.0,-0.12,4.432,0.488,0.031,CAUTIOUS &mdash; small edge on TOR,,2026-08-30T16:54:49+00:00,7.0,False,1.5,0.357,0.378,0.0,8.77,0.568,0.473,0.385,0.021,no edge (best OVER 7.5),,,,,,,,,,,,,,,,,,,,,,,,,,,,,,,,,,,,
2026-08-30,822933,SD,TB,Drew Rasmussen,Robbie Ray,0.42,4.432,0.542,0.6,0.41,0.031,CAUTIOUS &mdash; small edge on SD,0.0,0.42,4.432,0.542,0.031,CAUTIOUS &mdash; small edge on SD,,2026-08-30T16:54:49+00:00,1.0,False,1.5,0.404,0.332,0.0,8.14,0.511,0.415,0.328,0.044,OVER 9.5,,,,,,,,,,,,,,,,,,,,,,,,,,,,,,,,,,,,
2026-08-30,823010,PIT,STL,Matthew Liberatore,Braxton Ashcraft,-0.2,4.432,0.48,0.46,0.54,0.002,CAUTIOUS &mdash; small edge on STL,0.0,-0.2,4.432,0.48,0.002,CAUTIOUS &mdash; small edge on STL,,2026-08-30T16:54:49+00:00,-1.0,False,1.5,0.35,0.385,0.0,8.42,0.538,0.442,0.354,0.001,no edge (best OVER 7.5),,,,,,,,,,,,,,,,,,,,,,,,,,,,,,,,,,,,
2026-08-30,823502,BOS,NYY,Will Warren,Ranger Suarez,-0.28,4.432,0.472,0.43,0.59,0.024,CAUTIOUS &mdash; small edge on NYY,0.0,-0.28,4.432,0.472,0.024,CAUTIOUS &mdash; small edge on NYY,,2026-08-30T16:54:49+00:00,15.0,False,1.5,0.344,0.392,0.0,8.14,0.511,0.415,0.329,0.028,no edge (best UNDER 8.5),,,,,,,,,,,,,,,,,,,,,,,,,,,,,,,,,,,,
2026-08-30,823580,HOU,NYM,Zac Thornton,Ethan Pecko,0.38,4.432,0.537,0.54,0.47,-0.02,NO VALUE at current price,0.0,0.38,4.432,0.537,-0.02,NO VALUE at current price,,2026-08-30T16:54:49+00:00,-3.0,False,1.5,0.4,0.336,0.0,8.49,0.544,0.448,0.36,0.085,UNDER 8.5,,,,,,,,,,,,,,,,,,,,,,,,,,,,,,,,,,,,
2026-08-30,823662,CWS,MIN,Zebby Matthews,Jordan Hicks,-0.4,4.432,0.46,0.53,0.49,0.032,CAUTIOUS &mdash; small edge on CWS,0.0,-0.4,4.432,0.46,0.032,CAUTIOUS &mdash; small edge on CWS,,2026-08-30T16:54:49+00:00,4.0,False,1.5,0.334,0.402,0.0,9.12,0.598,0.504,0.416,0.009,no edge (best UNDER 8.5),,,,,,,,,,,,,,,,,,,,,,,,,,,,,,,,,,,,
2026-08-30,823740,TEX,MIL,Dustin May,Kumar Rocker,1.77,4.432,0.672,0.62,0.4,0.035,CAUTIOUS &mdash; small edge on MIL,0.0,1.77,4.432,0.672,0.035,CAUTIOUS &mdash; small edge on MIL,,2026-08-30T16:54:49+00:00,-3.0,False,1.5,0.525,0.23,0.0,8.34,0.53,0.434,0.347,0.049,UNDER 8.5,,,,,,,,,,,,,,,,,,,,,,,,,,,,,,,,,,,,
2026-08-30,823987,PHI,LAA,Yusei Kikuchi,Zack Wheeler,-0.83,4.432,0.417,0.39,0.62,0.011,CAUTIOUS &mdash; small edge on LAA,0.0,-0.83,4.432,0.417,0.011,CAUTIOUS &mdash; small edge on LAA,,2026-08-30T16:54:49+00:00,-3.0,False,1.5,0.299,0.44,0.0,8.49,0.544,0.448,0.36,0.017,no edge (best OVER 7.5),,,,,,,,,,,,,,,,,,,,,,,,,,,,,,,,,,,,
2026-08-30,824232,LAD,DET,Framber Valdez,Tyler Glasnow,-0.52,4.432,0.449,0.41,0.6,0.022,CAUTIOUS &mdash; small edge on DET,0.0,-0.52,4.432,0.449,0.022,CAUTIOUS &mdash; small edge on DET,,2026-08-30T16:54:49+00:00,-5.0,False,1.5,0.325,0.412,0.0,8.27,0.523,0.427,0.34,0.025,no edge (best OVER 9.5),,,,,,,,,,,,,,,,,,,,,,,,,,,,,,,,,,,,
2026-08-30,824393,KC,CLE,Parker Messick,Seth Lugo,0.82,4.432,0.582,0.63,0.38,0.022,CAUTIOUS &mdash; small edge on KC,0.0,0.82,4.432,0.582,0.022,CAUTIOUS &mdash; small edge on KC,,2026-08-30T16:54:49+00:00,10.0,False,1.5,0.439,0.3,0.0,7.95,0.493,0.397,0.311,-0.004,no edge (best UNDER 8.5),,,,,,,,,,,,,,,,,,,,,,,,,,,,,,,,,,,,
2026-08-30,824636,CIN,CHC,Shota Imanaga,Chase Burns,0.94,4.432,0.593,0.6,0.41,-0.02,NO VALUE at current price,0.0,0.94,4.432,0.593,-0.02,NO VALUE at current price,,2026-08-30T16:54:49+00:00,-2.0,False,1.5,0.45,0.291,0.0,8.75,0.567,0.472,0.383,0.091,UNDER 8.5,,,,,,,,,,,,,,,,,,,,,,,,,,,,,,,,,,,,
2026-08-30,824876,COL,ATL,Tyler Mahle,Mason Adams,1.36,4.432,0.633,0.69,0.32,0.032,CAUTIOUS &mdash; small edge on COL,0.0,1.36,4.432,0.633,0.032,CAUTIOUS &mdash; small edge on COL,,2026-08-30T16:54:49+00:00,1.0,False,1.5,0.487,0.26,0.0,8.71,0.563,0.468,0.38,-0.005,no edge (best UNDER 8.5),,,,,,,,,,,,,,,,,,,,,,,,,,,,,,,,,,,,
2026-08-30,824959,BAL,ATH,Jeffrey Springs,Chris Bassitt,-1.3,4.432,0.372,0.42,0.59,0.021,CAUTIOUS &mdash; small edge on BAL,0.0,-1.3,4.432,0.372,0.021,CAUTIOUS &mdash; small edge on BAL,,2026-08-30T16:54:49+00:00,-3.0,False,1.5,0.264,0.482,0.0,10.1,0.671,0.584,0.499,0.06,UNDER 8.5,,,,,,,,,,,,,,,,,,,,,,,,,,,,,,,,,,,,
2026-08-30,823580,HOU,NYM,Zac Thornton,Ethan Pecko,0.38,4.432,0.537,0.54,0.47,-0.02,NO VALUE at current price,0.0,0.38,4.432,0.537,-0.02,NO VALUE at current price,,2026-08-30T18:29:44+00:00,-3.0,False,1.5,0.4,0.336,0.0,8.49,0.543,0.447,0.36,0.086,UNDER 8.5,,,,,,,,,,,,,,,,,,,,,,,,,,,,,,,,,,,,
2026-08-30,823987,PHI,LAA,Yusei Kikuchi,Zack Wheeler,-0.83,4.432,0.417,0.39,0.62,0.011,CAUTIOUS &mdash; small edge on LAA,0.0,-0.83,4.432,0.417,0.011,CAUTIOUS &mdash; small edge on LAA,,2026-08-30T18:29:44+00:00,-3.0,False,1.5,0.299,0.44,0.0,8.48,0.543,0.447,0.359,0.006,no edge (best OVER 7.5),,,,,,,,,,,,,,,,,,,,,,,,,,,,,,,,,,,,
2026-08-30,824232,LAD,DET,Framber Valdez,Tyler Glasnow,-0.52,4.432,0.449,0.41,0.6,0.022,CAUTIOUS &mdash; small edge on DET,0.0,-0.52,4.432,0.449,0.022,CAUTIOUS &mdash; small edge on DET,,2026-08-30T18:29:44+00:00,-5.0,False,1.5,0.325,0.412,0.0,8.26,0.523,0.426,0.34,0.025,no edge (best OVER 9.5),,,,,,,,,,,,,,,,,,,,,,,,,,,,,,,,,,,,
2026-08-30,824636,CIN,CHC,Shota Imanaga,Chase Burns,0.94,4.432,0.593,0.6,0.41,-0.02,NO VALUE at current price,0.0,0.94,4.432,0.593,-0.02,NO VALUE at current price,,2026-08-30T18:29:44+00:00,-2.0,False,1.5,0.45,0.291,0.0,8.74,0.566,0.471,0.383,0.092,UNDER 8.5,,,,,,,,,,,,,,,,,,,,,,,,,,,,,,,,,,,,
2026-08-30,824959,BAL,ATH,Jeffrey Springs,Chris Bassitt,-1.3,4.432,0.372,0.42,0.58,0.031,CAUTIOUS &mdash; small edge on BAL,0.0,-1.3,4.432,0.372,0.031,CAUTIOUS &mdash; small edge on BAL,,2026-08-30T18:29:44+00:00,-3.0,False,1.5,0.264,0.482,0.0,10.09,0.671,0.584,0.498,0.04,no edge (best UNDER 8.5),,,,,,,,,,,,,,,,,,,,,,,,,,,,,,,,,,,,
2026-08-30,823580,HOU,NYM,Zac Thornton,Ethan Pecko,0.38,4.432,0.537,0.54,0.47,-0.02,NO VALUE at current price,0.0,0.38,4.432,0.537,-0.02,NO VALUE at current price,,2026-08-30T18:39:24+00:00,-3.0,False,1.5,0.4,0.336,0.0,8.49,0.544,0.448,0.36,0.085,UNDER 8.5,,,,,,,,,,,,,,,,,,,,,,,,,,,,,,,,,,,,
2026-08-30,823987,PHI,LAA,Yusei Kikuchi,Zack Wheeler,-0.83,4.432,0.417,0.39,0.62,0.011,CAUTIOUS &mdash; small edge on LAA,0.0,-0.83,4.432,0.417,0.011,CAUTIOUS &mdash; small edge on LAA,,2026-08-30T18:39:24+00:00,-3.0,False,1.5,0.299,0.44,0.0,8.48,0.543,0.447,0.36,0.006,no edge (best OVER 7.5),,,,,,,,,,,,,,,,,,,,,,,,,,,,,,,,,,,,
2026-08-30,824636,CIN,CHC,Shota Imanaga,Chase Burns,0.94,4.432,0.593,0.6,0.41,-0.02,NO VALUE at current price,0.0,0.94,4.432,0.593,-0.02,NO VALUE at current price,,2026-08-30T18:39:24+00:00,-2.0,False,1.5,0.45,0.291,0.0,8.74,0.566,0.471,0.383,0.092,UNDER 8.5,,,,,,,,,,,,,,,,,,,,,,,,,,,,,,,,,,,,
2026-08-30,824959,BAL,ATH,Jeffrey Springs,Chris Bassitt,-1.3,4.432,0.372,0.42,0.58,0.031,CAUTIOUS &mdash; small edge on BAL,0.0,-1.3,4.432,0.372,0.031,CAUTIOUS &mdash; small edge on BAL,,2026-08-30T18:39:24+00:00,-3.0,False,1.5,0.264,0.482,0.0,10.09,0.671,0.584,0.498,0.04,no edge (best UNDER 8.5),,,,,,,,,,,,,,,,,,,,,,,,,,,,,,,,,,,,
2026-08-30,823580,HOU,NYM,Zac Thornton,Ethan Pecko,0.38,4.432,0.537,0.54,0.47,-0.02,NO VALUE at current price,0.0,0.38,4.432,0.537,-0.02,NO VALUE at current price,,2026-08-30T18:45:04+00:00,-3.0,False,1.5,0.4,0.336,0.0,8.49,0.544,0.448,0.36,0.085,UNDER 8.5,,,,,,,,,,,,,,,,,,,,,,,,,,,,,,,,,,,,
2026-08-30,823987,PHI,LAA,Yusei Kikuchi,Zack Wheeler,-0.83,4.432,0.417,0.39,0.62,0.011,CAUTIOUS &mdash; small edge on LAA,0.0,-0.83,4.432,0.417,0.011,CAUTIOUS &mdash; small edge on LAA,,2026-08-30T18:45:04+00:00,-3.0,False,1.5,0.299,0.44,0.0,8.49,0.543,0.447,0.36,0.006,no edge (best OVER 7.5),,,,,,,,,,,,,,,,,,,,,,,,,,,,,,,,,,,,
2026-08-30,824636,CIN,CHC,Shota Imanaga,Chase Burns,0.94,4.432,0.593,0.6,0.41,-0.02,NO VALUE at current price,0.0,0.94,4.432,0.593,-0.02,NO VALUE at current price,,2026-08-30T18:45:04+00:00,-2.0,False,1.5,0.45,0.291,0.0,8.75,0.566,0.471,0.383,0.092,UNDER 8.5,,,,,,,,,,,,,,,,,,,,,,,,,,,,,,,,,,,,
2026-08-30,824959,BAL,ATH,Jeffrey Springs,Chris Bassitt,-1.3,4.432,0.372,0.42,0.58,0.031,CAUTIOUS &mdash; small edge on BAL,0.0,-1.3,4.432,0.372,0.031,CAUTIOUS &mdash; small edge on BAL,,2026-08-30T18:45:04+00:00,-3.0,False,1.5,0.264,0.482,0.0,10.09,0.671,0.584,0.498,0.04,no edge (best UNDER 8.5),,,,,,,,,,,,,,,,,,,,,,,,,,,,,,,,,,,,
2026-08-30,824636,CIN,CHC,Shota Imanaga,Chase Burns,0.93,4.434,0.592,0.6,0.41,-0.019,NO VALUE at current price,0.0,0.93,4.434,0.592,-0.019,NO VALUE at current price,,2026-08-30T22:37:52+00:00,-2.0,False,1.5,0.449,0.292,0.0,8.77,0.568,0.473,0.385,0.1,UNDER 8.5,,,,,,,,,,,,,,,,,,,,,,,,,,,,,,,,,,,,
2026-08-31,822689,MIA,WSH,Will Dion,Ryan Gusto,-0.17,4.434,0.483,0.49,0.52,-0.021,NO VALUE at current price,0.0,-0.17,4.434,0.483,-0.021,NO VALUE at current price,,2026-08-31T14:52:01+00:00,3.0,False,1.5,0.354,0.382,0.0,9.24,0.608,0.515,0.427,-0.009,no edge (best OVER 7.5),,,,,,,,,,,,,,,,,,,,,,,,,,,,,,,,,,,,
2026-08-31,822855,ATH,TEX,Jacob deGrom,Gage Jump,1.13,4.434,0.611,0.68,0.34,0.033,CAUTIOUS &mdash; small edge on ATH,0.0,1.13,4.434,0.611,0.033,CAUTIOUS &mdash; small edge on ATH,,2026-08-31T14:52:01+00:00,7.0,False,1.5,0.466,0.277,0.0,8.3,0.526,0.43,0.343,0.029,no edge (best OVER 7.5),,,,,,,,,,,,,,,,,,,,,,,,,,,,,,,,,,,,
2026-08-31,822932,NYM,TB,Ian Seymour,Robert Stock,0.34,4.434,0.534,0.62,0.39,0.06,HIGH VALUE &mdash; NYM,0.0,0.34,4.434,0.534,0.06,HIGH VALUE &mdash; NYM,,2026-08-31T14:52:01+00:00,-1.0,False,1.5,0.397,0.339,0.0,8.28,0.524,0.428,0.341,0.025,no edge (best UNDER 8.5),,,,,,,,,,,,,,,,,,,,,,,,,,,,,,,,,,,,
2026-08-31,823663,DET,MIN,Taj Bradley,Jackson Jobe,-0.44,4.434,0.456,0.55,0.46,0.067,HIGH VALUE &mdash; DET,0.0,-0.44,4.434,0.456,0.067,HIGH VALUE &mdash; DET,,2026-08-31T14:52:01+00:00,10.0,False,1.5,0.331,0.406,0.0,8.71,0.563,0.468,0.38,0.015,no edge (best UNDER 8.5),,,,,,,,,,,,,,,,,,,,,,,,,,,,,,,,,,,,
2026-08-31,823982,NYY,LAA,Walbert Ureña,Elmer Rodríguez,-0.87,4.434,0.414,0.46,0.55,0.019,CAUTIOUS &mdash; small edge on NYY,0.0,-0.87,4.434,0.414,0.019,CAUTIOUS &mdash; small edge on NYY,,2026-08-31T14:52:01+00:00,9.0,False,1.5,0.296,0.444,0.0,8.23,0.52,0.423,0.336,0.03,no edge (best UNDER 8.5),,,,,,,,,,,,,,,,,,,,,,,,,,,,,,,,,,,,
2026-08-31,824149,CWS,HOU,Peter Lambert,Anthony Kay,-0.35,4.434,0.465,0.55,0.46,0.058,HIGH VALUE &mdash; CWS,0.0,-0.35,4.434,0.465,0.058,HIGH VALUE &mdash; CWS,,2026-08-31T14:52:01+00:00,3.0,False,1.5,0.338,0.398,0.0,8.78,0.57,0.475,0.387,-0.002,no edge (best UNDER 8.5),,,,,,,,,,,,,,,,,,,,,,,,,,,,,,,,,,,,
2026-08-31,824314,BAL,COL,Tanner Gordon,,-1.08,4.877,0.403,0.45,0.57,0.01,CAUTIOUS &mdash; small edge on BAL,0.0,-1.08,4.877,0.403,0.01,CAUTIOUS &mdash; small edge on BAL,,2026-08-31T14:52:01+00:00,-1.0,True,1.5,0.298,0.466,0.0,11.0,0.729,0.649,0.568,0.036,no edge (best UNDER 8.5),,,,,,,,,,,,,,,,,,,,,,,,,,,,,,,,,,,,
2026-08-31,824473,SD,CIN,Brady Singer,Michael King,-1.0,4.434,0.401,0.42,0.59,-0.008,NO VALUE at current price,0.0,-1.0,4.434,0.401,-0.008,NO VALUE at current price,,2026-08-31T14:52:01+00:00,-5.0,False,1.5,0.287,0.455,0.0,9.08,0.595,0.501,0.413,0.032,no edge (best UNDER 8.5),,,,,,,,,,,,,,,,,,,,,,,,,,,,,,,,,,,,
2026-08-31,824635,MIL,CHC,Clay Holmes,Kyle Harrison,-0.17,4.434,0.483,0.51,0.51,-0.01,NO VALUE at current price,0.0,-0.17,4.434,0.483,-0.01,NO VALUE at current price,,2026-08-31T14:52:01+00:00,14.0,False,1.5,0.353,0.382,0.0,8.72,0.564,0.469,0.38,0.114,UNDER 8.5,,,,,,,,,,,,,,,,,,,,,,,,,,,,,,,,,,,,
2026-08-31,824719,SEA,BOS,Payton Tolle,George Kirby,1.15,4.434,0.613,0.61,0.4,-0.013,NO VALUE at current price,0.0,1.15,4.434,0.613,-0.013,NO VALUE at current price,,2026-08-31T14:52:01+00:00,1.0,False,1.5,0.468,0.275,0.0,8.75,0.567,0.472,0.384,0.039,no edge (best OVER 9.5),,,,,,,,,,,,,,,,,,,,,,,,,,,,,,,,,,,,
2026-08-31,824911,SF,ATL,Bryce Elder,Anthony Molina,0.35,4.434,0.535,0.65,0.36,0.089,HIGH VALUE &mdash; SF,0.0,0.35,4.434,0.535,0.089,HIGH VALUE &mdash; SF,,2026-08-31T14:52:01+00:00,-4.0,False,1.5,0.398,0.338,0.0,8.67,0.56,0.465,0.376,0.078,UNDER 8.5,,,,,,,,,,,,,,,,,,,,,,,,,,,,,,,,,,,,
2026-08-31,825040,PHI,AZ,,Aaron Nola,-0.03,4.877,0.497,0.47,0.54,0.01,CAUTIOUS &mdash; small edge on AZ,0.0,-0.03,4.877,0.497,0.01,CAUTIOUS &mdash; small edge on AZ,,2026-08-31T14:52:01+00:00,-1.0,True,1.5,0.377,0.382,0.0,9.43,0.623,0.531,0.443,0.057,OVER 9.5,,,,,,,,,,,,,,,,,,,,,,,,,,,,,,,,,,,,
2026-08-31,822689,MIA,WSH,Will Dion,Ryan Gusto,-0.17,4.434,0.483,0.5,0.51,-0.011,NO VALUE at current price,0.0,-0.17,4.434,0.483,-0.011,NO VALUE at current price,,2026-08-31T20:42:54+00:00,3.0,False,1.5,0.354,0.382,0.0,9.22,0.606,0.513,0.425,-0.0,no edge (best UNDER 8.5),,,,,,,,,,,,,,,,,,,,,,,,,,,,,,,,,,,,
2026-08-31,822855,ATH,TEX,Jacob deGrom,Gage Jump,1.13,4.434,0.611,0.67,0.34,0.033,CAUTIOUS &mdash; small edge on ATH,0.0,1.13,4.434,0.611,0.033,CAUTIOUS &mdash; small edge on ATH,,2026-08-31T20:42:54+00:00,7.0,False,1.5,0.466,0.277,0.0,8.27,0.524,0.427,0.34,0.015,no edge (best OVER 9.5),,,,,,,,,,,,,,,,,,,,,,,,,,,,,,,,,,,,
2026-08-31,822932,NYM,TB,Ian Seymour,Robert Stock,0.34,4.434,0.534,0.64,0.37,0.08,HIGH VALUE &mdash; NYM,0.0,0.34,4.434,0.534,0.08,HIGH VALUE &mdash; NYM,,2026-08-31T20:42:54+00:00,-1.0,False,1.5,0.397,0.339,0.0,8.26,0.522,0.426,0.339,0.007,no edge (best UNDER 8.5),,,,,,,,,,,,,,,,,,,,,,,,,,,,,,,,,,,,
2026-08-31,823663,DET,MIN,Taj Bradley,Jackson Jobe,-0.44,4.434,0.456,0.54,0.47,0.057,HIGH VALUE &mdash; DET,0.0,-0.44,4.434,0.456,0.057,HIGH VALUE &mdash; DET,,2026-08-31T20:42:54+00:00,10.0,False,1.5,0.331,0.406,0.0,8.69,0.561,0.466,0.378,0.067,UNDER 8.5,,,,,,,,,,,,,,,,,,,,,,,,,,,,,,,,,,,,
2026-08-31,823982,NYY,LAA,Walbert Ureña,Elmer Rodríguez,-0.87,4.434,0.414,0.47,0.55,0.019,CAUTIOUS &mdash; small edge on NYY,0.0,-0.87,4.434,0.414,0.019,CAUTIOUS &mdash; small edge on NYY,,2026-08-31T20:42:54+00:00,9.0,False,1.5,0.296,0.444,0.0,8.21,0.518,0.422,0.335,0.031,no edge (best UNDER 8.5),,,,,,,,,,,,,,,,,,,,,,,,,,,,,,,,,,,,
2026-08-31,824149,CWS,HOU,Peter Lambert,Anthony Kay,-0.35,4.434,0.465,0.56,0.45,0.068,HIGH VALUE &mdash; CWS,0.0,-0.35,4.434,0.465,0.068,HIGH VALUE &mdash; CWS,,2026-08-31T20:42:54+00:00,3.0,False,1.5,0.338,0.398,0.0,8.77,0.568,0.473,0.385,0.03,no edge (best UNDER 8.5),,,,,,,,,,,,,,,,,,,,,,,,,,,,,,,,,,,,
2026-08-31,824314,BAL,COL,Tanner Gordon,Cade Povich,-0.79,4.434,0.422,0.48,0.53,0.031,CAUTIOUS &mdash; small edge on BAL,0.0,-0.79,4.434,0.422,0.031,CAUTIOUS &mdash; small edge on BAL,,2026-08-31T20:42:54+00:00,-1.0,False,1.5,0.303,0.436,0.0,11.15,0.737,0.659,0.579,0.037,no edge (best UNDER 8.5),,,,,,,,,,,,,,,,,,,,,,,,,,,,,,,,,,,,
2026-08-31,824473,SD,CIN,Brady Singer,Michael King,-1.0,4.434,0.401,0.42,0.59,-0.008,NO VALUE at current price,0.0,-1.0,4.434,0.401,-0.008,NO VALUE at current price,,2026-08-31T20:42:54+00:00,-5.0,False,1.5,0.287,0.455,0.0,9.06,0.593,0.5,0.411,0.033,no edge (best UNDER 8.5),,,,,,,,,,,,,,,,,,,,,,,,,,,,,,,,,,,,
2026-08-31,824635,MIL,CHC,Clay Holmes,Kyle Harrison,-0.17,4.434,0.483,0.51,0.5,-0.0,NO VALUE at current price,0.0,-0.17,4.434,0.483,-0.0,NO VALUE at current price,,2026-08-31T20:42:54+00:00,14.0,False,1.5,0.353,0.382,0.0,8.7,0.562,0.467,0.379,0.126,UNDER 8.5,,,,,,,,,,,,,,,,,,,,,,,,,,,,,,,,,,,,
2026-08-31,824719,SEA,BOS,Payton Tolle,George Kirby,1.15,4.434,0.613,0.6,0.41,-0.004,NO VALUE at current price,0.0,1.15,4.434,0.613,-0.004,NO VALUE at current price,,2026-08-31T20:42:54+00:00,1.0,False,1.5,0.468,0.275,0.0,8.73,0.565,0.47,0.382,0.037,no edge (best OVER 9.5),,,,,,,,,,,,,,,,,,,,,,,,,,,,,,,,,,,,
2026-08-31,824911,SF,ATL,Bryce Elder,Anthony Molina,0.35,4.434,0.535,0.66,0.35,0.099,HIGH VALUE &mdash; SF,0.0,0.35,4.434,0.535,0.099,HIGH VALUE &mdash; SF,,2026-08-31T20:42:54+00:00,-4.0,False,1.5,0.398,0.338,0.0,8.65,0.558,0.463,0.375,0.06,UNDER 8.5,,,,,,,,,,,,,,,,,,,,,,,,,,,,,,,,,,,,
2026-08-31,825040,PHI,AZ,Brandon Pfaadt,Aaron Nola,0.03,4.434,0.503,0.49,0.52,-0.005,NO VALUE at current price,0.0,0.03,4.434,0.503,-0.005,NO VALUE at current price,,2026-08-31T20:42:54+00:00,-1.0,False,1.5,0.37,0.365,0.0,9.51,0.629,0.538,0.45,0.054,OVER 9.5,,,,,,,,,,,,,,,,,,,,,,,,,,,,,,,,,,,,
2026-09-01,822687,ATL,WSH,Jake Irvin,AJ Smith-Shawver,-0.58,4.436,0.442,0.39,0.62,0.036,CAUTIOUS &mdash; small edge on WSH,0.0,-0.58,4.436,0.442,0.036,CAUTIOUS &mdash; small edge on WSH,,2026-09-01T14:49:34+00:00,4.0,False,1.5,0.32,0.418,0.0,9.23,0.607,0.514,0.426,0.1,UNDER 8.5,,,,,,,,,,,,,,,,,,,,,,,,,,,,,,,,,,,,
2026-09-01,822854,ATH,TEX,MacKenzie Gore,Brady Basso,1.02,4.436,0.601,0.66,0.35,0.033,CAUTIOUS &mdash; small edge on ATH,0.0,1.02,4.436,0.601,0.033,CAUTIOUS &mdash; small edge on ATH,,2026-09-01T14:49:34+00:00,3.0,False,1.5,0.457,0.285,0.0,8.67,0.56,0.465,0.377,0.063,OVER 7.5,,,,,,,,,,,,,,,,,,,,,,,,,,,,,,,,,,,,
2026-09-01,822929,NYM,TB,Freddy Peralta,Sean Manaea,0.17,4.436,0.517,0.55,0.46,0.006,CAUTIOUS &mdash; small edge on NYM,0.0,0.17,4.436,0.517,0.006,CAUTIOUS &mdash; small edge on NYM,,2026-09-01T14:49:34+00:00,4.0,False,1.5,0.382,0.353,0.0,8.47,0.542,0.446,0.358,0.002,no edge (best OVER 9.5),,,,,,,,,,,,,,,,,,,,,,,,,,,,,,,,,,,,
2026-09-01,823340,SF,PIT,Paul Skenes,Logan Webb,0.46,4.436,0.546,0.61,0.41,0.027,CAUTIOUS &mdash; small edge on SF,0.0,0.46,4.436,0.546,0.027,CAUTIOUS &mdash; small edge on SF,,2026-09-01T14:49:34+00:00,1.0,False,1.5,0.407,0.329,0.0,8.08,0.506,0.409,0.323,0.008,no edge (best OVER 9.5),,,,,,,,,,,,,,,,,,,,,,,,,,,,,,,,,,,,
2026-09-01,823661,DET,MIN,Andrew Morris,Troy Melton,-0.72,4.436,0.428,0.51,0.5,0.054,HIGH VALUE &mdash; DET,0.0,-0.72,4.436,0.428,0.054,HIGH VALUE &mdash; DET,,2026-09-01T14:49:34+00:00,13.0,False,1.5,0.308,0.43,0.0,8.75,0.567,0.472,0.384,0.031,no edge (best UNDER 8.5),,,,,,,,,,,,,,,,,,,,,,,,,,,,,,,,,,,,
2026-09-01,823908,STL,LAD,Eric Lauer,Michael McGreevy,0.91,4.436,0.59,0.63,0.38,0.013,CAUTIOUS &mdash; small edge on STL,0.0,0.91,4.436,0.59,0.013,CAUTIOUS &mdash; small edge on STL,,2026-09-01T14:49:34+00:00,-5.0,False,1.5,0.447,0.294,0.0,9.32,0.614,0.522,0.434,0.001,no edge (best UNDER 8.5),,,,,,,,,,,,,,,,,,,,,,,,,,,,,,,,,,,,
2026-09-01,823984,NYY,LAA,Grayson Rodriguez,Gerrit Cole,-1.14,4.436,0.388,0.37,0.64,0.001,CAUTIOUS &mdash; small edge on LAA,0.0,-1.14,4.436,0.388,0.001,CAUTIOUS &mdash; small edge on LAA,,2026-09-01T14:49:34+00:00,-4.0,False,1.5,0.276,0.468,0.0,8.07,0.504,0.408,0.322,-0.003,no edge (best OVER 7.5),,,,,,,,,,,,,,,,,,,,,,,,,,,,,,,,,,,,
2026-09-01,824070,MIA,KC,Randy Dobnak,Tyler Phillips,-0.08,4.436,0.492,0.53,0.48,0.01,CAUTIOUS &mdash; small edge on MIA,0.0,-0.08,4.436,0.492,0.01,CAUTIOUS &mdash; small edge on MIA,,2026-09-01T14:49:34+00:00,-3.0,False,1.5,0.361,0.374,0.0,8.98,0.586,0.492,0.404,0.112,UNDER 8.5,,,,,,,,,,,,,,,,,,,,,,,,,,,,,,,,,,,,
2026-09-01,824148,CWS,HOU,Ronel Blanco,Sean Burke,-0.62,4.436,0.439,0.51,0.5,0.044,HIGH VALUE &mdash; CWS,0.0,-0.62,4.436,0.439,0.044,HIGH VALUE &mdash; CWS,,2026-09-01T14:49:34+00:00,-4.0,False,1.5,0.317,0.421,0.0,8.89,0.578,0.484,0.396,-0.001,no edge (best UNDER 8.5),,,,,,,,,,,,,,,,,,,,,,,,,,,,,,,,,,,,
2026-09-01,824313,BAL,COL,Gabriel Hughes,Kyle Bradish,-1.03,4.436,0.398,0.43,0.58,0.005,CAUTIOUS &mdash; small edge on BAL,0.0,-1.03,4.436,0.398,0.005,CAUTIOUS &mdash; small edge on BAL,,2026-09-01T14:49:34+00:00,2.0,False,1.5,0.284,0.458,0.0,10.61,0.705,0.623,0.539,0.083,UNDER 8.5,,,,,,,,,,,,,,,,,,,,,,,,,,,,,,,,,,,,
2026-09-01,824391,TOR,CLE,Gavin Williams,Spencer Miles,0.01,4.436,0.501,0.63,0.38,0.102,HIGH VALUE &mdash; TOR,0.0,0.01,4.436,0.501,0.102,HIGH VALUE &mdash; TOR,,2026-09-01T14:49:34+00:00,5.0,False,1.5,0.369,0.367,0.0,7.67,0.465,0.369,0.285,0.054,UNDER 8.5,,,,,,,,,,,,,,,,,,,,,,,,,,,,,,,,,,,,
2026-09-01,824472,SD,CIN,Nick Lodolo,Randy Vásquez,-1.03,4.436,0.399,0.45,0.56,0.024,CAUTIOUS &mdash; small edge on SD,0.0,-1.03,4.436,0.399,0.024,CAUTIOUS &mdash; small edge on SD,,2026-09-01T14:49:34+00:00,1.0,False,1.5,0.284,0.458,0.0,9.35,0.616,0.524,0.436,0.049,UNDER 8.5,,,,,,,,,,,,,,,,,,,,,,,,,,,,,,,,,,,,
2026-09-01,824633,MIL,CHC,Matthew Boyd,Robert Gasser,-0.18,4.436,0.482,0.55,0.47,0.03,CAUTIOUS &mdash; small edge on MIL,0.0,-0.18,4.436,0.482,0.03,CAUTIOUS &mdash; small edge on MIL,,2026-09-01T14:49:34+00:00,-5.0,False,1.5,0.353,0.383,0.0,9.36,0.617,0.525,0.437,0.099,UNDER 8.5,,,,,,,,,,,,,,,,,,,,,,,,,,,,,,,,,,,,
2026-09-01,824716,SEA,BOS,,Bryan Woo,0.97,4.88,0.587,0.55,0.46,0.02,CAUTIOUS &mdash; small edge on BOS,0.0,0.97,4.88,0.587,0.02,CAUTIOUS &mdash; small edge on BOS,,2026-09-01T14:49:34+00:00,-3.0,True,1.5,0.456,0.307,0.0,9.01,0.589,0.495,0.407,0.129,OVER 8.5,,,,,,,,,,,,,,,,,,,,,,,,,,,,,,,,,,,,
2026-09-01,825038,PHI,AZ,Eduardo Rodriguez,Jesús Luzardo,-0.59,4.436,0.441,0.46,0.56,-0.019,NO VALUE at current price,0.0,-0.59,4.436,0.441,-0.019,NO VALUE at current price,,2026-09-01T14:49:34+00:00,-6.0,False,1.5,0.319,0.419,0.0,8.87,0.577,0.483,0.394,0.05,OVER 7.5,,,,,,,,,,,,,,,,,,,,,,,,,,,,,,,,,,,,
2026-09-01,822687,ATL,WSH,Jake Irvin,AJ Smith-Shawver,-0.58,4.436,0.442,0.39,0.62,0.036,CAUTIOUS &mdash; small edge on WSH,0.0,-0.58,4.436,0.442,0.036,CAUTIOUS &mdash; small edge on WSH,,2026-09-01T18:14:43+00:00,4.0,False,1.5,0.32,0.418,0.0,9.23,0.607,0.514,0.426,0.1,UNDER 8.5,,,,,,,,,,,,,,,,,,,,,,,,,,,,,,,,,,,,
2026-09-01,822854,ATH,TEX,MacKenzie Gore,Brady Basso,1.02,4.436,0.601,0.67,0.35,0.033,CAUTIOUS &mdash; small edge on ATH,0.0,1.02,4.436,0.601,0.033,CAUTIOUS &mdash; small edge on ATH,,2026-09-01T18:14:43+00:00,3.0,False,1.5,0.457,0.285,0.0,8.67,0.56,0.465,0.377,0.053,OVER 7.5,,,,,,,,,,,,,,,,,,,,,,,,,,,,,,,,,,,,
2026-09-01,822929,NYM,TB,Freddy Peralta,Sean Manaea,0.17,4.436,0.517,0.57,0.44,0.026,CAUTIOUS &mdash; small edge on NYM,0.0,0.17,4.436,0.517,0.026,CAUTIOUS &mdash; small edge on NYM,,2026-09-01T18:14:43+00:00,4.0,False,1.5,0.382,0.353,0.0,8.47,0.542,0.446,0.358,0.002,no edge (best OVER 9.5),,,,,,,,,,,,,,,,,,,,,,,,,,,,,,,,,,,,
2026-09-01,823340,SF,PIT,Paul Skenes,Logan Webb,0.46,4.436,0.546,0.61,0.4,0.037,CAUTIOUS &mdash; small edge on SF,0.0,0.46,4.436,0.546,0.037,CAUTIOUS &mdash; small edge on SF,,2026-09-01T18:14:43+00:00,1.0,False,1.5,0.407,0.329,0.0,8.08,0.506,0.409,0.323,-0.006,no edge (best UNDER 8.5),,,,,,,,,,,,,,,,,,,,,,,,,,,,,,,,,,,,
2026-09-01,823661,DET,MIN,Andrew Morris,Troy Melton,-0.72,4.436,0.428,0.51,0.5,0.054,HIGH VALUE &mdash; DET,0.0,-0.72,4.436,0.428,0.054,HIGH VALUE &mdash; DET,,2026-09-01T18:14:43+00:00,13.0,False,1.5,0.308,0.43,0.0,8.75,0.567,0.472,0.384,0.031,no edge (best UNDER 8.5),,,,,,,,,,,,,,,,,,,,,,,,,,,,,,,,,,,,
2026-09-01,823908,STL,LAD,Eric Lauer,Michael McGreevy,0.91,4.436,0.59,0.65,0.37,0.024,CAUTIOUS &mdash; small edge on STL,0.0,0.91,4.436,0.59,0.024,CAUTIOUS &mdash; small edge on STL,,2026-09-01T18:14:43+00:00,-5.0,False,1.5,0.447,0.294,0.0,9.32,0.614,0.522,0.434,0.001,no edge (best UNDER 8.5),,,,,,,,,,,,,,,,,,,,,,,,,,,,,,,,,,,,
2026-09-01,823984,NYY,LAA,Grayson Rodriguez,Gerrit Cole,-1.14,4.436,0.388,0.37,0.64,0.001,CAUTIOUS &mdash; small edge on LAA,0.0,-1.14,4.436,0.388,0.001,CAUTIOUS &mdash; small edge on LAA,,2026-09-01T18:14:43+00:00,-4.0,False,1.5,0.276,0.468,0.0,8.07,0.504,0.408,0.322,0.007,no edge (best OVER 7.5),,,,,,,,,,,,,,,,,,,,,,,,,,,,,,,,,,,,
2026-09-01,824070,MIA,KC,Randy Dobnak,Tyler Phillips,-0.08,4.436,0.492,0.53,0.49,0.0,CAUTIOUS &mdash; small edge on MIA,0.0,-0.08,4.436,0.492,0.0,CAUTIOUS &mdash; small edge on MIA,,2026-09-01T18:14:43+00:00,-3.0,False,1.5,0.361,0.374,0.0,8.98,0.586,0.492,0.404,0.112,UNDER 8.5,,,,,,,,,,,,,,,,,,,,,,,,,,,,,,,,,,,,
2026-09-01,824148,CWS,HOU,Ronel Blanco,Sean Burke,-0.62,4.436,0.439,0.51,0.5,0.044,HIGH VALUE &mdash; CWS,0.0,-0.62,4.436,0.439,0.044,HIGH VALUE &mdash; CWS,,2026-09-01T18:14:43+00:00,-4.0,False,1.5,0.317,0.421,0.0,8.89,0.578,0.484,0.396,0.009,no edge (best UNDER 8.5),,,,,,,,,,,,,,,,,,,,,,,,,,,,,,,,,,,,
2026-09-01,824313,BAL,COL,Gabriel Hughes,Kyle Bradish,-1.03,4.436,0.398,0.43,0.58,0.005,CAUTIOUS &mdash; small edge on BAL,0.0,-1.03,4.436,0.398,0.005,CAUTIOUS &mdash; small edge on BAL,,2026-09-01T18:14:43+00:00,2.0,False,1.5,0.284,0.458,0.0,10.61,0.705,0.623,0.539,0.083,UNDER 8.5,,,,,,,,,,,,,,,,,,,,,,,,,,,,,,,,,,,,
2026-09-01,824391,TOR,CLE,Gavin Williams,Spencer Miles,0.01,4.436,0.501,0.63,0.39,0.092,HIGH VALUE &mdash; TOR,0.0,0.01,4.436,0.501,0.092,HIGH VALUE &mdash; TOR,,2026-09-01T18:14:43+00:00,5.0,False,1.5,0.369,0.367,0.0,7.67,0.465,0.369,0.285,0.054,UNDER 8.5,,,,,,,,,,,,,,,,,,,,,,,,,,,,,,,,,,,,
2026-09-01,824472,SD,CIN,Nick Lodolo,Randy Vásquez,-1.03,4.436,0.399,0.45,0.56,0.024,CAUTIOUS &mdash; small edge on SD,0.0,-1.03,4.436,0.399,0.024,CAUTIOUS &mdash; small edge on SD,,2026-09-01T18:14:43+00:00,1.0,False,1.5,0.284,0.458,0.0,9.35,0.616,0.524,0.436,0.029,no edge (best UNDER 8.5),,,,,,,,,,,,,,,,,,,,,,,,,,,,,,,,,,,,
2026-09-01,824633,MIL,CHC,Matthew Boyd,Robert Gasser,-0.18,4.436,0.482,0.55,0.46,0.04,HIGH VALUE &mdash; MIL,0.0,-0.18,4.436,0.482,0.04,HIGH VALUE &mdash; MIL,,2026-09-01T18:14:43+00:00,-5.0,False,1.5,0.353,0.383,0.0,9.36,0.617,0.525,0.437,0.099,UNDER 8.5,,,,,,,,,,,,,,,,,,,,,,,,,,,,,,,,,,,,
2026-09-01,824716,SEA,BOS,Jedixson Paez,Bryan Woo,0.97,4.436,0.596,0.53,0.48,0.048,HIGH VALUE &mdash; BOS,0.0,0.97,4.436,0.596,0.048,HIGH VALUE &mdash; BOS,,2026-09-01T18:14:43+00:00,-3.0,False,1.5,0.452,0.289,0.0,9.01,0.589,0.495,0.407,0.119,OVER 8.5,,,,,,,,,,,,,,,,,,,,,,,,,,,,,,,,,,,,
2026-09-01,825038,PHI,AZ,Eduardo Rodriguez,Jesús Luzardo,-0.59,4.436,0.441,0.46,0.55,-0.009,NO VALUE at current price,0.0,-0.59,4.436,0.441,-0.009,NO VALUE at current price,,2026-09-01T18:14:43+00:00,-6.0,False,1.5,0.319,0.419,0.0,8.87,0.577,0.483,0.394,0.07,OVER 7.5,,,,,,,,,,,,,,,,,,,,,,,,,,,,,,,,,,,,
2026-09-02,822686,ATL,WSH,Brad Lord,Grant Holmes,-0.33,4.437,0.467,0.42,0.6,0.03,CAUTIOUS &mdash; small edge on WSH,0.0,-0.33,4.437,0.467,0.03,CAUTIOUS &mdash; small edge on WSH,,2026-09-02T05:28:29+00:00,-9.0,False,1.5,0.34,0.396,0.0,9.4,0.621,0.529,0.441,0.014,no edge (best UNDER 8.5),,,,,,,,,,,,,,,,,,,,,,,,,,,,,,,,,,,,
2026-09-02,822851,ATH,TEX,Cody Bradford,Jacob Lopez,1.22,4.437,0.62,0.61,0.41,-0.007,NO VALUE at current price,0.0,1.22,4.437,0.62,-0.007,NO VALUE at current price,,2026-09-02T05:28:29+00:00,-7.0,False,1.5,0.475,0.27,0.0,8.62,0.555,0.46,0.372,0.016,no edge (best OVER 9.5),,,,,,,,,,,,,,,,,,,,,,,,,,,,,,,,,,,,
2026-09-02,822931,NYM,TB,Griffin Jax,Justin Hagenman,0.51,4.437,0.551,0.6,0.41,0.022,CAUTIOUS &mdash; small edge on NYM,0.0,0.51,4.437,0.551,0.022,CAUTIOUS &mdash; small edge on NYM,,2026-09-02T05:28:29+00:00,-6.0,False,1.5,0.412,0.325,0.0,8.09,0.506,0.41,0.324,0.043,UNDER 8.5,,,,,,,,,,,,,,,,,,,,,,,,,,,,,,,,,,,,
2026-09-02,823339,SF,PIT,Jared Jones,Landen Roupp,0.39,4.437,0.539,0.59,0.42,0.024,CAUTIOUS &mdash; small edge on SF,0.0,0.39,4.437,0.539,0.024,CAUTIOUS &mdash; small edge on SF,,2026-09-02T05:28:29+00:00,-1.0,False,1.5,0.401,0.335,0.0,8.57,0.551,0.455,0.367,0.008,no edge (best UNDER 8.5),,,,,,,,,,,,,,,,,,,,,,,,,,,,,,,,,,,,
2026-09-02,823660,DET,MIN,Dean Kremer,Drew Anderson,-0.68,4.437,0.433,0.52,0.49,0.06,HIGH VALUE &mdash; DET,0.0,-0.68,4.437,0.433,0.06,HIGH VALUE &mdash; DET,,2026-09-02T05:28:29+00:00,-5.0,False,1.5,0.312,0.426,0.0,9.03,0.591,0.497,0.409,0.026,no edge (best UNDER 8.5),,,,,,,,,,,,,,,,,,,,,,,,,,,,,,,,,,,,
2026-09-02,823906,STL,LAD,Yoshinobu Yamamoto,,0.93,4.881,0.584,0.69,0.33,0.071,HIGH VALUE &mdash; STL,0.0,0.93,4.881,0.584,0.071,HIGH VALUE &mdash; STL,,2026-09-02T05:28:29+00:00,-2.0,True,1.5,0.453,0.309,0.0,8.83,0.574,0.479,0.391,0.046,OVER 9.5,,,,,,,,,,,,,,,,,,,,,,,,,,,,,,,,,,,,
2026-09-02,823983,NYY,LAA,Reid Detmers,Cam Schlittler,-0.95,4.437,0.406,0.4,0.61,-0.011,NO VALUE at current price,0.0,-0.95,4.437,0.406,-0.011,NO VALUE at current price,,2026-09-02T05:28:29+00:00,-3.0,False,1.5,0.291,0.451,0.0,7.87,0.485,0.389,0.304,0.048,OVER 7.5,,,,,,,,,,,,,,,,,,,,,,,,,,,,,,,,,,,,
2026-09-02,824068,MIA,KC,Noah Cameron,Eury Pérez,-0.51,4.437,0.449,0.51,0.5,0.033,CAUTIOUS &mdash; small edge on MIA,0.0,-0.51,4.437,0.449,0.033,CAUTIOUS &mdash; small edge on MIA,,2026-09-02T05:28:29+00:00,-3.0,False,1.5,0.326,0.411,0.0,8.54,0.548,0.453,0.365,0.05,UNDER 8.5,,,,,,,,,,,,,,,,,,,,,,,,,,,,,,,,,,,,
2026-09-02,824147,CWS,HOU,Hayden Wesneski,Davis Martin,-0.11,4.437,0.489,0.56,0.45,0.044,HIGH VALUE &mdash; CWS,0.0,-0.11,4.437,0.489,0.044,HIGH VALUE &mdash; CWS,,2026-09-02T05:28:29+00:00,2.0,False,1.5,0.358,0.377,0.0,9.06,0.593,0.499,0.411,0.006,no edge (best OVER 7.5),,,,,,,,,,,,,,,,,,,,,,,,,,,,,,,,,,,,
2026-09-02,824312,BAL,COL,Tomoyuki Sugano,Trevor Rogers,-1.58,4.437,0.346,0.41,0.6,0.037,CAUTIOUS &mdash; small edge on BAL,0.0,-1.58,4.437,0.346,0.037,CAUTIOUS &mdash; small edge on BAL,,2026-09-02T05:28:29+00:00,1.0,False,1.5,0.244,0.507,0.0,10.73,0.713,0.631,0.548,0.076,UNDER 9.5,,,,,,,,,,,,,,,,,,,,,,,,,,,,,,,,,,,,
2026-09-02,824390,TOR,CLE,Joey Cantillo,Dylan Cease,0.17,4.437,0.517,0.46,0.55,0.04,CAUTIOUS &mdash; small edge on CLE,0.0,0.17,4.437,0.517,0.04,CAUTIOUS &mdash; small edge on CLE,,2026-09-02T05:28:29+00:00,-11.0,False,1.5,0.382,0.353,0.0,7.18,0.415,0.321,0.241,0.043,UNDER 8.5,,,,,,,,,,,,,,,,,,,,,,,,,,,,,,,,,,,,
2026-09-02,824470,SD,CIN,Brandon Williamson,Casey Mize,-1.05,4.437,0.397,0.43,0.58,0.006,CAUTIOUS &mdash; small edge on SD,0.0,-1.05,4.437,0.397,0.006,CAUTIOUS &mdash; small edge on SD,,2026-09-02T05:28:29+00:00,4.0,False,1.5,0.283,0.459,0.0,9.21,0.605,0.512,0.424,0.071,UNDER 8.5,,,,,,,,,,,,,,,,,,,,,,,,,,,,,,,,,,,,
2026-09-02,824634,MIL,CHC,David Peterson,Jacob Misiorowski,-0.4,4.437,0.46,0.41,0.6,0.033,CAUTIOUS &mdash; small edge on CHC,0.0,-0.4,4.437,0.46,0.033,CAUTIOUS &mdash; small edge on CHC,,2026-09-02T05:28:29+00:00,-4.0,False,1.5,0.334,0.402,0.0,8.55,0.549,0.454,0.366,0.009,no edge (best UNDER 8.5),,,,,,,,,,,,,,,,,,,,,,,,,,,,,,,,,,,,
2026-09-02,824717,SEA,BOS,Patrick Sandoval,Bryce Miller,1.03,4.437,0.602,0.56,0.45,0.024,CAUTIOUS &mdash; small edge on BOS,0.0,1.03,4.437,0.602,0.024,CAUTIOUS &mdash; small edge on BOS,,2026-09-02T05:28:29+00:00,-5.0,False,1.5,0.458,0.284,0.0,9.3,0.613,0.52,0.432,0.026,no edge (best OVER 7.5),,,,,,,,,,,,,,,,,,,,,,,,,,,,,,,,,,,,
2026-09-02,825037,PHI,AZ,Taylor Clarke,Andrew Painter,-0.33,4.437,0.467,0.5,0.51,0.006,CAUTIOUS &mdash; small edge on PHI,0.0,-0.33,4.437,0.467,0.006,CAUTIOUS &mdash; small edge on PHI,,2026-09-02T05:28:29+00:00,1.0,False,1.5,0.34,0.396,0.0,9.55,0.632,0.541,0.454,,,,,,,,,,,,,,,,,,,,,,,,,,,,,,,,,,,,,,
2026-09-02,822851,ATH,TEX,Cody Bradford,Jacob Lopez,1.22,4.437,0.62,0.61,0.41,-0.007,NO VALUE at current price,0.0,1.22,4.437,0.62,-0.007,NO VALUE at current price,,2026-09-02T17:39:48+00:00,-7.0,False,1.5,0.475,0.27,0.0,8.6,0.554,0.458,0.37,0.017,no edge (best OVER 7.5),,,,,,,,,,,,,,,,,,,,,,,,,,,,,,,,,,,,
2026-09-02,822931,NYM,TB,Griffin Jax,Justin Hagenman,0.51,4.437,0.551,0.63,0.38,0.052,HIGH VALUE &mdash; NYM,0.0,0.51,4.437,0.551,0.052,HIGH VALUE &mdash; NYM,,2026-09-02T17:39:48+00:00,-6.0,False,1.5,0.412,0.325,0.0,8.08,0.505,0.409,0.323,0.034,no edge (best UNDER 8.5),,,,,,,,,,,,,,,,,,,,,,,,,,,,,,,,,,,,
2026-09-02,823339,SF,PIT,Bubba Chandler,Landen Roupp,0.49,4.437,0.549,0.59,0.42,0.014,CAUTIOUS &mdash; small edge on SF,0.0,0.49,4.437,0.549,0.014,CAUTIOUS &mdash; small edge on SF,,2026-09-02T17:39:48+00:00,-1.0,False,1.5,0.41,0.327,0.0,8.58,0.552,0.456,0.369,0.057,UNDER 8.5,,,,,,,,,,,,,,,,,,,,,,,,,,,,,,,,,,,,
2026-09-02,823660,DET,MIN,Dean Kremer,Drew Anderson,-0.68,4.437,0.433,0.52,0.5,0.05,HIGH VALUE &mdash; DET,0.0,-0.68,4.437,0.433,0.05,HIGH VALUE &mdash; DET,,2026-09-02T17:39:48+00:00,-5.0,False,1.5,0.312,0.426,0.0,9.02,0.59,0.496,0.408,0.007,no edge (best UNDER 8.5),,,,,,,,,,,,,,,,,,,,,,,,,,,,,,,,,,,,
2026-09-02,823906,STL,LAD,Yoshinobu Yamamoto,,0.93,4.881,0.584,0.7,0.31,0.091,HIGH VALUE &mdash; STL,0.0,0.93,4.881,0.584,0.091,HIGH VALUE &mdash; STL,,2026-09-02T17:39:48+00:00,-2.0,True,1.5,0.453,0.309,0.0,8.82,0.573,0.478,0.39,0.016,no edge (best OVER 7.5),,,,,,,,,,,,,,,,,,,,,,,,,,,,,,,,,,,,
2026-09-02,823983,NYY,LAA,Reid Detmers,Cam Schlittler,-0.95,4.437,0.406,0.41,0.6,-0.021,NO VALUE at current price,0.0,-0.95,4.437,0.406,-0.021,NO VALUE at current price,,2026-09-02T17:39:48+00:00,-3.0,False,1.5,0.291,0.451,0.0,7.86,0.484,0.388,0.303,0.077,OVER 7.5,,,,,,,,,,,,,,,,,,,,,,,,,,,,,,,,,,,,
2026-09-02,824068,MIA,KC,Noah Cameron,Eury Pérez,-0.51,4.437,0.449,0.51,0.5,0.033,CAUTIOUS &mdash; small edge on MIA,0.0,-0.51,4.437,0.449,0.033,CAUTIOUS &mdash; small edge on MIA,,2026-09-02T17:39:48+00:00,-3.0,False,1.5,0.326,0.411,0.0,8.53,0.547,0.452,0.364,0.081,UNDER 8.5,,,,,,,,,,,,,,,,,,,,,,,,,,,,,,,,,,,,
2026-09-02,824147,CWS,HOU,Hayden Wesneski,Davis Martin,-0.11,4.437,0.489,0.57,0.45,0.044,HIGH VALUE &mdash; CWS,0.0,-0.11,4.437,0.489,0.044,HIGH VALUE &mdash; CWS,,2026-09-02T17:39:48+00:00,2.0,False,1.5,0.358,0.377,0.0,9.05,0.592,0.498,0.41,0.005,no edge (best UNDER 8.5),,,,,,,,,,,,,,,,,,,,,,,,,,,,,,,,,,,,
2026-09-02,824312,BAL,COL,Tomoyuki Sugano,Trevor Rogers,-1.58,4.437,0.346,0.4,0.61,0.027,CAUTIOUS &mdash; small edge on BAL,0.0,-1.58,4.437,0.346,0.027,CAUTIOUS &mdash; small edge on BAL,,2026-09-02T17:39:48+00:00,1.0,False,1.5,0.244,0.507,0.0,10.71,0.711,0.629,0.546,0.087,UNDER 8.5,,,,,,,,,,,,,,,,,,,,,,,,,,,,,,,,,,,,
2026-09-02,824390,TOR,CLE,Joey Cantillo,Dylan Cease,0.17,4.437,0.517,0.47,0.54,0.029,CAUTIOUS &mdash; small edge on CLE,0.0,0.17,4.437,0.517,0.029,CAUTIOUS &mdash; small edge on CLE,,2026-09-02T17:39:48+00:00,-11.0,False,1.5,0.382,0.353,0.0,7.17,0.414,0.32,0.24,0.063,UNDER 8.5,,,,,,,,,,,,,,,,,,,,,,,,,,,,,,,,,,,,
2026-09-02,824634,MIL,CHC,David Peterson,Jacob Misiorowski,-0.4,4.437,0.46,0.41,0.6,0.033,CAUTIOUS &mdash; small edge on CHC,0.0,-0.4,4.437,0.46,0.033,CAUTIOUS &mdash; small edge on CHC,,2026-09-02T17:39:48+00:00,-4.0,False,1.5,0.334,0.402,0.0,8.54,0.548,0.453,0.365,0.02,no edge (best UNDER 8.5),,,,,,,,,,,,,,,,,,,,,,,,,,,,,,,,,,,,
2026-09-02,824717,SEA,BOS,Patrick Sandoval,Bryce Miller,1.03,4.437,0.602,0.57,0.44,0.014,CAUTIOUS &mdash; small edge on BOS,0.0,1.03,4.437,0.602,0.014,CAUTIOUS &mdash; small edge on BOS,,2026-09-02T17:39:48+00:00,-5.0,False,1.5,0.458,0.284,0.0,9.28,0.611,0.519,0.431,0.024,no edge (best OVER 9.5),,,,,,,,,,,,,,,,,,,,,,,,,,,,,,,,,,,,
2026-09-02,825037,PHI,AZ,Taylor Clarke,Andrew Painter,-0.33,4.437,0.467,0.45,0.56,-0.001,NO VALUE at current price,0.0,-0.33,4.437,0.467,-0.001,NO VALUE at current price,,2026-09-02T17:39:48+00:00,1.0,False,1.5,0.34,0.396,0.0,9.54,0.631,0.54,0.452,0.015,no edge (best OVER 9.5),,,,,,,,,,,,,,,,,,,,,,,,,,,,,,,,,,,,
2026-09-02,822851,ATH,TEX,Cody Bradford,Jacob Lopez,1.22,4.437,0.62,0.6,0.41,0.003,CAUTIOUS &mdash; small edge on TEX,0.0,1.22,4.437,0.62,0.003,CAUTIOUS &mdash; small edge on TEX,,2026-09-02T18:29:39+00:00,-7.0,False,1.5,0.475,0.27,0.0,8.6,0.554,0.458,0.37,0.014,no edge (best OVER 9.5),,,,,,,,,,,,,,,,,,,,,,,,,,,,,,,,,,,,
2026-09-02,822931,NYM,TB,Griffin Jax,Justin Hagenman,0.51,4.437,0.551,0.63,0.38,0.052,HIGH VALUE &mdash; NYM,0.0,0.51,4.437,0.551,0.052,HIGH VALUE &mdash; NYM,,2026-09-02T18:29:39+00:00,-6.0,False,1.5,0.412,0.325,0.0,8.08,0.505,0.409,0.323,0.034,no edge (best UNDER 8.5),,,,,,,,,,,,,,,,,,,,,,,,,,,,,,,,,,,,
2026-09-02,823339,SF,PIT,Bubba Chandler,Landen Roupp,0.49,4.437,0.549,0.59,0.42,0.014,CAUTIOUS &mdash; small edge on SF,0.0,0.49,4.437,0.549,0.014,CAUTIOUS &mdash; small edge on SF,,2026-09-02T18:29:39+00:00,-1.0,False,1.5,0.41,0.327,0.0,8.58,0.552,0.456,0.369,0.057,UNDER 8.5,,,,,,,,,,,,,,,,,,,,,,,,,,,,,,,,,,,,
2026-09-02,823660,DET,MIN,Dean Kremer,Drew Anderson,-0.68,4.437,0.433,0.52,0.49,0.06,HIGH VALUE &mdash; DET,0.0,-0.68,4.437,0.433,0.06,HIGH VALUE &mdash; DET,,2026-09-02T18:29:39+00:00,-5.0,False,1.5,0.312,0.426,0.0,9.02,0.59,0.496,0.408,0.007,no edge (best UNDER 8.5),,,,,,,,,,,,,,,,,,,,,,,,,,,,,,,,,,,,
2026-09-02,823906,STL,LAD,Yoshinobu Yamamoto,,0.93,4.881,0.584,0.7,0.31,0.091,HIGH VALUE &mdash; STL,0.0,0.93,4.881,0.584,0.091,HIGH VALUE &mdash; STL,,2026-09-02T18:29:39+00:00,-2.0,True,1.5,0.453,0.309,0.0,8.82,0.573,0.478,0.39,0.024,no edge (best OVER 9.5),,,,,,,,,,,,,,,,,,,,,,,,,,,,,,,,,,,,
2026-09-02,823983,NYY,LAA,Reid Detmers,Cam Schlittler,-0.95,4.437,0.406,0.41,0.6,-0.021,NO VALUE at current price,0.0,-0.95,4.437,0.406,-0.021,NO VALUE at current price,,2026-09-02T18:29:39+00:00,-3.0,False,1.5,0.291,0.451,0.0,7.86,0.484,0.388,0.303,0.077,OVER 7.5,,,,,,,,,,,,,,,,,,,,,,,,,,,,,,,,,,,,
2026-09-02,824068,MIA,KC,Noah Cameron,Eury Pérez,-0.51,4.437,0.449,0.52,0.5,0.033,CAUTIOUS &mdash; small edge on MIA,0.0,-0.51,4.437,0.449,0.033,CAUTIOUS &mdash; small edge on MIA,,2026-09-02T18:29:39+00:00,-3.0,False,1.5,0.326,0.411,0.0,8.53,0.547,0.452,0.364,0.081,UNDER 8.5,,,,,,,,,,,,,,,,,,,,,,,,,,,,,,,,,,,,
2026-09-02,824147,CWS,HOU,Hayden Wesneski,Davis Martin,-0.11,4.437,0.489,0.57,0.44,0.054,HIGH VALUE &mdash; CWS,0.0,-0.11,4.437,0.489,0.054,HIGH VALUE &mdash; CWS,,2026-09-02T18:29:39+00:00,2.0,False,1.5,0.358,0.377,0.0,9.05,0.592,0.498,0.41,0.005,no edge (best UNDER 8.5),,,,,,,,,,,,,,,,,,,,,,,,,,,,,,,,,,,,
2026-09-02,824312,BAL,COL,Tomoyuki Sugano,Trevor Rogers,-1.58,4.437,0.346,0.39,0.62,0.017,CAUTIOUS &mdash; small edge on BAL,0.0,-1.58,4.437,0.346,0.017,CAUTIOUS &mdash; small edge on BAL,,2026-09-02T18:29:39+00:00,1.0,False,1.5,0.244,0.507,0.0,10.71,0.711,0.629,0.546,0.087,UNDER 8.5,,,,,,,,,,,,,,,,,,,,,,,,,,,,,,,,,,,,
2026-09-02,824390,TOR,CLE,Joey Cantillo,Dylan Cease,0.17,4.437,0.517,0.47,0.54,0.029,CAUTIOUS &mdash; small edge on CLE,0.0,0.17,4.437,0.517,0.029,CAUTIOUS &mdash; small edge on CLE,,2026-09-02T18:29:39+00:00,-11.0,False,1.5,0.382,0.353,0.0,7.17,0.414,0.32,0.24,0.063,UNDER 8.5,,,,,,,,,,,,,,,,,,,,,,,,,,,,,,,,,,,,
2026-09-02,824634,MIL,CHC,David Peterson,Jacob Misiorowski,-0.4,4.437,0.46,0.41,0.6,0.033,CAUTIOUS &mdash; small edge on CHC,0.0,-0.4,4.437,0.46,0.033,CAUTIOUS &mdash; small edge on CHC,,2026-09-02T18:29:39+00:00,-4.0,False,1.5,0.334,0.402,0.0,8.54,0.548,0.453,0.365,0.02,no edge (best UNDER 8.5),,,,,,,,,,,,,,,,,,,,,,,,,,,,,,,,,,,,
2026-09-02,824717,SEA,BOS,Patrick Sandoval,Bryce Miller,1.03,4.437,0.602,0.58,0.43,0.005,CAUTIOUS &mdash; small edge on BOS,0.0,1.03,4.437,0.602,0.005,CAUTIOUS &mdash; small edge on BOS,,2026-09-02T18:29:39+00:00,-5.0,False,1.5,0.458,0.284,0.0,9.28,0.611,0.519,0.431,0.024,no edge (best OVER 9.5),,,,,,,,,,,,,,,,,,,,,,,,,,,,,,,,,,,,
2026-09-02,825037,PHI,AZ,Taylor Clarke,Andrew Painter,-0.33,4.437,0.467,0.45,0.56,-0.001,NO VALUE at current price,0.0,-0.33,4.437,0.467,-0.001,NO VALUE at current price,,2026-09-02T18:29:39+00:00,1.0,False,1.5,0.34,0.396,0.0,9.54,0.631,0.54,0.452,0.015,no edge (best OVER 9.5),,,,,,,,,,,,,,,,,,,,,,,,,,,,,,,,,,,,
2026-09-03,822853,TB,TEX,Cal Quantrill,Shane McClanahan,-0.74,4.439,0.426,0.47,0.55,0.007,CAUTIOUS &mdash; small edge on TB,0.0,-0.74,4.439,0.426,0.007,CAUTIOUS &mdash; small edge on TB,,2026-09-03T16:00:06+00:00,6.0,False,1.5,0.307,0.432,0.0,8.56,0.55,0.454,0.366,0.0,no edge (best OVER 9.5),,,,,,,,,,,,,,,,,,,,,,,,,,,,,,,,,,,,
2026-09-03,823095,ATH,SEA,Kade Anderson,Jack Perkins,1.04,4.439,0.603,0.66,0.35,0.031,CAUTIOUS &mdash; small edge on ATH,0.0,1.04,4.439,0.603,0.031,CAUTIOUS &mdash; small edge on ATH,,2026-09-03T16:00:06+00:00,-3.0,False,1.5,0.459,0.284,0.0,8.45,0.54,0.444,0.357,0.063,OVER 7.5,,,,,,,,,,,,,,,,,,,,,,,,,,,,,,,,,,,,
2026-09-03,823337,SF,PIT,Lake Bachar,Blade Tidwell,0.35,4.439,0.535,0.61,0.4,0.048,HIGH VALUE &mdash; SF,0.0,0.35,4.439,0.535,0.048,HIGH VALUE &mdash; SF,,2026-09-03T16:00:06+00:00,3.0,False,1.5,0.398,0.339,0.0,8.36,0.532,0.436,0.348,0.107,UNDER 8.5,,,,,,,,,,,,,,,,,,,,,,,,,,,,,,,,,,,,
2026-09-03,823907,STL,LAD,Tarik Skubal,Quinn Mathews,1.23,4.439,0.621,0.74,0.27,0.095,HIGH VALUE &mdash; STL,0.0,1.23,4.439,0.621,0.095,HIGH VALUE &mdash; STL,,2026-09-03T16:00:06+00:00,1.0,False,1.5,0.476,0.269,0.0,8.66,0.558,0.463,0.375,0.019,no edge (best OVER 9.5),,,,,,,,,,,,,,,,,,,,,,,,,,,,,,,,,,,,
2026-09-03,824069,MIA,KC,Michael Wacha,Sandy Alcantara,-0.51,4.439,0.449,0.52,0.49,0.043,HIGH VALUE &mdash; MIA,0.0,-0.51,4.439,0.449,0.043,HIGH VALUE &mdash; MIA,,2026-09-03T16:00:06+00:00,4.0,False,1.5,0.325,0.412,0.0,9.02,0.59,0.496,0.408,0.057,UNDER 8.5,,,,,,,,,,,,,,,,,,,,,,,,,,,,,,,,,,,,
2026-09-03,824144,CWS,HOU,Hunter Brown,Luis Castillo,-0.42,4.439,0.459,0.6,0.41,0.114,HIGH VALUE &mdash; CWS,0.0,-0.42,4.439,0.459,0.114,HIGH VALUE &mdash; CWS,,2026-09-03T16:00:06+00:00,4.0,False,1.5,0.333,0.403,0.0,8.89,0.578,0.484,0.396,0.009,no edge (best UNDER 8.5),,,,,,,,,,,,,,,,,,,,,,,,,,,,,,,,,,,,
2026-09-03,824388,TOR,CLE,Tanner Bibee,José Soriano,0.21,4.439,0.521,0.51,0.5,-0.006,NO VALUE at current price,0.0,0.21,4.439,0.521,-0.006,NO VALUE at current price,,2026-09-03T16:00:06+00:00,-3.0,False,1.5,0.386,0.35,0.0,7.95,0.493,0.397,0.311,0.026,no edge (best UNDER 8.5),,,,,,,,,,,,,,,,,,,,,,,,,,,,,,,,,,,,
2026-09-03,824632,MIL,CHC,Kevin Gausman,Logan Henderson,0.05,4.439,0.505,0.49,0.52,-0.003,NO VALUE at current price,0.0,0.05,4.439,0.505,-0.003,NO VALUE at current price,,2026-09-03T16:00:06+00:00,1.0,False,1.5,0.372,0.363,0.0,8.85,0.575,0.481,0.392,-0.012,no edge (best OVER 7.5),,,,,,,,,,,,,,,,,,,,,,,,,,,,,,,,,,,,
2026-09-03,824796,BOS,BAL,Brandon Young,Jake Bennett,-0.75,4.439,0.425,0.47,0.54,0.017,CAUTIOUS &mdash; small edge on BOS,0.0,-0.75,4.439,0.425,0.017,CAUTIOUS &mdash; small edge on BOS,,2026-09-03T16:00:06+00:00,-1.0,False,1.5,0.306,0.433,0.0,8.76,0.568,0.473,0.385,0.01,no edge (best UNDER 8.5),,,,,,,,,,,,,,,,,,,,,,,,,,,,,,,,,,,,
2026-09-03,822853,TB,TEX,Cal Quantrill,Shane McClanahan,-0.74,4.439,0.426,0.46,0.55,0.007,CAUTIOUS &mdash; small edge on TB,0.0,-0.74,4.439,0.426,0.007,CAUTIOUS &mdash; small edge on TB,,2026-09-03T18:20:56+00:00,6.0,False,1.5,0.307,0.432,0.0,8.56,0.55,0.454,0.366,0.0,no edge (best OVER 9.5),,,,,,,,,,,,,,,,,,,,,,,,,,,,,,,,,,,,
2026-09-03,823095,ATH,SEA,Kade Anderson,Jack Perkins,1.04,4.439,0.603,0.67,0.34,0.042,HIGH VALUE &mdash; ATH,0.0,1.04,4.439,0.603,0.042,HIGH VALUE &mdash; ATH,,2026-09-03T18:20:56+00:00,-3.0,False,1.5,0.459,0.284,0.0,8.45,0.54,0.444,0.357,0.053,OVER 9.5,,,,,,,,,,,,,,,,,,,,,,,,,,,,,,,,,,,,
2026-09-03,823907,STL,LAD,Tarik Skubal,Quinn Mathews,1.23,4.439,0.621,0.74,0.28,0.085,HIGH VALUE &mdash; STL,0.0,1.23,4.439,0.621,0.085,HIGH VALUE &mdash; STL,,2026-09-03T18:20:56+00:00,1.0,False,1.5,0.476,0.269,0.0,8.66,0.559,0.463,0.375,0.022,no edge (best OVER 7.5),,,,,,,,,,,,,,,,,,,,,,,,,,,,,,,,,,,,
2026-09-03,824069,MIA,KC,Michael Wacha,Sandy Alcantara,-0.51,4.439,0.449,0.53,0.49,0.043,HIGH VALUE &mdash; MIA,0.0,-0.51,4.439,0.449,0.043,HIGH VALUE &mdash; MIA,,2026-09-03T18:20:56+00:00,4.0,False,1.5,0.325,0.412,0.0,9.03,0.59,0.496,0.408,0.057,UNDER 8.5,,,,,,,,,,,,,,,,,,,,,,,,,,,,,,,,,,,,
2026-09-03,824632,MIL,CHC,Kevin Gausman,Logan Henderson,0.05,4.439,0.505,0.48,0.53,0.007,CAUTIOUS &mdash; small edge on CHC,0.0,0.05,4.439,0.505,0.007,CAUTIOUS &mdash; small edge on CHC,,2026-09-03T18:20:56+00:00,1.0,False,1.5,0.372,0.363,0.0,8.85,0.575,0.481,0.392,-0.008,no edge (best UNDER 8.5),,,,,,,,,,,,,,,,,,,,,,,,,,,,,,,,,,,,
2026-09-03,824796,BOS,BAL,Brandon Young,Jake Bennett,-0.75,4.439,0.425,0.47,0.54,0.017,CAUTIOUS &mdash; small edge on BOS,0.0,-0.75,4.439,0.425,0.017,CAUTIOUS &mdash; small edge on BOS,,2026-09-03T18:20:56+00:00,-1.0,False,1.5,0.306,0.433,0.0,8.77,0.568,0.473,0.385,-0.0,no edge (best UNDER 8.5),,,,,,,,,,,,,,,,,,,,,,,,,,,,,,,,,,,,
2026-09-03,822853,TB,TEX,Cal Quantrill,Shane McClanahan,-0.74,4.439,0.426,0.46,0.55,0.007,CAUTIOUS &mdash; small edge on TB,0.0,-0.74,4.439,0.426,0.007,CAUTIOUS &mdash; small edge on TB,,2026-09-03T20:02:03+00:00,6.0,False,1.5,0.306,0.432,0.0,8.56,0.55,0.454,0.367,0.001,no edge (best OVER 9.5),0.54,0.45,0.35,,,,,,,,,,,,,,,,,,,,,,,,,,,,,,,,,
2026-09-03,823095,ATH,SEA,Kade Anderson,Jack Perkins,1.04,4.439,0.603,0.67,0.34,0.042,HIGH VALUE &mdash; ATH,0.0,1.04,4.439,0.603,0.042,HIGH VALUE &mdash; ATH,,2026-09-03T20:02:03+00:00,-3.0,False,1.5,0.459,0.284,0.0,8.46,0.541,0.445,0.357,0.044,OVER 7.5,0.48,0.39,0.3,,,,,,,,,,,,,,,,,,,,,,,,,,,,,,,,,
2026-09-03,823907,STL,LAD,Tarik Skubal,Quinn Mathews,1.23,4.439,0.621,0.74,0.27,0.095,HIGH VALUE &mdash; STL,0.0,1.23,4.439,0.621,0.095,HIGH VALUE &mdash; STL,,2026-09-03T20:02:03+00:00,1.0,False,1.5,0.476,0.269,0.0,8.66,0.559,0.464,0.376,0.022,no edge (best OVER 7.5),0.52,0.44,0.34,,,,,,,,,,,,,,,,,,,,,,,,,,,,,,,,,
2026-09-03,824069,MIA,KC,Michael Wacha,Sandy Alcantara,-0.51,4.439,0.449,0.53,0.49,0.044,HIGH VALUE &mdash; MIA,0.0,-0.51,4.439,0.449,0.044,HIGH VALUE &mdash; MIA,,2026-09-03T20:02:03+00:00,4.0,False,1.5,0.325,0.412,0.0,9.03,0.59,0.497,0.408,0.056,UNDER 8.5,0.64,0.57,0.46,,,,,,,,,,,,,,,,,,,,,,,,,,,,,,,,,
2026-09-03,824632,MIL,CHC,Kevin Gausman,Logan Henderson,0.05,4.439,0.505,0.47,0.54,0.017,CAUTIOUS &mdash; small edge on CHC,0.0,0.05,4.439,0.505,0.017,CAUTIOUS &mdash; small edge on CHC,,2026-09-03T20:02:03+00:00,1.0,False,1.5,0.372,0.364,0.0,8.85,0.576,0.481,0.393,-0.008,no edge (best UNDER 8.5),0.58,0.49,0.39,,,,,,,,,,,,,,,,,,,,,,,,,,,,,,,,,
2026-09-03,824796,BOS,BAL,Brandon Young,Jake Bennett,-0.75,4.439,0.425,0.47,0.54,0.017,CAUTIOUS &mdash; small edge on BOS,0.0,-0.75,4.439,0.425,0.017,CAUTIOUS &mdash; small edge on BOS,,2026-09-03T20:02:03+00:00,-1.0,False,1.5,0.306,0.433,0.0,8.77,0.568,0.473,0.385,-0.0,no edge (best UNDER 8.5),0.57,0.49,0.39,,,,,,,,,,,,,,,,,,,,,,,,,,,,,,,,,
2026-09-03,822853,TB,TEX,Cal Quantrill,Shane McClanahan,-0.74,4.439,0.426,0.46,0.55,0.007,CAUTIOUS &mdash; small edge on TB,0.0,-0.74,4.439,0.426,0.007,CAUTIOUS &mdash; small edge on TB,,2026-09-03T20:06:41+00:00,6.0,False,1.5,0.306,0.432,0.0,8.56,0.55,0.454,0.367,0.001,no edge (best OVER 9.5),0.54,0.45,0.35,,,,,,,,,,,,,,,,,,,,,,,,,,,,,,,,,
2026-09-03,823095,ATH,SEA,Kade Anderson,Jack Perkins,1.04,4.439,0.603,0.67,0.34,0.042,HIGH VALUE &mdash; ATH,0.0,1.04,4.439,0.603,0.042,HIGH VALUE &mdash; ATH,,2026-09-03T20:06:41+00:00,-3.0,False,1.5,0.459,0.284,0.0,8.46,0.541,0.445,0.357,0.044,OVER 7.5,0.48,0.39,0.3,,,,,,,,,,,,,,,,,,,,,,,,,,,,,,,,,
2026-09-03,823907,STL,LAD,Tarik Skubal,Quinn Mathews,1.23,4.439,0.621,0.74,0.27,0.095,HIGH VALUE &mdash; STL,0.0,1.23,4.439,0.621,0.095,HIGH VALUE &mdash; STL,,2026-09-03T20:06:41+00:00,1.0,False,1.5,0.476,0.269,0.0,8.66,0.559,0.464,0.376,0.022,no edge (best OVER 7.5),0.52,0.44,0.34,,,,,,,,,,,,,,,,,,,,,,,,,,,,,,,,,
2026-09-03,824069,MIA,KC,Michael Wacha,Sandy Alcantara,-0.51,4.439,0.449,0.53,0.49,0.044,HIGH VALUE &mdash; MIA,0.0,-0.51,4.439,0.449,0.044,HIGH VALUE &mdash; MIA,,2026-09-03T20:06:41+00:00,4.0,False,1.5,0.325,0.412,0.0,9.03,0.59,0.497,0.408,0.056,UNDER 8.5,0.64,0.57,0.46,,,,,,,,,,,,,,,,,,,,,,,,,,,,,,,,,
2026-09-03,824632,MIL,CHC,Kevin Gausman,Logan Henderson,0.05,4.439,0.505,0.47,0.54,0.017,CAUTIOUS &mdash; small edge on CHC,0.0,0.05,4.439,0.505,0.017,CAUTIOUS &mdash; small edge on CHC,,2026-09-03T20:06:41+00:00,1.0,False,1.5,0.372,0.364,0.0,8.85,0.576,0.481,0.393,-0.008,no edge (best UNDER 8.5),0.58,0.49,0.39,,,,,,,,,,,,,,,,,,,,,,,,,,,,,,,,,
2026-09-03,824796,BOS,BAL,Brandon Young,Jake Bennett,-0.75,4.439,0.425,0.47,0.54,0.017,CAUTIOUS &mdash; small edge on BOS,0.0,-0.75,4.439,0.425,0.017,CAUTIOUS &mdash; small edge on BOS,,2026-09-03T20:06:41+00:00,-1.0,False,1.5,0.306,0.433,0.0,8.77,0.568,0.473,0.385,-0.0,no edge (best UNDER 8.5),0.57,0.49,0.39,,,,,,,,,,,,,,,,,,,,,,,,,,,,,,,,,
2026-09-04,822852,TB,TEX,Trevor Williams,Nick Martinez,-0.85,4.438,0.415,0.51,0.49,0.077,HIGH VALUE &mdash; TB,0.0,-0.85,4.438,0.415,0.077,HIGH VALUE &mdash; TB,,2026-09-04T18:12:05+00:00,-1.0,False,1.5,0.298,0.442,0.0,8.7,0.562,0.467,0.379,0.015,no edge (best UNDER 8.5),0.57,0.5,0.39,,,,,,,,,,,,,,,,,,,,,,,,,,,,,,,,,
2026-09-04,823093,ATH,SEA,Logan Gilbert,Kade Morris,1.08,4.438,0.607,0.67,0.34,0.038,CAUTIOUS &mdash; small edge on ATH,0.0,1.08,4.438,0.607,0.038,CAUTIOUS &mdash; small edge on ATH,,2026-09-04T18:12:05+00:00,-1.0,False,1.5,0.462,0.28,0.0,8.33,0.529,0.433,0.346,0.042,OVER 9.5,0.47,0.39,0.29,,,,,,,,,,,,,,,,,,,,,,,,,,,,,,,,,
2026-09-04,823256,NYY,SD,Walker Buehler,Max Fried,-0.36,4.438,0.464,0.49,0.52,-0.001,NO VALUE at current price,0.0,-0.36,4.438,0.464,-0.001,NO VALUE at current price,,2026-09-04T18:12:05+00:00,1.0,False,1.5,0.337,0.399,0.0,7.79,0.478,0.381,0.297,0.002,no edge (best UNDER 8.5),0.48,0.4,0.3,,,,,,,,,,,,,,,,,,,,,,,,,,,,,,,,,
2026-09-04,823338,LAA,PIT,Jared Jones,Ryan Johnson,0.33,4.438,0.533,0.64,0.37,0.081,HIGH VALUE &mdash; LAA,0.0,0.33,4.438,0.533,0.081,HIGH VALUE &mdash; LAA,,2026-09-04T18:12:05+00:00,1.0,False,1.5,0.396,0.34,0.0,8.22,0.519,0.423,0.336,0.07,UNDER 8.5,0.59,0.51,0.4,,,,,,,,,,,,,,,,,,,,,,,,,,,,,,,,,
2026-09-04,823418,ATL,PHI,Cristopher Sánchez,Chris Sale,-0.05,4.438,0.495,0.52,0.49,-0.003,NO VALUE at current price,0.0,-0.05,4.438,0.495,-0.003,NO VALUE at current price,,2026-09-04T18:12:05+00:00,-3.0,False,1.5,0.363,0.372,0.0,7.8,0.478,0.381,0.297,0.061,OVER 7.5,0.4,0.32,0.24,,,,,,,,,,,,,,,,,,,,,,,,,,,,,,,,,
2026-09-04,823579,SF,NYM,Nolan McLean,Matt Wilkinson,0.22,4.438,0.522,0.65,0.36,0.102,HIGH VALUE &mdash; SF,0.0,0.22,4.438,0.522,0.102,HIGH VALUE &mdash; SF,,2026-09-04T18:12:05+00:00,4.0,False,1.5,0.387,0.349,0.0,8.52,0.546,0.45,0.363,0.043,OVER 8.5,0.5,0.39,0.32,,,,,,,,,,,,,,,,,,,,,,,,,,,,,,,,,
2026-09-04,823824,CHC,MIA,Janson Junk,Shota Imanaga,-0.64,4.438,0.437,0.41,0.6,0.01,CAUTIOUS &mdash; small edge on MIA,0.0,-0.64,4.438,0.437,0.01,CAUTIOUS &mdash; small edge on MIA,,2026-09-04T18:12:05+00:00,-5.0,False,1.5,0.315,0.423,0.0,9.55,0.632,0.541,0.454,0.078,OVER 9.5,0.55,0.47,0.36,,,,,,,,,,,,,,,,,,,,,,,,,,,,,,,,,
2026-09-04,823905,WSH,LAD,Blake Snell,Jackson Kent,0.82,4.438,0.581,0.73,0.28,0.125,HIGH VALUE &mdash; WSH,0.0,0.82,4.438,0.581,0.125,HIGH VALUE &mdash; WSH,,2026-09-04T18:12:05+00:00,2.0,False,1.5,0.439,0.301,0.0,8.59,0.553,0.457,0.369,0.006,no edge (best UNDER 8.5),0.56,0.48,0.38,,,,,,,,,,,,,,,,,,,,,,,,,,,,,,,,,
2026-09-04,824067,TOR,KC,Daniel Lynch IV,Jameson Taillon,-0.09,4.438,0.491,0.53,0.48,0.011,CAUTIOUS &mdash; small edge on TOR,0.0,-0.09,4.438,0.491,0.011,CAUTIOUS &mdash; small edge on TOR,,2026-09-04T18:12:05+00:00,-7.0,False,1.5,0.36,0.375,0.0,9.18,0.603,0.51,0.422,0.104,UNDER 8.5,0.69,0.63,0.53,,,,,,,,,,,,,,,,,,,,,,,,,,,,,,,,,
2026-09-04,824146,AZ,HOU,Cristian Javier,Merrill Kelly,-0.4,4.438,0.46,0.55,0.46,0.063,HIGH VALUE &mdash; AZ,0.0,-0.4,4.438,0.46,0.063,HIGH VALUE &mdash; AZ,,2026-09-04T18:12:05+00:00,2.0,False,1.5,0.334,0.402,0.0,9.03,0.59,0.496,0.408,0.027,no edge (best UNDER 8.5),0.61,0.54,0.43,,,,,,,,,,,,,,,,,,,,,,,,,,,,,,,,,
2026-09-04,824311,STL,COL,Ryan Feltner,Andre Pallante,-0.94,4.438,0.407,0.47,0.54,0.036,CAUTIOUS &mdash; small edge on STL,0.0,-0.94,4.438,0.407,0.036,CAUTIOUS &mdash; small edge on STL,,2026-09-04T18:12:05+00:00,-1.0,False,1.5,0.291,0.45,0.0,11.34,0.748,0.671,0.592,0.045,UNDER 8.5,0.79,0.73,0.64,,,,,,,,,,,,,,,,,,,,,,,,,,,,,,,,,
2026-09-04,824424,DET,CLE,Logan Allen,Keider Montero,-0.16,4.438,0.484,0.54,0.47,0.029,CAUTIOUS &mdash; small edge on DET,0.0,-0.16,4.438,0.484,0.029,CAUTIOUS &mdash; small edge on DET,,2026-09-04T18:12:05+00:00,1.0,False,1.5,0.354,0.381,0.0,8.29,0.526,0.429,0.342,0.053,UNDER 8.5,0.58,0.5,0.39,,,,,,,,,,,,,,,,,,,,,,,,,,,,,,,,,
2026-09-04,824471,MIL,CIN,Rhett Lowder,Shane Drohan,-1.18,4.438,0.384,0.41,0.6,-0.001,NO VALUE at current price,0.0,-1.18,4.438,0.384,-0.001,NO VALUE at current price,,2026-09-04T18:12:05+00:00,-3.0,False,1.5,0.273,0.471,0.0,9.05,0.593,0.499,0.41,0.094,UNDER 8.5,0.68,0.61,0.51,,,,,,,,,,,,,,,,,,,,,,,,,,,,,,,,,
2026-09-04,824554,MIN,CWS,Erick Fedde,Zebby Matthews,0.13,4.438,0.513,0.52,0.49,-0.02,NO VALUE at current price,0.0,0.13,4.438,0.513,-0.02,NO VALUE at current price,,2026-09-04T18:12:05+00:00,3.0,False,1.5,0.379,0.357,0.0,9.12,0.598,0.505,0.416,0.038,no edge (best UNDER 8.5),0.64,0.56,0.45,,,,,,,,,,,,,,,,,,,,,,,,,,,,,,,,,
2026-09-04,824797,BOS,BAL,Shane Baz,Ranger Suarez,-0.27,4.438,0.473,0.49,0.53,-0.02,NO VALUE at current price,0.0,-0.27,4.438,0.473,-0.02,NO VALUE at current price,,2026-09-04T18:12:05+00:00,-1.0,False,1.5,0.345,0.391,0.0,8.4,0.536,0.439,0.352,0.024,no edge (best UNDER 8.5),0.56,0.48,0.37,,,,,,,,,,,,,,,,,,,,,,,,,,,,,,,,,
2026-09-04,824387,DET,CLE,Foster Griffin,Andrew Sears,0.03,4.438,0.503,0.57,0.45,0.03,CAUTIOUS &mdash; small edge on DET,0.0,0.03,4.438,0.503,0.03,CAUTIOUS &mdash; small edge on DET,,2026-09-04T18:12:05+00:00,1.0,False,1.5,0.37,0.366,0.0,7.77,0.475,0.379,0.294,0.074,UNDER 8.5,0.54,0.47,0.36,,,,,,,,,,,,,,,,,,,,,,,,,,,,,,,,,
2026-09-05,822850,TB,TEX,Jacob deGrom,Drew Rasmussen,-0.89,4.436,0.411,0.51,0.5,0.071,HIGH VALUE &mdash; TB,0.0,-0.89,4.436,0.411,0.071,HIGH VALUE &mdash; TB,,2026-09-05T17:13:42+00:00,-3.0,False,1.5,0.295,0.446,0.0,8.0,0.498,0.402,0.316,0.071,OVER 7.5,0.41,0.34,0.24,,,,,,,,,,,,,,,,,,,,,,,,,,,,,,,,,
2026-09-05,823094,ATH,SEA,George Kirby,Jeffrey Springs,1.45,4.436,0.642,0.69,0.32,0.023,CAUTIOUS &mdash; small edge on ATH,0.0,1.45,4.436,0.642,0.023,CAUTIOUS &mdash; small edge on ATH,,2026-09-05T17:13:42+00:00,-4.0,False,1.5,0.496,0.253,0.0,9.06,0.593,0.5,0.411,0.075,OVER 7.5,0.5,0.43,0.34,,,,,,,,,,,,,,,,,,,,,,,,,,,,,,,,,
2026-09-05,823257,NYY,SD,Robbie Ray,Carlos Rodón,-0.36,4.436,0.465,0.55,0.46,0.058,HIGH VALUE &mdash; NYY,0.0,-0.36,4.436,0.465,0.058,HIGH VALUE &mdash; NYY,,2026-09-05T17:13:42+00:00,-4.0,False,1.5,0.338,0.398,0.0,7.8,0.479,0.382,0.298,0.031,no edge (best UNDER 8.5),0.52,0.43,0.34,,,,,,,,,,,,,,,,,,,,,,,,,,,,,,,,,
2026-09-05,823335,LAA,PIT,Braxton Ashcraft,Yusei Kikuchi,0.81,4.436,0.581,0.64,0.37,0.033,CAUTIOUS &mdash; small edge on LAA,0.0,0.81,4.436,0.581,0.033,CAUTIOUS &mdash; small edge on LAA,,2026-09-05T17:13:42+00:00,-5.0,False,1.5,0.439,0.301,0.0,8.08,0.506,0.409,0.323,0.014,no edge (best UNDER 8.5),0.51,0.44,0.33,,,,,,,,,,,,,,,,,,,,,,,,,,,,,,,,,
2026-09-05,823419,ATL,PHI,Zack Wheeler,Martín Pérez,0.32,4.436,0.532,0.6,0.41,0.041,HIGH VALUE &mdash; ATL,0.0,0.32,4.436,0.532,0.041,HIGH VALUE &mdash; ATL,,2026-09-05T17:13:42+00:00,2.0,False,1.5,0.395,0.341,0.0,8.64,0.557,0.462,0.374,0.011,no edge (best UNDER 8.5),0.57,0.49,0.38,,,,,,,,,,,,,,,,,,,,,,,,,,,,,,,,,
2026-09-05,823577,SF,NYM,Zac Thornton,Anthony Molina,0.29,4.436,0.529,0.61,0.4,0.055,HIGH VALUE &mdash; SF,0.0,0.29,4.436,0.529,0.055,HIGH VALUE &mdash; SF,,2026-09-05T17:13:42+00:00,-4.0,False,1.5,0.392,0.344,0.0,8.78,0.569,0.474,0.386,0.02,no edge (best OVER 9.5),0.54,0.46,0.35,,,,,,,,,,,,,,,,,,,,,,,,,,,,,,,,,
2026-09-05,823823,CHC,MIA,Ryan Gusto,Javier Assad,-0.49,4.436,0.451,0.47,0.54,-0.008,NO VALUE at current price,0.0,-0.49,4.436,0.451,-0.008,NO VALUE at current price,,2026-09-05T17:13:42+00:00,-1.0,False,1.5,0.327,0.41,0.0,9.57,0.634,0.543,0.455,0.059,OVER 9.5,0.57,0.49,0.38,,,,,,,,,,,,,,,,,,,,,,,,,,,,,,,,,
2026-09-05,823904,WSH,LAD,Tyler Glasnow,Cade Cavalli,0.64,4.436,0.564,0.67,0.34,0.081,HIGH VALUE &mdash; WSH,0.0,0.64,4.436,0.564,0.081,HIGH VALUE &mdash; WSH,,2026-09-05T17:13:42+00:00,1.0,False,1.5,0.423,0.315,0.0,8.73,0.565,0.469,0.381,0.088,OVER 7.5,0.46,0.37,0.32,,,,,,,,,,,,,,,,,,,,,,,,,,,,,,,,,
2026-09-05,824066,TOR,KC,Seth Lugo,Max Scherzer,0.05,4.436,0.505,0.5,0.5,-0.013,NO VALUE at current price,0.0,0.05,4.436,0.505,-0.013,NO VALUE at current price,,2026-09-05T17:13:42+00:00,-1.0,False,1.5,0.372,0.364,0.0,9.25,0.608,0.516,0.428,0.067,UNDER 8.5,0.67,0.6,0.5,,,,,,,,,,,,,,,,,,,,,,,,,,,,,,,,,
2026-09-05,824145,AZ,HOU,Ethan Pecko,Brandon Pfaadt,-0.48,4.436,0.452,0.51,0.51,0.021,CAUTIOUS &mdash; small edge on AZ,0.0,-0.48,4.436,0.452,0.021,CAUTIOUS &mdash; small edge on AZ,,2026-09-05T17:13:42+00:00,-1.0,False,1.5,0.327,0.409,0.0,8.6,0.554,0.458,0.37,0.065,UNDER 8.5,0.6,0.54,0.42,,,,,,,,,,,,,,,,,,,,,,,,,,,,,,,,,
2026-09-05,824310,STL,COL,Mason Adams,Matthew Liberatore,-0.75,4.436,0.426,0.47,0.54,0.017,CAUTIOUS &mdash; small edge on STL,0.0,-0.75,4.436,0.426,0.017,CAUTIOUS &mdash; small edge on STL,,2026-09-05T17:13:42+00:00,3.0,False,1.5,0.306,0.433,0.0,10.73,0.713,0.631,0.548,0.044,UNDER 8.5,0.76,0.69,0.6,,,,,,,,,,,,,,,,,,,,,,,,,,,,,,,,,
2026-09-05,824389,DET,CLE,Parker Messick,Framber Valdez,0.36,4.436,0.536,0.59,0.42,0.027,CAUTIOUS &mdash; small edge on DET,0.0,0.36,4.436,0.536,0.027,CAUTIOUS &mdash; small edge on DET,,2026-09-05T17:13:42+00:00,-6.0,False,1.5,0.399,0.337,0.0,8.14,0.511,0.415,0.328,0.074,OVER 7.5,0.42,0.35,0.25,,,,,,,,,,,,,,,,,,,,,,,,,,,,,,,,,
2026-09-05,824468,MIL,CIN,Andrew Abbott,Dustin May,-1.5,4.436,0.354,0.42,0.59,0.039,CAUTIOUS &mdash; small edge on MIL,0.0,-1.5,4.436,0.354,0.039,CAUTIOUS &mdash; small edge on MIL,,2026-09-05T17:13:42+00:00,2.0,False,1.5,0.25,0.5,0.0,9.23,0.607,0.514,0.426,0.049,UNDER 8.5,0.65,0.58,0.46,,,,,,,,,,,,,,,,,,,,,,,,,,,,,,,,,
2026-09-05,824553,MIN,CWS,Anthony Kay,Taj Bradley,0.57,4.436,0.557,0.53,0.48,0.009,CAUTIOUS &mdash; small edge on CWS,0.0,0.57,4.436,0.557,0.009,CAUTIOUS &mdash; small edge on CWS,,2026-09-05T17:13:42+00:00,-2.0,False,1.5,0.417,0.321,0.0,8.54,0.548,0.452,0.364,0.011,no edge (best UNDER 8.5),0.56,0.48,0.38,,,,,,,,,,,,,,,,,,,,,,,,,,,,,,,,,
2026-09-05,824795,BOS,BAL,Chris Bassitt,Sonny Gray,-0.62,4.436,0.438,0.46,0.55,-0.005,NO VALUE at current price,0.0,-0.62,4.436,0.438,-0.005,NO VALUE at current price,,2026-09-05T17:13:42+00:00,-5.0,False,1.5,0.316,0.422,0.0,8.69,0.561,0.466,0.378,-0.006,no edge (best OVER 7.5),0.55,0.47,0.37,,,,,,,,,,,,,,,,,,,,,,,,,,,,,,,,,
2026-09-06,822848,TB,TEX,MacKenzie Gore,Ian Seymour,-0.75,4.435,0.425,0.51,0.5,0.057,HIGH VALUE &mdash; TB,0.0,-0.75,4.435,0.425,0.057,HIGH VALUE &mdash; TB,,2026-09-06T17:33:31+00:00,2.0,False,1.5,0.306,0.433,0.0,8.13,0.51,0.414,0.327,-0.011,no edge (best UNDER 8.5),0.51,0.42,0.33,,,,,,,,,,,,,,,,,,,,,,,,,,,,,,,,,
2026-09-06,823091,ATH,SEA,Bryan Woo,Gage Jump,1.04,4.435,0.602,0.65,0.36,0.021,CAUTIOUS &mdash; small edge on ATH,0.0,1.04,4.435,0.602,0.021,CAUTIOUS &mdash; small edge on ATH,,2026-09-06T17:33:31+00:00,2.0,False,1.5,0.458,0.284,0.0,8.24,0.521,0.424,0.338,0.054,OVER 7.5,0.45,0.39,0.29,,,,,,,,,,,,,,,,,,,,,,,,,,,,,,,,,
2026-09-06,823253,NYY,SD,Michael King,Gerrit Cole,-0.43,4.435,0.457,0.5,0.51,0.016,CAUTIOUS &mdash; small edge on NYY,0.0,-0.43,4.435,0.457,0.016,CAUTIOUS &mdash; small edge on NYY,,2026-09-06T17:33:31+00:00,1.0,False,1.5,0.332,0.405,0.0,7.56,0.454,0.358,0.275,0.007,no edge (best OVER 7.5),0.43,0.35,0.26,,,,,,,,,,,,,,,,,,,,,,,,,,,,,,,,,
2026-09-06,823336,LAA,PIT,Paul Skenes,Walbert Ureña,0.63,4.435,0.563,0.63,0.39,0.03,CAUTIOUS &mdash; small edge on LAA,0.0,0.63,4.435,0.563,0.03,CAUTIOUS &mdash; small edge on LAA,,2026-09-06T17:33:31+00:00,1.0,False,1.5,0.423,0.315,0.0,7.61,0.459,0.363,0.28,0.001,no edge (best UNDER 8.5),0.46,0.38,0.29,,,,,,,,,,,,,,,,,,,,,,,,,,,,,,,,,
2026-09-06,823578,SF,NYM,Christian Scott,Cesar Perdomo,0.05,4.435,0.505,0.61,0.4,0.079,HIGH VALUE &mdash; SF,0.0,0.05,4.435,0.505,0.079,HIGH VALUE &mdash; SF,,2026-09-06T17:33:31+00:00,2.0,False,1.5,0.372,0.364,0.0,8.57,0.551,0.455,0.367,-0.006,no edge (best OVER 7.5),0.54,0.45,0.36,,,,,,,,,,,,,,,,,,,,,,,,,,,,,,,,,
2026-09-06,823822,CHC,MIA,Tyler Phillips,Clay Holmes,-0.84,4.435,0.416,0.44,0.57,-0.003,NO VALUE at current price,0.0,-0.84,4.435,0.416,-0.003,NO VALUE at current price,,2026-09-06T17:33:31+00:00,7.0,False,1.5,0.299,0.441,0.0,9.45,0.624,0.533,0.445,0.049,OVER 9.5,0.56,0.48,0.38,,,,,,,,,,,,,,,,,,,,,,,,,,,,,,,,,
2026-09-06,823903,WSH,LAD,Justin Wrobleski,Andrew Alvarez,0.78,4.435,0.578,0.65,0.36,0.046,HIGH VALUE &mdash; WSH,0.0,0.78,4.435,0.578,0.046,HIGH VALUE &mdash; WSH,,2026-09-06T17:33:31+00:00,2.0,False,1.5,0.436,0.303,0.0,9.29,0.611,0.519,0.431,0.045,OVER 9.5,0.55,0.48,0.37,,,,,,,,,,,,,,,,,,,,,,,,,,,,,,,,,
2026-09-06,824065,TOR,KC,Randy Dobnak,Spencer Arrighetti,0.18,4.435,0.518,0.48,0.53,0.021,CAUTIOUS &mdash; small edge on KC,0.0,0.18,4.435,0.518,0.021,CAUTIOUS &mdash; small edge on KC,,2026-09-06T17:33:31+00:00,5.0,False,1.5,0.383,0.352,0.0,9.11,0.597,0.503,0.415,0.07,UNDER 8.5,0.67,0.59,0.49,,,,,,,,,,,,,,,,,,,,,,,,,,,,,,,,,
2026-09-06,824142,AZ,HOU,Peter Lambert,Eduardo Rodriguez,-0.29,4.435,0.471,0.51,0.5,0.011,CAUTIOUS &mdash; small edge on AZ,0.0,-0.29,4.435,0.471,0.011,CAUTIOUS &mdash; small edge on AZ,,2026-09-06T17:33:31+00:00,-1.0,False,1.5,0.343,0.392,0.0,8.32,0.528,0.432,0.345,0.021,no edge (best UNDER 8.5),0.55,0.47,0.36,,,,,,,,,,,,,,,,,,,,,,,,,,,,,,,,,
2026-09-06,824309,STL,COL,Tanner Gordon,Kyle Leahy,-1.04,4.435,0.398,0.45,0.56,0.025,CAUTIOUS &mdash; small edge on STL,0.0,-1.04,4.435,0.398,0.025,CAUTIOUS &mdash; small edge on STL,,2026-09-06T17:33:31+00:00,-2.0,False,1.5,0.284,0.458,0.0,11.01,0.729,0.65,0.569,0.046,UNDER 8.5,0.77,0.71,0.62,,,,,,,,,,,,,,,,,,,,,,,,,,,,,,,,,
2026-09-06,824385,DET,CLE,Gavin Williams,Jackson Jobe,0.22,4.435,0.522,0.61,0.4,0.061,HIGH VALUE &mdash; DET,0.0,0.22,4.435,0.522,0.061,HIGH VALUE &mdash; DET,,2026-09-06T17:33:31+00:00,1.0,False,1.5,0.386,0.349,0.0,7.92,0.49,0.394,0.309,0.043,OVER 7.5,0.43,0.36,0.26,,,,,,,,,,,,,,,,,,,,,,,,,,,,,,,,,
2026-09-06,824552,MIN,CWS,Bryan Hudson,Bailey Ober,0.64,4.435,0.564,0.58,0.43,-0.011,NO VALUE at current price,0.0,0.64,4.435,0.564,-0.011,NO VALUE at current price,,2026-09-06T17:33:31+00:00,9.0,False,1.5,0.423,0.315,0.0,9.06,0.593,0.5,0.411,-0.006,no edge (best OVER 9.5),0.59,0.5,0.4,,,,,,,,,,,,,,,,,,,,,,,,,,,,,,,,,
2026-09-06,824794,BOS,BAL,Kyle Bradish,Payton Tolle,-0.58,4.435,0.442,0.46,0.56,-0.019,NO VALUE at current price,0.0,-0.58,4.435,0.442,-0.019,NO VALUE at current price,,2026-09-06T17:33:31+00:00,-2.0,False,1.5,0.319,0.418,0.0,8.24,0.521,0.425,0.338,0.044,OVER 7.5,0.46,0.38,0.29,,,,,,,,,,,,,,,,,,,,,,,,,,,,,,,,,
2026-09-07,823175,STL,SF,Logan Webb,Michael McGreevy,-0.04,4.434,0.496,0.56,0.45,0.036,CAUTIOUS &mdash; small edge on STL,0.0,-0.04,4.434,0.496,0.036,CAUTIOUS &mdash; small edge on STL,,2026-09-07T19:03:12+00:00,1.0,False,1.5,0.364,0.371,0.0,8.93,0.582,0.488,0.4,0.035,no edge (best OVER 7.5),0.53,0.45,0.35,,,,,,,,,,,,,,,,,,,,,,,,,,,,,,,,,
2026-09-07,823254,WSH,SD,Nick Pivetta,Jake Irvin,0.81,4.434,0.581,0.65,0.36,0.043,HIGH VALUE &mdash; WSH,0.0,0.81,4.434,0.581,0.043,HIGH VALUE &mdash; WSH,,2026-09-07T19:03:12+00:00,1.0,False,1.5,0.438,0.301,0.0,8.12,0.509,0.413,0.326,0.04,no edge (best UNDER 8.5),0.55,0.47,0.36,,,,,,,,,,,,,,,,,,,,,,,,,,,,,,,,,
2026-09-07,823902,CIN,LAD,,Chase Burns,1.11,4.878,0.6,0.63,0.38,0.004,CAUTIOUS &mdash; small edge on CIN,0.0,1.11,4.878,0.6,0.004,CAUTIOUS &mdash; small edge on CIN,,2026-09-07T19:03:12+00:00,3.0,True,1.5,0.468,0.297,0.0,8.8,0.571,0.476,0.388,-0.003,no edge (best UNDER 8.5),0.57,0.49,0.39,,,,,,,,,,,,,,,,,,,,,,,,,,,,,,,,,
2026-09-07,824229,MIN,DET,Troy Melton,Joe Ryan,0.69,4.434,0.568,0.53,0.48,0.021,CAUTIOUS &mdash; small edge on DET,0.0,0.69,4.434,0.568,0.021,CAUTIOUS &mdash; small edge on DET,,2026-09-07T19:03:12+00:00,1.0,False,1.5,0.427,0.311,0.0,8.65,0.558,0.462,0.374,0.011,no edge (best OVER 7.5),0.53,0.45,0.35,,,,,,,,,,,,,,,,,,,,,,,,,,,,,,,,,
2026-09-07,824958,TOR,ATH,Jacob Lopez,Dylan Cease,-1.23,4.434,0.379,0.35,0.66,0.013,CAUTIOUS &mdash; small edge on ATH,0.0,-1.23,4.434,0.379,0.013,CAUTIOUS &mdash; small edge on ATH,,2026-09-07T19:03:12+00:00,1.0,False,1.5,0.269,0.476,0.0,8.57,0.551,0.455,0.367,0.018,no edge (best UNDER 8.5),0.57,0.49,0.39,,,,,,,,,,,,,,,,,,,,,,,,,,,,,,,,,
2026-09-08,823092,TEX,SEA,,,0.04,4.876,0.504,0.56,0.45,0.029,CAUTIOUS &mdash; small edge on TEX,0.0,0.04,4.876,0.504,0.029,CAUTIOUS &mdash; small edge on TEX,,2026-09-08T18:24:34+00:00,-5.0,True,1.5,0.382,0.376,0.0,8.16,0.513,0.417,0.33,0.036,no edge (best UNDER 8.5),0.55,0.47,0.36,,,,,,,,,,,,,,,,,,,,,,,,,,,,,,,,,
2026-09-08,823174,STL,SF,Landen Roupp,Quinn Mathews,-0.45,4.433,0.455,0.5,0.51,0.017,CAUTIOUS &mdash; small edge on STL,0.0,-0.45,4.433,0.455,0.017,CAUTIOUS &mdash; small edge on STL,,2026-09-08T18:24:34+00:00,1.0,False,1.5,0.33,0.406,0.0,8.75,0.567,0.472,0.384,0.03,no edge (best OVER 7.5),0.52,0.44,0.34,,,,,,,,,,,,,,,,,,,,,,,,,,,,,,,,,
2026-09-08,823250,WSH,SD,Casey Mize,Riley Cornelio,0.19,4.433,0.519,0.64,0.38,0.085,HIGH VALUE &mdash; WSH,0.0,0.19,4.433,0.519,0.085,HIGH VALUE &mdash; WSH,,2026-09-08T18:24:34+00:00,1.0,False,1.5,0.384,0.352,0.0,8.41,0.537,0.441,0.353,-0.008,no edge (best UNDER 8.5),0.54,0.45,0.35,,,,,,,,,,,,,,,,,,,,,,,,,,,,,,,,,
2026-09-08,823414,HOU,PHI,Andrew Painter,Hayden Wesneski,0.41,4.433,0.541,0.57,0.45,-0.008,NO VALUE at current price,0.0,0.41,4.433,0.541,-0.008,NO VALUE at current price,,2026-09-08T18:24:34+00:00,-1.0,False,1.5,0.403,0.334,0.0,8.79,0.57,0.475,0.387,0.028,no edge (best UNDER 8.5),0.6,0.52,0.41,,,,,,,,,,,,,,,,,,,,,,,,,,,,,,,,,
2026-09-08,823500,COL,NYY,Cam Schlittler,Gabriel Hughes,1.66,4.433,0.662,0.76,0.25,0.075,HIGH VALUE &mdash; COL,0.0,1.66,4.433,0.662,0.075,HIGH VALUE &mdash; COL,,2026-09-08T18:24:34+00:00,2.0,False,1.5,0.515,0.238,0.0,8.54,0.548,0.453,0.365,0.016,no edge (best OVER 8.5),0.52,0.42,0.34,,,,,,,,,,,,,,,,,,,,,,,,,,,,,,,,,
2026-09-08,823738,CHC,MIL,Jacob Misiorowski,David Peterson,0.54,4.433,0.554,0.67,0.35,0.08,HIGH VALUE &mdash; CHC,0.0,0.54,4.433,0.554,0.08,HIGH VALUE &mdash; CHC,,2026-09-08T18:24:34+00:00,1.0,False,1.5,0.414,0.323,0.0,8.52,0.547,0.451,0.363,0.05,OVER 7.5,0.48,0.39,0.3,,,,,,,,,,,,,,,,,,,,,,,,,,,,,,,,,
2026-09-08,823821,NYM,MIA,Sandy Alcantara,Sean Manaea,0.44,4.433,0.544,0.54,0.47,-0.014,NO VALUE at current price,0.0,0.44,4.433,0.544,-0.014,NO VALUE at current price,,2026-09-08T18:24:34+00:00,-2.0,False,1.5,0.405,0.331,0.0,9.02,0.59,0.496,0.408,0.022,no edge (best OVER 9.5),0.56,0.48,0.37,,,,,,,,,,,,,,,,,,,,,,,,,,,,,,,,,
2026-09-08,823901,CIN,LAD,Tarik Skubal,Nick Lodolo,1.68,4.433,0.664,0.74,0.27,0.053,HIGH VALUE &mdash; CIN,0.0,1.68,4.433,0.664,0.053,HIGH VALUE &mdash; CIN,,2026-09-08T18:24:34+00:00,1.0,False,1.5,0.517,0.236,0.0,8.9,0.579,0.485,0.396,0.022,no edge (best OVER 7.5),0.54,0.46,0.36,,,,,,,,,,,,,,,,,,,,,,,,,,,,,,,,,
2026-09-08,824063,AZ,KC,Michael Wacha,Corbin Burnes,-0.53,4.433,0.447,0.48,0.53,0.005,CAUTIOUS &mdash; small edge on AZ,0.0,-0.53,4.433,0.447,0.005,CAUTIOUS &mdash; small edge on AZ,,2026-09-08T18:24:34+00:00,-2.0,False,1.5,0.323,0.413,0.0,8.85,0.575,0.481,0.392,0.092,UNDER 8.5,0.65,0.59,0.46,,,,,,,,,,,,,,,,,,,,,,,,,,,,,,,,,
2026-09-08,824228,MIN,DET,Drew Anderson,Dean Kremer,0.64,4.433,0.563,0.56,0.44,-0.014,NO VALUE at current price,0.0,0.64,4.433,0.563,-0.014,NO VALUE at current price,,2026-09-08T18:24:34+00:00,-1.0,False,1.5,0.423,0.315,0.0,8.83,0.574,0.479,0.391,-0.003,no edge (best OVER 7.5),0.56,0.48,0.38,,,,,,,,,,,,,,,,,,,,,,,,,,,,,,,,,
2026-09-08,824551,PIT,CWS,Sean Burke,Bubba Chandler,-0.07,4.433,0.493,0.57,0.44,0.05,HIGH VALUE &mdash; PIT,0.0,-0.07,4.433,0.493,0.05,HIGH VALUE &mdash; PIT,,2026-09-08T18:24:34+00:00,-6.0,False,1.5,0.362,0.374,0.0,8.25,0.522,0.425,0.339,0.048,UNDER 8.5,0.57,0.49,0.38,,,,,,,,,,,,,,,,,,,,,,,,,,,,,,,,,
2026-09-08,824714,LAA,BOS,Patrick Sandoval,Reid Detmers,0.61,4.433,0.561,0.58,0.43,-0.008,NO VALUE at current price,0.0,0.61,4.433,0.561,-0.008,NO VALUE at current price,,2026-09-08T18:24:34+00:00,-5.0,False,1.5,0.421,0.317,0.0,8.24,0.521,0.424,0.337,-0.006,no edge (best OVER 7.5),0.51,0.43,0.33,,,,,,,,,,,,,,,,,,,,,,,,,,,,,,,,,
2026-09-08,824792,CLE,BAL,Brandon Young,Tanner Bibee,-0.13,4.433,0.487,0.53,0.48,0.015,CAUTIOUS &mdash; small edge on CLE,0.0,-0.13,4.433,0.487,0.015,CAUTIOUS &mdash; small edge on CLE,,2026-09-08T18:24:34+00:00,-4.0,False,1.5,0.357,0.378,0.0,8.7,0.562,0.467,0.379,-0.005,no edge (best OVER 7.5),0.55,0.47,0.37,,,,,,,,,,,,,,,,,,,,,,,,,,,,,,,,,
2026-09-08,824875,TB,ATL,AJ Smith-Shawver,Freddy Peralta,-0.09,4.433,0.491,0.52,0.49,0.002,CAUTIOUS &mdash; small edge on TB,0.0,-0.09,4.433,0.491,0.002,CAUTIOUS &mdash; small edge on TB,,2026-09-08T18:24:34+00:00,-6.0,False,1.5,0.36,0.375,0.0,8.7,0.562,0.467,0.379,0.026,no edge (best UNDER 8.5),0.59,0.51,0.4,,,,,,,,,,,,,,,,,,,,,,,,,,,,,,,,,
2026-09-08,824957,TOR,ATH,Jack Perkins,José Soriano,-1.34,4.433,0.369,0.38,0.63,-0.015,NO VALUE at current price,0.0,-1.34,4.433,0.369,-0.015,NO VALUE at current price,,2026-09-08T18:24:34+00:00,-2.0,False,1.5,0.261,0.485,0.0,9.2,0.604,0.511,0.423,0.062,UNDER 8.5,0.66,0.59,0.48,,,,,,,,,,,,,,,,,,,,,,,,,,,,,,,,,
2026-09-09,823090,TEX,SEA,Kade Anderson,Cody Bradford,-0.1,4.432,0.49,0.59,0.43,0.062,HIGH VALUE &mdash; TEX,0.0,-0.1,4.432,0.49,0.062,HIGH VALUE &mdash; TEX,,2026-09-09T15:18:30+00:00,1.0,False,1.5,0.359,0.376,0.0,8.16,0.513,0.417,0.33,0.016,no edge (best UNDER 8.5),0.54,0.45,0.34,,,,,,,,,,,,,,,,,,,,,,,,,,,,,,,,,
2026-09-09,823172,STL,SF,Blade Tidwell,Andre Pallante,-0.11,4.432,0.489,0.49,0.52,-0.019,NO VALUE at current price,0.0,-0.11,4.432,0.489,-0.019,NO VALUE at current price,,2026-09-09T15:18:30+00:00,1.0,False,1.5,0.358,0.377,0.0,8.59,0.553,0.457,0.369,0.025,no edge (best UNDER 8.5),0.58,0.5,0.38,,,,,,,,,,,,,,,,,,,,,,,,,,,,,,,,,
2026-09-09,823251,WSH,SD,Walker Buehler,Jackson Kent,0.38,4.432,0.538,0.64,0.38,0.066,HIGH VALUE &mdash; WSH,0.0,0.38,4.432,0.538,0.066,HIGH VALUE &mdash; WSH,,2026-09-09T15:18:30+00:00,7.0,False,1.5,0.4,0.336,0.0,8.29,0.525,0.429,0.342,0.034,no edge (best UNDER 8.5),0.56,0.48,0.37,,,,,,,,,,,,,,,,,,,,,,,,,,,,,,,,,
2026-09-09,823416,HOU,PHI,Cristopher Sánchez,Hunter Brown,1.07,4.432,0.605,0.59,0.41,-0.002,NO VALUE at current price,0.0,1.07,4.432,0.605,-0.002,NO VALUE at current price,,2026-09-09T15:18:30+00:00,4.0,False,1.5,0.461,0.281,0.0,8.46,0.541,0.445,0.357,0.018,no edge (best UNDER 8.5),0.55,0.48,0.37,,,,,,,,,,,,,,,,,,,,,,,,,,,,,,,,,
2026-09-09,823497,COL,NYY,Will Warren,Tomoyuki Sugano,1.45,4.432,0.642,0.69,0.31,0.033,CAUTIOUS &mdash; small edge on COL,0.0,1.45,4.432,0.642,0.033,CAUTIOUS &mdash; small edge on COL,,2026-09-09T15:18:30+00:00,5.0,False,1.5,0.495,0.253,0.0,9.37,0.618,0.526,0.438,0.027,no edge (best UNDER 8.5),0.64,0.57,0.47,,,,,,,,,,,,,,,,,,,,,,,,,,,,,,,,,
2026-09-09,823739,CHC,MIL,Logan Henderson,Kevin Gausman,0.23,4.432,0.523,0.56,0.46,-0.0,NO VALUE at current price,0.0,0.23,4.432,0.523,-0.0,NO VALUE at current price,,2026-09-09T15:18:30+00:00,2.0,False,1.5,0.387,0.348,0.0,8.7,0.563,0.467,0.379,0.034,no edge (best OVER 9.5),0.53,0.43,0.33,,,,,,,,,,,,,,,,,,,,,,,,,,,,,,,,,
2026-09-09,823818,NYM,MIA,Janson Junk,Robert Stock,0.45,4.432,0.545,0.54,0.48,-0.012,NO VALUE at current price,0.0,0.45,4.432,0.545,-0.012,NO VALUE at current price,,2026-09-09T15:18:30+00:00,-1.0,False,1.5,0.406,0.33,0.0,9.2,0.605,0.512,0.423,0.001,no edge (best UNDER 8.5),0.6,0.53,0.41,,,,,,,,,,,,,,,,,,,,,,,,,,,,,,,,,
2026-09-09,823900,CIN,LAD,Yoshinobu Yamamoto,Rhett Lowder,1.38,4.432,0.635,0.73,0.28,0.071,HIGH VALUE &mdash; CIN,0.0,1.38,4.432,0.635,0.071,HIGH VALUE &mdash; CIN,,2026-09-09T15:18:30+00:00,13.0,False,1.5,0.489,0.258,0.0,8.97,0.585,0.491,0.403,0.002,no edge (best UNDER 8.5),0.58,0.51,0.4,,,,,,,,,,,,,,,,,,,,,,,,,,,,,,,,,
2026-09-09,824064,AZ,KC,Daniel Lynch IV,Zac Gallen,-0.41,4.432,0.459,0.48,0.53,-0.006,NO VALUE at current price,0.0,-0.41,4.432,0.459,-0.006,NO VALUE at current price,,2026-09-09T15:18:30+00:00,3.0,False,1.5,0.333,0.403,0.0,9.42,0.622,0.53,0.442,0.005,no edge (best OVER 7.5),0.6,0.52,0.42,,,,,,,,,,,,,,,,,,,,,,,,,,,,,,,,,
2026-09-09,824226,MIN,DET,Keider Montero,Zebby Matthews,0.59,4.432,0.558,0.53,0.48,0.011,CAUTIOUS &mdash; small edge on DET,0.0,0.59,4.432,0.558,0.011,CAUTIOUS &mdash; small edge on DET,,2026-09-09T15:18:30+00:00,5.0,False,1.5,0.418,0.319,0.0,8.96,0.585,0.491,0.402,0.002,no edge (best UNDER 8.5),0.59,0.51,0.4,,,,,,,,,,,,,,,,,,,,,,,,,,,,,,,,,
2026-09-09,824549,PIT,CWS,Davis Martin,Lake Bachar,-0.4,4.432,0.46,0.56,0.45,0.073,HIGH VALUE &mdash; PIT,0.0,-0.4,4.432,0.46,0.073,HIGH VALUE &mdash; PIT,,2026-09-09T15:18:30+00:00,-2.0,False,1.5,0.334,0.402,0.0,8.52,0.546,0.45,0.362,0.053,UNDER 8.5,0.58,0.52,0.4,,,,,,,,,,,,,,,,,,,,,,,,,,,,,,,,,
2026-09-09,824713,LAA,BOS,Jake Bennett,Ryan Johnson,1.15,4.432,0.614,0.67,0.34,0.03,CAUTIOUS &mdash; small edge on LAA,0.0,1.15,4.432,0.614,0.03,CAUTIOUS &mdash; small edge on LAA,,2026-09-09T15:18:30+00:00,-2.0,False,1.5,0.469,0.275,0.0,8.6,0.554,0.458,0.37,0.105,UNDER 8.5,0.65,0.58,0.47,,,,,,,,,,,,,,,,,,,,,,,,,,,,,,,,,
2026-09-09,824791,CLE,BAL,Shane Baz,Foster Griffin,-0.0,4.432,0.5,0.49,0.52,-0.008,NO VALUE at current price,0.0,-0.0,4.432,0.5,-0.008,NO VALUE at current price,,2026-09-09T15:18:30+00:00,4.0,False,1.5,0.367,0.368,0.0,8.34,0.53,0.433,0.346,0.07,UNDER 8.5,0.61,0.52,0.42,,,,,,,,,,,,,,,,,,,,,,,,,,,,,,,,,
2026-09-09,824871,TB,ATL,,Griffin Jax,-0.02,4.875,0.498,0.54,0.47,0.015,CAUTIOUS &mdash; small edge on TB,0.0,-0.02,4.875,0.498,0.015,CAUTIOUS &mdash; small edge on TB,,2026-09-09T15:18:30+00:00,-5.0,True,1.5,0.377,0.381,0.0,8.27,0.524,0.427,0.34,0.016,no edge (best UNDER 8.5),0.55,0.46,0.37,,,,,,,,,,,,,,,,,,,,,,,,,,,,,,,,,
2026-09-09,824956,TOR,ATH,Brady Basso,Braydon Fisher,-1.03,4.432,0.398,0.38,0.63,0.002,CAUTIOUS &mdash; small edge on ATH,0.0,-1.03,4.432,0.398,0.002,CAUTIOUS &mdash; small edge on ATH,,2026-09-09T15:18:30+00:00,2.0,False,1.5,0.284,0.458,0.0,9.28,0.611,0.518,0.43,0.045,UNDER 8.5,0.65,0.58,0.47,,,,,,,,,,,,,,,,,,,,,,,,,,,,,,,,,
2026-09-09,823090,TEX,SEA,Kade Anderson,Cody Bradford,-0.1,4.432,0.49,0.59,0.42,0.073,HIGH VALUE &mdash; TEX,0.0,-0.1,4.432,0.49,0.073,HIGH VALUE &mdash; TEX,,2026-09-09T18:22:18+00:00,1.0,False,1.5,0.359,0.376,0.0,8.15,0.512,0.415,0.329,0.031,no edge (best UNDER 7.5),0.56,0.46,0.35,,,,,,,,,,,,,,,,,,,,,,,,,,,,,,,,,
2026-09-09,823172,STL,SF,Blade Tidwell,Andre Pallante,-0.11,4.432,0.489,0.49,0.52,-0.019,NO VALUE at current price,0.0,-0.11,4.432,0.489,-0.019,NO VALUE at current price,,2026-09-09T18:22:18+00:00,1.0,False,1.5,0.358,0.377,0.0,8.58,0.552,0.456,0.368,-0.004,no edge (best UNDER 9.5),0.55,0.46,0.38,,,,,,,,,,,,,,,,,,,,,,,,,,,,,,,,,
2026-09-09,823251,WSH,SD,Walker Buehler,Jackson Kent,0.38,4.432,0.538,0.63,0.38,0.066,HIGH VALUE &mdash; WSH,0.0,0.38,4.432,0.538,0.066,HIGH VALUE &mdash; WSH,,2026-09-09T18:22:18+00:00,7.0,False,1.5,0.4,0.336,0.0,8.28,0.525,0.428,0.341,0.055,UNDER 8.5,0.59,0.5,0.39,,,,,,,,,,,,,,,,,,,,,,,,,,,,,,,,,
2026-09-09,823416,HOU,PHI,Cristopher Sánchez,Hunter Brown,1.07,4.432,0.605,0.59,0.41,-0.002,NO VALUE at current price,0.0,1.07,4.432,0.605,-0.002,NO VALUE at current price,,2026-09-09T18:22:18+00:00,4.0,False,1.5,0.461,0.281,0.0,8.45,0.54,0.444,0.357,0.019,no edge (best UNDER 8.5),0.55,0.48,0.37,,,,,,,,,,,,,,,,,,,,,,,,,,,,,,,,,
2026-09-09,823497,COL,NYY,Will Warren,Tomoyuki Sugano,1.45,4.432,0.642,0.7,0.31,0.033,CAUTIOUS &mdash; small edge on COL,0.0,1.45,4.432,0.642,0.033,CAUTIOUS &mdash; small edge on COL,,2026-09-09T18:22:18+00:00,5.0,False,1.5,0.495,0.253,0.0,9.36,0.617,0.525,0.437,0.038,no edge (best UNDER 8.5),0.65,0.58,0.48,,,,,,,,,,,,,,,,,,,,,,,,,,,,,,,,,
2026-09-09,823739,CHC,MIL,Logan Henderson,Kevin Gausman,0.23,4.432,0.523,0.56,0.46,-0.0,NO VALUE at current price,0.0,0.23,4.432,0.523,-0.0,NO VALUE at current price,,2026-09-09T18:22:18+00:00,2.0,False,1.5,0.387,0.348,0.0,8.69,0.562,0.466,0.378,0.033,no edge (best OVER 9.5),0.52,0.43,0.33,,,,,,,,,,,,,,,,,,,,,,,,,,,,,,,,,
2026-09-09,823818,NYM,MIA,Janson Junk,Robert Stock,0.45,4.432,0.545,0.54,0.48,-0.012,NO VALUE at current price,0.0,0.45,4.432,0.545,-0.012,NO VALUE at current price,,2026-09-09T18:22:18+00:00,-1.0,False,1.5,0.406,0.33,0.0,9.19,0.604,0.511,0.423,0.002,no edge (best UNDER 8.5),0.61,0.53,0.42,,,,,,,,,,,,,,,,,,,,,,,,,,,,,,,,,
2026-09-09,823900,CIN,LAD,Yoshinobu Yamamoto,Rhett Lowder,1.38,4.432,0.635,0.73,0.28,0.071,HIGH VALUE &mdash; CIN,0.0,1.38,4.432,0.635,0.071,HIGH VALUE &mdash; CIN,,2026-09-09T18:22:18+00:00,13.0,False,1.5,0.489,0.258,0.0,8.96,0.584,0.49,0.402,0.003,no edge (best UNDER 8.5),0.59,0.51,0.4,,,,,,,,,,,,,,,,,,,,,,,,,,,,,,,,,
2026-09-09,824064,AZ,KC,Daniel Lynch IV,Zac Gallen,-0.41,4.432,0.459,0.48,0.53,-0.006,NO VALUE at current price,0.0,-0.41,4.432,0.459,-0.006,NO VALUE at current price,,2026-09-09T18:22:18+00:00,3.0,False,1.5,0.333,0.403,0.0,9.41,0.621,0.529,0.441,0.004,no edge (best OVER 7.5),0.6,0.53,0.42,,,,,,,,,,,,,,,,,,,,,,,,,,,,,,,,,
2026-09-09,824226,MIN,DET,Keider Montero,Zebby Matthews,0.59,4.432,0.558,0.54,0.47,0.001,CAUTIOUS &mdash; small edge on DET,0.0,0.59,4.432,0.558,0.001,CAUTIOUS &mdash; small edge on DET,,2026-09-09T18:22:18+00:00,5.0,False,1.5,0.418,0.319,0.0,8.95,0.584,0.49,0.401,-0.007,no edge (best UNDER 8.5),0.59,0.5,0.4,,,,,,,,,,,,,,,,,,,,,,,,,,,,,,,,,
2026-09-09,824549,PIT,CWS,Davis Martin,Lake Bachar,-0.4,4.432,0.46,0.56,0.46,0.063,HIGH VALUE &mdash; PIT,0.0,-0.4,4.432,0.46,0.063,HIGH VALUE &mdash; PIT,,2026-09-09T18:22:18+00:00,-2.0,False,1.5,0.334,0.402,0.0,8.51,0.545,0.449,0.362,0.074,UNDER 8.5,0.6,0.54,0.42,,,,,,,,,,,,,,,,,,,,,,,,,,,,,,,,,
2026-09-09,824713,LAA,BOS,Jake Bennett,Ryan Johnson,1.15,4.432,0.614,0.67,0.34,0.03,CAUTIOUS &mdash; small edge on LAA,0.0,1.15,4.432,0.614,0.03,CAUTIOUS &mdash; small edge on LAA,,2026-09-09T18:22:18+00:00,-2.0,False,1.5,0.469,0.275,0.0,8.6,0.553,0.458,0.37,0.105,UNDER 8.5,0.65,0.58,0.47,,,,,,,,,,,,,,,,,,,,,,,,,,,,,,,,,
2026-09-09,824791,CLE,BAL,Shane Baz,Foster Griffin,-0.0,4.432,0.5,0.49,0.52,-0.008,NO VALUE at current price,0.0,-0.0,4.432,0.5,-0.008,NO VALUE at current price,,2026-09-09T18:22:18+00:00,4.0,False,1.5,0.367,0.368,0.0,8.33,0.529,0.433,0.346,0.07,UNDER 8.5,0.61,0.52,0.41,,,,,,,,,,,,,,,,,,,,,,,,,,,,,,,,,
2026-09-09,824871,TB,ATL,,Griffin Jax,-0.02,4.875,0.498,0.54,0.47,0.015,CAUTIOUS &mdash; small edge on TB,0.0,-0.02,4.875,0.498,0.015,CAUTIOUS &mdash; small edge on TB,,2026-09-09T18:22:18+00:00,-5.0,True,1.5,0.377,0.381,0.0,8.26,0.523,0.426,0.339,0.017,no edge (best UNDER 8.5),0.55,0.46,0.37,,,,,,,,,,,,,,,,,,,,,,,,,,,,,,,,,
2026-09-09,824956,TOR,ATH,Brady Basso,Braydon Fisher,-1.03,4.432,0.398,0.41,0.6,-0.015,NO VALUE at current price,0.0,-1.03,4.432,0.398,-0.015,NO VALUE at current price,,2026-09-09T18:22:18+00:00,2.0,False,1.5,0.284,0.458,0.0,9.27,0.61,0.517,0.429,0.046,UNDER 8.5,0.66,0.58,0.48,,,,,,,,,,,,,,,,,,,,,,,,,,,,,,,,,
2026-09-10,823088,TEX,SEA,Logan Gilbert,Jacob deGrom,-0.01,4.432,0.499,0.54,0.47,0.013,CAUTIOUS &mdash; small edge on TEX,0.0,-0.01,4.432,0.499,0.013,CAUTIOUS &mdash; small edge on TEX,,2026-09-10T14:46:20+00:00,1.0,False,1.5,0.367,0.368,0.0,7.74,0.472,0.376,0.292,0.086,OVER 7.5,0.37,0.3,0.23,,,,,,,,,,,,,,,,,,,,,,,,,,,,,,,,,
2026-09-10,823413,HOU,PHI,Zack Wheeler,Cristian Javier,0.7,4.432,0.57,0.63,0.38,0.033,CAUTIOUS &mdash; small edge on HOU,0.0,0.7,4.432,0.57,0.033,CAUTIOUS &mdash; small edge on HOU,,2026-09-10T14:46:20+00:00,-1.0,False,1.5,0.429,0.309,0.0,8.72,0.564,0.469,0.381,0.014,no edge (best UNDER 8.5),0.58,0.5,0.39,,,,,,,,,,,,,,,,,,,,,,,,,,,,,,,,,
2026-09-10,823499,COL,NYY,Max Fried,Ryan Feltner,1.87,4.432,0.681,0.73,0.28,0.025,CAUTIOUS &mdash; small edge on COL,0.0,1.87,4.432,0.681,0.025,CAUTIOUS &mdash; small edge on COL,,2026-09-10T14:46:20+00:00,7.0,False,1.5,0.534,0.223,0.0,8.91,0.58,0.486,0.397,0.007,no edge (best UNDER 8.5),0.59,0.51,0.4,,,,,,,,,,,,,,,,,,,,,,,,,,,,,,,,,
2026-09-10,824550,PIT,CWS,Hagen Smith,Jared Jones,0.06,4.432,0.506,0.51,0.51,-0.021,NO VALUE at current price,0.0,0.06,4.432,0.506,-0.021,NO VALUE at current price,,2026-09-10T14:46:20+00:00,-2.0,False,1.5,0.373,0.362,0.0,8.24,0.52,0.424,0.337,-0.001,no edge (best UNDER 8.5),0.52,0.44,0.34,,,,,,,,,,,,,,,,,,,,,,,,,,,,,,,,,
2026-09-10,824872,TB,ATL,Martín Pérez,Nick Martinez,-0.27,4.432,0.473,0.54,0.47,0.04,HIGH VALUE &mdash; TB,0.0,-0.27,4.432,0.473,0.04,HIGH VALUE &mdash; TB,,2026-09-10T14:46:20+00:00,2.0,False,1.5,0.344,0.391,0.0,8.83,0.574,0.479,0.391,0.004,no edge (best UNDER 8.5),0.57,0.5,0.39,,,,,,,,,,,,,,,,,,,,,,,,,,,,,,,,,
2026-09-10,823088,TEX,SEA,Logan Gilbert,Jacob deGrom,-0.01,4.432,0.499,0.54,0.47,0.013,CAUTIOUS &mdash; small edge on TEX,0.0,-0.01,4.432,0.499,0.013,CAUTIOUS &mdash; small edge on TEX,,2026-09-10T18:13:27+00:00,1.0,False,1.5,0.367,0.368,0.0,7.74,0.472,0.376,0.292,0.055,OVER 7.5,0.4,0.33,0.23,,,,,,,,,,,,,,,,,,,,,,,,,,,,,,,,,
2026-09-10,823499,COL,NYY,Max Fried,Ryan Feltner,1.87,4.432,0.681,0.73,0.28,0.025,CAUTIOUS &mdash; small edge on COL,0.0,1.87,4.432,0.681,0.025,CAUTIOUS &mdash; small edge on COL,,2026-09-10T18:13:27+00:00,7.0,False,1.5,0.534,0.223,0.0,8.9,0.58,0.485,0.397,-0.002,no edge (best UNDER 8.5),0.59,0.5,0.4,,,,,,,,,,,,,,,,,,,,,,,,,,,,,,,,,
2026-09-10,824550,PIT,CWS,Hagen Smith,Jared Jones,0.06,4.432,0.506,0.5,0.51,-0.011,NO VALUE at current price,0.0,0.06,4.432,0.506,-0.011,NO VALUE at current price,,2026-09-10T18:13:27+00:00,-2.0,False,1.5,0.373,0.362,0.0,8.24,0.52,0.424,0.337,-0.001,no edge (best UNDER 8.5),0.52,0.44,0.34,,,,,,,,,,,,,,,,,,,,,,,,,,,,,,,,,
2026-09-11,822684,LAA,WSH,Cade Cavalli,Yusei Kikuchi,0.36,4.431,0.536,0.59,0.42,0.027,CAUTIOUS &mdash; small edge on LAA,0.0,0.36,4.431,0.536,0.027,CAUTIOUS &mdash; small edge on LAA,,2026-09-11T15:47:34+00:00,1.0,False,1.5,0.399,0.337,0.0,8.96,0.585,0.491,0.402,0.058,OVER 7.5,0.51,0.43,0.34,80.0,False,,,,,,,,,,,,,,,,,,,,,,,,,,,,,,,
2026-09-11,822767,BAL,TOR,Max Scherzer,Chris Bassitt,0.09,4.431,0.509,0.56,0.45,0.024,CAUTIOUS &mdash; small edge on BAL,0.0,0.09,4.431,0.509,0.024,CAUTIOUS &mdash; small edge on BAL,,2026-09-11T15:47:34+00:00,-3.0,False,1.5,0.375,0.36,0.0,8.83,0.575,0.48,0.391,0.038,no edge (best OVER 7.5),0.52,0.43,0.34,64.0,False,,,,,,,,,,,,,,,,,,,,,,,,,,,,,,,
2026-09-11,822930,HOU,TB,Drew Rasmussen,Miguel Ullola,0.58,4.431,0.558,0.62,0.39,0.035,CAUTIOUS &mdash; small edge on HOU,0.0,0.58,4.431,0.558,0.035,CAUTIOUS &mdash; small edge on HOU,,2026-09-11T15:47:34+00:00,2.0,False,1.5,0.418,0.319,0.0,8.16,0.513,0.416,0.33,0.007,no edge (best UNDER 8.5),0.52,0.44,0.34,80.0,True,,,,,,,,,,,,,,,,,,,,,,,,,,,,,,,
2026-09-11,823012,CWS,STL,Matthew Liberatore,Anthony Kay,0.09,4.431,0.509,0.5,0.51,-0.009,NO VALUE at current price,0.0,0.09,4.431,0.509,-0.009,NO VALUE at current price,,2026-09-11T15:47:34+00:00,4.0,False,1.5,0.375,0.36,0.0,9.09,0.596,0.502,0.414,0.029,no edge (best OVER 7.5),0.55,0.47,0.37,75.0,False,,,,,,,,,,,,,,,,,,,,,,,,,,,,,,,
2026-09-11,823173,SD,SF,Anthony Molina,Robbie Ray,-0.28,4.431,0.472,0.43,0.58,0.025,CAUTIOUS &mdash; small edge on SF,0.0,-0.28,4.431,0.472,0.025,CAUTIOUS &mdash; small edge on SF,,2026-09-11T15:47:34+00:00,-2.0,False,1.5,0.344,0.391,0.0,8.02,0.5,0.404,0.317,0.039,no edge (best UNDER 8.5),0.55,0.46,0.35,61.0,False,,,,,,,,,,,,,,,,,,,,,,,,,,,,,,,
2026-09-11,823498,NYM,NYY,Carlos Rodón,Nolan McLean,0.36,4.431,0.536,0.56,0.45,-0.003,NO VALUE at current price,0.0,0.36,4.431,0.536,-0.003,NO VALUE at current price,,2026-09-11T15:47:34+00:00,2.0,False,1.5,0.399,0.337,0.0,8.45,0.541,0.445,0.357,0.018,no edge (best UNDER 8.5),0.56,0.48,0.36,73.0,False,,,,,,,,,,,,,,,,,,,,,,,,,,,,,,,
2026-09-11,823659,CLE,MIN,Taj Bradley,Parker Messick,-0.16,4.431,0.484,0.48,0.53,-0.014,NO VALUE at current price,0.0,-0.16,4.431,0.484,-0.014,NO VALUE at current price,,2026-09-11T15:47:34+00:00,-3.0,False,1.5,0.354,0.382,0.0,8.67,0.56,0.465,0.376,0.033,no edge (best OVER 7.5),0.51,0.43,0.33,75.0,False,,,,,,,,,,,,,,,,,,,,,,,,,,,,,,,
2026-09-11,823736,CIN,MIL,Dustin May,Andrew Abbott,1.6,4.431,0.655,0.65,0.36,-0.011,NO VALUE at current price,0.0,1.6,4.431,0.655,-0.011,NO VALUE at current price,,2026-09-11T15:47:34+00:00,20.0,False,1.5,0.509,0.242,0.0,8.87,0.578,0.483,0.394,0.031,no edge (best OVER 7.5),0.53,0.45,0.35,71.0,False,,,,,,,,,,,,,,,,,,,,,,,,,,,,,,,
2026-09-11,823817,LAD,MIA,Ryan Gusto,,-0.69,4.875,0.438,0.34,0.67,0.082,HIGH VALUE &mdash; MIA,0.0,-0.69,4.875,0.438,0.082,HIGH VALUE &mdash; MIA,,2026-09-11T15:47:34+00:00,-4.0,True,1.5,0.327,0.434,0.0,9.1,0.597,0.503,0.414,0.079,OVER 7.5,0.5,0.43,0.33,77.0,True,,,,,,,,,,,,,,,,,,,,,,,,,,,,,,,
2026-09-11,824227,COL,DET,Framber Valdez,Mason Adams,0.98,4.431,0.597,0.63,0.38,0.006,CAUTIOUS &mdash; small edge on COL,0.0,0.98,4.431,0.597,0.006,CAUTIOUS &mdash; small edge on COL,,2026-09-11T15:47:34+00:00,4.0,False,1.5,0.453,0.288,0.0,9.25,0.61,0.517,0.428,0.043,OVER 7.5,0.55,0.46,0.37,74.0,False,,,,,,,,,,,,,,,,,,,,,,,,,,,,,,,
2026-09-11,824631,PIT,CHC,Shota Imanaga,Wilber Dotel,0.86,4.431,0.585,0.65,0.36,0.039,CAUTIOUS &mdash; small edge on PIT,0.0,0.86,4.431,0.585,0.039,CAUTIOUS &mdash; small edge on PIT,,2026-09-11T15:47:34+00:00,10.0,False,1.5,0.442,0.297,0.0,8.85,0.576,0.481,0.393,-0.008,no edge (best UNDER 8.5),0.57,0.49,0.39,75.0,False,,,,,,,,,,,,,,,,,,,,,,,,,,,,,,,
2026-09-11,824711,KC,BOS,Sonny Gray,Seth Lugo,1.09,4.431,0.607,0.65,0.36,0.016,CAUTIOUS &mdash; small edge on KC,0.0,1.09,4.431,0.607,0.016,CAUTIOUS &mdash; small edge on KC,,2026-09-11T15:47:34+00:00,-1.0,False,1.5,0.463,0.28,0.0,8.93,0.583,0.488,0.4,0.006,no edge (best OVER 7.5),0.56,0.49,0.38,69.0,False,,,,,,,,,,,,,,,,,,,,,,,,,,,,,,,
2026-09-11,824873,PHI,ATL,Chris Sale,Aaron Nola,0.57,4.431,0.557,0.63,0.37,0.056,HIGH VALUE &mdash; PHI,0.0,0.57,4.431,0.557,0.056,HIGH VALUE &mdash; PHI,,2026-09-11T15:47:34+00:00,1.0,False,1.5,0.417,0.32,0.0,7.87,0.485,0.388,0.303,0.018,no edge (best OVER 7.5),0.45,0.38,0.29,74.0,False,,,,,,,,,,,,,,,,,,,,,,,,,,,,,,,
2026-09-11,824954,SEA,ATH,Jeffrey Springs,George Kirby,-0.87,4.431,0.414,0.41,0.6,-0.013,NO VALUE at current price,0.0,-0.87,4.431,0.414,-0.013,NO VALUE at current price,,2026-09-11T15:47:34+00:00,1.0,False,1.5,0.297,0.443,0.0,10.25,0.683,0.597,0.511,0.027,no edge (best UNDER 8.5),0.7,0.64,0.55,79.0,False,,,,,,,,,,,,,,,,,,,,,,,,,,,,,,,
2026-09-11,825036,TEX,AZ,,,0.27,4.875,0.525,0.53,0.48,-0.022,NO VALUE at current price,0.0,0.27,4.875,0.525,-0.022,NO VALUE at current price,,2026-09-11T15:47:34+00:00,8.0,True,1.5,0.4,0.358,0.0,9.17,0.603,0.509,0.421,0.024,no edge (best UNDER 8.5),0.62,0.55,0.44,101.0,True,,,,,,,,,,,,,,,,,,,,,,,,,,,,,,,
2026-09-11,822684,LAA,WSH,Cade Cavalli,Yusei Kikuchi,0.36,4.431,0.536,0.59,0.42,0.027,CAUTIOUS &mdash; small edge on LAA,0.0,0.36,4.431,0.536,0.027,CAUTIOUS &mdash; small edge on LAA,,2026-09-11T17:54:51+00:00,1.0,False,1.5,0.399,0.337,0.0,8.9,0.58,0.485,0.397,0.053,OVER 7.5,0.51,0.43,0.34,78.0,False,,,,,,,,,,,,,,,,,,,,,,,,,,,,,,,
2026-09-11,822767,BAL,TOR,Max Scherzer,Chris Bassitt,0.09,4.431,0.509,0.56,0.45,0.024,CAUTIOUS &mdash; small edge on BAL,0.0,0.09,4.431,0.509,0.024,CAUTIOUS &mdash; small edge on BAL,,2026-09-11T17:54:51+00:00,-3.0,False,1.5,0.375,0.36,0.0,8.83,0.574,0.479,0.391,0.037,no edge (best OVER 7.5),0.52,0.43,0.34,64.0,False,,,,,,,,,,,,,,,,,,,,,,,,,,,,,,,
2026-09-11,822930,HOU,TB,Drew Rasmussen,Miguel Ullola,0.58,4.431,0.558,0.62,0.39,0.035,CAUTIOUS &mdash; small edge on HOU,0.0,0.58,4.431,0.558,0.035,CAUTIOUS &mdash; small edge on HOU,,2026-09-11T17:54:51+00:00,2.0,False,1.5,0.418,0.319,0.0,8.15,0.513,0.416,0.329,0.007,no edge (best UNDER 8.5),0.52,0.44,0.34,82.0,True,,,,,,,,,,,,,,,,,,,,,,,,,,,,,,,
2026-09-11,823012,CWS,STL,Matthew Liberatore,Anthony Kay,0.09,4.431,0.509,0.5,0.51,-0.009,NO VALUE at current price,0.0,0.09,4.431,0.509,-0.009,NO VALUE at current price,,2026-09-11T17:54:51+00:00,4.0,False,1.5,0.375,0.36,0.0,9.05,0.593,0.499,0.411,0.026,no edge (best OVER 7.5),0.55,0.47,0.37,74.0,False,,,,,,,,,,,,,,,,,,,,,,,,,,,,,,,
2026-09-11,823173,SD,SF,Anthony Molina,Robbie Ray,-0.28,4.431,0.472,0.43,0.58,0.025,CAUTIOUS &mdash; small edge on SF,0.0,-0.28,4.431,0.472,0.025,CAUTIOUS &mdash; small edge on SF,,2026-09-11T17:54:51+00:00,-2.0,False,1.5,0.344,0.391,0.0,8.02,0.5,0.403,0.317,0.03,no edge (best UNDER 8.5),0.54,0.45,0.35,61.0,False,,,,,,,,,,,,,,,,,,,,,,,,,,,,,,,
2026-09-11,823498,NYM,NYY,Carlos Rodón,Nolan McLean,0.36,4.431,0.536,0.56,0.45,-0.003,NO VALUE at current price,0.0,0.36,4.431,0.536,-0.003,NO VALUE at current price,,2026-09-11T17:54:51+00:00,2.0,False,1.5,0.399,0.337,0.0,8.45,0.541,0.444,0.356,0.009,no edge (best UNDER 8.5),0.56,0.47,0.37,73.0,False,,,,,,,,,,,,,,,,,,,,,,,,,,,,,,,
2026-09-11,823659,CLE,MIN,Taj Bradley,Parker Messick,-0.16,4.431,0.484,0.48,0.53,-0.014,NO VALUE at current price,0.0,-0.16,4.431,0.484,-0.014,NO VALUE at current price,,2026-09-11T17:54:51+00:00,-3.0,False,1.5,0.354,0.382,0.0,8.7,0.563,0.467,0.379,0.036,no edge (best OVER 7.5),0.51,0.43,0.33,76.0,False,,,,,,,,,,,,,,,,,,,,,,,,,,,,,,,
2026-09-11,823736,CIN,MIL,Dustin May,Andrew Abbott,1.6,4.431,0.655,0.65,0.36,-0.011,NO VALUE at current price,0.0,1.6,4.431,0.655,-0.011,NO VALUE at current price,,2026-09-11T17:54:51+00:00,20.0,False,1.5,0.509,0.242,0.0,8.84,0.575,0.48,0.391,0.025,no edge (best OVER 9.5),0.54,0.45,0.35,70.0,False,,,,,,,,,,,,,,,,,,,,,,,,,,,,,,,
2026-09-11,823817,LAD,MIA,Ryan Gusto,,-0.69,4.875,0.438,0.35,0.66,0.072,HIGH VALUE &mdash; MIA,0.0,-0.69,4.875,0.438,0.072,HIGH VALUE &mdash; MIA,,2026-09-11T17:54:51+00:00,-4.0,True,1.5,0.327,0.434,0.0,9.09,0.597,0.503,0.414,0.09,OVER 7.5,0.49,0.41,0.32,77.0,True,,,,,,,,,,,,,,,,,,,,,,,,,,,,,,,
2026-09-11,824227,COL,DET,Framber Valdez,Mason Adams,0.98,4.431,0.597,0.63,0.38,0.006,CAUTIOUS &mdash; small edge on COL,0.0,0.98,4.431,0.597,0.006,CAUTIOUS &mdash; small edge on COL,,2026-09-11T17:54:51+00:00,4.0,False,1.5,0.453,0.288,0.0,9.22,0.607,0.514,0.425,0.05,OVER 7.5,0.54,0.46,0.37,73.0,False,,,,,,,,,,,,,,,,,,,,,,,,,,,,,,,
2026-09-11,824631,PIT,CHC,Shota Imanaga,Wilber Dotel,0.86,4.431,0.585,0.64,0.37,0.029,CAUTIOUS &mdash; small edge on PIT,0.0,0.86,4.431,0.585,0.029,CAUTIOUS &mdash; small edge on PIT,,2026-09-11T17:54:51+00:00,10.0,False,1.5,0.442,0.297,0.0,8.82,0.573,0.478,0.39,0.005,no edge (best UNDER 8.5),0.58,0.5,0.39,74.0,False,,,,,,,,,,,,,,,,,,,,,,,,,,,,,,,
2026-09-11,824711,KC,BOS,Sonny Gray,Seth Lugo,1.09,4.431,0.607,0.65,0.36,0.016,CAUTIOUS &mdash; small edge on KC,0.0,1.09,4.431,0.607,0.016,CAUTIOUS &mdash; small edge on KC,,2026-09-11T17:54:51+00:00,-1.0,False,1.5,0.463,0.28,0.0,8.93,0.583,0.488,0.4,0.006,no edge (best OVER 7.5),0.56,0.49,0.38,69.0,False,,,,,,,,,,,,,,,,,,,,,,,,,,,,,,,
2026-09-11,824873,PHI,ATL,Chris Sale,Aaron Nola,0.57,4.431,0.557,0.63,0.37,0.056,HIGH VALUE &mdash; PHI,0.0,0.57,4.431,0.557,0.056,HIGH VALUE &mdash; PHI,,2026-09-11T17:54:51+00:00,1.0,False,1.5,0.417,0.32,0.0,7.89,0.487,0.391,0.305,0.02,no edge (best OVER 7.5),0.45,0.38,0.28,75.0,False,,,,,,,,,,,,,,,,,,,,,,,,,,,,,,,
2026-09-11,824954,SEA,ATH,Jeffrey Springs,George Kirby,-0.87,4.431,0.414,0.41,0.6,-0.013,NO VALUE at current price,0.0,-0.87,4.431,0.414,-0.013,NO VALUE at current price,,2026-09-11T17:54:51+00:00,1.0,False,1.5,0.297,0.443,0.0,10.21,0.68,0.594,0.508,0.04,UNDER 8.5,0.72,0.65,0.55,78.0,False,,,,,,,,,,,,,,,,,,,,,,,,,,,,,,,
2026-09-11,825036,TEX,AZ,,MacKenzie Gore,0.4,4.875,0.536,0.52,0.48,-0.001,NO VALUE at current price,0.0,0.4,4.875,0.536,-0.001,NO VALUE at current price,,2026-09-11T17:54:51+00:00,8.0,True,1.5,0.411,0.348,0.0,9.0,0.589,0.495,0.406,0.018,no edge (best UNDER 8.5),0.61,0.53,0.43,100.0,True,,,,,,,,,,,,,,,,,,,,,,,,,,,,,,,
2026-09-11,822684,LAA,WSH,Cade Cavalli,Yusei Kikuchi,0.36,4.431,0.536,0.59,0.42,0.027,CAUTIOUS &mdash; small edge on LAA,0.0,0.36,4.431,0.536,0.027,CAUTIOUS &mdash; small edge on LAA,,2026-09-11T18:14:25+00:00,1.0,False,1.5,0.399,0.337,0.0,8.87,0.578,0.483,0.394,0.051,OVER 7.5,0.51,0.43,0.34,77.0,False,,,,,,,,,,,,,,,,,,,,,,,,,,,,,,,
2026-09-11,822767,BAL,TOR,Max Scherzer,Chris Bassitt,0.09,4.431,0.509,0.56,0.45,0.024,CAUTIOUS &mdash; small edge on BAL,0.0,0.09,4.431,0.509,0.024,CAUTIOUS &mdash; small edge on BAL,,2026-09-11T18:14:25+00:00,-3.0,False,1.5,0.375,0.36,0.0,8.83,0.574,0.479,0.391,0.035,no edge (best OVER 9.5),0.53,0.43,0.34,64.0,False,,,,,,,,,,,,,,,,,,,,,,,,,,,,,,,
2026-09-11,822930,HOU,TB,Drew Rasmussen,Miguel Ullola,0.58,4.431,0.558,0.62,0.39,0.035,CAUTIOUS &mdash; small edge on HOU,0.0,0.58,4.431,0.558,0.035,CAUTIOUS &mdash; small edge on HOU,,2026-09-11T18:14:25+00:00,2.0,False,1.5,0.418,0.319,0.0,8.15,0.513,0.416,0.329,0.007,no edge (best UNDER 8.5),0.52,0.44,0.34,82.0,True,,,,,,,,,,,,,,,,,,,,,,,,,,,,,,,
2026-09-11,823012,CWS,STL,Matthew Liberatore,Anthony Kay,0.09,4.431,0.509,0.5,0.51,-0.009,NO VALUE at current price,0.0,0.09,4.431,0.509,-0.009,NO VALUE at current price,,2026-09-11T18:14:25+00:00,4.0,False,1.5,0.375,0.36,0.0,9.09,0.596,0.502,0.413,0.029,no edge (best OVER 7.5),0.55,0.47,0.37,75.0,False,,,,,,,,,,,,,,,,,,,,,,,,,,,,,,,
2026-09-11,823173,SD,SF,Anthony Molina,Robbie Ray,-0.28,4.431,0.472,0.44,0.58,0.015,CAUTIOUS &mdash; small edge on SF,0.0,-0.28,4.431,0.472,0.015,CAUTIOUS &mdash; small edge on SF,,2026-09-11T18:14:25+00:00,-2.0,False,1.5,0.344,0.391,0.0,8.02,0.5,0.403,0.317,0.03,no edge (best UNDER 8.5),0.54,0.45,0.35,61.0,False,,,,,,,,,,,,,,,,,,,,,,,,,,,,,,,
2026-09-11,823498,NYM,NYY,Carlos Rodón,Nolan McLean,0.36,4.431,0.536,0.56,0.45,-0.003,NO VALUE at current price,0.0,0.36,4.431,0.536,-0.003,NO VALUE at current price,,2026-09-11T18:14:25+00:00,2.0,False,1.5,0.399,0.337,0.0,8.45,0.541,0.444,0.356,0.009,no edge (best UNDER 8.5),0.56,0.47,0.37,73.0,False,,,,,,,,,,,,,,,,,,,,,,,,,,,,,,,
2026-09-11,823659,CLE,MIN,Taj Bradley,Parker Messick,-0.16,4.431,0.484,0.48,0.53,-0.014,NO VALUE at current price,0.0,-0.16,4.431,0.484,-0.014,NO VALUE at current price,,2026-09-11T18:14:25+00:00,-3.0,False,1.5,0.354,0.382,0.0,8.7,0.563,0.467,0.379,0.036,no edge (best OVER 7.5),0.51,0.43,0.33,76.0,False,,,,,,,,,,,,,,,,,,,,,,,,,,,,,,,
2026-09-11,823736,CIN,MIL,Dustin May,Andrew Abbott,1.6,4.431,0.655,0.65,0.36,-0.011,NO VALUE at current price,0.0,1.6,4.431,0.655,-0.011,NO VALUE at current price,,2026-09-11T18:14:25+00:00,20.0,False,1.5,0.509,0.242,0.0,8.84,0.575,0.48,0.391,0.025,no edge (best OVER 9.5),0.54,0.45,0.35,70.0,False,,,,,,,,,,,,,,,,,,,,,,,,,,,,,,,
2026-09-11,823817,LAD,MIA,Ryan Gusto,,-0.69,4.875,0.438,0.35,0.66,0.072,HIGH VALUE &mdash; MIA,0.0,-0.69,4.875,0.438,0.072,HIGH VALUE &mdash; MIA,,2026-09-11T18:14:25+00:00,-4.0,True,1.5,0.327,0.434,0.0,9.09,0.597,0.503,0.414,0.09,OVER 7.5,0.49,0.41,0.32,77.0,True,,,,,,,,,,,,,,,,,,,,,,,,,,,,,,,
2026-09-11,824227,COL,DET,Framber Valdez,Mason Adams,0.98,4.431,0.597,0.63,0.38,0.006,CAUTIOUS &mdash; small edge on COL,0.0,0.98,4.431,0.597,0.006,CAUTIOUS &mdash; small edge on COL,,2026-09-11T18:14:25+00:00,4.0,False,1.5,0.453,0.288,0.0,9.25,0.609,0.516,0.428,0.052,OVER 7.5,0.54,0.46,0.37,74.0,False,,,,,,,,,,,,,,,,,,,,,,,,,,,,,,,
2026-09-11,824631,PIT,CHC,Shota Imanaga,Wilber Dotel,0.86,4.431,0.585,0.65,0.37,0.029,CAUTIOUS &mdash; small edge on PIT,0.0,0.86,4.431,0.585,0.029,CAUTIOUS &mdash; small edge on PIT,,2026-09-11T18:14:25+00:00,10.0,False,1.5,0.442,0.297,0.0,8.82,0.573,0.478,0.39,0.005,no edge (best UNDER 8.5),0.58,0.5,0.39,74.0,False,,,,,,,,,,,,,,,,,,,,,,,,,,,,,,,
2026-09-11,824711,KC,BOS,Sonny Gray,Seth Lugo,1.09,4.431,0.607,0.65,0.36,0.016,CAUTIOUS &mdash; small edge on KC,0.0,1.09,4.431,0.607,0.016,CAUTIOUS &mdash; small edge on KC,,2026-09-11T18:14:25+00:00,-1.0,False,1.5,0.463,0.28,0.0,8.93,0.583,0.488,0.4,0.004,no edge (best OVER 9.5),0.57,0.49,0.38,69.0,False,,,,,,,,,,,,,,,,,,,,,,,,,,,,,,,
2026-09-11,824873,PHI,ATL,Chris Sale,Aaron Nola,0.57,4.431,0.557,0.63,0.37,0.056,HIGH VALUE &mdash; PHI,0.0,0.57,4.431,0.557,0.056,HIGH VALUE &mdash; PHI,,2026-09-11T18:14:25+00:00,1.0,False,1.5,0.417,0.32,0.0,8.02,0.501,0.404,0.318,0.034,no edge (best OVER 7.5),0.45,0.38,0.28,80.0,False,,,,,,,,,,,,,,,,,,,,,,,,,,,,,,,
2026-09-11,824954,SEA,ATH,Jeffrey Springs,George Kirby,-0.87,4.431,0.414,0.41,0.6,-0.013,NO VALUE at current price,0.0,-0.87,4.431,0.414,-0.013,NO VALUE at current price,,2026-09-11T18:14:25+00:00,1.0,False,1.5,0.297,0.443,0.0,10.25,0.683,0.597,0.511,0.037,no edge (best UNDER 8.5),0.72,0.65,0.55,79.0,False,,,,,,,,,,,,,,,,,,,,,,,,,,,,,,,
2026-09-11,825036,TEX,AZ,,MacKenzie Gore,0.4,4.875,0.536,0.52,0.48,-0.001,NO VALUE at current price,0.0,0.4,4.875,0.536,-0.001,NO VALUE at current price,,2026-09-11T18:14:25+00:00,8.0,True,1.5,0.411,0.348,0.0,9.0,0.589,0.495,0.406,0.018,no edge (best UNDER 8.5),0.61,0.53,0.43,100.0,True,,,,,,,,,,,,,,,,,,,,,,,,,,,,,,,
2026-09-11,822684,LAA,WSH,Cade Cavalli,Yusei Kikuchi,0.36,4.432,0.536,0.6,0.41,0.037,CAUTIOUS &mdash; small edge on LAA,0.0,0.36,4.432,0.536,0.037,CAUTIOUS &mdash; small edge on LAA,,2026-09-11T22:04:52+00:00,1.0,False,1.5,0.399,0.337,0.0,8.86,0.577,0.482,0.394,0.04,no edge (best OVER 7.5),0.52,0.44,0.34,80.0,False,,,,,,,,,,,,,,,,,,,,,,,,,,,,,,,
2026-09-11,822767,BAL,TOR,Max Scherzer,Chris Bassitt,0.09,4.432,0.509,0.56,0.45,0.024,CAUTIOUS &mdash; small edge on BAL,0.0,0.09,4.432,0.509,0.024,CAUTIOUS &mdash; small edge on BAL,,2026-09-11T22:04:52+00:00,-3.0,False,1.5,0.375,0.36,0.0,9.08,0.595,0.501,0.412,0.056,OVER 9.5,0.53,0.43,0.34,69.0,False,,,,,,,,,,,,,,,,,,,,,,,,,,,,,,,
2026-09-11,822930,HOU,TB,Drew Rasmussen,Miguel Ullola,0.59,4.432,0.559,0.64,0.38,0.045,HIGH VALUE &mdash; HOU,0.0,0.59,4.432,0.559,0.045,HIGH VALUE &mdash; HOU,,2026-09-11T22:04:52+00:00,2.0,False,1.5,0.419,0.319,0.0,8.13,0.511,0.414,0.328,-0.006,no edge (best OVER 7.5),0.5,0.42,0.33,72.0,True,,,,,,,,,,,,,,,,,,,,,,,,,,,,,,,
2026-09-11,823012,CWS,STL,Matthew Liberatore,Anthony Kay,0.1,4.432,0.51,0.51,0.5,-0.018,NO VALUE at current price,0.0,0.1,4.432,0.51,-0.018,NO VALUE at current price,,2026-09-11T22:04:52+00:00,4.0,False,1.5,0.376,0.359,0.0,9.15,0.601,0.508,0.419,0.054,OVER 7.5,0.53,0.46,0.35,78.0,False,,,,,,,,,,,,,,,,,,,,,,,,,,,,,,,
2026-09-11,823173,SD,SF,Anthony Molina,Robbie Ray,-0.28,4.432,0.472,0.43,0.57,0.025,CAUTIOUS &mdash; small edge on SF,0.0,-0.28,4.432,0.472,0.025,CAUTIOUS &mdash; small edge on SF,,2026-09-11T22:04:52+00:00,-2.0,False,1.5,0.344,0.391,0.0,8.25,0.522,0.425,0.338,-0.004,no edge (best UNDER 9.5),0.52,0.43,0.35,61.0,False,,,,,,,,,,,,,,,,,,,,,,,,,,,,,,,
2026-09-11,823498,NYM,NYY,Carlos Rodón,Nolan McLean,0.35,4.432,0.535,0.55,0.46,-0.013,NO VALUE at current price,0.0,0.35,4.432,0.535,-0.013,NO VALUE at current price,,2026-09-11T22:04:52+00:00,2.0,False,1.5,0.398,0.338,0.0,8.64,0.557,0.462,0.373,-0.009,no edge (best UNDER 8.5),0.55,0.47,0.37,77.0,False,,,,,,,,,,,,,,,,,,,,,,,,,,,,,,,
2026-09-11,823659,CLE,MIN,Taj Bradley,Parker Messick,-0.16,4.432,0.484,0.48,0.53,-0.014,NO VALUE at current price,0.0,-0.16,4.432,0.484,-0.014,NO VALUE at current price,,2026-09-11T22:04:52+00:00,-3.0,False,1.5,0.354,0.382,0.0,8.82,0.573,0.478,0.39,0.046,OVER 7.5,0.51,0.43,0.33,81.0,False,,,,,,,,,,,,,,,,,,,,,,,,,,,,,,,
2026-09-11,823736,CIN,MIL,Dustin May,Andrew Abbott,1.6,4.432,0.656,0.66,0.36,-0.02,NO VALUE at current price,0.0,1.6,4.432,0.656,-0.02,NO VALUE at current price,,2026-09-11T22:04:52+00:00,20.0,False,1.5,0.509,0.242,0.0,8.76,0.568,0.473,0.385,0.009,no edge (best OVER 9.5),0.55,0.47,0.36,73.0,False,,,,,,,,,,,,,,,,,,,,,,,,,,,,,,,
2026-09-11,823817,LAD,MIA,Ryan Gusto,,-0.68,4.875,0.438,0.36,0.65,0.062,HIGH VALUE &mdash; MIA,0.0,-0.68,4.875,0.438,0.062,HIGH VALUE &mdash; MIA,,2026-09-11T22:04:52+00:00,-4.0,True,1.5,0.327,0.433,0.0,9.07,0.595,0.501,0.412,0.088,OVER 7.5,0.49,0.41,0.31,72.0,True,,,,,,,,,,,,,,,,,,,,,,,,,,,,,,,
2026-09-11,824227,COL,DET,Framber Valdez,Mason Adams,0.99,4.432,0.598,0.63,0.38,0.006,CAUTIOUS &mdash; small edge on COL,0.0,0.99,4.432,0.598,0.006,CAUTIOUS &mdash; small edge on COL,,2026-09-11T22:04:52+00:00,4.0,False,1.5,0.454,0.287,0.0,9.13,0.599,0.505,0.417,0.042,OVER 7.5,0.54,0.46,0.36,74.0,False,,,,,,,,,,,,,,,,,,,,,,,,,,,,,,,
2026-09-11,824711,KC,BOS,Sonny Gray,Seth Lugo,1.09,4.432,0.607,0.66,0.36,0.017,CAUTIOUS &mdash; small edge on KC,0.0,1.09,4.432,0.607,0.017,CAUTIOUS &mdash; small edge on KC,,2026-09-11T22:04:52+00:00,-1.0,False,1.5,0.463,0.28,0.0,8.97,0.586,0.492,0.403,0.007,no edge (best OVER 9.5),0.57,0.49,0.38,71.0,False,,,,,,,,,,,,,,,,,,,,,,,,,,,,,,,
2026-09-11,824873,PHI,ATL,Chris Sale,Aaron Nola,0.57,4.432,0.557,0.63,0.38,0.046,HIGH VALUE &mdash; PHI,0.0,0.57,4.432,0.557,0.046,HIGH VALUE &mdash; PHI,,2026-09-11T22:04:52+00:00,1.0,False,1.5,0.417,0.32,0.0,7.79,0.478,0.381,0.296,0.012,no edge (best OVER 9.5),0.45,0.38,0.27,76.0,False,,,,,,,,,,,,,,,,,,,,,,,,,,,,,,,
2026-09-11,824954,SEA,ATH,Jeffrey Springs,George Kirby,-0.86,4.432,0.415,0.41,0.6,-0.012,NO VALUE at current price,0.0,-0.86,4.432,0.415,-0.012,NO VALUE at current price,,2026-09-11T22:04:52+00:00,1.0,False,1.5,0.297,0.442,0.0,10.67,0.709,0.627,0.543,0.017,no edge (best UNDER 8.5),0.73,0.66,0.56,86.0,False,,,,,,,,,,,,,,,,,,,,,,,,,,,,,,,
2026-09-11,825036,TEX,AZ,Merrill Kelly,MacKenzie Gore,0.06,4.432,0.506,0.52,0.49,-0.013,NO VALUE at current price,0.0,0.06,4.432,0.506,-0.013,NO VALUE at current price,,2026-09-11T22:04:52+00:00,8.0,False,1.5,0.372,0.363,0.0,9.33,0.615,0.523,0.434,-0.003,no edge (best OVER 9.5),0.61,0.53,0.42,72.0,True,,,,,,,,,,,,,,,,,,,,,,,,,,,,,,,
2026-09-12,822685,LAA,WSH,Andrew Alvarez,Walbert Ureña,0.16,4.434,0.516,0.52,0.49,-0.021,NO VALUE at current price,0.0,0.16,4.434,0.516,-0.021,NO VALUE at current price,,2026-09-12T06:51:07+00:00,1.0,False,1.5,0.381,0.354,0.0,8.97,0.586,0.492,0.403,0.009,no edge (best OVER 7.5),0.56,0.47,0.38,83.0,False,,,,,,,,,,,,,,,,,,,,,,,,,,,,,,,
2026-09-12,822768,BAL,TOR,Spencer Miles,Kyle Bradish,0.52,4.434,0.552,0.51,0.5,0.024,CAUTIOUS &mdash; small edge on TOR,0.0,0.52,4.434,0.552,0.024,CAUTIOUS &mdash; small edge on TOR,,2026-09-12T06:51:07+00:00,4.0,False,1.5,0.413,0.324,0.0,8.57,0.551,0.455,0.367,0.008,no edge (best UNDER 8.5),0.56,0.48,0.38,77.0,False,,,,,,,,,,,,,,,,,,,,,,,,,,,,,,,
2026-09-12,822927,HOU,TB,Ian Seymour,Peter Lambert,0.54,4.434,0.554,0.58,0.43,-0.001,NO VALUE at current price,0.0,0.54,4.434,0.554,-0.001,NO VALUE at current price,,2026-09-12T06:51:07+00:00,1.0,False,1.5,0.414,0.323,0.0,8.1,0.508,0.411,0.324,0.032,no edge (best UNDER 8.5),0.53,0.46,0.36,83.0,True,,,,,,,,,,,,,,,,,,,,,,,,,,,,,,,
2026-09-12,823009,CWS,STL,Kyle Leahy,Sean Newcomb,0.04,4.434,0.504,0.51,0.5,-0.021,NO VALUE at current price,0.0,0.04,4.434,0.504,-0.021,NO VALUE at current price,,2026-09-12T06:51:07+00:00,-1.0,False,1.5,0.371,0.364,0.0,9.16,0.602,0.508,0.42,0.015,no edge (best OVER 7.5),0.57,0.5,0.39,86.0,False,,,,,,,,,,,,,,,,,,,,,,,,,,,,,,,
2026-09-12,823170,SD,SF,Cesar Perdomo,Michael King,-0.33,4.434,0.467,0.41,0.6,0.04,CAUTIOUS &mdash; small edge on SF,0.0,-0.33,4.434,0.467,0.04,CAUTIOUS &mdash; small edge on SF,,2026-09-12T06:51:07+00:00,-1.0,False,1.5,0.34,0.396,0.0,8.1,0.508,0.411,0.325,0.042,UNDER 8.5,0.54,0.47,0.37,67.0,False,,,,,,,,,,,,,,,,,,,,,,,,,,,,,,,
2026-09-12,823496,NYM,NYY,Gerrit Cole,Zac Thornton,0.79,4.434,0.578,0.63,0.38,0.025,CAUTIOUS &mdash; small edge on NYM,0.0,0.79,4.434,0.578,0.025,CAUTIOUS &mdash; small edge on NYM,,2026-09-12T06:51:07+00:00,-10.0,False,1.5,0.436,0.303,0.0,8.59,0.553,0.458,0.369,-0.005,no edge (best UNDER 8.5),0.56,0.47,0.37,79.0,False,,,,,,,,,,,,,,,,,,,,,,,,,,,,,,,
2026-09-12,823657,CLE,MIN,Connor Prielipp,Daniel Espino,0.04,4.434,0.504,0.49,0.52,-0.004,NO VALUE at current price,0.0,0.04,4.434,0.504,-0.004,NO VALUE at current price,,2026-09-12T06:51:07+00:00,1.0,False,1.5,0.371,0.365,0.0,8.83,0.574,0.479,0.391,0.044,UNDER 8.5,0.61,0.54,0.44,74.0,False,,,,,,,,,,,,,,,,,,,,,,,,,,,,,,,
2026-09-12,823737,CIN,MIL,,Brady Singer,1.8,4.877,0.659,0.64,0.37,0.003,CAUTIOUS &mdash; small edge on MIL,0.0,1.8,4.877,0.659,0.003,CAUTIOUS &mdash; small edge on MIL,,2026-09-12T06:51:07+00:00,4.0,True,1.5,0.524,0.25,0.0,9.34,0.617,0.524,0.436,,,,,,79.0,False,,,,,,,,,,,,,,,,,,,,,,,,,,,,,,,
2026-09-12,823819,LAD,MIA,Tyler Phillips,Tyler Glasnow,-0.5,4.434,0.45,0.36,0.65,0.074,HIGH VALUE &mdash; MIA,0.0,-0.5,4.434,0.45,0.074,HIGH VALUE &mdash; MIA,,2026-09-12T06:51:07+00:00,1.0,False,1.5,0.326,0.411,0.0,8.9,0.581,0.486,0.397,0.034,no edge (best OVER 7.5),0.53,0.45,0.35,82.0,True,,,,,,,,,,,,,,,,,,,,,,,,,,,,,,,
2026-09-12,824224,COL,DET,Andrew Sears,Tanner Gordon,1.23,4.434,0.621,0.61,0.4,-0.006,NO VALUE at current price,0.0,1.23,4.434,0.621,-0.006,NO VALUE at current price,,2026-09-12T06:51:07+00:00,4.0,False,1.5,0.476,0.269,0.0,9.59,0.636,0.545,0.457,0.04,OVER 9.5,0.59,0.51,0.4,83.0,False,,,,,,,,,,,,,,,,,,,,,,,,,,,,,,,
2026-09-12,824630,PIT,CHC,Clay Holmes,Paul Skenes,0.73,4.434,0.573,0.54,0.47,0.015,CAUTIOUS &mdash; small edge on CHC,0.0,0.73,4.434,0.573,0.015,CAUTIOUS &mdash; small edge on CHC,,2026-09-12T06:51:07+00:00,1.0,False,1.5,0.431,0.307,0.0,8.96,0.585,0.491,0.402,0.042,UNDER 8.5,0.63,0.55,0.45,86.0,False,,,,,,,,,,,,,,,,,,,,,,,,,,,,,,,
2026-09-12,824712,KC,BOS,Ranger Suarez,Randy Dobnak,1.09,4.434,0.607,0.64,0.37,0.006,CAUTIOUS &mdash; small edge on KC,0.0,1.09,4.434,0.607,0.006,CAUTIOUS &mdash; small edge on KC,,2026-09-12T06:51:07+00:00,4.0,False,1.5,0.463,0.28,0.0,9.07,0.594,0.501,0.412,-0.003,no edge (best OVER 7.5),0.58,0.5,0.4,75.0,False,,,,,,,,,,,,,,,,,,,,,,,,,,,,,,,
2026-09-12,824870,PHI,ATL,Tyler Mahle,,-0.12,4.877,0.489,0.53,0.48,0.013,CAUTIOUS &mdash; small edge on PHI,0.0,-0.12,4.877,0.489,0.013,CAUTIOUS &mdash; small edge on PHI,,2026-09-12T06:51:07+00:00,10.0,True,1.5,0.37,0.388,0.0,8.49,0.544,0.448,0.36,0.011,no edge (best OVER 8.5),0.52,0.42,0.34,78.0,False,,,,,,,,,,,,,,,,,,,,,,,,,,,,,,,
2026-09-12,824955,SEA,ATH,Gage Jump,Bryan Woo,-0.61,4.434,0.439,0.39,0.62,0.033,CAUTIOUS &mdash; small edge on ATH,0.0,-0.61,4.434,0.439,0.033,CAUTIOUS &mdash; small edge on ATH,,2026-09-12T06:51:07+00:00,-18.0,False,1.5,0.317,0.42,0.0,9.32,0.615,0.522,0.434,0.071,UNDER 8.5,0.67,0.61,0.5,74.0,False,,,,,,,,,,,,,,,,,,,,,,,,,,,,,,,
2026-09-12,825035,TEX,AZ,Brandon Pfaadt,Kumar Rocker,0.48,4.434,0.548,0.57,0.44,-0.005,NO VALUE at current price,0.0,0.48,4.434,0.548,-0.005,NO VALUE at current price,,2026-09-12T06:51:07+00:00,-4.0,False,1.5,0.409,0.327,0.0,9.4,0.621,0.529,0.441,0.014,no edge (best OVER 7.5),0.59,0.52,0.42,101.0,True,,,,,,,,,,,,,,,,,,,,,,,,,,,,,,,
2026-09-12,822685,LAA,WSH,Andrew Alvarez,Walbert Ureña,0.16,4.434,0.516,0.54,0.47,-0.003,NO VALUE at current price,0.0,0.16,4.434,0.516,-0.003,NO VALUE at current price,,2026-09-12T17:30:43+00:00,1.0,False,1.5,0.381,0.354,0.0,9.04,0.592,0.498,0.409,0.023,no edge (best OVER 9.5),0.56,0.48,0.37,82.0,False,,,,,,,,,,,,,,,,,,,,,,,,,,,,,,,
2026-09-12,822768,BAL,TOR,Spencer Miles,Kyle Bradish,0.52,4.434,0.552,0.55,0.46,-0.015,NO VALUE at current price,0.0,0.52,4.434,0.552,-0.015,NO VALUE at current price,,2026-09-12T17:30:43+00:00,4.0,False,1.5,0.413,0.324,0.0,8.4,0.536,0.44,0.352,0.023,no edge (best UNDER 8.5),0.56,0.48,0.38,72.0,False,,,,,,,,,,,,,,,,,,,,,,,,,,,,,,,
2026-09-12,822927,HOU,TB,Ian Seymour,Peter Lambert,0.54,4.434,0.554,0.57,0.44,-0.011,NO VALUE at current price,0.0,0.54,4.434,0.554,-0.011,NO VALUE at current price,,2026-09-12T17:30:43+00:00,1.0,False,1.5,0.414,0.323,0.0,8.08,0.506,0.409,0.323,0.014,no edge (best UNDER 8.5),0.52,0.44,0.35,82.0,True,,,,,,,,,,,,,,,,,,,,,,,,,,,,,,,
2026-09-12,823009,CWS,STL,Kyle Leahy,Sean Newcomb,0.04,4.434,0.504,0.51,0.5,-0.021,NO VALUE at current price,0.0,0.04,4.434,0.504,-0.021,NO VALUE at current price,,2026-09-12T17:30:43+00:00,-1.0,False,1.5,0.371,0.364,0.0,9.07,0.595,0.501,0.412,0.008,no edge (best OVER 7.5),0.57,0.49,0.39,84.0,False,,,,,,,,,,,,,,,,,,,,,,,,,,,,,,,
2026-09-12,823170,SD,SF,Cesar Perdomo,Michael King,-0.33,4.434,0.467,0.38,0.63,0.07,HIGH VALUE &mdash; SF,0.0,-0.33,4.434,0.467,0.07,HIGH VALUE &mdash; SF,,2026-09-12T17:30:43+00:00,-1.0,False,1.5,0.34,0.396,0.0,8.22,0.519,0.423,0.336,0.01,no edge (best UNDER 8.5),0.53,0.45,0.36,62.0,False,,,,,,,,,,,,,,,,,,,,,,,,,,,,,,,
2026-09-12,823496,NYM,NYY,Gerrit Cole,Zac Thornton,0.79,4.434,0.578,0.6,0.41,-0.005,NO VALUE at current price,0.0,0.79,4.434,0.578,-0.005,NO VALUE at current price,,2026-09-12T17:30:43+00:00,-10.0,False,1.5,0.436,0.303,0.0,8.67,0.561,0.465,0.377,-0.009,no edge (best OVER 9.5),0.56,0.47,0.37,78.0,False,,,,,,,,,,,,,,,,,,,,,,,,,,,,,,,
2026-09-12,823657,CLE,MIN,Connor Prielipp,Daniel Espino,0.04,4.434,0.504,0.51,0.5,-0.021,NO VALUE at current price,0.0,0.04,4.434,0.504,-0.021,NO VALUE at current price,,2026-09-12T17:30:43+00:00,1.0,False,1.5,0.371,0.365,0.0,8.97,0.586,0.492,0.403,0.009,no edge (best OVER 7.5),0.56,0.48,0.38,73.0,False,,,,,,,,,,,,,,,,,,,,,,,,,,,,,,,
2026-09-12,823737,CIN,MIL,,Brady Singer,1.8,4.877,0.659,0.64,0.37,0.003,CAUTIOUS &mdash; small edge on MIL,0.0,1.8,4.877,0.659,0.003,CAUTIOUS &mdash; small edge on MIL,,2026-09-12T17:30:43+00:00,4.0,True,1.5,0.524,0.25,0.0,9.26,0.61,0.517,0.429,0.022,no edge (best OVER 9.5),0.58,0.5,0.39,77.0,False,,,,,,,,,,,,,,,,,,,,,,,,,,,,,,,
2026-09-12,823819,LAD,MIA,Tyler Phillips,Tyler Glasnow,-0.5,4.434,0.45,0.4,0.61,0.033,CAUTIOUS &mdash; small edge on MIA,0.0,-0.5,4.434,0.45,0.033,CAUTIOUS &mdash; small edge on MIA,,2026-09-12T17:30:43+00:00,1.0,False,1.5,0.326,0.411,0.0,8.88,0.578,0.484,0.395,0.029,no edge (best OVER 9.5),0.54,0.46,0.35,72.0,True,,,,,,,,,,,,,,,,,,,,,,,,,,,,,,,
2026-09-12,824630,PIT,CHC,Clay Holmes,Paul Skenes,0.73,4.434,0.573,0.54,0.47,0.015,CAUTIOUS &mdash; small edge on CHC,0.0,0.73,4.434,0.573,0.015,CAUTIOUS &mdash; small edge on CHC,,2026-09-12T17:30:43+00:00,1.0,False,1.5,0.431,0.307,0.0,8.99,0.588,0.494,0.405,0.099,UNDER 8.5,0.68,0.61,0.51,83.0,False,,,,,,,,,,,,,,,,,,,,,,,,,,,,,,,
2026-09-12,824712,KC,BOS,Ranger Suarez,Randy Dobnak,1.09,4.434,0.607,0.67,0.34,0.037,CAUTIOUS &mdash; small edge on KC,0.0,1.09,4.434,0.607,0.037,CAUTIOUS &mdash; small edge on KC,,2026-09-12T17:30:43+00:00,4.0,False,1.5,0.463,0.28,0.0,8.92,0.582,0.487,0.399,0.006,no edge (best UNDER 8.5),0.59,0.51,0.41,75.0,False,,,,,,,,,,,,,,,,,,,,,,,,,,,,,,,
2026-09-12,824870,PHI,ATL,Tyler Mahle,,-0.12,4.877,0.489,0.56,0.45,0.043,HIGH VALUE &mdash; PHI,0.0,-0.12,4.877,0.489,0.043,HIGH VALUE &mdash; PHI,,2026-09-12T17:30:43+00:00,10.0,True,1.5,0.37,0.388,0.0,8.42,0.537,0.441,0.353,0.022,no edge (best UNDER 8.5),0.56,0.48,0.36,76.0,False,,,,,,,,,,,,,,,,,,,,,,,,,,,,,,,
2026-09-12,824955,SEA,ATH,Gage Jump,Bryan Woo,-0.61,4.434,0.439,0.39,0.62,0.033,CAUTIOUS &mdash; small edge on ATH,0.0,-0.61,4.434,0.439,0.033,CAUTIOUS &mdash; small edge on ATH,,2026-09-12T17:30:43+00:00,-18.0,False,1.5,0.317,0.42,0.0,9.24,0.608,0.515,0.427,0.068,UNDER 8.5,0.68,0.6,0.5,72.0,False,,,,,,,,,,,,,,,,,,,,,,,,,,,,,,,
2026-09-12,825035,TEX,AZ,Brandon Pfaadt,Kumar Rocker,0.48,4.434,0.548,0.55,0.46,-0.019,NO VALUE at current price,0.0,0.48,4.434,0.548,-0.019,NO VALUE at current price,,2026-09-12T17:30:43+00:00,-4.0,False,1.5,0.409,0.327,0.0,9.39,0.62,0.528,0.44,0.044,OVER 9.5,0.56,0.48,0.38,99.0,True,,,,,,,,,,,,,,,,,,,,,,,,,,,,,,,
2026-09-12,822685,LAA,WSH,Andrew Alvarez,Walbert Ureña,0.16,4.434,0.516,0.54,0.47,-0.003,NO VALUE at current price,0.0,0.16,4.434,0.516,-0.003,NO VALUE at current price,,2026-09-12T17:44:22+00:00,1.0,False,1.5,0.381,0.354,0.0,9.04,0.592,0.498,0.409,0.023,no edge (best OVER 9.5),0.56,0.48,0.37,82.0,False,,,,,,,,,,,,,,,,,,,,,,,,,,,,,,,
2026-09-12,822768,BAL,TOR,Spencer Miles,Kyle Bradish,0.52,4.434,0.552,0.55,0.46,-0.015,NO VALUE at current price,0.0,0.52,4.434,0.552,-0.015,NO VALUE at current price,,2026-09-12T17:44:22+00:00,4.0,False,1.5,0.413,0.324,0.0,8.4,0.536,0.44,0.352,0.023,no edge (best UNDER 8.5),0.56,0.48,0.38,72.0,False,,,,,,,,,,,,,,,,,,,,,,,,,,,,,,,
2026-09-12,822927,HOU,TB,Ian Seymour,Peter Lambert,0.54,4.434,0.554,0.57,0.44,-0.011,NO VALUE at current price,0.0,0.54,4.434,0.554,-0.011,NO VALUE at current price,,2026-09-12T17:44:22+00:00,1.0,False,1.5,0.414,0.323,0.0,8.08,0.506,0.409,0.323,0.014,no edge (best UNDER 8.5),0.52,0.44,0.35,82.0,True,,,,,,,,,,,,,,,,,,,,,,,,,,,,,,,
2026-09-12,823009,CWS,STL,Kyle Leahy,Sean Newcomb,0.04,4.434,0.504,0.51,0.5,-0.021,NO VALUE at current price,0.0,0.04,4.434,0.504,-0.021,NO VALUE at current price,,2026-09-12T17:44:22+00:00,-1.0,False,1.5,0.371,0.364,0.0,9.07,0.595,0.501,0.412,0.008,no edge (best OVER 7.5),0.57,0.49,0.39,84.0,False,,,,,,,,,,,,,,,,,,,,,,,,,,,,,,,
2026-09-12,823170,SD,SF,Cesar Perdomo,Michael King,-0.33,4.434,0.467,0.38,0.63,0.07,HIGH VALUE &mdash; SF,0.0,-0.33,4.434,0.467,0.07,HIGH VALUE &mdash; SF,,2026-09-12T17:44:22+00:00,-1.0,False,1.5,0.34,0.396,0.0,8.22,0.519,0.423,0.336,0.01,no edge (best UNDER 8.5),0.54,0.45,0.36,62.0,False,,,,,,,,,,,,,,,,,,,,,,,,,,,,,,,
2026-09-12,823657,CLE,MIN,Connor Prielipp,Daniel Espino,0.04,4.434,0.504,0.51,0.51,-0.024,NO VALUE at current price,0.0,0.04,4.434,0.504,-0.024,NO VALUE at current price,,2026-09-12T17:44:22+00:00,1.0,False,1.5,0.371,0.365,0.0,8.97,0.586,0.492,0.403,0.009,no edge (best OVER 7.5),0.56,0.48,0.38,73.0,False,,,,,,,,,,,,,,,,,,,,,,,,,,,,,,,
2026-09-12,823737,CIN,MIL,,Brady Singer,1.8,4.877,0.659,0.64,0.37,0.003,CAUTIOUS &mdash; small edge on MIL,0.0,1.8,4.877,0.659,0.003,CAUTIOUS &mdash; small edge on MIL,,2026-09-12T17:44:22+00:00,4.0,True,1.5,0.524,0.25,0.0,9.26,0.61,0.517,0.429,0.022,no edge (best OVER 9.5),0.58,0.5,0.39,77.0,False,,,,,,,,,,,,,,,,,,,,,,,,,,,,,,,
2026-09-12,823819,LAD,MIA,Tyler Phillips,Tyler Glasnow,-0.5,4.434,0.45,0.4,0.61,0.033,CAUTIOUS &mdash; small edge on MIA,0.0,-0.5,4.434,0.45,0.033,CAUTIOUS &mdash; small edge on MIA,,2026-09-12T17:44:22+00:00,1.0,False,1.5,0.326,0.411,0.0,8.88,0.578,0.484,0.395,0.029,no edge (best OVER 9.5),0.54,0.46,0.35,72.0,True,,,,,,,,,,,,,,,,,,,,,,,,,,,,,,,
2026-09-12,824630,PIT,CHC,Clay Holmes,Paul Skenes,0.73,4.434,0.573,0.54,0.47,0.015,CAUTIOUS &mdash; small edge on CHC,0.0,0.73,4.434,0.573,0.015,CAUTIOUS &mdash; small edge on CHC,,2026-09-12T17:44:22+00:00,1.0,False,1.5,0.431,0.307,0.0,8.99,0.588,0.494,0.405,0.099,UNDER 8.5,0.68,0.61,0.51,83.0,False,,,,,,,,,,,,,,,,,,,,,,,,,,,,,,,
2026-09-12,824712,KC,BOS,Ranger Suarez,Randy Dobnak,1.09,4.434,0.607,0.67,0.34,0.037,CAUTIOUS &mdash; small edge on KC,0.0,1.09,4.434,0.607,0.037,CAUTIOUS &mdash; small edge on KC,,2026-09-12T17:44:22+00:00,4.0,False,1.5,0.463,0.28,0.0,8.92,0.582,0.487,0.399,0.006,no edge (best UNDER 8.5),0.59,0.51,0.41,75.0,False,,,,,,,,,,,,,,,,,,,,,,,,,,,,,,,
2026-09-12,824870,PHI,ATL,Tyler Mahle,,-0.12,4.877,0.489,0.56,0.45,0.043,HIGH VALUE &mdash; PHI,0.0,-0.12,4.877,0.489,0.043,HIGH VALUE &mdash; PHI,,2026-09-12T17:44:22+00:00,10.0,True,1.5,0.37,0.388,0.0,8.42,0.537,0.441,0.353,0.022,no edge (best UNDER 8.5),0.56,0.48,0.36,76.0,False,,,,,,,,,,,,,,,,,,,,,,,,,,,,,,,
2026-09-12,824955,SEA,ATH,Gage Jump,Bryan Woo,-0.61,4.434,0.439,0.39,0.62,0.033,CAUTIOUS &mdash; small edge on ATH,0.0,-0.61,4.434,0.439,0.033,CAUTIOUS &mdash; small edge on ATH,,2026-09-12T17:44:22+00:00,-18.0,False,1.5,0.317,0.42,0.0,9.24,0.608,0.515,0.427,0.068,UNDER 8.5,0.68,0.6,0.5,72.0,False,,,,,,,,,,,,,,,,,,,,,,,,,,,,,,,
2026-09-12,825035,TEX,AZ,Brandon Pfaadt,Kumar Rocker,0.48,4.434,0.548,0.55,0.46,-0.019,NO VALUE at current price,0.0,0.48,4.434,0.548,-0.019,NO VALUE at current price,,2026-09-12T17:44:22+00:00,-4.0,False,1.5,0.409,0.327,0.0,9.39,0.62,0.528,0.44,0.044,OVER 9.5,0.56,0.48,0.38,99.0,True,,,,,,,,,,,,,,,,,,,,,,,,,,,,,,,
2026-09-12,822685,LAA,WSH,Andrew Alvarez,Walbert Ureña,0.16,4.434,0.516,0.54,0.47,-0.003,NO VALUE at current price,0.0,0.16,4.434,0.516,-0.003,NO VALUE at current price,,2026-09-12T18:41:58+00:00,1.0,False,1.5,0.381,0.354,0.0,8.89,0.579,0.484,0.396,0.002,no edge (best OVER 7.5),0.56,0.48,0.38,81.0,False,,,,,,,,,,,,,,,,,,,,,,,,,,,,,,,
2026-09-12,822768,BAL,TOR,Spencer Miles,Kyle Bradish,0.52,4.434,0.552,0.55,0.46,-0.015,NO VALUE at current price,0.0,0.52,4.434,0.552,-0.015,NO VALUE at current price,,2026-09-12T18:41:58+00:00,4.0,False,1.5,0.413,0.324,0.0,8.4,0.536,0.44,0.352,0.023,no edge (best UNDER 8.5),0.56,0.48,0.38,72.0,False,,,,,,,,,,,,,,,,,,,,,,,,,,,,,,,
2026-09-12,822927,HOU,TB,Ian Seymour,Peter Lambert,0.54,4.434,0.554,0.57,0.44,-0.011,NO VALUE at current price,0.0,0.54,4.434,0.554,-0.011,NO VALUE at current price,,2026-09-12T18:41:58+00:00,1.0,False,1.5,0.414,0.323,0.0,8.08,0.506,0.409,0.323,0.014,no edge (best UNDER 8.5),0.52,0.44,0.35,81.0,True,,,,,,,,,,,,,,,,,,,,,,,,,,,,,,,
2026-09-12,823009,CWS,STL,Kyle Leahy,Sean Newcomb,0.04,4.434,0.504,0.51,0.5,-0.021,NO VALUE at current price,0.0,0.04,4.434,0.504,-0.021,NO VALUE at current price,,2026-09-12T18:41:58+00:00,-1.0,False,1.5,0.371,0.364,0.0,9.08,0.595,0.501,0.413,0.008,no edge (best OVER 7.5),0.57,0.49,0.39,84.0,False,,,,,,,,,,,,,,,,,,,,,,,,,,,,,,,
2026-09-12,823170,SD,SF,Cesar Perdomo,Michael King,-0.33,4.434,0.467,0.38,0.63,0.07,HIGH VALUE &mdash; SF,0.0,-0.33,4.434,0.467,0.07,HIGH VALUE &mdash; SF,,2026-09-12T18:41:58+00:00,-1.0,False,1.5,0.34,0.396,0.0,8.23,0.52,0.423,0.336,0.013,no edge (best UNDER 7.5),0.55,0.45,0.36,62.0,False,,,,,,,,,,,,,,,,,,,,,,,,,,,,,,,
2026-09-12,823657,CLE,MIN,Connor Prielipp,Daniel Espino,0.04,4.434,0.504,0.51,0.5,-0.021,NO VALUE at current price,0.0,0.04,4.434,0.504,-0.021,NO VALUE at current price,,2026-09-12T18:41:58+00:00,1.0,False,1.5,0.371,0.365,0.0,8.98,0.587,0.492,0.404,0.01,no edge (best OVER 7.5),0.56,0.48,0.38,73.0,False,,,,,,,,,,,,,,,,,,,,,,,,,,,,,,,
2026-09-12,823737,CIN,MIL,Shane Drohan,Brady Singer,1.72,4.434,0.666,0.64,0.37,0.01,CAUTIOUS &mdash; small edge on MIL,0.0,1.72,4.434,0.666,0.01,CAUTIOUS &mdash; small edge on MIL,,2026-09-12T18:41:58+00:00,4.0,False,1.5,0.519,0.234,0.0,9.21,0.606,0.513,0.424,0.017,no edge (best OVER 9.5),0.58,0.5,0.39,78.0,False,,,,,,,,,,,,,,,,,,,,,,,,,,,,,,,
2026-09-12,823819,LAD,MIA,Tyler Phillips,Tyler Glasnow,-0.5,4.434,0.45,0.4,0.61,0.033,CAUTIOUS &mdash; small edge on MIA,0.0,-0.5,4.434,0.45,0.033,CAUTIOUS &mdash; small edge on MIA,,2026-09-12T18:41:58+00:00,1.0,False,1.5,0.326,0.411,0.0,8.88,0.579,0.484,0.395,0.029,no edge (best OVER 9.5),0.54,0.45,0.35,72.0,True,,,,,,,,,,,,,,,,,,,,,,,,,,,,,,,
2026-09-12,824712,KC,BOS,Ranger Suarez,Randy Dobnak,1.09,4.434,0.607,0.67,0.34,0.037,CAUTIOUS &mdash; small edge on KC,0.0,1.09,4.434,0.607,0.037,CAUTIOUS &mdash; small edge on KC,,2026-09-12T18:41:58+00:00,4.0,False,1.5,0.463,0.28,0.0,8.92,0.582,0.488,0.399,0.015,no edge (best UNDER 8.5),0.59,0.52,0.41,75.0,False,,,,,,,,,,,,,,,,,,,,,,,,,,,,,,,
2026-09-12,824870,PHI,ATL,Tyler Mahle,,-0.12,4.877,0.489,0.56,0.45,0.043,HIGH VALUE &mdash; PHI,0.0,-0.12,4.877,0.489,0.043,HIGH VALUE &mdash; PHI,,2026-09-12T18:41:58+00:00,10.0,True,1.5,0.37,0.388,0.0,8.45,0.54,0.444,0.356,0.019,no edge (best UNDER 8.5),0.56,0.48,0.36,77.0,False,,,,,,,,,,,,,,,,,,,,,,,,,,,,,,,
2026-09-12,824955,SEA,ATH,Gage Jump,Bryan Woo,-0.61,4.434,0.439,0.39,0.62,0.033,CAUTIOUS &mdash; small edge on ATH,0.0,-0.61,4.434,0.439,0.033,CAUTIOUS &mdash; small edge on ATH,,2026-09-12T18:41:58+00:00,-18.0,False,1.5,0.317,0.42,0.0,9.27,0.611,0.518,0.43,0.065,UNDER 8.5,0.68,0.6,0.5,73.0,False,,,,,,,,,,,,,,,,,,,,,,,,,,,,,,,
2026-09-12,825035,TEX,AZ,Brandon Pfaadt,Kumar Rocker,0.48,4.434,0.548,0.55,0.46,-0.019,NO VALUE at current price,0.0,0.48,4.434,0.548,-0.019,NO VALUE at current price,,2026-09-12T18:41:58+00:00,-4.0,False,1.5,0.409,0.327,0.0,9.39,0.62,0.528,0.44,0.044,OVER 9.5,0.56,0.48,0.38,101.0,True,,,,,,,,,,,,,,,,,,,,,,,,,,,,,,,
2026-09-12,822927,HOU,TB,Ian Seymour,Peter Lambert,0.54,4.434,0.554,0.58,0.43,-0.001,NO VALUE at current price,0.0,0.54,4.434,0.554,-0.001,NO VALUE at current price,,2026-09-12T21:45:47+00:00,1.0,False,1.5,0.414,0.323,0.0,8.08,0.506,0.409,0.323,0.014,no edge (best UNDER 8.5),0.51,0.44,0.33,72.0,True,,,,,,,,,,,,,,,,,,,,,,,,,,,,,,,
2026-09-12,823009,CWS,STL,Kyle Leahy,Sean Newcomb,0.04,4.434,0.504,0.5,0.51,-0.014,NO VALUE at current price,0.0,0.04,4.434,0.504,-0.014,NO VALUE at current price,,2026-09-12T21:45:47+00:00,-1.0,False,1.5,0.371,0.364,0.0,9.28,0.611,0.518,0.43,0.034,no edge (best OVER 9.5),0.57,0.49,0.38,88.0,False,,,,,,,,,,,,,,,,,,,,,,,,,,,,,,,
2026-09-12,823737,CIN,MIL,Shane Drohan,Brady Singer,1.72,4.434,0.666,0.66,0.35,-0.009,NO VALUE at current price,0.0,1.72,4.434,0.666,-0.009,NO VALUE at current price,,2026-09-12T21:45:47+00:00,4.0,False,1.5,0.519,0.234,0.0,9.36,0.618,0.526,0.438,0.001,no edge (best OVER 7.5),0.6,0.54,0.42,78.0,False,,,,,,,,,,,,,,,,,,,,,,,,,,,,,,,
2026-09-12,824870,PHI,ATL,Tyler Mahle,Tim Mayza,-0.11,4.434,0.489,0.57,0.44,0.053,HIGH VALUE &mdash; PHI,0.0,-0.11,4.434,0.489,0.053,HIGH VALUE &mdash; PHI,,2026-09-12T21:45:47+00:00,10.0,False,1.5,0.359,0.377,0.0,8.35,0.531,0.435,0.347,0.038,no edge (best UNDER 8.5),0.56,0.49,0.37,80.0,False,,,,,,,,,,,,,,,,,,,,,,,,,,,,,,,
2026-09-12,824955,SEA,ATH,Gage Jump,Bryan Woo,-0.61,4.434,0.439,0.39,0.61,0.033,CAUTIOUS &mdash; small edge on ATH,0.0,-0.61,4.434,0.439,0.033,CAUTIOUS &mdash; small edge on ATH,,2026-09-12T21:45:47+00:00,-18.0,False,1.5,0.317,0.42,0.0,9.28,0.611,0.518,0.43,0.065,UNDER 8.5,0.68,0.6,0.5,73.0,False,,,,,,,,,,,,,,,,,,,,,,,,,,,,,,,
2026-09-12,825035,TEX,AZ,Brandon Pfaadt,Kumar Rocker,0.48,4.434,0.548,0.55,0.46,-0.019,NO VALUE at current price,0.0,0.48,4.434,0.548,-0.019,NO VALUE at current price,,2026-09-12T21:45:47+00:00,-4.0,False,1.5,0.409,0.328,0.0,9.39,0.62,0.528,0.44,0.044,OVER 9.5,0.56,0.48,0.38,76.0,True,,,,,,,,,,,,,,,,,,,,,,,,,,,,,,,
2026-09-13,822682,LAA,WSH,Jake Irvin,Grayson Rodriguez,-0.01,4.436,0.499,0.53,0.48,0.003,CAUTIOUS &mdash; small edge on LAA,0.0,-0.01,4.436,0.499,0.003,CAUTIOUS &mdash; small edge on LAA,,2026-09-13T07:09:43+00:00,1.0,False,1.5,0.367,0.368,0.0,9.34,0.616,0.524,0.436,0.029,no edge (best UNDER 8.5),0.64,0.57,0.46,83.0,False,,,,,,,,,,,,,,,,,,,,,,,,,,,,,,,
2026-09-13,822764,BAL,TOR,Dylan Cease,Trevor Rogers,0.2,4.436,0.52,0.59,0.42,0.043,HIGH VALUE &mdash; BAL,0.0,0.2,4.436,0.52,0.043,HIGH VALUE &mdash; BAL,,2026-09-13T07:09:43+00:00,7.0,False,1.5,0.384,0.351,0.0,8.11,0.508,0.411,0.325,0.011,no edge (best OVER 7.5),0.48,0.4,0.31,80.0,False,,,,,,,,,,,,,,,,,,,,,,,,,,,,,,,
2026-09-13,822928,HOU,TB,Freddy Peralta,Hayden Wesneski,0.26,4.436,0.526,0.57,0.44,0.017,CAUTIOUS &mdash; small edge on HOU,0.0,0.26,4.436,0.526,0.017,CAUTIOUS &mdash; small edge on HOU,,2026-09-13T07:09:43+00:00,10.0,False,1.5,0.39,0.346,0.0,8.36,0.532,0.436,0.348,-0.013,no edge (best UNDER 8.5),0.53,0.44,0.35,86.0,True,,,,,,,,,,,,,,,,,,,,,,,,,,,,,,,
2026-09-13,823008,CWS,STL,Michael McGreevy,,-0.41,4.88,0.463,0.48,0.53,-0.01,NO VALUE at current price,0.0,-0.41,4.88,0.463,-0.01,NO VALUE at current price,,2026-09-13T07:09:43+00:00,2.0,True,1.5,0.348,0.411,0.0,9.65,0.64,0.55,0.462,,,,,,86.0,False,,,,,,,,,,,,,,,,,,,,,,,,,,,,,,,
2026-09-13,823171,SD,SF,Logan Webb,Nick Pivetta,-0.56,4.436,0.444,0.46,0.55,-0.011,NO VALUE at current price,0.0,-0.56,4.436,0.444,-0.011,NO VALUE at current price,,2026-09-13T07:09:43+00:00,-2.0,False,1.5,0.321,0.417,0.0,7.88,0.487,0.39,0.305,0.04,no edge (best OVER 7.5),0.43,0.36,0.26,68.0,False,,,,,,,,,,,,,,,,,,,,,,,,,,,,,,,
2026-09-13,823495,NYM,NYY,Cam Schlittler,Christian Scott,0.84,4.436,0.584,0.64,0.38,0.02,CAUTIOUS &mdash; small edge on NYM,0.0,0.84,4.436,0.584,0.02,CAUTIOUS &mdash; small edge on NYM,,2026-09-13T07:09:43+00:00,2.0,False,1.5,0.441,0.299,0.0,8.38,0.535,0.438,0.35,0.015,no edge (best OVER 9.5),0.51,0.42,0.32,77.0,False,,,,,,,,,,,,,,,,,,,,,,,,,,,,,,,
2026-09-13,823658,CLE,MIN,,Tanner Bibee,0.18,4.88,0.517,0.55,0.47,-0.004,NO VALUE at current price,0.0,0.18,4.88,0.517,-0.004,NO VALUE at current price,,2026-09-13T07:09:43+00:00,-7.0,True,1.5,0.394,0.365,0.0,8.94,0.584,0.489,0.401,,,,,,69.0,False,,,,,,,,,,,,,,,,,,,,,,,,,,,,,,,
2026-09-13,823734,CIN,MIL,Robert Gasser,Chase Burns,1.55,4.436,0.651,0.65,0.36,-0.015,NO VALUE at current price,0.0,1.55,4.436,0.651,-0.015,NO VALUE at current price,,2026-09-13T07:09:43+00:00,-1.0,False,1.5,0.504,0.246,0.0,8.82,0.573,0.478,0.39,0.006,no edge (best OVER 7.5),0.55,0.47,0.41,71.0,False,,,,,,,,,,,,,,,,,,,,,,,,,,,,,,,
2026-09-13,823815,LAD,MIA,Eury Pérez,Emmet Sheehan,-0.34,4.436,0.466,0.42,0.59,0.029,CAUTIOUS &mdash; small edge on MIA,0.0,-0.34,4.436,0.466,0.029,CAUTIOUS &mdash; small edge on MIA,,2026-09-13T07:09:43+00:00,2.0,False,1.5,0.339,0.397,0.0,8.76,0.568,0.473,0.384,-0.0,no edge (best UNDER 8.5),0.56,0.49,0.38,88.0,True,,,,,,,,,,,,,,,,,,,,,,,,,,,,,,,
2026-09-13,824225,COL,DET,Jackson Jobe,Gabriel Hughes,0.97,4.436,0.596,0.59,0.42,-0.011,NO VALUE at current price,0.0,0.97,4.436,0.596,-0.011,NO VALUE at current price,,2026-09-13T07:09:43+00:00,7.0,False,1.5,0.453,0.289,0.0,9.48,0.627,0.535,0.447,0.0,no edge (best OVER 7.5),0.61,0.53,0.43,81.0,False,,,,,,,,,,,,,,,,,,,,,,,,,,,,,,,
2026-09-13,824628,PIT,CHC,Matthew Boyd,Bubba Chandler,0.69,4.436,0.568,0.58,0.43,-0.016,NO VALUE at current price,0.0,0.69,4.436,0.568,-0.016,NO VALUE at current price,,2026-09-13T07:09:43+00:00,-1.0,False,1.5,0.427,0.311,0.0,8.94,0.584,0.489,0.401,0.167,OVER 7.5,0.4,0.32,0.24,70.0,False,,,,,,,,,,,,,,,,,,,,,,,,,,,,,,,
2026-09-13,824708,KC,BOS,Payton Tolle,Noah Cameron,1.17,4.436,0.615,0.63,0.38,-0.012,NO VALUE at current price,0.0,1.17,4.436,0.615,-0.012,NO VALUE at current price,,2026-09-13T07:09:43+00:00,3.0,False,1.5,0.471,0.274,0.0,8.65,0.558,0.462,0.374,0.061,OVER 7.5,0.48,0.41,0.31,68.0,False,,,,,,,,,,,,,,,,,,,,,,,,,,,,,,,
2026-09-13,824869,PHI,ATL,Grant Holmes,Andrew Painter,0.0,4.436,0.5,0.55,0.46,0.022,CAUTIOUS &mdash; small edge on PHI,0.0,0.0,4.436,0.5,0.022,CAUTIOUS &mdash; small edge on PHI,,2026-09-13T07:09:43+00:00,-5.0,False,1.5,0.368,0.367,0.0,9.12,0.599,0.505,0.417,0.028,no edge (best UNDER 8.5),0.62,0.55,0.44,83.0,False,,,,,,,,,,,,,,,,,,,,,,,,,,,,,,,
2026-09-13,824952,SEA,ATH,Jacob Lopez,Bryce Miller,-0.17,4.436,0.483,0.43,0.58,0.036,CAUTIOUS &mdash; small edge on ATH,0.0,-0.17,4.436,0.483,0.036,CAUTIOUS &mdash; small edge on ATH,,2026-09-13T07:09:43+00:00,1.0,False,1.5,0.353,0.382,0.0,9.95,0.662,0.574,0.487,0.019,no edge (best UNDER 8.5),0.68,0.61,0.52,79.0,False,,,,,,,,,,,,,,,,,,,,,,,,,,,,,,,
2026-09-13,825033,TEX,AZ,Eduardo Rodriguez,Cal Quantrill,0.39,4.436,0.539,0.58,0.44,0.004,CAUTIOUS &mdash; small edge on TEX,0.0,0.39,4.436,0.539,0.004,CAUTIOUS &mdash; small edge on TEX,,2026-09-13T07:09:43+00:00,-1.0,False,1.5,0.401,0.335,0.0,9.28,0.611,0.519,0.43,0.023,no edge (best OVER 9.5),0.58,0.48,0.39,103.0,True,,,,,,,,,,,,,,,,,,,,,,,,,,,,,,,
2026-09-13,823008,CWS,STL,Michael McGreevy,David Sandlin,-0.3,4.436,0.47,0.49,0.53,-0.017,NO VALUE at current price,0.0,-0.3,4.436,0.47,-0.017,NO VALUE at current price,,2026-09-13T17:59:17+00:00,2.0,False,1.5,0.342,0.393,0.0,9.53,0.631,0.54,0.452,0.025,no edge (best OVER 9.5),0.6,0.53,0.41,82.0,False,,,,,,,,,,,,,,,,,,,,,,,,,,,,,,,
2026-09-13,823171,SD,SF,Logan Webb,Nick Pivetta,-0.56,4.436,0.444,0.46,0.55,-0.011,NO VALUE at current price,0.0,-0.56,4.436,0.444,-0.011,NO VALUE at current price,,2026-09-13T17:59:17+00:00,-2.0,False,1.5,0.321,0.417,0.0,7.85,0.484,0.387,0.302,-0.004,no edge (best UNDER 8.5),0.49,0.4,0.3,68.0,False,,,,,,,,,,,,,,,,,,,,,,,,,,,,,,,
2026-09-13,823658,CLE,MIN,Joe Ryan,Tanner Bibee,0.09,4.436,0.509,0.54,0.47,0.004,CAUTIOUS &mdash; small edge on CLE,0.0,0.09,4.436,0.509,0.004,CAUTIOUS &mdash; small edge on CLE,,2026-09-13T17:59:17+00:00,-7.0,False,1.5,0.375,0.36,0.0,8.96,0.585,0.491,0.403,0.038,no edge (best OVER 7.5),0.53,0.45,0.35,67.0,False,,,,,,,,,,,,,,,,,,,,,,,,,,,,,,,
2026-09-13,823734,CIN,MIL,Robert Gasser,Chase Burns,1.55,4.436,0.651,0.65,0.36,-0.015,NO VALUE at current price,0.0,1.55,4.436,0.651,-0.015,NO VALUE at current price,,2026-09-13T17:59:17+00:00,-1.0,False,1.5,0.504,0.246,0.0,8.74,0.566,0.471,0.383,0.007,no edge (best OVER 9.5),0.55,0.47,0.36,72.0,True,,,,,,,,,,,,,,,,,,,,,,,,,,,,,,,
2026-09-13,824628,PIT,CHC,Matthew Boyd,Bubba Chandler,0.69,4.436,0.568,0.61,0.4,0.015,CAUTIOUS &mdash; small edge on PIT,0.0,0.69,4.436,0.568,0.015,CAUTIOUS &mdash; small edge on PIT,,2026-09-13T17:59:17+00:00,-1.0,False,1.5,0.427,0.311,0.0,8.77,0.569,0.474,0.386,0.112,OVER 7.5,0.44,0.36,0.27,71.0,False,,,,,,,,,,,,,,,,,,,,,,,,,,,,,,,
2026-09-13,824708,KC,BOS,Payton Tolle,Noah Cameron,1.17,4.436,0.615,0.65,0.36,0.008,CAUTIOUS &mdash; small edge on KC,0.0,1.17,4.436,0.615,0.008,CAUTIOUS &mdash; small edge on KC,,2026-09-13T17:59:17+00:00,3.0,False,1.5,0.471,0.274,0.0,8.56,0.55,0.454,0.366,0.043,OVER 7.5,0.49,0.42,0.31,69.0,False,,,,,,,,,,,,,,,,,,,,,,,,,,,,,,,
2026-09-13,824952,SEA,ATH,Jacob Lopez,Bryce Miller,-0.17,4.436,0.483,0.45,0.56,0.016,CAUTIOUS &mdash; small edge on ATH,0.0,-0.17,4.436,0.483,0.016,CAUTIOUS &mdash; small edge on ATH,,2026-09-13T17:59:17+00:00,1.0,False,1.5,0.353,0.382,0.0,9.84,0.654,0.565,0.478,0.001,no edge (best OVER 9.5),0.65,0.57,0.46,77.0,False,,,,,,,,,,,,,,,,,,,,,,,,,,,,,,,
2026-09-13,825033,TEX,AZ,Eduardo Rodriguez,Cal Quantrill,0.39,4.436,0.539,0.55,0.46,-0.016,NO VALUE at current price,0.0,0.39,4.436,0.539,-0.016,NO VALUE at current price,,2026-09-13T17:59:17+00:00,-1.0,False,1.5,0.401,0.335,0.0,9.24,0.609,0.516,0.427,0.041,OVER 9.5,0.56,0.48,0.37,72.0,True,,,,,,,,,,,,,,,,,,,,,,,,,,,,,,,
2026-09-13,823171,SD,SF,Logan Webb,Nick Pivetta,-0.56,4.436,0.444,0.46,0.55,-0.011,NO VALUE at current price,0.0,-0.56,4.436,0.444,-0.011,NO VALUE at current price,,2026-09-13T18:57:00+00:00,-2.0,False,1.5,0.321,0.416,0.0,7.86,0.484,0.388,0.302,-0.005,no edge (best UNDER 8.5),0.49,0.4,0.3,68.0,False,,,,,,,,,,,,,,,,,,,,,,,,,,,,,,,
2026-09-13,824708,KC,BOS,Payton Tolle,Noah Cameron,1.17,4.436,0.615,0.65,0.37,-0.002,NO VALUE at current price,0.0,1.17,4.436,0.615,-0.002,NO VALUE at current price,,2026-09-13T18:57:00+00:00,3.0,False,1.5,0.471,0.273,0.0,8.57,0.551,0.455,0.367,0.044,OVER 7.5,0.49,0.42,0.31,69.0,False,,,,,,,,,,,,,,,,,,,,,,,,,,,,,,,
2026-09-13,824952,SEA,ATH,Jacob Lopez,Bryce Miller,-0.17,4.436,0.483,0.46,0.55,0.005,CAUTIOUS &mdash; small edge on ATH,0.0,-0.17,4.436,0.483,0.005,CAUTIOUS &mdash; small edge on ATH,,2026-09-13T18:57:00+00:00,1.0,False,1.5,0.353,0.383,0.0,9.84,0.654,0.565,0.478,0.011,no edge (best OVER 9.5),0.64,0.56,0.45,77.0,False,,,,,,,,,,,,,,,,,,,,,,,,,,,,,,,
2026-09-13,825033,TEX,AZ,Eduardo Rodriguez,Cal Quantrill,0.39,4.436,0.539,0.55,0.46,-0.016,NO VALUE at current price,0.0,0.39,4.436,0.539,-0.016,NO VALUE at current price,,2026-09-13T18:57:00+00:00,-1.0,False,1.5,0.401,0.335,0.0,9.25,0.609,0.516,0.428,0.042,OVER 9.5,0.56,0.48,0.37,72.0,True,,,,,,,,,,,,,,,,,,,,,,,,,,,,,,,
2026-09-13,823171,SD,SF,Logan Webb,Nick Pivetta,-0.57,4.437,0.443,0.44,0.57,-0.014,NO VALUE at current price,0.0,-0.57,4.437,0.443,-0.014,NO VALUE at current price,,2026-09-13T21:51:53+00:00,-2.0,False,1.5,0.32,0.417,0.0,8.05,0.503,0.406,0.319,0.004,no edge (best OVER 9.5),0.49,0.4,0.3,64.0,False,,,,,,,,,,,,,,,,,,,,,,,,,,,,,,,
2026-09-14,822765,DET,TOR,José Soriano,Troy Melton,-0.3,4.436,0.47,0.56,0.45,0.062,HIGH VALUE &mdash; DET,0.0,-0.3,4.436,0.47,0.062,HIGH VALUE &mdash; DET,,2026-09-14T07:33:01+00:00,-1.0,False,1.5,0.343,0.393,0.0,8.14,0.512,0.415,0.328,-0.002,no edge (best UNDER 8.5),0.51,0.43,0.32,61.0,False,,,,,,,,,,,,,,,,,,,,,,,,,,,,,,,
2026-09-14,823006,SF,STL,Quinn Mathews,Landen Roupp,0.44,4.436,0.543,0.56,0.45,-0.011,NO VALUE at current price,0.0,0.44,4.436,0.543,-0.011,NO VALUE at current price,,2026-09-14T07:33:01+00:00,1.0,False,1.5,0.405,0.331,0.0,9.5,0.629,0.537,0.449,0.082,OVER 7.5,0.53,0.45,0.36,82.0,False,,,,,,,,,,,,,,,,,,,,,,,,,,,,,,,
2026-09-14,823575,BAL,NYM,Jonah Tong,Brandon Young,0.07,4.436,0.507,0.54,0.47,0.005,CAUTIOUS &mdash; small edge on BAL,0.0,0.07,4.436,0.507,0.005,CAUTIOUS &mdash; small edge on BAL,,2026-09-14T07:33:01+00:00,-1.0,False,1.5,0.374,0.361,0.0,8.68,0.561,0.465,0.377,0.004,no edge (best OVER 7.5),0.54,0.45,0.36,64.0,False,,,,,,,,,,,,,,,,,,,,,,,,,,,,,,,
2026-09-14,823656,NYY,MIN,Dean Kremer,Will Warren,-0.84,4.436,0.417,0.45,0.56,0.006,CAUTIOUS &mdash; small edge on NYY,0.0,-0.84,4.436,0.417,0.006,CAUTIOUS &mdash; small edge on NYY,,2026-09-14T07:33:01+00:00,-5.0,False,1.5,0.299,0.441,0.0,8.65,0.559,0.463,0.375,0.019,no edge (best UNDER 8.5),0.58,0.5,0.39,60.0,False,,,,,,,,,,,,,,,,,,,,,,,,,,,,,,,
2026-09-14,823981,SEA,LAA,Reid Detmers,Kade Anderson,0.34,4.436,0.534,0.49,0.52,0.026,CAUTIOUS &mdash; small edge on LAA,0.0,0.34,4.436,0.534,0.026,CAUTIOUS &mdash; small edge on LAA,,2026-09-14T07:33:01+00:00,2.0,False,1.5,0.397,0.339,0.0,8.58,0.553,0.457,0.368,0.016,no edge (best OVER 7.5),0.52,0.45,0.35,71.0,False,,,,,,,,,,,,,,,,,,,,,,,,,,,,,,,
2026-09-14,824308,SD,COL,Tomoyuki Sugano,Casey Mize,-1.25,4.436,0.377,0.38,0.64,-0.019,NO VALUE at current price,0.0,-1.25,4.436,0.377,-0.019,NO VALUE at current price,,2026-09-14T07:33:01+00:00,-1.0,False,1.5,0.268,0.477,0.0,11.29,0.746,0.669,0.589,0.027,no edge (best UNDER 8.5),0.77,0.71,0.62,77.0,False,,,,,,,,,,,,,,,,,,,,,,,,,,,,,,,
2026-09-14,824386,CWS,CLE,Gavin Williams,Sean Newcomb,0.07,4.436,0.507,0.59,0.42,0.056,HIGH VALUE &mdash; CWS,0.0,0.07,4.436,0.507,0.056,HIGH VALUE &mdash; CWS,,2026-09-14T07:33:01+00:00,-4.0,False,1.5,0.373,0.362,0.0,7.82,0.481,0.384,0.299,0.034,no edge (best OVER 7.5),0.43,0.36,0.27,65.0,False,,,,,,,,,,,,,,,,,,,,,,,,,,,,,,,
2026-09-14,824465,LAD,CIN,Nick Lodolo,Tarik Skubal,-1.81,4.436,0.325,0.34,0.68,-0.02,NO VALUE at current price,0.0,-1.81,4.436,0.325,-0.02,NO VALUE at current price,,2026-09-14T07:33:01+00:00,-3.0,False,1.5,0.228,0.528,0.0,9.07,0.595,0.501,0.412,0.038,no edge (best OVER 7.5),0.54,0.46,0.36,75.0,False,,,,,,,,,,,,,,,,,,,,,,,,,,,,,,,
2026-09-14,824629,ATL,CHC,David Peterson,Reynaldo López,0.55,4.436,0.555,0.56,0.46,-0.022,NO VALUE at current price,0.0,0.55,4.436,0.555,-0.022,NO VALUE at current price,,2026-09-14T07:33:01+00:00,4.0,False,1.5,0.415,0.322,0.0,8.67,0.561,0.465,0.377,0.108,UNDER 8.5,0.67,0.59,0.5,69.0,False,,,,,,,,,,,,,,,,,,,,,,,,,,,,,,,
2026-09-14,825034,MIA,AZ,Corbin Burnes,Sandy Alcantara,-0.08,4.436,0.492,0.56,0.45,0.041,HIGH VALUE &mdash; MIA,0.0,-0.08,4.436,0.492,0.041,HIGH VALUE &mdash; MIA,,2026-09-14T07:33:01+00:00,1.0,False,1.5,0.361,0.374,0.0,9.23,0.607,0.514,0.426,0.05,OVER 9.5,0.54,0.47,0.36,89.0,True,,,,,,,,,,,,,,,,,,,,,,,,,,,,,,,
2026-09-14,822765,DET,TOR,José Soriano,Troy Melton,-0.3,4.436,0.47,0.56,0.45,0.062,HIGH VALUE &mdash; DET,0.0,-0.3,4.436,0.47,0.062,HIGH VALUE &mdash; DET,,2026-09-14T14:47:52+00:00,-1.0,False,1.5,0.343,0.393,0.0,8.14,0.512,0.415,0.328,-0.005,no edge (best OVER 7.5),0.5,0.41,0.32,61.0,False,,,,,,,,,,,,,,,,,,,,,,,,,,,,,,,
2026-09-14,823006,SF,STL,Quinn Mathews,Landen Roupp,0.44,4.436,0.543,0.57,0.44,-0.001,NO VALUE at current price,0.0,0.44,4.436,0.543,-0.001,NO VALUE at current price,,2026-09-14T14:47:52+00:00,1.0,False,1.5,0.405,0.331,0.0,9.5,0.629,0.537,0.449,0.093,OVER 9.5,0.54,0.46,0.34,82.0,False,,,,,,,,,,,,,,,,,,,,,,,,,,,,,,,
2026-09-14,823575,BAL,NYM,Jonah Tong,Brandon Young,0.07,4.436,0.507,0.54,0.47,0.005,CAUTIOUS &mdash; small edge on BAL,0.0,0.07,4.436,0.507,0.005,CAUTIOUS &mdash; small edge on BAL,,2026-09-14T14:47:52+00:00,-1.0,False,1.5,0.374,0.361,0.0,8.71,0.563,0.468,0.379,0.006,no edge (best OVER 7.5),0.54,0.46,0.36,65.0,False,,,,,,,,,,,,,,,,,,,,,,,,,,,,,,,
2026-09-14,823656,NYY,MIN,Dean Kremer,Will Warren,-0.84,4.436,0.417,0.46,0.54,0.026,CAUTIOUS &mdash; small edge on NYY,0.0,-0.84,4.436,0.417,0.026,CAUTIOUS &mdash; small edge on NYY,,2026-09-14T14:47:52+00:00,-5.0,False,1.5,0.299,0.441,0.0,8.68,0.562,0.466,0.378,-0.003,no edge (best UNDER 8.5),0.57,0.48,0.38,61.0,False,,,,,,,,,,,,,,,,,,,,,,,,,,,,,,,
2026-09-14,823981,SEA,LAA,Reid Detmers,Kade Anderson,0.34,4.436,0.534,0.5,0.52,0.016,CAUTIOUS &mdash; small edge on LAA,0.0,0.34,4.436,0.534,0.016,CAUTIOUS &mdash; small edge on LAA,,2026-09-14T14:47:52+00:00,2.0,False,1.5,0.397,0.339,0.0,8.58,0.553,0.457,0.368,0.026,no edge (best OVER 7.5),0.51,0.43,0.33,71.0,False,,,,,,,,,,,,,,,,,,,,,,,,,,,,,,,
2026-09-14,824308,SD,COL,Tomoyuki Sugano,Casey Mize,-1.25,4.436,0.377,0.35,0.66,0.011,CAUTIOUS &mdash; small edge on COL,0.0,-1.25,4.436,0.377,0.011,CAUTIOUS &mdash; small edge on COL,,2026-09-14T14:47:52+00:00,-1.0,False,1.5,0.268,0.477,0.0,11.45,0.754,0.679,0.6,0.027,no edge (best UNDER 8.5),0.79,0.72,0.63,81.0,False,,,,,,,,,,,,,,,,,,,,,,,,,,,,,,,
2026-09-14,824386,CWS,CLE,Gavin Williams,Sean Newcomb,0.07,4.436,0.507,0.59,0.42,0.056,HIGH VALUE &mdash; CWS,0.0,0.07,4.436,0.507,0.056,HIGH VALUE &mdash; CWS,,2026-09-14T14:47:52+00:00,-4.0,False,1.5,0.373,0.362,0.0,7.85,0.483,0.387,0.301,0.036,no edge (best OVER 7.5),0.43,0.35,0.26,66.0,False,,,,,,,,,,,,,,,,,,,,,,,,,,,,,,,
2026-09-14,824465,LAD,CIN,Nick Lodolo,Tarik Skubal,-1.81,4.436,0.325,0.34,0.68,-0.02,NO VALUE at current price,0.0,-1.81,4.436,0.325,-0.02,NO VALUE at current price,,2026-09-14T14:47:52+00:00,-3.0,False,1.5,0.228,0.528,0.0,9.07,0.595,0.501,0.412,0.077,OVER 7.5,0.5,0.43,0.34,75.0,False,,,,,,,,,,,,,,,,,,,,,,,,,,,,,,,
2026-09-14,824629,ATL,CHC,David Peterson,Reynaldo López,0.55,4.436,0.555,0.56,0.45,-0.022,NO VALUE at current price,0.0,0.55,4.436,0.555,-0.022,NO VALUE at current price,,2026-09-14T14:47:52+00:00,4.0,False,1.5,0.415,0.322,0.0,8.64,0.558,0.462,0.374,0.129,UNDER 9.5,0.67,0.6,0.52,68.0,False,,,,,,,,,,,,,,,,,,,,,,,,,,,,,,,
2026-09-14,825034,MIA,AZ,Corbin Burnes,Sandy Alcantara,-0.08,4.436,0.492,0.55,0.46,0.031,CAUTIOUS &mdash; small edge on MIA,0.0,-0.08,4.436,0.492,0.031,CAUTIOUS &mdash; small edge on MIA,,2026-09-14T14:47:52+00:00,1.0,False,1.5,0.361,0.374,0.0,9.23,0.607,0.514,0.426,0.05,OVER 9.5,0.55,0.48,0.36,99.0,True,,,,,,,,,,,,,,,,,,,,,,,,,,,,,,,
2026-09-14,822765,DET,TOR,José Soriano,Troy Melton,-0.3,4.436,0.47,0.56,0.45,0.062,HIGH VALUE &mdash; DET,0.0,-0.3,4.436,0.47,0.062,HIGH VALUE &mdash; DET,,2026-09-14T14:57:56+00:00,-1.0,False,1.5,0.343,0.393,0.0,8.14,0.512,0.415,0.328,-0.005,no edge (best OVER 7.5),0.5,0.42,0.32,61.0,False,,,,,,,,,,,,,,,,,,,,,,,,,,,,,,,
2026-09-14,823006,SF,STL,Quinn Mathews,Landen Roupp,0.44,4.436,0.543,0.57,0.44,-0.001,NO VALUE at current price,0.0,0.44,4.436,0.543,-0.001,NO VALUE at current price,,2026-09-14T14:57:56+00:00,1.0,False,1.5,0.405,0.331,0.0,9.5,0.629,0.537,0.449,0.083,OVER 9.5,0.54,0.46,0.35,82.0,False,,,,,,,,,,,,,,,,,,,,,,,,,,,,,,,
2026-09-14,823575,BAL,NYM,Jonah Tong,Brandon Young,0.07,4.436,0.507,0.54,0.47,0.005,CAUTIOUS &mdash; small edge on BAL,0.0,0.07,4.436,0.507,0.005,CAUTIOUS &mdash; small edge on BAL,,2026-09-14T14:57:56+00:00,-1.0,False,1.5,0.374,0.361,0.0,8.71,0.563,0.468,0.379,0.006,no edge (best OVER 7.5),0.54,0.46,0.36,65.0,False,,,,,,,,,,,,,,,,,,,,,,,,,,,,,,,
2026-09-14,823656,NYY,MIN,Dean Kremer,Will Warren,-0.84,4.436,0.417,0.47,0.54,0.026,CAUTIOUS &mdash; small edge on NYY,0.0,-0.84,4.436,0.417,0.026,CAUTIOUS &mdash; small edge on NYY,,2026-09-14T14:57:56+00:00,-5.0,False,1.5,0.299,0.441,0.0,8.68,0.562,0.466,0.378,-0.003,no edge (best UNDER 8.5),0.57,0.48,0.38,61.0,False,,,,,,,,,,,,,,,,,,,,,,,,,,,,,,,
2026-09-14,823981,SEA,LAA,Reid Detmers,Kade Anderson,0.34,4.436,0.534,0.5,0.51,0.016,CAUTIOUS &mdash; small edge on LAA,0.0,0.34,4.436,0.534,0.016,CAUTIOUS &mdash; small edge on LAA,,2026-09-14T14:57:56+00:00,2.0,False,1.5,0.397,0.339,0.0,8.61,0.555,0.459,0.371,0.028,no edge (best OVER 7.5),0.51,0.43,0.33,72.0,False,,,,,,,,,,,,,,,,,,,,,,,,,,,,,,,
2026-09-14,824308,SD,COL,Tomoyuki Sugano,Casey Mize,-1.25,4.436,0.377,0.35,0.66,0.011,CAUTIOUS &mdash; small edge on COL,0.0,-1.25,4.436,0.377,0.011,CAUTIOUS &mdash; small edge on COL,,2026-09-14T14:57:56+00:00,-1.0,False,1.5,0.268,0.477,0.0,11.45,0.754,0.679,0.6,0.027,no edge (best UNDER 8.5),0.79,0.72,0.63,81.0,False,,,,,,,,,,,,,,,,,,,,,,,,,,,,,,,
2026-09-14,824386,CWS,CLE,Gavin Williams,Sean Newcomb,0.07,4.436,0.507,0.59,0.42,0.056,HIGH VALUE &mdash; CWS,0.0,0.07,4.436,0.507,0.056,HIGH VALUE &mdash; CWS,,2026-09-14T14:57:56+00:00,-4.0,False,1.5,0.373,0.362,0.0,7.82,0.481,0.384,0.299,0.034,no edge (best OVER 7.5),0.43,0.35,0.26,65.0,False,,,,,,,,,,,,,,,,,,,,,,,,,,,,,,,
2026-09-14,824465,LAD,CIN,Nick Lodolo,Tarik Skubal,-1.81,4.436,0.325,0.34,0.67,-0.011,NO VALUE at current price,0.0,-1.81,4.436,0.325,-0.011,NO VALUE at current price,,2026-09-14T14:57:56+00:00,-3.0,False,1.5,0.228,0.528,0.0,9.04,0.592,0.498,0.41,0.074,OVER 7.5,0.5,0.42,0.34,74.0,False,,,,,,,,,,,,,,,,,,,,,,,,,,,,,,,
2026-09-14,824629,ATL,CHC,David Peterson,Reynaldo López,0.55,4.436,0.555,0.56,0.45,-0.022,NO VALUE at current price,0.0,0.55,4.436,0.555,-0.022,NO VALUE at current price,,2026-09-14T14:57:56+00:00,4.0,False,1.5,0.415,0.322,0.0,8.64,0.558,0.462,0.374,0.129,UNDER 9.5,0.67,0.6,0.52,68.0,False,,,,,,,,,,,,,,,,,,,,,,,,,,,,,,,
2026-09-14,825034,MIA,AZ,Corbin Burnes,Sandy Alcantara,-0.08,4.436,0.492,0.55,0.46,0.031,CAUTIOUS &mdash; small edge on MIA,0.0,-0.08,4.436,0.492,0.031,CAUTIOUS &mdash; small edge on MIA,,2026-09-14T14:57:56+00:00,1.0,False,1.5,0.361,0.374,0.0,9.23,0.607,0.514,0.426,0.05,OVER 9.5,0.55,0.48,0.36,95.0,True,,,,,,,,,,,,,,,,,,,,,,,,,,,,,,,
2026-09-14,822765,DET,TOR,José Soriano,Troy Melton,-0.3,4.436,0.47,0.57,0.44,0.072,HIGH VALUE &mdash; DET,0.0,-0.3,4.436,0.47,0.072,HIGH VALUE &mdash; DET,,2026-09-14T19:46:53+00:00,-1.0,False,1.5,0.343,0.393,0.0,8.39,0.535,0.439,0.351,0.026,no edge (best OVER 9.5),0.5,0.41,0.31,72.0,True,,,,,,,,,,,,,,,,,,,,,,,,,,,,,,,
2026-09-14,823006,SF,STL,Quinn Mathews,Landen Roupp,0.44,4.436,0.543,0.58,0.43,0.009,CAUTIOUS &mdash; small edge on SF,0.0,0.44,4.436,0.543,0.009,CAUTIOUS &mdash; small edge on SF,,2026-09-14T19:46:53+00:00,1.0,False,1.5,0.405,0.331,0.0,9.62,0.638,0.547,0.459,0.093,OVER 9.5,0.54,0.45,0.35,86.0,False,,,,,,,,,,,,,,,,,,,,,,,,,,,,,,,
2026-09-14,823575,BAL,NYM,Jonah Tong,Brandon Young,0.07,4.436,0.507,0.57,0.44,0.035,CAUTIOUS &mdash; small edge on BAL,0.0,0.07,4.436,0.507,0.035,CAUTIOUS &mdash; small edge on BAL,,2026-09-14T19:46:53+00:00,-1.0,False,1.5,0.374,0.361,0.0,8.7,0.563,0.468,0.379,0.003,no edge (best OVER 9.5),0.55,0.46,0.36,70.0,False,,,,,,,,,,,,,,,,,,,,,,,,,,,,,,,
2026-09-14,823656,NYY,MIN,Dean Kremer,Will Warren,-0.84,4.436,0.417,0.47,0.54,0.026,CAUTIOUS &mdash; small edge on NYY,0.0,-0.84,4.436,0.417,0.026,CAUTIOUS &mdash; small edge on NYY,,2026-09-14T19:46:53+00:00,-5.0,False,1.5,0.299,0.441,0.0,8.62,0.556,0.46,0.372,0.003,no edge (best UNDER 8.5),0.56,0.48,0.38,59.0,False,,,,,,,,,,,,,,,,,,,,,,,,,,,,,,,
2026-09-14,823981,SEA,LAA,Reid Detmers,Kade Anderson,0.34,4.436,0.534,0.5,0.51,0.016,CAUTIOUS &mdash; small edge on LAA,0.0,0.34,4.436,0.534,0.016,CAUTIOUS &mdash; small edge on LAA,,2026-09-14T19:46:53+00:00,2.0,False,1.5,0.397,0.339,0.0,8.6,0.554,0.459,0.37,0.047,OVER 7.5,0.49,0.42,0.32,72.0,False,,,,,,,,,,,,,,,,,,,,,,,,,,,,,,,
2026-09-14,824308,SD,COL,Tomoyuki Sugano,Casey Mize,-1.25,4.436,0.377,0.35,0.66,0.011,CAUTIOUS &mdash; small edge on COL,0.0,-1.25,4.436,0.377,0.011,CAUTIOUS &mdash; small edge on COL,,2026-09-14T19:46:53+00:00,-1.0,False,1.5,0.268,0.477,0.0,11.56,0.76,0.685,0.607,0.021,no edge (best UNDER 8.5),0.79,0.72,0.63,84.0,False,,,,,,,,,,,,,,,,,,,,,,,,,,,,,,,
2026-09-14,824386,CWS,CLE,Gavin Williams,Sean Newcomb,0.07,4.436,0.507,0.6,0.41,0.066,HIGH VALUE &mdash; CWS,0.0,0.07,4.436,0.507,0.066,HIGH VALUE &mdash; CWS,,2026-09-14T19:46:53+00:00,-4.0,False,1.5,0.373,0.362,0.0,7.77,0.475,0.379,0.294,0.028,no edge (best OVER 7.5),0.43,0.35,0.26,66.0,False,,,,,,,,,,,,,,,,,,,,,,,,,,,,,,,
2026-09-14,824465,LAD,CIN,Nick Lodolo,Tarik Skubal,-1.81,4.436,0.325,0.34,0.67,-0.011,NO VALUE at current price,0.0,-1.81,4.436,0.325,-0.011,NO VALUE at current price,,2026-09-14T19:46:53+00:00,-3.0,False,1.5,0.228,0.528,0.0,8.98,0.587,0.492,0.404,0.069,OVER 7.5,0.5,0.43,0.32,75.0,False,,,,,,,,,,,,,,,,,,,,,,,,,,,,,,,
2026-09-14,824629,ATL,CHC,David Peterson,Reynaldo López,0.55,4.436,0.555,0.56,0.45,-0.022,NO VALUE at current price,0.0,0.55,4.436,0.555,-0.022,NO VALUE at current price,,2026-09-14T19:46:53+00:00,4.0,False,1.5,0.415,0.322,0.0,8.66,0.56,0.464,0.376,0.129,UNDER 8.5,0.68,0.61,0.52,69.0,False,,,,,,,,,,,,,,,,,,,,,,,,,,,,,,,
2026-09-14,825034,MIA,AZ,Corbin Burnes,Sandy Alcantara,-0.08,4.436,0.492,0.55,0.46,0.031,CAUTIOUS &mdash; small edge on MIA,0.0,-0.08,4.436,0.492,0.031,CAUTIOUS &mdash; small edge on MIA,,2026-09-14T19:46:53+00:00,1.0,False,1.5,0.361,0.374,0.0,9.22,0.607,0.514,0.425,0.039,no edge (best OVER 9.5),0.57,0.49,0.37,101.0,True,,,,,,,,,,,,,,,,,,,,,,,,,,,,,,,
2026-09-14,822765,DET,TOR,José Soriano,Troy Melton,-0.3,4.436,0.47,0.57,0.44,0.072,HIGH VALUE &mdash; DET,0.0,-0.3,4.436,0.47,0.072,HIGH VALUE &mdash; DET,,2026-09-14T20:29:20+00:00,-1.0,False,1.5,0.343,0.393,0.0,8.38,0.534,0.438,0.35,0.017,no edge (best OVER 7.5),0.5,0.41,0.32,72.0,True,,,,,,,,,,,,,,,,,,,,,,,,,,,,,,,
2026-09-14,823006,SF,STL,Quinn Mathews,Landen Roupp,0.44,4.436,0.543,0.58,0.43,0.009,CAUTIOUS &mdash; small edge on SF,0.0,0.44,4.436,0.543,0.009,CAUTIOUS &mdash; small edge on SF,,2026-09-14T20:29:20+00:00,1.0,False,1.5,0.405,0.331,0.0,9.61,0.637,0.546,0.459,0.093,OVER 9.5,0.54,0.46,0.35,86.0,False,,,,,,,,,,,,,,,,,,,,,,,,,,,,,,,
2026-09-14,823575,BAL,NYM,Jonah Tong,Brandon Young,0.07,4.436,0.507,0.58,0.44,0.035,CAUTIOUS &mdash; small edge on BAL,0.0,0.07,4.436,0.507,0.035,CAUTIOUS &mdash; small edge on BAL,,2026-09-14T20:29:20+00:00,-1.0,False,1.5,0.374,0.361,0.0,8.7,0.563,0.467,0.379,-0.004,no edge (best OVER 7.5),0.55,0.47,0.37,70.0,False,,,,,,,,,,,,,,,,,,,,,,,,,,,,,,,
2026-09-14,823656,NYY,MIN,Dean Kremer,Will Warren,-0.84,4.436,0.417,0.47,0.54,0.026,CAUTIOUS &mdash; small edge on NYY,0.0,-0.84,4.436,0.417,0.026,CAUTIOUS &mdash; small edge on NYY,,2026-09-14T20:29:20+00:00,-5.0,False,1.5,0.299,0.441,0.0,8.61,0.555,0.459,0.371,0.004,no edge (best UNDER 8.5),0.56,0.48,0.38,59.0,False,,,,,,,,,,,,,,,,,,,,,,,,,,,,,,,
2026-09-14,823981,SEA,LAA,Reid Detmers,Kade Anderson,0.34,4.436,0.534,0.5,0.51,0.016,CAUTIOUS &mdash; small edge on LAA,0.0,0.34,4.436,0.534,0.016,CAUTIOUS &mdash; small edge on LAA,,2026-09-14T20:29:20+00:00,2.0,False,1.5,0.397,0.339,0.0,8.6,0.554,0.458,0.37,0.047,OVER 7.5,0.49,0.42,0.32,72.0,False,,,,,,,,,,,,,,,,,,,,,,,,,,,,,,,
2026-09-14,824308,SD,COL,Tomoyuki Sugano,Casey Mize,-1.25,4.436,0.377,0.35,0.66,0.011,CAUTIOUS &mdash; small edge on COL,0.0,-1.25,4.436,0.377,0.011,CAUTIOUS &mdash; small edge on COL,,2026-09-14T20:29:20+00:00,-1.0,False,1.5,0.268,0.477,0.0,11.55,0.76,0.685,0.607,0.031,no edge (best UNDER 8.5),0.79,0.73,0.63,84.0,False,,,,,,,,,,,,,,,,,,,,,,,,,,,,,,,
2026-09-14,824386,CWS,CLE,Gavin Williams,Sean Newcomb,0.07,4.436,0.507,0.6,0.41,0.066,HIGH VALUE &mdash; CWS,0.0,0.07,4.436,0.507,0.066,HIGH VALUE &mdash; CWS,,2026-09-14T20:29:20+00:00,-4.0,False,1.5,0.373,0.362,0.0,7.76,0.474,0.378,0.293,0.027,no edge (best OVER 7.5),0.43,0.35,0.26,66.0,False,,,,,,,,,,,,,,,,,,,,,,,,,,,,,,,
2026-09-14,824465,LAD,CIN,Nick Lodolo,Tarik Skubal,-1.81,4.436,0.325,0.34,0.67,-0.011,NO VALUE at current price,0.0,-1.81,4.436,0.325,-0.011,NO VALUE at current price,,2026-09-14T20:29:20+00:00,-3.0,False,1.5,0.228,0.528,0.0,8.97,0.586,0.491,0.403,0.068,OVER 7.5,0.5,0.43,0.33,75.0,False,,,,,,,,,,,,,,,,,,,,,,,,,,,,,,,
2026-09-14,824629,ATL,CHC,David Peterson,Reynaldo López,0.55,4.436,0.555,0.55,0.46,-0.012,NO VALUE at current price,0.0,0.55,4.436,0.555,-0.012,NO VALUE at current price,,2026-09-14T20:29:20+00:00,4.0,False,1.5,0.415,0.322,0.0,8.71,0.564,0.469,0.38,0.124,UNDER 8.5,0.67,0.61,0.5,71.0,False,,,,,,,,,,,,,,,,,,,,,,,,,,,,,,,
2026-09-14,825034,MIA,AZ,Corbin Burnes,Sandy Alcantara,-0.08,4.436,0.492,0.55,0.46,0.031,CAUTIOUS &mdash; small edge on MIA,0.0,-0.08,4.436,0.492,0.031,CAUTIOUS &mdash; small edge on MIA,,2026-09-14T20:29:20+00:00,1.0,False,1.5,0.361,0.374,0.0,9.21,0.606,0.513,0.425,0.039,no edge (best OVER 9.5),0.57,0.49,0.37,101.0,True,,,,,,,,,,,,,,,,,,,,,,,,,,,,,,,
2026-09-14,822765,DET,TOR,José Soriano,Troy Melton,-0.3,4.436,0.47,0.57,0.44,0.072,HIGH VALUE &mdash; DET,0.0,-0.3,4.436,0.47,0.072,HIGH VALUE &mdash; DET,,2026-09-14T22:49:23+00:00,-1.0,False,1.5,0.343,0.393,0.0,8.41,0.537,0.441,0.353,0.02,no edge (best OVER 7.5),0.5,0.42,0.32,67.0,False,,,,,,,,,,,,,,,,,,,,,,,,,,,,,,,
2026-09-14,823006,SF,STL,Quinn Mathews,Landen Roupp,0.44,4.436,0.543,0.58,0.43,0.009,CAUTIOUS &mdash; small edge on SF,0.0,0.44,4.436,0.543,0.009,CAUTIOUS &mdash; small edge on SF,,2026-09-14T22:49:23+00:00,1.0,False,1.5,0.405,0.331,0.0,9.6,0.636,0.546,0.458,0.092,OVER 9.5,0.53,0.46,0.35,86.0,False,,,,,,,,,,,,,,,,,,,,,,,,,,,,,,,
2026-09-14,823575,BAL,NYM,Jonah Tong,Brandon Young,0.07,4.436,0.507,0.58,0.43,0.045,HIGH VALUE &mdash; BAL,0.0,0.07,4.436,0.507,0.045,HIGH VALUE &mdash; BAL,,2026-09-14T22:49:23+00:00,-1.0,False,1.5,0.374,0.361,0.0,8.69,0.562,0.466,0.378,-0.003,no edge (best UNDER 8.5),0.55,0.48,0.37,70.0,False,,,,,,,,,,,,,,,,,,,,,,,,,,,,,,,
2026-09-14,823656,NYY,MIN,Dean Kremer,Will Warren,-0.84,4.436,0.417,0.47,0.54,0.026,CAUTIOUS &mdash; small edge on NYY,0.0,-0.84,4.436,0.417,0.026,CAUTIOUS &mdash; small edge on NYY,,2026-09-14T22:49:23+00:00,-5.0,False,1.5,0.299,0.441,0.0,8.34,0.53,0.434,0.346,0.039,no edge (best UNDER 8.5),0.57,0.49,0.38,57.0,False,,,,,,,,,,,,,,,,,,,,,,,,,,,,,,,
2026-09-14,823981,SEA,LAA,Reid Detmers,Kade Anderson,0.34,4.436,0.534,0.5,0.51,0.016,CAUTIOUS &mdash; small edge on LAA,0.0,0.34,4.436,0.534,0.016,CAUTIOUS &mdash; small edge on LAA,,2026-09-14T22:49:23+00:00,2.0,False,1.5,0.397,0.339,0.0,8.83,0.574,0.479,0.391,0.056,OVER 7.5,0.5,0.42,0.33,76.0,False,,,,,,,,,,,,,,,,,,,,,,,,,,,,,,,
2026-09-14,824308,SD,COL,Tomoyuki Sugano,Casey Mize,-1.25,4.436,0.377,0.34,0.66,0.021,CAUTIOUS &mdash; small edge on COL,0.0,-1.25,4.436,0.377,0.021,CAUTIOUS &mdash; small edge on COL,,2026-09-14T22:49:23+00:00,-1.0,False,1.5,0.268,0.477,0.0,11.54,0.759,0.684,0.606,0.032,no edge (best UNDER 8.5),0.79,0.73,0.62,84.0,False,,,,,,,,,,,,,,,,,,,,,,,,,,,,,,,
2026-09-14,824629,ATL,CHC,David Peterson,Reynaldo López,0.55,4.436,0.555,0.56,0.46,-0.022,NO VALUE at current price,0.0,0.55,4.436,0.555,-0.022,NO VALUE at current price,,2026-09-14T22:49:23+00:00,4.0,False,1.5,0.415,0.322,0.0,8.71,0.563,0.468,0.38,0.115,UNDER 8.5,0.67,0.6,0.49,71.0,False,,,,,,,,,,,,,,,,,,,,,,,,,,,,,,,
2026-09-14,825034,MIA,AZ,Corbin Burnes,Sandy Alcantara,-0.08,4.436,0.492,0.55,0.46,0.031,CAUTIOUS &mdash; small edge on MIA,0.0,-0.08,4.436,0.492,0.031,CAUTIOUS &mdash; small edge on MIA,,2026-09-14T22:49:23+00:00,1.0,False,1.5,0.361,0.374,0.0,9.21,0.606,0.512,0.424,0.038,no edge (best OVER 9.5),0.57,0.49,0.37,73.0,True,,,,,,,,,,,,,,,,,,,,,,,,,,,,,,,
2026-09-15,822683,PHI,WSH,Jackson Kent,Cristopher Sánchez,-0.75,4.435,0.425,0.35,0.66,0.059,HIGH VALUE &mdash; WSH,0.0,-0.75,4.435,0.425,0.059,HIGH VALUE &mdash; WSH,,2026-09-15T07:09:34+00:00,3.0,False,1.5,0.306,0.433,0.0,8.98,0.587,0.493,0.404,0.018,no edge (best OVER 9.5),0.56,0.47,0.37,74.0,False,,,,,,,,,,,,,,,,,,,,,,,,,,,,,,,
2026-09-15,822762,DET,TOR,Braydon Fisher,Drew Anderson,-0.32,4.435,0.468,0.56,0.45,0.065,HIGH VALUE &mdash; DET,0.0,-0.32,4.435,0.468,0.065,HIGH VALUE &mdash; DET,,2026-09-15T07:09:34+00:00,-9.0,False,1.5,0.341,0.395,0.0,8.53,0.548,0.452,0.363,0.011,no edge (best UNDER 8.5),0.57,0.48,0.38,70.0,False,,,,,,,,,,,,,,,,,,,,,,,,,,,,,,,
2026-09-15,822849,BOS,TEX,,Patrick Sandoval,-0.64,4.878,0.442,0.49,0.52,0.02,CAUTIOUS &mdash; small edge on BOS,0.0,-0.64,4.878,0.442,0.02,CAUTIOUS &mdash; small edge on BOS,,2026-09-15T07:09:34+00:00,2.0,True,1.5,0.331,0.43,0.0,8.34,0.53,0.434,0.346,,,,,,94.0,True,,,,,,,,,,,,,,,,,,,,,,,,,,,,,,,
2026-09-15,822925,ATH,TB,Griffin Jax,Jack Perkins,1.52,4.435,0.648,0.68,0.33,0.007,CAUTIOUS &mdash; small edge on ATH,0.0,1.52,4.435,0.648,0.007,CAUTIOUS &mdash; small edge on ATH,,2026-09-15T07:09:34+00:00,1.0,False,1.5,0.501,0.248,0.0,8.57,0.552,0.456,0.368,-0.005,no edge (best OVER 7.5),0.54,0.46,0.36,81.0,True,,,,,,,,,,,,,,,,,,,,,,,,,,,,,,,
2026-09-15,823007,SF,STL,Andre Pallante,Blade Tidwell,0.23,4.435,0.523,0.6,0.41,0.05,HIGH VALUE &mdash; SF,0.0,0.23,4.435,0.523,0.05,HIGH VALUE &mdash; SF,,2026-09-15T07:09:34+00:00,-7.0,False,1.5,0.387,0.348,0.0,9.54,0.632,0.541,0.453,0.046,OVER 9.5,0.57,0.49,0.39,87.0,False,,,,,,,,,,,,,,,,,,,,,,,,,,,,,,,
2026-09-15,823333,MIL,PIT,Lake Bachar,Jacob Misiorowski,-0.99,4.435,0.402,0.31,0.7,0.077,HIGH VALUE &mdash; PIT,0.0,-0.99,4.435,0.402,0.077,HIGH VALUE &mdash; PIT,,2026-09-15T07:09:34+00:00,-4.0,False,1.5,0.287,0.454,0.0,8.13,0.511,0.414,0.327,-0.001,no edge (best UNDER 8.5),0.51,0.43,0.33,76.0,False,,,,,,,,,,,,,,,,,,,,,,,,,,,,,,,
2026-09-15,823574,BAL,NYM,Sean Manaea,Shane Baz,-0.15,4.435,0.485,0.55,0.46,0.037,CAUTIOUS &mdash; small edge on BAL,0.0,-0.15,4.435,0.485,0.037,CAUTIOUS &mdash; small edge on BAL,,2026-09-15T07:09:34+00:00,-2.0,False,1.5,0.355,0.38,0.0,8.41,0.537,0.44,0.353,0.003,no edge (best UNDER 8.5),0.55,0.46,0.36,66.0,False,,,,,,,,,,,,,,,,,,,,,,,,,,,,,,,
2026-09-15,823654,NYY,MIN,Bailey Ober,Max Fried,-1.09,4.435,0.392,0.38,0.63,-0.004,NO VALUE at current price,0.0,-1.09,4.435,0.392,-0.004,NO VALUE at current price,,2026-09-15T07:09:34+00:00,-7.0,False,1.5,0.279,0.463,0.0,8.59,0.553,0.457,0.369,0.003,no edge (best OVER 9.5),0.54,0.45,0.35,65.0,False,,,,,,,,,,,,,,,,,,,,,,,,,,,,,,,
2026-09-15,823980,SEA,LAA,Ryan Johnson,Logan Gilbert,0.0,4.435,0.5,0.4,0.61,0.084,HIGH VALUE &mdash; LAA,0.0,0.0,4.435,0.5,0.084,HIGH VALUE &mdash; LAA,,2026-09-15T07:09:34+00:00,1.0,False,1.5,0.368,0.367,0.0,8.92,0.582,0.488,0.399,0.015,no edge (best OVER 7.5),0.55,0.47,0.38,72.0,False,,,,,,,,,,,,,,,,,,,,,,,,,,,,,,,
2026-09-15,824143,KC,HOU,Hunter Brown,Michael Wacha,-0.06,4.435,0.494,0.61,0.4,0.089,HIGH VALUE &mdash; KC,0.0,-0.06,4.435,0.494,0.089,HIGH VALUE &mdash; KC,,2026-09-15T07:09:34+00:00,2.0,False,1.5,0.362,0.373,0.0,8.75,0.567,0.472,0.383,0.02,no edge (best OVER 7.5),0.53,0.45,0.35,85.0,True,,,,,,,,,,,,,,,,,,,,,,,,,,,,,,,
2026-09-15,824307,SD,COL,Kyle Freeland,Walker Buehler,-1.02,4.435,0.399,0.37,0.65,0.013,CAUTIOUS &mdash; small edge on COL,0.0,-1.02,4.435,0.399,0.013,CAUTIOUS &mdash; small edge on COL,,2026-09-15T07:09:34+00:00,6.0,False,1.5,0.285,0.457,0.0,11.0,0.73,0.65,0.569,0.077,UNDER 8.5,0.79,0.74,0.65,74.0,False,,,,,,,,,,,,,,,,,,,,,,,,,,,,,,,
2026-09-15,824384,CWS,CLE,Foster Griffin,Davis Martin,0.41,4.435,0.541,0.55,0.47,-0.027,NO VALUE at current price,0.0,0.41,4.435,0.541,-0.027,NO VALUE at current price,,2026-09-15T07:09:34+00:00,1.0,False,1.5,0.403,0.333,0.0,8.81,0.573,0.478,0.389,0.005,no edge (best UNDER 8.5),0.58,0.5,0.39,81.0,False,,,,,,,,,,,,,,,,,,,,,,,,,,,,,,,
2026-09-15,824466,LAD,CIN,Rhett Lowder,Yoshinobu Yamamoto,-1.58,4.435,0.346,0.32,0.69,0.011,CAUTIOUS &mdash; small edge on CIN,0.0,-1.58,4.435,0.346,0.011,CAUTIOUS &mdash; small edge on CIN,,2026-09-15T07:09:34+00:00,-4.0,False,1.5,0.243,0.508,0.0,9.65,0.64,0.55,0.462,0.035,no edge (best OVER 9.5),0.59,0.51,0.41,91.0,False,,,,,,,,,,,,,,,,,,,,,,,,,,,,,,,
2026-09-15,824627,ATL,CHC,Kevin Gausman,Martín Pérez,0.8,4.435,0.58,0.57,0.44,-0.007,NO VALUE at current price,0.0,0.8,4.435,0.58,-0.007,NO VALUE at current price,,2026-09-15T07:09:34+00:00,-3.0,False,1.5,0.438,0.302,0.0,8.89,0.579,0.484,0.396,0.009,no edge (best UNDER 8.5),0.59,0.51,0.4,74.0,False,,,,,,,,,,,,,,,,,,,,,,,,,,,,,,,
2026-09-15,825030,MIA,AZ,Michael Soroka,Janson Junk,-0.0,4.435,0.5,0.58,0.43,0.053,HIGH VALUE &mdash; MIA,0.0,-0.0,4.435,0.5,0.053,HIGH VALUE &mdash; MIA,,2026-09-15T07:09:34+00:00,-2.0,False,1.5,0.368,0.368,0.0,9.52,0.63,0.539,0.451,0.034,no edge (best OVER 9.5),0.59,0.51,0.4,89.0,True,,,,,,,,,,,,,,,,,,,,,,,,,,,,,,,
2026-09-15,822683,PHI,WSH,Jackson Kent,Cristopher Sánchez,-0.75,4.435,0.425,0.34,0.67,0.069,HIGH VALUE &mdash; WSH,0.0,-0.75,4.435,0.425,0.069,HIGH VALUE &mdash; WSH,,2026-09-15T18:46:35+00:00,3.0,False,1.5,0.306,0.433,0.0,8.95,0.585,0.49,0.402,0.008,no edge (best OVER 7.5),0.56,0.48,0.38,73.0,False,,,,,,,,,,,,,,,,,,,,,,,,,,,,,,,
2026-09-15,822762,DET,TOR,Braydon Fisher,Drew Anderson,-0.32,4.435,0.468,0.57,0.44,0.075,HIGH VALUE &mdash; DET,0.0,-0.32,4.435,0.468,0.075,HIGH VALUE &mdash; DET,,2026-09-15T18:46:35+00:00,-9.0,False,1.5,0.341,0.395,0.0,8.5,0.545,0.449,0.361,0.024,no edge (best UNDER 8.5),0.56,0.49,0.39,69.0,False,,,,,,,,,,,,,,,,,,,,,,,,,,,,,,,
2026-09-15,822849,BOS,TEX,Jacob deGrom,Patrick Sandoval,-0.65,4.435,0.435,0.55,0.46,0.087,HIGH VALUE &mdash; BOS,0.0,-0.65,4.435,0.435,0.087,HIGH VALUE &mdash; BOS,,2026-09-15T18:46:35+00:00,2.0,False,1.5,0.314,0.424,0.0,8.04,0.502,0.405,0.319,0.038,no edge (best UNDER 8.5),0.53,0.46,0.35,94.0,True,,,,,,,,,,,,,,,,,,,,,,,,,,,,,,,
2026-09-15,822925,ATH,TB,Griffin Jax,Jack Perkins,1.52,4.435,0.648,0.68,0.33,0.007,CAUTIOUS &mdash; small edge on ATH,0.0,1.52,4.435,0.648,0.007,CAUTIOUS &mdash; small edge on ATH,,2026-09-15T18:46:35+00:00,1.0,False,1.5,0.501,0.248,0.0,8.57,0.552,0.456,0.368,-0.003,no edge (best UNDER 8.5),0.55,0.47,0.37,82.0,True,,,,,,,,,,,,,,,,,,,,,,,,,,,,,,,
2026-09-15,823007,SF,STL,Andre Pallante,Blade Tidwell,0.23,4.435,0.523,0.6,0.41,0.05,HIGH VALUE &mdash; SF,0.0,0.23,4.435,0.523,0.05,HIGH VALUE &mdash; SF,,2026-09-15T18:46:35+00:00,-7.0,False,1.5,0.387,0.348,0.0,9.26,0.61,0.517,0.428,0.032,no edge (best OVER 9.5),0.57,0.48,0.38,78.0,False,,,,,,,,,,,,,,,,,,,,,,,,,,,,,,,
2026-09-15,823333,MIL,PIT,Lake Bachar,Jacob Misiorowski,-0.99,4.435,0.402,0.33,0.68,0.056,HIGH VALUE &mdash; PIT,0.0,-0.99,4.435,0.402,0.056,HIGH VALUE &mdash; PIT,,2026-09-15T18:46:35+00:00,-4.0,False,1.5,0.287,0.454,0.0,8.13,0.511,0.414,0.327,-0.006,no edge (best OVER 7.5),0.5,0.42,0.32,76.0,False,,,,,,,,,,,,,,,,,,,,,,,,,,,,,,,
2026-09-15,823574,BAL,NYM,Sean Manaea,Shane Baz,-0.15,4.435,0.485,0.56,0.45,0.047,HIGH VALUE &mdash; BAL,0.0,-0.15,4.435,0.485,0.047,HIGH VALUE &mdash; BAL,,2026-09-15T18:46:35+00:00,-2.0,False,1.5,0.355,0.38,0.0,8.38,0.534,0.438,0.35,0.005,no edge (best UNDER 8.5),0.54,0.46,0.36,65.0,False,,,,,,,,,,,,,,,,,,,,,,,,,,,,,,,
2026-09-15,823654,NYY,MIN,Bailey Ober,Max Fried,-1.09,4.435,0.392,0.38,0.63,-0.004,NO VALUE at current price,0.0,-1.09,4.435,0.392,-0.004,NO VALUE at current price,,2026-09-15T18:46:35+00:00,-7.0,False,1.5,0.279,0.463,0.0,8.65,0.558,0.462,0.374,0.001,no edge (best OVER 7.5),0.54,0.47,0.36,67.0,False,,,,,,,,,,,,,,,,,,,,,,,,,,,,,,,
2026-09-15,823980,SEA,LAA,Ryan Johnson,Logan Gilbert,0.0,4.435,0.5,0.39,0.62,0.094,HIGH VALUE &mdash; LAA,0.0,0.0,4.435,0.5,0.094,HIGH VALUE &mdash; LAA,,2026-09-15T18:46:35+00:00,1.0,False,1.5,0.368,0.367,0.0,8.92,0.582,0.488,0.399,0.013,no edge (best OVER 9.5),0.56,0.47,0.37,72.0,False,,,,,,,,,,,,,,,,,,,,,,,,,,,,,,,
2026-09-15,824143,KC,HOU,Hunter Brown,Michael Wacha,-0.06,4.435,0.494,0.61,0.4,0.089,HIGH VALUE &mdash; KC,0.0,-0.06,4.435,0.494,0.089,HIGH VALUE &mdash; KC,,2026-09-15T18:46:35+00:00,2.0,False,1.5,0.362,0.373,0.0,8.75,0.567,0.472,0.383,0.02,no edge (best OVER 7.5),0.53,0.45,0.35,85.0,True,,,,,,,,,,,,,,,,,,,,,,,,,,,,,,,
2026-09-15,824307,SD,COL,Kyle Freeland,Walker Buehler,-1.02,4.435,0.399,0.37,0.64,0.013,CAUTIOUS &mdash; small edge on COL,0.0,-1.02,4.435,0.399,0.013,CAUTIOUS &mdash; small edge on COL,,2026-09-15T18:46:35+00:00,6.0,False,1.5,0.285,0.457,0.0,10.93,0.726,0.645,0.563,0.071,UNDER 8.5,0.79,0.73,0.63,72.0,False,,,,,,,,,,,,,,,,,,,,,,,,,,,,,,,
2026-09-15,824384,CWS,CLE,Foster Griffin,Chris Murphy,0.16,4.435,0.516,0.58,0.43,0.037,CAUTIOUS &mdash; small edge on CWS,0.0,0.16,4.435,0.516,0.037,CAUTIOUS &mdash; small edge on CWS,,2026-09-15T18:46:35+00:00,1.0,False,1.5,0.381,0.354,0.0,8.72,0.564,0.469,0.38,0.054,UNDER 8.5,0.61,0.54,0.42,81.0,False,,,,,,,,,,,,,,,,,,,,,,,,,,,,,,,
2026-09-15,824466,LAD,CIN,Rhett Lowder,Yoshinobu Yamamoto,-1.58,4.435,0.346,0.32,0.69,0.011,CAUTIOUS &mdash; small edge on CIN,0.0,-1.58,4.435,0.346,0.011,CAUTIOUS &mdash; small edge on CIN,,2026-09-15T18:46:35+00:00,-4.0,False,1.5,0.243,0.508,0.0,9.56,0.633,0.542,0.454,0.027,no edge (best OVER 9.5),0.6,0.52,0.41,91.0,False,,,,,,,,,,,,,,,,,,,,,,,,,,,,,,,
2026-09-15,824627,ATL,CHC,Kevin Gausman,Martín Pérez,0.8,4.435,0.58,0.57,0.44,-0.007,NO VALUE at current price,0.0,0.8,4.435,0.58,-0.007,NO VALUE at current price,,2026-09-15T18:46:35+00:00,-3.0,False,1.5,0.438,0.302,0.0,8.92,0.582,0.487,0.399,0.006,no edge (best UNDER 8.5),0.58,0.51,0.4,75.0,False,,,,,,,,,,,,,,,,,,,,,,,,,,,,,,,
2026-09-15,825030,MIA,AZ,Michael Soroka,Janson Junk,-0.0,4.435,0.5,0.58,0.43,0.053,HIGH VALUE &mdash; MIA,0.0,-0.0,4.435,0.5,0.053,HIGH VALUE &mdash; MIA,,2026-09-15T18:46:35+00:00,-2.0,False,1.5,0.368,0.368,0.0,9.52,0.63,0.539,0.451,0.024,no edge (best OVER 9.5),0.6,0.52,0.41,96.0,True,,,,,,,,,,,,,,,,,,,,,,,,,,,,,,,
2026-09-15,822683,PHI,WSH,Jackson Kent,Cristopher Sánchez,-0.75,4.435,0.425,0.34,0.67,0.069,HIGH VALUE &mdash; WSH,0.0,-0.75,4.435,0.425,0.069,HIGH VALUE &mdash; WSH,,2026-09-15T19:41:17+00:00,3.0,False,1.5,0.306,0.433,0.0,8.94,0.584,0.489,0.401,0.007,no edge (best OVER 7.5),0.56,0.48,0.38,73.0,False,0.45,0.53,0.63,,,,,,,,,,,,,,,,,,,,,,,,,,,,
2026-09-15,822762,DET,TOR,Braydon Fisher,Drew Anderson,-0.32,4.435,0.468,0.57,0.44,0.075,HIGH VALUE &mdash; DET,0.0,-0.32,4.435,0.468,0.075,HIGH VALUE &mdash; DET,,2026-09-15T19:41:17+00:00,-9.0,False,1.5,0.341,0.395,0.0,8.49,0.544,0.448,0.36,0.005,no edge (best UNDER 8.5),0.55,0.48,0.38,69.0,False,0.46,0.53,0.63,,,,,,,,,,,,,,,,,,,,,,,,,,,,
2026-09-15,822849,BOS,TEX,Jacob deGrom,Patrick Sandoval,-0.65,4.435,0.435,0.55,0.46,0.087,HIGH VALUE &mdash; BOS,0.0,-0.65,4.435,0.435,0.087,HIGH VALUE &mdash; BOS,,2026-09-15T19:41:17+00:00,2.0,False,1.5,0.314,0.424,0.0,8.03,0.501,0.404,0.318,0.009,no edge (best UNDER 8.5),0.52,0.44,0.35,94.0,True,0.49,0.57,0.66,,,,,,,,,,,,,,,,,,,,,,,,,,,,
2026-09-15,822925,ATH,TB,Griffin Jax,Jack Perkins,1.52,4.435,0.648,0.68,0.33,0.007,CAUTIOUS &mdash; small edge on ATH,0.0,1.52,4.435,0.648,0.007,CAUTIOUS &mdash; small edge on ATH,,2026-09-15T19:41:17+00:00,1.0,False,1.5,0.501,0.248,0.0,8.56,0.551,0.455,0.366,-0.01,no edge (best OVER 9.5),0.56,0.47,0.36,72.0,True,0.45,0.54,0.65,,,,,,,,,,,,,,,,,,,,,,,,,,,,
2026-09-15,823007,SF,STL,Andre Pallante,Blade Tidwell,0.23,4.435,0.523,0.6,0.41,0.05,HIGH VALUE &mdash; SF,0.0,0.23,4.435,0.523,0.05,HIGH VALUE &mdash; SF,,2026-09-15T19:41:17+00:00,-7.0,False,1.5,0.387,0.348,0.0,9.82,0.652,0.563,0.476,0.08,OVER 9.5,0.57,0.48,0.38,91.0,False,0.44,0.53,0.63,,,,,,,,,,,,,,,,,,,,,,,,,,,,
2026-09-15,823333,MIL,PIT,Lake Bachar,Jacob Misiorowski,-0.99,4.435,0.402,0.33,0.68,0.056,HIGH VALUE &mdash; PIT,0.0,-0.99,4.435,0.402,0.056,HIGH VALUE &mdash; PIT,,2026-09-15T19:41:17+00:00,-4.0,False,1.5,0.287,0.454,0.0,8.15,0.512,0.416,0.329,-0.005,no edge (best OVER 7.5),0.5,0.42,0.32,80.0,False,0.51,0.59,0.69,,,,,,,,,,,,,,,,,,,,,,,,,,,,
2026-09-15,823574,BAL,NYM,Sean Manaea,Shane Baz,-0.15,4.435,0.485,0.56,0.45,0.047,HIGH VALUE &mdash; BAL,0.0,-0.15,4.435,0.485,0.047,HIGH VALUE &mdash; BAL,,2026-09-15T19:41:17+00:00,-2.0,False,1.5,0.355,0.38,0.0,8.37,0.533,0.437,0.349,-0.004,no edge (best UNDER 8.5),0.54,0.46,0.36,65.0,False,0.47,0.55,0.65,,,,,,,,,,,,,,,,,,,,,,,,,,,,
2026-09-15,823654,NYY,MIN,Bailey Ober,Max Fried,-1.09,4.435,0.392,0.38,0.63,-0.004,NO VALUE at current price,0.0,-1.09,4.435,0.392,-0.004,NO VALUE at current price,,2026-09-15T19:41:17+00:00,-7.0,False,1.5,0.279,0.463,0.0,8.82,0.573,0.478,0.39,0.016,no edge (best OVER 7.5),0.54,0.47,0.37,69.0,False,0.47,0.54,0.64,,,,,,,,,,,,,,,,,,,,,,,,,,,,
2026-09-15,823980,SEA,LAA,Ryan Johnson,Logan Gilbert,0.0,4.435,0.5,0.39,0.62,0.094,HIGH VALUE &mdash; LAA,0.0,0.0,4.435,0.5,0.094,HIGH VALUE &mdash; LAA,,2026-09-15T19:41:17+00:00,1.0,False,1.5,0.368,0.367,0.0,8.91,0.581,0.487,0.398,0.012,no edge (best OVER 9.5),0.56,0.47,0.37,72.0,False,0.45,0.54,0.64,,,,,,,,,,,,,,,,,,,,,,,,,,,,
2026-09-15,824143,KC,HOU,Hunter Brown,Michael Wacha,-0.06,4.435,0.494,0.61,0.4,0.089,HIGH VALUE &mdash; KC,0.0,-0.06,4.435,0.494,0.089,HIGH VALUE &mdash; KC,,2026-09-15T19:41:17+00:00,2.0,False,1.5,0.362,0.373,0.0,8.74,0.566,0.471,0.382,0.019,no edge (best OVER 7.5),0.53,0.45,0.35,85.0,True,0.48,0.56,0.66,,,,,,,,,,,,,,,,,,,,,,,,,,,,
2026-09-15,824307,SD,COL,Kyle Freeland,Walker Buehler,-1.02,4.435,0.399,0.37,0.64,0.013,CAUTIOUS &mdash; small edge on COL,0.0,-1.02,4.435,0.399,0.013,CAUTIOUS &mdash; small edge on COL,,2026-09-15T19:41:17+00:00,6.0,False,1.5,0.285,0.457,0.0,10.92,0.725,0.644,0.562,0.062,UNDER 8.5,0.79,0.73,0.63,72.0,False,0.22,0.28,0.38,,,,,,,,,,,,,,,,,,,,,,,,,,,,
2026-09-15,824384,CWS,CLE,Foster Griffin,Chris Murphy,0.16,4.435,0.516,0.59,0.42,0.047,HIGH VALUE &mdash; CWS,0.0,0.16,4.435,0.516,0.047,HIGH VALUE &mdash; CWS,,2026-09-15T19:41:17+00:00,1.0,False,1.5,0.381,0.354,0.0,8.71,0.563,0.468,0.379,0.045,UNDER 8.5,0.61,0.54,0.42,81.0,False,0.4,0.47,0.59,,,,,,,,,,,,,,,,,,,,,,,,,,,,
2026-09-15,824466,LAD,CIN,Rhett Lowder,Yoshinobu Yamamoto,-1.58,4.435,0.346,0.32,0.69,0.011,CAUTIOUS &mdash; small edge on CIN,0.0,-1.58,4.435,0.346,0.011,CAUTIOUS &mdash; small edge on CIN,,2026-09-15T19:41:17+00:00,-4.0,False,1.5,0.243,0.508,0.0,9.54,0.632,0.541,0.453,0.026,no edge (best OVER 9.5),0.6,0.51,0.41,91.0,False,0.42,0.5,0.6,,,,,,,,,,,,,,,,,,,,,,,,,,,,
2026-09-15,824627,ATL,CHC,Kevin Gausman,Martín Pérez,0.8,4.435,0.58,0.58,0.43,-0.017,NO VALUE at current price,0.0,0.8,4.435,0.58,-0.017,NO VALUE at current price,,2026-09-15T19:41:17+00:00,-3.0,False,1.5,0.438,0.302,0.0,8.91,0.581,0.486,0.398,-0.003,no edge (best UNDER 8.5),0.59,0.51,0.4,75.0,False,0.43,0.5,0.61,,,,,,,,,,,,,,,,,,,,,,,,,,,,
2026-09-15,825030,MIA,AZ,Michael Soroka,Janson Junk,-0.0,4.435,0.5,0.58,0.43,0.053,HIGH VALUE &mdash; MIA,0.0,-0.0,4.435,0.5,0.053,HIGH VALUE &mdash; MIA,,2026-09-15T19:41:17+00:00,-2.0,False,1.5,0.368,0.368,0.0,9.51,0.63,0.538,0.45,0.023,no edge (best OVER 9.5),0.6,0.52,0.41,96.0,True,0.41,0.49,0.6,,,,,,,,,,,,,,,,,,,,,,,,,,,,
2026-09-15,822683,PHI,WSH,Jackson Kent,Cristopher Sánchez,-0.75,4.435,0.425,0.34,0.67,0.069,HIGH VALUE &mdash; WSH,0.0,-0.75,4.435,0.425,0.069,HIGH VALUE &mdash; WSH,,2026-09-15T19:50:09+00:00,3.0,False,1.5,0.306,0.433,0.0,8.94,0.584,0.489,0.4,0.007,no edge (best OVER 7.5),0.56,0.48,0.38,73.0,False,0.45,0.53,0.63,,,,,,,,,,,,,,,,,,,,,,,,,,,,
2026-09-15,822762,DET,TOR,Braydon Fisher,Drew Anderson,-0.32,4.435,0.468,0.57,0.44,0.075,HIGH VALUE &mdash; DET,0.0,-0.32,4.435,0.468,0.075,HIGH VALUE &mdash; DET,,2026-09-15T19:50:09+00:00,-9.0,False,1.5,0.341,0.395,0.0,8.49,0.544,0.448,0.36,0.005,no edge (best UNDER 8.5),0.55,0.48,0.38,69.0,False,0.46,0.53,0.63,,,,,,,,,,,,,,,,,,,,,,,,,,,,
2026-09-15,822849,BOS,TEX,Jacob deGrom,Patrick Sandoval,-0.65,4.435,0.435,0.55,0.46,0.087,HIGH VALUE &mdash; BOS,0.0,-0.65,4.435,0.435,0.087,HIGH VALUE &mdash; BOS,,2026-09-15T19:50:09+00:00,2.0,False,1.5,0.314,0.424,0.0,8.03,0.501,0.404,0.318,0.009,no edge (best UNDER 8.5),0.52,0.44,0.35,94.0,True,0.49,0.57,0.66,,,,,,,,,,,,,,,,,,,,,,,,,,,,
2026-09-15,822925,ATH,TB,Griffin Jax,Jack Perkins,1.52,4.435,0.648,0.68,0.33,0.007,CAUTIOUS &mdash; small edge on ATH,0.0,1.52,4.435,0.648,0.007,CAUTIOUS &mdash; small edge on ATH,,2026-09-15T19:50:09+00:00,1.0,False,1.5,0.501,0.248,0.0,8.56,0.55,0.454,0.366,-0.01,no edge (best OVER 9.5),0.56,0.47,0.36,72.0,True,0.45,0.54,0.65,,,,,,,,,,,,,,,,,,,,,,,,,,,,
2026-09-15,823007,SF,STL,Andre Pallante,Blade Tidwell,0.23,4.435,0.523,0.6,0.41,0.05,HIGH VALUE &mdash; SF,0.0,0.23,4.435,0.523,0.05,HIGH VALUE &mdash; SF,,2026-09-15T19:50:09+00:00,-7.0,False,1.5,0.387,0.348,0.0,9.81,0.652,0.563,0.475,0.079,OVER 9.5,0.57,0.48,0.38,91.0,False,0.44,0.53,0.63,,,,,,,,,,,,,,,,,,,,,,,,,,,,
2026-09-15,823333,MIL,PIT,Lake Bachar,Jacob Misiorowski,-0.99,4.435,0.402,0.34,0.67,0.046,HIGH VALUE &mdash; PIT,0.0,-0.99,4.435,0.402,0.046,HIGH VALUE &mdash; PIT,,2026-09-15T19:50:09+00:00,-4.0,False,1.5,0.287,0.454,0.0,8.15,0.512,0.415,0.329,-0.005,no edge (best OVER 7.5),0.5,0.42,0.32,80.0,False,0.51,0.59,0.69,,,,,,,,,,,,,,,,,,,,,,,,,,,,
2026-09-15,823574,BAL,NYM,Sean Manaea,Shane Baz,-0.15,4.435,0.485,0.56,0.45,0.047,HIGH VALUE &mdash; BAL,0.0,-0.15,4.435,0.485,0.047,HIGH VALUE &mdash; BAL,,2026-09-15T19:50:09+00:00,-2.0,False,1.5,0.355,0.38,0.0,8.37,0.533,0.437,0.349,-0.004,no edge (best UNDER 8.5),0.55,0.46,0.36,65.0,False,0.47,0.55,0.65,,,,,,,,,,,,,,,,,,,,,,,,,,,,
2026-09-15,823654,NYY,MIN,Bailey Ober,Max Fried,-1.09,4.435,0.392,0.38,0.63,-0.004,NO VALUE at current price,0.0,-1.09,4.435,0.392,-0.004,NO VALUE at current price,,2026-09-15T19:50:09+00:00,-7.0,False,1.5,0.279,0.463,0.0,8.82,0.573,0.478,0.39,0.016,no edge (best OVER 7.5),0.54,0.46,0.36,69.0,False,0.47,0.55,0.65,,,,,,,,,,,,,,,,,,,,,,,,,,,,
2026-09-15,823980,SEA,LAA,Ryan Johnson,Logan Gilbert,0.0,4.435,0.5,0.39,0.62,0.094,HIGH VALUE &mdash; LAA,0.0,0.0,4.435,0.5,0.094,HIGH VALUE &mdash; LAA,,2026-09-15T19:50:09+00:00,1.0,False,1.5,0.368,0.367,0.0,8.91,0.581,0.486,0.398,0.012,no edge (best OVER 9.5),0.56,0.47,0.37,72.0,False,0.45,0.54,0.64,,,,,,,,,,,,,,,,,,,,,,,,,,,,
2026-09-15,824143,KC,HOU,Hunter Brown,Michael Wacha,-0.06,4.435,0.494,0.61,0.4,0.089,HIGH VALUE &mdash; KC,0.0,-0.06,4.435,0.494,0.089,HIGH VALUE &mdash; KC,,2026-09-15T19:50:09+00:00,2.0,False,1.5,0.362,0.373,0.0,8.73,0.566,0.47,0.382,0.016,no edge (best OVER 9.5),0.54,0.45,0.35,85.0,True,0.48,0.56,0.66,,,,,,,,,,,,,,,,,,,,,,,,,,,,
2026-09-15,824307,SD,COL,Kyle Freeland,Walker Buehler,-1.02,4.435,0.399,0.37,0.64,0.013,CAUTIOUS &mdash; small edge on COL,0.0,-1.02,4.435,0.399,0.013,CAUTIOUS &mdash; small edge on COL,,2026-09-15T19:50:09+00:00,6.0,False,1.5,0.285,0.457,0.0,10.91,0.725,0.644,0.562,0.062,UNDER 8.5,0.79,0.73,0.63,72.0,False,0.22,0.28,0.38,,,,,,,,,,,,,,,,,,,,,,,,,,,,
2026-09-15,824384,CWS,CLE,Foster Griffin,Chris Murphy,0.16,4.435,0.516,0.59,0.42,0.047,HIGH VALUE &mdash; CWS,0.0,0.16,4.435,0.516,0.047,HIGH VALUE &mdash; CWS,,2026-09-15T19:50:09+00:00,1.0,False,1.5,0.381,0.354,0.0,8.7,0.563,0.468,0.379,0.045,UNDER 8.5,0.61,0.54,0.42,81.0,False,0.4,0.47,0.59,,,,,,,,,,,,,,,,,,,,,,,,,,,,
2026-09-15,824466,LAD,CIN,Rhett Lowder,Yoshinobu Yamamoto,-1.58,4.435,0.346,0.32,0.69,0.011,CAUTIOUS &mdash; small edge on CIN,0.0,-1.58,4.435,0.346,0.011,CAUTIOUS &mdash; small edge on CIN,,2026-09-15T19:50:09+00:00,-4.0,False,1.5,0.243,0.508,0.0,9.54,0.632,0.54,0.453,0.026,no edge (best OVER 9.5),0.6,0.51,0.41,91.0,False,0.41,0.5,0.6,,,,,,,,,,,,,,,,,,,,,,,,,,,,
2026-09-15,824627,ATL,CHC,Kevin Gausman,Martín Pérez,0.8,4.435,0.58,0.58,0.43,-0.017,NO VALUE at current price,0.0,0.8,4.435,0.58,-0.017,NO VALUE at current price,,2026-09-15T19:50:09+00:00,-3.0,False,1.5,0.438,0.302,0.0,9.08,0.595,0.502,0.413,-0.004,no edge (best OVER 9.5),0.59,0.51,0.4,78.0,False,0.43,0.5,0.61,,,,,,,,,,,,,,,,,,,,,,,,,,,,
2026-09-15,825030,MIA,AZ,Michael Soroka,Janson Junk,-0.0,4.435,0.5,0.58,0.43,0.053,HIGH VALUE &mdash; MIA,0.0,-0.0,4.435,0.5,0.053,HIGH VALUE &mdash; MIA,,2026-09-15T19:50:09+00:00,-2.0,False,1.5,0.368,0.368,0.0,9.51,0.629,0.538,0.45,0.023,no edge (best OVER 9.5),0.6,0.52,0.41,96.0,True,0.41,0.49,0.6,,,,,,,,,,,,,,,,,,,,,,,,,,,,
2026-09-15,822683,PHI,WSH,Jackson Kent,Cristopher Sánchez,-0.75,4.435,0.425,0.34,0.67,0.069,HIGH VALUE &mdash; WSH,0.0,-0.75,4.435,0.425,0.069,HIGH VALUE &mdash; WSH,,2026-09-15T20:30:15+00:00,3.0,False,1.5,0.306,0.433,0.0,8.96,0.586,0.491,0.403,0.009,no edge (best OVER 7.5),0.56,0.48,0.38,74.0,False,0.45,0.53,0.63,2026-09-15T22:45:00Z,risky,RISKY · Nationals to win,,,,,,,,,,,,,,,,,,,,,,,,,
2026-09-15,822762,DET,TOR,Braydon Fisher,Drew Anderson,-0.32,4.435,0.468,0.57,0.44,0.075,HIGH VALUE &mdash; DET,0.0,-0.32,4.435,0.468,0.075,HIGH VALUE &mdash; DET,,2026-09-15T20:30:15+00:00,-9.0,False,1.5,0.341,0.395,0.0,8.43,0.538,0.442,0.354,0.001,no edge (best UNDER 8.5),0.55,0.48,0.38,67.0,False,0.46,0.54,0.63,2026-09-15T23:07:00Z,risky,RISKY · Tigers to win,,,,,,,,,,,,,,,,,,,,,,,,,
2026-09-15,822849,BOS,TEX,Jacob deGrom,Patrick Sandoval,-0.65,4.435,0.435,0.57,0.44,0.107,HIGH VALUE &mdash; BOS,0.0,-0.65,4.435,0.435,0.107,HIGH VALUE &mdash; BOS,,2026-09-15T20:30:15+00:00,2.0,False,1.5,0.314,0.424,0.0,8.02,0.5,0.404,0.317,0.009,no edge (best UNDER 8.5),0.51,0.44,0.34,72.0,True,0.5,0.57,0.67,2026-09-16T00:05:00Z,risky,RISKY · Red Sox to win,,,,,,,,,,,,,,,,,,,,,,,,,
2026-09-15,822925,ATH,TB,Griffin Jax,Jack Perkins,1.52,4.435,0.648,0.68,0.33,0.007,CAUTIOUS &mdash; small edge on ATH,0.0,1.52,4.435,0.648,0.007,CAUTIOUS &mdash; small edge on ATH,,2026-09-15T20:30:15+00:00,1.0,False,1.5,0.501,0.248,0.0,8.55,0.55,0.454,0.366,-0.01,no edge (best OVER 9.5),0.56,0.47,0.36,72.0,True,0.45,0.54,0.65,2026-09-15T22:40:00Z,none,NO BET,,,,,,,,,,,,,,,,,,,,,,,,,
2026-09-15,823007,SF,STL,Andre Pallante,Blade Tidwell,0.23,4.435,0.523,0.62,0.39,0.07,HIGH VALUE &mdash; SF,0.0,0.23,4.435,0.523,0.07,HIGH VALUE &mdash; SF,,2026-09-15T20:30:15+00:00,-7.0,False,1.5,0.387,0.348,0.0,9.81,0.652,0.562,0.475,0.089,OVER 9.5,0.55,0.47,0.37,91.0,False,0.46,0.54,0.64,2026-09-15T23:45:00Z,risky,RISKY · Over 9.5 runs,,,,,,,,,,,,,,,,,,,,,,,,,
2026-09-15,823333,MIL,PIT,Lake Bachar,Jacob Misiorowski,-0.99,4.435,0.402,0.34,0.67,0.046,HIGH VALUE &mdash; PIT,0.0,-0.99,4.435,0.402,0.046,HIGH VALUE &mdash; PIT,,2026-09-15T20:30:15+00:00,-4.0,False,1.5,0.287,0.454,0.0,8.14,0.512,0.415,0.328,-0.005,no edge (best OVER 7.5),0.5,0.42,0.32,80.0,False,0.51,0.59,0.69,2026-09-15T22:40:00Z,risky,RISKY · Pirates to win,,,,,,,,,,,,,,,,,,,,,,,,,
2026-09-15,823574,BAL,NYM,Sean Manaea,Shane Baz,-0.15,4.435,0.485,0.56,0.45,0.047,HIGH VALUE &mdash; BAL,0.0,-0.15,4.435,0.485,0.047,HIGH VALUE &mdash; BAL,,2026-09-15T20:30:15+00:00,-2.0,False,1.5,0.355,0.38,0.0,8.45,0.54,0.444,0.356,-0.011,no edge (best UNDER 8.5),0.55,0.46,0.36,68.0,False,0.46,0.55,0.65,2026-09-15T23:10:00Z,risky,RISKY · Orioles to win,,,,,,,,,,,,,,,,,,,,,,,,,
2026-09-15,823654,NYY,MIN,Bailey Ober,Max Fried,-1.09,4.435,0.392,0.38,0.63,-0.004,NO VALUE at current price,0.0,-1.09,4.435,0.392,-0.004,NO VALUE at current price,,2026-09-15T20:30:15+00:00,-7.0,False,1.5,0.279,0.463,0.0,8.63,0.557,0.461,0.373,-0.0,no edge (best OVER 7.5),0.54,0.46,0.36,67.0,False,0.47,0.55,0.65,2026-09-15T23:40:00Z,none,NO BET,,,,,,,,,,,,,,,,,,,,,,,,,
2026-09-15,823980,SEA,LAA,Ryan Johnson,Logan Gilbert,0.0,4.435,0.5,0.39,0.62,0.094,HIGH VALUE &mdash; LAA,0.0,0.0,4.435,0.5,0.094,HIGH VALUE &mdash; LAA,,2026-09-15T20:30:15+00:00,1.0,False,1.5,0.368,0.367,0.0,8.91,0.581,0.486,0.398,0.012,no edge (best OVER 9.5),0.56,0.47,0.37,72.0,False,0.45,0.54,0.64,2026-09-16T01:38:00Z,risky,RISKY · Angels to win,,,,,,,,,,,,,,,,,,,,,,,,,
2026-09-15,824143,KC,HOU,Hunter Brown,Michael Wacha,-0.06,4.435,0.494,0.61,0.4,0.089,HIGH VALUE &mdash; KC,0.0,-0.06,4.435,0.494,0.089,HIGH VALUE &mdash; KC,,2026-09-15T20:30:15+00:00,2.0,False,1.5,0.362,0.373,0.0,8.73,0.565,0.47,0.382,0.016,no edge (best OVER 9.5),0.54,0.45,0.35,72.0,True,0.48,0.56,0.66,2026-09-16T00:10:00Z,risky,RISKY · Royals to win,,,,,,,,,,,,,,,,,,,,,,,,,
2026-09-15,824307,SD,COL,Kyle Freeland,Walker Buehler,-1.02,4.435,0.399,0.37,0.64,0.013,CAUTIOUS &mdash; small edge on COL,0.0,-1.02,4.435,0.399,0.013,CAUTIOUS &mdash; small edge on COL,,2026-09-15T20:30:15+00:00,6.0,False,1.5,0.285,0.457,0.0,10.87,0.722,0.641,0.559,0.065,UNDER 8.5,0.79,0.73,0.63,71.0,False,0.22,0.28,0.38,2026-09-16T00:40:00Z,risky,RISKY · Under 8.5 runs,,,,,,,,,,,,,,,,,,,,,,,,,
2026-09-15,824384,CWS,CLE,Foster Griffin,Chris Murphy,0.16,4.435,0.516,0.59,0.42,0.047,HIGH VALUE &mdash; CWS,0.0,0.16,4.435,0.516,0.047,HIGH VALUE &mdash; CWS,,2026-09-15T20:30:15+00:00,1.0,False,1.5,0.381,0.354,0.0,8.7,0.563,0.467,0.379,0.046,UNDER 8.5,0.61,0.54,0.42,81.0,False,0.4,0.47,0.59,2026-09-15T22:40:00Z,risky,RISKY · Under 8.5 runs,,,,,,,,,,,,,,,,,,,,,,,,,
2026-09-15,824466,LAD,CIN,Rhett Lowder,Yoshinobu Yamamoto,-1.58,4.435,0.346,0.32,0.69,0.011,CAUTIOUS &mdash; small edge on CIN,0.0,-1.58,4.435,0.346,0.011,CAUTIOUS &mdash; small edge on CIN,,2026-09-15T20:30:15+00:00,-4.0,False,1.5,0.243,0.508,0.0,9.53,0.631,0.54,0.452,0.015,no edge (best OVER 9.5),0.6,0.51,0.42,91.0,False,0.41,0.5,0.6,2026-09-15T22:40:00Z,none,NO BET,,,,,,,,,,,,,,,,,,,,,,,,,
2026-09-15,824627,ATL,CHC,Kevin Gausman,Martín Pérez,0.8,4.435,0.58,0.58,0.43,-0.017,NO VALUE at current price,0.0,0.8,4.435,0.58,-0.017,NO VALUE at current price,,2026-09-15T20:30:15+00:00,-3.0,False,1.5,0.438,0.302,0.0,8.87,0.578,0.483,0.394,-0.0,no edge (best UNDER 8.5),0.59,0.51,0.4,74.0,False,0.43,0.5,0.61,2026-09-15T23:40:00Z,none,NO BET,,,,,,,,,,,,,,,,,,,,,,,,,
2026-09-15,825030,MIA,AZ,Michael Soroka,Janson Junk,-0.0,4.435,0.5,0.58,0.43,0.053,HIGH VALUE &mdash; MIA,0.0,-0.0,4.435,0.5,0.053,HIGH VALUE &mdash; MIA,,2026-09-15T20:30:15+00:00,-2.0,False,1.5,0.368,0.368,0.0,9.5,0.629,0.537,0.449,0.022,no edge (best OVER 9.5),0.6,0.52,0.41,96.0,True,0.41,0.49,0.6,2026-09-16T01:40:00Z,risky,RISKY · Marlins to win,,,,,,,,,,,,,,,,,,,,,,,,,
2026-09-15,822925,ATH,TB,Griffin Jax,Jack Perkins,1.52,4.435,0.648,0.68,0.33,0.007,CAUTIOUS &mdash; small edge on ATH,0.0,1.52,4.435,0.648,0.007,CAUTIOUS &mdash; small edge on ATH,,2026-09-15T20:40:08+00:00,1.0,False,1.5,0.501,0.248,0.0,8.54,0.549,0.453,0.365,-0.01,no edge (best UNDER 8.5),0.56,0.47,0.36,72.0,True,0.45,0.54,0.65,2026-09-15T22:40:00Z,none,NO BET,,,,,,,,,,,,,,,,,,,,,,,,,
2026-09-15,824384,CWS,CLE,Foster Griffin,Chris Murphy,0.16,4.435,0.516,0.59,0.42,0.047,HIGH VALUE &mdash; CWS,0.0,0.16,4.435,0.516,0.047,HIGH VALUE &mdash; CWS,,2026-09-15T20:40:08+00:00,1.0,False,1.5,0.381,0.354,0.0,8.69,0.562,0.467,0.378,0.046,UNDER 8.5,0.61,0.54,0.42,81.0,False,0.4,0.47,0.59,2026-09-15T22:40:00Z,risky,RISKY · Under 8.5 runs,,,,,,,,,,,,,,,,,,,,,,,,,
2026-09-15,824466,LAD,CIN,Rhett Lowder,Yoshinobu Yamamoto,-1.58,4.435,0.346,0.32,0.69,0.011,CAUTIOUS &mdash; small edge on CIN,0.0,-1.58,4.435,0.346,0.011,CAUTIOUS &mdash; small edge on CIN,,2026-09-15T20:40:08+00:00,-4.0,False,1.5,0.243,0.508,0.0,9.53,0.631,0.539,0.451,0.024,no edge (best OVER 9.5),0.6,0.51,0.41,91.0,False,0.41,0.5,0.6,2026-09-15T22:40:00Z,none,NO BET,,,,,,,,,,,,,,,,,,,,,,,,,
2026-09-15,823333,MIL,PIT,Lake Bachar,Jacob Misiorowski,-0.99,4.435,0.402,0.35,0.66,0.036,CAUTIOUS &mdash; small edge on PIT,0.0,-0.99,4.435,0.402,0.036,CAUTIOUS &mdash; small edge on PIT,,2026-09-15T20:40:08+00:00,-4.0,False,1.5,0.287,0.454,0.0,8.13,0.511,0.414,0.328,-0.006,no edge (best OVER 7.5),0.5,0.42,0.32,80.0,False,0.51,0.59,0.69,2026-09-15T22:40:00Z,none,NO BET,,,,,,,,,,,,,,,,,,,,,,,,,
2026-09-15,822683,PHI,WSH,Jackson Kent,Cristopher Sánchez,-0.75,4.435,0.425,0.34,0.67,0.069,HIGH VALUE &mdash; WSH,0.0,-0.75,4.435,0.425,0.069,HIGH VALUE &mdash; WSH,,2026-09-15T20:40:08+00:00,3.0,False,1.5,0.306,0.433,0.0,8.96,0.585,0.491,0.402,0.008,no edge (best OVER 7.5),0.56,0.48,0.38,74.0,False,0.45,0.53,0.63,2026-09-15T22:45:00Z,risky,RISKY · Nationals to win,,,,,,,,,,,,,,,,,,,,,,,,,
2026-09-15,822762,DET,TOR,Braydon Fisher,Drew Anderson,-0.32,4.435,0.468,0.57,0.44,0.075,HIGH VALUE &mdash; DET,0.0,-0.32,4.435,0.468,0.075,HIGH VALUE &mdash; DET,,2026-09-15T20:40:08+00:00,-9.0,False,1.5,0.341,0.395,0.0,8.63,0.556,0.461,0.373,-0.008,no edge (best UNDER 8.5),0.55,0.48,0.38,70.0,False,0.46,0.53,0.63,2026-09-15T23:07:00Z,risky,RISKY · Tigers to win,,,,,,,,,,,,,,,,,,,,,,,,,
2026-09-15,823574,BAL,NYM,Sean Manaea,Shane Baz,-0.15,4.435,0.485,0.56,0.45,0.047,HIGH VALUE &mdash; BAL,0.0,-0.15,4.435,0.485,0.047,HIGH VALUE &mdash; BAL,,2026-09-15T20:40:08+00:00,-2.0,False,1.5,0.355,0.38,0.0,8.44,0.54,0.444,0.356,-0.011,no edge (best UNDER 8.5),0.55,0.46,0.36,68.0,False,0.46,0.55,0.65,2026-09-15T23:10:00Z,risky,RISKY · Orioles to win,,,,,,,,,,,,,,,,,,,,,,,,,
2026-09-15,824627,ATL,CHC,Kevin Gausman,Martín Pérez,0.8,4.435,0.58,0.58,0.43,-0.017,NO VALUE at current price,0.0,0.8,4.435,0.58,-0.017,NO VALUE at current price,,2026-09-15T20:40:08+00:00,-3.0,False,1.5,0.438,0.302,0.0,8.86,0.577,0.482,0.394,0.001,no edge (best UNDER 8.5),0.59,0.51,0.4,74.0,False,0.43,0.5,0.61,2026-09-15T23:40:00Z,none,NO BET,,,,,,,,,,,,,,,,,,,,,,,,,
2026-09-15,823654,NYY,MIN,Bailey Ober,Max Fried,-1.09,4.435,0.392,0.38,0.63,-0.004,NO VALUE at current price,0.0,-1.09,4.435,0.392,-0.004,NO VALUE at current price,,2026-09-15T20:40:08+00:00,-7.0,False,1.5,0.279,0.463,0.0,8.81,0.572,0.477,0.389,0.015,no edge (best OVER 7.5),0.54,0.45,0.36,69.0,False,0.47,0.56,0.65,2026-09-15T23:40:00Z,none,NO BET,,,,,,,,,,,,,,,,,,,,,,,,,
2026-09-15,823007,SF,STL,Andre Pallante,Blade Tidwell,0.23,4.435,0.523,0.62,0.39,0.07,HIGH VALUE &mdash; SF,0.0,0.23,4.435,0.523,0.07,HIGH VALUE &mdash; SF,,2026-09-15T20:40:08+00:00,-7.0,False,1.5,0.387,0.348,0.0,9.8,0.651,0.562,0.474,0.088,OVER 9.5,0.55,0.47,0.37,91.0,False,0.46,0.54,0.64,2026-09-15T23:45:00Z,risky,RISKY · Over 9.5 runs,,,,,,,,,,,,,,,,,,,,,,,,,
2026-09-15,822849,BOS,TEX,Jacob deGrom,Patrick Sandoval,-0.65,4.435,0.435,0.57,0.44,0.107,HIGH VALUE &mdash; BOS,0.0,-0.65,4.435,0.435,0.107,HIGH VALUE &mdash; BOS,,2026-09-15T20:40:08+00:00,2.0,False,1.5,0.314,0.424,0.0,8.02,0.5,0.403,0.317,0.01,no edge (best UNDER 8.5),0.51,0.44,0.34,72.0,True,0.5,0.57,0.67,2026-09-16T00:05:00Z,risky,RISKY · Red Sox to win,,,,,,,,,,,,,,,,,,,,,,,,,
2026-09-15,824143,KC,HOU,Hunter Brown,Michael Wacha,-0.06,4.435,0.494,0.61,0.4,0.089,HIGH VALUE &mdash; KC,0.0,-0.06,4.435,0.494,0.089,HIGH VALUE &mdash; KC,,2026-09-15T20:40:08+00:00,2.0,False,1.5,0.362,0.373,0.0,8.72,0.565,0.469,0.381,0.015,no edge (best OVER 9.5),0.54,0.45,0.35,72.0,True,0.47,0.56,0.66,2026-09-16T00:10:00Z,risky,RISKY · Royals to win,,,,,,,,,,,,,,,,,,,,,,,,,
2026-09-15,824307,SD,COL,Kyle Freeland,Walker Buehler,-1.02,4.435,0.399,0.37,0.64,0.013,CAUTIOUS &mdash; small edge on COL,0.0,-1.02,4.435,0.399,0.013,CAUTIOUS &mdash; small edge on COL,,2026-09-15T20:40:08+00:00,6.0,False,1.5,0.285,0.457,0.0,10.83,0.719,0.638,0.556,0.068,UNDER 8.5,0.79,0.73,0.63,70.0,False,0.22,0.28,0.38,2026-09-16T00:40:00Z,risky,RISKY · Under 8.5 runs,,,,,,,,,,,,,,,,,,,,,,,,,
2026-09-15,823980,SEA,LAA,Ryan Johnson,Logan Gilbert,0.0,4.435,0.5,0.39,0.62,0.094,HIGH VALUE &mdash; LAA,0.0,0.0,4.435,0.5,0.094,HIGH VALUE &mdash; LAA,,2026-09-15T20:40:08+00:00,1.0,False,1.5,0.368,0.367,0.0,8.93,0.583,0.488,0.4,0.014,no edge (best OVER 9.5),0.56,0.47,0.37,73.0,False,0.45,0.54,0.64,2026-09-16T01:38:00Z,risky,RISKY · Angels to win,,,,,,,,,,,,,,,,,,,,,,,,,
2026-09-15,825030,MIA,AZ,Michael Soroka,Janson Junk,-0.0,4.435,0.5,0.58,0.43,0.053,HIGH VALUE &mdash; MIA,0.0,-0.0,4.435,0.5,0.053,HIGH VALUE &mdash; MIA,,2026-09-15T20:40:08+00:00,-2.0,False,1.5,0.368,0.368,0.0,9.49,0.628,0.537,0.449,0.022,no edge (best OVER 9.5),0.6,0.52,0.41,96.0,True,0.41,0.49,0.6,2026-09-16T01:40:00Z,risky,RISKY · Marlins to win,,,,,,,,,,,,,,,,,,,,,,,,,
2026-09-15,822925,ATH,TB,Griffin Jax,Jack Perkins,1.52,4.435,0.648,0.68,0.33,0.007,CAUTIOUS &mdash; small edge on ATH,0.0,1.52,4.435,0.648,0.007,CAUTIOUS &mdash; small edge on ATH,,2026-09-15T21:33:44+00:00,1.0,False,1.5,0.501,0.248,0.0,8.54,0.549,0.453,0.365,-0.01,no edge (best UNDER 8.5),0.55,0.47,0.36,72.0,True,0.46,0.54,0.65,2026-09-15T22:40:00Z,none,NO BET,0.5,0.49,0.23,0.22,0.006,0.23,0.248,no edge (best ATH -1.5),,,,,,,,,,,,,,,,,
2026-09-15,824384,CWS,CLE,Foster Griffin,Chris Murphy,0.16,4.435,0.516,0.59,0.42,0.047,HIGH VALUE &mdash; CWS,0.0,0.16,4.435,0.516,0.047,HIGH VALUE &mdash; CWS,,2026-09-15T21:33:44+00:00,1.0,False,1.5,0.381,0.354,0.0,8.69,0.562,0.466,0.378,0.047,UNDER 8.5,0.61,0.54,0.42,81.0,False,0.4,0.47,0.59,2026-09-15T22:40:00Z,risky,RISKY · White Sox to win,0.4,0.39,0.31,0.3,0.029,0.31,0.354,no edge (best CWS -1.5),,,,,,,,,,,,,,,,,
2026-09-15,824466,LAD,CIN,Rhett Lowder,Yoshinobu Yamamoto,-1.58,4.435,0.346,0.32,0.69,0.011,CAUTIOUS &mdash; small edge on CIN,0.0,-1.58,4.435,0.346,0.011,CAUTIOUS &mdash; small edge on CIN,,2026-09-15T21:33:44+00:00,-4.0,False,1.5,0.243,0.508,0.0,9.52,0.63,0.539,0.451,0.024,no edge (best OVER 9.5),0.6,0.51,0.41,91.0,False,0.41,0.5,0.6,2026-09-15T22:40:00Z,risky,RISKY · Reds +1.5,0.19,0.18,0.58,0.57,0.045,0.43,0.492,CIN +1.5,,,,,,,,,,,,,,,,,
2026-09-15,823333,MIL,PIT,Lake Bachar,Jacob Misiorowski,-0.99,4.435,0.402,0.35,0.66,0.036,CAUTIOUS &mdash; small edge on PIT,0.0,-0.99,4.435,0.402,0.036,CAUTIOUS &mdash; small edge on PIT,,2026-09-15T21:33:44+00:00,-4.0,False,1.5,0.287,0.454,0.0,8.17,0.515,0.418,0.331,-0.002,no edge (best OVER 7.5),0.5,0.42,0.32,82.0,False,0.51,0.59,0.69,2026-09-15T22:40:00Z,risky,RISKY · Pirates -1.5,0.2,0.18,0.54,0.53,0.076,0.2,0.287,PIT -1.5,,,,,,,,,,,,,,,,,
2026-09-15,822683,PHI,WSH,Jackson Kent,Cristopher Sánchez,-0.75,4.435,0.425,0.33,0.67,0.08,HIGH VALUE &mdash; WSH,0.0,-0.75,4.435,0.425,0.08,HIGH VALUE &mdash; WSH,,2026-09-15T21:33:44+00:00,3.0,False,1.5,0.306,0.433,0.0,9.15,0.601,0.507,0.419,0.034,no edge (best OVER 7.5),0.55,0.47,0.37,77.0,False,0.46,0.54,0.64,2026-09-15T22:45:00Z,risky,RISKY · Nationals -1.5,0.2,0.19,0.54,0.53,0.095,0.2,0.306,WSH -1.5,,,,,,,,,,,,,,,,,
2026-09-15,822762,DET,TOR,Braydon Fisher,Drew Anderson,-0.32,4.435,0.468,0.57,0.44,0.075,HIGH VALUE &mdash; DET,0.0,-0.32,4.435,0.468,0.075,HIGH VALUE &mdash; DET,,2026-09-15T21:33:44+00:00,-9.0,False,1.5,0.341,0.395,0.0,8.63,0.556,0.46,0.372,0.003,no edge (best UNDER 8.5),0.56,0.49,0.38,70.0,False,0.45,0.52,0.63,2026-09-15T23:07:00Z,risky,RISKY · Tigers to win,0.39,0.38,0.32,0.31,0.06,0.32,0.395,DET -1.5,,,,,,,,,,,,,,,,,
2026-09-15,823574,BAL,NYM,Sean Manaea,Shane Baz,-0.15,4.435,0.485,0.56,0.45,0.047,HIGH VALUE &mdash; BAL,0.0,-0.15,4.435,0.485,0.047,HIGH VALUE &mdash; BAL,,2026-09-15T21:33:44+00:00,-2.0,False,1.5,0.355,0.38,0.0,8.44,0.54,0.443,0.355,-0.01,no edge (best UNDER 8.5),0.55,0.46,0.36,68.0,False,0.46,0.55,0.65,2026-09-15T23:10:00Z,risky,RISKY · Orioles to win,0.37,0.36,0.34,0.32,0.024,0.34,0.38,no edge (best BAL -1.5),,,,,,,,,,,,,,,,,
2026-09-15,824627,ATL,CHC,Kevin Gausman,Martín Pérez,0.8,4.435,0.58,0.58,0.43,-0.017,NO VALUE at current price,0.0,0.8,4.435,0.58,-0.017,NO VALUE at current price,,2026-09-15T21:33:44+00:00,-3.0,False,1.5,0.438,0.302,0.0,8.86,0.577,0.482,0.394,0.001,no edge (best UNDER 8.5),0.59,0.51,0.4,74.0,False,0.42,0.5,0.61,2026-09-15T23:40:00Z,none,NO BET,0.39,0.38,0.32,0.31,0.031,0.39,0.438,no edge (best CHC -1.5),,,,,,,,,,,,,,,,,
2026-09-15,823654,NYY,MIN,Bailey Ober,Max Fried,-1.09,4.435,0.392,0.39,0.62,-0.015,NO VALUE at current price,0.0,-1.09,4.435,0.392,-0.015,NO VALUE at current price,,2026-09-15T21:33:44+00:00,-7.0,False,1.5,0.279,0.463,0.0,8.8,0.572,0.477,0.388,0.054,OVER 7.5,0.5,0.42,0.33,69.0,False,0.51,0.59,0.68,2026-09-15T23:40:00Z,risky,RISKY · Over 7.5 runs,0.24,0.22,0.48,0.47,0.026,0.24,0.279,no edge (best MIN -1.5),,,,,,,,,,,,,,,,,
2026-09-15,823007,SF,STL,Andre Pallante,Blade Tidwell,0.23,4.435,0.523,0.62,0.39,0.07,HIGH VALUE &mdash; SF,0.0,0.23,4.435,0.523,0.07,HIGH VALUE &mdash; SF,,2026-09-15T21:33:44+00:00,-7.0,False,1.5,0.387,0.348,0.0,9.79,0.651,0.561,0.474,0.098,OVER 9.5,0.54,0.47,0.36,91.0,False,0.47,0.54,0.65,2026-09-15T23:45:00Z,risky,RISKY · Over 9.5 runs,0.43,0.42,0.29,0.28,0.044,0.29,0.348,SF -1.5,,,,,,,,,,,,,,,,,
2026-09-15,822849,BOS,TEX,Jacob deGrom,Patrick Sandoval,-0.65,4.435,0.435,0.57,0.44,0.107,HIGH VALUE &mdash; BOS,0.0,-0.65,4.435,0.435,0.107,HIGH VALUE &mdash; BOS,,2026-09-15T21:33:44+00:00,2.0,False,1.5,0.314,0.424,0.0,8.02,0.5,0.403,0.317,0.01,no edge (best UNDER 8.5),0.52,0.44,0.34,72.0,True,0.49,0.57,0.67,2026-09-16T00:05:00Z,risky,RISKY · Red Sox to win,0.37,0.36,0.34,0.33,0.068,0.34,0.424,BOS -1.5,,,,,,,,,,,,,,,,,
2026-09-15,824143,KC,HOU,Hunter Brown,Michael Wacha,-0.06,4.435,0.494,0.61,0.4,0.089,HIGH VALUE &mdash; KC,0.0,-0.06,4.435,0.494,0.089,HIGH VALUE &mdash; KC,,2026-09-15T21:33:44+00:00,2.0,False,1.5,0.362,0.373,0.0,8.72,0.565,0.469,0.381,0.015,no edge (best OVER 9.5),0.54,0.45,0.35,72.0,True,0.47,0.56,0.66,2026-09-16T00:10:00Z,risky,RISKY · Royals to win,0.41,0.4,0.3,0.29,0.058,0.3,0.373,KC -1.5,,,,,,,,,,,,,,,,,
2026-09-15,824307,SD,COL,Kyle Freeland,Walker Buehler,-1.02,4.435,0.399,0.37,0.64,0.013,CAUTIOUS &mdash; small edge on COL,0.0,-1.02,4.435,0.399,0.013,CAUTIOUS &mdash; small edge on COL,,2026-09-15T21:33:44+00:00,6.0,False,1.5,0.285,0.457,0.0,10.82,0.719,0.638,0.555,0.068,UNDER 8.5,0.79,0.73,0.63,70.0,False,0.22,0.28,0.38,2026-09-16T00:40:00Z,risky,RISKY · Under 8.5 runs,0.24,0.23,0.54,0.53,0.056,0.47,0.543,COL +1.5,,,,,,,,,,,,,,,,,
2026-09-15,823980,SEA,LAA,Ryan Johnson,Logan Gilbert,0.0,4.435,0.5,0.39,0.62,0.094,HIGH VALUE &mdash; LAA,0.0,0.0,4.435,0.5,0.094,HIGH VALUE &mdash; LAA,,2026-09-15T21:33:44+00:00,1.0,False,1.5,0.368,0.367,0.0,8.93,0.582,0.488,0.399,0.013,no edge (best OVER 9.5),0.56,0.47,0.37,73.0,False,0.45,0.54,0.64,2026-09-16T01:38:00Z,risky,RISKY · Angels -1.5,0.24,0.23,0.48,0.47,0.115,0.24,0.368,LAA -1.5,,,,,,,,,,,,,,,,,
2026-09-15,825030,MIA,AZ,Michael Soroka,Janson Junk,-0.0,4.435,0.5,0.58,0.43,0.053,HIGH VALUE &mdash; MIA,0.0,-0.0,4.435,0.5,0.053,HIGH VALUE &mdash; MIA,,2026-09-15T21:33:44+00:00,-2.0,False,1.5,0.368,0.368,0.0,9.49,0.628,0.537,0.449,0.022,no edge (best OVER 9.5),0.6,0.52,0.41,96.0,True,0.41,0.49,0.6,2026-09-16T01:40:00Z,risky,RISKY · Marlins to win,0.4,0.39,0.32,0.31,0.033,0.32,0.368,no edge (best MIA -1.5),,,,,,,,,,,,,,,,,
2026-09-15,822925,ATH,TB,Griffin Jax,Jack Perkins,1.52,4.435,0.648,0.68,0.33,0.007,CAUTIOUS &mdash; small edge on ATH,0.0,1.52,4.435,0.648,0.007,CAUTIOUS &mdash; small edge on ATH,,2026-09-15T22:30:38+00:00,1.0,False,1.5,0.501,0.248,0.0,8.53,0.548,0.452,0.364,0.001,no edge (best UNDER 8.5),0.57,0.48,0.37,72.0,True,0.44,0.53,0.64,2026-09-15T22:40:00Z,none,NO BET,0.49,0.48,0.23,0.22,0.006,0.23,0.248,no edge (best ATH -1.5),,,,,,,,,,,,,,,,,
2026-09-15,824384,CWS,CLE,Foster Griffin,Chris Murphy,0.16,4.435,0.516,0.59,0.42,0.047,HIGH VALUE &mdash; CWS,0.0,0.16,4.435,0.516,0.047,HIGH VALUE &mdash; CWS,,2026-09-15T22:30:38+00:00,1.0,False,1.5,0.381,0.354,0.0,8.68,0.561,0.466,0.378,0.047,UNDER 8.5,0.61,0.54,0.42,81.0,False,0.4,0.47,0.59,2026-09-15T22:40:00Z,risky,RISKY · White Sox to win,0.41,0.4,0.31,0.3,0.029,0.31,0.354,no edge (best CWS -1.5),,,,,,,,,,,,,,,,,
2026-09-15,824466,LAD,CIN,Rhett Lowder,Yoshinobu Yamamoto,-1.58,4.435,0.346,0.32,0.69,0.011,CAUTIOUS &mdash; small edge on CIN,0.0,-1.58,4.435,0.346,0.011,CAUTIOUS &mdash; small edge on CIN,,2026-09-15T22:30:38+00:00,-4.0,False,1.5,0.243,0.508,0.0,9.51,0.63,0.538,0.45,0.033,no edge (best OVER 9.5),0.6,0.51,0.4,91.0,False,0.41,0.5,0.61,2026-09-15T22:40:00Z,risky,RISKY · Reds +1.5,0.19,0.18,0.58,0.57,0.045,0.43,0.492,CIN +1.5,,,,,,,,,,,,,,,,,
2026-09-15,823333,MIL,PIT,Lake Bachar,Jacob Misiorowski,-0.99,4.435,0.402,0.35,0.66,0.036,CAUTIOUS &mdash; small edge on PIT,0.0,-0.99,4.435,0.402,0.036,CAUTIOUS &mdash; small edge on PIT,,2026-09-15T22:30:38+00:00,-4.0,False,1.5,0.287,0.454,0.0,8.16,0.514,0.417,0.33,0.017,no edge (best OVER 7.5),0.48,0.41,0.31,82.0,False,0.53,0.6,0.7,2026-09-15T22:40:00Z,risky,RISKY · Pirates -1.5,0.2,0.19,0.53,0.52,0.076,0.2,0.287,PIT -1.5,,,,,,,,,,,,,,,,,
2026-09-15,822683,PHI,WSH,Jackson Kent,Cristopher Sánchez,-0.75,4.435,0.425,0.33,0.67,0.08,HIGH VALUE &mdash; WSH,0.0,-0.75,4.435,0.425,0.08,HIGH VALUE &mdash; WSH,,2026-09-15T22:30:38+00:00,3.0,False,1.5,0.306,0.433,0.0,9.07,0.594,0.5,0.412,0.027,no edge (best OVER 7.5),0.55,0.47,0.37,78.0,False,0.46,0.54,0.64,2026-09-15T22:45:00Z,risky,RISKY · Nationals -1.5,0.2,0.19,0.54,0.53,0.095,0.2,0.306,WSH -1.5,,,,,,,,,,,,,,,,,
2026-09-15,822762,DET,TOR,Braydon Fisher,Drew Anderson,-0.32,4.435,0.468,0.58,0.43,0.085,HIGH VALUE &mdash; DET,0.0,-0.32,4.435,0.468,0.085,HIGH VALUE &mdash; DET,,2026-09-15T22:30:38+00:00,-9.0,False,1.5,0.341,0.395,0.0,8.62,0.556,0.46,0.372,0.003,no edge (best UNDER 8.5),0.56,0.49,0.38,70.0,False,0.45,0.52,0.63,2026-09-15T23:07:00Z,risky,RISKY · Tigers to win,0.39,0.38,0.32,0.31,0.06,0.32,0.395,DET -1.5,,,,,,,,,,,,,,,,,
2026-09-15,823574,BAL,NYM,Sean Manaea,Shane Baz,-0.15,4.435,0.485,0.56,0.45,0.047,HIGH VALUE &mdash; BAL,0.0,-0.15,4.435,0.485,0.047,HIGH VALUE &mdash; BAL,,2026-09-15T22:30:38+00:00,-2.0,False,1.5,0.355,0.38,0.0,8.43,0.539,0.443,0.355,-0.0,no edge (best UNDER 8.5),0.55,0.47,0.37,68.0,False,0.46,0.54,0.64,2026-09-15T23:10:00Z,risky,RISKY · Orioles to win,0.37,0.36,0.34,0.32,0.024,0.34,0.38,no edge (best BAL -1.5),,,,,,,,,,,,,,,,,
2026-09-15,824627,ATL,CHC,Kevin Gausman,Martín Pérez,0.8,4.435,0.58,0.57,0.44,-0.007,NO VALUE at current price,0.0,0.8,4.435,0.58,-0.007,NO VALUE at current price,,2026-09-15T22:30:38+00:00,-3.0,False,1.5,0.438,0.302,0.0,8.97,0.586,0.492,0.403,-0.009,no edge (best UNDER 8.5),0.58,0.51,0.4,78.0,False,0.43,0.5,0.61,2026-09-15T23:40:00Z,none,NO BET,0.39,0.38,0.32,0.31,0.031,0.39,0.438,no edge (best CHC -1.5),,,,,,,,,,,,,,,,,
2026-09-15,823654,NYY,MIN,Bailey Ober,Max Fried,-1.09,4.435,0.392,0.39,0.62,-0.015,NO VALUE at current price,0.0,-1.09,4.435,0.392,-0.015,NO VALUE at current price,,2026-09-15T22:30:38+00:00,-7.0,False,1.5,0.279,0.463,0.0,8.8,0.571,0.476,0.388,0.053,OVER 7.5,0.5,0.42,0.33,69.0,False,0.51,0.59,0.68,2026-09-15T23:40:00Z,risky,RISKY · Over 7.5 runs,0.23,0.22,0.48,0.47,0.037,0.23,0.279,no edge (best MIN -1.5),,,,,,,,,,,,,,,,,
2026-09-15,823007,SF,STL,Andre Pallante,Blade Tidwell,0.23,4.435,0.523,0.62,0.39,0.07,HIGH VALUE &mdash; SF,0.0,0.23,4.435,0.523,0.07,HIGH VALUE &mdash; SF,,2026-09-15T22:30:38+00:00,-7.0,False,1.5,0.387,0.348,0.0,9.78,0.65,0.561,0.473,0.097,OVER 9.5,0.54,0.46,0.36,91.0,False,0.47,0.55,0.65,2026-09-15T23:45:00Z,risky,RISKY · Over 9.5 runs,0.43,0.42,0.29,0.27,0.044,0.29,0.348,SF -1.5,,,,,,,,,,,,,,,,,
2026-09-15,822849,BOS,TEX,Jacob deGrom,Patrick Sandoval,-0.65,4.435,0.435,0.57,0.44,0.107,HIGH VALUE &mdash; BOS,0.0,-0.65,4.435,0.435,0.107,HIGH VALUE &mdash; BOS,,2026-09-15T22:30:38+00:00,2.0,False,1.5,0.314,0.424,0.0,8.01,0.499,0.402,0.316,0.011,no edge (best UNDER 8.5),0.52,0.44,0.34,72.0,True,0.49,0.57,0.67,2026-09-16T00:05:00Z,risky,RISKY · Red Sox to win,0.37,0.36,0.33,0.32,0.079,0.33,0.424,BOS -1.5,,,,,,,,,,,,,,,,,
2026-09-15,824143,KC,HOU,Hunter Brown,Michael Wacha,-0.06,4.435,0.494,0.61,0.4,0.089,HIGH VALUE &mdash; KC,0.0,-0.06,4.435,0.494,0.089,HIGH VALUE &mdash; KC,,2026-09-15T22:30:38+00:00,2.0,False,1.5,0.362,0.373,0.0,8.71,0.564,0.468,0.38,0.014,no edge (best OVER 9.5),0.54,0.46,0.35,72.0,True,0.47,0.55,0.66,2026-09-16T00:10:00Z,risky,RISKY · Royals to win,0.41,0.4,0.3,0.29,0.058,0.3,0.373,KC -1.5,,,,,,,,,,,,,,,,,
2026-09-15,824307,SD,COL,Kyle Freeland,Walker Buehler,-1.02,4.435,0.399,0.37,0.65,0.013,CAUTIOUS &mdash; small edge on COL,0.0,-1.02,4.435,0.399,0.013,CAUTIOUS &mdash; small edge on COL,,2026-09-15T22:30:38+00:00,6.0,False,1.5,0.285,0.457,0.0,10.96,0.727,0.647,0.565,0.049,UNDER 8.5,0.79,0.72,0.62,74.0,False,0.23,0.29,0.39,2026-09-16T00:40:00Z,risky,RISKY · Rockies +1.5,0.24,0.23,0.54,0.53,0.056,0.47,0.543,COL +1.5,,,,,,,,,,,,,,,,,
2026-09-15,823980,SEA,LAA,Ryan Johnson,Logan Gilbert,0.0,4.435,0.5,0.39,0.62,0.094,HIGH VALUE &mdash; LAA,0.0,0.0,4.435,0.5,0.094,HIGH VALUE &mdash; LAA,,2026-09-15T22:30:38+00:00,1.0,False,1.5,0.368,0.367,0.0,9.08,0.595,0.501,0.413,0.038,no edge (best OVER 7.5),0.54,0.47,0.36,74.0,False,0.47,0.54,0.65,2026-09-16T01:38:00Z,risky,RISKY · Angels -1.5,0.24,0.23,0.48,0.47,0.115,0.24,0.368,LAA -1.5,,,,,,,,,,,,,,,,,
2026-09-15,825030,MIA,AZ,Michael Soroka,Janson Junk,-0.0,4.435,0.5,0.58,0.43,0.053,HIGH VALUE &mdash; MIA,0.0,-0.0,4.435,0.5,0.053,HIGH VALUE &mdash; MIA,,2026-09-15T22:30:38+00:00,-2.0,False,1.5,0.368,0.368,0.0,9.48,0.627,0.536,0.448,0.021,no edge (best OVER 9.5),0.6,0.52,0.41,72.0,True,0.41,0.49,0.6,2026-09-16T01:40:00Z,risky,RISKY · Marlins to win,0.4,0.39,0.32,0.31,0.033,0.32,0.368,no edge (best MIA -1.5),,,,,,,,,,,,,,,,,
2026-09-15,822762,DET,TOR,Braydon Fisher,Drew Anderson,-0.32,4.435,0.468,0.58,0.43,0.085,HIGH VALUE &mdash; DET,0.0,-0.32,4.435,0.468,0.085,HIGH VALUE &mdash; DET,,2026-09-15T22:50:21+00:00,-9.0,False,1.5,0.341,0.395,0.0,8.62,0.555,0.46,0.372,0.003,no edge (best UNDER 8.5),0.56,0.49,0.38,70.0,False,0.45,0.52,0.63,2026-09-15T23:07:00Z,pass,PASS,0.39,0.38,0.33,0.32,0.05,0.33,0.395,DET -1.5,,,,,,,,,,,,,,,,,
2026-09-15,823574,BAL,NYM,Sean Manaea,Shane Baz,-0.15,4.435,0.485,0.56,0.45,0.047,HIGH VALUE &mdash; BAL,0.0,-0.15,4.435,0.485,0.047,HIGH VALUE &mdash; BAL,,2026-09-15T22:50:21+00:00,-2.0,False,1.5,0.355,0.38,0.0,8.43,0.539,0.443,0.355,-0.0,no edge (best UNDER 8.5),0.55,0.47,0.37,68.0,False,0.46,0.54,0.64,2026-09-15T23:10:00Z,pass,PASS,0.37,0.36,0.34,0.33,0.024,0.34,0.38,no edge (best BAL -1.5),,,,,,,,,,,,,,,,,
2026-09-15,824627,ATL,CHC,Kevin Gausman,Martín Pérez,0.8,4.435,0.58,0.57,0.44,-0.007,NO VALUE at current price,0.0,0.8,4.435,0.58,-0.007,NO VALUE at current price,,2026-09-15T22:50:21+00:00,-3.0,False,1.5,0.438,0.302,0.0,8.97,0.586,0.492,0.404,-0.009,no edge (best UNDER 8.5),0.58,0.51,0.4,78.0,False,0.43,0.5,0.61,2026-09-15T23:40:00Z,pass,PASS,0.39,0.38,0.32,0.31,0.031,0.39,0.438,no edge (best CHC -1.5),,,,,,,,,,,,,,,,,
2026-09-15,823654,NYY,MIN,Bailey Ober,Max Fried,-1.09,4.435,0.392,0.39,0.62,-0.015,NO VALUE at current price,0.0,-1.09,4.435,0.392,-0.015,NO VALUE at current price,,2026-09-15T22:50:21+00:00,-7.0,False,1.5,0.279,0.463,0.0,8.8,0.571,0.476,0.388,0.053,OVER 7.5,0.5,0.42,0.33,69.0,False,0.51,0.59,0.68,2026-09-15T23:40:00Z,small,SMALL BET · Over 7.5 runs,0.23,0.22,0.48,0.47,0.037,0.23,0.279,no edge (best MIN -1.5),,,,,,,,,,,,,,,,,
2026-09-15,823007,SF,STL,Andre Pallante,Blade Tidwell,0.23,4.435,0.523,0.62,0.39,0.07,HIGH VALUE &mdash; SF,0.0,0.23,4.435,0.523,0.07,HIGH VALUE &mdash; SF,,2026-09-15T22:50:21+00:00,-7.0,False,1.5,0.387,0.348,0.0,9.74,0.647,0.557,0.469,0.093,OVER 9.5,0.55,0.46,0.36,91.0,False,0.47,0.55,0.65,2026-09-15T23:45:00Z,small,SMALL BET · Over 9.5 runs,0.43,0.42,0.29,0.28,0.044,0.29,0.348,SF -1.5,,,,,,,,,,,,,,,,,
2026-09-15,822849,BOS,TEX,Jacob deGrom,Patrick Sandoval,-0.65,4.435,0.435,0.57,0.44,0.107,HIGH VALUE &mdash; BOS,0.0,-0.65,4.435,0.435,0.107,HIGH VALUE &mdash; BOS,,2026-09-15T22:50:21+00:00,2.0,False,1.5,0.314,0.424,0.0,8.01,0.499,0.402,0.316,0.011,no edge (best UNDER 8.5),0.52,0.44,0.34,72.0,True,0.49,0.57,0.67,2026-09-16T00:05:00Z,pass,PASS,0.37,0.36,0.33,0.32,0.079,0.33,0.424,BOS -1.5,,,,,,,,,,,,,,,,,
2026-09-15,824143,KC,HOU,Hunter Brown,Michael Wacha,-0.06,4.435,0.494,0.6,0.41,0.079,HIGH VALUE &mdash; KC,0.0,-0.06,4.435,0.494,0.079,HIGH VALUE &mdash; KC,,2026-09-15T22:50:21+00:00,2.0,False,1.5,0.362,0.373,0.0,8.71,0.564,0.468,0.38,0.014,no edge (best OVER 9.5),0.54,0.46,0.35,72.0,True,0.47,0.55,0.66,2026-09-16T00:10:00Z,pass,PASS,0.41,0.4,0.3,0.29,0.058,0.3,0.373,KC -1.5,,,,,,,,,,,,,,,,,
2026-09-15,824307,SD,COL,Kyle Freeland,Walker Buehler,-1.02,4.435,0.399,0.37,0.65,0.013,CAUTIOUS &mdash; small edge on COL,0.0,-1.02,4.435,0.399,0.013,CAUTIOUS &mdash; small edge on COL,,2026-09-15T22:50:21+00:00,6.0,False,1.5,0.285,0.457,0.0,10.96,0.727,0.647,0.565,0.049,UNDER 8.5,0.78,0.72,0.62,74.0,False,0.23,0.29,0.39,2026-09-16T00:40:00Z,small,SMALL BET · Under 8.5 runs,0.24,0.23,0.54,0.53,0.056,0.47,0.543,COL +1.5,,,,,,,,,,,,,,,,,
2026-09-15,823980,SEA,LAA,Ryan Johnson,Logan Gilbert,0.0,4.435,0.5,0.39,0.62,0.094,HIGH VALUE &mdash; LAA,0.0,0.0,4.435,0.5,0.094,HIGH VALUE &mdash; LAA,,2026-09-15T22:50:21+00:00,1.0,False,1.5,0.368,0.367,0.0,9.08,0.595,0.501,0.413,0.038,no edge (best OVER 7.5),0.54,0.46,0.36,74.0,False,0.47,0.55,0.65,2026-09-16T01:38:00Z,pass,PASS,0.24,0.23,0.48,0.47,0.115,0.24,0.368,LAA -1.5,,,,,,,,,,,,,,,,,
2026-09-15,825030,MIA,AZ,Michael Soroka,Janson Junk,-0.0,4.435,0.5,0.58,0.43,0.053,HIGH VALUE &mdash; MIA,0.0,-0.0,4.435,0.5,0.053,HIGH VALUE &mdash; MIA,,2026-09-15T22:50:21+00:00,-2.0,False,1.5,0.368,0.368,0.0,9.48,0.627,0.536,0.448,0.021,no edge (best OVER 9.5),0.6,0.53,0.41,72.0,True,0.41,0.49,0.6,2026-09-16T01:40:00Z,pass,PASS,0.4,0.39,0.32,0.31,0.033,0.32,0.368,no edge (best MIA -1.5),,,,,,,,,,,,,,,,,
2026-09-15,824627,ATL,CHC,Kevin Gausman,Martín Pérez,0.8,4.435,0.58,0.57,0.44,-0.007,NO VALUE at current price,0.0,0.8,4.435,0.58,-0.007,NO VALUE at current price,,2026-09-15T23:21:45+00:00,-3.0,False,1.5,0.438,0.302,0.0,8.98,0.587,0.492,0.404,-0.009,no edge (best UNDER 8.5),0.58,0.51,0.4,78.0,False,0.43,0.5,0.61,2026-09-15T23:40:00Z,pass,PASS,0.39,0.38,0.32,0.31,0.031,0.39,0.438,no edge (best CHC -1.5),,,,,,,,,,,,,,,,,
2026-09-15,823654,NYY,MIN,Bailey Ober,Max Fried,-1.09,4.435,0.392,0.39,0.62,-0.015,NO VALUE at current price,0.0,-1.09,4.435,0.392,-0.015,NO VALUE at current price,,2026-09-15T23:21:45+00:00,-7.0,False,1.5,0.279,0.463,0.0,8.9,0.58,0.486,0.397,0.062,OVER 7.5,0.5,0.42,0.33,72.0,False,0.51,0.59,0.68,2026-09-15T23:40:00Z,small,SMALL BET · Over 7.5 runs,0.23,0.22,0.48,0.47,0.037,0.23,0.279,no edge (best MIN -1.5),,,,,,,,,,,,,,,,,
2026-09-15,823007,SF,STL,Andre Pallante,Blade Tidwell,0.23,4.435,0.523,0.62,0.39,0.07,HIGH VALUE &mdash; SF,0.0,0.23,4.435,0.523,0.07,HIGH VALUE &mdash; SF,,2026-09-15T23:21:45+00:00,-7.0,False,1.5,0.387,0.348,0.0,9.74,0.647,0.557,0.47,0.094,OVER 9.5,0.55,0.46,0.36,91.0,False,0.46,0.55,0.65,2026-09-15T23:45:00Z,small,SMALL BET · Over 9.5 runs,0.43,0.42,0.28,0.27,0.054,0.28,0.348,SF -1.5,,,,,,,,,,,,,,,,,
2026-09-15,822849,BOS,TEX,Jacob deGrom,Patrick Sandoval,-0.65,4.435,0.435,0.57,0.44,0.107,HIGH VALUE &mdash; BOS,0.0,-0.65,4.435,0.435,0.107,HIGH VALUE &mdash; BOS,,2026-09-15T23:21:45+00:00,2.0,False,1.5,0.314,0.424,0.0,8.01,0.499,0.402,0.316,0.011,no edge (best UNDER 8.5),0.52,0.44,0.34,74.0,True,0.49,0.57,0.67,2026-09-16T00:05:00Z,pass,PASS,0.37,0.36,0.33,0.32,0.079,0.33,0.424,BOS -1.5,,,,,,,,,,,,,,,,,
2026-09-15,824143,KC,HOU,Hunter Brown,Michael Wacha,-0.06,4.435,0.494,0.6,0.41,0.079,HIGH VALUE &mdash; KC,0.0,-0.06,4.435,0.494,0.079,HIGH VALUE &mdash; KC,,2026-09-15T23:21:45+00:00,2.0,False,1.5,0.362,0.373,0.0,8.71,0.564,0.469,0.38,0.014,no edge (best OVER 9.5),0.54,0.46,0.35,73.0,True,0.47,0.55,0.66,2026-09-16T00:10:00Z,pass,PASS,0.41,0.4,0.3,0.29,0.058,0.3,0.373,KC -1.5,,,,,,,,,,,,,,,,,
2026-09-15,824307,SD,COL,Kyle Freeland,Walker Buehler,-1.02,4.435,0.399,0.37,0.65,0.013,CAUTIOUS &mdash; small edge on COL,0.0,-1.02,4.435,0.399,0.013,CAUTIOUS &mdash; small edge on COL,,2026-09-15T23:21:45+00:00,6.0,False,1.5,0.285,0.457,0.0,10.96,0.727,0.647,0.566,0.049,UNDER 8.5,0.78,0.72,0.62,74.0,False,0.23,0.29,0.39,2026-09-16T00:40:00Z,small,SMALL BET · Under 8.5 runs,0.24,0.23,0.54,0.53,0.056,0.47,0.543,COL +1.5,,,,,,,,,,,,,,,,,
2026-09-15,823980,SEA,LAA,Ryan Johnson,Logan Gilbert,0.0,4.435,0.5,0.39,0.62,0.094,HIGH VALUE &mdash; LAA,0.0,0.0,4.435,0.5,0.094,HIGH VALUE &mdash; LAA,,2026-09-15T23:21:45+00:00,1.0,False,1.5,0.368,0.367,0.0,9.08,0.595,0.501,0.413,0.038,no edge (best OVER 7.5),0.54,0.46,0.36,74.0,False,0.47,0.55,0.65,2026-09-16T01:38:00Z,pass,PASS,0.24,0.23,0.48,0.47,0.115,0.24,0.368,LAA -1.5,,,,,,,,,,,,,,,,,
2026-09-15,825030,MIA,AZ,Michael Soroka,Janson Junk,-0.0,4.435,0.5,0.58,0.43,0.053,HIGH VALUE &mdash; MIA,0.0,-0.0,4.435,0.5,0.053,HIGH VALUE &mdash; MIA,,2026-09-15T23:21:45+00:00,-2.0,False,1.5,0.368,0.368,0.0,9.48,0.627,0.536,0.448,0.021,no edge (best OVER 9.5),0.6,0.53,0.41,72.0,True,0.41,0.48,0.6,2026-09-16T01:40:00Z,pass,PASS,0.4,0.39,0.32,0.31,0.033,0.32,0.368,no edge (best MIA -1.5),,,,,,,,,,,,,,,,,
2026-09-15,822849,BOS,TEX,Jacob deGrom,Patrick Sandoval,-0.65,4.435,0.435,0.57,0.44,0.107,HIGH VALUE &mdash; BOS,0.0,-0.65,4.435,0.435,0.107,HIGH VALUE &mdash; BOS,,2026-09-16T00:04:54+00:00,2.0,False,1.5,0.314,0.424,0.0,8.01,0.5,0.403,0.317,0.021,no edge (best UNDER 6.5),0.52,0.45,0.34,74.0,True,0.49,0.56,0.67,2026-09-16T00:05:00Z,pass,PASS,0.38,0.37,0.33,0.32,0.079,0.33,0.424,BOS -1.5,0.603,0.65,0.36,0.243,0.28,0.74,0.183,0.21,0.8,0.135,0.16,0.86,,,,,
2026-09-15,824143,KC,HOU,Hunter Brown,Michael Wacha,-0.06,4.435,0.494,0.6,0.41,0.079,HIGH VALUE &mdash; KC,0.0,-0.06,4.435,0.494,0.079,HIGH VALUE &mdash; KC,,2026-09-16T00:04:54+00:00,2.0,False,1.5,0.362,0.373,0.0,8.72,0.564,0.469,0.381,0.015,no edge (best OVER 9.5),0.54,0.45,0.35,73.0,True,0.47,0.56,0.66,2026-09-16T00:10:00Z,pass,PASS,0.41,0.4,0.3,0.29,0.058,0.3,0.373,KC -1.5,0.662,0.66,0.36,0.302,0.29,0.72,0.235,0.22,0.8,0.18,0.17,0.84,,,,,
2026-09-15,824307,SD,COL,Kyle Freeland,Walker Buehler,-1.02,4.435,0.399,0.37,0.64,0.013,CAUTIOUS &mdash; small edge on COL,0.0,-1.02,4.435,0.399,0.013,CAUTIOUS &mdash; small edge on COL,,2026-09-16T00:04:54+00:00,6.0,False,1.5,0.285,0.457,0.0,10.97,0.728,0.648,0.566,0.048,UNDER 8.5,0.78,0.72,0.63,74.0,False,0.23,0.29,0.38,2026-09-16T00:40:00Z,small,SMALL BET · Under 8.5 runs,0.24,0.23,0.54,0.53,0.056,0.47,0.543,COL +1.5,0.802,0.86,0.15,0.486,0.55,0.46,0.41,0.46,0.55,0.341,0.39,0.62,,,,,
2026-09-15,823980,SEA,LAA,Ryan Johnson,Logan Gilbert,0.0,4.435,0.5,0.39,0.62,0.094,HIGH VALUE &mdash; LAA,0.0,0.0,4.435,0.5,0.094,HIGH VALUE &mdash; LAA,,2026-09-16T00:04:54+00:00,1.0,False,1.5,0.368,0.367,0.0,9.09,0.596,0.502,0.413,0.039,no edge (best OVER 7.5),0.54,0.46,0.36,74.0,False,0.47,0.55,0.65,2026-09-16T01:38:00Z,pass,PASS,0.24,0.23,0.48,0.47,0.115,0.24,0.368,LAA -1.5,0.69,0.66,0.35,0.333,0.3,0.71,0.264,0.23,0.78,0.205,0.18,0.83,,,,,
2026-09-15,825030,MIA,AZ,Michael Soroka,Janson Junk,-0.0,4.435,0.5,0.58,0.43,0.053,HIGH VALUE &mdash; MIA,0.0,-0.0,4.435,0.5,0.053,HIGH VALUE &mdash; MIA,,2026-09-16T00:04:54+00:00,-2.0,False,1.5,0.368,0.368,0.0,9.49,0.628,0.536,0.448,0.021,no edge (best OVER 9.5),0.6,0.53,0.41,72.0,True,0.41,0.48,0.6,2026-09-16T01:40:00Z,pass,PASS,0.4,0.39,0.32,0.31,0.033,0.32,0.368,no edge (best MIA -1.5),0.718,0.71,0.3,0.367,0.34,0.67,0.295,0.27,0.74,0.233,0.21,0.8,,,,,
2026-09-15,824307,SD,COL,Kyle Freeland,Walker Buehler,-1.02,4.435,0.399,0.37,0.64,0.013,CAUTIOUS &mdash; small edge on COL,0.0,-1.02,4.435,0.399,0.013,CAUTIOUS &mdash; small edge on COL,,2026-09-16T00:13:29+00:00,6.0,False,1.5,0.285,0.457,0.0,10.97,0.728,0.648,0.566,0.048,UNDER 8.5,0.78,0.72,0.63,74.0,False,0.23,0.29,0.38,2026-09-16T00:40:00Z,small,SMALL BET · Under 8.5 runs,0.24,0.23,0.54,0.53,0.056,0.47,0.543,COL +1.5,0.802,0.86,0.15,0.486,0.55,0.46,0.41,0.46,0.55,0.341,0.39,0.62,,,,,
2026-09-15,823980,SEA,LAA,Ryan Johnson,Logan Gilbert,0.0,4.435,0.5,0.39,0.62,0.094,HIGH VALUE &mdash; LAA,0.0,0.0,4.435,0.5,0.094,HIGH VALUE &mdash; LAA,,2026-09-16T00:13:29+00:00,1.0,False,1.5,0.368,0.367,0.0,9.09,0.596,0.502,0.413,0.039,no edge (best OVER 7.5),0.54,0.46,0.36,74.0,False,0.47,0.55,0.65,2026-09-16T01:38:00Z,pass,PASS,0.24,0.23,0.48,0.47,0.115,0.24,0.368,LAA -1.5,0.69,0.66,0.36,0.333,0.3,0.71,0.264,0.23,0.78,0.205,0.18,0.83,,,,,
2026-09-15,825030,MIA,AZ,Michael Soroka,Janson Junk,-0.0,4.435,0.5,0.58,0.43,0.053,HIGH VALUE &mdash; MIA,0.0,-0.0,4.435,0.5,0.053,HIGH VALUE &mdash; MIA,,2026-09-16T00:13:29+00:00,-2.0,False,1.5,0.368,0.368,0.0,9.49,0.628,0.536,0.448,0.021,no edge (best OVER 9.5),0.6,0.53,0.41,72.0,True,0.41,0.48,0.6,2026-09-16T01:40:00Z,pass,PASS,0.4,0.39,0.32,0.31,0.033,0.32,0.368,no edge (best MIA -1.5),0.718,0.71,0.3,0.367,0.34,0.67,0.295,0.27,0.74,0.233,0.21,0.8,,,,,
2026-09-15,824307,SD,COL,Kyle Freeland,Walker Buehler,-1.02,4.435,0.399,0.37,0.64,0.013,CAUTIOUS &mdash; small edge on COL,0.0,-1.02,4.435,0.399,0.013,CAUTIOUS &mdash; small edge on COL,,2026-09-16T00:18:54+00:00,6.0,False,1.5,0.285,0.457,0.0,10.97,0.728,0.648,0.566,0.048,UNDER 8.5,0.78,0.72,0.63,74.0,False,0.23,0.29,0.38,2026-09-16T00:40:00Z,small,SMALL BET · Under 8.5 runs,0.24,0.23,0.54,0.53,0.056,0.47,0.543,COL +1.5,0.802,0.86,0.15,0.486,0.55,0.46,0.41,0.46,0.55,0.341,0.39,0.62,,,,,
2026-09-15,823980,SEA,LAA,Ryan Johnson,Logan Gilbert,0.0,4.435,0.5,0.39,0.62,0.094,HIGH VALUE &mdash; LAA,0.0,0.0,4.435,0.5,0.094,HIGH VALUE &mdash; LAA,,2026-09-16T00:18:54+00:00,1.0,False,1.5,0.368,0.367,0.0,9.09,0.596,0.502,0.413,0.039,no edge (best OVER 7.5),0.54,0.46,0.36,74.0,False,0.47,0.55,0.65,2026-09-16T01:38:00Z,pass,PASS,0.24,0.23,0.48,0.47,0.115,0.24,0.368,LAA -1.5,0.69,0.66,0.35,0.333,0.3,0.71,0.264,0.23,0.78,0.205,0.18,0.83,,,,,
2026-09-15,825030,MIA,AZ,Michael Soroka,Janson Junk,-0.0,4.435,0.5,0.58,0.43,0.053,HIGH VALUE &mdash; MIA,0.0,-0.0,4.435,0.5,0.053,HIGH VALUE &mdash; MIA,,2026-09-16T00:18:54+00:00,-2.0,False,1.5,0.368,0.368,0.0,9.49,0.628,0.537,0.449,0.022,no edge (best OVER 9.5),0.61,0.53,0.41,72.0,True,0.4,0.48,0.6,2026-09-16T01:40:00Z,pass,PASS,0.4,0.39,0.32,0.31,0.033,0.32,0.368,no edge (best MIA -1.5),0.718,0.72,0.29,0.367,0.34,0.67,0.295,0.27,0.74,0.233,0.21,0.8,,,,,
2026-09-16,824382,CWS,CLE,Parker Messick,Anthony Kay,0.4,4.435,0.54,0.63,0.38,0.064,HIGH VALUE &mdash; CWS,0.0,0.4,4.435,0.54,0.064,HIGH VALUE &mdash; CWS,,2026-09-16T07:10:54+00:00,3.0,False,1.5,0.402,0.334,0.0,8.35,0.531,0.435,0.347,0.008,no edge (best UNDER 8.5),0.52,0.47,0.35,79.0,False,0.49,0.54,0.67,2026-09-16T17:10:00Z,pass,PASS,0.43,0.42,0.28,0.27,0.04,0.28,0.334,no edge (best CWS -1.5),0.632,0.64,0.37,0.271,0.29,0.73,0.207,0.22,0.8,0.156,0.18,0.83,CLE,0.58,0.55,-0.047,no edge (best CLE NO -1.5)
2026-09-16,823004,SF,STL,Matthew Liberatore,Anthony Molina,0.29,4.435,0.529,0.61,0.4,0.054,HIGH VALUE &mdash; SF,0.0,0.29,4.435,0.529,0.054,HIGH VALUE &mdash; SF,,2026-09-16T07:10:54+00:00,-1.0,False,1.5,0.393,0.343,0.0,9.7,0.644,0.554,0.467,0.081,OVER 9.5,0.55,0.47,0.37,93.0,False,0.46,0.54,0.64,2026-09-16T17:15:00Z,small,SMALL BET · Over 9.5 runs,0.41,0.39,0.3,0.28,0.028,0.3,0.343,no edge (best SF -1.5),0.732,0.67,0.35,0.385,0.29,0.72,0.312,0.22,0.79,0.248,0.18,0.83,STL,0.61,0.564,-0.063,no edge (best STL NO -1.5)
2026-09-16,823655,NYY,MIN,Zebby Matthews,Carlos Rodón,-0.87,4.435,0.414,0.43,0.58,-0.011,NO VALUE at current price,0.0,-0.87,4.435,0.414,-0.011,NO VALUE at current price,,2026-09-16T07:10:54+00:00,1.0,False,1.5,0.296,0.444,0.0,8.66,0.559,0.464,0.375,0.002,no edge (best OVER 7.5),0.54,0.46,0.37,69.0,False,0.47,0.55,0.64,2026-09-16T17:40:00Z,pass,PASS,0.27,0.26,0.45,0.44,0.012,0.27,0.296,no edge (best MIN -1.5),0.658,0.66,0.35,0.297,0.31,0.7,0.231,0.23,0.79,0.176,0.18,0.83,NYY,0.56,0.585,0.008,no edge (best NYY NO -1.5)
2026-09-16,822763,DET,TOR,Max Scherzer,Keider Montero,-0.61,4.435,0.439,0.54,0.48,0.064,HIGH VALUE &mdash; DET,0.0,-0.61,4.435,0.439,0.064,HIGH VALUE &mdash; DET,,2026-09-16T07:10:54+00:00,4.0,False,1.5,0.317,0.421,0.0,9.38,0.619,0.527,0.439,0.032,no edge (best OVER 9.5),0.58,0.5,0.39,75.0,False,0.44,0.51,0.62,2026-09-16T19:07:00Z,pass,PASS,0.36,0.35,0.35,0.34,0.055,0.35,0.421,DET -1.5,0.711,0.69,0.32,0.358,0.33,0.68,0.286,0.26,0.75,0.225,0.21,0.8,TOR,0.65,0.614,-0.052,no edge (best TOR NO -1.5)
2026-09-16,822926,ATH,TB,Nick Martinez,Brady Basso,1.49,4.435,0.646,0.64,0.37,-0.01,NO VALUE at current price,0.0,1.49,4.435,0.646,-0.01,NO VALUE at current price,,2026-09-16T07:10:54+00:00,1.0,False,1.5,0.499,0.25,0.0,8.95,0.585,0.49,0.401,0.042,OVER 11.5,0.53,0.45,0.35,82.0,True,0.48,0.56,0.66,2026-09-16T22:40:00Z,small,SMALL BET · Over 11.5 runs,0.44,0.43,0.26,0.25,0.042,0.44,0.499,TB -1.5,0.68,0.64,0.37,0.322,0.3,0.71,0.253,0.2,0.81,0.195,0.16,0.85,TB,0.57,0.542,-0.045,no edge (best TB NO -1.5)
2026-09-16,824467,LAD,CIN,Andrew Abbott,Blake Snell,-1.63,4.435,0.341,0.35,0.66,-0.017,NO VALUE at current price,0.0,-1.63,4.435,0.341,-0.017,NO VALUE at current price,,2026-09-16T07:10:54+00:00,4.0,False,1.5,0.24,0.512,0.0,9.22,0.607,0.514,0.425,-0.002,no edge (best OVER 9.5),0.6,0.51,0.41,92.0,False,0.41,0.5,0.61,2026-09-16T22:40:00Z,pass,PASS,0.22,0.2,0.55,0.54,0.011,0.46,0.488,no edge (best CIN +1.5),0.7,0.69,0.32,0.345,0.34,0.67,0.274,0.27,0.74,0.214,0.23,0.78,LAD,0.46,0.528,0.051,LAD NO -1.5
2026-09-16,823332,MIL,PIT,Jared Jones,Logan Henderson,-0.99,4.435,0.402,0.45,0.57,0.01,CAUTIOUS &mdash; small edge on MIL,0.0,-0.99,4.435,0.402,0.01,CAUTIOUS &mdash; small edge on MIL,,2026-09-16T07:10:54+00:00,-1.0,False,1.5,0.288,0.454,0.0,8.55,0.55,0.454,0.366,0.023,no edge (best OVER 7.5),0.51,0.43,0.33,80.0,False,0.5,0.58,0.68,2026-09-16T22:40:00Z,pass,PASS,0.28,0.27,0.43,0.42,0.007,0.43,0.454,no edge (best MIL -1.5),0.649,0.63,0.38,0.288,0.29,0.72,0.223,0.21,0.8,0.169,,,MIL,0.58,0.592,-0.005,no edge (best MIL NO -1.5)
2026-09-16,822680,PHI,WSH,Jared Simpson,Zack Wheeler,-0.33,4.435,0.467,0.37,0.64,0.08,HIGH VALUE &mdash; WSH,0.0,-0.33,4.435,0.467,0.08,HIGH VALUE &mdash; WSH,,2026-09-16T07:10:54+00:00,-3.0,False,1.5,0.34,0.396,0.0,9.39,0.621,0.528,0.44,0.033,no edge (best OVER 9.5),0.58,0.51,0.39,81.0,False,0.43,0.5,0.62,2026-09-16T22:45:00Z,pass,PASS,0.23,0.22,0.5,0.49,0.098,0.23,0.34,WSH -1.5,0.712,0.68,0.33,0.359,0.33,0.68,0.288,0.25,0.77,0.226,,,PHI,0.51,0.542,0.015,no edge (best PHI NO -1.5)
2026-09-16,823576,BAL,NYM,Robert Stock,Chris Bassitt,0.1,4.435,0.51,0.57,0.45,0.022,CAUTIOUS &mdash; small edge on BAL,0.0,0.1,4.435,0.51,0.022,CAUTIOUS &mdash; small edge on BAL,,2026-09-16T07:10:54+00:00,-6.0,False,1.5,0.376,0.359,0.0,9.02,0.591,0.497,0.408,0.008,no edge (best UNDER 12.5),0.6,0.53,0.42,72.0,False,0.41,0.48,0.59,2026-09-16T23:10:00Z,pass,PASS,0.39,0.38,0.33,0.32,0.014,0.33,0.359,no edge (best BAL -1.5),0.686,0.72,0.3,0.328,0.35,0.66,0.259,0.27,0.74,0.2,0.23,0.78,NYM,0.62,0.592,-0.044,no edge (best NYM NO -1.5)
2026-09-16,824626,ATL,CHC,Shota Imanaga,JR Ritchie,0.49,4.435,0.549,0.57,0.44,-0.006,NO VALUE at current price,0.0,0.49,4.435,0.549,-0.006,NO VALUE at current price,,2026-09-16T07:10:54+00:00,4.0,False,1.5,0.41,0.327,0.0,8.68,0.561,0.466,0.377,0.019,no edge (best OVER 8.5),0.53,0.43,0.36,68.0,False,0.48,0.58,0.65,2026-09-16T23:40:00Z,pass,PASS,0.39,0.38,0.33,0.31,0.003,0.39,0.41,no edge (best CHC -1.5),0.66,0.64,0.37,0.299,0.3,0.71,0.233,0.23,0.78,0.177,0.19,0.82,CHC,0.62,0.592,-0.044,no edge (best CHC NO -1.5)
2026-09-16,822846,BOS,TEX,MacKenzie Gore,Jake Bennett,-1.04,4.435,0.397,0.51,0.49,0.096,HIGH VALUE &mdash; BOS,0.0,-1.04,4.435,0.397,0.096,HIGH VALUE &mdash; BOS,,2026-09-16T07:10:54+00:00,4.0,False,1.5,0.283,0.459,0.0,8.14,0.511,0.415,0.328,0.023,no edge (best UNDER 10.5),0.54,0.46,0.36,94.0,True,0.47,0.55,0.65,2026-09-17T00:05:00Z,pass,PASS,0.34,0.33,0.38,0.37,0.063,0.38,0.459,BOS -1.5,0.614,0.64,0.37,0.253,0.3,0.71,0.192,0.23,0.78,0.142,,,TEX,0.67,0.635,-0.05,no edge (best TEX NO -1.5)
2026-09-16,824140,KC,HOU,Cristian Javier,Daniel Lynch IV,0.16,4.435,0.516,0.57,0.44,0.027,CAUTIOUS &mdash; small edge on KC,0.0,0.16,4.435,0.516,0.027,CAUTIOUS &mdash; small edge on KC,,2026-09-16T07:10:54+00:00,-3.0,False,1.5,0.381,0.354,0.0,8.8,0.571,0.476,0.388,0.037,no edge (best UNDER 8.5),0.61,0.54,0.43,84.0,True,0.4,0.47,0.58,2026-09-17T00:10:00Z,pass,PASS,0.39,0.38,0.32,0.31,0.019,0.32,0.354,no edge (best KC -1.5),0.669,0.73,0.29,0.309,0.36,0.65,0.241,0.27,0.74,0.185,0.23,0.78,HOU,0.62,0.592,-0.044,no edge (best HOU NO -1.5)
2026-09-16,824306,SD,COL,Mason Adams,Robbie Ray,-0.95,4.435,0.406,0.4,0.61,-0.011,NO VALUE at current price,0.0,-0.95,4.435,0.406,-0.011,NO VALUE at current price,,2026-09-16T07:10:54+00:00,-6.0,False,1.5,0.29,0.451,0.0,10.92,0.725,0.645,0.563,0.06,UNDER 10.5,0.78,0.73,0.64,78.0,False,0.23,0.29,0.37,2026-09-17T00:40:00Z,small,SMALL BET · Under 10.5 runs,0.26,0.25,0.51,0.5,0.031,0.5,0.549,no edge (best COL +1.5),0.8,0.86,0.15,0.483,0.57,0.44,0.407,0.48,0.53,0.338,0.41,0.6,SD,0.5,0.564,0.046,SD NO -1.5
2026-09-16,823979,SEA,LAA,Yusei Kikuchi,George Kirby,-0.02,4.435,0.498,0.45,0.56,0.03,CAUTIOUS &mdash; small edge on LAA,0.0,-0.02,4.435,0.498,0.03,CAUTIOUS &mdash; small edge on LAA,,2026-09-16T07:10:54+00:00,-5.0,False,1.5,0.366,0.37,0.0,8.86,0.577,0.482,0.394,-0.002,no edge (best OVER 6.5),0.57,0.47,0.38,71.0,False,0.44,0.54,0.63,2026-09-17T01:38:00Z,pass,PASS,0.29,0.28,0.43,0.42,0.062,0.29,0.366,LAA -1.5,0.674,0.66,0.35,0.315,0.31,0.7,0.246,0.25,0.76,0.19,0.19,0.82,SEA,0.58,0.6,0.003,no edge (best SEA NO -1.5)
2026-09-16,825031,MIA,AZ,Merrill Kelly,Ryan Gusto,-0.36,4.435,0.464,0.56,0.46,0.059,HIGH VALUE &mdash; MIA,0.0,-0.36,4.435,0.464,0.059,HIGH VALUE &mdash; MIA,,2026-09-16T07:10:54+00:00,-1.0,False,1.5,0.337,0.399,0.0,9.88,0.657,0.568,0.481,0.014,no edge (best OVER 9.5),0.63,0.57,0.45,75.0,True,0.38,0.44,0.56,2026-09-17T01:40:00Z,pass,PASS,0.38,0.37,0.34,0.33,0.043,0.34,0.399,MIA -1.5,0.743,0.74,0.27,0.4,0.38,0.64,0.326,0.31,0.7,0.261,0.25,0.76,AZ,0.63,0.6,-0.046,no edge (best AZ NO -1.5)
2026-09-16,822763,DET,TOR,Max Scherzer,Keider Montero,-0.61,4.435,0.439,0.55,0.46,0.084,HIGH VALUE &mdash; DET,0.0,-0.61,4.435,0.439,0.084,HIGH VALUE &mdash; DET,,2026-09-16T18:46:14+00:00,4.0,False,1.5,0.317,0.421,0.0,9.41,0.622,0.53,0.442,0.046,OVER 9.5,0.57,0.49,0.38,75.0,False,0.44,0.52,0.63,2026-09-16T19:07:00Z,small,SMALL BET · Over 9.5 runs,0.36,0.35,0.35,0.34,0.055,0.35,0.421,DET -1.5,0.713,0.68,0.33,0.36,0.31,0.7,0.289,0.24,0.77,0.227,0.19,0.82,TOR,0.65,0.607,-0.059,no edge (best TOR NO -1.5)
2026-09-16,822926,ATH,TB,Nick Martinez,Brady Basso,1.49,4.435,0.646,0.63,0.38,-0.001,NO VALUE at current price,0.0,1.49,4.435,0.646,-0.001,NO VALUE at current price,,2026-09-16T18:46:14+00:00,1.0,False,1.5,0.499,0.25,0.0,8.94,0.584,0.489,0.401,0.025,no edge (best OVER 9.5),0.55,0.46,0.36,72.0,True,0.46,0.55,0.65,2026-09-16T22:40:00Z,pass,PASS,0.44,0.43,0.27,0.26,0.042,0.44,0.499,TB -1.5,0.68,0.66,0.35,0.321,0.29,0.72,0.253,0.23,0.78,0.195,0.17,0.84,TB,0.57,0.55,-0.037,no edge (best TB NO -1.5)
2026-09-16,824467,LAD,CIN,Andrew Abbott,Blake Snell,-1.63,4.435,0.341,0.34,0.67,-0.015,NO VALUE at current price,0.0,-1.63,4.435,0.341,-0.015,NO VALUE at current price,,2026-09-16T18:46:14+00:00,4.0,False,1.5,0.24,0.512,0.0,8.63,0.557,0.461,0.373,0.005,no edge (best UNDER 12.5),0.57,0.49,0.39,76.0,False,0.44,0.52,0.62,2026-09-16T22:40:00Z,pass,PASS,0.21,0.2,0.55,0.54,0.018,0.21,0.24,no edge (best CIN -1.5),0.655,0.68,0.33,0.295,0.32,0.7,0.228,0.23,0.78,0.174,0.2,0.81,LAD,0.46,0.521,0.044,LAD NO -1.5
2026-09-16,823332,MIL,PIT,Jared Jones,Logan Henderson,-0.99,4.435,0.402,0.47,0.54,0.04,HIGH VALUE &mdash; MIL,0.0,-0.99,4.435,0.402,0.04,HIGH VALUE &mdash; MIL,,2026-09-16T18:46:14+00:00,-1.0,False,1.5,0.288,0.454,0.0,8.63,0.557,0.461,0.373,0.06,OVER 7.5,0.48,0.4,0.3,83.0,False,0.53,0.61,0.71,2026-09-16T22:40:00Z,small,SMALL BET · Over 7.5 runs,0.28,0.27,0.41,0.4,0.027,0.41,0.454,no edge (best MIL -1.5),0.656,0.61,0.4,0.295,0.26,0.75,0.229,0.19,0.82,0.174,,,MIL,0.6,0.614,-0.003,no edge (best MIL NO -1.5)
2026-09-16,822680,PHI,WSH,Jared Simpson,Zack Wheeler,-0.33,4.435,0.467,0.36,0.65,0.09,HIGH VALUE &mdash; WSH,0.0,-0.33,4.435,0.467,0.09,HIGH VALUE &mdash; WSH,,2026-09-16T18:46:14+00:00,-3.0,False,1.5,0.34,0.396,0.0,9.38,0.62,0.528,0.439,0.005,no edge (best UNDER 8.5),0.63,0.56,0.44,81.0,False,0.38,0.45,0.57,2026-09-16T22:45:00Z,pass,PASS,0.23,0.22,0.52,0.51,0.098,0.23,0.34,WSH -1.5,0.711,0.73,0.28,0.358,0.36,0.65,0.287,0.29,0.72,0.226,,,PHI,0.49,0.535,0.028,no edge (best PHI NO -1.5)
2026-09-16,823576,BAL,NYM,Xzavion Curry,Chris Bassitt,0.15,4.435,0.515,0.53,0.48,-0.012,NO VALUE at current price,0.0,0.15,4.435,0.515,-0.012,NO VALUE at current price,,2026-09-16T18:46:14+00:00,-6.0,False,1.5,0.38,0.355,0.0,9.15,0.601,0.507,0.419,0.016,no edge (best UNDER 8.5),0.62,0.55,0.43,71.0,False,0.39,0.46,0.58,2026-09-16T23:10:00Z,pass,PASS,0.36,0.35,0.36,0.35,0.004,0.36,0.38,no edge (best NYM -1.5),0.695,0.73,0.28,0.339,0.36,0.65,0.269,0.28,0.73,0.209,0.23,0.78,NYM,0.65,0.621,-0.045,no edge (best NYM NO -1.5)
2026-09-16,824626,ATL,CHC,Shota Imanaga,JR Ritchie,0.49,4.435,0.549,0.6,0.41,0.024,CAUTIOUS &mdash; small edge on ATL,0.0,0.49,4.435,0.549,0.024,CAUTIOUS &mdash; small edge on ATL,,2026-09-16T18:46:14+00:00,4.0,False,1.5,0.41,0.327,0.0,8.65,0.558,0.462,0.374,0.051,OVER 7.5,0.49,0.41,0.32,67.0,False,0.52,0.6,0.7,2026-09-16T23:40:00Z,small,SMALL BET · Over 7.5 runs,0.4,0.39,0.29,0.28,0.023,0.29,0.327,no edge (best ATL -1.5),0.657,0.62,0.39,0.296,0.25,0.76,0.23,0.18,0.83,0.175,0.15,0.86,CHC,0.61,0.571,-0.056,no edge (best CHC NO -1.5)
2026-09-16,822846,BOS,TEX,MacKenzie Gore,Jake Bennett,-1.04,4.435,0.397,0.51,0.5,0.086,HIGH VALUE &mdash; BOS,0.0,-1.04,4.435,0.397,0.086,HIGH VALUE &mdash; BOS,,2026-09-16T18:46:14+00:00,4.0,False,1.5,0.283,0.459,0.0,8.13,0.511,0.414,0.327,0.02,no edge (best UNDER 6.5),0.55,0.46,0.36,94.0,True,0.46,0.55,0.65,2026-09-17T00:05:00Z,pass,PASS,0.33,0.32,0.38,0.37,0.063,0.38,0.459,BOS -1.5,0.614,0.66,0.35,0.253,0.29,0.72,0.191,0.22,0.79,0.142,,,TEX,0.68,0.635,-0.06,no edge (best TEX NO -1.5)
2026-09-16,824140,KC,HOU,Cristian Javier,Daniel Lynch IV,0.16,4.435,0.516,0.61,0.4,0.067,HIGH VALUE &mdash; KC,0.0,0.16,4.435,0.516,0.067,HIGH VALUE &mdash; KC,,2026-09-16T18:46:14+00:00,-3.0,False,1.5,0.381,0.354,0.0,8.79,0.571,0.476,0.387,0.038,no edge (best UNDER 6.5),0.62,0.54,0.44,84.0,True,0.39,0.47,0.57,2026-09-17T00:10:00Z,pass,PASS,0.42,0.41,0.3,0.29,0.039,0.3,0.354,no edge (best KC -1.5),0.668,0.73,0.28,0.308,0.36,0.65,0.241,0.28,0.73,0.185,0.23,0.78,HOU,0.59,0.564,-0.043,no edge (best HOU NO -1.5)
2026-09-16,824306,SD,COL,Mason Adams,Robbie Ray,-0.95,4.435,0.406,0.4,0.61,-0.011,NO VALUE at current price,0.0,-0.95,4.435,0.406,-0.011,NO VALUE at current price,,2026-09-16T18:46:14+00:00,-6.0,False,1.5,0.29,0.451,0.0,10.73,0.714,0.632,0.549,0.064,UNDER 8.5,0.78,0.72,0.62,73.0,False,0.23,0.29,0.39,2026-09-17T00:40:00Z,small,SMALL BET · Under 8.5 runs,0.26,0.25,0.52,0.51,0.042,0.49,0.549,COL +1.5,0.791,0.86,0.15,0.468,0.55,0.46,0.392,0.46,0.55,0.324,0.39,0.62,SD,0.49,0.564,0.057,SD NO -1.5
2026-09-16,823979,SEA,LAA,Yusei Kikuchi,George Kirby,-0.02,4.435,0.498,0.45,0.56,0.03,CAUTIOUS &mdash; small edge on LAA,0.0,-0.02,4.435,0.498,0.03,CAUTIOUS &mdash; small edge on LAA,,2026-09-16T18:46:14+00:00,-5.0,False,1.5,0.366,0.37,0.0,8.89,0.579,0.484,0.396,0.042,OVER 7.5,0.52,0.44,0.34,72.0,False,0.49,0.57,0.67,2026-09-17T01:38:00Z,small,SMALL BET · Over 7.5 runs,0.28,0.27,0.43,0.42,0.072,0.28,0.366,LAA -1.5,0.675,0.64,0.37,0.317,0.27,0.74,0.248,0.2,0.81,0.191,0.17,0.84,SEA,0.58,0.6,0.003,no edge (best SEA NO -1.5)
2026-09-16,825031,MIA,AZ,Merrill Kelly,Ryan Gusto,-0.36,4.435,0.464,0.56,0.45,0.069,HIGH VALUE &mdash; MIA,0.0,-0.36,4.435,0.464,0.069,HIGH VALUE &mdash; MIA,,2026-09-16T18:46:14+00:00,-1.0,False,1.5,0.337,0.399,0.0,9.88,0.657,0.568,0.481,0.04,OVER 7.5,0.6,0.53,0.43,77.0,True,0.41,0.48,0.58,2026-09-17T01:40:00Z,pass,PASS,0.37,0.36,0.34,0.33,0.043,0.34,0.399,MIA -1.5,0.743,0.72,0.3,0.399,0.35,0.66,0.325,0.28,0.74,0.261,0.25,0.76,AZ,0.64,0.6,-0.056,no edge (best AZ NO -1.5)
2026-09-16,822926,ATH,TB,Nick Martinez,Brady Basso,1.49,4.435,0.646,0.63,0.38,-0.001,NO VALUE at current price,0.0,1.49,4.435,0.646,-0.001,NO VALUE at current price,,2026-09-16T19:41:38+00:00,1.0,False,1.5,0.499,0.25,0.0,8.94,0.584,0.489,0.4,0.024,no edge (best OVER 9.5),0.55,0.46,0.36,72.0,True,0.46,0.55,0.65,2026-09-16T22:40:00Z,pass,PASS,0.44,0.43,0.27,0.26,0.042,0.44,0.499,TB -1.5,0.679,0.66,0.35,0.321,0.29,0.72,0.252,0.22,0.79,0.195,0.17,0.84,TB,0.57,0.55,-0.037,no edge (best TB NO -1.5)
2026-09-16,824467,LAD,CIN,Andrew Abbott,Blake Snell,-1.63,4.435,0.341,0.34,0.67,-0.015,NO VALUE at current price,0.0,-1.63,4.435,0.341,-0.015,NO VALUE at current price,,2026-09-16T19:41:38+00:00,4.0,False,1.5,0.24,0.512,0.0,8.63,0.556,0.461,0.372,0.002,no edge (best UNDER 8.5),0.57,0.49,0.39,76.0,False,0.44,0.52,0.62,2026-09-16T22:40:00Z,pass,PASS,0.21,0.2,0.55,0.54,0.018,0.21,0.24,no edge (best CIN -1.5),0.655,0.68,0.33,0.294,0.32,0.69,0.228,0.24,0.77,0.174,0.19,0.82,LAD,0.46,0.521,0.044,LAD NO -1.5
2026-09-16,823332,MIL,PIT,Jared Jones,Logan Henderson,-0.99,4.435,0.402,0.47,0.54,0.04,HIGH VALUE &mdash; MIL,0.0,-0.99,4.435,0.402,0.04,HIGH VALUE &mdash; MIL,,2026-09-16T19:41:38+00:00,-1.0,False,1.5,0.288,0.454,0.0,8.66,0.559,0.463,0.375,0.062,OVER 7.5,0.48,0.4,0.31,82.0,False,0.53,0.61,0.71,2026-09-16T22:40:00Z,small,SMALL BET · Over 7.5 runs,0.28,0.27,0.41,0.4,0.027,0.41,0.454,no edge (best MIL -1.5),0.658,0.61,0.4,0.297,0.26,0.75,0.231,0.18,0.83,0.176,,,MIL,0.6,0.614,-0.003,no edge (best MIL NO -1.5)
2026-09-16,822680,PHI,WSH,Jared Simpson,Zack Wheeler,-0.33,4.435,0.467,0.36,0.65,0.09,HIGH VALUE &mdash; WSH,0.0,-0.33,4.435,0.467,0.09,HIGH VALUE &mdash; WSH,,2026-09-16T19:41:38+00:00,-3.0,False,1.5,0.34,0.396,0.0,9.55,0.633,0.542,0.454,-0.003,no edge (best OVER 10.5),0.63,0.56,0.44,83.0,False,0.38,0.45,0.57,2026-09-16T22:45:00Z,pass,PASS,0.23,0.22,0.52,0.51,0.098,0.23,0.34,WSH -1.5,0.723,0.73,0.28,0.373,0.36,0.65,0.3,0.29,0.72,0.238,,,PHI,0.49,0.535,0.028,no edge (best PHI NO -1.5)
2026-09-16,823576,BAL,NYM,Xzavion Curry,Chris Bassitt,0.15,4.435,0.515,0.53,0.48,-0.012,NO VALUE at current price,0.0,0.15,4.435,0.515,-0.012,NO VALUE at current price,,2026-09-16T19:41:38+00:00,-6.0,False,1.5,0.38,0.355,0.0,9.15,0.601,0.507,0.419,0.021,no edge (best UNDER 6.5),0.62,0.55,0.44,71.0,False,0.39,0.46,0.57,2026-09-16T23:10:00Z,pass,PASS,0.36,0.35,0.36,0.35,0.004,0.36,0.38,no edge (best NYM -1.5),0.695,0.74,0.27,0.338,0.36,0.65,0.268,0.29,0.72,0.209,0.23,0.78,NYM,0.65,0.621,-0.045,no edge (best NYM NO -1.5)
2026-09-16,824626,ATL,CHC,Shota Imanaga,JR Ritchie,0.49,4.435,0.549,0.6,0.41,0.024,CAUTIOUS &mdash; small edge on ATL,0.0,0.49,4.435,0.549,0.024,CAUTIOUS &mdash; small edge on ATL,,2026-09-16T19:41:38+00:00,4.0,False,1.5,0.41,0.327,0.0,8.64,0.558,0.462,0.374,0.051,OVER 7.5,0.49,0.41,0.31,67.0,False,0.52,0.6,0.7,2026-09-16T23:40:00Z,small,SMALL BET · Over 7.5 runs,0.4,0.39,0.3,0.28,0.012,0.3,0.327,no edge (best ATL -1.5),0.656,0.62,0.39,0.296,0.25,0.76,0.23,0.19,0.83,0.175,0.15,0.86,CHC,0.61,0.571,-0.056,no edge (best CHC NO -1.5)
2026-09-16,822846,BOS,TEX,MacKenzie Gore,Jake Bennett,-1.04,4.435,0.397,0.51,0.5,0.086,HIGH VALUE &mdash; BOS,0.0,-1.04,4.435,0.397,0.086,HIGH VALUE &mdash; BOS,,2026-09-16T19:41:38+00:00,4.0,False,1.5,0.283,0.459,0.0,8.13,0.511,0.414,0.327,0.021,no edge (best UNDER 6.5),0.55,0.46,0.36,94.0,True,0.46,0.55,0.65,2026-09-17T00:05:00Z,pass,PASS,0.33,0.32,0.38,0.37,0.063,0.38,0.459,BOS -1.5,0.613,0.66,0.35,0.253,0.29,0.72,0.191,0.22,0.79,0.142,,,TEX,0.68,0.635,-0.06,no edge (best TEX NO -1.5)
2026-09-16,824140,KC,HOU,Cristian Javier,Daniel Lynch IV,0.16,4.435,0.516,0.61,0.4,0.067,HIGH VALUE &mdash; KC,0.0,0.16,4.435,0.516,0.067,HIGH VALUE &mdash; KC,,2026-09-16T19:41:38+00:00,-3.0,False,1.5,0.381,0.354,0.0,8.79,0.571,0.475,0.387,0.038,no edge (best UNDER 6.5),0.62,0.54,0.44,84.0,True,0.39,0.47,0.58,2026-09-17T00:10:00Z,pass,PASS,0.42,0.41,0.3,0.29,0.039,0.3,0.354,no edge (best KC -1.5),0.668,0.73,0.28,0.308,0.36,0.65,0.241,0.28,0.73,0.184,0.23,0.78,HOU,0.59,0.564,-0.043,no edge (best HOU NO -1.5)
2026-09-16,824306,SD,COL,Mason Adams,Robbie Ray,-0.95,4.435,0.406,0.4,0.61,-0.011,NO VALUE at current price,0.0,-0.95,4.435,0.406,-0.011,NO VALUE at current price,,2026-09-16T19:41:38+00:00,-6.0,False,1.5,0.29,0.451,0.0,10.73,0.714,0.632,0.548,0.064,UNDER 8.5,0.78,0.72,0.62,73.0,False,0.23,0.29,0.39,2026-09-17T00:40:00Z,small,SMALL BET · Under 8.5 runs,0.26,0.25,0.52,0.51,0.042,0.49,0.549,COL +1.5,0.79,0.86,0.15,0.468,0.55,0.46,0.392,0.46,0.55,0.323,0.39,0.62,SD,0.49,0.564,0.057,SD NO -1.5
2026-09-16,823979,SEA,LAA,Yusei Kikuchi,George Kirby,-0.02,4.435,0.498,0.45,0.56,0.03,CAUTIOUS &mdash; small edge on LAA,0.0,-0.02,4.435,0.498,0.03,CAUTIOUS &mdash; small edge on LAA,,2026-09-16T19:41:38+00:00,-5.0,False,1.5,0.366,0.37,0.0,8.88,0.579,0.484,0.396,0.04,OVER 9.5,0.53,0.44,0.34,72.0,False,0.48,0.57,0.67,2026-09-17T01:38:00Z,pass,PASS,0.28,0.27,0.43,0.42,0.072,0.28,0.366,LAA -1.5,0.675,0.65,0.36,0.316,0.27,0.74,0.248,0.21,0.8,0.191,0.17,0.84,SEA,0.58,0.6,0.003,no edge (best SEA NO -1.5)
2026-09-16,825031,MIA,AZ,Merrill Kelly,Ryan Gusto,-0.36,4.435,0.464,0.56,0.45,0.069,HIGH VALUE &mdash; MIA,0.0,-0.36,4.435,0.464,0.069,HIGH VALUE &mdash; MIA,,2026-09-16T19:41:38+00:00,-1.0,False,1.5,0.337,0.399,0.0,9.87,0.657,0.568,0.481,0.04,OVER 7.5,0.6,0.53,0.43,76.0,True,0.41,0.48,0.58,2026-09-17T01:40:00Z,pass,PASS,0.37,0.36,0.34,0.33,0.043,0.34,0.399,MIA -1.5,0.743,0.72,0.29,0.399,0.36,0.65,0.325,0.28,0.74,0.261,0.25,0.76,AZ,0.64,0.6,-0.056,no edge (best AZ NO -1.5)
2026-09-16,822926,ATH,TB,Nick Martinez,Brady Basso,1.49,4.434,0.646,0.63,0.38,-0.001,NO VALUE at current price,0.0,1.49,4.434,0.646,-0.001,NO VALUE at current price,,2026-09-16T22:27:59+00:00,1.0,False,1.5,0.499,0.25,0.0,8.93,0.582,0.488,0.399,0.025,no edge (best OVER 7.5),0.54,0.46,0.36,72.0,True,0.47,0.55,0.65,2026-09-16T22:40:00Z,pass,PASS,0.44,0.43,0.27,0.26,0.042,0.44,0.499,TB -1.5,0.678,0.66,0.35,0.32,0.29,0.72,0.251,0.22,0.79,0.194,0.17,0.84,TB,0.57,0.55,-0.037,no edge (best TB NO -1.5)
2026-09-16,824467,LAD,CIN,Andrew Abbott,Blake Snell,-1.63,4.434,0.341,0.34,0.68,-0.014,NO VALUE at current price,0.0,-1.63,4.434,0.341,-0.014,NO VALUE at current price,,2026-09-16T22:27:59+00:00,4.0,False,1.5,0.24,0.512,0.0,9.15,0.601,0.508,0.419,0.024,no edge (best OVER 7.5),0.56,0.48,0.38,94.0,False,0.45,0.53,0.63,2026-09-16T22:40:00Z,pass,PASS,0.2,0.19,0.56,0.55,0.029,0.2,0.24,no edge (best CIN -1.5),0.695,0.68,0.33,0.339,0.32,0.69,0.269,0.24,0.77,0.209,0.19,0.82,LAD,0.45,0.514,0.047,LAD NO -1.5
2026-09-16,823332,MIL,PIT,Jared Jones,Logan Henderson,-0.98,4.434,0.403,0.45,0.56,0.02,CAUTIOUS &mdash; small edge on MIL,0.0,-0.98,4.434,0.403,0.02,CAUTIOUS &mdash; small edge on MIL,,2026-09-16T22:27:59+00:00,-1.0,False,1.5,0.288,0.454,0.0,8.59,0.553,0.457,0.369,0.046,OVER 7.5,0.49,0.41,0.31,82.0,False,0.52,0.6,0.7,2026-09-16T22:40:00Z,small,SMALL BET · Over 7.5 runs,0.28,0.27,0.43,0.42,0.007,0.43,0.454,no edge (best MIL -1.5),0.652,0.61,0.4,0.291,0.25,0.76,0.225,0.18,0.83,0.171,,,MIL,0.58,0.6,0.003,no edge (best MIL NO -1.5)
2026-09-16,822680,PHI,WSH,Jared Simpson,Zack Wheeler,-0.34,4.434,0.466,0.36,0.65,0.09,HIGH VALUE &mdash; WSH,0.0,-0.34,4.434,0.466,0.09,HIGH VALUE &mdash; WSH,,2026-09-16T22:27:59+00:00,-3.0,False,1.5,0.339,0.397,0.0,9.54,0.631,0.54,0.452,-0.005,no edge (best OVER 10.5),0.62,0.55,0.44,83.0,False,0.39,0.46,0.57,2026-09-16T22:45:00Z,pass,PASS,0.23,0.22,0.53,0.52,0.106,0.48,0.603,WSH +1.5,0.721,0.73,0.28,0.371,0.36,0.65,0.299,0.29,0.72,0.236,,,PHI,0.48,0.535,0.038,no edge (best PHI NO -1.5)
2026-09-16,823576,BAL,NYM,Xzavion Curry,Chris Bassitt,0.14,4.434,0.514,0.52,0.49,-0.022,NO VALUE at current price,0.0,0.14,4.434,0.514,-0.022,NO VALUE at current price,,2026-09-16T22:27:59+00:00,-6.0,False,1.5,0.38,0.356,0.0,9.33,0.616,0.523,0.435,0.02,no edge (best UNDER 8.5),0.64,0.57,0.45,73.0,False,0.37,0.44,0.56,2026-09-16T23:10:00Z,pass,PASS,0.35,0.34,0.38,0.37,0.014,0.35,0.38,no edge (best NYM -1.5),0.707,0.75,0.26,0.354,0.37,0.64,0.283,0.29,0.72,0.222,0.24,0.77,NYM,0.66,0.628,-0.048,no edge (best NYM NO -1.5)
2026-09-16,824626,ATL,CHC,Shota Imanaga,JR Ritchie,0.49,4.434,0.549,0.6,0.41,0.024,CAUTIOUS &mdash; small edge on ATL,0.0,0.49,4.434,0.549,0.024,CAUTIOUS &mdash; small edge on ATL,,2026-09-16T22:27:59+00:00,4.0,False,1.5,0.41,0.327,0.0,8.55,0.549,0.453,0.365,0.042,OVER 7.5,0.49,0.41,0.32,68.0,False,0.52,0.6,0.69,2026-09-16T23:40:00Z,small,SMALL BET · Over 7.5 runs,0.4,0.39,0.29,0.28,0.023,0.29,0.327,no edge (best ATL -1.5),0.649,0.62,0.39,0.288,0.25,0.76,0.222,0.18,0.83,0.169,0.14,0.87,CHC,0.61,0.571,-0.056,no edge (best CHC NO -1.5)
2026-09-16,822846,BOS,TEX,MacKenzie Gore,Jake Bennett,-1.05,4.434,0.397,0.5,0.51,0.076,HIGH VALUE &mdash; BOS,0.0,-1.05,4.434,0.397,0.076,HIGH VALUE &mdash; BOS,,2026-09-16T22:27:59+00:00,4.0,False,1.5,0.283,0.459,0.0,8.12,0.509,0.412,0.326,0.022,no edge (best UNDER 6.5),0.55,0.47,0.36,74.0,True,0.46,0.55,0.65,2026-09-17T00:05:00Z,pass,PASS,0.33,0.32,0.38,0.37,0.063,0.38,0.459,BOS -1.5,0.612,0.66,0.35,0.252,0.29,0.72,0.19,0.22,0.79,0.141,,,BOS,0.63,0.635,-0.011,no edge (best BOS NO -1.5)
2026-09-16,824140,KC,HOU,Cristian Javier,Daniel Lynch IV,0.16,4.434,0.516,0.61,0.4,0.067,HIGH VALUE &mdash; KC,0.0,0.16,4.434,0.516,0.067,HIGH VALUE &mdash; KC,,2026-09-16T22:27:59+00:00,-3.0,False,1.5,0.381,0.354,0.0,8.77,0.569,0.474,0.386,0.039,no edge (best UNDER 8.5),0.62,0.54,0.44,72.0,True,0.39,0.47,0.57,2026-09-17T00:10:00Z,pass,PASS,0.42,0.41,0.3,0.29,0.039,0.3,0.354,no edge (best KC -1.5),0.667,0.73,0.29,0.307,0.36,0.65,0.239,0.28,0.73,0.183,0.23,0.78,HOU,0.59,0.564,-0.043,no edge (best HOU NO -1.5)
2026-09-16,824306,SD,COL,Mason Adams,Robbie Ray,-0.95,4.434,0.406,0.39,0.62,-0.001,NO VALUE at current price,0.0,-0.95,4.434,0.406,-0.001,NO VALUE at current price,,2026-09-16T22:27:59+00:00,-6.0,False,1.5,0.29,0.451,0.0,10.65,0.708,0.626,0.542,0.059,UNDER 8.5,0.77,0.71,0.62,76.0,False,0.24,0.3,0.39,2026-09-17T00:40:00Z,small,SMALL BET · Under 8.5 runs,0.26,0.25,0.51,0.5,0.031,0.5,0.549,no edge (best COL +1.5),0.786,0.86,0.15,0.461,0.54,0.47,0.386,0.45,0.56,0.317,0.39,0.62,SD,0.5,0.557,0.04,no edge (best SD NO -1.5)
2026-09-16,823979,SEA,LAA,Yusei Kikuchi,George Kirby,-0.02,4.434,0.498,0.45,0.56,0.03,CAUTIOUS &mdash; small edge on LAA,0.0,-0.02,4.434,0.498,0.03,CAUTIOUS &mdash; small edge on LAA,,2026-09-16T22:27:59+00:00,-5.0,False,1.5,0.366,0.37,0.0,9.06,0.594,0.5,0.411,0.045,OVER 9.5,0.54,0.45,0.35,74.0,False,0.47,0.56,0.66,2026-09-17T01:38:00Z,small,SMALL BET · Over 9.5 runs,0.28,0.27,0.43,0.42,0.072,0.28,0.366,LAA -1.5,0.688,0.65,0.36,0.331,0.28,0.73,0.262,0.21,0.8,0.203,0.17,0.84,SEA,0.58,0.6,0.003,no edge (best SEA NO -1.5)
2026-09-16,825031,MIA,AZ,Merrill Kelly,Ryan Gusto,-0.36,4.434,0.464,0.56,0.45,0.069,HIGH VALUE &mdash; MIA,0.0,-0.36,4.434,0.464,0.069,HIGH VALUE &mdash; MIA,,2026-09-16T22:27:59+00:00,-1.0,False,1.5,0.337,0.399,0.0,9.86,0.655,0.566,0.479,0.032,no edge (best OVER 9.5),0.61,0.54,0.43,72.0,True,0.4,0.47,0.58,2026-09-17T01:40:00Z,pass,PASS,0.38,0.37,0.34,0.33,0.043,0.34,0.399,MIA -1.5,0.742,0.72,0.29,0.398,0.37,0.64,0.324,0.28,0.73,0.26,0.25,0.76,AZ,0.63,0.6,-0.046,no edge (best AZ NO -1.5)
2026-09-17,823334,MIL,PIT,Wilber Dotel,Kyle Harrison,-0.6,4.434,0.44,0.43,0.58,-0.007,NO VALUE at current price,0.0,-0.6,4.434,0.44,-0.007,NO VALUE at current price,,2026-09-17T07:09:24+00:00,3.0,False,1.5,0.318,0.419,0.0,8.63,0.556,0.461,0.372,0.052,UNDER 8.5,0.63,0.54,0.45,81.0,False,0.39,0.47,0.57,2026-09-17T16:35:00Z,small,SMALL BET · Under 8.5 runs,0.29,0.27,0.46,0.45,0.014,0.55,0.581,no edge (best PIT +1.5),0.655,0.74,0.28,0.295,0.38,0.64,0.228,0.29,0.73,0.174,0.24,0.78,MIL,0.55,0.585,0.018,no edge (best MIL NO -1.5)
2026-09-17,824464,LAD,CIN,Brady Singer,Justin Wrobleski,-1.52,4.434,0.352,0.39,0.62,0.011,CAUTIOUS &mdash; small edge on LAD,0.0,-1.52,4.434,0.352,0.011,CAUTIOUS &mdash; small edge on LAD,,2026-09-17T07:09:24+00:00,-6.0,False,1.5,0.248,0.501,0.0,10.05,0.669,0.581,0.495,0.012,no edge (best UNDER 8.5),0.71,0.63,0.52,92.0,False,0.32,0.39,0.49,2026-09-17T16:40:00Z,pass,PASS,0.27,0.25,0.5,0.49,-0.011,0.75,0.752,no edge (best LAD +1.5),0.753,0.81,0.23,0.413,0.45,0.57,0.339,0.37,0.66,0.273,0.3,0.72,LAD,0.51,0.557,0.03,no edge (best LAD NO -1.5)
2026-09-17,822924,ATH,TB,Drew Rasmussen,Jeffrey Springs,2.08,4.434,0.699,0.72,0.29,-0.004,NO VALUE at current price,0.0,2.08,4.434,0.699,-0.004,NO VALUE at current price,,2026-09-17T07:09:24+00:00,9.0,False,1.5,0.552,0.209,0.0,8.92,0.582,0.487,0.399,0.043,OVER 9.5,0.53,0.44,0.34,86.0,True,0.49,0.58,0.68,2026-09-17T17:10:00Z,small,SMALL BET · Over 9.5 runs,0.53,0.52,0.2,0.18,0.005,0.53,0.552,no edge (best TB -1.5),0.678,0.64,0.37,0.319,0.28,0.75,0.251,0.21,0.8,0.193,,,,,,,
2026-09-17,824305,SD,COL,Tanner Gordon,Michael King,-1.26,4.434,0.376,0.39,0.62,-0.012,NO VALUE at current price,0.0,-1.26,4.434,0.376,-0.012,NO VALUE at current price,,2026-09-17T07:09:24+00:00,-7.0,False,1.5,0.267,0.479,0.0,11.41,0.753,0.677,0.598,0.009,no edge (best UNDER 6.5),0.78,0.71,0.61,82.0,False,0.25,0.32,0.41,2026-09-17T19:10:00Z,pass,PASS,0.27,0.25,0.51,0.49,-0.006,0.51,0.521,no edge (best COL +1.5),0.822,0.86,0.16,0.519,0.53,0.48,0.443,0.45,0.56,0.373,0.36,0.65,SD,0.51,0.557,0.03,no edge (best SD NO -1.5)
2026-09-17,824141,KC,HOU,,Seth Lugo,0.18,4.877,0.516,0.59,0.43,0.037,CAUTIOUS &mdash; small edge on KC,0.0,0.18,4.877,0.516,0.037,CAUTIOUS &mdash; small edge on KC,,2026-09-17T07:09:24+00:00,4.0,True,1.5,0.393,0.365,0.0,8.5,0.546,0.449,0.361,0.064,UNDER 8.5,0.63,0.55,0.44,84.0,True,0.39,0.47,0.58,2026-09-17T23:15:00Z,small,SMALL BET · Under 8.5 runs,0.4,0.38,0.33,0.31,0.02,0.33,0.365,no edge (best KC -1.5),0.645,0.74,0.29,0.284,0.37,0.65,0.219,0.29,0.73,0.166,0.24,0.78,HOU,0.62,0.578,-0.058,no edge (best HOU NO -1.5)
2026-09-17,823573,PHI,NYM,Nolan McLean,Aaron Nola,-0.12,4.434,0.488,0.55,0.45,0.045,HIGH VALUE &mdash; PHI,0.0,-0.12,4.434,0.488,0.045,HIGH VALUE &mdash; PHI,,2026-09-17T07:09:24+00:00,-3.0,False,1.5,0.357,0.378,0.0,8.66,0.56,0.464,0.376,-0.006,no edge (best UNDER 12.5),0.56,0.48,0.37,74.0,False,0.46,0.54,0.65,2026-09-17T23:15:00Z,pass,PASS,0.39,0.36,0.34,0.33,0.022,0.34,0.378,no edge (best PHI -1.5),0.658,0.68,0.35,0.298,0.31,0.72,0.231,0.24,0.79,0.176,0.19,0.82,NYM,0.64,0.607,-0.049,no edge (best NYM NO -1.5)
2026-09-17,824548,DET,CWS,Erick Fedde,Framber Valdez,-0.25,4.434,0.475,0.54,0.47,0.037,CAUTIOUS &mdash; small edge on DET,0.0,-0.25,4.434,0.475,0.037,CAUTIOUS &mdash; small edge on DET,,2026-09-17T07:09:24+00:00,2.0,False,1.5,0.347,0.389,0.0,9.01,0.59,0.496,0.407,-0.007,no edge (best OVER 7.5),0.58,0.5,0.4,69.0,False,0.44,0.51,0.63,2026-09-17T23:40:00Z,pass,PASS,0.37,0.35,0.36,0.34,0.013,0.36,0.389,no edge (best DET -1.5),0.685,0.7,0.33,0.327,0.33,0.7,0.258,0.26,0.75,0.2,0.21,0.81,CWS,0.65,0.614,-0.052,no edge (best CWS NO -1.5)
2026-09-17,822845,BOS,TEX,Tyler Alexander,Sonny Gray,-0.77,4.434,0.423,0.44,0.57,-0.01,NO VALUE at current price,0.0,-0.77,4.434,0.423,-0.01,NO VALUE at current price,,2026-09-17T07:09:24+00:00,-1.0,False,1.5,0.304,0.435,0.0,8.11,0.509,0.412,0.325,0.048,UNDER 12.5,0.55,0.47,0.37,93.0,True,0.46,0.54,0.64,2026-09-18T00:05:00Z,small,SMALL BET · Under 12.5 runs,0.28,0.26,0.44,0.42,0.01,0.28,0.304,no edge (best TEX -1.5),0.611,0.68,0.35,0.251,0.31,0.72,0.19,0.23,0.8,0.141,0.21,0.8,BOS,0.58,0.592,-0.005,no edge (best BOS NO -1.5)
2026-09-17,823978,MIN,LAA,Walbert Ureña,Taj Bradley,-0.04,4.434,0.496,0.46,0.55,0.018,CAUTIOUS &mdash; small edge on LAA,0.0,-0.04,4.434,0.496,0.018,CAUTIOUS &mdash; small edge on LAA,,2026-09-17T07:09:24+00:00,1.0,False,1.5,0.364,0.371,0.0,8.42,0.537,0.441,0.353,0.01,no edge (best OVER 7.5),0.51,0.43,0.34,72.0,False,0.51,0.59,0.69,2026-09-18T01:38:00Z,pass,PASS,0.29,0.27,0.42,0.4,0.06,0.29,0.364,LAA -1.5,0.638,0.63,0.39,0.277,0.28,0.75,0.212,0.21,0.8,0.16,0.18,0.83,MIN,0.6,0.607,-0.01,no edge (best MIN NO -1.5)
2026-09-17,824305,SD,COL,Tanner Gordon,Michael King,-1.26,4.434,0.376,0.35,0.65,0.01,CAUTIOUS &mdash; small edge on COL,0.0,-1.26,4.434,0.376,0.01,CAUTIOUS &mdash; small edge on COL,,2026-09-17T18:53:23+00:00,-7.0,False,1.5,0.267,0.479,0.0,11.3,0.746,0.669,0.59,0.003,no edge (best UNDER 6.5),0.75,0.69,0.6,77.0,False,0.26,0.32,0.41,2026-09-17T19:10:00Z,pass,PASS,0.23,0.22,0.56,0.55,0.054,0.45,0.521,COL +1.5,0.817,0.84,0.17,0.511,0.53,0.48,0.435,0.43,0.58,0.365,0.37,0.64,SD,0.45,0.535,0.068,SD NO -1.5
2026-09-17,824141,KC,HOU,,Seth Lugo,0.18,4.877,0.516,0.59,0.42,0.047,HIGH VALUE &mdash; KC,0.0,0.18,4.877,0.516,0.047,HIGH VALUE &mdash; KC,,2026-09-17T18:53:23+00:00,4.0,True,1.5,0.393,0.365,0.0,8.5,0.545,0.449,0.361,0.064,UNDER 8.5,0.62,0.54,0.43,84.0,True,0.39,0.47,0.58,2026-09-17T23:15:00Z,small,SMALL BET · Under 8.5 runs,0.41,0.4,0.32,0.31,0.03,0.32,0.365,no edge (best KC -1.5),0.645,0.73,0.28,0.284,0.37,0.64,0.219,0.28,0.73,0.165,0.23,0.78,HOU,0.6,0.578,-0.039,no edge (best HOU NO -1.5)
2026-09-17,823573,PHI,NYM,Nolan McLean,Aaron Nola,-0.12,4.434,0.488,0.55,0.47,0.025,CAUTIOUS &mdash; small edge on PHI,0.0,-0.12,4.434,0.488,0.025,CAUTIOUS &mdash; small edge on PHI,,2026-09-17T18:53:23+00:00,-3.0,False,1.5,0.357,0.378,0.0,8.63,0.557,0.461,0.373,0.005,no edge (best UNDER 12.5),0.57,0.48,0.38,73.0,False,0.45,0.53,0.64,2026-09-17T23:15:00Z,pass,PASS,0.37,0.36,0.34,0.33,0.022,0.34,0.378,no edge (best PHI -1.5),0.655,0.69,0.33,0.295,0.31,0.7,0.229,0.24,0.77,0.174,0.2,0.81,NYM,0.64,0.607,-0.049,no edge (best NYM NO -1.5)
2026-09-17,824548,DET,CWS,Erick Fedde,Framber Valdez,-0.25,4.434,0.475,0.53,0.49,0.017,CAUTIOUS &mdash; small edge on DET,0.0,-0.25,4.434,0.475,0.017,CAUTIOUS &mdash; small edge on DET,,2026-09-17T18:53:23+00:00,2.0,False,1.5,0.347,0.389,0.0,8.98,0.587,0.493,0.404,-0.003,no edge (best OVER 9.5),0.58,0.5,0.39,68.0,False,0.43,0.51,0.62,2026-09-17T23:40:00Z,pass,PASS,0.35,0.34,0.37,0.36,0.003,0.37,0.389,no edge (best DET -1.5),0.682,0.7,0.32,0.324,0.32,0.69,0.255,0.26,0.75,0.197,0.21,0.8,CWS,0.66,0.621,-0.055,no edge (best CWS NO -1.5)
2026-09-17,822845,BOS,TEX,Tyler Alexander,Sonny Gray,-0.77,4.434,0.423,0.48,0.53,0.029,CAUTIOUS &mdash; small edge on BOS,0.0,-0.77,4.434,0.423,0.029,CAUTIOUS &mdash; small edge on BOS,,2026-09-17T18:53:23+00:00,-1.0,False,1.5,0.304,0.435,0.0,8.1,0.508,0.411,0.325,0.025,no edge (best UNDER 10.5),0.52,0.45,0.35,94.0,True,0.49,0.56,0.66,2026-09-18T00:05:00Z,pass,PASS,0.3,0.29,0.41,0.4,0.008,0.41,0.435,no edge (best BOS -1.5),0.611,0.65,0.36,0.251,0.3,0.71,0.189,0.21,0.8,0.14,0.17,0.84,BOS,0.6,0.621,0.004,no edge (best BOS NO -1.5)
2026-09-17,823978,MIN,LAA,Walbert Ureña,Taj Bradley,-0.04,4.434,0.496,0.51,0.51,-0.023,NO VALUE at current price,0.0,-0.04,4.434,0.496,-0.023,NO VALUE at current price,,2026-09-17T18:53:23+00:00,1.0,False,1.5,0.364,0.371,0.0,8.41,0.537,0.441,0.353,0.02,no edge (best OVER 7.5),0.5,0.41,0.32,72.0,False,0.51,0.6,0.7,2026-09-18T01:38:00Z,pass,PASS,0.31,0.3,0.38,0.37,0.039,0.31,0.364,no edge (best LAA -1.5),0.638,0.61,0.4,0.276,0.26,0.76,0.212,0.2,0.81,0.16,0.16,0.85,LAA,0.7,0.635,-0.08,no edge (best LAA NO -1.5)
2026-09-17,824141,KC,HOU,Miguel Ullola,Seth Lugo,0.18,4.434,0.518,0.59,0.42,0.045,HIGH VALUE &mdash; KC,0.0,0.18,4.434,0.518,0.045,HIGH VALUE &mdash; KC,,2026-09-17T19:51:08+00:00,4.0,False,1.5,0.383,0.352,0.0,8.5,0.546,0.449,0.361,0.064,UNDER 8.5,0.62,0.54,0.43,72.0,True,0.39,0.47,0.58,2026-09-17T23:15:00Z,small,SMALL BET · Under 8.5 runs,0.41,0.4,0.32,0.31,0.017,0.32,0.352,no edge (best KC -1.5),0.645,0.73,0.28,0.284,0.37,0.64,0.219,0.28,0.73,0.166,0.23,0.78,HOU,0.6,0.578,-0.039,no edge (best HOU NO -1.5)
2026-09-17,823573,PHI,NYM,Nolan McLean,Aaron Nola,-0.12,4.434,0.488,0.55,0.47,0.025,CAUTIOUS &mdash; small edge on PHI,0.0,-0.12,4.434,0.488,0.025,CAUTIOUS &mdash; small edge on PHI,,2026-09-17T19:51:08+00:00,-3.0,False,1.5,0.357,0.378,0.0,8.91,0.581,0.486,0.398,0.012,no edge (best OVER 9.5),0.56,0.48,0.37,77.0,False,0.45,0.53,0.64,2026-09-17T23:15:00Z,pass,PASS,0.37,0.36,0.34,0.33,0.022,0.34,0.378,no edge (best PHI -1.5),0.677,0.68,0.33,0.318,0.31,0.7,0.25,0.24,0.77,0.192,0.2,0.81,NYM,0.64,0.607,-0.049,no edge (best NYM NO -1.5)
2026-09-17,824548,DET,CWS,Erick Fedde,Framber Valdez,-0.25,4.434,0.475,0.52,0.49,0.017,CAUTIOUS &mdash; small edge on DET,0.0,-0.25,4.434,0.475,0.017,CAUTIOUS &mdash; small edge on DET,,2026-09-17T19:51:08+00:00,2.0,False,1.5,0.347,0.389,0.0,9.26,0.61,0.517,0.429,0.022,no edge (best OVER 9.5),0.58,0.5,0.39,77.0,False,0.43,0.51,0.62,2026-09-17T23:40:00Z,pass,PASS,0.34,0.33,0.37,0.36,0.003,0.37,0.389,no edge (best DET -1.5),0.703,0.69,0.32,0.348,0.32,0.69,0.277,0.26,0.75,0.217,0.21,0.8,CWS,0.67,0.628,-0.057,no edge (best CWS NO -1.5)
2026-09-17,822845,BOS,TEX,Tyler Alexander,Sonny Gray,-0.77,4.434,0.423,0.48,0.54,0.019,CAUTIOUS &mdash; small edge on BOS,0.0,-0.77,4.434,0.423,0.019,CAUTIOUS &mdash; small edge on BOS,,2026-09-17T19:51:08+00:00,-1.0,False,1.5,0.304,0.435,0.0,8.11,0.509,0.412,0.325,0.015,no edge (best UNDER 10.5),0.52,0.45,0.35,94.0,True,0.49,0.56,0.66,2026-09-18T00:05:00Z,pass,PASS,0.3,0.29,0.41,0.4,0.008,0.41,0.435,no edge (best BOS -1.5),0.611,0.65,0.36,0.251,0.29,0.72,0.19,0.21,0.8,0.141,0.17,0.84,BOS,0.6,0.614,-0.003,no edge (best BOS NO -1.5)
2026-09-17,823978,MIN,LAA,Walbert Ureña,Taj Bradley,-0.04,4.434,0.496,0.51,0.51,-0.023,NO VALUE at current price,0.0,-0.04,4.434,0.496,-0.023,NO VALUE at current price,,2026-09-17T19:51:08+00:00,1.0,False,1.5,0.364,0.371,0.0,8.42,0.537,0.441,0.353,0.028,no edge (best OVER 9.5),0.5,0.41,0.31,72.0,False,0.51,0.6,0.7,2026-09-18T01:38:00Z,pass,PASS,0.31,0.3,0.38,0.37,0.039,0.31,0.364,no edge (best LAA -1.5),0.638,0.61,0.4,0.277,0.25,0.76,0.212,0.2,0.81,0.16,0.16,0.85,LAA,0.7,0.635,-0.08,no edge (best LAA NO -1.5)
2026-09-17,824141,KC,HOU,Miguel Ullola,Seth Lugo,0.18,4.434,0.518,0.59,0.42,0.045,HIGH VALUE &mdash; KC,0.0,0.18,4.434,0.518,0.045,HIGH VALUE &mdash; KC,,2026-09-17T22:31:03+00:00,4.0,False,1.5,0.383,0.352,0.0,8.49,0.544,0.448,0.36,0.062,UNDER 6.5,0.62,0.53,0.42,73.0,True,0.4,0.48,0.59,2026-09-17T23:15:00Z,small,SMALL BET · Under 6.5 runs,0.41,0.4,0.32,0.31,0.017,0.32,0.352,no edge (best KC -1.5),0.644,0.73,0.28,0.283,0.36,0.65,0.218,0.27,0.74,0.165,0.23,0.78,HOU,0.6,0.578,-0.039,no edge (best HOU NO -1.5)
2026-09-17,823573,PHI,NYM,Nolan McLean,Aaron Nola,-0.12,4.434,0.488,0.54,0.47,0.025,CAUTIOUS &mdash; small edge on PHI,0.0,-0.12,4.434,0.488,0.025,CAUTIOUS &mdash; small edge on PHI,,2026-09-17T22:31:03+00:00,-3.0,False,1.5,0.357,0.378,0.0,8.89,0.58,0.485,0.396,0.007,no edge (best OVER 11.5),0.56,0.48,0.38,77.0,False,0.45,0.53,0.63,2026-09-17T23:15:00Z,pass,PASS,0.37,0.36,0.34,0.33,0.022,0.34,0.378,no edge (best PHI -1.5),0.676,0.68,0.33,0.317,0.31,0.7,0.249,0.23,0.78,0.192,0.19,0.82,NYM,0.64,0.614,-0.042,no edge (best NYM NO -1.5)
2026-09-17,824548,DET,CWS,Erick Fedde,Framber Valdez,-0.25,4.434,0.475,0.51,0.49,0.017,CAUTIOUS &mdash; small edge on DET,0.0,-0.25,4.434,0.475,0.017,CAUTIOUS &mdash; small edge on DET,,2026-09-17T22:31:03+00:00,2.0,False,1.5,0.347,0.389,0.0,9.25,0.609,0.516,0.428,0.021,no edge (best OVER 9.5),0.58,0.5,0.39,77.0,False,0.43,0.51,0.62,2026-09-17T23:40:00Z,pass,PASS,0.35,0.34,0.37,0.36,0.003,0.37,0.389,no edge (best DET -1.5),0.702,0.69,0.32,0.347,0.32,0.69,0.276,0.26,0.75,0.216,0.2,0.81,CWS,0.66,0.635,-0.041,no edge (best CWS NO -1.5)
2026-09-17,822845,BOS,TEX,Tyler Alexander,Sonny Gray,-0.77,4.434,0.423,0.48,0.53,0.029,CAUTIOUS &mdash; small edge on BOS,0.0,-0.77,4.434,0.423,0.029,CAUTIOUS &mdash; small edge on BOS,,2026-09-17T22:31:03+00:00,-1.0,False,1.5,0.304,0.435,0.0,8.1,0.508,0.411,0.324,0.014,no edge (best UNDER 6.5),0.53,0.45,0.35,72.0,True,0.48,0.56,0.66,2026-09-18T00:05:00Z,pass,PASS,0.3,0.29,0.41,0.4,0.008,0.41,0.435,no edge (best BOS -1.5),0.61,0.65,0.36,0.25,0.28,0.73,0.189,0.21,0.8,0.14,0.16,0.85,BOS,0.6,0.621,0.004,no edge (best BOS NO -1.5)
2026-09-17,823978,MIN,LAA,Walbert Ureña,Taj Bradley,-0.04,4.434,0.496,0.51,0.5,-0.013,NO VALUE at current price,0.0,-0.04,4.434,0.496,-0.013,NO VALUE at current price,,2026-09-17T22:31:03+00:00,1.0,False,1.5,0.364,0.371,0.0,8.64,0.557,0.461,0.373,0.05,OVER 7.5,0.49,0.41,0.31,80.0,False,0.52,0.6,0.7,2026-09-18T01:38:00Z,small,SMALL BET · Over 7.5 runs,0.31,0.3,0.38,0.37,0.039,0.31,0.364,no edge (best LAA -1.5),0.656,0.61,0.4,0.295,0.25,0.76,0.229,0.18,0.83,0.174,0.14,0.87,LAA,0.7,0.635,-0.08,no edge (best LAA NO -1.5)
2026-09-18,824463,CHC,CIN,Chase Burns,Clay Holmes,-1.48,4.434,0.355,0.46,0.55,0.077,HIGH VALUE &mdash; CHC,0.0,-1.48,4.434,0.355,0.077,HIGH VALUE &mdash; CHC,,2026-09-18T07:01:09+00:00,,False,1.5,0.251,0.498,0.0,9.51,0.63,0.538,0.45,0.013,no edge (best OVER 11.5),0.61,0.53,0.43,80.0,False,0.41,0.48,0.59,2026-09-18T22:40:00Z,pass,PASS,0.3,0.29,0.43,0.42,0.051,0.43,0.498,CHC -1.5,0.72,0.72,0.29,0.369,0.36,0.65,0.297,0.27,0.74,0.234,0.22,0.8,CHC,0.58,0.607,0.01,no edge (best CHC NO -1.5)
2026-09-18,823331,KC,PIT,Paul Skenes,Randy Dobnak,0.55,4.434,0.555,0.64,0.38,0.048,HIGH VALUE &mdash; KC,0.0,0.55,4.434,0.555,0.048,HIGH VALUE &mdash; KC,,2026-09-18T07:01:09+00:00,,False,1.5,0.416,0.322,0.0,8.14,0.512,0.415,0.328,0.012,no edge (best UNDER 10.5),0.54,0.45,0.35,71.0,False,0.47,0.56,0.67,2026-09-18T22:40:00Z,pass,PASS,0.44,0.43,0.27,0.26,0.038,0.27,0.322,no edge (best KC -1.5),0.614,0.66,0.36,0.254,0.29,0.72,0.192,0.22,0.8,0.143,0.17,0.84,PIT,0.57,0.542,-0.045,no edge (best PIT NO -1.5)
2026-09-18,824790,MIL,BAL,,Dustin May,-0.96,4.877,0.413,0.44,0.57,-0.0,NO VALUE at current price,0.0,-0.96,4.877,0.413,-0.0,NO VALUE at current price,,2026-09-18T07:01:09+00:00,,True,1.5,0.307,0.456,0.0,9.12,0.599,0.505,0.417,0.012,no edge (best OVER 7.5),0.57,0.5,0.39,78.0,False,0.44,0.52,0.62,2026-09-18T23:05:00Z,pass,PASS,0.28,0.27,0.44,0.43,0.013,0.28,0.307,no edge (best BAL -1.5),0.693,0.7,0.32,0.336,0.33,0.68,0.266,0.25,0.76,0.207,0.2,0.81,MIL,0.57,0.592,0.005,no edge (best MIL NO -1.5)
2026-09-18,824383,ATH,CLE,Daniel Espino,Mason Barnett,1.65,4.434,0.66,0.65,0.36,-0.006,NO VALUE at current price,0.0,1.65,4.434,0.66,-0.006,NO VALUE at current price,,2026-09-18T07:01:09+00:00,,False,1.5,0.513,0.239,0.0,8.49,0.544,0.448,0.36,0.025,no edge (best UNDER 8.5),0.58,0.5,0.39,67.0,False,0.43,0.51,0.62,2026-09-18T23:10:00Z,pass,PASS,0.46,0.45,0.26,0.25,0.036,0.46,0.513,no edge (best CLE -1.5),0.644,0.7,0.32,0.283,0.33,0.68,0.218,0.25,0.77,0.165,0.2,0.81,CLE,0.55,0.535,-0.032,no edge (best CLE NO -1.5)
2026-09-18,822923,BOS,TB,Ian Seymour,Ranger Suarez,-0.04,4.434,0.496,0.54,0.47,0.017,CAUTIOUS &mdash; small edge on BOS,0.0,-0.04,4.434,0.496,0.017,CAUTIOUS &mdash; small edge on BOS,,2026-09-18T07:01:09+00:00,,False,1.5,0.364,0.371,0.0,8.01,0.499,0.402,0.316,0.012,no edge (best OVER 7.5),0.47,0.38,0.31,83.0,True,0.55,0.63,0.7,2026-09-18T23:10:00Z,pass,PASS,0.35,0.34,0.34,0.33,0.015,0.34,0.371,no edge (best BOS -1.5),0.602,0.59,0.42,0.242,0.25,0.76,0.182,0.18,0.83,0.134,0.14,0.87,TB,0.66,0.614,-0.062,no edge (best TB NO -1.5)
2026-09-18,823572,PHI,NYM,Zac Thornton,,-0.29,4.877,0.473,0.52,0.49,0.019,CAUTIOUS &mdash; small edge on PHI,0.0,-0.29,4.877,0.473,0.019,CAUTIOUS &mdash; small edge on PHI,,2026-09-18T07:01:09+00:00,,True,1.5,0.356,0.402,0.0,8.68,0.562,0.466,0.378,0.007,no edge (best UNDER 8.5),0.57,0.5,0.38,73.0,False,0.44,0.51,0.63,2026-09-18T23:15:00Z,pass,PASS,0.35,0.33,0.38,0.37,0.006,0.38,0.402,no edge (best PHI -1.5),0.66,0.69,0.33,0.299,0.33,0.7,0.233,0.25,0.78,0.177,0.2,0.81,NYM,0.67,0.628,-0.057,no edge (best NYM NO -1.5)
2026-09-18,824547,DET,CWS,David Sandlin,Andrew Sears,-0.26,4.434,0.474,0.55,0.46,0.049,HIGH VALUE &mdash; DET,0.0,-0.26,4.434,0.474,0.049,HIGH VALUE &mdash; DET,,2026-09-18T07:01:09+00:00,,False,1.5,0.345,0.39,0.0,8.25,0.522,0.425,0.338,0.048,UNDER 8.5,0.58,0.5,0.4,67.0,False,0.43,0.51,0.62,2026-09-18T23:40:00Z,small,SMALL BET · Under 8.5 runs,0.37,0.36,0.35,0.33,0.024,0.35,0.39,no edge (best DET -1.5),0.624,0.7,0.32,0.263,0.33,0.68,0.2,0.24,0.77,0.149,0.2,0.81,CWS,0.64,0.607,-0.049,no edge (best CWS NO -1.5)
2026-09-18,822847,TOR,TEX,Kumar Rocker,Dylan Cease,-0.75,4.434,0.426,0.44,0.57,-0.013,NO VALUE at current price,0.0,-0.75,4.434,0.426,-0.013,NO VALUE at current price,,2026-09-18T07:01:09+00:00,,False,1.5,0.306,0.433,0.0,7.99,0.497,0.4,0.314,0.013,no edge (best UNDER 8.5),0.51,0.44,0.33,91.0,True,0.5,0.57,0.68,2026-09-19T00:05:00Z,pass,PASS,0.28,0.26,0.43,0.42,0.012,0.28,0.306,no edge (best TEX -1.5),0.601,0.63,0.38,0.241,0.28,0.74,0.181,0.2,0.82,0.133,,,TOR,0.58,0.592,-0.005,no edge (best TOR NO -1.5)
2026-09-18,824138,ATL,HOU,Peter Lambert,Tyler Mahle,-0.79,4.434,0.421,0.48,0.53,0.031,CAUTIOUS &mdash; small edge on ATL,0.0,-0.79,4.434,0.421,0.031,CAUTIOUS &mdash; small edge on ATL,,2026-09-18T07:01:09+00:00,,False,1.5,0.302,0.437,0.0,8.11,0.509,0.412,0.326,0.041,UNDER 8.5,0.56,0.48,0.38,80.0,True,0.45,0.53,0.64,2026-09-19T00:10:00Z,small,SMALL BET · Under 8.5 runs,0.31,0.3,0.4,0.39,0.02,0.4,0.437,no edge (best ATL -1.5),0.612,0.67,0.34,0.251,0.3,0.71,0.19,0.25,0.76,0.141,0.18,0.83,ATL,0.61,0.621,-0.006,no edge (best ATL NO -1.5)
2026-09-18,824303,SEA,COL,,Bryan Woo,-0.97,4.877,0.413,0.38,0.62,0.016,CAUTIOUS &mdash; small edge on COL,0.0,-0.97,4.877,0.413,0.016,CAUTIOUS &mdash; small edge on COL,,2026-09-18T07:01:09+00:00,,True,1.5,0.307,0.456,0.0,10.72,0.713,0.631,0.548,,,,,,68.0,False,,,,2026-09-19T00:10:00Z,pass,PASS,,,,,,,,,0.79,,,0.467,,,0.391,,,0.323,,,,,,,
2026-09-18,823005,WSH,STL,Kyle Leahy,Cade Cavalli,0.21,4.434,0.521,0.52,0.49,-0.016,NO VALUE at current price,0.0,0.21,4.434,0.521,-0.016,NO VALUE at current price,,2026-09-18T07:01:09+00:00,,False,1.5,0.386,0.35,0.0,9.27,0.611,0.518,0.43,0.074,OVER 9.5,0.52,0.43,0.34,89.0,False,0.49,0.58,0.67,2026-09-19T00:15:00Z,small,SMALL BET · Over 9.5 runs,0.34,0.33,0.37,0.36,0.03,0.34,0.386,no edge (best STL -1.5),0.704,0.63,0.38,0.349,0.28,0.73,0.278,0.21,0.8,0.218,,,STL,0.67,0.628,-0.057,no edge (best STL NO -1.5)
2026-09-18,823977,MIN,LAA,Grayson Rodriguez,Connor Prielipp,-0.02,4.434,0.498,0.47,0.54,0.011,CAUTIOUS &mdash; small edge on LAA,0.0,-0.02,4.434,0.498,0.011,CAUTIOUS &mdash; small edge on LAA,,2026-09-18T07:01:09+00:00,,False,1.5,0.366,0.369,0.0,8.53,0.547,0.451,0.363,0.012,no edge (best UNDER 12.5),0.58,0.5,0.39,72.0,False,0.43,0.52,0.62,2026-09-19T01:38:00Z,pass,PASS,0.3,0.29,0.41,0.4,0.051,0.3,0.366,LAA -1.5,0.647,0.68,0.33,0.286,0.32,0.69,0.221,0.25,0.76,0.167,0.2,0.81,MIN,0.6,0.614,-0.003,no edge (best MIN NO -1.5)
2026-09-18,823252,MIA,SD,Nick Pivetta,Tyler Phillips,0.38,4.434,0.538,0.65,0.36,0.086,HIGH VALUE &mdash; MIA,0.0,0.38,4.434,0.538,0.086,HIGH VALUE &mdash; MIA,,2026-09-18T07:01:09+00:00,,False,1.5,0.4,0.336,0.0,8.17,0.514,0.418,0.331,-0.009,no edge (best UNDER 10.5),0.51,0.43,0.33,69.0,False,0.5,0.58,0.69,2026-09-19T01:40:00Z,pass,PASS,0.46,0.45,0.25,0.24,0.073,0.25,0.336,MIA -1.5,0.617,0.63,0.38,0.256,0.27,0.74,0.194,0.2,0.81,0.144,,,SD,0.55,0.535,-0.032,no edge (best SD NO -1.5)
2026-09-18,825032,NYY,AZ,Eduardo Rodriguez,Gerrit Cole,-0.77,4.434,0.423,0.45,0.56,-0.001,NO VALUE at current price,0.0,-0.77,4.434,0.423,-0.001,NO VALUE at current price,,2026-09-18T07:01:09+00:00,,False,1.5,0.304,0.435,0.0,8.69,0.562,0.466,0.378,-0.006,no edge (best UNDER 11.5),0.56,0.48,0.37,94.0,True,0.45,0.53,0.64,2026-09-19T01:40:00Z,pass,PASS,0.3,0.29,0.42,0.41,-0.002,0.42,0.435,no edge (best NYY -1.5),0.66,0.68,0.34,0.299,0.31,0.71,0.233,0.25,0.76,0.178,0.19,0.83,NYY,0.59,0.6,-0.007,no edge (best NYY NO -1.5)
2026-09-18,823898,SF,LAD,Tyler Glasnow,Cesar Perdomo,0.87,4.434,0.586,0.74,0.27,0.13,HIGH VALUE &mdash; SF,0.0,0.87,4.434,0.586,0.13,HIGH VALUE &mdash; SF,,2026-09-18T07:01:09+00:00,,False,1.5,0.443,0.297,0.0,8.67,0.561,0.465,0.377,0.004,no edge (best OVER 7.5),0.54,0.46,0.36,68.0,False,0.47,0.55,0.65,2026-09-19T02:15:00Z,pass,PASS,0.56,0.55,0.19,0.18,0.096,0.19,0.297,SF -1.5,0.659,0.66,0.35,0.298,0.3,0.72,0.232,0.22,0.8,0.177,0.18,0.84,,,,,
2026-09-18,824463,CHC,CIN,Chase Burns,Clay Holmes,-1.48,4.434,0.355,0.44,0.58,0.048,HIGH VALUE &mdash; CHC,0.0,-1.48,4.434,0.355,0.048,HIGH VALUE &mdash; CHC,,2026-09-18T17:29:39+00:00,,False,1.5,0.251,0.498,0.0,9.48,0.627,0.535,0.447,0.01,no edge (best OVER 11.5),0.6,0.51,0.42,79.0,False,0.41,0.5,0.59,2026-09-18T22:40:00Z,pass,PASS,0.29,0.28,0.44,0.43,0.041,0.44,0.498,CHC -1.5,0.718,0.71,0.3,0.366,0.35,0.66,0.294,0.27,0.75,0.232,0.22,0.8,CHC,0.57,0.585,-0.002,no edge (best CHC NO -1.5)
2026-09-18,823331,KC,PIT,Paul Skenes,Randy Dobnak,0.55,4.434,0.555,0.64,0.37,0.058,HIGH VALUE &mdash; KC,0.0,0.55,4.434,0.555,0.058,HIGH VALUE &mdash; KC,,2026-09-18T17:29:39+00:00,,False,1.5,0.416,0.322,0.0,8.14,0.512,0.415,0.328,0.048,UNDER 8.5,0.58,0.49,0.39,71.0,False,0.43,0.52,0.62,2026-09-18T22:40:00Z,small,SMALL BET · Under 8.5 runs,0.45,0.44,0.27,0.26,0.038,0.27,0.322,no edge (best KC -1.5),0.614,0.68,0.33,0.254,0.32,0.69,0.192,0.24,0.77,0.143,0.19,0.82,PIT,0.56,0.542,-0.035,no edge (best PIT NO -1.5)
2026-09-18,824790,MIL,BAL,Cade Povich,Dustin May,-1.25,4.434,0.377,0.42,0.59,0.016,CAUTIOUS &mdash; small edge on MIL,0.0,-1.25,4.434,0.377,0.016,CAUTIOUS &mdash; small edge on MIL,,2026-09-18T17:29:39+00:00,,False,1.5,0.267,0.478,0.0,9.24,0.608,0.515,0.427,0.02,no edge (best OVER 9.5),0.58,0.49,0.39,77.0,False,0.43,0.52,0.62,2026-09-18T23:05:00Z,pass,PASS,0.28,0.27,0.45,0.44,0.011,0.45,0.478,no edge (best MIL -1.5),0.701,0.68,0.33,0.346,0.32,0.69,0.275,0.25,0.76,0.215,0.2,0.81,MIL,0.56,0.578,0.001,no edge (best MIL NO -1.5)
2026-09-18,824383,ATH,CLE,Daniel Espino,Mason Barnett,1.65,4.434,0.66,0.68,0.33,-0.006,NO VALUE at current price,0.0,1.65,4.434,0.66,-0.006,NO VALUE at current price,,2026-09-18T17:29:39+00:00,,False,1.5,0.513,0.239,0.0,8.49,0.544,0.448,0.36,0.021,no edge (best UNDER 6.5),0.58,0.49,0.39,67.0,False,0.43,0.52,0.62,2026-09-18T23:10:00Z,pass,PASS,0.5,0.49,0.25,0.24,-0.004,0.5,0.513,no edge (best CLE -1.5),0.644,0.69,0.32,0.283,0.33,0.69,0.218,0.25,0.77,0.165,0.2,0.81,CLE,0.51,0.514,-0.013,no edge (best CLE NO -1.5)
2026-09-18,822923,BOS,TB,Ian Seymour,Ranger Suarez,-0.04,4.434,0.496,0.56,0.45,0.037,CAUTIOUS &mdash; small edge on BOS,0.0,-0.04,4.434,0.496,0.037,CAUTIOUS &mdash; small edge on BOS,,2026-09-18T17:29:39+00:00,,False,1.5,0.364,0.371,0.0,8.01,0.499,0.402,0.316,0.042,OVER 7.5,0.44,0.37,0.28,80.0,True,0.57,0.64,0.73,2026-09-18T23:10:00Z,small,SMALL BET · Over 7.5 runs,0.37,0.36,0.33,0.32,0.026,0.33,0.371,no edge (best BOS -1.5),0.602,0.57,0.44,0.242,0.23,0.78,0.182,0.17,0.84,0.134,0.14,0.87,TB,0.64,0.6,-0.056,no edge (best TB NO -1.5)
2026-09-18,823572,PHI,NYM,Zac Thornton,,-0.29,4.877,0.473,0.51,0.5,0.009,CAUTIOUS &mdash; small edge on PHI,0.0,-0.29,4.877,0.473,0.009,CAUTIOUS &mdash; small edge on PHI,,2026-09-18T17:29:39+00:00,,True,1.5,0.356,0.402,0.0,8.68,0.562,0.466,0.378,0.027,no edge (best UNDER 8.5),0.59,0.52,0.4,73.0,False,0.42,0.49,0.61,2026-09-18T23:15:00Z,pass,PASS,0.34,0.33,0.38,0.37,0.006,0.38,0.402,no edge (best PHI -1.5),0.66,0.7,0.31,0.299,0.34,0.67,0.233,0.25,0.76,0.177,0.21,0.8,NYM,0.67,0.635,-0.05,no edge (best NYM NO -1.5)
2026-09-18,824547,DET,CWS,David Sandlin,Andrew Sears,-0.26,4.434,0.474,0.55,0.46,0.049,HIGH VALUE &mdash; DET,0.0,-0.26,4.434,0.474,0.049,HIGH VALUE &mdash; DET,,2026-09-18T17:29:39+00:00,,False,1.5,0.345,0.39,0.0,8.22,0.519,0.423,0.336,0.054,UNDER 6.5,0.58,0.5,0.39,66.0,False,0.43,0.51,0.62,2026-09-18T23:40:00Z,small,SMALL BET · Under 6.5 runs,0.37,0.36,0.35,0.33,0.024,0.35,0.39,no edge (best DET -1.5),0.621,0.7,0.31,0.26,0.33,0.69,0.198,0.25,0.76,0.148,0.19,0.82,CWS,0.64,0.607,-0.049,no edge (best CWS NO -1.5)
2026-09-18,822847,TOR,TEX,Kumar Rocker,Dylan Cease,-0.75,4.434,0.426,0.45,0.56,-0.003,NO VALUE at current price,0.0,-0.75,4.434,0.426,-0.003,NO VALUE at current price,,2026-09-18T17:29:39+00:00,,False,1.5,0.306,0.433,0.0,7.99,0.497,0.4,0.314,0.008,no edge (best UNDER 11.5),0.5,0.43,0.33,91.0,True,0.51,0.59,0.68,2026-09-19T00:05:00Z,pass,PASS,0.28,0.27,0.43,0.42,0.012,0.28,0.306,no edge (best TEX -1.5),0.601,0.62,0.39,0.241,0.27,0.74,0.181,0.21,0.8,0.133,,,TOR,0.58,0.6,0.003,no edge (best TOR NO -1.5)
2026-09-18,824138,ATL,HOU,Peter Lambert,Tyler Mahle,-0.79,4.434,0.421,0.48,0.53,0.031,CAUTIOUS &mdash; small edge on ATL,0.0,-0.79,4.434,0.421,0.031,CAUTIOUS &mdash; small edge on ATL,,2026-09-18T17:29:39+00:00,,False,1.5,0.302,0.437,0.0,8.11,0.509,0.412,0.326,0.041,UNDER 8.5,0.56,0.48,0.38,80.0,True,0.45,0.53,0.63,2026-09-19T00:10:00Z,small,SMALL BET · Under 8.5 runs,0.31,0.3,0.4,0.39,0.02,0.4,0.437,no edge (best ATL -1.5),0.612,0.67,0.34,0.251,0.31,0.7,0.19,0.25,0.76,0.141,0.18,0.83,ATL,0.61,0.621,-0.006,no edge (best ATL NO -1.5)
2026-09-18,824303,SEA,COL,,Bryan Woo,-0.97,4.877,0.413,0.37,0.64,0.027,CAUTIOUS &mdash; small edge on COL,0.0,-0.97,4.877,0.413,0.027,CAUTIOUS &mdash; small edge on COL,,2026-09-18T17:29:39+00:00,,True,1.5,0.307,0.456,0.0,10.83,0.72,0.639,0.556,0.017,no edge (best UNDER 10.5),0.75,0.68,0.59,71.0,False,0.26,0.33,0.42,2026-09-19T00:10:00Z,pass,PASS,0.22,0.21,0.54,0.53,0.075,0.22,0.307,COL -1.5,0.795,0.83,0.18,0.476,0.52,0.49,0.4,0.42,0.59,0.331,0.36,0.65,SEA,0.47,0.542,0.055,SEA NO -1.5
2026-09-18,823005,WSH,STL,Kyle Leahy,Cade Cavalli,0.21,4.434,0.521,0.5,0.51,0.004,CAUTIOUS &mdash; small edge on STL,0.0,0.21,4.434,0.521,0.004,CAUTIOUS &mdash; small edge on STL,,2026-09-18T17:29:39+00:00,,False,1.5,0.386,0.35,0.0,9.27,0.611,0.518,0.43,0.074,OVER 9.5,0.52,0.44,0.34,89.0,False,0.49,0.57,0.67,2026-09-19T00:15:00Z,small,SMALL BET · Over 9.5 runs,0.32,0.31,0.38,0.37,0.051,0.32,0.386,STL -1.5,0.704,0.63,0.38,0.349,0.28,0.73,0.278,0.21,0.8,0.218,,,WSH,0.63,0.635,-0.011,no edge (best WSH NO -1.5)
2026-09-18,823977,MIN,LAA,Grayson Rodriguez,Connor Prielipp,-0.02,4.434,0.498,0.5,0.51,-0.019,NO VALUE at current price,0.0,-0.02,4.434,0.498,-0.019,NO VALUE at current price,,2026-09-18T17:29:39+00:00,,False,1.5,0.366,0.369,0.0,8.56,0.55,0.454,0.366,0.001,no edge (best UNDER 12.5),0.54,0.46,0.38,73.0,False,0.47,0.55,0.63,2026-09-19T01:38:00Z,pass,PASS,0.31,0.3,0.39,0.38,0.041,0.31,0.366,LAA -1.5,0.649,0.67,0.35,0.288,0.31,0.7,0.223,0.24,0.77,0.169,0.19,0.82,MIN,0.62,0.635,-0.001,no edge (best MIN NO -1.5)
2026-09-18,823252,MIA,SD,Nick Pivetta,Tyler Phillips,0.38,4.434,0.538,0.66,0.35,0.096,HIGH VALUE &mdash; MIA,0.0,0.38,4.434,0.538,0.096,HIGH VALUE &mdash; MIA,,2026-09-18T17:29:39+00:00,,False,1.5,0.4,0.336,0.0,8.22,0.52,0.423,0.336,0.001,no edge (best OVER 9.5),0.51,0.42,0.32,71.0,False,0.5,0.59,0.69,2026-09-19T01:40:00Z,pass,PASS,0.47,0.46,0.25,0.24,0.073,0.25,0.336,MIA -1.5,0.622,0.63,0.38,0.261,0.26,0.75,0.198,0.2,0.81,0.148,,,SD,0.54,0.528,-0.029,no edge (best SD NO -1.5)
2026-09-18,825032,NYY,AZ,Eduardo Rodriguez,Gerrit Cole,-0.77,4.434,0.423,0.5,0.52,0.039,CAUTIOUS &mdash; small edge on NYY,0.0,-0.77,4.434,0.423,0.039,CAUTIOUS &mdash; small edge on NYY,,2026-09-18T17:29:39+00:00,,False,1.5,0.304,0.435,0.0,8.69,0.562,0.466,0.378,0.015,no edge (best OVER 7.5),0.53,0.46,0.35,95.0,True,0.48,0.55,0.66,2026-09-19T01:40:00Z,pass,PASS,0.3,0.29,0.39,0.38,0.028,0.39,0.435,no edge (best NYY -1.5),0.66,0.66,0.35,0.299,0.3,0.71,0.233,0.23,0.78,0.178,0.18,0.83,NYY,0.62,0.628,-0.008,no edge (best NYY NO -1.5)
2026-09-18,823898,SF,LAD,Tyler Glasnow,Cesar Perdomo,0.87,4.434,0.586,0.74,0.27,0.13,HIGH VALUE &mdash; SF,0.0,0.87,4.434,0.586,0.13,HIGH VALUE &mdash; SF,,2026-09-18T17:29:39+00:00,,False,1.5,0.443,0.297,0.0,8.67,0.561,0.465,0.377,0.001,no edge (best OVER 9.5),0.55,0.47,0.36,68.0,False,0.46,0.54,0.65,2026-09-19T02:15:00Z,pass,PASS,0.55,0.54,0.19,0.18,0.096,0.19,0.297,SF -1.5,0.659,0.66,0.35,0.298,0.29,0.72,0.232,0.22,0.79,0.177,0.18,0.83,,,,,
2026-09-18,824463,CHC,CIN,Chase Burns,Clay Holmes,-1.48,4.434,0.355,0.43,0.58,0.048,HIGH VALUE &mdash; CHC,0.0,-1.48,4.434,0.355,0.048,HIGH VALUE &mdash; CHC,,2026-09-18T18:09:10+00:00,,False,1.5,0.251,0.498,0.0,9.48,0.627,0.535,0.447,0.02,no edge (best OVER 7.5),0.59,0.51,0.42,79.0,False,0.42,0.5,0.59,2026-09-18T22:40:00Z,pass,PASS,0.29,0.28,0.44,0.43,0.041,0.44,0.498,CHC -1.5,0.718,0.71,0.3,0.366,0.35,0.66,0.294,0.27,0.75,0.232,0.22,0.8,CHC,0.57,0.585,-0.002,no edge (best CHC NO -1.5)
2026-09-18,823331,KC,PIT,Paul Skenes,Randy Dobnak,0.55,4.434,0.555,0.64,0.37,0.058,HIGH VALUE &mdash; KC,0.0,0.55,4.434,0.555,0.058,HIGH VALUE &mdash; KC,,2026-09-18T18:09:10+00:00,,False,1.5,0.416,0.322,0.0,8.14,0.512,0.415,0.328,0.048,UNDER 8.5,0.58,0.49,0.39,71.0,False,0.43,0.52,0.62,2026-09-18T22:40:00Z,small,SMALL BET · Under 8.5 runs,0.45,0.44,0.27,0.26,0.038,0.27,0.322,no edge (best KC -1.5),0.614,0.68,0.33,0.254,0.32,0.69,0.192,0.24,0.77,0.143,0.19,0.82,PIT,0.56,0.542,-0.035,no edge (best PIT NO -1.5)
2026-09-18,824790,MIL,BAL,Cade Povich,Dustin May,-1.25,4.434,0.377,0.42,0.59,0.016,CAUTIOUS &mdash; small edge on MIL,0.0,-1.25,4.434,0.377,0.016,CAUTIOUS &mdash; small edge on MIL,,2026-09-18T18:09:10+00:00,,False,1.5,0.267,0.478,0.0,9.24,0.608,0.515,0.427,0.02,no edge (best OVER 9.5),0.58,0.49,0.39,77.0,False,0.43,0.52,0.62,2026-09-18T23:05:00Z,pass,PASS,0.28,0.27,0.46,0.45,0.001,0.46,0.478,no edge (best MIL -1.5),0.701,0.68,0.33,0.346,0.32,0.69,0.275,0.25,0.76,0.215,0.2,0.81,MIL,0.55,0.578,0.011,no edge (best MIL NO -1.5)
2026-09-18,824383,ATH,CLE,Daniel Espino,Mason Barnett,1.65,4.434,0.66,0.68,0.33,-0.006,NO VALUE at current price,0.0,1.65,4.434,0.66,-0.006,NO VALUE at current price,,2026-09-18T18:09:10+00:00,,False,1.5,0.513,0.239,0.0,8.49,0.544,0.448,0.36,0.021,no edge (best UNDER 6.5),0.58,0.49,0.39,67.0,False,0.43,0.52,0.62,2026-09-18T23:10:00Z,pass,PASS,0.5,0.49,0.25,0.24,-0.004,0.5,0.513,no edge (best CLE -1.5),0.644,0.69,0.32,0.283,0.33,0.69,0.218,0.25,0.77,0.165,0.2,0.81,CLE,0.51,0.514,-0.013,no edge (best CLE NO -1.5)
2026-09-18,822923,BOS,TB,Ian Seymour,Ranger Suarez,-0.04,4.434,0.496,0.56,0.45,0.037,CAUTIOUS &mdash; small edge on BOS,0.0,-0.04,4.434,0.496,0.037,CAUTIOUS &mdash; small edge on BOS,,2026-09-18T18:09:10+00:00,,False,1.5,0.364,0.371,0.0,8.01,0.499,0.402,0.316,0.042,OVER 7.5,0.44,0.37,0.28,80.0,True,0.57,0.64,0.73,2026-09-18T23:10:00Z,small,SMALL BET · Over 7.5 runs,0.37,0.36,0.33,0.32,0.026,0.33,0.371,no edge (best BOS -1.5),0.602,0.57,0.44,0.242,0.23,0.78,0.182,0.17,0.84,0.134,0.14,0.87,TB,0.64,0.6,-0.056,no edge (best TB NO -1.5)
2026-09-18,823572,PHI,NYM,Zac Thornton,,-0.29,4.877,0.473,0.51,0.5,0.009,CAUTIOUS &mdash; small edge on PHI,0.0,-0.29,4.877,0.473,0.009,CAUTIOUS &mdash; small edge on PHI,,2026-09-18T18:09:10+00:00,,True,1.5,0.356,0.402,0.0,8.68,0.562,0.466,0.378,0.027,no edge (best UNDER 8.5),0.59,0.52,0.4,73.0,False,0.42,0.49,0.61,2026-09-18T23:15:00Z,pass,PASS,0.34,0.33,0.38,0.37,0.006,0.38,0.402,no edge (best PHI -1.5),0.66,0.7,0.31,0.299,0.34,0.67,0.233,0.25,0.76,0.177,0.21,0.8,NYM,0.67,0.635,-0.05,no edge (best NYM NO -1.5)
2026-09-18,824547,DET,CWS,David Sandlin,Andrew Sears,-0.26,4.434,0.474,0.55,0.46,0.049,HIGH VALUE &mdash; DET,0.0,-0.26,4.434,0.474,0.049,HIGH VALUE &mdash; DET,,2026-09-18T18:09:10+00:00,,False,1.5,0.345,0.39,0.0,8.22,0.519,0.423,0.336,0.054,UNDER 6.5,0.58,0.5,0.39,66.0,False,0.43,0.51,0.62,2026-09-18T23:40:00Z,small,SMALL BET · Under 6.5 runs,0.37,0.36,0.35,0.33,0.024,0.35,0.39,no edge (best DET -1.5),0.621,0.7,0.31,0.26,0.33,0.69,0.198,0.25,0.76,0.148,0.2,0.81,CWS,0.64,0.607,-0.049,no edge (best CWS NO -1.5)
2026-09-18,822847,TOR,TEX,Kumar Rocker,Dylan Cease,-0.75,4.434,0.426,0.45,0.56,-0.003,NO VALUE at current price,0.0,-0.75,4.434,0.426,-0.003,NO VALUE at current price,,2026-09-18T18:09:10+00:00,,False,1.5,0.306,0.433,0.0,7.99,0.497,0.4,0.314,0.008,no edge (best UNDER 11.5),0.5,0.42,0.32,91.0,True,0.51,0.59,0.69,2026-09-19T00:05:00Z,pass,PASS,0.28,0.27,0.43,0.42,0.012,0.28,0.306,no edge (best TEX -1.5),0.601,0.62,0.39,0.241,0.27,0.74,0.181,0.21,0.8,0.133,,,TOR,0.58,0.6,0.003,no edge (best TOR NO -1.5)
2026-09-18,824138,ATL,HOU,Peter Lambert,Tyler Mahle,-0.79,4.434,0.421,0.48,0.53,0.031,CAUTIOUS &mdash; small edge on ATL,0.0,-0.79,4.434,0.421,0.031,CAUTIOUS &mdash; small edge on ATL,,2026-09-18T18:09:10+00:00,,False,1.5,0.302,0.437,0.0,8.11,0.509,0.412,0.326,0.041,UNDER 8.5,0.56,0.48,0.38,80.0,True,0.45,0.53,0.63,2026-09-19T00:10:00Z,small,SMALL BET · Under 8.5 runs,0.31,0.3,0.4,0.39,0.02,0.4,0.437,no edge (best ATL -1.5),0.612,0.67,0.34,0.251,0.31,0.7,0.19,0.25,0.76,0.141,0.18,0.83,ATL,0.61,0.621,-0.006,no edge (best ATL NO -1.5)
2026-09-18,824303,SEA,COL,,Bryan Woo,-0.97,4.877,0.413,0.37,0.64,0.027,CAUTIOUS &mdash; small edge on COL,0.0,-0.97,4.877,0.413,0.027,CAUTIOUS &mdash; small edge on COL,,2026-09-18T18:09:10+00:00,,True,1.5,0.307,0.456,0.0,10.83,0.72,0.639,0.556,0.017,no edge (best UNDER 10.5),0.75,0.69,0.59,71.0,False,0.26,0.33,0.42,2026-09-19T00:10:00Z,pass,PASS,0.22,0.21,0.54,0.53,0.075,0.22,0.307,COL -1.5,0.795,0.84,0.18,0.476,0.52,0.49,0.4,0.42,0.59,0.331,0.36,0.65,SEA,0.47,0.542,0.055,SEA NO -1.5
2026-09-18,823005,WSH,STL,Kyle Leahy,Cade Cavalli,0.21,4.434,0.521,0.5,0.51,0.004,CAUTIOUS &mdash; small edge on STL,0.0,0.21,4.434,0.521,0.004,CAUTIOUS &mdash; small edge on STL,,2026-09-18T18:09:10+00:00,,False,1.5,0.386,0.35,0.0,9.27,0.611,0.518,0.43,0.074,OVER 9.5,0.52,0.44,0.34,89.0,False,0.49,0.57,0.67,2026-09-19T00:15:00Z,small,SMALL BET · Over 9.5 runs,0.32,0.31,0.38,0.37,0.051,0.32,0.386,STL -1.5,0.704,0.63,0.38,0.349,0.28,0.73,0.278,0.21,0.8,0.218,,,WSH,0.63,0.635,-0.011,no edge (best WSH NO -1.5)
2026-09-18,823977,MIN,LAA,Grayson Rodriguez,Connor Prielipp,-0.02,4.434,0.498,0.5,0.51,-0.019,NO VALUE at current price,0.0,-0.02,4.434,0.498,-0.019,NO VALUE at current price,,2026-09-18T18:09:10+00:00,,False,1.5,0.366,0.369,0.0,8.56,0.55,0.454,0.366,0.001,no edge (best UNDER 12.5),0.55,0.46,0.38,73.0,False,0.46,0.55,0.63,2026-09-19T01:38:00Z,pass,PASS,0.31,0.3,0.39,0.38,0.041,0.31,0.366,LAA -1.5,0.649,0.67,0.35,0.288,0.31,0.7,0.223,0.24,0.77,0.169,0.19,0.82,MIN,0.62,0.635,-0.001,no edge (best MIN NO -1.5)
2026-09-18,823252,MIA,SD,Nick Pivetta,Tyler Phillips,0.38,4.434,0.538,0.66,0.35,0.096,HIGH VALUE &mdash; MIA,0.0,0.38,4.434,0.538,0.096,HIGH VALUE &mdash; MIA,,2026-09-18T18:09:10+00:00,,False,1.5,0.4,0.336,0.0,8.22,0.52,0.423,0.336,0.001,no edge (best OVER 9.5),0.51,0.42,0.32,71.0,False,0.5,0.59,0.69,2026-09-19T01:40:00Z,pass,PASS,0.47,0.46,0.25,0.24,0.073,0.25,0.336,MIA -1.5,0.622,0.62,0.39,0.261,0.26,0.75,0.198,0.2,0.81,0.148,,,SD,0.54,0.528,-0.029,no edge (best SD NO -1.5)
2026-09-18,825032,NYY,AZ,Eduardo Rodriguez,Gerrit Cole,-0.77,4.434,0.423,0.5,0.52,0.039,CAUTIOUS &mdash; small edge on NYY,0.0,-0.77,4.434,0.423,0.039,CAUTIOUS &mdash; small edge on NYY,,2026-09-18T18:09:10+00:00,,False,1.5,0.304,0.435,0.0,8.69,0.562,0.466,0.378,0.015,no edge (best OVER 7.5),0.53,0.46,0.35,95.0,True,0.48,0.55,0.66,2026-09-19T01:40:00Z,pass,PASS,0.31,0.3,0.39,0.38,0.028,0.39,0.435,no edge (best NYY -1.5),0.66,0.66,0.35,0.299,0.3,0.71,0.233,0.23,0.78,0.178,0.18,0.83,NYY,0.62,0.628,-0.008,no edge (best NYY NO -1.5)
2026-09-18,823898,SF,LAD,Tyler Glasnow,Cesar Perdomo,0.87,4.434,0.586,0.74,0.27,0.13,HIGH VALUE &mdash; SF,0.0,0.87,4.434,0.586,0.13,HIGH VALUE &mdash; SF,,2026-09-18T18:09:10+00:00,,False,1.5,0.443,0.297,0.0,8.67,0.561,0.465,0.377,0.001,no edge (best OVER 9.5),0.55,0.47,0.36,68.0,False,0.46,0.54,0.65,2026-09-19T02:15:00Z,pass,PASS,0.55,0.54,0.19,0.18,0.096,0.19,0.297,SF -1.5,0.659,0.66,0.35,0.298,0.29,0.72,0.232,0.22,0.79,0.177,0.18,0.83,,,,,
2026-09-18,824463,CHC,CIN,Chase Burns,Clay Holmes,-1.48,4.434,0.355,0.43,0.58,0.048,HIGH VALUE &mdash; CHC,0.0,-1.48,4.434,0.355,0.048,HIGH VALUE &mdash; CHC,,2026-09-18T19:10:07+00:00,,False,1.5,0.251,0.498,0.0,9.51,0.63,0.538,0.45,0.013,no edge (best OVER 11.5),0.6,0.51,0.42,80.0,False,0.41,0.5,0.59,2026-09-18T22:40:00Z,pass,PASS,0.29,0.28,0.45,0.44,0.031,0.45,0.498,no edge (best CHC -1.5),0.72,0.71,0.3,0.369,0.35,0.66,0.297,0.27,0.75,0.234,0.21,0.8,CHC,0.56,0.585,0.008,no edge (best CHC NO -1.5)
2026-09-18,823331,KC,PIT,Paul Skenes,Randy Dobnak,0.55,4.434,0.555,0.64,0.37,0.058,HIGH VALUE &mdash; KC,0.0,0.55,4.434,0.555,0.058,HIGH VALUE &mdash; KC,,2026-09-18T19:10:07+00:00,,False,1.5,0.416,0.322,0.0,8.25,0.522,0.426,0.338,0.037,no edge (best UNDER 8.5),0.58,0.49,0.39,75.0,False,0.43,0.52,0.62,2026-09-18T22:40:00Z,pass,PASS,0.45,0.44,0.27,0.26,0.038,0.27,0.322,no edge (best KC -1.5),0.624,0.68,0.33,0.263,0.32,0.69,0.2,0.24,0.77,0.149,0.19,0.82,PIT,0.56,0.542,-0.035,no edge (best PIT NO -1.5)
2026-09-18,824790,MIL,BAL,Cade Povich,Dustin May,-1.25,4.434,0.377,0.42,0.59,0.016,CAUTIOUS &mdash; small edge on MIL,0.0,-1.25,4.434,0.377,0.016,CAUTIOUS &mdash; small edge on MIL,,2026-09-18T19:10:07+00:00,,False,1.5,0.267,0.478,0.0,9.21,0.606,0.512,0.424,0.017,no edge (best OVER 9.5),0.58,0.49,0.39,76.0,False,0.43,0.52,0.62,2026-09-18T23:05:00Z,pass,PASS,0.28,0.27,0.46,0.45,0.001,0.46,0.478,no edge (best MIL -1.5),0.699,0.69,0.33,0.343,0.32,0.69,0.273,0.25,0.76,0.213,0.2,0.81,MIL,0.55,0.578,0.011,no edge (best MIL NO -1.5)
2026-09-18,824383,ATH,CLE,Daniel Espino,Mason Barnett,1.65,4.434,0.66,0.69,0.33,-0.006,NO VALUE at current price,0.0,1.65,4.434,0.66,-0.006,NO VALUE at current price,,2026-09-18T19:10:07+00:00,,False,1.5,0.513,0.239,0.0,8.41,0.537,0.441,0.353,0.027,no edge (best UNDER 6.5),0.58,0.49,0.39,69.0,False,0.43,0.52,0.62,2026-09-18T23:10:00Z,pass,PASS,0.5,0.49,0.24,0.23,-0.004,0.5,0.513,no edge (best CLE -1.5),0.638,0.69,0.32,0.276,0.33,0.69,0.212,0.25,0.77,0.16,0.2,0.81,CLE,0.51,0.507,-0.02,no edge (best CLE NO -1.5)
2026-09-18,822923,BOS,TB,Ian Seymour,Ranger Suarez,-0.04,4.434,0.496,0.56,0.45,0.037,CAUTIOUS &mdash; small edge on BOS,0.0,-0.04,4.434,0.496,0.037,CAUTIOUS &mdash; small edge on BOS,,2026-09-18T19:10:07+00:00,,False,1.5,0.364,0.371,0.0,8.01,0.499,0.402,0.316,0.042,OVER 7.5,0.44,0.37,0.28,72.0,True,0.57,0.64,0.73,2026-09-18T23:10:00Z,small,SMALL BET · Over 7.5 runs,0.37,0.36,0.33,0.32,0.026,0.33,0.371,no edge (best BOS -1.5),0.602,0.57,0.44,0.242,0.23,0.78,0.182,0.17,0.84,0.134,0.14,0.87,TB,0.64,0.6,-0.056,no edge (best TB NO -1.5)
2026-09-18,823572,PHI,NYM,Zac Thornton,,-0.29,4.877,0.473,0.51,0.5,0.009,CAUTIOUS &mdash; small edge on PHI,0.0,-0.29,4.877,0.473,0.009,CAUTIOUS &mdash; small edge on PHI,,2026-09-18T19:10:07+00:00,,True,1.5,0.356,0.402,0.0,8.71,0.564,0.469,0.38,0.024,no edge (best UNDER 8.5),0.59,0.52,0.4,74.0,False,0.42,0.49,0.61,2026-09-18T23:15:00Z,pass,PASS,0.34,0.33,0.38,0.37,0.006,0.38,0.402,no edge (best PHI -1.5),0.662,0.71,0.3,0.302,0.34,0.67,0.235,0.25,0.76,0.179,0.21,0.8,NYM,0.67,0.635,-0.05,no edge (best NYM NO -1.5)
2026-09-18,824547,DET,CWS,David Sandlin,Andrew Sears,-0.26,4.434,0.474,0.55,0.46,0.049,HIGH VALUE &mdash; DET,0.0,-0.26,4.434,0.474,0.049,HIGH VALUE &mdash; DET,,2026-09-18T19:10:07+00:00,,False,1.5,0.345,0.39,0.0,8.25,0.522,0.425,0.338,0.048,UNDER 8.5,0.58,0.5,0.39,67.0,False,0.43,0.51,0.62,2026-09-18T23:40:00Z,small,SMALL BET · Under 8.5 runs,0.37,0.36,0.35,0.33,0.024,0.35,0.39,no edge (best DET -1.5),0.624,0.7,0.32,0.263,0.33,0.69,0.2,0.25,0.76,0.149,0.2,0.81,CWS,0.64,0.607,-0.049,no edge (best CWS NO -1.5)
2026-09-18,822847,TOR,TEX,Kumar Rocker,Dylan Cease,-0.75,4.434,0.426,0.45,0.56,-0.003,NO VALUE at current price,0.0,-0.75,4.434,0.426,-0.003,NO VALUE at current price,,2026-09-18T19:10:07+00:00,,False,1.5,0.306,0.433,0.0,7.99,0.497,0.4,0.314,0.008,no edge (best UNDER 11.5),0.5,0.42,0.32,91.0,True,0.51,0.59,0.69,2026-09-19T00:05:00Z,pass,PASS,0.28,0.27,0.43,0.42,0.012,0.28,0.306,no edge (best TEX -1.5),0.601,0.62,0.39,0.241,0.27,0.74,0.181,0.21,0.8,0.133,,,TOR,0.58,0.6,0.003,no edge (best TOR NO -1.5)
2026-09-18,824138,ATL,HOU,Peter Lambert,Tyler Mahle,-0.79,4.434,0.421,0.48,0.53,0.031,CAUTIOUS &mdash; small edge on ATL,0.0,-0.79,4.434,0.421,0.031,CAUTIOUS &mdash; small edge on ATL,,2026-09-18T19:10:07+00:00,,False,1.5,0.302,0.437,0.0,8.11,0.509,0.412,0.326,0.041,UNDER 8.5,0.56,0.48,0.38,80.0,True,0.45,0.53,0.63,2026-09-19T00:10:00Z,small,SMALL BET · Under 8.5 runs,0.31,0.3,0.4,0.39,0.02,0.4,0.437,no edge (best ATL -1.5),0.612,0.67,0.34,0.251,0.31,0.7,0.19,0.25,0.76,0.141,0.18,0.83,ATL,0.61,0.621,-0.006,no edge (best ATL NO -1.5)
2026-09-18,824303,SEA,COL,Gabriel Hughes,Bryan Woo,-1.08,4.434,0.393,0.37,0.64,0.007,CAUTIOUS &mdash; small edge on COL,0.0,-1.08,4.434,0.393,0.007,CAUTIOUS &mdash; small edge on COL,,2026-09-18T19:10:07+00:00,,False,1.5,0.28,0.462,0.0,10.92,0.725,0.645,0.563,0.012,no edge (best UNDER 7.5),0.76,0.69,0.59,73.0,False,0.25,0.33,0.42,2026-09-19T00:10:00Z,pass,PASS,0.23,0.22,0.54,0.53,0.051,0.47,0.538,COL +1.5,0.8,0.84,0.18,0.483,0.52,0.49,0.407,0.42,0.59,0.338,0.36,0.65,SEA,0.47,0.542,0.055,SEA NO -1.5
2026-09-18,823005,WSH,STL,Kyle Leahy,Cade Cavalli,0.21,4.434,0.521,0.5,0.51,0.004,CAUTIOUS &mdash; small edge on STL,0.0,0.21,4.434,0.521,0.004,CAUTIOUS &mdash; small edge on STL,,2026-09-18T19:10:07+00:00,,False,1.5,0.386,0.35,0.0,9.3,0.614,0.521,0.433,0.077,OVER 9.5,0.52,0.44,0.34,90.0,False,0.49,0.57,0.67,2026-09-19T00:15:00Z,small,SMALL BET · Over 9.5 runs,0.32,0.31,0.38,0.37,0.051,0.32,0.386,STL -1.5,0.706,0.63,0.38,0.352,0.28,0.73,0.281,0.21,0.8,0.22,,,WSH,0.63,0.635,-0.011,no edge (best WSH NO -1.5)
2026-09-18,823977,MIN,LAA,Grayson Rodriguez,Connor Prielipp,-0.02,4.434,0.498,0.5,0.52,-0.019,NO VALUE at current price,0.0,-0.02,4.434,0.498,-0.019,NO VALUE at current price,,2026-09-18T19:10:07+00:00,,False,1.5,0.366,0.369,0.0,8.56,0.55,0.454,0.366,0.001,no edge (best UNDER 12.5),0.55,0.46,0.38,73.0,False,0.46,0.55,0.63,2026-09-19T01:38:00Z,pass,PASS,0.31,0.3,0.39,0.38,0.041,0.31,0.366,LAA -1.5,0.649,0.67,0.35,0.288,0.31,0.7,0.223,0.24,0.77,0.169,0.19,0.82,MIN,0.62,0.628,-0.008,no edge (best MIN NO -1.5)
2026-09-18,823252,MIA,SD,Nick Pivetta,Tyler Phillips,0.38,4.434,0.538,0.66,0.35,0.096,HIGH VALUE &mdash; MIA,0.0,0.38,4.434,0.538,0.096,HIGH VALUE &mdash; MIA,,2026-09-18T19:10:07+00:00,,False,1.5,0.4,0.336,0.0,8.22,0.52,0.423,0.336,0.001,no edge (best OVER 9.5),0.51,0.42,0.32,71.0,False,0.5,0.59,0.69,2026-09-19T01:40:00Z,pass,PASS,0.47,0.46,0.25,0.24,0.073,0.25,0.336,MIA -1.5,0.622,0.62,0.39,0.261,0.26,0.75,0.198,0.2,0.81,0.148,,,SD,0.54,0.528,-0.029,no edge (best SD NO -1.5)
2026-09-18,825032,NYY,AZ,Eduardo Rodriguez,Gerrit Cole,-0.77,4.434,0.423,0.5,0.52,0.039,CAUTIOUS &mdash; small edge on NYY,0.0,-0.77,4.434,0.423,0.039,CAUTIOUS &mdash; small edge on NYY,,2026-09-18T19:10:07+00:00,,False,1.5,0.304,0.435,0.0,8.69,0.562,0.466,0.378,0.015,no edge (best OVER 7.5),0.53,0.45,0.35,95.0,True,0.48,0.56,0.66,2026-09-19T01:40:00Z,pass,PASS,0.31,0.3,0.4,0.38,0.018,0.4,0.435,no edge (best NYY -1.5),0.66,0.66,0.35,0.299,0.3,0.71,0.233,0.23,0.78,0.178,0.18,0.83,NYY,0.62,0.628,-0.008,no edge (best NYY NO -1.5)
2026-09-18,823898,SF,LAD,Tyler Glasnow,Cesar Perdomo,0.87,4.434,0.586,0.74,0.27,0.13,HIGH VALUE &mdash; SF,0.0,0.87,4.434,0.586,0.13,HIGH VALUE &mdash; SF,,2026-09-18T19:10:07+00:00,,False,1.5,0.443,0.297,0.0,8.67,0.561,0.465,0.377,0.001,no edge (best OVER 9.5),0.55,0.47,0.36,68.0,False,0.46,0.54,0.65,2026-09-19T02:15:00Z,pass,PASS,0.55,0.54,0.19,0.18,0.096,0.19,0.297,SF -1.5,0.659,0.66,0.35,0.298,0.3,0.72,0.232,0.22,0.79,0.177,0.18,0.83,,,,,
2026-09-18,824463,CHC,CIN,Chase Burns,Clay Holmes,-1.48,4.434,0.355,0.43,0.58,0.048,HIGH VALUE &mdash; CHC,0.0,-1.48,4.434,0.355,0.048,HIGH VALUE &mdash; CHC,,2026-09-18T22:01:00+00:00,,False,1.5,0.251,0.498,0.0,9.47,0.627,0.535,0.447,0.021,no edge (best OVER 11.5),0.6,0.51,0.41,80.0,False,0.41,0.5,0.6,2026-09-18T22:40:00Z,pass,PASS,0.28,0.27,0.45,0.44,0.031,0.45,0.498,no edge (best CHC -1.5),0.717,0.71,0.31,0.366,0.35,0.67,0.294,0.26,0.75,0.232,0.21,0.8,CHC,0.56,0.585,0.008,no edge (best CHC NO -1.5)
2026-09-18,823331,KC,PIT,Paul Skenes,Randy Dobnak,0.55,4.434,0.555,0.64,0.37,0.058,HIGH VALUE &mdash; KC,0.0,0.55,4.434,0.555,0.058,HIGH VALUE &mdash; KC,,2026-09-18T22:01:00+00:00,,False,1.5,0.416,0.322,0.0,8.28,0.525,0.428,0.341,0.035,no edge (best UNDER 8.5),0.57,0.49,0.38,77.0,False,0.44,0.52,0.63,2026-09-18T22:40:00Z,pass,PASS,0.45,0.44,0.27,0.26,0.038,0.27,0.322,no edge (best KC -1.5),0.626,0.69,0.33,0.265,0.32,0.69,0.202,0.24,0.77,0.151,0.19,0.82,PIT,0.56,0.542,-0.035,no edge (best PIT NO -1.5)
2026-09-18,824790,MIL,BAL,Cade Povich,Dustin May,-1.25,4.434,0.377,0.42,0.59,0.016,CAUTIOUS &mdash; small edge on MIL,0.0,-1.25,4.434,0.377,0.016,CAUTIOUS &mdash; small edge on MIL,,2026-09-18T22:01:00+00:00,,False,1.5,0.267,0.478,0.0,9.14,0.6,0.506,0.418,0.023,no edge (best OVER 7.5),0.56,0.48,0.38,79.0,False,0.45,0.53,0.63,2026-09-18T23:05:00Z,pass,PASS,0.27,0.26,0.46,0.45,0.001,0.46,0.478,no edge (best MIL -1.5),0.694,0.68,0.33,0.338,0.32,0.69,0.268,0.24,0.77,0.208,0.2,0.81,MIL,0.55,0.578,0.011,no edge (best MIL NO -1.5)
2026-09-18,824383,ATH,CLE,Daniel Espino,Mason Barnett,1.65,4.434,0.66,0.68,0.33,-0.006,NO VALUE at current price,0.0,1.65,4.434,0.66,-0.006,NO VALUE at current price,,2026-09-18T22:01:00+00:00,,False,1.5,0.513,0.239,0.0,8.38,0.534,0.438,0.35,0.02,no edge (best UNDER 6.5),0.57,0.47,0.38,69.0,False,0.44,0.54,0.63,2026-09-18T23:10:00Z,pass,PASS,0.5,0.49,0.24,0.23,-0.004,0.5,0.513,no edge (best CLE -1.5),0.635,0.68,0.33,0.274,0.31,0.7,0.21,0.23,0.78,0.158,0.19,0.82,CLE,0.51,0.514,-0.013,no edge (best CLE NO -1.5)
2026-09-18,822923,BOS,TB,Ian Seymour,Ranger Suarez,-0.04,4.434,0.496,0.56,0.45,0.037,CAUTIOUS &mdash; small edge on BOS,0.0,-0.04,4.434,0.496,0.037,CAUTIOUS &mdash; small edge on BOS,,2026-09-18T22:01:00+00:00,,False,1.5,0.364,0.371,0.0,7.98,0.496,0.399,0.314,0.039,no edge (best OVER 7.5),0.44,0.37,0.27,72.0,True,0.57,0.64,0.74,2026-09-18T23:10:00Z,pass,PASS,0.37,0.36,0.32,0.31,0.036,0.32,0.371,no edge (best BOS -1.5),0.6,0.57,0.44,0.24,0.22,0.79,0.181,0.16,0.85,0.133,0.12,0.89,TB,0.64,0.6,-0.056,no edge (best TB NO -1.5)
2026-09-18,823572,PHI,NYM,Zac Thornton,Tim Mayza,-0.28,4.434,0.472,0.54,0.47,0.04,HIGH VALUE &mdash; PHI,0.0,-0.28,4.434,0.472,0.04,HIGH VALUE &mdash; PHI,,2026-09-18T22:01:00+00:00,,False,1.5,0.344,0.391,0.0,8.53,0.548,0.452,0.364,0.031,no edge (best UNDER 8.5),0.59,0.51,0.41,77.0,False,0.42,0.5,0.6,2026-09-18T23:15:00Z,pass,PASS,0.36,0.35,0.36,0.35,0.015,0.36,0.391,no edge (best PHI -1.5),0.647,0.7,0.31,0.286,0.34,0.68,0.221,0.25,0.76,0.167,0.2,0.81,NYM,0.65,0.614,-0.052,no edge (best NYM NO -1.5)
2026-09-18,824547,DET,CWS,David Sandlin,Andrew Sears,-0.26,4.434,0.474,0.55,0.46,0.049,HIGH VALUE &mdash; DET,0.0,-0.26,4.434,0.474,0.049,HIGH VALUE &mdash; DET,,2026-09-18T22:01:00+00:00,,False,1.5,0.345,0.39,0.0,8.16,0.514,0.417,0.33,0.036,no edge (best UNDER 8.5),0.56,0.48,0.37,69.0,False,0.45,0.53,0.64,2026-09-18T23:40:00Z,pass,PASS,0.37,0.36,0.35,0.33,0.024,0.35,0.39,no edge (best DET -1.5),0.616,0.68,0.34,0.256,0.31,0.7,0.194,0.24,0.77,0.144,0.19,0.82,CWS,0.64,0.607,-0.049,no edge (best CWS NO -1.5)
2026-09-18,822847,TOR,TEX,Kumar Rocker,Dylan Cease,-0.75,4.434,0.426,0.45,0.56,-0.003,NO VALUE at current price,0.0,-0.75,4.434,0.426,-0.003,NO VALUE at current price,,2026-09-18T22:01:00+00:00,,False,1.5,0.306,0.433,0.0,7.96,0.494,0.397,0.312,-0.002,no edge (best UNDER 10.5),0.49,0.42,0.32,72.0,True,0.52,0.59,0.69,2026-09-19T00:05:00Z,pass,PASS,0.28,0.26,0.43,0.42,0.012,0.28,0.306,no edge (best TEX -1.5),0.598,0.61,0.4,0.239,0.26,0.75,0.179,0.19,0.82,0.132,,,TOR,0.58,0.6,0.003,no edge (best TOR NO -1.5)
2026-09-18,824138,ATL,HOU,Peter Lambert,Tyler Mahle,-0.79,4.434,0.421,0.48,0.53,0.031,CAUTIOUS &mdash; small edge on ATL,0.0,-0.79,4.434,0.421,0.031,CAUTIOUS &mdash; small edge on ATL,,2026-09-18T22:01:00+00:00,,False,1.5,0.302,0.437,0.0,8.09,0.506,0.41,0.323,0.043,UNDER 8.5,0.55,0.48,0.37,72.0,True,0.46,0.53,0.64,2026-09-19T00:10:00Z,small,SMALL BET · Under 8.5 runs,0.31,0.3,0.4,0.39,0.02,0.4,0.437,no edge (best ATL -1.5),0.609,0.67,0.34,0.249,0.3,0.71,0.188,0.25,0.76,0.139,0.18,0.83,ATL,0.61,0.621,-0.006,no edge (best ATL NO -1.5)
2026-09-18,824303,SEA,COL,Gabriel Hughes,Bryan Woo,-1.08,4.434,0.393,0.37,0.64,0.007,CAUTIOUS &mdash; small edge on COL,0.0,-1.08,4.434,0.393,0.007,CAUTIOUS &mdash; small edge on COL,,2026-09-18T22:01:00+00:00,,False,1.5,0.28,0.462,0.0,10.67,0.71,0.627,0.544,0.028,no edge (best UNDER 8.5),0.75,0.68,0.59,70.0,False,0.26,0.33,0.42,2026-09-19T00:10:00Z,pass,PASS,0.23,0.22,0.54,0.53,0.051,0.47,0.538,COL +1.5,0.787,0.83,0.18,0.463,0.51,0.5,0.387,0.42,0.59,0.319,0.36,0.65,SEA,0.47,0.542,0.055,SEA NO -1.5
2026-09-18,823005,WSH,STL,Kyle Leahy,Cade Cavalli,0.21,4.434,0.521,0.5,0.51,0.004,CAUTIOUS &mdash; small edge on STL,0.0,0.21,4.434,0.521,0.004,CAUTIOUS &mdash; small edge on STL,,2026-09-18T22:01:00+00:00,,False,1.5,0.386,0.35,0.0,9.19,0.605,0.511,0.423,0.078,OVER 9.5,0.52,0.43,0.33,90.0,False,0.49,0.58,0.68,2026-09-19T00:15:00Z,small,SMALL BET · Over 9.5 runs,0.32,0.31,0.38,0.37,0.051,0.32,0.386,STL -1.5,0.698,0.64,0.37,0.342,0.28,0.73,0.272,0.21,0.8,0.212,,,WSH,0.63,0.635,-0.011,no edge (best WSH NO -1.5)
2026-09-18,823977,MIN,LAA,Grayson Rodriguez,Connor Prielipp,-0.02,4.434,0.498,0.5,0.51,-0.019,NO VALUE at current price,0.0,-0.02,4.434,0.498,-0.019,NO VALUE at current price,,2026-09-18T22:01:00+00:00,,False,1.5,0.366,0.369,0.0,8.53,0.547,0.451,0.363,0.003,no edge (best UNDER 12.5),0.55,0.46,0.38,73.0,False,0.46,0.55,0.63,2026-09-19T01:38:00Z,pass,PASS,0.31,0.3,0.39,0.38,0.041,0.31,0.366,LAA -1.5,0.647,0.66,0.35,0.286,0.31,0.7,0.221,0.24,0.77,0.167,0.19,0.82,MIN,0.62,0.635,-0.001,no edge (best MIN NO -1.5)
2026-09-18,823252,MIA,SD,Nick Pivetta,Tyler Phillips,0.38,4.434,0.538,0.66,0.35,0.096,HIGH VALUE &mdash; MIA,0.0,0.38,4.434,0.538,0.096,HIGH VALUE &mdash; MIA,,2026-09-18T22:01:00+00:00,,False,1.5,0.4,0.336,0.0,8.05,0.503,0.406,0.32,-0.007,no edge (best UNDER 11.5),0.51,0.42,0.32,71.0,False,0.5,0.59,0.69,2026-09-19T01:40:00Z,pass,PASS,0.47,0.46,0.25,0.24,0.073,0.25,0.336,MIA -1.5,0.606,0.62,0.39,0.246,0.26,0.75,0.186,0.2,0.81,0.137,,,SD,0.54,0.528,-0.029,no edge (best SD NO -1.5)
2026-09-18,825032,NYY,AZ,Eduardo Rodriguez,Gerrit Cole,-0.77,4.434,0.423,0.5,0.5,0.059,HIGH VALUE &mdash; NYY,0.0,-0.77,4.434,0.423,0.059,HIGH VALUE &mdash; NYY,,2026-09-18T22:01:00+00:00,,False,1.5,0.304,0.435,0.0,8.66,0.559,0.464,0.375,0.02,no edge (best OVER 11.5),0.53,0.45,0.34,72.0,True,0.48,0.56,0.67,2026-09-19T01:40:00Z,pass,PASS,0.32,0.31,0.38,0.37,0.039,0.38,0.435,no edge (best NYY -1.5),0.658,0.65,0.37,0.297,0.28,0.73,0.231,0.2,0.81,0.176,0.16,0.85,AZ,0.69,0.643,-0.062,no edge (best AZ NO -1.5)
2026-09-18,823898,SF,LAD,Tyler Glasnow,Cesar Perdomo,0.87,4.434,0.586,0.74,0.27,0.13,HIGH VALUE &mdash; SF,0.0,0.87,4.434,0.586,0.13,HIGH VALUE &mdash; SF,,2026-09-18T22:01:00+00:00,,False,1.5,0.443,0.297,0.0,8.64,0.558,0.462,0.374,-0.002,no edge (best OVER 11.5),0.55,0.47,0.37,68.0,False,0.46,0.54,0.65,2026-09-19T02:15:00Z,pass,PASS,0.55,0.54,0.19,0.18,0.096,0.19,0.297,SF -1.5,0.656,0.67,0.35,0.296,0.29,0.72,0.23,0.22,0.79,0.175,0.18,0.83,,,,,
