date,away,home,lin_mu,mu,sigma,epi_sig,p_home,mkt_home,edge,verdict,price_age_min,run_ts,game_id,result,mkt_away,spread_line,kick_iso,spread_rung,spread_edge,spread_price,spread_p,spread_call
2026-09-09,NE,SEA,2.7,4.1,15.0,0.61,0.608,0.63,-0.038,pass,0.0,2026-09-01T19:14:55+00:00,2026-09-09_NE_SEA,,,,,,,,,
2026-09-09,NE,SEA,2.7,4.1,15.0,0.61,0.608,0.63,-0.038,pass,0.0,2026-09-02T19:15:11+00:00,2026-09-09_NE_SEA,,,,,,,,,
2026-09-10,SF,LA,5.8,5.1,12.6,0.76,0.658,0.65,-0.008,pass,0.0,2026-09-02T19:15:11+00:00,2026-09-10_SF_LA,,,,,,,,,
2026-09-09,NE,SEA,2.7,4.1,15.0,0.61,0.608,0.63,-0.038,pass,0.0,2026-09-03T19:09:21+00:00,2026-09-09_NE_SEA,,,,,,,,,
2026-09-10,SF,LA,5.8,5.1,12.6,0.76,0.658,0.65,-0.008,pass,0.0,2026-09-03T19:09:21+00:00,2026-09-10_SF_LA,,,,,,,,,
2026-09-09,NE,SEA,2.7,4.1,15.0,0.61,0.608,0.63,-0.038,pass,0.0,2026-09-04T18:51:29+00:00,2026-09-09_NE_SEA,,,,,,,,,
2026-09-10,SF,LA,5.8,5.1,12.6,0.76,0.658,0.65,-0.008,pass,0.0,2026-09-04T18:51:29+00:00,2026-09-10_SF_LA,,,,,,,,,
2026-09-09,NE,SEA,2.7,4.1,15.0,0.61,0.608,0.63,-0.038,pass,0.0,2026-09-05T17:58:21+00:00,2026-09-09_NE_SEA,,,,,,,,,
2026-09-10,SF,LA,5.8,5.1,12.6,0.76,0.658,0.65,-0.008,pass,0.0,2026-09-05T17:58:21+00:00,2026-09-10_SF_LA,,,,,,,,,
2026-09-13,CHI,CAR,-2.5,-4.3,13.2,0.41,0.372,0.41,-0.055,pass,0.0,2026-09-05T17:58:21+00:00,2026-09-13_CHI_CAR,,,,,,,,,
2026-09-13,TB,CIN,-0.8,-0.2,13.6,0.71,0.495,0.66,0.139,CANDIDATE TB,0.0,2026-09-05T17:58:21+00:00,2026-09-13_TB_CIN,,,,,,,,,
2026-09-13,NO,DET,6.6,7.8,14.7,0.26,0.702,0.75,-0.061,pass,0.0,2026-09-05T17:58:21+00:00,2026-09-13_NO_DET,,,,,,,,,
2026-09-13,BUF,HOU,2.0,2.3,14.3,1.07,0.563,0.51,0.035,pass,0.0,2026-09-05T17:58:21+00:00,2026-09-13_BUF_HOU,,,,,,,,,
2026-09-13,BAL,IND,-4.8,-4.5,12.3,0.3,0.359,0.38,-0.038,pass,0.0,2026-09-05T17:58:21+00:00,2026-09-13_BAL_IND,,,,,,,,,
2026-09-13,CLE,JAX,10.5,12.2,13.8,0.41,0.812,0.79,0.01,pass,0.0,2026-09-05T17:58:21+00:00,2026-09-13_CLE_JAX,,,,,,,,,
2026-09-13,ARI,LAC,3.7,2.7,16.3,0.37,0.567,0.83,0.233,CANDIDATE ARI,0.0,2026-09-05T17:58:21+00:00,2026-09-13_ARI_LAC,,,,,,,,,
2026-09-13,MIA,LV,-3.1,-4.4,12.5,0.3,0.362,0.64,0.242,CANDIDATE MIA,0.0,2026-09-05T17:58:21+00:00,2026-09-13_MIA_LV,,,,,,,,,
2026-09-13,GB,MIN,3.4,5.1,14.1,1.03,0.642,0.53,0.095,CANDIDATE MIN,0.0,2026-09-05T17:58:21+00:00,2026-09-13_GB_MIN,,,,,,,,,
2026-09-13,DAL,NYG,0.9,-0.9,12.9,0.75,0.474,0.41,0.047,CANDIDATE NYG,0.0,2026-09-05T17:58:21+00:00,2026-09-13_DAL_NYG,,,,,,,,,
2026-09-13,WAS,PHI,6.5,2.9,12.7,0.77,0.59,0.69,0.075,CANDIDATE WAS,0.0,2026-09-05T17:58:21+00:00,2026-09-13_WAS_PHI,,,,,,,,,
2026-09-13,ATL,PIT,5.3,4.2,13.0,0.34,0.627,0.64,-0.03,pass,0.0,2026-09-05T17:58:21+00:00,2026-09-13_ATL_PIT,,,,,,,,,
2026-09-13,NYJ,TEN,6.4,3.1,11.7,0.35,0.604,0.53,0.056,CANDIDATE TEN,0.0,2026-09-05T17:58:21+00:00,2026-09-13_NYJ_TEN,,,,,,,,,
2026-09-09,NE,SEA,2.7,4.1,15.0,0.61,0.608,0.63,-0.038,pass,0.0,2026-09-06T18:04:30+00:00,2026-09-09_NE_SEA,,,,,,,,,
2026-09-10,SF,LA,5.8,5.1,12.6,0.76,0.658,0.65,-0.008,pass,0.0,2026-09-06T18:04:30+00:00,2026-09-10_SF_LA,,,,,,,,,
2026-09-13,CHI,CAR,-2.5,-4.3,13.2,0.41,0.372,0.41,-0.055,pass,0.0,2026-09-06T18:04:30+00:00,2026-09-13_CHI_CAR,,,,,,,,,
2026-09-13,TB,CIN,-0.8,-0.2,13.6,0.71,0.495,0.65,0.139,CANDIDATE TB,0.0,2026-09-06T18:04:30+00:00,2026-09-13_TB_CIN,,,,,,,,,
2026-09-13,NO,DET,6.6,7.8,14.7,0.26,0.702,0.75,-0.061,pass,0.0,2026-09-06T18:04:30+00:00,2026-09-13_NO_DET,,,,,,,,,
2026-09-13,BUF,HOU,2.0,2.3,14.3,1.07,0.563,0.51,0.035,pass,0.0,2026-09-06T18:04:30+00:00,2026-09-13_BUF_HOU,,,,,,,,,
2026-09-13,BAL,IND,-4.8,-4.5,12.3,0.3,0.359,0.37,-0.028,pass,0.0,2026-09-06T18:04:30+00:00,2026-09-13_BAL_IND,,,,,,,,,
2026-09-13,CLE,JAX,10.5,12.2,13.8,0.41,0.812,0.79,0.01,pass,0.0,2026-09-06T18:04:30+00:00,2026-09-13_CLE_JAX,,,,,,,,,
2026-09-13,ARI,LAC,3.7,2.7,16.3,0.37,0.567,0.83,0.233,CANDIDATE ARI,0.0,2026-09-06T18:04:30+00:00,2026-09-13_ARI_LAC,,,,,,,,,
2026-09-13,MIA,LV,-3.1,-4.4,12.5,0.3,0.362,0.64,0.252,CANDIDATE MIA,0.0,2026-09-06T18:04:30+00:00,2026-09-13_MIA_LV,,,,,,,,,
2026-09-13,GB,MIN,3.4,5.1,14.1,1.03,0.642,0.53,0.095,CANDIDATE MIN,0.0,2026-09-06T18:04:30+00:00,2026-09-13_GB_MIN,,,,,,,,,
2026-09-13,DAL,NYG,0.9,-0.9,12.9,0.75,0.474,0.41,0.047,CANDIDATE NYG,0.0,2026-09-06T18:04:30+00:00,2026-09-13_DAL_NYG,,,,,,,,,
2026-09-13,WAS,PHI,6.5,2.9,12.7,0.77,0.59,0.69,0.065,CANDIDATE WAS,0.0,2026-09-06T18:04:30+00:00,2026-09-13_WAS_PHI,,,,,,,,,
2026-09-13,ATL,PIT,5.3,4.2,13.0,0.34,0.627,0.63,-0.02,pass,0.0,2026-09-06T18:04:30+00:00,2026-09-13_ATL_PIT,,,,,,,,,
2026-09-13,NYJ,TEN,6.4,3.1,11.7,0.35,0.604,0.53,0.056,CANDIDATE TEN,0.0,2026-09-06T18:04:30+00:00,2026-09-13_NYJ_TEN,,,,,,,,,
2026-09-14,DEN,KC,-3.8,-4.4,12.8,0.17,0.364,0.57,0.168,CANDIDATE DEN,0.0,2026-09-06T18:04:30+00:00,2026-09-14_DEN_KC,,,,,,,,,
2026-09-09,NE,SEA,2.7,4.1,15.0,0.61,0.608,0.63,-0.038,pass,0.0,2026-09-07T19:38:06+00:00,2026-09-09_NE_SEA,,,,,,,,,
2026-09-10,SF,LA,5.8,5.1,12.6,0.76,0.658,0.64,0.002,pass,0.0,2026-09-07T19:38:06+00:00,2026-09-10_SF_LA,,,,,,,,,
2026-09-13,CHI,CAR,-2.5,-4.3,13.2,0.41,0.372,0.41,-0.055,pass,0.0,2026-09-07T19:38:06+00:00,2026-09-13_CHI_CAR,,,,,,,,,
2026-09-13,TB,CIN,-0.8,-0.2,13.6,0.71,0.495,0.66,0.139,CANDIDATE TB,0.0,2026-09-07T19:38:06+00:00,2026-09-13_TB_CIN,,,,,,,,,
2026-09-13,NO,DET,6.6,7.8,14.7,0.26,0.702,0.75,-0.061,pass,0.0,2026-09-07T19:38:06+00:00,2026-09-13_NO_DET,,,,,,,,,
2026-09-13,BUF,HOU,2.0,2.3,14.3,1.07,0.563,0.51,0.035,pass,0.0,2026-09-07T19:38:06+00:00,2026-09-13_BUF_HOU,,,,,,,,,
2026-09-13,BAL,IND,-4.8,-4.5,12.3,0.3,0.359,0.39,-0.048,pass,0.0,2026-09-07T19:38:06+00:00,2026-09-13_BAL_IND,,,,,,,,,
2026-09-13,CLE,JAX,10.5,12.2,13.8,0.41,0.812,0.79,0.01,pass,0.0,2026-09-07T19:38:06+00:00,2026-09-13_CLE_JAX,,,,,,,,,
2026-09-13,ARI,LAC,3.7,2.7,16.3,0.37,0.567,0.82,0.233,CANDIDATE ARI,0.0,2026-09-07T19:38:06+00:00,2026-09-13_ARI_LAC,,,,,,,,,
2026-09-13,MIA,LV,-3.1,-4.4,12.5,0.3,0.362,0.63,0.252,CANDIDATE MIA,0.0,2026-09-07T19:38:06+00:00,2026-09-13_MIA_LV,,,,,,,,,
2026-09-13,GB,MIN,3.4,5.1,14.1,1.03,0.642,0.53,0.095,CANDIDATE MIN,0.0,2026-09-07T19:38:06+00:00,2026-09-13_GB_MIN,,,,,,,,,
2026-09-13,DAL,NYG,0.9,-0.9,12.9,0.75,0.474,0.41,0.047,CANDIDATE NYG,0.0,2026-09-07T19:38:06+00:00,2026-09-13_DAL_NYG,,,,,,,,,
2026-09-13,WAS,PHI,6.5,2.9,12.7,0.77,0.59,0.69,0.065,CANDIDATE WAS,0.0,2026-09-07T19:38:06+00:00,2026-09-13_WAS_PHI,,,,,,,,,
2026-09-13,ATL,PIT,5.3,4.2,13.0,0.34,0.627,0.64,-0.03,pass,0.0,2026-09-07T19:38:06+00:00,2026-09-13_ATL_PIT,,,,,,,,,
2026-09-13,NYJ,TEN,6.4,3.1,11.7,0.35,0.604,0.54,0.046,CANDIDATE TEN,0.0,2026-09-07T19:38:06+00:00,2026-09-13_NYJ_TEN,,,,,,,,,
2026-09-14,DEN,KC,-3.8,-4.4,12.8,0.17,0.364,0.57,0.179,CANDIDATE DEN,0.0,2026-09-07T19:38:06+00:00,2026-09-14_DEN_KC,,,,,,,,,
2026-09-09,NE,SEA,2.7,4.1,15.0,0.6,0.608,0.63,-0.039,pass,0.0,2026-09-08T19:17:48+00:00,2026-09-09_NE_SEA,,,,,,,,,
2026-09-10,SF,LA,5.8,5.1,12.6,0.77,0.658,0.65,-0.008,pass,0.0,2026-09-08T19:17:48+00:00,2026-09-10_SF_LA,,,,,,,,,
2026-09-13,CHI,CAR,-2.5,-4.3,13.2,0.4,0.372,0.41,-0.054,pass,0.0,2026-09-08T19:17:48+00:00,2026-09-13_CHI_CAR,,,,,,,,,
2026-09-13,TB,CIN,-0.8,-0.2,13.6,0.72,0.495,0.66,0.128,CANDIDATE TB,0.0,2026-09-08T19:17:48+00:00,2026-09-13_TB_CIN,,,,,,,,,
2026-09-13,NO,DET,6.6,7.8,14.7,0.26,0.702,0.75,-0.061,pass,0.0,2026-09-08T19:17:48+00:00,2026-09-13_NO_DET,,,,,,,,,
2026-09-13,BUF,HOU,2.0,2.3,14.3,1.09,0.562,0.49,0.055,CANDIDATE HOU,0.0,2026-09-08T19:17:48+00:00,2026-09-13_BUF_HOU,,,,,,,,,
2026-09-13,BAL,IND,-4.8,-4.5,12.3,0.32,0.359,0.39,-0.048,pass,0.0,2026-09-08T19:17:48+00:00,2026-09-13_BAL_IND,,,,,,,,,
2026-09-13,CLE,JAX,10.5,12.2,13.8,0.42,0.811,0.79,0.01,pass,0.0,2026-09-08T19:17:48+00:00,2026-09-13_CLE_JAX,,,,,,,,,
2026-09-13,ARI,LAC,3.7,2.7,16.2,0.36,0.567,0.82,0.232,CANDIDATE ARI,0.0,2026-09-08T19:17:48+00:00,2026-09-13_ARI_LAC,,,,,,,,,
2026-09-13,MIA,LV,-3.1,-4.4,12.5,0.3,0.362,0.63,0.252,CANDIDATE MIA,0.0,2026-09-08T19:17:48+00:00,2026-09-13_MIA_LV,,,,,,,,,
2026-09-13,GB,MIN,3.4,5.1,14.1,1.02,0.642,0.54,0.085,CANDIDATE MIN,0.0,2026-09-08T19:17:48+00:00,2026-09-13_GB_MIN,,,,,,,,,
2026-09-13,DAL,NYG,0.9,-0.9,12.9,0.72,0.473,0.41,0.046,CANDIDATE NYG,0.0,2026-09-08T19:17:48+00:00,2026-09-13_DAL_NYG,,,,,,,,,
2026-09-13,WAS,PHI,6.5,2.9,12.7,0.72,0.589,0.68,0.076,CANDIDATE WAS,0.0,2026-09-08T19:17:48+00:00,2026-09-13_WAS_PHI,,,,,,,,,
2026-09-13,ATL,PIT,5.3,4.2,13.0,0.33,0.627,0.63,-0.02,pass,0.0,2026-09-08T19:17:48+00:00,2026-09-13_ATL_PIT,,,,,,,,,
2026-09-13,NYJ,TEN,6.4,3.1,11.7,0.35,0.604,0.53,0.056,CANDIDATE TEN,0.0,2026-09-08T19:17:48+00:00,2026-09-13_NYJ_TEN,,,,,,,,,
2026-09-14,DEN,KC,-3.8,-4.4,12.8,0.18,0.364,0.57,0.179,CANDIDATE DEN,0.0,2026-09-08T19:17:48+00:00,2026-09-14_DEN_KC,,,,,,,,,
2026-09-09,NE,SEA,2.7,4.1,15.0,0.6,0.608,0.62,-0.029,pass,0.0,2026-09-09T19:07:03+00:00,2026-09-09_NE_SEA,,,,,,,,,
2026-09-10,SF,LA,5.8,5.1,12.6,0.77,0.658,0.65,-0.008,pass,0.0,2026-09-09T19:07:03+00:00,2026-09-10_SF_LA,,,,,,,,,
2026-09-13,CHI,CAR,-2.5,-4.3,13.2,0.4,0.372,0.4,-0.044,pass,0.0,2026-09-09T19:07:03+00:00,2026-09-13_CHI_CAR,,,,,,,,,
2026-09-13,TB,CIN,-0.8,-0.2,13.6,0.72,0.495,0.65,0.128,CANDIDATE TB,0.0,2026-09-09T19:07:03+00:00,2026-09-13_TB_CIN,,,,,,,,,
2026-09-13,NO,DET,6.6,7.8,14.7,0.26,0.702,0.75,-0.061,pass,0.0,2026-09-09T19:07:03+00:00,2026-09-13_NO_DET,,,,,,,,,
2026-09-13,BUF,HOU,2.0,2.3,14.3,1.09,0.562,0.49,0.055,CANDIDATE HOU,0.0,2026-09-09T19:07:03+00:00,2026-09-13_BUF_HOU,,,,,,,,,
2026-09-13,BAL,IND,-4.8,-4.5,12.3,0.32,0.359,0.39,-0.048,pass,0.0,2026-09-09T19:07:03+00:00,2026-09-13_BAL_IND,,,,,,,,,
2026-09-13,CLE,JAX,10.5,12.2,13.8,0.42,0.811,0.79,0.01,pass,0.0,2026-09-09T19:07:03+00:00,2026-09-13_CLE_JAX,,,,,,,,,
2026-09-13,ARI,LAC,3.7,2.7,16.2,0.36,0.567,0.81,0.232,CANDIDATE ARI,0.0,2026-09-09T19:07:03+00:00,2026-09-13_ARI_LAC,,,,,,,,,
2026-09-13,MIA,LV,-3.1,-4.4,12.5,0.3,0.362,0.63,0.252,CANDIDATE MIA,0.0,2026-09-09T19:07:03+00:00,2026-09-13_MIA_LV,,,,,,,,,
2026-09-13,GB,MIN,3.4,5.1,14.1,1.02,0.642,0.54,0.085,CANDIDATE MIN,0.0,2026-09-09T19:07:03+00:00,2026-09-13_GB_MIN,,,,,,,,,
2026-09-13,DAL,NYG,0.9,-0.9,12.9,0.72,0.473,0.4,0.056,CANDIDATE NYG,0.0,2026-09-09T19:07:03+00:00,2026-09-13_DAL_NYG,,,,,,,,,
2026-09-13,WAS,PHI,6.5,2.9,12.7,0.72,0.589,0.68,0.076,CANDIDATE WAS,0.0,2026-09-09T19:07:03+00:00,2026-09-13_WAS_PHI,,,,,,,,,
2026-09-13,ATL,PIT,5.3,4.2,13.0,0.33,0.627,0.63,-0.02,pass,0.0,2026-09-09T19:07:03+00:00,2026-09-13_ATL_PIT,,,,,,,,,
2026-09-13,NYJ,TEN,6.4,3.1,11.7,0.35,0.604,0.53,0.056,CANDIDATE TEN,0.0,2026-09-09T19:07:03+00:00,2026-09-13_NYJ_TEN,,,,,,,,,
2026-09-14,DEN,KC,-3.8,-4.4,12.8,0.18,0.364,0.56,0.179,CANDIDATE DEN,0.0,2026-09-09T19:07:03+00:00,2026-09-14_DEN_KC,,,,,,,,,
2026-09-17,DET,BUF,0.1,-0.7,13.7,0.3,0.479,0.61,0.114,CANDIDATE DET,0.0,2026-09-09T19:07:03+00:00,2026-09-17_DET_BUF,,,,,,,,,
2026-09-10,SF,LA,5.8,5.2,12.5,0.5,0.661,0.65,-0.005,pass,0.0,2026-09-10T15:20:00+00:00,2026-09-10_SF_LA,,,,,,,,,
2026-09-13,CHI,CAR,-2.5,-4.1,13.2,0.4,0.378,0.4,-0.039,pass,0.0,2026-09-10T15:20:00+00:00,2026-09-13_CHI_CAR,,,,,,,,,
2026-09-13,TB,CIN,-0.8,-0.5,13.4,0.92,0.485,0.65,0.139,CANDIDATE TB,0.0,2026-09-10T15:20:00+00:00,2026-09-13_TB_CIN,,,,,,,,,
2026-09-13,NO,DET,6.6,7.6,14.8,0.41,0.698,0.75,-0.065,pass,0.0,2026-09-10T15:20:00+00:00,2026-09-13_NO_DET,,,,,,,,,
2026-09-13,BUF,HOU,-1.2,0.4,14.1,0.52,0.512,0.48,0.014,pass,0.0,2026-09-10T15:20:00+00:00,2026-09-13_BUF_HOU,,,,,,,,,
2026-09-13,BAL,IND,-2.3,-3.1,13.1,0.28,0.406,0.39,-0.001,pass,0.0,2026-09-10T15:20:00+00:00,2026-09-13_BAL_IND,,,,,,,,,
2026-09-13,CLE,JAX,12.1,13.5,12.9,0.42,0.851,0.79,0.05,CANDIDATE JAX,0.0,2026-09-10T15:20:00+00:00,2026-09-13_CLE_JAX,,,,,,,,,
2026-09-13,ARI,LAC,6.9,5.4,15.5,0.28,0.637,0.81,0.162,CANDIDATE ARI,0.0,2026-09-10T15:20:00+00:00,2026-09-13_ARI_LAC,,,,,,,,,
2026-09-13,MIA,LV,-2.9,-4.4,12.5,0.26,0.363,0.6,0.22,CANDIDATE MIA,0.0,2026-09-10T15:20:00+00:00,2026-09-13_MIA_LV,,,,,,,,,
2026-09-13,GB,MIN,-1.7,-2.7,13.5,0.77,0.421,0.54,0.092,CANDIDATE GB,0.0,2026-09-10T15:20:00+00:00,2026-09-13_GB_MIN,,,,,,,,,
2026-09-13,DAL,NYG,0.9,-0.9,12.8,0.61,0.473,0.41,0.046,CANDIDATE NYG,0.0,2026-09-10T15:20:00+00:00,2026-09-13_DAL_NYG,,,,,,,,,
2026-09-13,WAS,PHI,8.6,6.3,11.9,0.44,0.701,0.68,0.006,pass,0.0,2026-09-10T15:20:00+00:00,2026-09-13_WAS_PHI,,,,,,,,,
2026-09-13,ATL,PIT,7.1,5.2,12.2,0.67,0.665,0.63,0.019,pass,0.0,2026-09-10T15:20:00+00:00,2026-09-13_ATL_PIT,,,,,,,,,
2026-09-13,NYJ,TEN,6.8,3.6,11.5,0.64,0.623,0.52,0.085,CANDIDATE TEN,0.0,2026-09-10T15:20:00+00:00,2026-09-13_NYJ_TEN,,,,,,,,,
2026-09-14,DEN,KC,-1.2,-1.5,13.9,0.44,0.456,0.57,0.086,CANDIDATE DEN,0.0,2026-09-10T15:20:00+00:00,2026-09-14_DEN_KC,,,,,,,,,
2026-09-17,DET,BUF,3.3,0.6,12.8,0.21,0.52,0.61,0.063,CANDIDATE DET,0.0,2026-09-10T15:20:00+00:00,2026-09-17_DET_BUF,,,,,,,,,
2026-09-10,SF,LA,5.8,5.2,12.5,0.51,0.661,0.65,-0.005,pass,0.0,2026-09-10T18:59:18+00:00,2026-09-10_SF_LA,,,,,,,,,
2026-09-13,CHI,CAR,-2.5,-4.1,13.3,0.4,0.378,0.4,-0.039,pass,0.0,2026-09-10T18:59:18+00:00,2026-09-13_CHI_CAR,,,,,,,,,
2026-09-13,TB,CIN,-0.8,-0.5,13.4,0.91,0.486,0.65,0.138,CANDIDATE TB,0.0,2026-09-10T18:59:18+00:00,2026-09-13_TB_CIN,,,,,,,,,
2026-09-13,NO,DET,6.6,7.6,14.7,0.57,0.698,0.75,-0.065,pass,0.0,2026-09-10T18:59:18+00:00,2026-09-13_NO_DET,,,,,,,,,
2026-09-13,BUF,HOU,-1.2,0.3,14.1,0.54,0.51,0.48,0.012,pass,0.0,2026-09-10T18:59:18+00:00,2026-09-13_BUF_HOU,,,,,,,,,
2026-09-13,BAL,IND,-2.3,-3.0,13.2,0.29,0.409,0.39,0.002,pass,0.0,2026-09-10T18:59:18+00:00,2026-09-13_BAL_IND,,,,,,,,,
2026-09-13,CLE,JAX,12.1,13.5,12.9,0.43,0.852,0.79,0.05,CANDIDATE JAX,0.0,2026-09-10T18:59:18+00:00,2026-09-13_CLE_JAX,,,,,,,,,
2026-09-13,ARI,LAC,6.9,5.4,15.5,0.24,0.637,0.81,0.162,CANDIDATE ARI,0.0,2026-09-10T18:59:18+00:00,2026-09-13_ARI_LAC,,,,,,,,,
2026-09-13,MIA,LV,-2.9,-4.3,12.5,0.26,0.365,0.6,0.218,CANDIDATE MIA,0.0,2026-09-10T18:59:18+00:00,2026-09-13_MIA_LV,,,,,,,,,
2026-09-13,GB,MIN,-1.7,-2.7,13.5,0.85,0.421,0.54,0.092,CANDIDATE GB,0.0,2026-09-10T18:59:18+00:00,2026-09-13_GB_MIN,,,,,,,,,
2026-09-13,DAL,NYG,0.9,-0.8,12.8,0.6,0.474,0.41,0.047,CANDIDATE NYG,0.0,2026-09-10T18:59:18+00:00,2026-09-13_DAL_NYG,,,,,,,,,
2026-09-13,WAS,PHI,8.6,6.2,11.8,0.37,0.701,0.68,0.005,pass,0.0,2026-09-10T18:59:18+00:00,2026-09-13_WAS_PHI,,,,,,,,,
2026-09-13,ATL,PIT,7.1,5.1,12.2,0.66,0.663,0.67,-0.022,pass,0.0,2026-09-10T18:59:18+00:00,2026-09-13_ATL_PIT,,,,,,,,,
2026-09-13,NYJ,TEN,6.8,3.5,11.5,0.65,0.62,0.52,0.083,CANDIDATE TEN,0.0,2026-09-10T18:59:18+00:00,2026-09-13_NYJ_TEN,,,,,,,,,
2026-09-14,DEN,KC,-1.2,-1.5,13.8,0.45,0.456,0.57,0.087,CANDIDATE DEN,0.0,2026-09-10T18:59:18+00:00,2026-09-14_DEN_KC,,,,,,,,,
2026-09-17,DET,BUF,3.3,0.6,12.7,0.26,0.519,0.61,0.074,CANDIDATE DET,0.0,2026-09-10T18:59:18+00:00,2026-09-17_DET_BUF,,,,,,,,,
2026-09-13,CHI,CAR,-2.4,-4.5,13.2,0.4,0.366,0.4,-0.051,pass,0.0,2026-09-11T17:58:32+00:00,2026-09-13_CHI_CAR,,,,,,,,,
2026-09-13,TB,CIN,-0.6,-0.7,13.6,0.94,0.48,0.64,0.134,CANDIDATE TB,0.0,2026-09-11T17:58:32+00:00,2026-09-13_TB_CIN,,,,,,,,,
2026-09-13,NO,DET,6.4,7.5,15.1,0.51,0.691,0.75,-0.072,pass,0.0,2026-09-11T17:58:32+00:00,2026-09-13_NO_DET,,,,,,,,,
2026-09-13,BUF,HOU,-1.3,0.3,14.2,0.68,0.508,0.49,0.0,pass,0.0,2026-09-11T17:58:32+00:00,2026-09-13_BUF_HOU,,,,,,,,,
2026-09-13,BAL,IND,-2.3,-3.1,13.3,0.35,0.408,0.4,-0.009,pass,0.0,2026-09-11T17:58:32+00:00,2026-09-13_BAL_IND,,,,,,,,,
2026-09-13,CLE,JAX,12.0,13.3,13.1,0.49,0.845,0.79,0.044,CANDIDATE JAX,0.0,2026-09-11T17:58:32+00:00,2026-09-13_CLE_JAX,,,,,,,,,
2026-09-13,ARI,LAC,6.7,4.8,15.8,0.4,0.619,0.81,0.18,CANDIDATE ARI,0.0,2026-09-11T17:58:32+00:00,2026-09-13_ARI_LAC,,,,,,,,,
2026-09-13,MIA,LV,-3.1,-4.4,12.5,0.26,0.364,0.6,0.22,CANDIDATE MIA,0.0,2026-09-11T17:58:32+00:00,2026-09-13_MIA_LV,,,,,,,,,
2026-09-13,GB,MIN,-2.0,-2.9,13.2,0.47,0.413,0.55,0.1,CANDIDATE GB,0.0,2026-09-11T17:58:32+00:00,2026-09-13_GB_MIN,,,,,,,,,
2026-09-13,DAL,NYG,0.8,-1.3,13.0,0.56,0.461,0.4,0.044,CANDIDATE NYG,0.0,2026-09-11T17:58:32+00:00,2026-09-13_DAL_NYG,,,,,,,,,
2026-09-13,WAS,PHI,8.4,5.7,12.0,0.26,0.681,0.68,-0.014,pass,0.0,2026-09-11T17:58:32+00:00,2026-09-13_WAS_PHI,,,,,,,,,
2026-09-13,ATL,PIT,7.1,5.3,12.3,0.41,0.668,0.69,-0.037,pass,0.0,2026-09-11T17:58:32+00:00,2026-09-13_ATL_PIT,,,,,,,,,
2026-09-13,NYJ,TEN,6.8,3.3,11.5,0.68,0.613,0.52,0.076,CANDIDATE TEN,0.0,2026-09-11T17:58:32+00:00,2026-09-13_NYJ_TEN,,,,,,,,,
2026-09-14,DEN,KC,-1.3,-1.6,13.8,0.48,0.453,0.57,0.089,CANDIDATE DEN,0.0,2026-09-11T17:58:32+00:00,2026-09-14_DEN_KC,,,,,,,,,
2026-09-17,DET,BUF,3.2,0.4,13.1,0.33,0.513,0.62,0.081,CANDIDATE DET,0.0,2026-09-11T17:58:32+00:00,2026-09-17_DET_BUF,,,,,,,,,
2026-09-13,CHI,CAR,-2.4,-4.5,13.2,0.4,0.366,0.4,-0.051,pass,0.0,2026-09-11T19:00:27+00:00,2026-09-13_CHI_CAR,,,,,,,,,
2026-09-13,TB,CIN,-0.6,-0.7,13.6,0.94,0.48,0.64,0.134,CANDIDATE TB,0.0,2026-09-11T19:00:27+00:00,2026-09-13_TB_CIN,,,,,,,,,
2026-09-13,NO,DET,6.4,7.5,15.1,0.51,0.691,0.75,-0.072,pass,0.0,2026-09-11T19:00:27+00:00,2026-09-13_NO_DET,,,,,,,,,
2026-09-13,BUF,HOU,-1.3,0.3,14.2,0.68,0.508,0.49,0.0,pass,0.0,2026-09-11T19:00:27+00:00,2026-09-13_BUF_HOU,,,,,,,,,
2026-09-13,BAL,IND,-2.3,-3.1,13.3,0.35,0.408,0.4,-0.009,pass,0.0,2026-09-11T19:00:27+00:00,2026-09-13_BAL_IND,,,,,,,,,
2026-09-13,CLE,JAX,12.0,13.3,13.1,0.49,0.845,0.79,0.044,CANDIDATE JAX,0.0,2026-09-11T19:00:27+00:00,2026-09-13_CLE_JAX,,,,,,,,,
2026-09-13,ARI,LAC,6.7,4.8,15.8,0.4,0.619,0.81,0.18,CANDIDATE ARI,0.0,2026-09-11T19:00:27+00:00,2026-09-13_ARI_LAC,,,,,,,,,
2026-09-13,MIA,LV,-3.1,-4.4,12.5,0.26,0.364,0.6,0.22,CANDIDATE MIA,0.0,2026-09-11T19:00:27+00:00,2026-09-13_MIA_LV,,,,,,,,,
2026-09-13,GB,MIN,-2.0,-2.9,13.2,0.47,0.413,0.55,0.1,CANDIDATE GB,0.0,2026-09-11T19:00:27+00:00,2026-09-13_GB_MIN,,,,,,,,,
2026-09-13,DAL,NYG,0.8,-1.3,13.0,0.56,0.461,0.4,0.044,CANDIDATE NYG,0.0,2026-09-11T19:00:27+00:00,2026-09-13_DAL_NYG,,,,,,,,,
2026-09-13,WAS,PHI,8.4,5.7,12.0,0.26,0.681,0.68,-0.014,pass,0.0,2026-09-11T19:00:27+00:00,2026-09-13_WAS_PHI,,,,,,,,,
2026-09-13,ATL,PIT,7.1,5.3,12.3,0.41,0.668,0.69,-0.037,pass,0.0,2026-09-11T19:00:27+00:00,2026-09-13_ATL_PIT,,,,,,,,,
2026-09-13,NYJ,TEN,6.8,3.3,11.5,0.68,0.613,0.52,0.076,CANDIDATE TEN,0.0,2026-09-11T19:00:27+00:00,2026-09-13_NYJ_TEN,,,,,,,,,
2026-09-14,DEN,KC,-1.3,-1.6,13.8,0.48,0.453,0.57,0.079,CANDIDATE DEN,0.0,2026-09-11T19:00:27+00:00,2026-09-14_DEN_KC,,,,,,,,,
2026-09-17,DET,BUF,3.2,0.4,13.1,0.33,0.513,0.62,0.081,CANDIDATE DET,0.0,2026-09-11T19:00:27+00:00,2026-09-17_DET_BUF,,,,,,,,,
2026-09-13,CHI,CAR,-2.4,-4.5,13.2,0.4,0.366,0.4,-0.051,pass,0.0,2026-09-11T21:22:22+00:00,2026-09-13_CHI_CAR,,,,,,,,,
2026-09-13,TB,CIN,-0.6,-0.7,13.6,0.94,0.48,0.64,0.134,CANDIDATE TB,0.0,2026-09-11T21:22:22+00:00,2026-09-13_TB_CIN,,,,,,,,,
2026-09-13,NO,DET,6.4,7.5,15.1,0.51,0.691,0.75,-0.072,pass,0.0,2026-09-11T21:22:22+00:00,2026-09-13_NO_DET,,,,,,,,,
2026-09-13,BUF,HOU,-1.3,0.3,14.2,0.68,0.508,0.49,0.0,pass,0.0,2026-09-11T21:22:22+00:00,2026-09-13_BUF_HOU,,,,,,,,,
2026-09-13,BAL,IND,-2.3,-3.1,13.3,0.35,0.408,0.4,-0.009,pass,0.0,2026-09-11T21:22:22+00:00,2026-09-13_BAL_IND,,,,,,,,,
2026-09-13,CLE,JAX,12.0,13.3,13.1,0.49,0.845,0.79,0.044,CANDIDATE JAX,0.0,2026-09-11T21:22:22+00:00,2026-09-13_CLE_JAX,,,,,,,,,
2026-09-13,ARI,LAC,6.7,4.8,15.8,0.4,0.619,0.81,0.18,CANDIDATE ARI,0.0,2026-09-11T21:22:22+00:00,2026-09-13_ARI_LAC,,,,,,,,,
2026-09-13,MIA,LV,-3.1,-4.4,12.5,0.26,0.364,0.6,0.22,CANDIDATE MIA,0.0,2026-09-11T21:22:22+00:00,2026-09-13_MIA_LV,,,,,,,,,
2026-09-13,GB,MIN,-2.0,-2.9,13.2,0.47,0.413,0.55,0.11,CANDIDATE GB,0.0,2026-09-11T21:22:22+00:00,2026-09-13_GB_MIN,,,,,,,,,
2026-09-13,DAL,NYG,0.8,-1.3,13.0,0.56,0.461,0.4,0.044,CANDIDATE NYG,0.0,2026-09-11T21:22:22+00:00,2026-09-13_DAL_NYG,,,,,,,,,
2026-09-13,WAS,PHI,8.4,5.7,12.0,0.26,0.681,0.68,-0.014,pass,0.0,2026-09-11T21:22:22+00:00,2026-09-13_WAS_PHI,,,,,,,,,
2026-09-13,ATL,PIT,7.1,5.3,12.3,0.41,0.668,0.7,-0.047,pass,0.0,2026-09-11T21:22:22+00:00,2026-09-13_ATL_PIT,,,,,,,,,
2026-09-13,NYJ,TEN,6.8,3.3,11.5,0.68,0.613,0.52,0.076,CANDIDATE TEN,0.0,2026-09-11T21:22:22+00:00,2026-09-13_NYJ_TEN,,,,,,,,,
2026-09-14,DEN,KC,-1.3,-1.6,13.8,0.48,0.453,0.57,0.089,CANDIDATE DEN,0.0,2026-09-11T21:22:22+00:00,2026-09-14_DEN_KC,,,,,,,,,
2026-09-17,DET,BUF,3.2,0.4,13.1,0.33,0.513,0.62,0.081,CANDIDATE DET,0.0,2026-09-11T21:22:22+00:00,2026-09-17_DET_BUF,,,,,,,,,
2026-09-13,CHI,CAR,-2.4,-4.5,13.2,0.4,0.366,0.4,-0.051,pass,0.0,2026-09-12T18:10:15+00:00,2026-09-13_CHI_CAR,,,,,,,,,
2026-09-13,TB,CIN,-0.6,-0.7,13.6,0.94,0.48,0.64,0.134,CANDIDATE TB,0.0,2026-09-12T18:10:15+00:00,2026-09-13_TB_CIN,,,,,,,,,
2026-09-13,NO,DET,6.4,7.5,15.1,0.51,0.691,0.75,-0.072,pass,0.0,2026-09-12T18:10:15+00:00,2026-09-13_NO_DET,,,,,,,,,
2026-09-13,BUF,HOU,-1.3,0.3,14.2,0.68,0.508,0.48,0.01,pass,0.0,2026-09-12T18:10:15+00:00,2026-09-13_BUF_HOU,,,,,,,,,
2026-09-13,BAL,IND,-2.3,-3.1,13.3,0.35,0.408,0.4,-0.009,pass,0.0,2026-09-12T18:10:15+00:00,2026-09-13_BAL_IND,,,,,,,,,
2026-09-13,CLE,JAX,12.0,13.3,13.1,0.49,0.845,0.79,0.044,CANDIDATE JAX,0.0,2026-09-12T18:10:15+00:00,2026-09-13_CLE_JAX,,,,,,,,,
2026-09-13,ARI,LAC,6.7,4.8,15.8,0.4,0.619,0.81,0.18,CANDIDATE ARI,0.0,2026-09-12T18:10:15+00:00,2026-09-13_ARI_LAC,,,,,,,,,
2026-09-13,MIA,LV,-3.1,-4.4,12.5,0.26,0.364,0.61,0.22,CANDIDATE MIA,0.0,2026-09-12T18:10:15+00:00,2026-09-13_MIA_LV,,,,,,,,,
2026-09-13,GB,MIN,-2.0,-2.9,13.2,0.47,0.413,0.55,0.11,CANDIDATE GB,0.0,2026-09-12T18:10:15+00:00,2026-09-13_GB_MIN,,,,,,,,,
2026-09-13,DAL,NYG,0.8,-1.3,13.0,0.56,0.461,0.4,0.044,CANDIDATE NYG,0.0,2026-09-12T18:10:15+00:00,2026-09-13_DAL_NYG,,,,,,,,,
2026-09-13,WAS,PHI,8.4,5.7,12.0,0.26,0.681,0.68,-0.014,pass,0.0,2026-09-12T18:10:15+00:00,2026-09-13_WAS_PHI,,,,,,,,,
2026-09-13,ATL,PIT,7.1,5.3,12.3,0.41,0.668,0.72,-0.066,pass,0.0,2026-09-12T18:10:15+00:00,2026-09-13_ATL_PIT,,,,,,,,,
2026-09-13,NYJ,TEN,6.8,3.3,11.5,0.68,0.613,0.52,0.076,CANDIDATE TEN,0.0,2026-09-12T18:10:15+00:00,2026-09-13_NYJ_TEN,,,,,,,,,
2026-09-14,DEN,KC,-1.3,-1.6,13.8,0.48,0.453,0.56,0.079,CANDIDATE DEN,0.0,2026-09-12T18:10:15+00:00,2026-09-14_DEN_KC,,,,,,,,,
2026-09-17,DET,BUF,3.2,0.4,13.1,0.33,0.513,0.62,0.081,CANDIDATE DET,0.0,2026-09-12T18:10:15+00:00,2026-09-17_DET_BUF,,,,,,,,,
2026-09-20,SEA,ARI,-5.6,-3.2,15.5,0.47,0.417,0.24,0.164,CANDIDATE ARI,0.0,2026-09-12T18:10:15+00:00,2026-09-20_SEA_ARI,,,,,,,,,
2026-09-20,CAR,ATL,-1.2,-4.0,12.6,0.37,0.376,0.52,0.116,CANDIDATE CAR,0.0,2026-09-12T18:10:15+00:00,2026-09-20_CAR_ATL,,,,,,,,,
2026-09-20,NO,BAL,7.5,6.1,14.2,0.76,0.666,0.78,0.102,CANDIDATE NO,0.0,2026-09-12T18:10:15+00:00,2026-09-20_NO_BAL,,,,,,,,,
2026-09-20,MIN,CHI,4.5,2.5,12.1,0.88,0.581,0.6,-0.036,pass,0.0,2026-09-12T18:10:15+00:00,2026-09-20_MIN_CHI,,,,,,,,,
2026-09-20,WAS,DAL,3.2,1.4,12.7,0.28,0.545,0.68,0.089,CANDIDATE WAS,0.0,2026-09-12T18:10:15+00:00,2026-09-20_WAS_DAL,,,,,,,,,
2026-09-20,JAX,DEN,0.4,-0.8,13.2,0.44,0.475,0.6,0.078,CANDIDATE JAX,0.0,2026-09-12T18:10:15+00:00,2026-09-20_JAX_DEN,,,,,,,,,
2026-09-20,CIN,HOU,4.1,3.3,14.6,0.49,0.588,0.58,-0.009,pass,0.0,2026-09-12T18:10:15+00:00,2026-09-20_CIN_HOU,,,,,,,,,
2026-09-20,IND,KC,1.0,-0.9,13.0,0.45,0.473,0.72,0.223,CANDIDATE IND,0.0,2026-09-12T18:10:15+00:00,2026-09-20_IND_KC,,,,,,,,,
2026-09-20,LV,LAC,11.8,8.1,12.7,0.42,0.738,0.81,0.05,CANDIDATE LV,0.0,2026-09-12T18:10:15+00:00,2026-09-20_LV_LAC,,,,,,,,,
2026-09-20,PIT,NE,5.6,2.0,11.2,0.84,0.57,0.64,-0.086,pass,0.0,2026-09-12T18:10:15+00:00,2026-09-20_PIT_NE,,,,,,,,,
2026-09-20,GB,NYJ,-10.1,-5.1,13.9,0.46,0.356,0.33,0.011,pass,0.0,2026-09-12T18:10:15+00:00,2026-09-20_GB_NYJ,,,,,,,,,
2026-09-20,MIA,SF,9.3,8.5,12.3,0.45,0.755,0.87,0.086,CANDIDATE MIA,0.0,2026-09-12T18:10:15+00:00,2026-09-20_MIA_SF,,,,,,,,,
2026-09-20,CLE,TB,8.9,6.1,11.9,0.42,0.696,0.73,-0.048,pass,0.0,2026-09-12T18:10:15+00:00,2026-09-20_CLE_TB,,,,,,,,,
2026-09-20,PHI,TEN,-7.0,-4.3,14.8,0.7,0.385,0.31,0.06,CANDIDATE TEN,0.0,2026-09-12T18:10:15+00:00,2026-09-20_PHI_TEN,,,,,,,,,
2026-09-13,CHI,CAR,-2.4,-4.5,13.2,0.4,0.366,0.4,-0.051,pass,0.0,2026-09-12T21:03:24+00:00,2026-09-13_CHI_CAR,,,,,,,,,
2026-09-13,TB,CIN,-0.6,-0.7,13.6,0.94,0.48,0.64,0.134,CANDIDATE TB,0.0,2026-09-12T21:03:24+00:00,2026-09-13_TB_CIN,,,,,,,,,
2026-09-13,NO,DET,6.4,7.5,15.1,0.51,0.691,0.75,-0.072,pass,0.0,2026-09-12T21:03:24+00:00,2026-09-13_NO_DET,,,,,,,,,
2026-09-13,BUF,HOU,-1.3,0.3,14.2,0.68,0.508,0.48,0.01,pass,0.0,2026-09-12T21:03:24+00:00,2026-09-13_BUF_HOU,,,,,,,,,
2026-09-13,BAL,IND,-2.3,-3.1,13.3,0.35,0.408,0.4,-0.009,pass,0.0,2026-09-12T21:03:24+00:00,2026-09-13_BAL_IND,,,,,,,,,
2026-09-13,CLE,JAX,12.0,13.3,13.1,0.49,0.845,0.79,0.044,CANDIDATE JAX,0.0,2026-09-12T21:03:24+00:00,2026-09-13_CLE_JAX,,,,,,,,,
2026-09-13,ARI,LAC,6.7,4.8,15.8,0.4,0.619,0.81,0.18,CANDIDATE ARI,0.0,2026-09-12T21:03:24+00:00,2026-09-13_ARI_LAC,,,,,,,,,
2026-09-13,MIA,LV,-3.1,-4.4,12.5,0.26,0.364,0.61,0.22,CANDIDATE MIA,0.0,2026-09-12T21:03:24+00:00,2026-09-13_MIA_LV,,,,,,,,,
2026-09-13,GB,MIN,-2.0,-2.9,13.2,0.47,0.413,0.55,0.11,CANDIDATE GB,0.0,2026-09-12T21:03:24+00:00,2026-09-13_GB_MIN,,,,,,,,,
2026-09-13,DAL,NYG,0.8,-1.3,13.0,0.56,0.461,0.4,0.044,CANDIDATE NYG,0.0,2026-09-12T21:03:24+00:00,2026-09-13_DAL_NYG,,,,,,,,,
2026-09-13,WAS,PHI,8.4,5.7,12.0,0.26,0.681,0.68,-0.014,pass,0.0,2026-09-12T21:03:24+00:00,2026-09-13_WAS_PHI,,,,,,,,,
2026-09-13,ATL,PIT,7.1,5.3,12.3,0.41,0.668,0.72,-0.066,pass,0.0,2026-09-12T21:03:24+00:00,2026-09-13_ATL_PIT,,,,,,,,,
2026-09-13,NYJ,TEN,6.8,3.3,11.5,0.68,0.613,0.52,0.076,CANDIDATE TEN,0.0,2026-09-12T21:03:24+00:00,2026-09-13_NYJ_TEN,,,,,,,,,
2026-09-14,DEN,KC,-1.3,-1.6,13.8,0.48,0.453,0.56,0.079,CANDIDATE DEN,0.0,2026-09-12T21:03:24+00:00,2026-09-14_DEN_KC,,,,,,,,,
2026-09-17,DET,BUF,3.2,0.4,13.1,0.33,0.513,0.62,0.081,CANDIDATE DET,0.0,2026-09-12T21:03:24+00:00,2026-09-17_DET_BUF,,,,,,,,,
2026-09-20,SEA,ARI,-5.6,-3.2,15.5,0.47,0.417,0.24,0.164,CANDIDATE ARI,0.0,2026-09-12T21:03:24+00:00,2026-09-20_SEA_ARI,,,,,,,,,
2026-09-20,CAR,ATL,-1.2,-4.0,12.6,0.37,0.376,0.52,0.116,CANDIDATE CAR,0.0,2026-09-12T21:03:24+00:00,2026-09-20_CAR_ATL,,,,,,,,,
2026-09-20,NO,BAL,7.5,6.1,14.2,0.76,0.666,0.78,0.102,CANDIDATE NO,0.0,2026-09-12T21:03:24+00:00,2026-09-20_NO_BAL,,,,,,,,,
2026-09-20,MIN,CHI,4.5,2.5,12.1,0.88,0.581,0.6,-0.036,pass,0.0,2026-09-12T21:03:24+00:00,2026-09-20_MIN_CHI,,,,,,,,,
2026-09-20,WAS,DAL,3.2,1.4,12.7,0.28,0.545,0.68,0.099,CANDIDATE WAS,0.0,2026-09-12T21:03:24+00:00,2026-09-20_WAS_DAL,,,,,,,,,
2026-09-20,JAX,DEN,0.4,-0.8,13.2,0.44,0.475,0.6,0.078,CANDIDATE JAX,0.0,2026-09-12T21:03:24+00:00,2026-09-20_JAX_DEN,,,,,,,,,
2026-09-20,CIN,HOU,4.1,3.3,14.6,0.49,0.588,0.58,-0.009,pass,0.0,2026-09-12T21:03:24+00:00,2026-09-20_CIN_HOU,,,,,,,,,
2026-09-20,IND,KC,1.0,-0.9,13.0,0.45,0.473,0.72,0.223,CANDIDATE IND,0.0,2026-09-12T21:03:24+00:00,2026-09-20_IND_KC,,,,,,,,,
2026-09-20,LV,LAC,11.8,8.1,12.7,0.42,0.738,0.81,0.05,CANDIDATE LV,0.0,2026-09-12T21:03:24+00:00,2026-09-20_LV_LAC,,,,,,,,,
2026-09-20,PIT,NE,5.6,2.0,11.2,0.84,0.57,0.63,-0.076,pass,0.0,2026-09-12T21:03:24+00:00,2026-09-20_PIT_NE,,,,,,,,,
2026-09-20,GB,NYJ,-10.1,-5.1,13.9,0.46,0.356,0.32,0.021,pass,0.0,2026-09-12T21:03:24+00:00,2026-09-20_GB_NYJ,,,,,,,,,
2026-09-20,MIA,SF,9.3,8.5,12.3,0.45,0.755,0.87,0.086,CANDIDATE MIA,0.0,2026-09-12T21:03:24+00:00,2026-09-20_MIA_SF,,,,,,,,,
2026-09-20,CLE,TB,8.9,6.1,11.9,0.42,0.696,0.73,-0.048,pass,0.0,2026-09-12T21:03:24+00:00,2026-09-20_CLE_TB,,,,,,,,,
2026-09-20,PHI,TEN,-7.0,-4.3,14.8,0.7,0.385,0.31,0.06,CANDIDATE TEN,0.0,2026-09-12T21:03:24+00:00,2026-09-20_PHI_TEN,,,,,,,,,
2026-09-13,CHI,CAR,-2.4,-4.5,13.2,0.41,0.366,0.48,0.096,CANDIDATE CHI,0.0,2026-09-13T18:34:58+00:00,2026-09-13_CHI_CAR,,,,,,,,,
2026-09-13,TB,CIN,-0.6,-0.7,13.6,0.93,0.48,0.93,0.435,CANDIDATE TB,0.0,2026-09-13T18:34:58+00:00,2026-09-13_TB_CIN,,,,,,,,,
2026-09-13,NO,DET,6.4,7.6,15.1,0.51,0.691,0.85,0.129,CANDIDATE NO,0.0,2026-09-13T18:34:58+00:00,2026-09-13_NO_DET,,,,,,,,,
2026-09-13,BUF,HOU,-1.3,0.3,14.2,0.68,0.508,0.4,0.091,CANDIDATE HOU,0.0,2026-09-13T18:34:58+00:00,2026-09-13_BUF_HOU,,,,,,,,,
2026-09-13,BAL,IND,-2.3,-3.1,13.3,0.36,0.408,0.08,0.323,CANDIDATE IND,0.0,2026-09-13T18:34:58+00:00,2026-09-13_BAL_IND,,,,,,,,,
2026-09-13,CLE,JAX,12.0,13.3,13.1,0.49,0.845,1.0,0.144,CANDIDATE CLE,0.0,2026-09-13T18:34:58+00:00,2026-09-13_CLE_JAX,,,,,,,,,
2026-09-13,ARI,LAC,6.7,4.8,15.8,0.4,0.619,0.81,0.18,CANDIDATE ARI,0.0,2026-09-13T18:34:58+00:00,2026-09-13_ARI_LAC,,,,,,,,,
2026-09-13,MIA,LV,-3.1,-4.4,12.5,0.26,0.364,0.61,0.22,CANDIDATE MIA,0.0,2026-09-13T18:34:58+00:00,2026-09-13_MIA_LV,,,,,,,,,
2026-09-13,GB,MIN,-2.0,-2.9,13.2,0.48,0.413,0.55,0.119,CANDIDATE GB,0.0,2026-09-13T18:34:58+00:00,2026-09-13_GB_MIN,,,,,,,,,
2026-09-13,DAL,NYG,0.8,-1.3,13.0,0.56,0.461,0.4,0.044,CANDIDATE NYG,0.0,2026-09-13T18:34:58+00:00,2026-09-13_DAL_NYG,,,,,,,,,
2026-09-13,WAS,PHI,8.4,5.7,12.0,0.26,0.681,0.7,-0.034,pass,0.0,2026-09-13T18:34:58+00:00,2026-09-13_WAS_PHI,,,,,,,,,
2026-09-13,ATL,PIT,7.1,5.3,12.3,0.41,0.668,0.79,0.1,CANDIDATE ATL,0.0,2026-09-13T18:34:58+00:00,2026-09-13_ATL_PIT,,,,,,,,,
2026-09-13,NYJ,TEN,6.8,3.3,11.5,0.67,0.613,0.3,0.299,CANDIDATE TEN,0.0,2026-09-13T18:34:58+00:00,2026-09-13_NYJ_TEN,,,,,,,,,
2026-09-14,DEN,KC,-1.3,-1.6,13.8,0.49,0.454,0.56,0.079,CANDIDATE DEN,0.0,2026-09-13T18:34:58+00:00,2026-09-14_DEN_KC,,,,,,,,,
2026-09-17,DET,BUF,3.2,0.4,13.1,0.32,0.513,0.63,-0.133,pass,0.0,2026-09-13T18:34:58+00:00,2026-09-17_DET_BUF,,,,,,,,,
2026-09-20,SEA,ARI,-5.6,-3.2,15.5,0.47,0.417,0.19,0.216,CANDIDATE ARI,0.0,2026-09-13T18:34:58+00:00,2026-09-20_SEA_ARI,,,,,,,,,
2026-09-20,CAR,ATL,-1.2,-4.0,12.6,0.37,0.376,0.53,0.096,CANDIDATE CAR,0.0,2026-09-13T18:34:58+00:00,2026-09-20_CAR_ATL,,,,,,,,,
2026-09-20,NO,BAL,7.5,6.1,14.2,0.79,0.666,0.81,0.102,CANDIDATE NO,0.0,2026-09-13T18:34:58+00:00,2026-09-20_NO_BAL,,,,,,,,,
2026-09-20,MIN,CHI,4.5,2.5,12.1,0.88,0.581,0.59,-0.026,pass,0.0,2026-09-13T18:34:58+00:00,2026-09-20_MIN_CHI,,,,,,,,,
2026-09-20,WAS,DAL,3.2,1.5,12.7,0.26,0.545,0.69,0.099,CANDIDATE WAS,0.0,2026-09-13T18:34:58+00:00,2026-09-20_WAS_DAL,,,,,,,,,
2026-09-20,JAX,DEN,0.4,-0.8,13.2,0.41,0.475,0.58,-0.122,pass,0.0,2026-09-13T18:34:58+00:00,2026-09-20_JAX_DEN,,,,,,,,,
2026-09-20,CIN,HOU,4.1,3.3,14.6,0.48,0.588,0.58,-0.009,pass,0.0,2026-09-13T18:34:58+00:00,2026-09-20_CIN_HOU,,,,,,,,,
2026-09-20,IND,KC,1.0,-0.9,13.0,0.47,0.473,0.73,0.202,CANDIDATE IND,0.0,2026-09-13T18:34:58+00:00,2026-09-20_IND_KC,,,,,,,,,
2026-09-20,LV,LAC,11.8,8.1,12.7,0.43,0.738,0.8,-0.073,pass,0.0,2026-09-13T18:34:58+00:00,2026-09-20_LV_LAC,,,,,,,,,
2026-09-20,PIT,NE,5.6,2.0,11.2,0.83,0.571,0.64,-0.085,pass,0.0,2026-09-13T18:34:58+00:00,2026-09-20_PIT_NE,,,,,,,,,
2026-09-20,GB,NYJ,-10.1,-5.1,13.9,0.46,0.356,0.33,0.011,pass,0.0,2026-09-13T18:34:58+00:00,2026-09-20_GB_NYJ,,,,,,,,,
2026-09-20,MIA,SF,9.3,8.5,12.3,0.44,0.755,0.87,0.086,CANDIDATE MIA,0.0,2026-09-13T18:34:58+00:00,2026-09-20_MIA_SF,,,,,,,,,
2026-09-20,CLE,TB,8.9,6.1,11.9,0.43,0.695,0.75,-0.068,pass,0.0,2026-09-13T18:34:58+00:00,2026-09-20_CLE_TB,,,,,,,,,
2026-09-20,PHI,TEN,-7.0,-4.3,14.8,0.71,0.386,0.29,0.081,CANDIDATE TEN,0.0,2026-09-13T18:34:58+00:00,2026-09-20_PHI_TEN,,,,,,,,,
2026-09-21,NYG,LA,7.5,7.2,14.1,0.47,0.696,0.79,0.072,CANDIDATE NYG,0.0,2026-09-13T18:34:58+00:00,2026-09-21_NYG_LA,,,,,,,,,
2026-09-14,DEN,KC,-1.2,-1.7,13.5,0.66,0.45,0.56,0.082,CANDIDATE DEN,0.0,2026-09-14T07:22:57+00:00,2026-09-14_DEN_KC,,,,,,,,,
2026-09-17,DET,BUF,3.8,2.3,13.3,0.51,0.568,0.65,0.056,CANDIDATE DET,0.0,2026-09-14T07:22:57+00:00,2026-09-17_DET_BUF,,,,,,,,,
2026-09-20,SEA,ARI,-4.2,-1.7,14.8,1.03,0.453,0.34,0.098,CANDIDATE ARI,0.0,2026-09-14T07:22:57+00:00,2026-09-20_SEA_ARI,,,,,,,,,
2026-09-20,CAR,ATL,0.2,-3.0,13.3,1.03,0.411,0.49,0.051,CANDIDATE CAR,0.0,2026-09-14T07:22:57+00:00,2026-09-20_CAR_ATL,,,,,,,,,
2026-09-20,NO,BAL,8.2,8.9,13.9,0.39,0.74,0.8,-0.071,pass,0.0,2026-09-14T07:22:57+00:00,2026-09-20_NO_BAL,,,,,,,,,
2026-09-20,MIN,CHI,5.0,4.9,11.5,1.19,0.666,0.7,-0.049,pass,0.0,2026-09-14T07:22:57+00:00,2026-09-20_MIN_CHI,,,,,,,,,
2026-09-20,WAS,DAL,3.1,3.0,12.2,0.41,0.599,0.65,-0.067,pass,0.0,2026-09-14T07:22:57+00:00,2026-09-20_WAS_DAL,,,,,,,,,
2026-09-20,JAX,DEN,-0.5,-1.2,13.5,0.46,0.466,0.57,0.087,CANDIDATE JAX,0.0,2026-09-14T07:22:57+00:00,2026-09-20_JAX_DEN,,,,,,,,,
2026-09-20,CIN,HOU,4.1,4.7,14.1,0.72,0.629,0.59,0.022,pass,0.0,2026-09-14T07:22:57+00:00,2026-09-20_CIN_HOU,,,,,,,,,
2026-09-20,IND,KC,1.9,0.3,13.3,0.41,0.51,0.73,0.196,CANDIDATE IND,0.0,2026-09-14T07:22:57+00:00,2026-09-20_IND_KC,,,,,,,,,
2026-09-20,LV,LAC,9.7,7.6,11.8,0.51,0.741,0.74,-0.012,pass,0.0,2026-09-14T07:22:57+00:00,2026-09-20_LV_LAC,,,,,,,,,
2026-09-20,PIT,NE,5.6,4.1,11.3,1.18,0.641,0.69,-0.064,pass,0.0,2026-09-14T07:22:57+00:00,2026-09-20_PIT_NE,,,,,,,,,
2026-09-20,GB,NYJ,-7.1,-4.5,13.6,0.6,0.371,0.35,0.005,pass,0.0,2026-09-14T07:22:57+00:00,2026-09-20_GB_NYJ,,,,,,,,,
2026-09-20,MIA,SF,10.0,11.0,12.3,0.46,0.815,0.9,0.058,CANDIDATE MIA,0.0,2026-09-14T07:22:57+00:00,2026-09-20_MIA_SF,,,,,,,,,
2026-09-20,CLE,TB,9.4,10.2,11.9,0.42,0.804,0.8,-0.007,pass,0.0,2026-09-14T07:22:57+00:00,2026-09-20_CLE_TB,,,,,,,,,
2026-09-20,PHI,TEN,-6.8,-4.9,14.7,0.59,0.369,0.24,0.117,CANDIDATE TEN,0.0,2026-09-14T07:22:57+00:00,2026-09-20_PHI_TEN,,,,,,,,,
2026-09-21,NYG,LA,6.7,6.5,13.9,0.66,0.679,0.77,0.068,CANDIDATE NYG,0.0,2026-09-14T07:22:57+00:00,2026-09-21_NYG_LA,,,,,,,,,
2026-09-14,DEN,KC,-1.2,-1.7,13.5,0.66,0.45,0.56,0.082,CANDIDATE DEN,0.0,2026-09-14T14:51:25+00:00,2026-09-14_DEN_KC,,,,,,,,,
2026-09-17,DET,BUF,3.8,2.3,13.3,0.51,0.568,0.66,0.056,CANDIDATE DET,0.0,2026-09-14T14:51:25+00:00,2026-09-17_DET_BUF,,,,,,,,,
2026-09-20,SEA,ARI,-4.2,-1.7,14.8,1.03,0.453,0.33,0.108,CANDIDATE ARI,0.0,2026-09-14T14:51:25+00:00,2026-09-20_SEA_ARI,,,,,,,,,
2026-09-20,CAR,ATL,0.2,-3.0,13.3,1.03,0.411,0.48,-0.086,pass,0.0,2026-09-14T14:51:25+00:00,2026-09-20_CAR_ATL,,,,,,,,,
2026-09-20,NO,BAL,8.2,8.9,13.9,0.39,0.74,0.8,-0.071,pass,0.0,2026-09-14T14:51:25+00:00,2026-09-20_NO_BAL,,,,,,,,,
2026-09-20,MIN,CHI,5.0,4.9,11.5,1.19,0.666,0.7,-0.049,pass,0.0,2026-09-14T14:51:25+00:00,2026-09-20_MIN_CHI,,,,,,,,,
2026-09-20,WAS,DAL,3.1,3.0,12.2,0.41,0.599,0.65,-0.067,pass,0.0,2026-09-14T14:51:25+00:00,2026-09-20_WAS_DAL,,,,,,,,,
2026-09-20,JAX,DEN,-0.5,-1.2,13.5,0.46,0.466,0.58,0.077,CANDIDATE JAX,0.0,2026-09-14T14:51:25+00:00,2026-09-20_JAX_DEN,,,,,,,,,
2026-09-20,CIN,HOU,4.1,4.7,14.1,0.72,0.629,0.6,0.012,pass,0.0,2026-09-14T14:51:25+00:00,2026-09-20_CIN_HOU,,,,,,,,,
2026-09-20,IND,KC,1.9,0.3,13.3,0.41,0.51,0.73,0.196,CANDIDATE IND,0.0,2026-09-14T14:51:25+00:00,2026-09-20_IND_KC,,,,,,,,,
2026-09-20,LV,LAC,9.7,7.6,11.8,0.51,0.741,0.74,-0.012,pass,0.0,2026-09-14T14:51:25+00:00,2026-09-20_LV_LAC,,,,,,,,,
2026-09-20,PIT,NE,5.6,4.1,11.3,1.18,0.641,0.7,-0.074,pass,0.0,2026-09-14T14:51:25+00:00,2026-09-20_PIT_NE,,,,,,,,,
2026-09-20,GB,NYJ,-7.1,-4.5,13.6,0.6,0.371,0.35,0.005,pass,0.0,2026-09-14T14:51:25+00:00,2026-09-20_GB_NYJ,,,,,,,,,
2026-09-20,MIA,SF,10.0,11.0,12.3,0.46,0.815,0.89,0.058,CANDIDATE MIA,0.0,2026-09-14T14:51:25+00:00,2026-09-20_MIA_SF,,,,,,,,,
2026-09-20,CLE,TB,9.4,10.2,11.9,0.42,0.804,0.8,-0.007,pass,0.0,2026-09-14T14:51:25+00:00,2026-09-20_CLE_TB,,,,,,,,,
2026-09-20,PHI,TEN,-6.8,-4.9,14.7,0.59,0.369,0.24,0.117,CANDIDATE TEN,0.0,2026-09-14T14:51:25+00:00,2026-09-20_PHI_TEN,,,,,,,,,
2026-09-21,NYG,LA,6.7,6.5,13.9,0.66,0.679,0.77,0.068,CANDIDATE NYG,0.0,2026-09-14T14:51:25+00:00,2026-09-21_NYG_LA,,,,,,,,,
2026-09-14,DEN,KC,-1.2,-1.8,13.5,0.72,0.448,0.56,0.084,CANDIDATE DEN,0.0,2026-09-14T15:00:19+00:00,2026-09-14_DEN_KC,,,,,,,,,
2026-09-17,DET,BUF,3.8,2.3,13.3,0.45,0.568,0.66,0.056,CANDIDATE DET,0.0,2026-09-14T15:00:19+00:00,2026-09-17_DET_BUF,,,,,,,,,
2026-09-20,SEA,ARI,-4.2,-1.9,14.7,1.11,0.449,0.33,0.103,CANDIDATE ARI,0.0,2026-09-14T15:00:19+00:00,2026-09-20_SEA_ARI,,,,,,,,,
2026-09-20,CAR,ATL,0.2,-2.9,13.3,0.95,0.412,0.48,-0.085,pass,0.0,2026-09-14T15:00:19+00:00,2026-09-20_CAR_ATL,,,,,,,,,
2026-09-20,NO,BAL,8.2,9.0,13.9,0.3,0.74,0.8,-0.071,pass,0.0,2026-09-14T15:00:19+00:00,2026-09-20_NO_BAL,,,,,,,,,
2026-09-20,MIN,CHI,5.0,5.0,11.5,1.05,0.669,0.7,-0.046,pass,0.0,2026-09-14T15:00:19+00:00,2026-09-20_MIN_CHI,,,,,,,,,
2026-09-20,WAS,DAL,3.1,3.1,12.2,0.41,0.599,0.65,-0.067,pass,0.0,2026-09-14T15:00:19+00:00,2026-09-20_WAS_DAL,,,,,,,,,
2026-09-20,JAX,DEN,-0.5,-1.1,13.5,0.43,0.466,0.58,0.076,CANDIDATE JAX,0.0,2026-09-14T15:00:19+00:00,2026-09-20_JAX_DEN,,,,,,,,,
2026-09-20,CIN,HOU,4.1,4.5,14.0,0.7,0.626,0.6,0.009,pass,0.0,2026-09-14T15:00:19+00:00,2026-09-20_CIN_HOU,,,,,,,,,
2026-09-20,IND,KC,1.9,0.4,13.3,0.47,0.511,0.73,0.195,CANDIDATE IND,0.0,2026-09-14T15:00:19+00:00,2026-09-20_IND_KC,,,,,,,,,
2026-09-20,LV,LAC,9.7,7.6,11.8,0.57,0.74,0.74,-0.014,pass,0.0,2026-09-14T15:00:19+00:00,2026-09-20_LV_LAC,,,,,,,,,
2026-09-20,PIT,NE,5.6,4.1,11.3,1.19,0.642,0.7,-0.072,pass,0.0,2026-09-14T15:00:19+00:00,2026-09-20_PIT_NE,,,,,,,,,
2026-09-20,GB,NYJ,-7.1,-4.5,13.5,0.52,0.37,0.35,0.004,pass,0.0,2026-09-14T15:00:19+00:00,2026-09-20_GB_NYJ,,,,,,,,,
2026-09-20,MIA,SF,10.0,11.1,12.3,0.47,0.816,0.89,0.057,CANDIDATE MIA,0.0,2026-09-14T15:00:19+00:00,2026-09-20_MIA_SF,,,,,,,,,
2026-09-20,CLE,TB,9.4,10.1,11.9,0.38,0.804,0.8,-0.008,pass,0.0,2026-09-14T15:00:19+00:00,2026-09-20_CLE_TB,,,,,,,,,
2026-09-20,PHI,TEN,-6.8,-4.9,14.7,0.61,0.369,0.24,0.116,CANDIDATE TEN,0.0,2026-09-14T15:00:19+00:00,2026-09-20_PHI_TEN,,,,,,,,,
2026-09-21,NYG,LA,6.7,6.5,13.9,0.58,0.68,0.77,0.067,CANDIDATE NYG,0.0,2026-09-14T15:00:19+00:00,2026-09-21_NYG_LA,,,,,,,,,
2026-09-14,DEN,KC,-1.2,-1.7,13.5,0.66,0.45,0.55,0.072,CANDIDATE DEN,0.0,2026-09-14T20:10:51+00:00,2026-09-14_DEN_KC,,,,,,,,,
2026-09-17,DET,BUF,3.8,2.3,13.3,0.51,0.568,0.66,0.076,CANDIDATE DET,0.0,2026-09-14T20:10:51+00:00,2026-09-17_DET_BUF,,,,,,,,,
2026-09-20,SEA,ARI,-4.2,-1.7,14.8,1.03,0.453,0.34,0.098,CANDIDATE ARI,0.0,2026-09-14T20:10:51+00:00,2026-09-20_SEA_ARI,,,,,,,,,
2026-09-20,CAR,ATL,0.2,-3.0,13.3,1.03,0.411,0.47,0.041,CANDIDATE CAR,0.0,2026-09-14T20:10:51+00:00,2026-09-20_CAR_ATL,,,,,,,,,
2026-09-20,NO,BAL,8.2,8.9,13.9,0.39,0.74,0.8,-0.071,pass,0.0,2026-09-14T20:10:51+00:00,2026-09-20_NO_BAL,,,,,,,,,
2026-09-20,MIN,CHI,5.0,4.9,11.5,1.19,0.666,0.7,-0.049,pass,0.0,2026-09-14T20:10:51+00:00,2026-09-20_MIN_CHI,,,,,,,,,
2026-09-20,WAS,DAL,3.1,3.0,12.2,0.41,0.599,0.66,-0.077,pass,0.0,2026-09-14T20:10:51+00:00,2026-09-20_WAS_DAL,,,,,,,,,
2026-09-20,JAX,DEN,-0.5,-1.2,13.5,0.46,0.466,0.57,0.077,CANDIDATE JAX,0.0,2026-09-14T20:10:51+00:00,2026-09-20_JAX_DEN,,,,,,,,,
2026-09-20,CIN,HOU,4.1,4.7,14.1,0.72,0.629,0.6,0.012,pass,0.0,2026-09-14T20:10:51+00:00,2026-09-20_CIN_HOU,,,,,,,,,
2026-09-20,IND,KC,1.9,0.3,13.3,0.41,0.51,0.73,0.186,CANDIDATE IND,0.0,2026-09-14T20:10:51+00:00,2026-09-20_IND_KC,,,,,,,,,
2026-09-20,LV,LAC,9.7,7.6,11.8,0.51,0.741,0.74,-0.012,pass,0.0,2026-09-14T20:10:51+00:00,2026-09-20_LV_LAC,,,,,,,,,
2026-09-20,PIT,NE,5.6,4.1,11.3,1.18,0.641,0.69,-0.064,pass,0.0,2026-09-14T20:10:51+00:00,2026-09-20_PIT_NE,,,,,,,,,
2026-09-20,GB,NYJ,-7.1,-4.5,13.6,0.6,0.371,0.36,-0.005,pass,0.0,2026-09-14T20:10:51+00:00,2026-09-20_GB_NYJ,,,,,,,,,
2026-09-20,MIA,SF,10.0,11.0,12.3,0.46,0.815,0.89,0.058,CANDIDATE MIA,0.0,2026-09-14T20:10:51+00:00,2026-09-20_MIA_SF,,,,,,,,,
2026-09-20,CLE,TB,9.4,10.2,11.9,0.42,0.804,0.79,0.003,pass,0.0,2026-09-14T20:10:51+00:00,2026-09-20_CLE_TB,,,,,,,,,
2026-09-20,PHI,TEN,-6.8,-4.9,14.7,0.59,0.369,0.24,0.117,CANDIDATE TEN,0.0,2026-09-14T20:10:51+00:00,2026-09-20_PHI_TEN,,,,,,,,,
2026-09-21,NYG,LA,6.7,6.5,13.9,0.66,0.679,0.75,0.048,CANDIDATE NYG,0.0,2026-09-14T20:10:51+00:00,2026-09-21_NYG_LA,,,,,,,,,
2026-09-14,DEN,KC,-1.2,-1.8,13.5,0.72,0.448,0.54,0.074,CANDIDATE DEN,0.0,2026-09-14T22:09:37+00:00,2026-09-14_DEN_KC,,,,,,,,,
2026-09-17,DET,BUF,3.8,2.3,13.3,0.45,0.568,0.67,0.086,CANDIDATE DET,0.0,2026-09-14T22:09:37+00:00,2026-09-17_DET_BUF,,,,,,,,,
2026-09-20,SEA,ARI,-4.2,-1.9,14.7,1.11,0.449,0.34,0.093,CANDIDATE ARI,0.0,2026-09-14T22:09:37+00:00,2026-09-20_SEA_ARI,,,,,,,,,
2026-09-20,CAR,ATL,0.2,-2.9,13.3,0.95,0.412,0.47,0.04,CANDIDATE CAR,0.0,2026-09-14T22:09:37+00:00,2026-09-20_CAR_ATL,,,,,,,,,
2026-09-20,NO,BAL,8.2,9.0,13.9,0.3,0.74,0.8,-0.071,pass,0.0,2026-09-14T22:09:37+00:00,2026-09-20_NO_BAL,,,,,,,,,
2026-09-20,MIN,CHI,5.0,5.0,11.5,1.05,0.669,0.7,-0.046,pass,0.0,2026-09-14T22:09:37+00:00,2026-09-20_MIN_CHI,,,,,,,,,
2026-09-20,WAS,DAL,3.1,3.1,12.2,0.41,0.599,0.66,-0.077,pass,0.0,2026-09-14T22:09:37+00:00,2026-09-20_WAS_DAL,,,,,,,,,
2026-09-20,JAX,DEN,-0.5,-1.1,13.5,0.43,0.466,0.57,0.076,CANDIDATE JAX,0.0,2026-09-14T22:09:37+00:00,2026-09-20_JAX_DEN,,,,,,,,,
2026-09-20,CIN,HOU,4.1,4.5,14.0,0.7,0.626,0.6,0.009,pass,0.0,2026-09-14T22:09:37+00:00,2026-09-20_CIN_HOU,,,,,,,,,
2026-09-20,IND,KC,1.9,0.4,13.3,0.47,0.511,0.73,0.195,CANDIDATE IND,0.0,2026-09-14T22:09:37+00:00,2026-09-20_IND_KC,,,,,,,,,
2026-09-20,LV,LAC,9.7,7.6,11.8,0.57,0.74,0.74,-0.014,pass,0.0,2026-09-14T22:09:37+00:00,2026-09-20_LV_LAC,,,,,,,,,
2026-09-20,PIT,NE,5.6,4.1,11.3,1.19,0.642,0.68,-0.053,pass,0.0,2026-09-14T22:09:37+00:00,2026-09-20_PIT_NE,,,,,,,,,
2026-09-20,GB,NYJ,-7.1,-4.5,13.5,0.52,0.37,0.37,-0.017,pass,0.0,2026-09-14T22:09:37+00:00,2026-09-20_GB_NYJ,,,,,,,,,
2026-09-20,MIA,SF,10.0,11.1,12.3,0.47,0.816,0.9,0.057,CANDIDATE MIA,0.0,2026-09-14T22:09:37+00:00,2026-09-20_MIA_SF,,,,,,,,,
2026-09-20,CLE,TB,9.4,10.1,11.9,0.38,0.804,0.8,-0.008,pass,0.0,2026-09-14T22:09:37+00:00,2026-09-20_CLE_TB,,,,,,,,,
2026-09-20,PHI,TEN,-6.8,-4.9,14.7,0.61,0.369,0.25,0.106,CANDIDATE TEN,0.0,2026-09-14T22:09:37+00:00,2026-09-20_PHI_TEN,,,,,,,,,
2026-09-21,NYG,LA,6.7,6.5,13.9,0.58,0.68,0.74,-0.073,pass,0.0,2026-09-14T22:09:37+00:00,2026-09-21_NYG_LA,,,,,,,,,
2026-09-17,DET,BUF,3.9,2.4,13.4,0.71,0.572,0.68,0.072,CANDIDATE DET,0.0,2026-09-15T07:12:14+00:00,2026-09-17_DET_BUF,,,,,,,,,
2026-09-20,SEA,ARI,-4.0,-1.8,14.6,1.06,0.451,0.34,0.095,CANDIDATE ARI,0.0,2026-09-15T07:12:14+00:00,2026-09-20_SEA_ARI,,,,,,,,,
2026-09-20,CAR,ATL,0.3,-2.9,13.3,1.16,0.414,0.47,-0.073,pass,0.0,2026-09-15T07:12:14+00:00,2026-09-20_CAR_ATL,,,,,,,,,
2026-09-20,NO,BAL,8.2,9.1,13.9,0.45,0.742,0.8,-0.069,pass,0.0,2026-09-15T07:12:14+00:00,2026-09-20_NO_BAL,,,,,,,,,
2026-09-20,MIN,CHI,5.2,5.5,11.6,1.02,0.683,0.69,-0.022,pass,0.0,2026-09-15T07:12:14+00:00,2026-09-20_MIN_CHI,,,,,,,,,
2026-09-20,WAS,DAL,3.3,3.5,12.3,0.6,0.611,0.66,-0.065,pass,0.0,2026-09-15T07:12:14+00:00,2026-09-20_WAS_DAL,,,,,,,,,
2026-09-20,JAX,DEN,-1.6,-2.0,13.7,0.36,0.443,0.55,0.08,CANDIDATE JAX,0.0,2026-09-15T07:12:14+00:00,2026-09-20_JAX_DEN,,,,,,,,,
2026-09-20,CIN,HOU,4.1,5.2,14.2,0.77,0.642,0.6,0.026,pass,0.0,2026-09-15T07:12:14+00:00,2026-09-20_CIN_HOU,,,,,,,,,
2026-09-20,IND,KC,3.3,3.2,14.1,0.39,0.589,0.74,0.127,CANDIDATE IND,0.0,2026-09-15T07:12:14+00:00,2026-09-20_IND_KC,,,,,,,,,
2026-09-20,LV,LAC,9.8,7.6,11.9,0.43,0.738,0.74,-0.016,pass,0.0,2026-09-15T07:12:14+00:00,2026-09-20_LV_LAC,,,,,,,,,
2026-09-20,PIT,NE,5.6,4.2,11.3,0.95,0.645,0.68,-0.05,pass,0.0,2026-09-15T07:12:14+00:00,2026-09-20_PIT_NE,,,,,,,,,
2026-09-20,GB,NYJ,-6.9,-4.3,13.6,0.68,0.375,0.36,-0.001,pass,0.0,2026-09-15T07:12:14+00:00,2026-09-20_GB_NYJ,,,,,,,,,
2026-09-20,MIA,SF,10.0,11.0,12.3,0.58,0.813,0.9,0.07,CANDIDATE MIA,0.0,2026-09-15T07:12:14+00:00,2026-09-20_MIA_SF,,,,,,,,,
2026-09-20,CLE,TB,9.4,10.4,11.9,0.41,0.808,0.79,0.007,pass,0.0,2026-09-15T07:12:14+00:00,2026-09-20_CLE_TB,,,,,,,,,
2026-09-20,PHI,TEN,-6.7,-4.9,14.6,0.53,0.369,0.25,0.106,CANDIDATE TEN,0.0,2026-09-15T07:12:14+00:00,2026-09-20_PHI_TEN,,,,,,,,,
2026-09-21,NYG,LA,6.7,6.3,13.8,0.53,0.677,0.75,0.05,CANDIDATE NYG,0.0,2026-09-15T07:12:14+00:00,2026-09-21_NYG_LA,,,,,,,,,
2026-09-17,DET,BUF,3.9,2.4,13.4,0.71,0.572,0.68,0.082,CANDIDATE DET,0.0,2026-09-15T19:33:17+00:00,2026-09-17_DET_BUF,,,,,,,,,
2026-09-20,SEA,ARI,-4.0,-1.8,14.6,1.06,0.451,0.34,0.095,CANDIDATE ARI,0.0,2026-09-15T19:33:17+00:00,2026-09-20_SEA_ARI,,,,,,,,,
2026-09-20,CAR,ATL,0.3,-2.9,13.3,1.16,0.414,0.45,-0.053,pass,0.0,2026-09-15T19:33:17+00:00,2026-09-20_CAR_ATL,,,,,,,,,
2026-09-20,NO,BAL,8.2,9.1,13.9,0.45,0.742,0.79,-0.059,pass,0.0,2026-09-15T19:33:17+00:00,2026-09-20_NO_BAL,,,,,,,,,
2026-09-20,MIN,CHI,5.2,5.5,11.6,1.02,0.683,0.68,-0.012,pass,0.0,2026-09-15T19:33:17+00:00,2026-09-20_MIN_CHI,,,,,,,,,
2026-09-20,WAS,DAL,3.3,3.5,12.3,0.6,0.611,0.66,-0.065,pass,0.0,2026-09-15T19:33:17+00:00,2026-09-20_WAS_DAL,,,,,,,,,
2026-09-20,JAX,DEN,-1.6,-2.0,13.7,0.36,0.443,0.59,0.11,CANDIDATE JAX,0.0,2026-09-15T19:33:17+00:00,2026-09-20_JAX_DEN,,,,,,,,,
2026-09-20,CIN,HOU,4.1,5.2,14.2,0.77,0.642,0.6,0.026,pass,0.0,2026-09-15T19:33:17+00:00,2026-09-20_CIN_HOU,,,,,,,,,
2026-09-20,IND,KC,3.3,3.2,14.1,0.39,0.589,0.74,0.127,CANDIDATE IND,0.0,2026-09-15T19:33:17+00:00,2026-09-20_IND_KC,,,,,,,,,
2026-09-20,LV,LAC,9.8,7.6,11.9,0.43,0.738,0.74,-0.016,pass,0.0,2026-09-15T19:33:17+00:00,2026-09-20_LV_LAC,,,,,,,,,
2026-09-20,PIT,NE,5.6,4.2,11.3,0.95,0.645,0.69,-0.06,pass,0.0,2026-09-15T19:33:17+00:00,2026-09-20_PIT_NE,,,,,,,,,
2026-09-20,GB,NYJ,-6.9,-4.3,13.6,0.68,0.375,0.36,-0.001,pass,0.0,2026-09-15T19:33:17+00:00,2026-09-20_GB_NYJ,,,,,,,,,
2026-09-20,MIA,SF,10.0,11.0,12.3,0.58,0.813,0.9,0.059,CANDIDATE MIA,0.0,2026-09-15T19:33:17+00:00,2026-09-20_MIA_SF,,,,,,,,,
2026-09-20,CLE,TB,9.4,10.4,11.9,0.41,0.808,0.79,0.007,pass,0.0,2026-09-15T19:33:17+00:00,2026-09-20_CLE_TB,,,,,,,,,
2026-09-20,PHI,TEN,-6.7,-4.9,14.6,0.53,0.369,0.25,0.106,CANDIDATE TEN,0.0,2026-09-15T19:33:17+00:00,2026-09-20_PHI_TEN,,,,,,,,,
2026-09-21,NYG,LA,6.7,6.3,13.8,0.53,0.677,0.75,-0.086,pass,0.0,2026-09-15T19:33:17+00:00,2026-09-21_NYG_LA,,,,,,,,,
2026-09-17,DET,BUF,3.9,2.5,13.4,0.7,0.573,0.68,0.081,CANDIDATE DET,0.0,2026-09-15T19:43:08+00:00,2026-09-17_DET_BUF,,0.33,,,,,,,
2026-09-20,SEA,ARI,-4.0,-1.9,14.6,1.04,0.448,0.34,0.093,CANDIDATE ARI,0.0,2026-09-15T19:43:08+00:00,2026-09-20_SEA_ARI,,0.67,,,,,,,
2026-09-20,CAR,ATL,0.3,-3.0,13.3,1.08,0.412,0.45,-0.055,pass,0.0,2026-09-15T19:43:08+00:00,2026-09-20_CAR_ATL,,0.55,,,,,,,
2026-09-20,NO,BAL,8.2,9.1,13.9,0.45,0.743,0.79,-0.059,pass,0.0,2026-09-15T19:43:08+00:00,2026-09-20_NO_BAL,,0.22,,,,,,,
2026-09-20,MIN,CHI,5.2,5.5,11.6,0.97,0.681,0.68,-0.014,pass,0.0,2026-09-15T19:43:08+00:00,2026-09-20_MIN_CHI,,0.32,,,,,,,
2026-09-20,WAS,DAL,3.3,3.5,12.3,0.58,0.61,0.66,-0.066,pass,0.0,2026-09-15T19:43:08+00:00,2026-09-20_WAS_DAL,,0.35,,,,,,,
2026-09-20,JAX,DEN,-1.6,-2.0,13.7,0.37,0.442,0.59,0.11,CANDIDATE JAX,0.0,2026-09-15T19:43:08+00:00,2026-09-20_JAX_DEN,,0.43,,,,,,,
2026-09-20,CIN,HOU,4.1,5.2,14.2,0.88,0.642,0.6,0.025,pass,0.0,2026-09-15T19:43:08+00:00,2026-09-20_CIN_HOU,,0.42,,,,,,,
2026-09-20,IND,KC,3.3,3.2,14.1,0.42,0.59,0.74,0.127,CANDIDATE IND,0.0,2026-09-15T19:43:08+00:00,2026-09-20_IND_KC,,0.27,,,,,,,
2026-09-20,LV,LAC,9.8,7.6,11.9,0.43,0.738,0.74,-0.016,pass,0.0,2026-09-15T19:43:08+00:00,2026-09-20_LV_LAC,,0.28,,,,,,,
2026-09-20,PIT,NE,5.6,4.2,11.3,0.95,0.645,0.69,-0.06,pass,0.0,2026-09-15T19:43:08+00:00,2026-09-20_PIT_NE,,0.33,,,,,,,
2026-09-20,GB,NYJ,-6.9,-4.3,13.6,0.71,0.375,0.36,-0.001,pass,0.0,2026-09-15T19:43:08+00:00,2026-09-20_GB_NYJ,,0.65,,,,,,,
2026-09-20,MIA,SF,10.0,11.0,12.3,0.57,0.814,0.9,0.059,CANDIDATE MIA,0.0,2026-09-15T19:43:08+00:00,2026-09-20_MIA_SF,,0.12,,,,,,,
2026-09-20,CLE,TB,9.4,10.3,11.9,0.38,0.808,0.79,0.006,pass,0.0,2026-09-15T19:43:08+00:00,2026-09-20_CLE_TB,,0.22,,,,,,,
2026-09-20,PHI,TEN,-6.7,-4.9,14.6,0.55,0.369,0.25,0.106,CANDIDATE TEN,0.0,2026-09-15T19:43:08+00:00,2026-09-20_PHI_TEN,,0.76,,,,,,,
2026-09-21,NYG,LA,6.7,6.3,13.8,0.54,0.676,0.75,0.04,CANDIDATE NYG,0.0,2026-09-15T19:43:08+00:00,2026-09-21_NYG_LA,,0.27,,,,,,,
2026-09-17,DET,BUF,3.9,2.4,13.4,0.71,0.572,0.68,0.082,CANDIDATE DET,0.0,2026-09-15T20:32:56+00:00,2026-09-17_DET_BUF,,0.33,4.5,2026-09-18T00:15:00+00:00,,,,,
2026-09-20,SEA,ARI,-4.0,-1.8,14.6,1.06,0.451,0.35,0.085,CANDIDATE ARI,0.0,2026-09-15T20:32:56+00:00,2026-09-20_SEA_ARI,,0.67,-4.5,2026-09-20T20:25:00+00:00,,,,,
2026-09-20,CAR,ATL,0.3,-2.9,13.3,1.16,0.414,0.44,-0.043,pass,0.0,2026-09-15T20:32:56+00:00,2026-09-20_CAR_ATL,,0.57,-2.5,2026-09-20T17:00:00+00:00,,,,,
2026-09-20,NO,BAL,8.2,9.1,13.9,0.45,0.742,0.79,-0.059,pass,0.0,2026-09-15T20:32:56+00:00,2026-09-20_NO_BAL,,0.22,8.5,2026-09-20T17:00:00+00:00,,,,,
2026-09-20,MIN,CHI,5.2,5.5,11.6,1.02,0.683,0.69,-0.022,pass,0.0,2026-09-15T20:32:56+00:00,2026-09-20_MIN_CHI,,0.32,5.5,2026-09-20T17:00:00+00:00,,,,,
2026-09-20,WAS,DAL,3.3,3.5,12.3,0.6,0.611,0.66,-0.065,pass,0.0,2026-09-15T20:32:56+00:00,2026-09-20_WAS_DAL,,0.35,4.5,2026-09-20T20:25:00+00:00,,,,,
2026-09-20,JAX,DEN,-1.6,-2.0,13.7,0.36,0.443,0.59,0.11,CANDIDATE JAX,0.0,2026-09-15T20:32:56+00:00,2026-09-20_JAX_DEN,,0.43,2.5,2026-09-20T20:05:00+00:00,,,,,
2026-09-20,CIN,HOU,4.1,5.2,14.2,0.77,0.642,0.6,0.026,pass,0.0,2026-09-15T20:32:56+00:00,2026-09-20_CIN_HOU,,0.42,2.5,2026-09-20T17:00:00+00:00,,,,,
2026-09-20,IND,KC,3.3,3.2,14.1,0.39,0.589,0.74,0.127,CANDIDATE IND,0.0,2026-09-15T20:32:56+00:00,2026-09-20_IND_KC,,0.27,6.5,2026-09-21T00:20:00+00:00,,,,,
2026-09-20,LV,LAC,9.8,7.6,11.9,0.43,0.738,0.74,-0.016,pass,0.0,2026-09-15T20:32:56+00:00,2026-09-20_LV_LAC,,0.28,7.0,2026-09-20T20:05:00+00:00,,,,,
2026-09-20,PIT,NE,5.6,4.2,11.3,0.95,0.645,0.68,-0.05,pass,0.0,2026-09-15T20:32:56+00:00,2026-09-20_PIT_NE,,0.33,4.5,2026-09-20T17:00:00+00:00,,,,,
2026-09-20,GB,NYJ,-6.9,-4.3,13.6,0.68,0.375,0.36,-0.001,pass,0.0,2026-09-15T20:32:56+00:00,2026-09-20_GB_NYJ,,0.65,-4.5,2026-09-20T17:00:00+00:00,,,,,
2026-09-20,MIA,SF,10.0,11.0,12.3,0.58,0.813,0.89,0.059,CANDIDATE MIA,0.0,2026-09-15T20:32:56+00:00,2026-09-20_MIA_SF,,0.12,13.5,2026-09-20T20:25:00+00:00,,,,,
2026-09-20,CLE,TB,9.4,10.4,11.9,0.41,0.808,0.8,-0.003,pass,0.0,2026-09-15T20:32:56+00:00,2026-09-20_CLE_TB,,0.22,8.5,2026-09-20T17:00:00+00:00,,,,,
2026-09-20,PHI,TEN,-6.7,-4.9,14.6,0.53,0.369,0.25,0.106,CANDIDATE TEN,0.0,2026-09-15T20:32:56+00:00,2026-09-20_PHI_TEN,,0.76,-7.0,2026-09-20T17:00:00+00:00,,,,,
2026-09-21,NYG,LA,6.7,6.3,13.8,0.53,0.677,0.75,-0.086,pass,0.0,2026-09-15T20:32:56+00:00,2026-09-21_NYG_LA,,0.27,7.0,2026-09-22T00:15:00+00:00,,,,,
2026-09-17,DET,BUF,3.9,2.4,13.4,0.71,0.572,0.68,0.082,CANDIDATE DET,0.0,2026-09-15T20:43:09+00:00,2026-09-17_DET_BUF,,0.33,4.5,2026-09-18T00:15:00+00:00,,,,,
2026-09-20,CAR,ATL,0.3,-2.9,13.3,1.16,0.414,0.44,-0.043,pass,0.0,2026-09-15T20:43:09+00:00,2026-09-20_CAR_ATL,,0.57,-2.5,2026-09-20T17:00:00+00:00,,,,,
2026-09-20,CIN,HOU,4.1,5.2,14.2,0.77,0.642,0.6,0.026,pass,0.0,2026-09-15T20:43:09+00:00,2026-09-20_CIN_HOU,,0.42,2.5,2026-09-20T17:00:00+00:00,,,,,
2026-09-20,CLE,TB,9.4,10.4,11.9,0.41,0.808,0.8,-0.003,pass,0.0,2026-09-15T20:43:09+00:00,2026-09-20_CLE_TB,,0.22,8.5,2026-09-20T17:00:00+00:00,,,,,
2026-09-20,GB,NYJ,-6.9,-4.3,13.6,0.68,0.375,0.36,-0.001,pass,0.0,2026-09-15T20:43:09+00:00,2026-09-20_GB_NYJ,,0.65,-4.5,2026-09-20T17:00:00+00:00,,,,,
2026-09-20,MIN,CHI,5.2,5.5,11.6,1.02,0.683,0.69,-0.022,pass,0.0,2026-09-15T20:43:09+00:00,2026-09-20_MIN_CHI,,0.32,5.5,2026-09-20T17:00:00+00:00,,,,,
2026-09-20,NO,BAL,8.2,9.1,13.9,0.45,0.742,0.79,-0.059,pass,0.0,2026-09-15T20:43:09+00:00,2026-09-20_NO_BAL,,0.22,8.5,2026-09-20T17:00:00+00:00,,,,,
2026-09-20,PHI,TEN,-6.7,-4.9,14.6,0.53,0.369,0.25,0.106,CANDIDATE TEN,0.0,2026-09-15T20:43:09+00:00,2026-09-20_PHI_TEN,,0.76,-7.0,2026-09-20T17:00:00+00:00,,,,,
2026-09-20,PIT,NE,5.6,4.2,11.3,0.95,0.645,0.68,-0.05,pass,0.0,2026-09-15T20:43:09+00:00,2026-09-20_PIT_NE,,0.33,4.5,2026-09-20T17:00:00+00:00,,,,,
2026-09-20,JAX,DEN,-1.6,-2.0,13.7,0.36,0.443,0.59,0.11,CANDIDATE JAX,0.0,2026-09-15T20:43:09+00:00,2026-09-20_JAX_DEN,,0.43,2.5,2026-09-20T20:05:00+00:00,,,,,
2026-09-20,LV,LAC,9.8,7.6,11.9,0.43,0.738,0.74,-0.016,pass,0.0,2026-09-15T20:43:09+00:00,2026-09-20_LV_LAC,,0.28,7.0,2026-09-20T20:05:00+00:00,,,,,
2026-09-20,MIA,SF,10.0,11.0,12.3,0.58,0.813,0.89,0.059,CANDIDATE MIA,0.0,2026-09-15T20:43:09+00:00,2026-09-20_MIA_SF,,0.12,13.5,2026-09-20T20:25:00+00:00,,,,,
2026-09-20,SEA,ARI,-4.0,-1.8,14.6,1.06,0.451,0.35,0.085,CANDIDATE ARI,0.0,2026-09-15T20:43:09+00:00,2026-09-20_SEA_ARI,,0.67,-4.5,2026-09-20T20:25:00+00:00,,,,,
2026-09-20,WAS,DAL,3.3,3.5,12.3,0.6,0.611,0.66,-0.065,pass,0.0,2026-09-15T20:43:09+00:00,2026-09-20_WAS_DAL,,0.35,4.5,2026-09-20T20:25:00+00:00,,,,,
2026-09-20,IND,KC,3.3,3.2,14.1,0.39,0.589,0.74,0.117,CANDIDATE IND,0.0,2026-09-15T20:43:09+00:00,2026-09-20_IND_KC,,0.28,6.5,2026-09-21T00:20:00+00:00,,,,,
2026-09-21,NYG,LA,6.7,6.3,13.8,0.53,0.677,0.75,-0.086,pass,0.0,2026-09-15T20:43:09+00:00,2026-09-21_NYG_LA,,0.27,7.0,2026-09-22T00:15:00+00:00,,,,,
2026-09-17,DET,BUF,3.9,2.4,13.4,0.71,0.572,0.68,0.082,CANDIDATE DET,0.0,2026-09-15T21:36:28+00:00,2026-09-17_DET_BUF,,0.33,4.5,2026-09-18T00:15:00+00:00,4.5,0.091,0.2,0.302,DET -4.5
2026-09-20,CAR,ATL,0.3,-2.9,13.3,1.16,0.414,0.44,-0.043,pass,0.0,2026-09-15T21:36:28+00:00,2026-09-20_CAR_ATL,,0.57,-2.5,2026-09-20T17:00:00+00:00,2.5,0.04,0.6,0.657,CAR +2.5
2026-09-20,CIN,HOU,4.1,5.2,14.2,0.77,0.642,0.6,0.026,pass,0.0,2026-09-15T21:36:28+00:00,2026-09-20_CIN_HOU,,0.42,2.5,2026-09-20T17:00:00+00:00,2.5,0.069,0.62,0.706,HOU +2.5
2026-09-20,CLE,TB,9.4,10.4,11.9,0.41,0.808,0.8,-0.003,pass,0.0,2026-09-15T21:36:28+00:00,2026-09-20_CLE_TB,,0.22,8.5,2026-09-20T17:00:00+00:00,8.5,0.045,0.5,0.562,TB -8.5
2026-09-20,GB,NYJ,-6.9,-4.3,13.6,0.68,0.375,0.36,-0.001,pass,0.0,2026-09-15T21:36:28+00:00,2026-09-20_GB_NYJ,,0.65,-4.5,2026-09-20T17:00:00+00:00,4.5,0.036,0.21,0.258,no edge (best NYJ -4.5)
2026-09-20,MIN,CHI,5.2,5.5,11.6,1.02,0.683,0.68,-0.012,pass,0.0,2026-09-15T21:36:28+00:00,2026-09-20_MIN_CHI,,0.33,5.5,2026-09-20T17:00:00+00:00,5.5,-0.017,0.5,0.501,no edge (best CHI -5.5)
2026-09-20,NO,BAL,8.2,9.1,13.9,0.45,0.742,0.79,-0.059,pass,0.0,2026-09-15T21:36:28+00:00,2026-09-20_NO_BAL,,0.22,8.5,2026-09-20T17:00:00+00:00,8.5,0.009,0.49,0.516,no edge (best BAL -8.5)
2026-09-20,PHI,TEN,-6.7,-4.9,14.6,0.53,0.369,0.25,0.106,CANDIDATE TEN,0.0,2026-09-15T21:36:28+00:00,2026-09-20_PHI_TEN,,0.76,-7.0,2026-09-20T17:00:00+00:00,6.5,0.069,0.14,0.218,TEN -6.5
2026-09-20,PIT,NE,5.6,4.2,11.3,0.95,0.645,0.68,-0.05,pass,0.0,2026-09-15T21:36:28+00:00,2026-09-20_PIT_NE,,0.33,5.5,2026-09-20T17:00:00+00:00,5.5,0.008,0.52,0.545,no edge (best PIT +5.5)
2026-09-20,JAX,DEN,-1.6,-2.0,13.7,0.36,0.443,0.59,0.11,CANDIDATE JAX,0.0,2026-09-15T21:36:28+00:00,2026-09-20_JAX_DEN,,0.43,2.5,2026-09-20T20:05:00+00:00,2.5,0.14,0.47,0.628,JAX +2.5
2026-09-20,LV,LAC,9.8,7.6,11.9,0.43,0.738,0.74,-0.016,pass,0.0,2026-09-15T21:36:28+00:00,2026-09-20_LV_LAC,,0.28,7.0,2026-09-20T20:05:00+00:00,6.5,-0.001,0.52,0.536,no edge (best LAC -6.5)
2026-09-20,MIA,SF,10.0,11.0,12.3,0.58,0.813,0.89,0.059,CANDIDATE MIA,0.0,2026-09-15T21:36:28+00:00,2026-09-20_MIA_SF,,0.12,13.5,2026-09-20T20:25:00+00:00,13.5,0.044,0.52,0.582,MIA +13.5
2026-09-20,SEA,ARI,-4.0,-1.8,14.6,1.06,0.451,0.35,0.085,CANDIDATE ARI,0.0,2026-09-15T21:36:28+00:00,2026-09-20_SEA_ARI,,0.67,-4.5,2026-09-20T20:25:00+00:00,4.5,0.111,0.21,0.333,ARI -4.5
2026-09-20,WAS,DAL,3.3,3.5,12.3,0.6,0.611,0.66,-0.065,pass,0.0,2026-09-15T21:36:28+00:00,2026-09-20_WAS_DAL,,0.35,4.5,2026-09-20T20:25:00+00:00,4.5,0.016,0.23,0.259,no edge (best WAS -4.5)
2026-09-20,IND,KC,3.3,3.2,14.1,0.39,0.589,0.74,0.117,CANDIDATE IND,0.0,2026-09-15T21:36:28+00:00,2026-09-20_IND_KC,,0.28,6.5,2026-09-21T00:20:00+00:00,6.5,0.098,0.14,0.246,IND -6.5
2026-09-21,NYG,LA,6.7,6.3,13.8,0.53,0.677,0.74,-0.077,pass,0.0,2026-09-15T21:36:28+00:00,2026-09-21_NYG_LA,,0.27,7.0,2026-09-22T00:15:00+00:00,6.5,0.059,0.11,0.176,NYG -6.5
2026-09-17,DET,BUF,3.9,2.4,13.4,0.71,0.572,0.68,0.082,CANDIDATE DET,0.0,2026-09-15T21:48:30+00:00,2026-09-17_DET_BUF,,0.33,4.5,2026-09-18T00:15:00+00:00,4.5,0.091,0.2,0.302,DET -4.5
2026-09-20,CAR,ATL,0.3,-2.9,13.3,1.16,0.414,0.44,-0.043,pass,0.0,2026-09-15T21:48:30+00:00,2026-09-20_CAR_ATL,,0.57,-2.5,2026-09-20T17:00:00+00:00,2.5,0.04,0.6,0.657,CAR +2.5
2026-09-20,CIN,HOU,4.1,5.2,14.2,0.77,0.642,0.6,0.026,pass,0.0,2026-09-15T21:48:30+00:00,2026-09-20_CIN_HOU,,0.42,2.5,2026-09-20T17:00:00+00:00,2.5,0.069,0.62,0.706,HOU +2.5
2026-09-20,CLE,TB,9.4,10.4,11.9,0.41,0.808,0.8,-0.003,pass,0.0,2026-09-15T21:48:30+00:00,2026-09-20_CLE_TB,,0.22,8.5,2026-09-20T17:00:00+00:00,8.5,0.045,0.5,0.562,TB -8.5
2026-09-20,GB,NYJ,-6.9,-4.3,13.6,0.68,0.375,0.36,-0.001,pass,0.0,2026-09-15T21:48:30+00:00,2026-09-20_GB_NYJ,,0.65,-4.5,2026-09-20T17:00:00+00:00,4.5,0.036,0.21,0.258,no edge (best NYJ -4.5)
2026-09-20,MIN,CHI,5.2,5.5,11.6,1.02,0.683,0.68,-0.012,pass,0.0,2026-09-15T21:48:30+00:00,2026-09-20_MIN_CHI,,0.33,5.5,2026-09-20T17:00:00+00:00,5.5,-0.017,0.5,0.501,no edge (best CHI -5.5)
2026-09-20,NO,BAL,8.2,9.1,13.9,0.45,0.742,0.79,-0.059,pass,0.0,2026-09-15T21:48:30+00:00,2026-09-20_NO_BAL,,0.22,8.5,2026-09-20T17:00:00+00:00,8.5,0.009,0.49,0.516,no edge (best BAL -8.5)
2026-09-20,PHI,TEN,-6.7,-4.9,14.6,0.53,0.369,0.24,0.117,CANDIDATE TEN,0.0,2026-09-15T21:48:30+00:00,2026-09-20_PHI_TEN,,0.77,-7.0,2026-09-20T17:00:00+00:00,6.5,0.069,0.14,0.218,TEN -6.5
2026-09-20,PIT,NE,5.6,4.2,11.3,0.95,0.645,0.68,-0.05,pass,0.0,2026-09-15T21:48:30+00:00,2026-09-20_PIT_NE,,0.33,5.5,2026-09-20T17:00:00+00:00,5.5,0.008,0.52,0.545,no edge (best PIT +5.5)
2026-09-20,JAX,DEN,-1.6,-2.0,13.7,0.36,0.443,0.59,0.11,CANDIDATE JAX,0.0,2026-09-15T21:48:30+00:00,2026-09-20_JAX_DEN,,0.43,2.5,2026-09-20T20:05:00+00:00,2.5,0.14,0.47,0.628,JAX +2.5
2026-09-20,LV,LAC,9.8,7.6,11.9,0.43,0.738,0.74,-0.016,pass,0.0,2026-09-15T21:48:30+00:00,2026-09-20_LV_LAC,,0.28,6.5,2026-09-20T20:05:00+00:00,6.5,-0.001,0.52,0.536,no edge (best LAC -6.5)
2026-09-20,MIA,SF,10.0,11.0,12.3,0.58,0.813,0.89,0.059,CANDIDATE MIA,0.0,2026-09-15T21:48:30+00:00,2026-09-20_MIA_SF,,0.12,13.5,2026-09-20T20:25:00+00:00,13.5,0.044,0.52,0.582,MIA +13.5
2026-09-20,SEA,ARI,-4.0,-1.8,14.6,1.06,0.451,0.35,0.085,CANDIDATE ARI,0.0,2026-09-15T21:48:30+00:00,2026-09-20_SEA_ARI,,0.67,-4.5,2026-09-20T20:25:00+00:00,4.5,0.111,0.21,0.333,ARI -4.5
2026-09-20,WAS,DAL,3.3,3.5,12.3,0.6,0.611,0.66,-0.065,pass,0.0,2026-09-15T21:48:30+00:00,2026-09-20_WAS_DAL,,0.35,3.5,2026-09-20T20:25:00+00:00,3.5,0.012,0.26,0.286,no edge (best WAS -3.5)
2026-09-20,IND,KC,3.3,3.2,14.1,0.39,0.589,0.74,0.117,CANDIDATE IND,0.0,2026-09-15T21:48:30+00:00,2026-09-20_IND_KC,,0.28,6.5,2026-09-21T00:20:00+00:00,6.5,0.098,0.14,0.246,IND -6.5
2026-09-21,NYG,LA,6.7,6.3,13.8,0.53,0.677,0.75,-0.086,pass,0.0,2026-09-15T21:48:30+00:00,2026-09-21_NYG_LA,,0.27,7.0,2026-09-22T00:15:00+00:00,6.5,0.059,0.11,0.176,NYG -6.5
2026-09-17,DET,BUF,3.9,2.5,13.4,0.7,0.573,0.68,0.081,CANDIDATE DET,0.0,2026-09-16T07:13:52+00:00,2026-09-17_DET_BUF,,0.33,4.5,2026-09-18T00:15:00+00:00,4.5,0.1,0.19,0.301,DET -4.5
2026-09-20,CAR,ATL,0.3,-3.0,13.3,1.08,0.412,0.44,-0.045,pass,0.0,2026-09-16T07:13:52+00:00,2026-09-20_CAR_ATL,,0.57,-2.5,2026-09-20T17:00:00+00:00,2.5,0.042,0.6,0.659,CAR +2.5
2026-09-20,CIN,HOU,4.1,5.2,14.2,0.88,0.642,0.59,0.035,pass,0.0,2026-09-16T07:13:52+00:00,2026-09-20_CIN_HOU,,0.42,2.5,2026-09-20T17:00:00+00:00,2.5,0.069,0.62,0.705,HOU +2.5
2026-09-20,CLE,TB,9.4,10.3,11.9,0.38,0.808,0.79,0.006,pass,0.0,2026-09-16T07:13:52+00:00,2026-09-20_CLE_TB,,0.22,8.5,2026-09-20T17:00:00+00:00,8.5,0.044,0.5,0.561,TB -8.5
2026-09-20,GB,NYJ,-6.9,-4.3,13.6,0.71,0.375,0.37,-0.011,pass,0.0,2026-09-16T07:13:52+00:00,2026-09-20_GB_NYJ,,0.63,-4.5,2026-09-20T17:00:00+00:00,4.5,0.036,0.21,0.258,no edge (best NYJ -4.5)
2026-09-20,MIN,CHI,5.2,5.5,11.6,0.97,0.681,0.68,-0.014,pass,0.0,2026-09-16T07:13:52+00:00,2026-09-20_MIN_CHI,,0.33,5.5,2026-09-20T17:00:00+00:00,5.5,-0.018,0.18,0.173,no edge (best MIN -5.5)
2026-09-20,NO,BAL,8.2,9.1,13.9,0.45,0.743,0.79,-0.059,pass,0.0,2026-09-16T07:13:52+00:00,2026-09-20_NO_BAL,,0.22,7.5,2026-09-20T17:00:00+00:00,7.5,0.053,0.06,0.117,NO -7.5
2026-09-20,PHI,TEN,-6.7,-4.9,14.6,0.55,0.369,0.25,0.106,CANDIDATE TEN,0.0,2026-09-16T07:13:52+00:00,2026-09-20_PHI_TEN,,0.76,-7.0,2026-09-20T17:00:00+00:00,6.5,0.08,0.13,0.218,TEN -6.5
2026-09-20,PIT,NE,5.6,4.2,11.3,0.95,0.645,0.69,-0.06,pass,0.0,2026-09-16T07:13:52+00:00,2026-09-20_PIT_NE,,0.33,4.5,2026-09-20T17:00:00+00:00,4.5,0.009,0.2,0.22,no edge (best PIT -4.5)
2026-09-20,JAX,DEN,-1.6,-2.0,13.7,0.37,0.442,0.59,0.121,CANDIDATE JAX,0.0,2026-09-16T07:13:52+00:00,2026-09-20_JAX_DEN,,0.42,3.0,2026-09-20T20:05:00+00:00,2.5,0.141,0.47,0.628,JAX +2.5
2026-09-20,LV,LAC,9.8,7.6,11.9,0.43,0.738,0.73,-0.006,pass,0.0,2026-09-16T07:13:52+00:00,2026-09-20_LV_LAC,,0.28,6.5,2026-09-20T20:05:00+00:00,6.5,-0.001,0.52,0.536,no edge (best LAC -6.5)
2026-09-20,MIA,SF,10.0,11.0,12.3,0.57,0.814,0.89,0.059,CANDIDATE MIA,0.0,2026-09-16T07:13:52+00:00,2026-09-20_MIA_SF,,0.12,13.5,2026-09-20T20:25:00+00:00,13.5,0.043,0.52,0.58,MIA +13.5
2026-09-20,SEA,ARI,-4.0,-1.9,14.6,1.04,0.448,0.35,0.083,CANDIDATE ARI,0.0,2026-09-16T07:13:52+00:00,2026-09-20_SEA_ARI,,0.66,-3.5,2026-09-20T20:25:00+00:00,3.5,0.082,0.26,0.356,ARI -3.5
2026-09-20,WAS,DAL,3.3,3.5,12.3,0.58,0.61,0.66,-0.066,pass,0.0,2026-09-16T07:13:52+00:00,2026-09-20_WAS_DAL,,0.35,4.5,2026-09-20T20:25:00+00:00,4.5,0.017,0.23,0.26,no edge (best WAS -4.5)
2026-09-20,IND,KC,3.3,3.2,14.1,0.42,0.59,0.73,0.116,CANDIDATE IND,0.0,2026-09-16T07:13:52+00:00,2026-09-20_IND_KC,,0.28,6.5,2026-09-21T00:20:00+00:00,6.5,0.098,0.14,0.246,IND -6.5
2026-09-21,NYG,LA,6.7,6.3,13.8,0.54,0.676,0.74,0.05,CANDIDATE NYG,0.0,2026-09-16T07:13:52+00:00,2026-09-21_NYG_LA,,0.26,7.0,2026-09-22T00:15:00+00:00,6.5,0.06,0.11,0.176,NYG -6.5
2026-09-24,ATL,GB,5.7,3.2,12.3,1.2,0.603,0.73,0.093,CANDIDATE ATL,0.0,2026-09-16T07:13:52+00:00,2026-09-24_ATL_GB,,0.29,6.5,2026-09-25T00:15:00+00:00,6.5,,,,
2026-09-17,DET,BUF,3.9,2.4,13.4,0.71,0.572,0.68,0.082,CANDIDATE DET,0.0,2026-09-16T19:24:19+00:00,2026-09-17_DET_BUF,,0.33,4.5,2026-09-18T00:15:00+00:00,4.5,0.101,0.19,0.302,DET -4.5
2026-09-20,CAR,ATL,0.3,-2.9,13.3,1.16,0.414,0.44,-0.043,pass,0.0,2026-09-16T19:24:19+00:00,2026-09-20_CAR_ATL,,0.58,-2.5,2026-09-20T17:00:00+00:00,2.5,0.04,0.6,0.657,CAR +2.5
2026-09-20,CIN,HOU,4.1,5.2,14.2,0.77,0.642,0.59,0.036,pass,0.0,2026-09-16T19:24:19+00:00,2026-09-20_CIN_HOU,,0.42,3.0,2026-09-20T17:00:00+00:00,2.5,0.069,0.62,0.706,HOU +2.5
2026-09-20,CLE,TB,9.4,10.4,11.9,0.41,0.808,0.8,-0.003,pass,0.0,2026-09-16T19:24:19+00:00,2026-09-20_CLE_TB,,0.22,8.5,2026-09-20T17:00:00+00:00,8.5,0.045,0.5,0.562,TB -8.5
2026-09-20,GB,NYJ,-6.9,-4.3,13.6,0.68,0.375,0.38,-0.021,pass,0.0,2026-09-16T19:24:19+00:00,2026-09-20_GB_NYJ,,0.63,-3.5,2026-09-20T17:00:00+00:00,3.5,0.026,0.48,0.524,no edge (best GB -3.5)
2026-09-20,MIN,CHI,5.2,5.5,11.6,1.02,0.683,0.66,0.007,pass,0.0,2026-09-16T19:24:19+00:00,2026-09-20_MIN_CHI,,0.35,4.5,2026-09-20T17:00:00+00:00,4.5,0.028,0.49,0.535,no edge (best CHI -4.5)
2026-09-20,NO,BAL,8.2,9.1,13.9,0.45,0.742,0.79,-0.059,pass,0.0,2026-09-16T19:24:19+00:00,2026-09-20_NO_BAL,,0.22,8.5,2026-09-20T17:00:00+00:00,8.5,0.009,0.49,0.516,no edge (best BAL -8.5)
2026-09-20,PHI,TEN,-6.7,-4.9,14.6,0.53,0.369,0.25,0.106,CANDIDATE TEN,0.0,2026-09-16T19:24:19+00:00,2026-09-20_PHI_TEN,,0.76,-7.0,2026-09-20T17:00:00+00:00,6.5,0.08,0.13,0.218,TEN -6.5
2026-09-20,PIT,NE,5.6,4.2,11.3,0.95,0.645,0.69,-0.06,pass,0.0,2026-09-16T19:24:19+00:00,2026-09-20_PIT_NE,,0.33,5.5,2026-09-20T17:00:00+00:00,5.5,0.008,0.52,0.545,no edge (best PIT +5.5)
2026-09-20,JAX,DEN,-1.6,-2.0,13.7,0.36,0.443,0.59,0.12,CANDIDATE JAX,0.0,2026-09-16T19:24:19+00:00,2026-09-20_JAX_DEN,,0.42,2.5,2026-09-20T20:05:00+00:00,2.5,0.14,0.47,0.628,JAX +2.5
2026-09-20,LV,LAC,9.8,7.6,11.9,0.43,0.738,0.73,-0.006,pass,0.0,2026-09-16T19:24:19+00:00,2026-09-20_LV_LAC,,0.28,6.5,2026-09-20T20:05:00+00:00,6.5,-0.001,0.52,0.536,no edge (best LAC -6.5)
2026-09-20,MIA,SF,10.0,11.0,12.3,0.58,0.813,0.9,0.059,CANDIDATE MIA,0.0,2026-09-16T19:24:19+00:00,2026-09-20_MIA_SF,,0.12,13.5,2026-09-20T20:25:00+00:00,13.5,0.044,0.52,0.582,MIA +13.5
2026-09-20,SEA,ARI,-4.0,-1.8,14.6,1.06,0.451,0.35,0.085,CANDIDATE ARI,0.0,2026-09-16T19:24:19+00:00,2026-09-20_SEA_ARI,,0.66,-3.5,2026-09-20T20:25:00+00:00,3.5,0.074,0.27,0.358,ARI -3.5
2026-09-20,WAS,DAL,3.3,3.5,12.3,0.6,0.611,0.66,-0.065,pass,0.0,2026-09-16T19:24:19+00:00,2026-09-20_WAS_DAL,,0.35,4.5,2026-09-20T20:25:00+00:00,4.5,0.037,0.21,0.259,no edge (best WAS -4.5)
2026-09-20,IND,KC,3.3,3.2,14.1,0.39,0.589,0.73,0.117,CANDIDATE IND,0.0,2026-09-16T19:24:19+00:00,2026-09-20_IND_KC,,0.28,6.5,2026-09-21T00:20:00+00:00,6.5,0.098,0.14,0.246,IND -6.5
2026-09-21,NYG,LA,6.7,6.3,13.8,0.53,0.677,0.75,-0.086,pass,0.0,2026-09-16T19:24:19+00:00,2026-09-21_NYG_LA,,0.27,7.0,2026-09-22T00:15:00+00:00,6.5,0.048,0.12,0.176,NYG -6.5
2026-09-24,ATL,GB,5.7,3.2,12.3,1.22,0.603,0.74,0.092,CANDIDATE ATL,0.0,2026-09-16T19:24:19+00:00,2026-09-24_ATL_GB,,0.29,6.5,2026-09-25T00:15:00+00:00,6.5,,,,
2026-09-17,DET,BUF,3.9,2.4,13.4,0.71,0.572,0.68,0.093,CANDIDATE DET,0.0,2026-09-16T21:46:37+00:00,2026-09-17_DET_BUF,,0.32,4.5,2026-09-18T00:15:00+00:00,4.5,0.101,0.19,0.302,DET -4.5
2026-09-20,CAR,ATL,0.3,-2.9,13.3,1.16,0.414,0.44,-0.043,pass,0.0,2026-09-16T21:46:37+00:00,2026-09-20_CAR_ATL,,0.57,-2.5,2026-09-20T17:00:00+00:00,2.5,0.04,0.6,0.657,CAR +2.5
2026-09-20,CIN,HOU,4.1,5.2,14.2,0.77,0.642,0.59,0.036,pass,0.0,2026-09-16T21:46:37+00:00,2026-09-20_CIN_HOU,,0.42,3.0,2026-09-20T17:00:00+00:00,2.5,0.06,0.63,0.706,HOU +2.5
2026-09-20,CLE,TB,9.4,10.4,11.9,0.41,0.808,0.79,0.007,pass,0.0,2026-09-16T21:46:37+00:00,2026-09-20_CLE_TB,,0.22,8.5,2026-09-20T17:00:00+00:00,8.5,0.055,0.49,0.562,TB -8.5
2026-09-20,GB,NYJ,-6.9,-4.3,13.6,0.68,0.375,0.38,-0.021,pass,0.0,2026-09-16T21:46:37+00:00,2026-09-20_GB_NYJ,,0.63,-3.5,2026-09-20T17:00:00+00:00,3.5,0.026,0.48,0.524,no edge (best GB -3.5)
2026-09-20,MIN,CHI,5.2,5.5,11.6,1.02,0.683,0.66,0.007,pass,0.0,2026-09-16T21:46:37+00:00,2026-09-20_MIN_CHI,,0.35,4.5,2026-09-20T17:00:00+00:00,4.5,0.028,0.49,0.535,no edge (best CHI -4.5)
2026-09-20,NO,BAL,8.2,9.1,13.9,0.45,0.742,0.79,-0.059,pass,0.0,2026-09-16T21:46:37+00:00,2026-09-20_NO_BAL,,0.22,8.5,2026-09-20T17:00:00+00:00,8.5,0.009,0.49,0.516,no edge (best BAL -8.5)
2026-09-20,PHI,TEN,-6.7,-4.9,14.6,0.53,0.369,0.25,0.106,CANDIDATE TEN,0.0,2026-09-16T21:46:37+00:00,2026-09-20_PHI_TEN,,0.76,-7.0,2026-09-20T17:00:00+00:00,6.5,0.08,0.13,0.218,TEN -6.5
2026-09-20,PIT,NE,5.6,4.2,11.3,0.95,0.645,0.69,-0.06,pass,0.0,2026-09-16T21:46:37+00:00,2026-09-20_PIT_NE,,0.33,5.5,2026-09-20T17:00:00+00:00,5.5,0.008,0.52,0.545,no edge (best PIT +5.5)
2026-09-20,JAX,DEN,-1.6,-2.0,13.7,0.36,0.443,0.59,0.12,CANDIDATE JAX,0.0,2026-09-16T21:46:37+00:00,2026-09-20_JAX_DEN,,0.42,2.5,2026-09-20T20:05:00+00:00,2.5,0.14,0.47,0.628,JAX +2.5
2026-09-20,LV,LAC,9.8,7.6,11.9,0.43,0.738,0.73,-0.006,pass,0.0,2026-09-16T21:46:37+00:00,2026-09-20_LV_LAC,,0.28,6.5,2026-09-20T20:05:00+00:00,6.5,-0.001,0.52,0.536,no edge (best LAC -6.5)
2026-09-20,MIA,SF,10.0,11.0,12.3,0.58,0.813,0.9,0.059,CANDIDATE MIA,0.0,2026-09-16T21:46:37+00:00,2026-09-20_MIA_SF,,0.12,13.5,2026-09-20T20:25:00+00:00,13.5,0.044,0.52,0.582,MIA +13.5
2026-09-20,SEA,ARI,-4.0,-1.8,14.6,1.06,0.451,0.36,0.075,CANDIDATE ARI,0.0,2026-09-16T21:46:37+00:00,2026-09-20_SEA_ARI,,0.66,-3.5,2026-09-20T20:25:00+00:00,3.5,0.074,0.27,0.358,ARI -3.5
2026-09-20,WAS,DAL,3.3,3.5,12.3,0.6,0.611,0.66,-0.065,pass,0.0,2026-09-16T21:46:37+00:00,2026-09-20_WAS_DAL,,0.35,4.5,2026-09-20T20:25:00+00:00,4.5,0.037,0.21,0.259,no edge (best WAS -4.5)
2026-09-20,IND,KC,3.3,3.2,14.1,0.39,0.589,0.73,0.117,CANDIDATE IND,0.0,2026-09-16T21:46:37+00:00,2026-09-20_IND_KC,,0.28,6.5,2026-09-21T00:20:00+00:00,6.5,0.098,0.14,0.246,IND -6.5
2026-09-21,NYG,LA,6.7,6.3,13.8,0.53,0.677,0.75,0.05,CANDIDATE NYG,0.0,2026-09-16T21:46:37+00:00,2026-09-21_NYG_LA,,0.26,7.0,2026-09-22T00:15:00+00:00,6.5,0.048,0.12,0.176,NYG -6.5
2026-09-24,ATL,GB,5.7,3.2,12.3,1.22,0.603,0.73,0.092,CANDIDATE ATL,0.0,2026-09-16T21:46:37+00:00,2026-09-24_ATL_GB,,0.29,6.5,2026-09-25T00:15:00+00:00,6.5,,,,
2026-09-17,DET,BUF,3.9,2.4,13.4,0.71,0.572,0.68,0.093,CANDIDATE DET,0.0,2026-09-17T07:12:30+00:00,2026-09-17_DET_BUF,,0.32,4.5,2026-09-18T00:15:00+00:00,4.5,0.101,0.19,0.302,DET -4.5
2026-09-20,CAR,ATL,0.3,-2.9,13.3,1.16,0.414,0.44,-0.043,pass,0.0,2026-09-17T07:12:30+00:00,2026-09-20_CAR_ATL,,0.57,-2.5,2026-09-20T17:00:00+00:00,2.5,0.04,0.6,0.657,CAR +2.5
2026-09-20,CIN,HOU,4.1,5.2,14.2,0.77,0.642,0.6,0.026,pass,0.0,2026-09-17T07:12:30+00:00,2026-09-20_CIN_HOU,,0.42,2.5,2026-09-20T17:00:00+00:00,2.5,0.06,0.63,0.706,HOU +2.5
2026-09-20,CLE,TB,9.4,10.4,11.9,0.41,0.808,0.79,0.007,pass,0.0,2026-09-17T07:12:30+00:00,2026-09-20_CLE_TB,,0.22,8.5,2026-09-20T17:00:00+00:00,8.5,0.055,0.49,0.562,TB -8.5
2026-09-20,GB,NYJ,-6.9,-4.3,13.6,0.68,0.375,0.39,-0.031,pass,0.0,2026-09-17T07:12:30+00:00,2026-09-20_GB_NYJ,,0.63,-3.5,2026-09-20T17:00:00+00:00,3.5,0.026,0.48,0.524,no edge (best GB -3.5)
2026-09-20,MIN,CHI,5.2,5.5,11.6,1.02,0.683,0.66,0.007,pass,0.0,2026-09-17T07:12:30+00:00,2026-09-20_MIN_CHI,,0.35,4.5,2026-09-20T17:00:00+00:00,4.5,0.028,0.49,0.535,no edge (best CHI -4.5)
2026-09-20,NO,BAL,8.2,9.1,13.9,0.45,0.742,0.79,-0.059,pass,0.0,2026-09-17T07:12:30+00:00,2026-09-20_NO_BAL,,0.22,8.5,2026-09-20T17:00:00+00:00,8.5,0.009,0.49,0.516,no edge (best BAL -8.5)
2026-09-20,PHI,TEN,-6.7,-4.9,14.6,0.53,0.369,0.25,0.106,CANDIDATE TEN,0.0,2026-09-17T07:12:30+00:00,2026-09-20_PHI_TEN,,0.77,-7.0,2026-09-20T17:00:00+00:00,6.5,0.08,0.13,0.218,TEN -6.5
2026-09-20,PIT,NE,5.6,4.2,11.3,0.95,0.645,0.69,-0.06,pass,0.0,2026-09-17T07:12:30+00:00,2026-09-20_PIT_NE,,0.33,5.5,2026-09-20T17:00:00+00:00,5.5,0.008,0.52,0.545,no edge (best PIT +5.5)
2026-09-20,JAX,DEN,-1.6,-2.0,13.7,0.36,0.443,0.59,0.12,CANDIDATE JAX,0.0,2026-09-17T07:12:30+00:00,2026-09-20_JAX_DEN,,0.42,2.5,2026-09-20T20:05:00+00:00,2.5,0.14,0.47,0.628,JAX +2.5
2026-09-20,LV,LAC,9.8,7.6,11.9,0.43,0.738,0.73,-0.006,pass,0.0,2026-09-17T07:12:30+00:00,2026-09-20_LV_LAC,,0.28,6.5,2026-09-20T20:05:00+00:00,6.5,-0.001,0.52,0.536,no edge (best LAC -6.5)
2026-09-20,MIA,SF,10.0,11.0,12.3,0.58,0.813,0.9,0.059,CANDIDATE MIA,0.0,2026-09-17T07:12:30+00:00,2026-09-20_MIA_SF,,0.12,13.5,2026-09-20T20:25:00+00:00,13.5,0.044,0.52,0.582,MIA +13.5
2026-09-20,SEA,ARI,-4.0,-1.8,14.6,1.06,0.451,0.35,0.085,CANDIDATE ARI,0.0,2026-09-17T07:12:30+00:00,2026-09-20_SEA_ARI,,0.66,-3.5,2026-09-20T20:25:00+00:00,3.5,0.074,0.27,0.358,ARI -3.5
2026-09-20,WAS,DAL,3.3,3.5,12.3,0.6,0.611,0.66,-0.065,pass,0.0,2026-09-17T07:12:30+00:00,2026-09-20_WAS_DAL,,0.36,4.5,2026-09-20T20:25:00+00:00,4.5,0.016,0.23,0.259,no edge (best WAS -4.5)
2026-09-20,IND,KC,3.3,3.2,14.1,0.39,0.589,0.73,0.117,CANDIDATE IND,0.0,2026-09-17T07:12:30+00:00,2026-09-20_IND_KC,,0.28,6.5,2026-09-21T00:20:00+00:00,6.5,0.098,0.14,0.246,IND -6.5
2026-09-21,NYG,LA,6.7,6.3,13.8,0.53,0.677,0.74,-0.077,pass,0.0,2026-09-17T07:12:30+00:00,2026-09-21_NYG_LA,,0.27,7.0,2026-09-22T00:15:00+00:00,6.5,0.028,0.46,0.506,no edge (best NYG +6.5)
2026-09-24,ATL,GB,5.7,3.2,12.3,1.22,0.603,0.74,0.061,CANDIDATE ATL,0.0,2026-09-17T07:12:30+00:00,2026-09-24_ATL_GB,,0.32,6.5,2026-09-25T00:15:00+00:00,6.5,,,,
2026-09-17,DET,BUF,3.9,2.4,13.4,0.71,0.572,0.69,0.093,CANDIDATE DET,0.0,2026-09-17T19:35:11+00:00,2026-09-17_DET_BUF,,0.32,5.5,2026-09-18T00:15:00+00:00,5.5,0.086,0.18,0.277,DET -5.5
2026-09-20,CAR,ATL,0.3,-2.9,13.3,1.16,0.414,0.44,-0.043,pass,0.0,2026-09-17T19:35:11+00:00,2026-09-20_CAR_ATL,,0.57,-2.5,2026-09-20T17:00:00+00:00,2.5,0.04,0.6,0.657,CAR +2.5
2026-09-20,CIN,HOU,4.1,5.2,14.2,0.77,0.642,0.59,0.036,pass,0.0,2026-09-17T19:35:11+00:00,2026-09-20_CIN_HOU,,0.41,2.5,2026-09-20T17:00:00+00:00,2.5,0.06,0.63,0.706,HOU +2.5
2026-09-20,CLE,TB,9.4,10.4,11.9,0.41,0.808,0.8,-0.003,pass,0.0,2026-09-17T19:35:11+00:00,2026-09-20_CLE_TB,,0.22,8.5,2026-09-20T17:00:00+00:00,8.5,0.055,0.49,0.562,TB -8.5
2026-09-20,GB,NYJ,-6.9,-4.3,13.6,0.68,0.375,0.39,-0.031,pass,0.0,2026-09-17T19:35:11+00:00,2026-09-20_GB_NYJ,,0.63,-3.5,2026-09-20T17:00:00+00:00,3.5,0.026,0.48,0.524,no edge (best GB -3.5)
2026-09-20,MIN,CHI,5.2,5.5,11.6,1.02,0.683,0.66,0.007,pass,0.0,2026-09-17T19:35:11+00:00,2026-09-20_MIN_CHI,,0.35,4.5,2026-09-20T17:00:00+00:00,4.5,0.028,0.49,0.535,no edge (best CHI -4.5)
2026-09-20,NO,BAL,8.2,9.1,13.9,0.45,0.742,0.79,-0.059,pass,0.0,2026-09-17T19:35:11+00:00,2026-09-20_NO_BAL,,0.22,8.5,2026-09-20T17:00:00+00:00,8.5,0.009,0.49,0.516,no edge (best BAL -8.5)
2026-09-20,PHI,TEN,-6.7,-4.9,14.6,0.53,0.369,0.25,0.106,CANDIDATE TEN,0.0,2026-09-17T19:35:11+00:00,2026-09-20_PHI_TEN,,0.76,-7.0,2026-09-20T17:00:00+00:00,6.5,0.09,0.12,0.218,TEN -6.5
2026-09-20,PIT,NE,5.6,4.2,11.3,0.95,0.645,0.69,-0.06,pass,0.0,2026-09-17T19:35:11+00:00,2026-09-20_PIT_NE,,0.33,5.5,2026-09-20T17:00:00+00:00,5.5,0.008,0.52,0.545,no edge (best PIT +5.5)
2026-09-20,JAX,DEN,-1.6,-2.0,13.7,0.36,0.443,0.59,0.12,CANDIDATE JAX,0.0,2026-09-17T19:35:11+00:00,2026-09-20_JAX_DEN,,0.42,2.5,2026-09-20T20:05:00+00:00,2.5,0.14,0.47,0.628,JAX +2.5
2026-09-20,LV,LAC,9.8,7.6,11.9,0.43,0.738,0.73,-0.006,pass,0.0,2026-09-17T19:35:11+00:00,2026-09-20_LV_LAC,,0.28,6.5,2026-09-20T20:05:00+00:00,6.5,0.009,0.51,0.536,no edge (best LAC -6.5)
2026-09-20,MIA,SF,10.0,11.0,12.3,0.58,0.813,0.9,0.07,CANDIDATE MIA,0.0,2026-09-17T19:35:11+00:00,2026-09-20_MIA_SF,,0.11,13.5,2026-09-20T20:25:00+00:00,13.5,0.044,0.52,0.582,MIA +13.5
2026-09-20,SEA,ARI,-4.0,-1.8,14.6,1.06,0.451,0.36,0.075,CANDIDATE ARI,0.0,2026-09-17T19:35:11+00:00,2026-09-20_SEA_ARI,,0.66,-3.5,2026-09-20T20:25:00+00:00,3.5,0.074,0.27,0.358,ARI -3.5
2026-09-20,WAS,DAL,3.3,3.5,12.3,0.6,0.611,0.66,-0.065,pass,0.0,2026-09-17T19:35:11+00:00,2026-09-20_WAS_DAL,,0.35,4.5,2026-09-20T20:25:00+00:00,4.5,0.016,0.23,0.259,no edge (best WAS -4.5)
2026-09-20,IND,KC,3.3,3.2,14.1,0.39,0.589,0.74,0.117,CANDIDATE IND,0.0,2026-09-17T19:35:11+00:00,2026-09-20_IND_KC,,0.28,6.5,2026-09-21T00:20:00+00:00,6.5,0.098,0.14,0.246,IND -6.5
2026-09-21,NYG,LA,6.7,6.3,13.8,0.53,0.677,0.75,0.05,CANDIDATE NYG,0.0,2026-09-17T19:35:11+00:00,2026-09-21_NYG_LA,,0.26,7.0,2026-09-22T00:15:00+00:00,6.5,0.048,0.12,0.176,NYG -6.5
2026-09-24,ATL,GB,5.7,3.2,12.3,1.22,0.603,0.74,0.092,CANDIDATE ATL,0.0,2026-09-17T19:35:11+00:00,2026-09-24_ATL_GB,,0.29,6.5,2026-09-25T00:15:00+00:00,6.5,,,,
2026-09-17,DET,BUF,3.9,2.4,13.4,0.71,0.572,0.7,0.103,CANDIDATE DET,0.0,2026-09-17T21:49:27+00:00,2026-09-17_DET_BUF,,0.31,5.5,2026-09-18T00:15:00+00:00,5.5,0.086,0.18,0.277,DET -5.5
2026-09-20,CAR,ATL,0.3,-2.9,13.3,1.16,0.414,0.44,-0.043,pass,0.0,2026-09-17T21:49:27+00:00,2026-09-20_CAR_ATL,,0.57,-2.5,2026-09-20T17:00:00+00:00,2.5,0.04,0.6,0.657,CAR +2.5
2026-09-20,CIN,HOU,4.1,5.2,14.2,0.77,0.642,0.59,0.036,pass,0.0,2026-09-17T21:49:27+00:00,2026-09-20_CIN_HOU,,0.41,2.5,2026-09-20T17:00:00+00:00,2.5,0.06,0.63,0.706,HOU +2.5
2026-09-20,CLE,TB,9.4,10.4,11.9,0.41,0.808,0.8,-0.003,pass,0.0,2026-09-17T21:49:27+00:00,2026-09-20_CLE_TB,,0.22,8.5,2026-09-20T17:00:00+00:00,8.5,0.055,0.49,0.562,TB -8.5
2026-09-20,GB,NYJ,-6.9,-4.3,13.6,0.68,0.375,0.39,-0.031,pass,0.0,2026-09-17T21:49:27+00:00,2026-09-20_GB_NYJ,,0.63,-3.5,2026-09-20T17:00:00+00:00,3.5,0.026,0.48,0.524,no edge (best GB -3.5)
2026-09-20,MIN,CHI,5.2,5.5,11.6,1.02,0.683,0.66,0.007,pass,0.0,2026-09-17T21:49:27+00:00,2026-09-20_MIN_CHI,,0.35,4.5,2026-09-20T17:00:00+00:00,4.5,0.028,0.49,0.535,no edge (best CHI -4.5)
2026-09-20,NO,BAL,8.2,9.1,13.9,0.45,0.742,0.79,-0.059,pass,0.0,2026-09-17T21:49:27+00:00,2026-09-20_NO_BAL,,0.22,7.5,2026-09-20T17:00:00+00:00,7.5,0.032,0.08,0.117,no edge (best NO -7.5)
2026-09-20,PHI,TEN,-6.7,-4.9,14.6,0.53,0.369,0.25,0.106,CANDIDATE TEN,0.0,2026-09-17T21:49:27+00:00,2026-09-20_PHI_TEN,,0.76,-7.0,2026-09-20T17:00:00+00:00,6.5,0.09,0.12,0.218,TEN -6.5
2026-09-20,PIT,NE,5.6,4.2,11.3,0.95,0.645,0.69,-0.06,pass,0.0,2026-09-17T21:49:27+00:00,2026-09-20_PIT_NE,,0.33,5.5,2026-09-20T17:00:00+00:00,5.5,0.008,0.52,0.545,no edge (best PIT +5.5)
2026-09-20,JAX,DEN,-1.6,-2.0,13.7,0.36,0.443,0.59,0.12,CANDIDATE JAX,0.0,2026-09-17T21:49:27+00:00,2026-09-20_JAX_DEN,,0.42,2.5,2026-09-20T20:05:00+00:00,2.5,0.13,0.48,0.628,JAX +2.5
2026-09-20,LV,LAC,9.8,7.6,11.9,0.43,0.738,0.73,-0.006,pass,0.0,2026-09-17T21:49:27+00:00,2026-09-20_LV_LAC,,0.28,6.5,2026-09-20T20:05:00+00:00,6.5,0.009,0.51,0.536,no edge (best LAC -6.5)
2026-09-20,MIA,SF,10.0,11.0,12.3,0.58,0.813,0.9,0.07,CANDIDATE MIA,0.0,2026-09-17T21:49:27+00:00,2026-09-20_MIA_SF,,0.11,13.5,2026-09-20T20:25:00+00:00,13.5,0.044,0.52,0.582,MIA +13.5
2026-09-20,SEA,ARI,-4.0,-1.8,14.6,1.06,0.451,0.35,0.085,CANDIDATE ARI,0.0,2026-09-17T21:49:27+00:00,2026-09-20_SEA_ARI,,0.66,-3.5,2026-09-20T20:25:00+00:00,3.5,0.074,0.27,0.358,ARI -3.5
2026-09-20,WAS,DAL,3.3,3.5,12.3,0.6,0.611,0.66,-0.065,pass,0.0,2026-09-17T21:49:27+00:00,2026-09-20_WAS_DAL,,0.35,4.5,2026-09-20T20:25:00+00:00,4.5,0.016,0.23,0.259,no edge (best WAS -4.5)
2026-09-20,IND,KC,3.3,3.2,14.1,0.39,0.589,0.74,0.117,CANDIDATE IND,0.0,2026-09-17T21:49:27+00:00,2026-09-20_IND_KC,,0.28,6.5,2026-09-21T00:20:00+00:00,6.5,0.098,0.14,0.246,IND -6.5
2026-09-21,NYG,LA,6.7,6.3,13.8,0.53,0.677,0.75,0.05,CANDIDATE NYG,0.0,2026-09-17T21:49:27+00:00,2026-09-21_NYG_LA,,0.26,7.0,2026-09-22T00:15:00+00:00,6.5,0.048,0.12,0.176,NYG -6.5
2026-09-24,ATL,GB,5.7,3.2,12.3,1.22,0.603,0.74,0.092,CANDIDATE ATL,0.0,2026-09-17T21:49:27+00:00,2026-09-24_ATL_GB,,0.29,6.5,2026-09-25T00:15:00+00:00,6.5,,,,
2026-09-20,CAR,ATL,0.3,-2.9,13.2,0.76,0.413,0.44,-0.044,pass,0.0,2026-09-18T07:03:36+00:00,2026-09-20_CAR_ATL,,0.57,-2.5,2026-09-20T17:00:00+00:00,2.5,0.042,0.6,0.658,CAR +2.5
2026-09-20,CIN,HOU,4.2,4.8,14.2,0.93,0.634,0.59,0.027,pass,0.0,2026-09-18T07:03:36+00:00,2026-09-20_CIN_HOU,,0.42,2.5,2026-09-20T17:00:00+00:00,2.5,0.052,0.63,0.698,HOU +2.5
2026-09-20,CLE,TB,9.4,10.3,11.8,0.44,0.809,0.79,0.007,pass,0.0,2026-09-18T07:03:36+00:00,2026-09-20_CLE_TB,,0.22,8.5,2026-09-20T17:00:00+00:00,8.5,0.053,0.49,0.561,TB -8.5
2026-09-20,GB,NYJ,-6.9,-4.3,13.7,0.71,0.376,0.39,-0.031,pass,0.0,2026-09-18T07:03:36+00:00,2026-09-20_GB_NYJ,,0.63,-3.5,2026-09-20T17:00:00+00:00,3.5,0.026,0.48,0.524,no edge (best GB -3.5)
2026-09-20,MIN,CHI,5.2,5.6,11.7,0.63,0.684,0.66,0.008,pass,0.0,2026-09-18T07:03:36+00:00,2026-09-20_MIN_CHI,,0.35,4.5,2026-09-20T17:00:00+00:00,4.5,0.029,0.49,0.537,no edge (best CHI -4.5)
2026-09-20,NO,BAL,8.3,9.2,13.9,0.43,0.747,0.79,-0.055,pass,0.0,2026-09-18T07:03:36+00:00,2026-09-20_NO_BAL,,0.22,7.5,2026-09-20T17:00:00+00:00,7.5,0.029,0.08,0.114,no edge (best NO -7.5)
2026-09-20,PHI,TEN,-6.7,-4.7,14.9,0.55,0.377,0.25,0.113,CANDIDATE TEN,0.0,2026-09-18T07:03:36+00:00,2026-09-20_PHI_TEN,,0.76,-7.0,2026-09-20T17:00:00+00:00,6.5,0.099,0.12,0.226,TEN -6.5
2026-09-20,PIT,NE,5.6,3.7,11.1,0.44,0.631,0.69,-0.074,pass,0.0,2026-09-18T07:03:36+00:00,2026-09-20_PIT_NE,,0.32,5.5,2026-09-20T17:00:00+00:00,5.5,0.037,0.51,0.565,no edge (best PIT +5.5)
2026-09-20,JAX,DEN,-1.5,-1.9,13.8,0.39,0.445,0.59,0.117,CANDIDATE JAX,0.0,2026-09-18T07:03:36+00:00,2026-09-20_JAX_DEN,,0.42,2.5,2026-09-20T20:05:00+00:00,2.5,0.127,0.48,0.625,JAX +2.5
2026-09-20,LV,LAC,9.8,7.4,11.8,0.35,0.736,0.73,-0.008,pass,0.0,2026-09-18T07:03:36+00:00,2026-09-20_LV_LAC,,0.28,6.5,2026-09-20T20:05:00+00:00,6.5,0.004,0.51,0.532,no edge (best LAC -6.5)
2026-09-20,MIA,SF,10.0,11.0,12.3,0.52,0.815,0.9,0.068,CANDIDATE MIA,0.0,2026-09-18T07:03:36+00:00,2026-09-20_MIA_SF,,0.11,13.5,2026-09-20T20:25:00+00:00,13.5,0.043,0.52,0.58,MIA +13.5
2026-09-20,SEA,ARI,-4.0,-1.5,15.0,0.73,0.46,0.35,0.094,CANDIDATE ARI,0.0,2026-09-18T07:03:36+00:00,2026-09-20_SEA_ARI,,0.66,-3.5,2026-09-20T20:25:00+00:00,3.5,0.086,0.27,0.37,ARI -3.5
2026-09-20,WAS,DAL,3.3,3.5,12.3,0.19,0.612,0.66,-0.064,pass,0.0,2026-09-18T07:03:36+00:00,2026-09-20_WAS_DAL,,0.35,3.5,2026-09-20T20:25:00+00:00,3.5,0.022,0.25,0.285,no edge (best WAS -3.5)
2026-09-20,IND,KC,3.3,3.5,14.1,0.26,0.598,0.73,0.108,CANDIDATE IND,0.0,2026-09-18T07:03:36+00:00,2026-09-20_IND_KC,,0.28,6.5,2026-09-21T00:20:00+00:00,6.5,0.101,0.13,0.239,IND -6.5
2026-09-21,NYG,LA,6.7,6.5,13.9,0.42,0.679,0.75,0.047,CANDIDATE NYG,0.0,2026-09-18T07:03:36+00:00,2026-09-21_NYG_LA,,0.26,7.0,2026-09-22T00:15:00+00:00,6.5,0.048,0.12,0.175,NYG -6.5
2026-09-24,ATL,GB,5.8,3.1,12.2,1.19,0.601,0.73,0.095,CANDIDATE ATL,0.0,2026-09-18T07:03:36+00:00,2026-09-24_ATL_GB,,0.29,6.5,2026-09-25T00:15:00+00:00,6.5,0.082,0.51,0.609,ATL +6.5
2026-09-20,CAR,ATL,0.3,-2.9,13.2,0.76,0.413,0.43,-0.034,pass,0.0,2026-09-18T18:55:16+00:00,2026-09-20_CAR_ATL,,0.57,-2.5,2026-09-20T17:00:00+00:00,2.5,0.032,0.61,0.659,no edge (best CAR +2.5)
2026-09-20,CIN,HOU,4.2,4.9,14.2,0.93,0.634,0.59,0.027,pass,0.0,2026-09-18T18:55:16+00:00,2026-09-20_CIN_HOU,,0.42,2.5,2026-09-20T17:00:00+00:00,2.5,0.052,0.63,0.699,HOU +2.5
2026-09-20,CLE,TB,9.4,10.3,11.8,0.46,0.809,0.79,0.007,pass,0.0,2026-09-18T18:55:16+00:00,2026-09-20_CLE_TB,,0.22,8.5,2026-09-20T17:00:00+00:00,8.5,0.054,0.49,0.561,TB -8.5
2026-09-20,GB,NYJ,-6.9,-4.3,13.7,0.7,0.376,0.39,-0.03,pass,0.0,2026-09-18T18:55:16+00:00,2026-09-20_GB_NYJ,,0.62,-3.5,2026-09-20T17:00:00+00:00,3.5,0.026,0.48,0.523,no edge (best GB -3.5)
2026-09-20,MIN,CHI,5.2,5.5,11.6,0.62,0.682,0.66,0.007,pass,0.0,2026-09-18T18:55:16+00:00,2026-09-20_MIN_CHI,,0.35,4.5,2026-09-20T17:00:00+00:00,4.5,0.018,0.5,0.535,no edge (best CHI -4.5)
2026-09-20,NO,BAL,8.3,9.2,13.9,0.43,0.747,0.79,-0.055,pass,0.0,2026-09-18T18:55:16+00:00,2026-09-20_NO_BAL,,0.22,8.5,2026-09-20T17:00:00+00:00,8.5,0.014,0.49,0.521,no edge (best BAL -8.5)
2026-09-20,PHI,TEN,-6.7,-4.7,14.9,0.57,0.377,0.25,0.114,CANDIDATE TEN,0.0,2026-09-18T18:55:16+00:00,2026-09-20_PHI_TEN,,0.76,-7.0,2026-09-20T17:00:00+00:00,6.5,0.099,0.12,0.227,TEN -6.5
2026-09-20,PIT,NE,5.6,3.7,11.1,0.44,0.631,0.69,-0.074,pass,0.0,2026-09-18T18:55:16+00:00,2026-09-20_PIT_NE,,0.32,5.5,2026-09-20T17:00:00+00:00,5.5,0.037,0.51,0.564,no edge (best PIT +5.5)
2026-09-20,JAX,DEN,-1.5,-1.9,13.8,0.39,0.445,0.59,0.118,CANDIDATE JAX,0.0,2026-09-18T18:55:16+00:00,2026-09-20_JAX_DEN,,0.42,2.5,2026-09-20T20:05:00+00:00,2.5,0.127,0.48,0.625,JAX +2.5
2026-09-20,LV,LAC,9.8,7.4,11.8,0.37,0.736,0.73,-0.008,pass,0.0,2026-09-18T18:55:16+00:00,2026-09-20_LV_LAC,,0.28,6.5,2026-09-20T20:05:00+00:00,6.5,0.004,0.51,0.531,no edge (best LAC -6.5)
2026-09-20,MIA,SF,10.0,11.0,12.3,0.52,0.815,0.9,0.068,CANDIDATE MIA,0.0,2026-09-18T18:55:16+00:00,2026-09-20_MIA_SF,,0.11,12.5,2026-09-20T20:25:00+00:00,12.5,0.051,0.48,0.548,MIA +12.5
2026-09-20,SEA,ARI,-4.0,-1.5,15.0,0.74,0.461,0.35,0.095,CANDIDATE ARI,0.0,2026-09-18T18:55:16+00:00,2026-09-20_SEA_ARI,,0.66,-3.5,2026-09-20T20:25:00+00:00,3.5,0.086,0.27,0.37,ARI -3.5
2026-09-20,WAS,DAL,3.3,3.5,12.3,0.18,0.611,0.66,-0.064,pass,0.0,2026-09-18T18:55:16+00:00,2026-09-20_WAS_DAL,,0.35,4.5,2026-09-20T20:25:00+00:00,4.5,0.016,0.23,0.259,no edge (best WAS -4.5)
2026-09-20,IND,KC,3.3,3.5,14.1,0.28,0.599,0.73,0.107,CANDIDATE IND,0.0,2026-09-18T18:55:16+00:00,2026-09-20_IND_KC,,0.28,6.5,2026-09-21T00:20:00+00:00,6.5,0.101,0.13,0.239,IND -6.5
2026-09-21,NYG,LA,6.7,6.5,13.9,0.41,0.679,0.75,0.047,CANDIDATE NYG,0.0,2026-09-18T18:55:16+00:00,2026-09-21_NYG_LA,,0.26,7.0,2026-09-22T00:15:00+00:00,6.5,0.037,0.13,0.175,no edge (best NYG -6.5)
2026-09-24,ATL,GB,5.8,3.1,12.2,1.24,0.6,0.73,0.096,CANDIDATE ATL,0.0,2026-09-18T18:55:16+00:00,2026-09-24_ATL_GB,,0.29,6.5,2026-09-25T00:15:00+00:00,6.5,0.093,0.5,0.611,ATL +6.5
2026-09-20,CAR,ATL,0.3,-2.9,13.2,0.76,0.413,0.43,-0.034,pass,0.0,2026-09-18T21:18:19+00:00,2026-09-20_CAR_ATL,,0.57,-2.5,2026-09-20T17:00:00+00:00,2.5,0.032,0.61,0.659,no edge (best CAR +2.5)
2026-09-20,CIN,HOU,4.2,4.9,14.2,0.93,0.634,0.59,0.027,pass,0.0,2026-09-18T21:18:19+00:00,2026-09-20_CIN_HOU,,0.42,2.5,2026-09-20T17:00:00+00:00,2.5,0.052,0.63,0.699,HOU +2.5
2026-09-20,CLE,TB,9.4,10.3,11.8,0.46,0.809,0.79,0.007,pass,0.0,2026-09-18T21:18:19+00:00,2026-09-20_CLE_TB,,0.22,8.5,2026-09-20T17:00:00+00:00,8.5,0.054,0.49,0.561,TB -8.5
2026-09-20,GB,NYJ,-6.9,-4.3,13.7,0.7,0.376,0.39,-0.03,pass,0.0,2026-09-18T21:18:19+00:00,2026-09-20_GB_NYJ,,0.62,-3.5,2026-09-20T17:00:00+00:00,3.5,0.026,0.48,0.523,no edge (best GB -3.5)
2026-09-20,MIN,CHI,4.4,5.0,11.9,0.59,0.662,0.67,-0.024,pass,0.0,2026-09-18T21:18:19+00:00,2026-09-20_MIN_CHI,,0.34,4.5,2026-09-20T17:00:00+00:00,4.5,-0.002,0.5,0.516,no edge (best CHI -4.5)
2026-09-20,NO,BAL,8.3,9.2,13.9,0.43,0.747,0.79,-0.055,pass,0.0,2026-09-18T21:18:19+00:00,2026-09-20_NO_BAL,,0.22,8.5,2026-09-20T17:00:00+00:00,8.5,0.014,0.49,0.521,no edge (best BAL -8.5)
2026-09-20,PHI,TEN,-6.7,-4.7,14.9,0.57,0.377,0.25,0.114,CANDIDATE TEN,0.0,2026-09-18T21:18:19+00:00,2026-09-20_PHI_TEN,,0.76,-7.0,2026-09-20T17:00:00+00:00,6.5,0.099,0.12,0.227,TEN -6.5
2026-09-20,PIT,NE,5.6,3.7,11.1,0.44,0.631,0.69,-0.074,pass,0.0,2026-09-18T21:18:19+00:00,2026-09-20_PIT_NE,,0.32,5.5,2026-09-20T17:00:00+00:00,5.5,0.037,0.51,0.564,no edge (best PIT +5.5)
2026-09-20,JAX,DEN,-1.5,-1.9,13.8,0.39,0.445,0.59,0.118,CANDIDATE JAX,0.0,2026-09-18T21:18:19+00:00,2026-09-20_JAX_DEN,,0.42,2.5,2026-09-20T20:05:00+00:00,2.5,0.127,0.48,0.625,JAX +2.5
2026-09-20,LV,LAC,9.8,7.4,11.8,0.37,0.736,0.73,-0.008,pass,0.0,2026-09-18T21:18:19+00:00,2026-09-20_LV_LAC,,0.28,6.5,2026-09-20T20:05:00+00:00,6.5,0.004,0.51,0.531,no edge (best LAC -6.5)
2026-09-20,MIA,SF,10.0,11.0,12.3,0.52,0.815,0.9,0.068,CANDIDATE MIA,0.0,2026-09-18T21:18:19+00:00,2026-09-20_MIA_SF,,0.11,13.5,2026-09-20T20:25:00+00:00,13.5,0.043,0.52,0.58,MIA +13.5
2026-09-20,SEA,ARI,-4.0,-1.5,15.0,0.74,0.461,0.35,0.095,CANDIDATE ARI,0.0,2026-09-18T21:18:19+00:00,2026-09-20_SEA_ARI,,0.66,-3.5,2026-09-20T20:25:00+00:00,3.5,0.086,0.27,0.37,ARI -3.5
2026-09-20,WAS,DAL,3.3,3.5,12.3,0.18,0.611,0.66,-0.064,pass,0.0,2026-09-18T21:18:19+00:00,2026-09-20_WAS_DAL,,0.35,4.5,2026-09-20T20:25:00+00:00,4.5,0.016,0.23,0.259,no edge (best WAS -4.5)
2026-09-20,IND,KC,3.3,3.5,14.1,0.28,0.599,0.73,0.107,CANDIDATE IND,0.0,2026-09-18T21:18:19+00:00,2026-09-20_IND_KC,,0.28,6.5,2026-09-21T00:20:00+00:00,6.5,0.101,0.13,0.239,IND -6.5
2026-09-21,NYG,LA,6.7,6.5,13.9,0.41,0.679,0.75,0.047,CANDIDATE NYG,0.0,2026-09-18T21:18:19+00:00,2026-09-21_NYG_LA,,0.26,7.0,2026-09-22T00:15:00+00:00,6.5,0.037,0.13,0.175,no edge (best NYG -6.5)
2026-09-24,ATL,GB,6.0,3.2,12.1,1.28,0.604,0.73,0.081,CANDIDATE ATL,0.0,2026-09-18T21:18:19+00:00,2026-09-24_ATL_GB,,0.3,6.5,2026-09-25T00:15:00+00:00,6.5,0.091,0.5,0.608,ATL +6.5
2026-09-20,CAR,ATL,0.3,-2.9,13.2,0.76,0.413,0.43,-0.034,pass,0.0,2026-09-19T07:02:07+00:00,2026-09-20_CAR_ATL,,0.58,-2.5,2026-09-20T17:00:00+00:00,2.5,0.003,0.64,0.659,no edge (best CAR +2.5)
2026-09-20,CIN,HOU,4.2,4.9,14.2,0.93,0.634,0.59,0.027,pass,0.0,2026-09-19T07:02:07+00:00,2026-09-20_CIN_HOU,,0.42,2.5,2026-09-20T17:00:00+00:00,2.5,0.062,0.62,0.699,HOU +2.5
2026-09-20,CLE,TB,9.4,10.3,11.8,0.46,0.809,0.79,0.007,pass,0.0,2026-09-19T07:02:07+00:00,2026-09-20_CLE_TB,,0.22,8.5,2026-09-20T17:00:00+00:00,8.5,0.054,0.49,0.561,TB -8.5
2026-09-20,GB,NYJ,-6.9,-4.3,13.7,0.7,0.376,0.39,-0.03,pass,0.0,2026-09-19T07:02:07+00:00,2026-09-20_GB_NYJ,,0.62,-3.5,2026-09-20T17:00:00+00:00,3.5,0.026,0.48,0.523,no edge (best GB -3.5)
2026-09-20,MIN,CHI,4.4,5.0,11.9,0.59,0.662,0.67,-0.024,pass,0.0,2026-09-19T07:02:07+00:00,2026-09-20_MIN_CHI,,0.34,4.5,2026-09-20T17:00:00+00:00,4.5,-0.002,0.5,0.516,no edge (best CHI -4.5)
2026-09-20,NO,BAL,8.3,9.2,13.9,0.43,0.747,0.79,-0.055,pass,0.0,2026-09-19T07:02:07+00:00,2026-09-20_NO_BAL,,0.22,8.5,2026-09-20T17:00:00+00:00,8.5,0.014,0.49,0.521,no edge (best BAL -8.5)
2026-09-20,PHI,TEN,-6.7,-4.7,14.9,0.57,0.377,0.25,0.114,CANDIDATE TEN,0.0,2026-09-19T07:02:07+00:00,2026-09-20_PHI_TEN,,0.76,-7.0,2026-09-20T17:00:00+00:00,6.5,0.099,0.12,0.227,TEN -6.5
2026-09-20,PIT,NE,5.6,3.7,11.1,0.44,0.631,0.69,-0.074,pass,0.0,2026-09-19T07:02:07+00:00,2026-09-20_PIT_NE,,0.32,5.5,2026-09-20T17:00:00+00:00,5.5,0.027,0.52,0.564,no edge (best PIT +5.5)
2026-09-20,JAX,DEN,-1.5,-1.9,13.8,0.39,0.445,0.59,0.118,CANDIDATE JAX,0.0,2026-09-19T07:02:07+00:00,2026-09-20_JAX_DEN,,0.42,2.5,2026-09-20T20:05:00+00:00,2.5,0.127,0.48,0.625,JAX +2.5
2026-09-20,LV,LAC,9.8,7.4,11.8,0.37,0.736,0.73,-0.008,pass,0.0,2026-09-19T07:02:07+00:00,2026-09-20_LV_LAC,,0.28,6.5,2026-09-20T20:05:00+00:00,6.5,0.004,0.51,0.531,no edge (best LAC -6.5)
2026-09-20,MIA,SF,10.0,11.0,12.3,0.52,0.815,0.9,0.068,CANDIDATE MIA,0.0,2026-09-19T07:02:07+00:00,2026-09-20_MIA_SF,,0.11,13.5,2026-09-20T20:25:00+00:00,13.5,0.043,0.52,0.58,MIA +13.5
2026-09-20,SEA,ARI,-4.0,-1.5,15.0,0.74,0.461,0.35,0.095,CANDIDATE ARI,0.0,2026-09-19T07:02:07+00:00,2026-09-20_SEA_ARI,,0.66,-3.5,2026-09-20T20:25:00+00:00,3.5,0.086,0.27,0.37,ARI -3.5
2026-09-20,WAS,DAL,3.3,3.5,12.3,0.18,0.611,0.66,-0.064,pass,0.0,2026-09-19T07:02:07+00:00,2026-09-20_WAS_DAL,,0.35,3.5,2026-09-20T20:25:00+00:00,3.5,0.022,0.25,0.286,no edge (best WAS -3.5)
2026-09-20,IND,KC,3.3,3.5,14.1,0.28,0.599,0.73,0.107,CANDIDATE IND,0.0,2026-09-19T07:02:07+00:00,2026-09-20_IND_KC,,0.28,6.5,2026-09-21T00:20:00+00:00,6.5,0.09,0.14,0.239,IND -6.5
2026-09-21,NYG,LA,6.7,6.5,13.9,0.41,0.679,0.75,0.047,CANDIDATE NYG,0.0,2026-09-19T07:02:07+00:00,2026-09-21_NYG_LA,,0.26,7.0,2026-09-22T00:15:00+00:00,6.5,0.037,0.13,0.175,no edge (best NYG -6.5)
2026-09-24,ATL,GB,6.0,3.2,12.1,1.28,0.604,0.73,0.081,CANDIDATE ATL,0.0,2026-09-19T07:02:07+00:00,2026-09-24_ATL_GB,,0.3,6.5,2026-09-25T00:15:00+00:00,6.5,0.091,0.5,0.608,ATL +6.5
2026-09-27,CAR,CLE,-2.9,0.5,14.3,0.57,0.515,0.43,0.067,CANDIDATE CLE,0.0,2026-09-19T07:02:07+00:00,2026-09-27_CAR_CLE,,0.6,-2.5,2026-09-27T17:00:00+00:00,2.5,,,,
2026-09-27,CIN,PIT,3.4,2.0,13.2,0.84,0.56,0.47,0.073,CANDIDATE PIT,0.0,2026-09-19T07:02:07+00:00,2026-09-27_CIN_PIT,,0.56,-2.5,2026-09-27T17:00:00+00:00,2.5,,,,
2026-09-27,HOU,IND,-0.9,0.2,14.0,0.52,0.507,0.44,0.049,CANDIDATE IND,0.0,2026-09-19T07:02:07+00:00,2026-09-27_HOU_IND,,0.58,-2.5,2026-09-27T17:00:00+00:00,2.5,,,,
2026-09-27,KC,MIA,-5.6,-6.0,12.2,0.37,0.313,0.17,0.133,CANDIDATE MIA,0.0,2026-09-19T07:02:07+00:00,2026-09-27_KC_MIA,,0.84,-8.5,2026-09-27T17:00:00+00:00,8.5,,,,
2026-09-27,LAC,BUF,6.8,7.1,12.7,0.29,0.713,0.69,0.008,pass,0.0,2026-09-19T07:02:07+00:00,2026-09-27_LAC_BUF,,0.33,4.5,2026-09-27T17:00:00+00:00,4.5,,,,
2026-09-27,NE,JAX,1.1,0.7,13.6,0.7,0.522,0.55,-0.045,pass,0.0,2026-09-19T07:02:07+00:00,2026-09-27_NE_JAX,,0.47,2.5,2026-09-27T17:00:00+00:00,2.5,,,,
2026-09-27,NYJ,DET,11.6,10.5,12.6,0.93,0.796,0.76,0.023,pass,0.0,2026-09-19T07:02:07+00:00,2026-09-27_NYJ_DET,,0.26,7.5,2026-09-27T17:00:00+00:00,7.5,,,,
2026-09-27,SEA,WAS,-4.2,-5.7,13.6,0.64,0.338,0.47,0.094,CANDIDATE SEA,0.0,2026-09-19T07:02:07+00:00,2026-09-27_SEA_WAS,,0.55,-2.5,2026-09-27T17:00:00+00:00,2.5,,,,
2026-09-27,TEN,NYG,5.0,5.0,15.2,0.44,0.628,0.72,0.047,CANDIDATE TEN,0.0,2026-09-19T07:02:07+00:00,2026-09-27_TEN_NYG,,0.31,5.5,2026-09-27T17:00:00+00:00,5.5,,,,
2026-09-27,ARI,SF,6.1,3.0,13.7,0.42,0.586,0.83,0.202,CANDIDATE ARI,0.0,2026-09-19T07:02:07+00:00,2026-09-27_ARI_SF,,0.2,8.5,2026-09-27T20:05:00+00:00,8.5,,,,
2026-09-27,MIN,TB,2.6,-1.4,12.2,1.29,0.456,0.54,-0.102,pass,0.0,2026-09-19T07:02:07+00:00,2026-09-27_MIN_TB,,0.5,1.5,2026-09-27T20:05:00+00:00,1.5,,,,
2026-09-27,BAL,DAL,-4.9,-5.9,13.2,0.58,0.326,0.4,-0.09,pass,0.0,2026-09-19T07:02:07+00:00,2026-09-27_BAL_DAL,,0.63,-3.0,2026-09-27T20:25:00+00:00,2.5,,,,
2026-09-27,LV,NO,6.8,3.4,13.4,1.1,0.6,0.62,-0.037,pass,0.0,2026-09-19T07:02:07+00:00,2026-09-27_LV_NO,,0.41,3.0,2026-09-27T20:25:00+00:00,2.5,,,,
2026-09-27,LA,DEN,-1.3,-3.1,12.7,0.67,0.403,0.46,-0.075,pass,0.0,2026-09-19T07:02:07+00:00,2026-09-27_LA_DEN,,0.56,-2.5,2026-09-28T00:20:00+00:00,2.5,,,,
2026-09-20,CAR,ATL,0.3,-2.9,13.2,0.76,0.413,0.43,-0.034,pass,0.0,2026-09-19T18:27:22+00:00,2026-09-20_CAR_ATL,,0.58,-2.5,2026-09-20T17:00:00+00:00,2.5,0.003,0.64,0.659,no edge (best CAR +2.5)
2026-09-20,CIN,HOU,4.2,4.9,14.2,0.93,0.634,0.59,0.027,pass,0.0,2026-09-19T18:27:22+00:00,2026-09-20_CIN_HOU,,0.42,2.5,2026-09-20T17:00:00+00:00,2.5,0.062,0.62,0.699,HOU +2.5
2026-09-20,CLE,TB,9.4,10.3,11.8,0.46,0.809,0.79,0.007,pass,0.0,2026-09-19T18:27:22+00:00,2026-09-20_CLE_TB,,0.22,8.5,2026-09-20T17:00:00+00:00,8.5,0.054,0.49,0.561,TB -8.5
2026-09-20,GB,NYJ,-6.9,-4.3,13.7,0.7,0.376,0.39,-0.03,pass,0.0,2026-09-19T18:27:22+00:00,2026-09-20_GB_NYJ,,0.62,-3.5,2026-09-20T17:00:00+00:00,3.5,0.026,0.48,0.523,no edge (best GB -3.5)
2026-09-20,MIN,CHI,4.4,5.0,11.9,0.59,0.662,0.67,-0.024,pass,0.0,2026-09-19T18:27:22+00:00,2026-09-20_MIN_CHI,,0.34,4.5,2026-09-20T17:00:00+00:00,4.5,-0.002,0.5,0.516,no edge (best CHI -4.5)
2026-09-20,NO,BAL,8.3,9.2,13.9,0.43,0.747,0.79,-0.055,pass,0.0,2026-09-19T18:27:22+00:00,2026-09-20_NO_BAL,,0.22,8.5,2026-09-20T17:00:00+00:00,8.5,0.014,0.49,0.521,no edge (best BAL -8.5)
2026-09-20,PHI,TEN,-6.7,-4.7,14.9,0.57,0.377,0.25,0.114,CANDIDATE TEN,0.0,2026-09-19T18:27:22+00:00,2026-09-20_PHI_TEN,,0.76,-7.0,2026-09-20T17:00:00+00:00,6.5,0.099,0.12,0.227,TEN -6.5
2026-09-20,PIT,NE,5.6,3.7,11.1,0.44,0.631,0.69,-0.074,pass,0.0,2026-09-19T18:27:22+00:00,2026-09-20_PIT_NE,,0.32,5.5,2026-09-20T17:00:00+00:00,5.5,0.027,0.52,0.564,no edge (best PIT +5.5)
2026-09-20,JAX,DEN,-1.5,-1.9,13.8,0.39,0.445,0.59,0.118,CANDIDATE JAX,0.0,2026-09-19T18:27:22+00:00,2026-09-20_JAX_DEN,,0.42,2.5,2026-09-20T20:05:00+00:00,2.5,0.127,0.48,0.625,JAX +2.5
2026-09-20,LV,LAC,9.8,7.4,11.8,0.37,0.736,0.73,-0.008,pass,0.0,2026-09-19T18:27:22+00:00,2026-09-20_LV_LAC,,0.28,6.5,2026-09-20T20:05:00+00:00,6.5,0.004,0.51,0.531,no edge (best LAC -6.5)
2026-09-20,MIA,SF,10.0,11.0,12.3,0.52,0.815,0.9,0.068,CANDIDATE MIA,0.0,2026-09-19T18:27:22+00:00,2026-09-20_MIA_SF,,0.11,13.5,2026-09-20T20:25:00+00:00,13.5,0.043,0.52,0.58,MIA +13.5
2026-09-20,SEA,ARI,-4.0,-1.5,15.0,0.74,0.461,0.35,0.095,CANDIDATE ARI,0.0,2026-09-19T18:27:22+00:00,2026-09-20_SEA_ARI,,0.66,-3.5,2026-09-20T20:25:00+00:00,3.5,0.086,0.27,0.37,ARI -3.5
2026-09-20,WAS,DAL,3.3,3.5,12.3,0.18,0.611,0.66,-0.064,pass,0.0,2026-09-19T18:27:22+00:00,2026-09-20_WAS_DAL,,0.35,3.5,2026-09-20T20:25:00+00:00,3.5,0.012,0.26,0.286,no edge (best WAS -3.5)
2026-09-20,IND,KC,3.3,3.5,14.1,0.28,0.599,0.73,0.107,CANDIDATE IND,0.0,2026-09-19T18:27:22+00:00,2026-09-20_IND_KC,,0.28,6.0,2026-09-21T00:20:00+00:00,5.5,0.092,0.16,0.261,IND -5.5
2026-09-21,NYG,LA,6.7,6.5,13.9,0.41,0.679,0.75,0.047,CANDIDATE NYG,0.0,2026-09-19T18:27:22+00:00,2026-09-21_NYG_LA,,0.26,7.0,2026-09-22T00:15:00+00:00,6.5,0.034,0.45,0.501,no edge (best NYG +6.5)
2026-09-24,ATL,GB,6.0,3.2,12.1,1.28,0.604,0.73,0.092,CANDIDATE ATL,0.0,2026-09-19T18:27:22+00:00,2026-09-24_ATL_GB,,0.29,6.5,2026-09-25T00:15:00+00:00,6.5,0.091,0.5,0.608,ATL +6.5
2026-09-27,CAR,CLE,-2.9,0.5,14.3,0.57,0.515,0.43,0.067,CANDIDATE CLE,0.0,2026-09-19T18:27:22+00:00,2026-09-27_CAR_CLE,,0.59,-2.5,2026-09-27T17:00:00+00:00,2.5,,,,
2026-09-27,CIN,PIT,3.4,2.0,13.2,0.84,0.56,0.47,0.073,CANDIDATE PIT,0.0,2026-09-19T18:27:22+00:00,2026-09-27_CIN_PIT,,0.56,-2.5,2026-09-27T17:00:00+00:00,2.5,,,,
2026-09-27,HOU,IND,-0.9,0.2,14.0,0.52,0.507,0.45,0.039,pass,0.0,2026-09-19T18:27:22+00:00,2026-09-27_HOU_IND,,0.58,-2.5,2026-09-27T17:00:00+00:00,2.5,,,,
2026-09-27,KC,MIA,-5.6,-6.0,12.2,0.37,0.313,0.18,0.123,CANDIDATE MIA,0.0,2026-09-19T18:27:22+00:00,2026-09-27_KC_MIA,,0.84,-8.5,2026-09-27T17:00:00+00:00,8.5,,,,
2026-09-27,LAC,BUF,6.8,7.1,12.7,0.29,0.713,0.73,-0.031,pass,0.0,2026-09-19T18:27:22+00:00,2026-09-27_LAC_BUF,,0.31,4.5,2026-09-27T17:00:00+00:00,4.5,,,,
2026-09-27,NE,JAX,1.1,0.7,13.6,0.7,0.522,0.56,-0.055,pass,0.0,2026-09-19T18:27:22+00:00,2026-09-27_NE_JAX,,0.47,2.5,2026-09-27T17:00:00+00:00,2.5,,,,
2026-09-27,NYJ,DET,11.6,10.5,12.6,0.93,0.796,0.76,0.023,pass,0.0,2026-09-19T18:27:22+00:00,2026-09-27_NYJ_DET,,0.26,7.5,2026-09-27T17:00:00+00:00,7.5,,,,
2026-09-27,SEA,WAS,-4.2,-5.7,13.6,0.64,0.338,0.47,0.094,CANDIDATE SEA,0.0,2026-09-19T18:27:22+00:00,2026-09-27_SEA_WAS,,0.55,-2.5,2026-09-27T17:00:00+00:00,2.5,,,,
2026-09-27,TEN,NYG,5.0,5.0,15.2,0.44,0.628,0.72,0.047,CANDIDATE TEN,0.0,2026-09-19T18:27:22+00:00,2026-09-27_TEN_NYG,,0.31,5.5,2026-09-27T17:00:00+00:00,5.5,,,,
2026-09-27,ARI,SF,6.1,3.0,13.7,0.42,0.586,0.81,0.202,CANDIDATE ARI,0.0,2026-09-19T18:27:22+00:00,2026-09-27_ARI_SF,,0.2,8.5,2026-09-27T20:05:00+00:00,8.5,,,,
2026-09-27,MIN,TB,2.6,-1.4,12.2,1.29,0.456,0.53,-0.092,pass,0.0,2026-09-19T18:27:22+00:00,2026-09-27_MIN_TB,,0.49,1.5,2026-09-27T20:05:00+00:00,1.5,,,,
2026-09-27,BAL,DAL,-4.9,-5.9,13.2,0.58,0.326,0.41,-0.1,pass,0.0,2026-09-19T18:27:22+00:00,2026-09-27_BAL_DAL,,0.62,-3.0,2026-09-27T20:25:00+00:00,2.5,,,,
2026-09-27,LV,NO,6.8,3.4,13.4,1.1,0.6,0.62,-0.037,pass,0.0,2026-09-19T18:27:22+00:00,2026-09-27_LV_NO,,0.41,3.0,2026-09-27T20:25:00+00:00,2.5,,,,
2026-09-27,LA,DEN,-1.3,-3.1,12.7,0.67,0.403,0.46,-0.075,pass,0.0,2026-09-19T18:27:22+00:00,2026-09-27_LA_DEN,,0.56,-2.5,2026-09-28T00:20:00+00:00,2.5,,,,
2026-09-20,CAR,ATL,0.3,-2.9,13.2,0.76,0.413,0.43,-0.034,pass,0.0,2026-09-19T21:08:38+00:00,2026-09-20_CAR_ATL,,0.58,-2.5,2026-09-20T17:00:00+00:00,2.5,0.012,0.63,0.659,no edge (best CAR +2.5)
2026-09-20,CIN,HOU,4.2,4.9,14.2,0.93,0.634,0.59,0.027,pass,0.0,2026-09-19T21:08:38+00:00,2026-09-20_CIN_HOU,,0.42,2.5,2026-09-20T17:00:00+00:00,2.5,0.062,0.62,0.699,HOU +2.5
2026-09-20,CLE,TB,9.4,10.3,11.8,0.46,0.809,0.79,0.007,pass,0.0,2026-09-19T21:08:38+00:00,2026-09-20_CLE_TB,,0.22,8.5,2026-09-20T17:00:00+00:00,8.5,0.054,0.49,0.561,TB -8.5
2026-09-20,GB,NYJ,-6.9,-4.3,13.7,0.7,0.376,0.39,-0.03,pass,0.0,2026-09-19T21:08:38+00:00,2026-09-20_GB_NYJ,,0.62,-3.5,2026-09-20T17:00:00+00:00,3.5,0.026,0.48,0.523,no edge (best GB -3.5)
2026-09-20,MIN,CHI,4.4,5.0,11.9,0.59,0.662,0.67,-0.024,pass,0.0,2026-09-19T21:08:38+00:00,2026-09-20_MIN_CHI,,0.34,4.5,2026-09-20T17:00:00+00:00,4.5,-0.002,0.5,0.516,no edge (best CHI -4.5)
2026-09-20,NO,BAL,8.3,9.2,13.9,0.43,0.747,0.79,-0.055,pass,0.0,2026-09-19T21:08:38+00:00,2026-09-20_NO_BAL,,0.22,8.5,2026-09-20T17:00:00+00:00,8.5,0.014,0.49,0.521,no edge (best BAL -8.5)
2026-09-20,PHI,TEN,-6.7,-4.7,14.9,0.57,0.377,0.25,0.114,CANDIDATE TEN,0.0,2026-09-19T21:08:38+00:00,2026-09-20_PHI_TEN,,0.76,-7.0,2026-09-20T17:00:00+00:00,6.5,0.099,0.12,0.227,TEN -6.5
2026-09-20,PIT,NE,5.6,3.7,11.1,0.44,0.631,0.69,-0.074,pass,0.0,2026-09-19T21:08:38+00:00,2026-09-20_PIT_NE,,0.32,5.5,2026-09-20T17:00:00+00:00,5.5,0.027,0.52,0.564,no edge (best PIT +5.5)
2026-09-20,JAX,DEN,-1.5,-1.9,13.8,0.39,0.445,0.59,0.118,CANDIDATE JAX,0.0,2026-09-19T21:08:38+00:00,2026-09-20_JAX_DEN,,0.42,2.5,2026-09-20T20:05:00+00:00,2.5,0.127,0.48,0.625,JAX +2.5
2026-09-20,LV,LAC,9.8,7.4,11.8,0.37,0.736,0.73,-0.008,pass,0.0,2026-09-19T21:08:38+00:00,2026-09-20_LV_LAC,,0.28,6.5,2026-09-20T20:05:00+00:00,6.5,0.004,0.51,0.531,no edge (best LAC -6.5)
2026-09-20,MIA,SF,10.0,11.0,12.3,0.52,0.815,0.9,0.068,CANDIDATE MIA,0.0,2026-09-19T21:08:38+00:00,2026-09-20_MIA_SF,,0.11,13.5,2026-09-20T20:25:00+00:00,13.5,0.043,0.52,0.58,MIA +13.5
2026-09-20,SEA,ARI,-4.0,-1.5,15.0,0.74,0.461,0.35,0.095,CANDIDATE ARI,0.0,2026-09-19T21:08:38+00:00,2026-09-20_SEA_ARI,,0.66,-3.5,2026-09-20T20:25:00+00:00,3.5,0.086,0.27,0.37,ARI -3.5
2026-09-20,WAS,DAL,3.3,3.5,12.3,0.18,0.611,0.66,-0.064,pass,0.0,2026-09-19T21:08:38+00:00,2026-09-20_WAS_DAL,,0.35,3.5,2026-09-20T20:25:00+00:00,3.5,0.012,0.26,0.286,no edge (best WAS -3.5)
2026-09-20,IND,KC,3.3,3.5,14.1,0.28,0.599,0.73,0.097,CANDIDATE IND,0.0,2026-09-19T21:08:38+00:00,2026-09-20_IND_KC,,0.29,6.0,2026-09-21T00:20:00+00:00,5.5,0.092,0.16,0.261,IND -5.5
2026-09-21,NYG,LA,6.7,6.5,13.9,0.41,0.679,0.75,0.047,CANDIDATE NYG,0.0,2026-09-19T21:08:38+00:00,2026-09-21_NYG_LA,,0.26,7.0,2026-09-22T00:15:00+00:00,6.5,0.048,0.12,0.175,NYG -6.5
2026-09-24,ATL,GB,6.0,3.2,12.1,1.28,0.604,0.73,0.092,CANDIDATE ATL,0.0,2026-09-19T21:08:38+00:00,2026-09-24_ATL_GB,,0.29,6.5,2026-09-25T00:15:00+00:00,6.5,0.091,0.5,0.608,ATL +6.5
2026-09-27,CAR,CLE,-2.9,0.5,14.3,0.57,0.515,0.42,0.078,CANDIDATE CLE,0.0,2026-09-19T21:08:38+00:00,2026-09-27_CAR_CLE,,0.59,-2.5,2026-09-27T17:00:00+00:00,2.5,,,,
2026-09-27,CIN,PIT,3.4,2.0,13.2,0.84,0.56,0.46,0.083,CANDIDATE PIT,0.0,2026-09-19T21:08:38+00:00,2026-09-27_CIN_PIT,,0.56,-2.5,2026-09-27T17:00:00+00:00,2.5,,,,
2026-09-27,HOU,IND,-0.9,0.2,14.0,0.52,0.507,0.44,0.049,CANDIDATE IND,0.0,2026-09-19T21:08:38+00:00,2026-09-27_HOU_IND,,0.58,-2.5,2026-09-27T17:00:00+00:00,2.5,,,,
2026-09-27,KC,MIA,-5.6,-6.0,12.2,0.37,0.313,0.18,0.123,CANDIDATE MIA,0.0,2026-09-19T21:08:38+00:00,2026-09-27_KC_MIA,,0.84,-8.5,2026-09-27T17:00:00+00:00,8.5,,,,
2026-09-27,LAC,BUF,6.8,7.1,12.7,0.29,0.713,0.71,-0.012,pass,0.0,2026-09-19T21:08:38+00:00,2026-09-27_LAC_BUF,,0.31,4.5,2026-09-27T17:00:00+00:00,4.5,,,,
2026-09-27,NE,JAX,1.1,0.7,13.6,0.7,0.522,0.55,-0.045,pass,0.0,2026-09-19T21:08:38+00:00,2026-09-27_NE_JAX,,0.46,2.5,2026-09-27T17:00:00+00:00,2.5,,,,
2026-09-27,NYJ,DET,11.6,10.5,12.6,0.93,0.796,0.76,0.023,pass,0.0,2026-09-19T21:08:38+00:00,2026-09-27_NYJ_DET,,0.26,7.5,2026-09-27T17:00:00+00:00,7.5,,,,
2026-09-27,SEA,WAS,-4.2,-5.7,13.6,0.64,0.338,0.46,0.094,CANDIDATE SEA,0.0,2026-09-19T21:08:38+00:00,2026-09-27_SEA_WAS,,0.55,-2.5,2026-09-27T17:00:00+00:00,2.5,,,,
2026-09-27,TEN,NYG,5.0,5.0,15.2,0.44,0.628,0.71,0.047,CANDIDATE TEN,0.0,2026-09-19T21:08:38+00:00,2026-09-27_TEN_NYG,,0.31,5.5,2026-09-27T17:00:00+00:00,5.5,,,,
2026-09-27,ARI,SF,6.1,3.0,13.7,0.42,0.586,0.81,0.202,CANDIDATE ARI,0.0,2026-09-19T21:08:38+00:00,2026-09-27_ARI_SF,,0.2,8.5,2026-09-27T20:05:00+00:00,8.5,,,,
2026-09-27,MIN,TB,2.6,-1.4,12.2,1.29,0.456,0.54,-0.102,pass,0.0,2026-09-19T21:08:38+00:00,2026-09-27_MIN_TB,,0.49,1.5,2026-09-27T20:05:00+00:00,1.5,,,,
2026-09-27,BAL,DAL,-4.9,-5.9,13.2,0.58,0.326,0.41,-0.1,pass,0.0,2026-09-19T21:08:38+00:00,2026-09-27_BAL_DAL,,0.62,-3.0,2026-09-27T20:25:00+00:00,2.5,,,,
2026-09-27,LV,NO,6.8,3.4,13.4,1.1,0.6,0.62,-0.037,pass,0.0,2026-09-19T21:08:38+00:00,2026-09-27_LV_NO,,0.41,3.0,2026-09-27T20:25:00+00:00,2.5,,,,
2026-09-27,LA,DEN,-1.3,-3.1,12.7,0.67,0.403,0.46,-0.075,pass,0.0,2026-09-19T21:08:38+00:00,2026-09-27_LA_DEN,,0.57,-2.5,2026-09-28T00:20:00+00:00,2.5,,,,
2026-09-20,CAR,ATL,0.3,-2.9,13.2,0.76,0.413,0.43,-0.034,pass,0.0,2026-09-20T07:27:58+00:00,2026-09-20_CAR_ATL,,0.58,-2.5,2026-09-20T17:00:00+00:00,2.5,0.003,0.64,0.659,no edge (best CAR +2.5)
2026-09-20,CIN,HOU,4.2,4.9,14.2,0.93,0.634,0.59,0.027,pass,0.0,2026-09-20T07:27:58+00:00,2026-09-20_CIN_HOU,,0.42,2.5,2026-09-20T17:00:00+00:00,2.5,0.062,0.62,0.699,HOU +2.5
2026-09-20,CLE,TB,9.4,10.3,11.8,0.46,0.809,0.79,0.007,pass,0.0,2026-09-20T07:27:58+00:00,2026-09-20_CLE_TB,,0.22,7.5,2026-09-20T17:00:00+00:00,7.5,0.067,0.51,0.594,TB -7.5
2026-09-20,GB,NYJ,-6.9,-4.3,13.7,0.7,0.376,0.39,-0.03,pass,0.0,2026-09-20T07:27:58+00:00,2026-09-20_GB_NYJ,,0.62,-3.5,2026-09-20T17:00:00+00:00,3.5,0.036,0.47,0.523,no edge (best GB -3.5)
2026-09-20,MIN,CHI,4.4,5.0,11.9,0.59,0.662,0.66,-0.014,pass,0.0,2026-09-20T07:27:58+00:00,2026-09-20_MIN_CHI,,0.34,4.5,2026-09-20T17:00:00+00:00,4.5,-0.002,0.5,0.516,no edge (best CHI -4.5)
2026-09-20,NO,BAL,8.3,9.2,13.9,0.43,0.747,0.79,-0.055,pass,0.0,2026-09-20T07:27:58+00:00,2026-09-20_NO_BAL,,0.22,8.5,2026-09-20T17:00:00+00:00,8.5,0.014,0.49,0.521,no edge (best BAL -8.5)
2026-09-20,PHI,TEN,-6.7,-4.7,14.9,0.57,0.377,0.25,0.114,CANDIDATE TEN,0.0,2026-09-20T07:27:58+00:00,2026-09-20_PHI_TEN,,0.76,-7.0,2026-09-20T17:00:00+00:00,6.5,0.099,0.12,0.227,TEN -6.5
2026-09-20,PIT,NE,5.6,3.7,11.1,0.44,0.631,0.69,-0.074,pass,0.0,2026-09-20T07:27:58+00:00,2026-09-20_PIT_NE,,0.32,5.5,2026-09-20T17:00:00+00:00,5.5,0.027,0.52,0.564,no edge (best PIT +5.5)
2026-09-20,JAX,DEN,-1.5,-1.9,13.8,0.39,0.445,0.59,0.118,CANDIDATE JAX,0.0,2026-09-20T07:27:58+00:00,2026-09-20_JAX_DEN,,0.42,3.0,2026-09-20T20:05:00+00:00,2.5,0.127,0.48,0.625,JAX +2.5
2026-09-20,LV,LAC,9.8,7.4,11.8,0.37,0.736,0.73,-0.008,pass,0.0,2026-09-20T07:27:58+00:00,2026-09-20_LV_LAC,,0.28,7.0,2026-09-20T20:05:00+00:00,6.5,0.004,0.51,0.531,no edge (best LAC -6.5)
2026-09-20,MIA,SF,10.0,11.0,12.3,0.52,0.815,0.9,0.068,CANDIDATE MIA,0.0,2026-09-20T07:27:58+00:00,2026-09-20_MIA_SF,,0.11,13.5,2026-09-20T20:25:00+00:00,13.5,0.043,0.52,0.58,MIA +13.5
2026-09-20,SEA,ARI,-4.0,-1.5,15.0,0.74,0.461,0.35,0.095,CANDIDATE ARI,0.0,2026-09-20T07:27:58+00:00,2026-09-20_SEA_ARI,,0.66,-3.5,2026-09-20T20:25:00+00:00,3.5,0.086,0.27,0.37,ARI -3.5
2026-09-20,WAS,DAL,3.3,3.5,12.3,0.18,0.611,0.66,-0.064,pass,0.0,2026-09-20T07:27:58+00:00,2026-09-20_WAS_DAL,,0.35,3.5,2026-09-20T20:25:00+00:00,3.5,0.022,0.25,0.286,no edge (best WAS -3.5)
2026-09-20,IND,KC,3.3,3.5,14.1,0.28,0.599,0.72,0.097,CANDIDATE IND,0.0,2026-09-20T07:27:58+00:00,2026-09-20_IND_KC,,0.29,6.0,2026-09-21T00:20:00+00:00,5.5,0.092,0.16,0.261,IND -5.5
2026-09-21,NYG,LA,6.7,6.5,13.9,0.41,0.679,0.74,-0.074,pass,0.0,2026-09-20T07:27:58+00:00,2026-09-21_NYG_LA,,0.27,7.0,2026-09-22T00:15:00+00:00,6.5,0.048,0.12,0.175,NYG -6.5
2026-09-24,ATL,GB,6.0,3.2,12.1,1.28,0.604,0.73,0.102,CANDIDATE ATL,0.0,2026-09-20T07:27:58+00:00,2026-09-24_ATL_GB,,0.28,6.5,2026-09-25T00:15:00+00:00,6.5,0.091,0.5,0.608,ATL +6.5
2026-09-27,CAR,CLE,-2.9,0.5,14.3,0.57,0.515,0.43,0.067,CANDIDATE CLE,0.0,2026-09-20T07:27:58+00:00,2026-09-27_CAR_CLE,,0.59,-2.5,2026-09-27T17:00:00+00:00,2.5,,,,
2026-09-27,CIN,PIT,3.4,2.0,13.2,0.84,0.56,0.46,0.083,CANDIDATE PIT,0.0,2026-09-20T07:27:58+00:00,2026-09-27_CIN_PIT,,0.56,-2.5,2026-09-27T17:00:00+00:00,2.5,,,,
2026-09-27,HOU,IND,-0.9,0.2,14.0,0.52,0.507,0.44,0.049,CANDIDATE IND,0.0,2026-09-20T07:27:58+00:00,2026-09-27_HOU_IND,,0.57,-2.5,2026-09-27T17:00:00+00:00,2.5,,,,
2026-09-27,KC,MIA,-5.6,-6.0,12.2,0.37,0.313,0.18,0.123,CANDIDATE MIA,0.0,2026-09-20T07:27:58+00:00,2026-09-27_KC_MIA,,0.84,-8.5,2026-09-27T17:00:00+00:00,8.5,,,,
2026-09-27,LAC,BUF,6.8,7.1,12.7,0.29,0.713,0.71,-0.012,pass,0.0,2026-09-20T07:27:58+00:00,2026-09-27_LAC_BUF,,0.31,4.5,2026-09-27T17:00:00+00:00,4.5,,,,
2026-09-27,NE,JAX,1.1,0.7,13.6,0.7,0.522,0.55,-0.045,pass,0.0,2026-09-20T07:27:58+00:00,2026-09-27_NE_JAX,,0.45,2.5,2026-09-27T17:00:00+00:00,2.5,,,,
2026-09-27,NYJ,DET,11.6,10.5,12.6,0.93,0.796,0.77,0.014,pass,0.0,2026-09-20T07:27:58+00:00,2026-09-27_NYJ_DET,,0.24,7.5,2026-09-27T17:00:00+00:00,7.5,,,,
2026-09-27,SEA,WAS,-4.2,-5.7,13.6,0.64,0.338,0.46,0.094,CANDIDATE SEA,0.0,2026-09-20T07:27:58+00:00,2026-09-27_SEA_WAS,,0.55,-2.5,2026-09-27T17:00:00+00:00,2.5,,,,
2026-09-27,TEN,NYG,5.0,5.0,15.2,0.44,0.628,0.72,0.057,CANDIDATE TEN,0.0,2026-09-20T07:27:58+00:00,2026-09-27_TEN_NYG,,0.3,5.5,2026-09-27T17:00:00+00:00,5.5,,,,
2026-09-27,ARI,SF,6.1,3.0,13.7,0.42,0.586,0.82,0.213,CANDIDATE ARI,0.0,2026-09-20T07:27:58+00:00,2026-09-27_ARI_SF,,0.19,8.5,2026-09-27T20:05:00+00:00,8.5,,,,
2026-09-27,MIN,TB,2.6,-1.4,12.2,1.29,0.456,0.53,-0.092,pass,0.0,2026-09-20T07:27:58+00:00,2026-09-27_MIN_TB,,0.49,1.5,2026-09-27T20:05:00+00:00,1.5,,,,
2026-09-27,BAL,DAL,-4.9,-5.9,13.2,0.58,0.326,0.4,0.047,CANDIDATE BAL,0.0,2026-09-20T07:27:58+00:00,2026-09-27_BAL_DAL,,0.61,-3.0,2026-09-27T20:25:00+00:00,2.5,,,,
2026-09-27,LV,NO,6.8,3.4,13.4,1.1,0.6,0.6,-0.017,pass,0.0,2026-09-20T07:27:58+00:00,2026-09-27_LV_NO,,0.4,3.0,2026-09-27T20:25:00+00:00,2.5,,,,
2026-09-27,LA,DEN,-1.3,-3.1,12.7,0.67,0.403,0.45,-0.065,pass,0.0,2026-09-20T07:27:58+00:00,2026-09-27_LA_DEN,,0.56,-2.5,2026-09-28T00:20:00+00:00,2.5,,,,
2026-09-28,PHI,CHI,0.9,0.1,13.3,0.54,0.504,0.52,-0.034,pass,0.0,2026-09-20T07:27:58+00:00,2026-09-28_PHI_CHI,,0.48,1.5,2026-09-29T00:15:00+00:00,1.5,,,,
2026-09-20,JAX,DEN,-1.5,-1.9,13.8,0.39,0.445,0.57,0.097,CANDIDATE JAX,0.0,2026-09-20T18:31:18+00:00,2026-09-20_JAX_DEN,,0.44,2.5,2026-09-20T20:05:00+00:00,2.5,0.127,0.48,0.625,JAX +2.5
2026-09-20,LV,LAC,9.8,7.4,11.8,0.37,0.736,0.74,-0.018,pass,0.0,2026-09-20T18:31:18+00:00,2026-09-20_LV_LAC,,0.27,7.0,2026-09-20T20:05:00+00:00,6.5,-0.006,0.88,0.881,no edge (best LAC +6.5)
2026-09-20,MIA,SF,10.0,11.0,12.3,0.52,0.815,0.9,0.068,CANDIDATE MIA,0.0,2026-09-20T18:31:18+00:00,2026-09-20_MIA_SF,,0.11,13.5,2026-09-20T20:25:00+00:00,13.5,0.053,0.51,0.58,MIA +13.5
2026-09-20,SEA,ARI,-4.0,-1.5,15.0,0.74,0.461,0.35,0.095,CANDIDATE ARI,0.0,2026-09-20T18:31:18+00:00,2026-09-20_SEA_ARI,,0.66,-3.5,2026-09-20T20:25:00+00:00,3.5,0.086,0.27,0.37,ARI -3.5
2026-09-20,WAS,DAL,3.3,3.5,12.3,0.18,0.611,0.66,-0.064,pass,0.0,2026-09-20T18:31:18+00:00,2026-09-20_WAS_DAL,,0.35,4.5,2026-09-20T20:25:00+00:00,4.5,0.027,0.22,0.259,no edge (best WAS -4.5)
2026-09-20,IND,KC,3.3,3.5,14.1,0.28,0.599,0.72,0.097,CANDIDATE IND,0.0,2026-09-20T18:31:18+00:00,2026-09-20_IND_KC,,0.29,6.0,2026-09-21T00:20:00+00:00,5.5,0.092,0.16,0.261,IND -5.5
2026-09-21,NYG,LA,6.7,6.5,13.9,0.41,0.679,0.74,-0.074,pass,0.0,2026-09-20T18:31:18+00:00,2026-09-21_NYG_LA,,0.27,6.5,2026-09-22T00:15:00+00:00,6.5,0.037,0.13,0.175,no edge (best NYG -6.5)
2026-09-24,ATL,GB,6.0,3.2,12.1,1.28,0.604,0.75,0.092,CANDIDATE ATL,0.0,2026-09-20T18:31:18+00:00,2026-09-24_ATL_GB,,0.29,,2026-09-25T00:15:00+00:00,,,,,
2026-09-27,CAR,CLE,-2.9,0.5,14.3,0.57,0.515,0.42,0.078,CANDIDATE CLE,0.0,2026-09-20T18:31:18+00:00,2026-09-27_CAR_CLE,,0.6,,2026-09-27T17:00:00+00:00,,,,,
2026-09-27,CIN,PIT,3.4,2.0,13.2,0.84,0.56,0.47,0.073,CANDIDATE PIT,0.0,2026-09-20T18:31:18+00:00,2026-09-27_CIN_PIT,,0.56,,2026-09-27T17:00:00+00:00,,,,,
2026-09-27,HOU,IND,-0.9,0.2,14.0,0.52,0.507,0.45,0.039,pass,0.0,2026-09-20T18:31:18+00:00,2026-09-27_HOU_IND,,0.6,,2026-09-27T17:00:00+00:00,,,,,
2026-09-27,KC,MIA,-5.6,-6.0,12.2,0.37,0.313,0.18,0.123,CANDIDATE MIA,0.0,2026-09-20T18:31:18+00:00,2026-09-27_KC_MIA,,0.83,,2026-09-27T17:00:00+00:00,,,,,
2026-09-27,LAC,BUF,6.8,7.1,12.7,0.29,0.713,0.73,-0.031,pass,0.0,2026-09-20T18:31:18+00:00,2026-09-27_LAC_BUF,,0.29,,2026-09-27T17:00:00+00:00,,,,,
2026-09-27,NE,JAX,1.1,0.7,13.6,0.7,0.522,0.55,-0.045,pass,0.0,2026-09-20T18:31:18+00:00,2026-09-27_NE_JAX,,0.47,,2026-09-27T17:00:00+00:00,,,,,
2026-09-27,NYJ,DET,11.6,10.5,12.6,0.93,0.796,0.75,0.033,pass,0.0,2026-09-20T18:31:18+00:00,2026-09-27_NYJ_DET,,0.26,,2026-09-27T17:00:00+00:00,,,,,
2026-09-27,SEA,WAS,-4.2,-5.7,13.6,0.64,0.338,0.44,0.074,CANDIDATE SEA,0.0,2026-09-20T18:31:18+00:00,2026-09-27_SEA_WAS,,0.57,,2026-09-27T17:00:00+00:00,,,,,
2026-09-27,TEN,NYG,5.0,5.0,15.2,0.44,0.628,0.72,0.057,CANDIDATE TEN,0.0,2026-09-20T18:31:18+00:00,2026-09-27_TEN_NYG,,0.3,,2026-09-27T17:00:00+00:00,,,,,
2026-09-27,ARI,SF,6.1,3.0,13.7,0.42,0.586,0.82,0.182,CANDIDATE ARI,0.0,2026-09-20T18:31:18+00:00,2026-09-27_ARI_SF,,0.22,,2026-09-27T20:05:00+00:00,,,,,
2026-09-27,MIN,TB,2.6,-1.4,12.2,1.29,0.456,0.54,-0.102,pass,0.0,2026-09-20T18:31:18+00:00,2026-09-27_MIN_TB,,0.5,,2026-09-27T20:05:00+00:00,,,,,
2026-09-27,BAL,DAL,-4.9,-5.9,13.2,0.58,0.326,0.4,-0.09,pass,0.0,2026-09-20T18:31:18+00:00,2026-09-27_BAL_DAL,,0.67,,2026-09-27T20:25:00+00:00,,,,,
2026-09-27,LV,NO,6.8,3.4,13.4,1.1,0.6,0.62,-0.037,pass,0.0,2026-09-20T18:31:18+00:00,2026-09-27_LV_NO,,0.42,,2026-09-27T20:25:00+00:00,,,,,
2026-09-27,LA,DEN,-1.3,-3.1,12.7,0.67,0.403,0.46,-0.075,pass,0.0,2026-09-20T18:31:18+00:00,2026-09-27_LA_DEN,,0.57,,2026-09-28T00:20:00+00:00,,,,,
2026-09-28,PHI,CHI,0.9,0.1,13.3,0.54,0.504,0.55,-0.064,pass,0.0,2026-09-20T18:31:18+00:00,2026-09-28_PHI_CHI,,0.48,,2026-09-29T00:15:00+00:00,,,,,
2026-09-20,IND,KC,3.2,3.2,14.1,0.38,0.591,0.72,0.105,CANDIDATE IND,0.0,2026-09-20T21:06:30+00:00,2026-09-20_IND_KC,,0.29,6.0,2026-09-21T00:20:00+00:00,5.5,0.088,0.17,0.268,IND -5.5
2026-09-21,NYG,LA,6.3,5.8,13.4,0.44,0.667,0.74,0.049,CANDIDATE NYG,0.0,2026-09-20T21:06:30+00:00,2026-09-21_NYG_LA,,0.27,6.5,2026-09-22T00:15:00+00:00,6.5,0.033,0.47,0.521,no edge (best NYG +6.5)
2026-09-24,ATL,GB,7.8,9.4,12.6,0.77,0.771,0.73,0.027,pass,0.0,2026-09-20T21:06:30+00:00,2026-09-24_ATL_GB,,0.3,,2026-09-25T00:15:00+00:00,,,,,
2026-09-27,CAR,CLE,-4.5,-2.0,13.7,0.53,0.442,0.43,-0.005,pass,0.0,2026-09-20T21:06:30+00:00,2026-09-27_CAR_CLE,,0.6,,2026-09-27T17:00:00+00:00,,,,,
2026-09-27,CIN,PIT,1.7,1.7,13.0,0.33,0.552,0.43,0.105,CANDIDATE PIT,0.0,2026-09-20T21:06:30+00:00,2026-09-27_CIN_PIT,,0.63,,2026-09-27T17:00:00+00:00,,,,,
2026-09-27,HOU,IND,0.4,-1.8,12.7,0.84,0.445,0.45,-0.022,pass,0.0,2026-09-20T21:06:30+00:00,2026-09-27_HOU_IND,,0.58,,2026-09-27T17:00:00+00:00,,,,,
2026-09-27,KC,MIA,-5.5,-5.5,12.4,0.15,0.33,0.19,0.129,CANDIDATE MIA,0.0,2026-09-20T21:06:30+00:00,2026-09-27_KC_MIA,,0.86,,2026-09-27T17:00:00+00:00,,,,,
2026-09-27,LAC,BUF,6.7,6.7,12.5,0.88,0.705,0.75,-0.058,pass,0.0,2026-09-20T21:06:30+00:00,2026-09-27_LAC_BUF,,0.29,,2026-09-27T17:00:00+00:00,,,,,
2026-09-27,NE,JAX,0.6,-0.5,13.4,0.25,0.484,0.55,-0.083,pass,0.0,2026-09-20T21:06:30+00:00,2026-09-27_NE_JAX,,0.48,,2026-09-27T17:00:00+00:00,,,,,
2026-09-27,NYJ,DET,11.4,12.5,13.0,0.96,0.83,0.75,0.067,CANDIDATE DET,0.0,2026-09-20T21:06:30+00:00,2026-09-27_NYJ_DET,,0.29,,2026-09-27T17:00:00+00:00,,,,,
2026-09-27,SEA,WAS,-4.2,-6.3,12.9,0.38,0.311,0.45,0.082,CANDIDATE SEA,0.0,2026-09-20T21:06:30+00:00,2026-09-27_SEA_WAS,,0.59,,2026-09-27T17:00:00+00:00,,,,,
2026-09-27,TEN,NYG,4.6,5.1,15.7,0.8,0.626,0.72,0.059,CANDIDATE TEN,0.0,2026-09-20T21:06:30+00:00,2026-09-27_TEN_NYG,,0.3,,2026-09-27T17:00:00+00:00,,,,,
2026-09-27,ARI,SF,5.8,2.5,14.1,0.69,0.572,0.81,0.186,CANDIDATE ARI,0.0,2026-09-20T21:06:30+00:00,2026-09-27_ARI_SF,,0.23,,2026-09-27T20:05:00+00:00,,,,,
2026-09-27,MIN,TB,2.8,-2.0,12.1,0.52,0.433,0.47,-0.054,pass,0.0,2026-09-20T21:06:30+00:00,2026-09-27_MIN_TB,,0.57,,2026-09-27T20:05:00+00:00,,,,,
2026-09-27,BAL,DAL,-3.9,-5.7,12.8,0.41,0.328,0.47,0.095,CANDIDATE BAL,0.0,2026-09-20T21:06:30+00:00,2026-09-27_BAL_DAL,,0.56,,2026-09-27T20:25:00+00:00,,,,,
2026-09-27,LV,NO,7.7,6.0,13.7,0.56,0.67,0.67,-0.016,pass,0.0,2026-09-20T21:06:30+00:00,2026-09-27_LV_NO,,0.44,,2026-09-27T20:25:00+00:00,,,,,
2026-09-27,LA,DEN,-1.4,-2.8,12.8,0.65,0.415,0.45,-0.053,pass,0.0,2026-09-20T21:06:30+00:00,2026-09-27_LA_DEN,,0.57,,2026-09-28T00:20:00+00:00,,,,,
2026-09-28,PHI,CHI,0.9,1.2,13.4,0.69,0.537,0.34,0.181,CANDIDATE CHI,0.0,2026-09-20T21:06:30+00:00,2026-09-28_PHI_CHI,,0.7,,2026-09-29T00:15:00+00:00,,,,,
2026-09-21,NYG,LA,6.3,6.0,13.3,0.46,0.674,0.74,-0.08,pass,0.0,2026-09-21T07:40:04+00:00,2026-09-21_NYG_LA,,0.28,7.0,2026-09-22T00:15:00+00:00,6.5,0.036,0.13,0.174,no edge (best NYG -6.5)
2026-09-24,ATL,GB,7.7,9.1,12.6,0.44,0.765,0.75,0.002,pass,0.0,2026-09-21T07:40:04+00:00,2026-09-24_ATL_GB,,0.26,7.0,2026-09-25T00:15:00+00:00,6.5,0.026,0.54,0.583,no edge (best GB -6.5)
2026-09-27,CAR,CLE,-3.4,-2.8,13.6,0.73,0.418,0.42,-0.019,pass,0.0,2026-09-21T07:40:04+00:00,2026-09-27_CAR_CLE,,0.59,-3.0,2026-09-27T17:00:00+00:00,2.5,-0.007,0.48,0.49,no edge (best CLE +2.5)
2026-09-27,CIN,PIT,1.6,2.3,12.9,0.15,0.57,0.38,0.174,CANDIDATE PIT,0.0,2026-09-21T07:40:04+00:00,2026-09-27_CIN_PIT,,0.64,-3.5,2026-09-27T17:00:00+00:00,3.5,0.169,0.28,0.463,PIT -3.5
2026-09-27,HOU,IND,0.7,-0.9,12.5,0.83,0.472,0.46,-0.006,pass,0.0,2026-09-21T07:40:04+00:00,2026-09-27_HOU_IND,,0.56,-2.5,2026-09-27T17:00:00+00:00,2.5,0.034,0.5,0.551,no edge (best IND +2.5)
2026-09-27,KC,MIA,-5.2,-6.2,12.5,0.14,0.31,0.16,0.141,CANDIDATE MIA,0.0,2026-09-21T07:40:04+00:00,2026-09-27_KC_MIA,,0.85,-10.5,2026-09-27T17:00:00+00:00,10.5,0.107,0.51,0.634,MIA +10.5
2026-09-27,LAC,BUF,8.0,10.0,12.9,0.65,0.782,0.75,0.019,pass,0.0,2026-09-21T07:40:04+00:00,2026-09-27_LAC_BUF,,0.26,7.0,2026-09-27T17:00:00+00:00,6.5,0.031,0.56,0.608,no edge (best BUF -6.5)
2026-09-27,NE,JAX,0.6,0.8,13.3,0.51,0.523,0.58,-0.074,pass,0.0,2026-09-21T07:40:04+00:00,2026-09-27_NE_JAX,,0.43,2.5,2026-09-27T17:00:00+00:00,2.5,0.064,0.47,0.552,NE +2.5
2026-09-27,NYJ,DET,11.3,13.0,13.3,0.58,0.835,0.74,0.081,CANDIDATE DET,0.0,2026-09-21T07:40:04+00:00,2026-09-27_NYJ_DET,,0.28,6.5,2026-09-27T17:00:00+00:00,6.5,0.159,0.51,0.686,DET -6.5
2026-09-27,SEA,WAS,-5.2,-7.6,13.2,0.46,0.282,0.28,-0.012,pass,0.0,2026-09-21T07:40:04+00:00,2026-09-27_SEA_WAS,,0.73,-6.5,2026-09-27T17:00:00+00:00,6.5,-0.014,0.53,0.534,no edge (best SEA -6.5)
2026-09-27,TEN,NYG,4.7,5.2,15.5,0.52,0.631,0.72,0.065,CANDIDATE TEN,0.0,2026-09-21T07:40:04+00:00,2026-09-27_TEN_NYG,,0.29,6.0,2026-09-27T17:00:00+00:00,5.5,0.003,0.23,0.246,no edge (best TEN -5.5)
2026-09-27,ARI,SF,8.4,7.7,14.3,0.62,0.706,0.79,0.062,CANDIDATE ARI,0.0,2026-09-21T07:40:04+00:00,2026-09-27_ARI_SF,,0.22,8.5,2026-09-27T20:05:00+00:00,8.5,-0.016,0.52,0.521,no edge (best ARI +8.5)
2026-09-27,MIN,TB,2.6,-2.1,12.2,0.63,0.432,0.45,-0.035,pass,0.0,2026-09-21T07:40:04+00:00,2026-09-27_MIN_TB,,0.57,-2.5,2026-09-27T20:05:00+00:00,2.5,-0.014,0.51,0.514,no edge (best TB +2.5)
2026-09-27,BAL,DAL,-2.9,-5.7,12.8,0.34,0.33,0.41,0.054,CANDIDATE BAL,0.0,2026-09-21T07:40:04+00:00,2026-09-27_BAL_DAL,,0.6,-3.0,2026-09-27T20:25:00+00:00,2.5,0.04,0.54,0.597,no edge (best BAL -2.5)
2026-09-27,LV,NO,6.6,5.5,13.5,0.52,0.658,0.63,0.011,pass,0.0,2026-09-21T07:40:04+00:00,2026-09-27_LV_NO,,0.39,3.5,2026-09-27T20:25:00+00:00,3.5,0.061,0.48,0.558,NO -3.5
2026-09-27,LA,DEN,-0.5,-2.4,12.6,0.39,0.424,0.45,-0.044,pass,0.0,2026-09-21T07:40:04+00:00,2026-09-27_LA_DEN,,0.56,-2.5,2026-09-28T00:20:00+00:00,2.5,-0.024,0.66,0.652,no edge (best LA +2.5)
2026-09-28,PHI,CHI,1.0,1.9,13.4,0.28,0.557,0.35,0.191,CANDIDATE CHI,0.0,2026-09-21T07:40:04+00:00,2026-09-28_PHI_CHI,,0.66,-4.5,2026-09-29T00:15:00+00:00,4.5,,,,
2026-09-21,NYG,LA,6.3,6.0,13.3,0.46,0.674,0.74,0.043,CANDIDATE NYG,0.0,2026-09-21T20:17:34+00:00,2026-09-21_NYG_LA,,0.27,6.5,2026-09-22T00:15:00+00:00,6.5,0.026,0.14,0.174,no edge (best NYG -6.5)
2026-09-24,ATL,GB,6.7,9.0,13.2,0.47,0.752,0.75,-0.011,pass,0.0,2026-09-21T20:17:34+00:00,2026-09-24_ATL_GB,,0.26,7.0,2026-09-25T00:15:00+00:00,6.5,0.028,0.53,0.576,no edge (best GB -6.5)
2026-09-27,CAR,CLE,-3.4,-2.8,13.6,0.73,0.418,0.42,-0.019,pass,0.0,2026-09-21T20:17:34+00:00,2026-09-27_CAR_CLE,,0.59,-3.0,2026-09-27T17:00:00+00:00,2.5,-0.007,0.48,0.49,no edge (best CLE +2.5)
2026-09-27,CIN,PIT,1.6,2.3,12.9,0.15,0.57,0.38,0.174,CANDIDATE PIT,0.0,2026-09-21T20:17:34+00:00,2026-09-27_CIN_PIT,,0.64,-3.5,2026-09-27T17:00:00+00:00,3.5,0.169,0.28,0.463,PIT -3.5
2026-09-27,HOU,IND,0.7,-0.9,12.5,0.83,0.472,0.43,0.025,pass,0.0,2026-09-21T20:17:34+00:00,2026-09-27_HOU_IND,,0.58,-2.5,2026-09-27T17:00:00+00:00,2.5,0.074,0.46,0.551,IND +2.5
2026-09-27,KC,MIA,-5.2,-6.2,12.5,0.14,0.31,0.15,0.151,CANDIDATE MIA,0.0,2026-09-21T20:17:34+00:00,2026-09-27_KC_MIA,,0.86,-11.5,2026-09-27T17:00:00+00:00,11.5,,,,
2026-09-27,LAC,BUF,8.0,10.0,12.9,0.65,0.782,0.75,0.019,pass,0.0,2026-09-21T20:17:34+00:00,2026-09-27_LAC_BUF,,0.26,7.0,2026-09-27T17:00:00+00:00,6.5,0.031,0.56,0.608,no edge (best BUF -6.5)
2026-09-27,NE,JAX,0.6,0.8,13.3,0.51,0.523,0.58,-0.074,pass,0.0,2026-09-21T20:17:34+00:00,2026-09-27_NE_JAX,,0.42,3.0,2026-09-27T17:00:00+00:00,2.5,0.074,0.46,0.552,NE +2.5
2026-09-27,NYJ,DET,11.3,13.0,13.3,0.58,0.835,0.74,0.081,CANDIDATE DET,0.0,2026-09-21T20:17:34+00:00,2026-09-27_NYJ_DET,,0.27,6.5,2026-09-27T17:00:00+00:00,6.5,0.149,0.52,0.686,DET -6.5
2026-09-27,SEA,WAS,-5.2,-7.6,13.2,0.46,0.282,0.28,-0.012,pass,0.0,2026-09-21T20:17:34+00:00,2026-09-27_SEA_WAS,,0.73,-6.5,2026-09-27T17:00:00+00:00,6.5,-0.014,0.53,0.534,no edge (best SEA -6.5)
2026-09-27,TEN,NYG,4.7,5.2,15.5,0.52,0.631,0.72,0.065,CANDIDATE TEN,0.0,2026-09-21T20:17:34+00:00,2026-09-27_TEN_NYG,,0.29,6.0,2026-09-27T17:00:00+00:00,5.5,0.014,0.22,0.246,no edge (best TEN -5.5)
2026-09-27,ARI,SF,8.4,7.7,14.3,0.62,0.706,0.79,0.062,CANDIDATE ARI,0.0,2026-09-21T20:17:34+00:00,2026-09-27_ARI_SF,,0.22,8.5,2026-09-27T20:05:00+00:00,8.5,0.004,0.5,0.521,no edge (best ARI +8.5)
2026-09-27,MIN,TB,2.6,-2.1,12.2,0.63,0.432,0.45,-0.035,pass,0.0,2026-09-21T20:17:34+00:00,2026-09-27_MIN_TB,,0.56,-1.5,2026-09-27T20:05:00+00:00,1.5,0.028,0.57,0.616,no edge (best MIN +1.5)
2026-09-27,BAL,DAL,-2.9,-5.7,12.8,0.34,0.33,0.42,0.063,CANDIDATE BAL,0.0,2026-09-21T20:17:34+00:00,2026-09-27_BAL_DAL,,0.59,-3.0,2026-09-27T20:25:00+00:00,2.5,0.03,0.55,0.597,no edge (best BAL -2.5)
2026-09-27,LV,NO,6.6,5.5,13.5,0.52,0.658,0.63,0.011,pass,0.0,2026-09-21T20:17:34+00:00,2026-09-27_LV_NO,,0.39,3.0,2026-09-27T20:25:00+00:00,2.5,0.028,0.68,0.723,no edge (best NO +2.5)
2026-09-27,LA,DEN,-0.5,-2.4,12.6,0.39,0.424,0.46,-0.054,pass,0.0,2026-09-21T20:17:34+00:00,2026-09-27_LA_DEN,,0.56,-2.5,2026-09-28T00:20:00+00:00,2.5,-0.02,0.5,0.498,no edge (best LA -2.5)
2026-09-28,PHI,CHI,-2.3,-1.3,13.2,0.53,0.461,0.38,0.064,CANDIDATE CHI,0.0,2026-09-21T20:17:34+00:00,2026-09-28_PHI_CHI,,0.64,-3.5,2026-09-29T00:15:00+00:00,3.5,,,,
2026-09-21,NYG,LA,6.3,6.0,13.3,0.46,0.674,0.74,0.043,CANDIDATE NYG,0.0,2026-09-21T22:20:49+00:00,2026-09-21_NYG_LA,,0.27,6.5,2026-09-22T00:15:00+00:00,6.5,0.026,0.14,0.174,no edge (best NYG -6.5)
2026-09-24,ATL,GB,6.7,9.0,13.2,0.47,0.752,0.73,0.009,pass,0.0,2026-09-21T22:20:49+00:00,2026-09-24_ATL_GB,,0.27,6.5,2026-09-25T00:15:00+00:00,6.5,0.068,0.49,0.576,GB -6.5
2026-09-27,CAR,CLE,-3.4,-2.8,13.6,0.73,0.418,0.42,-0.019,pass,0.0,2026-09-21T22:20:49+00:00,2026-09-27_CAR_CLE,,0.6,-2.5,2026-09-27T17:00:00+00:00,2.5,-0.007,0.48,0.49,no edge (best CLE +2.5)
2026-09-27,CIN,PIT,1.6,2.3,12.9,0.15,0.57,0.37,0.184,CANDIDATE PIT,0.0,2026-09-21T22:20:49+00:00,2026-09-27_CIN_PIT,,0.64,-3.5,2026-09-27T17:00:00+00:00,3.5,0.159,0.29,0.463,PIT -3.5
2026-09-27,HOU,IND,0.7,-0.9,12.5,0.83,0.472,0.43,0.025,pass,0.0,2026-09-21T22:20:49+00:00,2026-09-27_HOU_IND,,0.59,-2.5,2026-09-27T17:00:00+00:00,2.5,0.074,0.46,0.551,IND +2.5
2026-09-27,KC,MIA,-5.2,-6.2,12.5,0.14,0.31,0.15,0.151,CANDIDATE MIA,0.0,2026-09-21T22:20:49+00:00,2026-09-27_KC_MIA,,0.86,-11.5,2026-09-27T17:00:00+00:00,11.5,,,,
2026-09-27,LAC,BUF,8.0,10.0,12.9,0.65,0.782,0.75,0.019,pass,0.0,2026-09-21T22:20:49+00:00,2026-09-27_LAC_BUF,,0.26,7.0,2026-09-27T17:00:00+00:00,6.5,0.031,0.56,0.608,no edge (best BUF -6.5)
2026-09-27,NE,JAX,0.6,0.8,13.3,0.51,0.523,0.59,-0.084,pass,0.0,2026-09-21T22:20:49+00:00,2026-09-27_NE_JAX,,0.42,3.0,2026-09-27T17:00:00+00:00,2.5,0.074,0.46,0.552,NE +2.5
2026-09-27,NYJ,DET,11.3,13.0,13.3,0.58,0.835,0.73,0.091,CANDIDATE DET,0.0,2026-09-21T22:20:49+00:00,2026-09-27_NYJ_DET,,0.28,6.5,2026-09-27T17:00:00+00:00,6.5,0.149,0.52,0.686,DET -6.5
2026-09-27,SEA,WAS,-5.2,-7.6,13.2,0.46,0.282,0.28,-0.012,pass,0.0,2026-09-21T22:20:49+00:00,2026-09-27_SEA_WAS,,0.74,-6.5,2026-09-27T17:00:00+00:00,6.5,-0.016,0.15,0.142,no edge (best WAS -6.5)
2026-09-27,TEN,NYG,4.7,5.2,15.5,0.52,0.631,0.72,0.065,CANDIDATE TEN,0.0,2026-09-21T22:20:49+00:00,2026-09-27_TEN_NYG,,0.29,6.0,2026-09-27T17:00:00+00:00,5.5,0.055,0.18,0.246,TEN -5.5
2026-09-27,ARI,SF,8.4,7.7,14.3,0.62,0.706,0.79,0.062,CANDIDATE ARI,0.0,2026-09-21T22:20:49+00:00,2026-09-27_ARI_SF,,0.22,8.5,2026-09-27T20:05:00+00:00,8.5,0.004,0.5,0.521,no edge (best ARI +8.5)
2026-09-27,MIN,TB,2.6,-2.1,12.2,0.63,0.432,0.47,-0.055,pass,0.0,2026-09-21T22:20:49+00:00,2026-09-27_MIN_TB,,0.55,-1.5,2026-09-27T20:05:00+00:00,1.5,0.038,0.56,0.616,no edge (best MIN +1.5)
2026-09-27,BAL,DAL,-2.9,-5.7,12.8,0.34,0.33,0.42,0.054,CANDIDATE BAL,0.0,2026-09-21T22:20:49+00:00,2026-09-27_BAL_DAL,,0.6,-3.0,2026-09-27T20:25:00+00:00,2.5,0.062,0.66,0.738,BAL +2.5
2026-09-27,LV,NO,6.6,5.5,13.5,0.52,0.658,0.62,0.021,pass,0.0,2026-09-21T22:20:49+00:00,2026-09-27_LV_NO,,0.39,3.0,2026-09-27T20:25:00+00:00,2.5,0.028,0.68,0.723,no edge (best NO +2.5)
2026-09-27,LA,DEN,-0.5,-2.4,12.6,0.39,0.424,0.46,-0.054,pass,0.0,2026-09-21T22:20:49+00:00,2026-09-27_LA_DEN,,0.56,-1.5,2026-09-28T00:20:00+00:00,1.5,0.015,0.59,0.622,no edge (best LA +1.5)
2026-09-28,PHI,CHI,-2.3,-1.3,13.2,0.53,0.461,0.37,0.074,CANDIDATE CHI,0.0,2026-09-21T22:20:49+00:00,2026-09-28_PHI_CHI,,0.64,-3.5,2026-09-29T00:15:00+00:00,3.5,,,,
2026-09-24,ATL,GB,6.7,9.0,13.1,0.77,0.754,0.73,0.01,pass,0.0,2026-09-22T07:19:27+00:00,2026-09-24_ATL_GB,,0.29,6.0,2026-09-25T00:15:00+00:00,5.5,0.059,0.53,0.606,GB -5.5
2026-09-27,CAR,CLE,-3.4,-3.0,13.4,0.67,0.412,0.41,-0.015,pass,0.0,2026-09-22T07:19:27+00:00,2026-09-27_CAR_CLE,,0.6,-2.5,2026-09-27T17:00:00+00:00,2.5,0.003,0.64,0.659,no edge (best CAR +2.5)
2026-09-27,CIN,PIT,1.7,2.4,12.9,0.36,0.574,0.38,0.177,CANDIDATE PIT,0.0,2026-09-22T07:19:27+00:00,2026-09-27_CIN_PIT,,0.64,-3.5,2026-09-27T17:00:00+00:00,3.5,0.162,0.29,0.466,PIT -3.5
2026-09-27,HOU,IND,0.7,-1.0,12.5,0.64,0.467,0.43,0.02,pass,0.0,2026-09-22T07:19:27+00:00,2026-09-27_HOU_IND,,0.59,-2.5,2026-09-27T17:00:00+00:00,2.5,0.07,0.46,0.547,IND +2.5
2026-09-27,KC,MIA,-5.2,-6.1,12.6,0.21,0.315,0.14,0.166,CANDIDATE MIA,0.0,2026-09-22T07:19:27+00:00,2026-09-27_KC_MIA,,0.87,-11.5,2026-09-27T17:00:00+00:00,11.5,,,,
2026-09-27,LAC,BUF,8.1,9.7,12.8,0.53,0.776,0.75,0.013,pass,0.0,2026-09-22T07:19:27+00:00,2026-09-27_LAC_BUF,,0.26,7.0,2026-09-27T17:00:00+00:00,6.5,0.022,0.56,0.599,no edge (best BUF -6.5)
2026-09-27,NE,JAX,0.6,0.5,13.1,0.55,0.516,0.59,0.047,CANDIDATE NE,0.0,2026-09-22T07:19:27+00:00,2026-09-27_NE_JAX,,0.42,3.0,2026-09-27T17:00:00+00:00,2.5,0.093,0.45,0.56,NE +2.5
2026-09-27,NYJ,DET,11.4,12.6,13.2,1.04,0.829,0.74,0.076,CANDIDATE DET,0.0,2026-09-22T07:19:27+00:00,2026-09-27_NYJ_DET,,0.28,6.5,2026-09-27T17:00:00+00:00,6.5,0.14,0.52,0.677,DET -6.5
2026-09-27,SEA,WAS,-5.3,-7.8,13.3,0.75,0.279,0.28,-0.015,pass,0.0,2026-09-22T07:19:27+00:00,2026-09-27_SEA_WAS,,0.74,-7.0,2026-09-27T17:00:00+00:00,6.5,0.003,0.13,0.141,no edge (best WAS -6.5)
2026-09-27,TEN,NYG,4.1,5.7,15.1,0.59,0.647,0.64,-0.009,pass,0.0,2026-09-22T07:19:27+00:00,2026-09-27_TEN_NYG,,0.38,3.5,2026-09-27T17:00:00+00:00,3.5,0.03,0.51,0.558,no edge (best NYG -3.5)
2026-09-27,ARI,SF,8.4,7.9,14.4,0.73,0.709,0.79,0.059,CANDIDATE ARI,0.0,2026-09-22T07:19:27+00:00,2026-09-27_ARI_SF,,0.22,8.5,2026-09-27T20:05:00+00:00,8.5,-0.011,0.51,0.517,no edge (best ARI +8.5)
2026-09-27,MIN,TB,2.6,-2.2,12.2,0.37,0.43,0.47,-0.058,pass,0.0,2026-09-22T07:19:27+00:00,2026-09-27_MIN_TB,,0.54,-1.5,2026-09-27T20:05:00+00:00,1.5,0.031,0.57,0.618,no edge (best MIN +1.5)
2026-09-27,BAL,DAL,-2.9,-5.7,12.8,0.26,0.329,0.41,0.054,CANDIDATE BAL,0.0,2026-09-22T07:19:27+00:00,2026-09-27_BAL_DAL,,0.6,-3.0,2026-09-27T20:25:00+00:00,2.5,0.072,0.65,0.738,BAL +2.5
2026-09-27,LV,NO,6.7,5.6,13.6,0.72,0.66,0.63,0.013,pass,0.0,2026-09-22T07:19:27+00:00,2026-09-27_LV_NO,,0.39,3.0,2026-09-27T20:25:00+00:00,2.5,0.039,0.67,0.724,no edge (best NO +2.5)
2026-09-27,LA,DEN,-1.0,-3.1,12.6,0.32,0.402,0.45,-0.065,pass,0.0,2026-09-22T07:19:27+00:00,2026-09-27_LA_DEN,,0.56,-2.5,2026-09-28T00:20:00+00:00,2.5,0.026,0.63,0.672,no edge (best LA +2.5)
2026-09-28,PHI,CHI,-2.3,-1.5,13.2,0.64,0.454,0.37,0.067,CANDIDATE CHI,0.0,2026-09-22T07:19:27+00:00,2026-09-28_PHI_CHI,,0.64,-3.0,2026-09-29T00:15:00+00:00,2.5,0.062,0.45,0.529,CHI +2.5
2026-09-24,ATL,GB,6.7,9.1,13.2,0.81,0.754,0.72,0.02,pass,0.0,2026-09-22T19:35:54+00:00,2026-09-24_ATL_GB,,0.29,6.0,2026-09-25T00:15:00+00:00,5.5,0.069,0.52,0.606,GB -5.5
2026-09-27,CAR,CLE,-3.4,-2.9,13.4,0.64,0.414,0.42,-0.023,pass,0.0,2026-09-22T19:35:54+00:00,2026-09-27_CAR_CLE,,0.6,-2.5,2026-09-27T17:00:00+00:00,2.5,0.001,0.64,0.657,no edge (best CAR +2.5)
2026-09-27,CIN,PIT,1.7,2.4,13.0,0.39,0.572,0.38,0.176,CANDIDATE PIT,0.0,2026-09-22T19:35:54+00:00,2026-09-27_CIN_PIT,,0.64,-3.5,2026-09-27T17:00:00+00:00,3.5,0.171,0.28,0.465,PIT -3.5
2026-09-27,HOU,IND,0.7,-1.1,12.5,0.66,0.466,0.43,0.019,pass,0.0,2026-09-22T19:35:54+00:00,2026-09-27_HOU_IND,,0.59,-2.5,2026-09-27T17:00:00+00:00,2.5,0.069,0.46,0.546,IND +2.5
2026-09-27,KC,MIA,-5.2,-6.1,12.6,0.19,0.314,0.15,0.155,CANDIDATE MIA,0.0,2026-09-22T19:35:54+00:00,2026-09-27_KC_MIA,,0.86,-11.5,2026-09-27T17:00:00+00:00,11.5,,,,
2026-09-27,LAC,BUF,8.1,9.6,12.8,0.6,0.773,0.75,0.01,pass,0.0,2026-09-22T19:35:54+00:00,2026-09-27_LAC_BUF,,0.26,7.0,2026-09-27T17:00:00+00:00,6.5,0.019,0.56,0.596,no edge (best BUF -6.5)
2026-09-27,NE,JAX,0.6,0.5,13.2,0.56,0.516,0.6,0.057,CANDIDATE NE,0.0,2026-09-22T19:35:54+00:00,2026-09-27_NE_JAX,,0.41,3.0,2026-09-27T17:00:00+00:00,2.5,0.093,0.45,0.56,NE +2.5
2026-09-27,NYJ,DET,11.4,12.9,13.3,0.89,0.833,0.74,0.08,CANDIDATE DET,0.0,2026-09-22T19:35:54+00:00,2026-09-27_NYJ_DET,,0.28,6.5,2026-09-27T17:00:00+00:00,6.5,0.146,0.52,0.684,DET -6.5
2026-09-27,SEA,WAS,-5.3,-7.9,13.2,0.83,0.276,0.28,-0.018,pass,0.0,2026-09-22T19:35:54+00:00,2026-09-27_SEA_WAS,,0.75,-7.0,2026-09-27T17:00:00+00:00,6.5,0.011,0.12,0.138,no edge (best WAS -6.5)
2026-09-27,TEN,NYG,4.1,5.6,15.2,0.52,0.645,0.58,0.048,CANDIDATE NYG,0.0,2026-09-22T19:35:54+00:00,2026-09-27_TEN_NYG,,0.43,3.0,2026-09-27T17:00:00+00:00,2.5,0.028,0.66,0.704,no edge (best NYG +2.5)
2026-09-27,ARI,SF,8.4,7.8,14.3,0.64,0.706,0.79,0.062,CANDIDATE ARI,0.0,2026-09-22T19:35:54+00:00,2026-09-27_ARI_SF,,0.22,8.5,2026-09-27T20:05:00+00:00,8.5,-0.007,0.51,0.521,no edge (best ARI +8.5)
2026-09-27,MIN,TB,2.6,-2.3,12.2,0.44,0.427,0.47,-0.061,pass,0.0,2026-09-22T19:35:54+00:00,2026-09-27_MIN_TB,,0.53,-1.5,2026-09-27T20:05:00+00:00,1.5,0.044,0.56,0.621,MIN +1.5
2026-09-27,BAL,DAL,-2.9,-5.7,12.8,0.22,0.329,0.41,0.044,CANDIDATE BAL,0.0,2026-09-22T19:35:54+00:00,2026-09-27_BAL_DAL,,0.61,-3.0,2026-09-27T20:25:00+00:00,2.5,0.062,0.66,0.738,BAL +2.5
2026-09-27,LV,NO,6.7,5.7,13.6,0.7,0.662,0.62,0.026,pass,0.0,2026-09-22T19:35:54+00:00,2026-09-27_LV_NO,,0.4,3.0,2026-09-27T20:25:00+00:00,2.5,0.041,0.67,0.726,NO +2.5
2026-09-27,LA,DEN,-1.0,-3.2,12.6,0.27,0.401,0.45,-0.067,pass,0.0,2026-09-22T19:35:54+00:00,2026-09-27_LA_DEN,,0.56,-2.5,2026-09-28T00:20:00+00:00,2.5,0.037,0.62,0.673,no edge (best LA +2.5)
2026-09-28,PHI,CHI,-2.3,-1.5,13.3,0.61,0.456,0.32,0.121,CANDIDATE CHI,0.0,2026-09-22T19:35:54+00:00,2026-09-28_PHI_CHI,,0.69,-4.5,2026-09-29T00:15:00+00:00,4.5,0.083,0.49,0.591,CHI +4.5
2026-09-24,ATL,GB,6.7,9.1,13.2,0.81,0.754,0.72,0.02,pass,0.0,2026-09-22T21:44:01+00:00,2026-09-24_ATL_GB,,0.29,6.0,2026-09-25T00:15:00+00:00,5.5,0.069,0.52,0.606,GB -5.5
2026-09-27,CAR,CLE,-3.4,-2.9,13.4,0.64,0.414,0.42,-0.023,pass,0.0,2026-09-22T21:44:01+00:00,2026-09-27_CAR_CLE,,0.59,-2.5,2026-09-27T17:00:00+00:00,2.5,0.001,0.64,0.657,no edge (best CAR +2.5)
2026-09-27,CIN,PIT,1.7,2.4,13.0,0.39,0.572,0.38,0.176,CANDIDATE PIT,0.0,2026-09-22T21:44:01+00:00,2026-09-27_CIN_PIT,,0.64,-3.5,2026-09-27T17:00:00+00:00,3.5,0.181,0.27,0.465,PIT -3.5
2026-09-27,HOU,IND,0.7,-1.1,12.5,0.66,0.466,0.43,0.019,pass,0.0,2026-09-22T21:44:01+00:00,2026-09-27_HOU_IND,,0.59,-2.5,2026-09-27T17:00:00+00:00,2.5,0.049,0.48,0.546,IND +2.5
2026-09-27,KC,MIA,-5.2,-6.1,12.6,0.19,0.314,0.15,0.155,CANDIDATE MIA,0.0,2026-09-22T21:44:01+00:00,2026-09-27_KC_MIA,,0.86,-11.5,2026-09-27T17:00:00+00:00,11.5,,,,
2026-09-27,LAC,BUF,8.1,9.6,12.8,0.6,0.773,0.75,0.01,pass,0.0,2026-09-22T21:44:01+00:00,2026-09-27_LAC_BUF,,0.26,7.0,2026-09-27T17:00:00+00:00,6.5,0.019,0.56,0.596,no edge (best BUF -6.5)
2026-09-27,NE,JAX,0.6,0.5,13.2,0.56,0.516,0.6,0.057,CANDIDATE NE,0.0,2026-09-22T21:44:01+00:00,2026-09-27_NE_JAX,,0.41,3.0,2026-09-27T17:00:00+00:00,2.5,0.093,0.45,0.56,NE +2.5
2026-09-27,NYJ,DET,11.4,12.9,13.3,0.89,0.833,0.74,0.08,CANDIDATE DET,0.0,2026-09-22T21:44:01+00:00,2026-09-27_NYJ_DET,,0.28,6.5,2026-09-27T17:00:00+00:00,6.5,0.146,0.52,0.684,DET -6.5
2026-09-27,SEA,WAS,-5.3,-7.9,13.2,0.83,0.276,0.28,-0.018,pass,0.0,2026-09-22T21:44:01+00:00,2026-09-27_SEA_WAS,,0.75,-7.0,2026-09-27T17:00:00+00:00,6.5,0.011,0.12,0.138,no edge (best WAS -6.5)
2026-09-27,TEN,NYG,4.1,5.6,15.2,0.52,0.645,0.58,0.048,CANDIDATE NYG,0.0,2026-09-22T21:44:01+00:00,2026-09-27_TEN_NYG,,0.43,3.0,2026-09-27T17:00:00+00:00,2.5,0.028,0.66,0.704,no edge (best NYG +2.5)
2026-09-27,ARI,SF,8.4,7.8,14.3,0.64,0.706,0.79,0.062,CANDIDATE ARI,0.0,2026-09-22T21:44:01+00:00,2026-09-27_ARI_SF,,0.22,8.5,2026-09-27T20:05:00+00:00,8.5,-0.007,0.51,0.521,no edge (best ARI +8.5)
2026-09-27,MIN,TB,2.6,-2.3,12.2,0.44,0.427,0.47,-0.061,pass,0.0,2026-09-22T21:44:01+00:00,2026-09-27_MIN_TB,,0.53,-1.5,2026-09-27T20:05:00+00:00,1.5,0.044,0.56,0.621,MIN +1.5
2026-09-27,BAL,DAL,-2.9,-5.7,12.8,0.22,0.329,0.41,0.044,CANDIDATE BAL,0.0,2026-09-22T21:44:01+00:00,2026-09-27_BAL_DAL,,0.61,-3.0,2026-09-27T20:25:00+00:00,2.5,0.062,0.66,0.738,BAL +2.5
2026-09-27,LV,NO,6.7,5.7,13.6,0.7,0.662,0.62,0.026,pass,0.0,2026-09-22T21:44:01+00:00,2026-09-27_LV_NO,,0.4,3.0,2026-09-27T20:25:00+00:00,2.5,0.041,0.67,0.726,NO +2.5
2026-09-27,LA,DEN,-1.0,-3.2,12.6,0.27,0.401,0.45,-0.067,pass,0.0,2026-09-22T21:44:01+00:00,2026-09-27_LA_DEN,,0.56,-2.5,2026-09-28T00:20:00+00:00,2.5,0.027,0.63,0.673,no edge (best LA +2.5)
2026-09-28,PHI,CHI,-2.3,-1.5,13.3,0.61,0.456,0.32,0.121,CANDIDATE CHI,0.0,2026-09-22T21:44:01+00:00,2026-09-28_PHI_CHI,,0.69,-4.5,2026-09-29T00:15:00+00:00,4.5,0.095,0.22,0.327,CHI -4.5
2026-09-24,ATL,GB,6.7,9.1,13.2,0.81,0.754,0.71,0.029,pass,0.0,2026-09-23T07:20:59+00:00,2026-09-24_ATL_GB,,0.3,5.5,2026-09-25T00:15:00+00:00,5.5,0.079,0.51,0.606,GB -5.5
2026-09-27,CAR,CLE,-3.4,-2.9,13.4,0.64,0.414,0.42,-0.023,pass,0.0,2026-09-23T07:20:59+00:00,2026-09-27_CAR_CLE,,0.59,-2.5,2026-09-27T17:00:00+00:00,2.5,-0.009,0.65,0.657,no edge (best CAR +2.5)
2026-09-27,CIN,PIT,1.7,2.4,13.0,0.39,0.572,0.38,0.176,CANDIDATE PIT,0.0,2026-09-23T07:20:59+00:00,2026-09-27_CIN_PIT,,0.64,-3.5,2026-09-27T17:00:00+00:00,3.5,0.181,0.27,0.465,PIT -3.5
2026-09-27,HOU,IND,0.7,-1.1,12.5,0.66,0.466,0.43,0.019,pass,0.0,2026-09-23T07:20:59+00:00,2026-09-27_HOU_IND,,0.59,-3.0,2026-09-27T17:00:00+00:00,2.5,0.049,0.48,0.546,IND +2.5
2026-09-27,KC,MIA,-5.2,-6.1,12.6,0.19,0.314,0.15,0.155,CANDIDATE MIA,0.0,2026-09-23T07:20:59+00:00,2026-09-27_KC_MIA,,0.86,-11.5,2026-09-27T17:00:00+00:00,11.5,,,,
2026-09-27,LAC,BUF,8.1,9.6,12.8,0.6,0.773,0.76,0.001,pass,0.0,2026-09-23T07:20:59+00:00,2026-09-27_LAC_BUF,,0.25,7.0,2026-09-27T17:00:00+00:00,6.5,0.019,0.56,0.596,no edge (best BUF -6.5)
2026-09-27,NE,JAX,0.6,0.5,13.2,0.56,0.516,0.6,0.057,CANDIDATE NE,0.0,2026-09-23T07:20:59+00:00,2026-09-27_NE_JAX,,0.41,3.0,2026-09-27T17:00:00+00:00,2.5,0.082,0.46,0.56,NE +2.5
2026-09-27,NYJ,DET,11.4,12.9,13.3,0.89,0.833,0.73,0.089,CANDIDATE DET,0.0,2026-09-23T07:20:59+00:00,2026-09-27_NYJ_DET,,0.28,6.5,2026-09-27T17:00:00+00:00,6.5,0.146,0.52,0.684,DET -6.5
2026-09-27,SEA,WAS,-5.3,-7.9,13.2,0.83,0.276,0.26,0.002,pass,0.0,2026-09-23T07:20:59+00:00,2026-09-27_SEA_WAS,,0.75,-7.0,2026-09-27T17:00:00+00:00,6.5,0.011,0.12,0.138,no edge (best WAS -6.5)
2026-09-27,TEN,NYG,4.1,5.6,15.2,0.52,0.645,0.58,0.048,CANDIDATE NYG,0.0,2026-09-23T07:20:59+00:00,2026-09-27_TEN_NYG,,0.43,2.5,2026-09-27T17:00:00+00:00,2.5,0.058,0.63,0.704,NYG +2.5
2026-09-27,ARI,SF,8.4,7.8,14.3,0.64,0.706,0.79,0.062,CANDIDATE ARI,0.0,2026-09-23T07:20:59+00:00,2026-09-27_ARI_SF,,0.22,8.5,2026-09-27T20:05:00+00:00,8.5,-0.007,0.51,0.521,no edge (best ARI +8.5)
2026-09-27,MIN,TB,2.6,-2.3,12.2,0.44,0.427,0.47,-0.061,pass,0.0,2026-09-23T07:20:59+00:00,2026-09-27_MIN_TB,,0.53,-1.5,2026-09-27T20:05:00+00:00,1.5,0.044,0.56,0.621,MIN +1.5
2026-09-27,BAL,DAL,-2.9,-5.7,12.8,0.22,0.329,0.38,-0.067,pass,0.0,2026-09-23T07:20:59+00:00,2026-09-27_BAL_DAL,,0.62,-3.5,2026-09-27T20:25:00+00:00,3.5,0.069,0.48,0.567,BAL -3.5
2026-09-27,LV,NO,6.7,5.7,13.6,0.7,0.662,0.62,0.026,pass,0.0,2026-09-23T07:20:59+00:00,2026-09-27_LV_NO,,0.4,3.0,2026-09-27T20:25:00+00:00,2.5,0.041,0.67,0.726,NO +2.5
2026-09-27,LA,DEN,-1.0,-3.2,12.6,0.27,0.401,0.44,-0.056,pass,0.0,2026-09-23T07:20:59+00:00,2026-09-27_LA_DEN,,0.56,-2.5,2026-09-28T00:20:00+00:00,2.5,0.027,0.63,0.673,no edge (best LA +2.5)
2026-09-28,PHI,CHI,-2.3,-1.5,13.3,0.61,0.456,0.32,0.121,CANDIDATE CHI,0.0,2026-09-23T07:20:59+00:00,2026-09-28_PHI_CHI,,0.69,-4.5,2026-09-29T00:15:00+00:00,4.5,0.105,0.21,0.327,CHI -4.5
2026-10-01,PIT,CLE,-5.8,-4.2,13.1,0.45,0.375,0.44,-0.082,pass,0.0,2026-09-23T07:20:59+00:00,2026-10-01_PIT_CLE,,0.57,-3.0,2026-10-02T00:15:00+00:00,2.5,,,,
2026-09-24,ATL,GB,6.7,9.1,13.2,0.81,0.754,0.71,0.029,pass,0.0,2026-09-23T19:30:06+00:00,2026-09-24_ATL_GB,,0.3,4.5,2026-09-25T00:15:00+00:00,4.5,0.117,0.5,0.635,GB -4.5
2026-09-27,CAR,CLE,-3.4,-2.9,13.4,0.64,0.414,0.42,-0.023,pass,0.0,2026-09-23T19:30:06+00:00,2026-09-27_CAR_CLE,,0.59,-2.5,2026-09-27T17:00:00+00:00,2.5,0.001,0.64,0.657,no edge (best CAR +2.5)
2026-09-27,CIN,PIT,1.7,2.4,13.0,0.39,0.572,0.37,0.186,CANDIDATE PIT,0.0,2026-09-23T19:30:06+00:00,2026-09-27_CIN_PIT,,0.63,-3.5,2026-09-27T17:00:00+00:00,3.5,0.181,0.27,0.465,PIT -3.5
2026-09-27,HOU,IND,0.7,-1.1,12.5,0.66,0.466,0.43,0.019,pass,0.0,2026-09-23T19:30:06+00:00,2026-09-27_HOU_IND,,0.58,-2.5,2026-09-27T17:00:00+00:00,2.5,0.049,0.48,0.546,IND +2.5
2026-09-27,KC,MIA,-5.2,-6.1,12.6,0.19,0.314,0.15,0.155,CANDIDATE MIA,0.0,2026-09-23T19:30:06+00:00,2026-09-27_KC_MIA,,0.86,-11.5,2026-09-27T17:00:00+00:00,11.5,,,,
2026-09-27,LAC,BUF,8.1,9.6,12.8,0.6,0.773,0.76,0.001,pass,0.0,2026-09-23T19:30:06+00:00,2026-09-27_LAC_BUF,,0.25,7.0,2026-09-27T17:00:00+00:00,6.5,0.019,0.56,0.596,no edge (best BUF -6.5)
2026-09-27,NE,JAX,0.6,0.5,13.2,0.56,0.516,0.6,0.057,CANDIDATE NE,0.0,2026-09-23T19:30:06+00:00,2026-09-27_NE_JAX,,0.41,3.0,2026-09-27T17:00:00+00:00,2.5,0.082,0.46,0.56,NE +2.5
2026-09-27,NYJ,DET,11.4,12.9,13.3,0.89,0.833,0.73,0.089,CANDIDATE DET,0.0,2026-09-23T19:30:06+00:00,2026-09-27_NYJ_DET,,0.27,6.5,2026-09-27T17:00:00+00:00,6.5,0.146,0.52,0.684,DET -6.5
2026-09-27,SEA,WAS,-5.3,-7.9,13.2,0.83,0.276,0.26,0.002,pass,0.0,2026-09-23T19:30:06+00:00,2026-09-27_SEA_WAS,,0.75,-7.0,2026-09-27T17:00:00+00:00,6.5,0.001,0.13,0.138,no edge (best WAS -6.5)
2026-09-27,TEN,NYG,4.1,5.6,15.2,0.52,0.645,0.58,0.048,CANDIDATE NYG,0.0,2026-09-23T19:30:06+00:00,2026-09-27_TEN_NYG,,0.43,2.5,2026-09-27T17:00:00+00:00,2.5,0.058,0.63,0.704,NYG +2.5
2026-09-27,ARI,SF,8.4,7.8,14.3,0.64,0.706,0.79,0.062,CANDIDATE ARI,0.0,2026-09-23T19:30:06+00:00,2026-09-27_ARI_SF,,0.22,8.5,2026-09-27T20:05:00+00:00,8.5,0.003,0.5,0.521,no edge (best ARI +8.5)
2026-09-27,MIN,TB,2.6,-2.3,12.2,0.44,0.427,0.47,-0.061,pass,0.0,2026-09-23T19:30:06+00:00,2026-09-27_MIN_TB,,0.54,-1.5,2026-09-27T20:05:00+00:00,1.5,0.044,0.56,0.621,MIN +1.5
2026-09-27,BAL,DAL,-2.9,-5.7,12.8,0.22,0.329,0.38,-0.067,pass,0.0,2026-09-23T19:30:06+00:00,2026-09-27_BAL_DAL,,0.62,-3.5,2026-09-27T20:25:00+00:00,3.5,0.059,0.49,0.567,BAL -3.5
2026-09-27,LV,NO,6.7,5.7,13.6,0.7,0.662,0.62,0.026,pass,0.0,2026-09-23T19:30:06+00:00,2026-09-27_LV_NO,,0.39,3.0,2026-09-27T20:25:00+00:00,2.5,0.041,0.67,0.726,NO +2.5
2026-09-27,LA,DEN,-1.0,-3.2,12.6,0.27,0.401,0.43,-0.046,pass,0.0,2026-09-23T19:30:06+00:00,2026-09-27_LA_DEN,,0.57,-2.5,2026-09-28T00:20:00+00:00,2.5,0.027,0.63,0.673,no edge (best LA +2.5)
2026-09-28,PHI,CHI,-2.3,-1.5,13.3,0.61,0.456,0.32,0.121,CANDIDATE CHI,0.0,2026-09-23T19:30:06+00:00,2026-09-28_PHI_CHI,,0.69,-4.5,2026-09-29T00:15:00+00:00,4.5,0.105,0.21,0.327,CHI -4.5
2026-10-01,PIT,CLE,-5.8,-4.2,13.1,0.45,0.375,0.44,-0.082,pass,0.0,2026-09-23T19:30:06+00:00,2026-10-01_PIT_CLE,,0.58,-3.0,2026-10-02T00:15:00+00:00,2.5,,,,
2026-09-24,ATL,GB,6.7,9.1,13.2,0.81,0.754,0.7,0.039,pass,0.0,2026-09-24T07:40:13+00:00,2026-09-24_ATL_GB,,0.31,4.5,2026-09-25T00:15:00+00:00,4.5,0.107,0.51,0.635,GB -4.5
2026-09-27,CAR,CLE,-3.4,-2.9,13.4,0.64,0.414,0.42,-0.023,pass,0.0,2026-09-24T07:40:13+00:00,2026-09-27_CAR_CLE,,0.59,-2.5,2026-09-27T17:00:00+00:00,2.5,0.001,0.64,0.657,no edge (best CAR +2.5)
2026-09-27,CIN,PIT,1.7,2.4,13.0,0.39,0.572,0.38,0.176,CANDIDATE PIT,0.0,2026-09-24T07:40:13+00:00,2026-09-27_CIN_PIT,,0.63,-3.5,2026-09-27T17:00:00+00:00,3.5,0.171,0.28,0.465,PIT -3.5
2026-09-27,HOU,IND,0.7,-1.1,12.5,0.66,0.466,0.43,0.019,pass,0.0,2026-09-24T07:40:13+00:00,2026-09-27_HOU_IND,,0.58,-2.5,2026-09-27T17:00:00+00:00,2.5,0.039,0.49,0.546,no edge (best IND +2.5)
2026-09-27,KC,MIA,-5.2,-6.1,12.6,0.19,0.314,0.15,0.155,CANDIDATE MIA,0.0,2026-09-24T07:40:13+00:00,2026-09-27_KC_MIA,,0.86,-10.5,2026-09-27T17:00:00+00:00,10.5,0.14,0.48,0.637,MIA +10.5
2026-09-27,LAC,BUF,8.1,9.6,12.8,0.6,0.773,0.76,0.001,pass,0.0,2026-09-24T07:40:13+00:00,2026-09-27_LAC_BUF,,0.25,7.0,2026-09-27T17:00:00+00:00,6.5,0.019,0.56,0.596,no edge (best BUF -6.5)
2026-09-27,NE,JAX,0.6,0.5,13.2,0.56,0.516,0.6,0.047,CANDIDATE NE,0.0,2026-09-24T07:40:13+00:00,2026-09-27_NE_JAX,,0.42,3.0,2026-09-27T17:00:00+00:00,2.5,0.082,0.46,0.56,NE +2.5
2026-09-27,NYJ,DET,11.4,12.9,13.3,0.89,0.833,0.73,0.089,CANDIDATE DET,0.0,2026-09-24T07:40:13+00:00,2026-09-27_NYJ_DET,,0.28,6.5,2026-09-27T17:00:00+00:00,6.5,0.146,0.52,0.684,DET -6.5
2026-09-27,SEA,WAS,-5.3,-7.9,13.2,0.83,0.276,0.26,0.002,pass,0.0,2026-09-24T07:40:13+00:00,2026-09-27_SEA_WAS,,0.75,-7.0,2026-09-27T17:00:00+00:00,6.5,-0.018,0.46,0.459,no edge (best WAS +6.5)
2026-09-27,TEN,NYG,1.6,1.3,15.8,0.67,0.532,0.57,-0.055,pass,0.0,2026-09-24T07:40:13+00:00,2026-09-27_TEN_NYG,,0.43,3.0,2026-09-27T17:00:00+00:00,2.5,0.023,0.49,0.531,no edge (best TEN +2.5)
2026-09-27,ARI,SF,8.4,7.8,14.3,0.64,0.706,0.79,0.062,CANDIDATE ARI,0.0,2026-09-24T07:40:13+00:00,2026-09-27_ARI_SF,,0.22,8.5,2026-09-27T20:05:00+00:00,8.5,-0.007,0.51,0.521,no edge (best ARI +8.5)
2026-09-27,MIN,TB,2.6,-2.3,12.2,0.44,0.427,0.47,-0.061,pass,0.0,2026-09-24T07:40:13+00:00,2026-09-27_MIN_TB,,0.53,-1.5,2026-09-27T20:05:00+00:00,1.5,0.054,0.55,0.621,MIN +1.5
2026-09-27,BAL,DAL,-2.9,-5.7,12.8,0.22,0.329,0.38,-0.067,pass,0.0,2026-09-24T07:40:13+00:00,2026-09-27_BAL_DAL,,0.63,-3.5,2026-09-27T20:25:00+00:00,3.5,0.059,0.49,0.567,BAL -3.5
2026-09-27,LV,NO,6.7,5.7,13.6,0.7,0.662,0.62,0.026,pass,0.0,2026-09-24T07:40:13+00:00,2026-09-27_LV_NO,,0.39,3.0,2026-09-27T20:25:00+00:00,2.5,0.031,0.68,0.726,no edge (best NO +2.5)
2026-09-27,LA,DEN,-1.0,-3.2,12.6,0.27,0.401,0.43,-0.046,pass,0.0,2026-09-24T07:40:13+00:00,2026-09-27_LA_DEN,,0.58,-2.5,2026-09-28T00:20:00+00:00,2.5,0.027,0.63,0.673,no edge (best LA +2.5)
2026-09-28,PHI,CHI,-2.3,-1.5,13.3,0.61,0.456,0.32,0.121,CANDIDATE CHI,0.0,2026-09-24T07:40:13+00:00,2026-09-28_PHI_CHI,,0.7,-4.5,2026-09-29T00:15:00+00:00,4.5,0.074,0.24,0.327,CHI -4.5
2026-10-01,PIT,CLE,-5.8,-4.2,13.1,0.45,0.375,0.6,-0.242,pass,0.0,2026-09-24T07:40:13+00:00,2026-10-01_PIT_CLE,,0.57,-3.0,2026-10-02T00:15:00+00:00,2.5,,,,
2026-09-24,ATL,GB,6.7,9.1,13.2,0.81,0.754,0.7,0.039,pass,0.0,2026-09-24T19:58:07+00:00,2026-09-24_ATL_GB,,0.31,4.5,2026-09-25T00:15:00+00:00,4.5,0.088,0.53,0.635,GB -4.5
2026-09-27,CAR,CLE,-3.4,-2.9,13.4,0.64,0.414,0.43,-0.033,pass,0.0,2026-09-24T19:58:07+00:00,2026-09-27_CAR_CLE,,0.58,-2.5,2026-09-27T17:00:00+00:00,2.5,0.011,0.63,0.657,no edge (best CAR +2.5)
2026-09-27,CIN,PIT,1.7,2.4,13.0,0.39,0.572,0.38,0.176,CANDIDATE PIT,0.0,2026-09-24T19:58:07+00:00,2026-09-27_CIN_PIT,,0.63,-3.5,2026-09-27T17:00:00+00:00,3.5,0.171,0.28,0.465,PIT -3.5
2026-09-27,HOU,IND,0.7,-1.1,12.5,0.66,0.466,0.46,-0.011,pass,0.0,2026-09-24T19:58:07+00:00,2026-09-27_HOU_IND,,0.55,-1.5,2026-09-27T17:00:00+00:00,1.5,0.007,0.49,0.514,no edge (best IND +1.5)
2026-09-27,KC,MIA,-5.2,-6.1,12.6,0.19,0.314,0.15,0.155,CANDIDATE MIA,0.0,2026-09-24T19:58:07+00:00,2026-09-27_KC_MIA,,0.86,-10.5,2026-09-27T17:00:00+00:00,10.5,0.12,0.5,0.637,MIA +10.5
2026-09-27,LAC,BUF,8.1,9.6,12.8,0.6,0.773,0.76,0.001,pass,0.0,2026-09-24T19:58:07+00:00,2026-09-27_LAC_BUF,,0.25,7.0,2026-09-27T17:00:00+00:00,6.5,0.019,0.56,0.596,no edge (best BUF -6.5)
2026-09-27,NE,JAX,0.6,0.5,13.2,0.56,0.516,0.6,0.057,CANDIDATE NE,0.0,2026-09-24T19:58:07+00:00,2026-09-27_NE_JAX,,0.41,3.0,2026-09-27T17:00:00+00:00,2.5,0.082,0.46,0.56,NE +2.5
2026-09-27,NYJ,DET,11.4,12.9,13.3,0.89,0.833,0.73,0.089,CANDIDATE DET,0.0,2026-09-24T19:58:07+00:00,2026-09-27_NYJ_DET,,0.28,6.5,2026-09-27T17:00:00+00:00,6.5,0.146,0.52,0.684,DET -6.5
2026-09-27,SEA,WAS,-5.3,-7.9,13.2,0.83,0.276,0.26,0.002,pass,0.0,2026-09-24T19:58:07+00:00,2026-09-27_SEA_WAS,,0.76,-7.5,2026-09-27T17:00:00+00:00,7.5,0.027,0.09,0.122,no edge (best WAS -7.5)
2026-09-27,TEN,NYG,1.6,1.3,15.8,0.67,0.532,0.57,-0.055,pass,0.0,2026-09-24T19:58:07+00:00,2026-09-27_TEN_NYG,,0.44,2.5,2026-09-27T17:00:00+00:00,2.5,0.023,0.49,0.531,no edge (best TEN +2.5)
2026-09-27,ARI,SF,8.4,7.8,14.3,0.64,0.706,0.79,0.062,CANDIDATE ARI,0.0,2026-09-24T19:58:07+00:00,2026-09-27_ARI_SF,,0.22,8.5,2026-09-27T20:05:00+00:00,8.5,-0.007,0.51,0.521,no edge (best ARI +8.5)
2026-09-27,MIN,TB,2.6,-2.3,12.2,0.44,0.427,0.48,-0.071,pass,0.0,2026-09-24T19:58:07+00:00,2026-09-27_MIN_TB,,0.53,-1.5,2026-09-27T20:05:00+00:00,1.5,0.054,0.55,0.621,MIN +1.5
2026-09-27,BAL,DAL,-2.9,-5.7,12.8,0.22,0.329,0.38,-0.067,pass,0.0,2026-09-24T19:58:07+00:00,2026-09-27_BAL_DAL,,0.63,-3.5,2026-09-27T20:25:00+00:00,3.5,0.059,0.49,0.567,BAL -3.5
2026-09-27,LV,NO,6.7,5.7,13.6,0.7,0.662,0.62,0.026,pass,0.0,2026-09-24T19:58:07+00:00,2026-09-27_LV_NO,,0.39,3.0,2026-09-27T20:25:00+00:00,2.5,0.051,0.66,0.726,NO +2.5
2026-09-27,LA,DEN,-1.0,-3.2,12.6,0.27,0.401,0.43,-0.046,pass,0.0,2026-09-24T19:58:07+00:00,2026-09-27_LA_DEN,,0.58,-2.5,2026-09-28T00:20:00+00:00,2.5,0.047,0.61,0.673,LA +2.5
2026-09-28,PHI,CHI,-2.3,-1.5,13.3,0.61,0.456,0.32,0.121,CANDIDATE CHI,0.0,2026-09-24T19:58:07+00:00,2026-09-28_PHI_CHI,,0.69,-4.5,2026-09-29T00:15:00+00:00,4.5,0.105,0.21,0.327,CHI -4.5
2026-10-01,PIT,CLE,-5.8,-4.2,13.1,0.45,0.375,0.46,-0.102,pass,0.0,2026-09-24T19:58:07+00:00,2026-10-01_PIT_CLE,,0.57,-3.0,2026-10-02T00:15:00+00:00,2.5,,,,
2026-09-24,ATL,GB,6.7,9.1,13.2,0.81,0.754,0.7,0.039,pass,0.0,2026-09-24T22:18:33+00:00,2026-09-24_ATL_GB,,0.31,5.5,2026-09-25T00:15:00+00:00,5.5,0.099,0.49,0.606,GB -5.5
2026-09-27,CAR,CLE,-3.4,-2.9,13.4,0.64,0.414,0.43,-0.033,pass,0.0,2026-09-24T22:18:33+00:00,2026-09-27_CAR_CLE,,0.58,-2.5,2026-09-27T17:00:00+00:00,2.5,0.001,0.64,0.657,no edge (best CAR +2.5)
2026-09-27,CIN,PIT,1.7,2.4,13.0,0.39,0.572,0.38,0.176,CANDIDATE PIT,0.0,2026-09-24T22:18:33+00:00,2026-09-27_CIN_PIT,,0.63,-3.5,2026-09-27T17:00:00+00:00,3.5,0.181,0.27,0.465,PIT -3.5
2026-09-27,HOU,IND,0.7,-1.1,12.5,0.66,0.466,0.46,-0.011,pass,0.0,2026-09-24T22:18:33+00:00,2026-09-27_HOU_IND,,0.55,-1.5,2026-09-27T17:00:00+00:00,1.5,0.007,0.49,0.514,no edge (best IND +1.5)
2026-09-27,KC,MIA,-5.2,-6.1,12.6,0.19,0.314,0.15,0.155,CANDIDATE MIA,0.0,2026-09-24T22:18:33+00:00,2026-09-27_KC_MIA,,0.86,-10.5,2026-09-27T17:00:00+00:00,10.5,0.12,0.5,0.637,MIA +10.5
2026-09-27,LAC,BUF,8.1,9.6,12.8,0.6,0.773,0.76,0.001,pass,0.0,2026-09-24T22:18:33+00:00,2026-09-27_LAC_BUF,,0.25,7.0,2026-09-27T17:00:00+00:00,6.5,0.019,0.56,0.596,no edge (best BUF -6.5)
2026-09-27,NE,JAX,0.6,0.5,13.2,0.56,0.516,0.6,0.057,CANDIDATE NE,0.0,2026-09-24T22:18:33+00:00,2026-09-27_NE_JAX,,0.41,3.0,2026-09-27T17:00:00+00:00,2.5,0.082,0.46,0.56,NE +2.5
2026-09-27,NYJ,DET,11.4,12.9,13.3,0.89,0.833,0.73,0.089,CANDIDATE DET,0.0,2026-09-24T22:18:33+00:00,2026-09-27_NYJ_DET,,0.28,6.5,2026-09-27T17:00:00+00:00,6.5,0.156,0.51,0.684,DET -6.5
2026-09-27,SEA,WAS,-5.3,-7.9,13.2,0.83,0.276,0.25,0.013,pass,0.0,2026-09-24T22:18:33+00:00,2026-09-27_SEA_WAS,,0.76,-7.5,2026-09-27T17:00:00+00:00,7.5,0.027,0.09,0.122,no edge (best WAS -7.5)
2026-09-27,TEN,NYG,1.6,1.3,15.8,0.67,0.532,0.57,-0.055,pass,0.0,2026-09-24T22:18:33+00:00,2026-09-27_TEN_NYG,,0.44,2.5,2026-09-27T17:00:00+00:00,2.5,0.003,0.51,0.531,no edge (best TEN +2.5)
2026-09-27,ARI,SF,8.4,7.8,14.3,0.64,0.706,0.79,0.062,CANDIDATE ARI,0.0,2026-09-24T22:18:33+00:00,2026-09-27_ARI_SF,,0.22,8.5,2026-09-27T20:05:00+00:00,8.5,-0.007,0.51,0.521,no edge (best ARI +8.5)
2026-09-27,MIN,TB,2.6,-2.3,12.2,0.44,0.427,0.48,-0.071,pass,0.0,2026-09-24T22:18:33+00:00,2026-09-27_MIN_TB,,0.53,-1.5,2026-09-27T20:05:00+00:00,1.5,0.054,0.55,0.621,MIN +1.5
2026-09-27,BAL,DAL,-2.9,-5.7,12.8,0.22,0.329,0.38,-0.067,pass,0.0,2026-09-24T22:18:33+00:00,2026-09-27_BAL_DAL,,0.63,-3.5,2026-09-27T20:25:00+00:00,3.5,0.059,0.49,0.567,BAL -3.5
2026-09-27,LV,NO,6.7,5.7,13.6,0.7,0.662,0.62,0.026,pass,0.0,2026-09-24T22:18:33+00:00,2026-09-27_LV_NO,,0.39,3.0,2026-09-27T20:25:00+00:00,2.5,0.051,0.66,0.726,NO +2.5
2026-09-27,LA,DEN,-1.0,-3.2,12.6,0.27,0.401,0.43,-0.046,pass,0.0,2026-09-24T22:18:33+00:00,2026-09-27_LA_DEN,,0.57,-2.5,2026-09-28T00:20:00+00:00,2.5,0.057,0.6,0.673,LA +2.5
2026-09-28,PHI,CHI,-2.3,-1.5,13.3,0.61,0.456,0.32,0.121,CANDIDATE CHI,0.0,2026-09-24T22:18:33+00:00,2026-09-28_PHI_CHI,,0.69,-4.5,2026-09-29T00:15:00+00:00,4.5,0.115,0.2,0.327,CHI -4.5
2026-10-01,PIT,CLE,-5.8,-4.2,13.1,0.45,0.375,0.46,-0.102,pass,0.0,2026-09-24T22:18:33+00:00,2026-10-01_PIT_CLE,,0.57,-3.0,2026-10-02T00:15:00+00:00,2.5,,,,
2026-09-27,CAR,CLE,-3.4,-2.9,13.4,0.47,0.415,0.43,-0.032,pass,0.0,2026-09-25T07:49:53+00:00,2026-09-27_CAR_CLE,,0.58,-2.5,2026-09-27T17:00:00+00:00,2.5,0.01,0.63,0.656,no edge (best CAR +2.5)
2026-09-27,CIN,PIT,1.7,2.4,13.2,0.43,0.573,0.38,0.177,CANDIDATE PIT,0.0,2026-09-25T07:49:53+00:00,2026-09-27_CIN_PIT,,0.63,-3.5,2026-09-27T17:00:00+00:00,3.5,0.174,0.28,0.468,PIT -3.5
2026-09-27,HOU,IND,0.8,-0.4,12.5,0.6,0.486,0.46,0.009,pass,0.0,2026-09-25T07:49:53+00:00,2026-09-27_HOU_IND,,0.55,-1.5,2026-09-27T17:00:00+00:00,1.5,0.026,0.49,0.534,no edge (best IND +1.5)
2026-09-27,KC,MIA,-5.4,-6.0,12.3,0.16,0.314,0.15,0.156,CANDIDATE MIA,0.0,2026-09-25T07:49:53+00:00,2026-09-27_KC_MIA,,0.86,-10.5,2026-09-27T17:00:00+00:00,10.5,0.126,0.5,0.643,MIA +10.5
2026-09-27,LAC,BUF,8.0,9.9,13.0,0.69,0.777,0.76,0.004,pass,0.0,2026-09-25T07:49:53+00:00,2026-09-27_LAC_BUF,,0.25,7.0,2026-09-27T17:00:00+00:00,6.5,0.027,0.56,0.604,no edge (best BUF -6.5)
2026-09-27,NE,JAX,0.6,0.6,13.4,0.53,0.517,0.6,0.056,CANDIDATE NE,0.0,2026-09-25T07:49:53+00:00,2026-09-27_NE_JAX,,0.41,3.0,2026-09-27T17:00:00+00:00,2.5,0.08,0.46,0.557,NE +2.5
2026-09-27,NYJ,DET,11.4,13.2,13.3,0.48,0.84,0.73,0.096,CANDIDATE DET,0.0,2026-09-25T07:49:53+00:00,2026-09-27_NYJ_DET,,0.28,6.5,2026-09-27T17:00:00+00:00,6.5,0.166,0.51,0.694,DET -6.5
2026-09-27,SEA,WAS,-5.4,-7.4,13.4,0.88,0.291,0.25,0.028,pass,0.0,2026-09-25T07:49:53+00:00,2026-09-27_SEA_WAS,,0.76,-7.5,2026-09-27T17:00:00+00:00,7.5,0.038,0.09,0.133,no edge (best WAS -7.5)
2026-09-27,TEN,NYG,1.5,1.7,15.8,0.95,0.543,0.57,-0.044,pass,0.0,2026-09-25T07:49:53+00:00,2026-09-27_TEN_NYG,,0.44,2.5,2026-09-27T17:00:00+00:00,2.5,-0.007,0.51,0.52,no edge (best TEN +2.5)
2026-09-27,ARI,SF,8.3,7.5,14.5,0.69,0.697,0.79,0.071,CANDIDATE ARI,0.0,2026-09-25T07:49:53+00:00,2026-09-27_ARI_SF,,0.22,8.5,2026-09-27T20:05:00+00:00,8.5,0.011,0.5,0.528,no edge (best ARI +8.5)
2026-09-27,MIN,TB,2.6,-2.0,12.3,0.8,0.436,0.48,-0.062,pass,0.0,2026-09-25T07:49:53+00:00,2026-09-27_MIN_TB,,0.53,-1.5,2026-09-27T20:05:00+00:00,1.5,0.044,0.55,0.612,MIN +1.5
2026-09-27,BAL,DAL,-3.2,-5.7,13.0,0.48,0.33,0.38,-0.066,pass,0.0,2026-09-25T07:49:53+00:00,2026-09-27_BAL_DAL,,0.63,-3.5,2026-09-27T20:25:00+00:00,3.5,0.06,0.49,0.568,BAL -3.5
2026-09-27,LV,NO,6.8,6.1,13.7,0.81,0.673,0.62,0.036,pass,0.0,2026-09-25T07:49:53+00:00,2026-09-27_LV_NO,,0.39,3.0,2026-09-27T20:25:00+00:00,2.5,0.06,0.66,0.736,NO +2.5
2026-09-27,LA,DEN,-1.1,-2.9,12.9,0.43,0.41,0.45,-0.057,pass,0.0,2026-09-25T07:49:53+00:00,2026-09-27_LA_DEN,,0.56,-2.5,2026-09-28T00:20:00+00:00,2.5,0.037,0.61,0.664,no edge (best LA +2.5)
2026-09-28,PHI,CHI,-2.4,-1.2,13.2,0.69,0.463,0.32,0.127,CANDIDATE CHI,0.0,2026-09-25T07:49:53+00:00,2026-09-28_PHI_CHI,,0.69,-4.5,2026-09-29T00:15:00+00:00,4.5,0.11,0.21,0.331,CHI -4.5
2026-10-01,PIT,CLE,-5.8,-3.8,13.4,0.66,0.387,0.44,-0.071,pass,0.0,2026-09-25T07:49:53+00:00,2026-10-01_PIT_CLE,,0.57,-3.0,2026-10-02T00:15:00+00:00,2.5,0.036,0.63,0.683,no edge (best PIT +2.5)
2026-09-27,CAR,CLE,-3.4,-2.9,13.4,0.47,0.415,0.43,-0.032,pass,0.0,2026-09-25T20:00:09+00:00,2026-09-27_CAR_CLE,,0.58,-2.5,2026-09-27T17:00:00+00:00,2.5,0.01,0.63,0.656,no edge (best CAR +2.5)
2026-09-27,CIN,PIT,1.7,2.4,13.2,0.43,0.573,0.38,0.177,CANDIDATE PIT,0.0,2026-09-25T20:00:09+00:00,2026-09-27_CIN_PIT,,0.63,-3.5,2026-09-27T17:00:00+00:00,3.5,0.174,0.28,0.468,PIT -3.5
2026-09-27,HOU,IND,0.8,-0.4,12.5,0.6,0.486,0.47,-0.001,pass,0.0,2026-09-25T20:00:09+00:00,2026-09-27_HOU_IND,,0.55,-1.5,2026-09-27T17:00:00+00:00,1.5,0.026,0.49,0.534,no edge (best IND +1.5)
2026-09-27,KC,MIA,-5.4,-6.0,12.3,0.16,0.314,0.15,0.156,CANDIDATE MIA,0.0,2026-09-25T20:00:09+00:00,2026-09-27_KC_MIA,,0.86,-10.5,2026-09-27T17:00:00+00:00,10.5,0.126,0.5,0.643,MIA +10.5
2026-09-27,LAC,BUF,8.0,9.9,13.0,0.69,0.777,0.76,0.004,pass,0.0,2026-09-25T20:00:09+00:00,2026-09-27_LAC_BUF,,0.25,7.0,2026-09-27T17:00:00+00:00,6.5,0.027,0.56,0.604,no edge (best BUF -6.5)
2026-09-27,NE,JAX,0.6,0.6,13.4,0.53,0.517,0.6,0.056,CANDIDATE NE,0.0,2026-09-25T20:00:09+00:00,2026-09-27_NE_JAX,,0.41,3.0,2026-09-27T17:00:00+00:00,2.5,0.07,0.47,0.557,NE +2.5
2026-09-27,NYJ,DET,11.4,13.2,13.3,0.48,0.84,0.73,0.096,CANDIDATE DET,0.0,2026-09-25T20:00:09+00:00,2026-09-27_NYJ_DET,,0.28,6.5,2026-09-27T17:00:00+00:00,6.5,0.166,0.51,0.694,DET -6.5
2026-09-27,SEA,WAS,-5.4,-7.4,13.4,0.88,0.291,0.25,0.028,pass,0.0,2026-09-25T20:00:09+00:00,2026-09-27_SEA_WAS,,0.77,-7.5,2026-09-27T17:00:00+00:00,7.5,0.038,0.09,0.133,no edge (best WAS -7.5)
2026-09-27,TEN,NYG,1.5,1.7,15.8,0.95,0.543,0.56,-0.034,pass,0.0,2026-09-25T20:00:09+00:00,2026-09-27_TEN_NYG,,0.45,2.5,2026-09-27T17:00:00+00:00,2.5,-0.007,0.51,0.52,no edge (best TEN +2.5)
2026-09-27,ARI,SF,8.3,7.5,14.5,0.69,0.697,0.78,0.061,CANDIDATE ARI,0.0,2026-09-25T20:00:09+00:00,2026-09-27_ARI_SF,,0.23,8.5,2026-09-27T20:05:00+00:00,8.5,-0.009,0.52,0.528,no edge (best ARI +8.5)
2026-09-27,MIN,TB,2.6,-2.0,12.3,0.8,0.436,0.48,-0.062,pass,0.0,2026-09-25T20:00:09+00:00,2026-09-27_MIN_TB,,0.53,-1.5,2026-09-27T20:05:00+00:00,1.5,0.044,0.55,0.612,MIN +1.5
2026-09-27,BAL,DAL,-3.2,-5.7,13.0,0.48,0.33,0.38,-0.066,pass,0.0,2026-09-25T20:00:09+00:00,2026-09-27_BAL_DAL,,0.63,-3.5,2026-09-27T20:25:00+00:00,3.5,0.06,0.49,0.568,BAL -3.5
2026-09-27,LV,NO,6.8,6.1,13.7,0.81,0.673,0.63,0.027,pass,0.0,2026-09-25T20:00:09+00:00,2026-09-27_LV_NO,,0.39,3.0,2026-09-27T20:25:00+00:00,2.5,0.06,0.66,0.736,NO +2.5
2026-09-27,LA,DEN,-1.1,-2.9,12.9,0.43,0.41,0.46,-0.068,pass,0.0,2026-09-25T20:00:09+00:00,2026-09-27_LA_DEN,,0.55,-2.5,2026-09-28T00:20:00+00:00,2.5,0.037,0.61,0.664,no edge (best LA +2.5)
2026-09-28,PHI,CHI,-2.4,-1.2,13.2,0.69,0.463,0.32,0.127,CANDIDATE CHI,0.0,2026-09-25T20:00:09+00:00,2026-09-28_PHI_CHI,,0.69,-4.5,2026-09-29T00:15:00+00:00,4.5,0.099,0.22,0.331,CHI -4.5
2026-10-01,PIT,CLE,-5.8,-3.8,13.4,0.66,0.387,0.44,-0.071,pass,0.0,2026-09-25T20:00:09+00:00,2026-10-01_PIT_CLE,,0.57,-3.0,2026-10-02T00:15:00+00:00,2.5,0.036,0.63,0.683,no edge (best PIT +2.5)
2026-09-27,CAR,CLE,-3.4,-2.9,13.4,0.47,0.415,0.43,-0.032,pass,0.0,2026-09-25T22:15:07+00:00,2026-09-27_CAR_CLE,,0.58,-2.5,2026-09-27T17:00:00+00:00,2.5,0.01,0.63,0.656,no edge (best CAR +2.5)
2026-09-27,CIN,PIT,1.7,2.4,13.2,0.43,0.573,0.38,0.177,CANDIDATE PIT,0.0,2026-09-25T22:15:07+00:00,2026-09-27_CIN_PIT,,0.63,-3.0,2026-09-27T17:00:00+00:00,2.5,0.209,0.42,0.646,PIT +2.5
2026-09-27,HOU,IND,0.8,-0.4,12.5,0.6,0.486,0.47,-0.001,pass,0.0,2026-09-25T22:15:07+00:00,2026-09-27_HOU_IND,,0.55,-1.5,2026-09-27T17:00:00+00:00,1.5,0.026,0.49,0.534,no edge (best IND +1.5)
2026-09-27,KC,MIA,-5.4,-6.0,12.3,0.16,0.314,0.15,0.156,CANDIDATE MIA,0.0,2026-09-25T22:15:07+00:00,2026-09-27_KC_MIA,,0.86,-10.5,2026-09-27T17:00:00+00:00,10.5,0.126,0.5,0.643,MIA +10.5
2026-09-27,LAC,BUF,8.0,9.9,13.0,0.69,0.777,0.76,0.004,pass,0.0,2026-09-25T22:15:07+00:00,2026-09-27_LAC_BUF,,0.25,7.0,2026-09-27T17:00:00+00:00,6.5,0.027,0.56,0.604,no edge (best BUF -6.5)
2026-09-27,NE,JAX,0.6,0.6,13.4,0.53,0.517,0.6,0.056,CANDIDATE NE,0.0,2026-09-25T22:15:07+00:00,2026-09-27_NE_JAX,,0.41,3.0,2026-09-27T17:00:00+00:00,2.5,0.07,0.47,0.557,NE +2.5
2026-09-27,NYJ,DET,11.4,13.2,13.3,0.48,0.84,0.73,0.096,CANDIDATE DET,0.0,2026-09-25T22:15:07+00:00,2026-09-27_NYJ_DET,,0.28,6.5,2026-09-27T17:00:00+00:00,6.5,0.166,0.51,0.694,DET -6.5
2026-09-27,SEA,WAS,-5.4,-7.4,13.4,0.88,0.291,0.25,0.028,pass,0.0,2026-09-25T22:15:07+00:00,2026-09-27_SEA_WAS,,0.77,-7.5,2026-09-27T17:00:00+00:00,7.5,0.038,0.09,0.133,no edge (best WAS -7.5)
2026-09-27,TEN,NYG,1.5,1.7,15.8,0.95,0.543,0.56,-0.034,pass,0.0,2026-09-25T22:15:07+00:00,2026-09-27_TEN_NYG,,0.44,2.5,2026-09-27T17:00:00+00:00,2.5,-0.007,0.51,0.52,no edge (best TEN +2.5)
2026-09-27,ARI,SF,8.3,7.5,14.5,0.69,0.697,0.78,0.061,CANDIDATE ARI,0.0,2026-09-25T22:15:07+00:00,2026-09-27_ARI_SF,,0.23,8.5,2026-09-27T20:05:00+00:00,8.5,-0.009,0.52,0.528,no edge (best ARI +8.5)
2026-09-27,MIN,TB,2.6,-2.0,12.3,0.8,0.436,0.48,-0.062,pass,0.0,2026-09-25T22:15:07+00:00,2026-09-27_MIN_TB,,0.53,-1.5,2026-09-27T20:05:00+00:00,1.5,0.044,0.55,0.612,MIN +1.5
2026-09-27,BAL,DAL,-3.2,-5.7,13.0,0.48,0.33,0.38,-0.066,pass,0.0,2026-09-25T22:15:07+00:00,2026-09-27_BAL_DAL,,0.63,-3.5,2026-09-27T20:25:00+00:00,3.5,0.06,0.49,0.568,BAL -3.5
2026-09-27,LV,NO,6.8,6.1,13.7,0.81,0.673,0.63,0.027,pass,0.0,2026-09-25T22:15:07+00:00,2026-09-27_LV_NO,,0.39,3.0,2026-09-27T20:25:00+00:00,2.5,0.06,0.66,0.736,NO +2.5
2026-09-27,LA,DEN,-1.1,-2.9,12.9,0.43,0.41,0.46,-0.068,pass,0.0,2026-09-25T22:15:07+00:00,2026-09-27_LA_DEN,,0.55,-2.5,2026-09-28T00:20:00+00:00,2.5,0.047,0.6,0.664,LA +2.5
2026-09-28,PHI,CHI,-2.4,-1.2,13.2,0.69,0.463,0.32,0.127,CANDIDATE CHI,0.0,2026-09-25T22:15:07+00:00,2026-09-28_PHI_CHI,,0.69,-4.5,2026-09-29T00:15:00+00:00,4.5,0.11,0.21,0.331,CHI -4.5
2026-10-01,PIT,CLE,-5.8,-3.8,13.4,0.66,0.387,0.45,-0.081,pass,0.0,2026-09-25T22:15:07+00:00,2026-10-01_PIT_CLE,,0.57,-3.0,2026-10-02T00:15:00+00:00,2.5,0.036,0.63,0.683,no edge (best PIT +2.5)
2026-09-27,CAR,CLE,-3.4,-2.9,13.4,0.47,0.415,0.45,-0.052,pass,0.0,2026-09-26T07:42:42+00:00,2026-09-27_CAR_CLE,,0.57,-2.5,2026-09-27T17:00:00+00:00,2.5,0.019,0.62,0.656,no edge (best CAR +2.5)
2026-09-27,CIN,PIT,1.7,2.4,13.2,0.43,0.573,0.39,0.167,CANDIDATE PIT,0.0,2026-09-26T07:42:42+00:00,2026-09-27_CIN_PIT,,0.62,-3.5,2026-09-27T17:00:00+00:00,3.5,0.174,0.28,0.468,PIT -3.5
2026-09-27,HOU,IND,0.8,-0.4,12.5,0.6,0.486,0.47,-0.001,pass,0.0,2026-09-26T07:42:42+00:00,2026-09-27_HOU_IND,,0.55,-1.5,2026-09-27T17:00:00+00:00,1.5,0.016,0.5,0.534,no edge (best IND +1.5)
2026-09-27,KC,MIA,-5.4,-6.0,12.3,0.16,0.314,0.15,0.156,CANDIDATE MIA,0.0,2026-09-26T07:42:42+00:00,2026-09-27_KC_MIA,,0.86,-10.0,2026-09-27T17:00:00+00:00,9.5,0.125,0.47,0.613,MIA +9.5
2026-09-27,LAC,BUF,8.0,9.9,13.0,0.69,0.777,0.76,0.004,pass,0.0,2026-09-26T07:42:42+00:00,2026-09-27_LAC_BUF,,0.25,7.0,2026-09-27T17:00:00+00:00,6.5,0.027,0.56,0.604,no edge (best BUF -6.5)
2026-09-27,NE,JAX,0.6,0.6,13.4,0.53,0.517,0.6,0.056,CANDIDATE NE,0.0,2026-09-26T07:42:42+00:00,2026-09-27_NE_JAX,,0.41,3.0,2026-09-27T17:00:00+00:00,2.5,0.07,0.47,0.557,NE +2.5
2026-09-27,NYJ,DET,11.4,13.2,13.3,0.48,0.84,0.73,0.096,CANDIDATE DET,0.0,2026-09-26T07:42:42+00:00,2026-09-27_NYJ_DET,,0.28,6.5,2026-09-27T17:00:00+00:00,6.5,0.166,0.51,0.694,DET -6.5
2026-09-27,SEA,WAS,-5.4,-7.4,13.4,0.88,0.291,0.25,0.028,pass,0.0,2026-09-26T07:42:42+00:00,2026-09-27_SEA_WAS,,0.77,-7.5,2026-09-27T17:00:00+00:00,7.5,0.038,0.09,0.133,no edge (best WAS -7.5)
2026-09-27,TEN,NYG,1.5,1.7,15.8,0.95,0.543,0.56,-0.034,pass,0.0,2026-09-26T07:42:42+00:00,2026-09-27_TEN_NYG,,0.45,2.5,2026-09-27T17:00:00+00:00,2.5,-0.007,0.51,0.52,no edge (best TEN +2.5)
2026-09-27,ARI,SF,8.3,7.5,14.5,0.69,0.697,0.78,0.061,CANDIDATE ARI,0.0,2026-09-26T07:42:42+00:00,2026-09-27_ARI_SF,,0.23,8.5,2026-09-27T20:05:00+00:00,8.5,-0.019,0.53,0.528,no edge (best ARI +8.5)
2026-09-27,MIN,TB,2.6,-2.0,12.3,0.8,0.436,0.48,-0.062,pass,0.0,2026-09-26T07:42:42+00:00,2026-09-27_MIN_TB,,0.53,-1.5,2026-09-27T20:05:00+00:00,1.5,0.044,0.55,0.612,MIN +1.5
2026-09-27,BAL,DAL,-3.2,-5.7,13.0,0.48,0.33,0.38,-0.066,pass,0.0,2026-09-26T07:42:42+00:00,2026-09-27_BAL_DAL,,0.63,-3.5,2026-09-27T20:25:00+00:00,3.5,0.06,0.49,0.568,BAL -3.5
2026-09-27,LV,NO,6.8,6.1,13.7,0.81,0.673,0.62,0.036,pass,0.0,2026-09-26T07:42:42+00:00,2026-09-27_LV_NO,,0.39,3.0,2026-09-27T20:25:00+00:00,2.5,0.06,0.66,0.736,NO +2.5
2026-09-27,LA,DEN,-1.1,-2.9,12.9,0.43,0.41,0.46,-0.068,pass,0.0,2026-09-26T07:42:42+00:00,2026-09-27_LA_DEN,,0.55,-2.5,2026-09-28T00:20:00+00:00,2.5,0.047,0.6,0.664,LA +2.5
2026-09-28,PHI,CHI,-2.4,-1.2,13.2,0.69,0.463,0.32,0.127,CANDIDATE CHI,0.0,2026-09-26T07:42:42+00:00,2026-09-28_PHI_CHI,,0.69,-4.5,2026-09-29T00:15:00+00:00,4.5,0.099,0.22,0.331,CHI -4.5
2026-10-01,PIT,CLE,-5.8,-3.8,13.4,0.66,0.387,0.45,-0.081,pass,0.0,2026-09-26T07:42:42+00:00,2026-10-01_PIT_CLE,,0.57,-3.0,2026-10-02T00:15:00+00:00,2.5,0.036,0.63,0.683,no edge (best PIT +2.5)
2026-10-04,IND,WAS,-1.8,-3.1,12.7,0.35,0.404,0.35,0.038,pass,0.0,2026-09-26T07:42:42+00:00,2026-10-04_IND_WAS,,0.68,-4.5,2026-10-04T13:30:00+00:00,4.5,,,,
2026-10-04,ARI,NYG,0.0,0.8,14.7,0.9,0.521,0.56,-0.056,pass,0.0,2026-09-26T07:42:42+00:00,2026-10-04_ARI_NYG,,0.46,2.5,2026-10-04T17:00:00+00:00,2.5,,,,
2026-10-04,DAL,HOU,1.9,1.9,14.5,0.83,0.552,0.59,-0.055,pass,0.0,2026-09-26T07:42:42+00:00,2026-10-04_DAL_HOU,,0.43,3.0,2026-10-04T17:00:00+00:00,2.5,,,,
2026-10-04,GB,TB,2.7,1.8,13.5,1.38,0.552,0.48,0.055,CANDIDATE TB,0.0,2026-09-26T07:42:42+00:00,2026-10-04_GB_TB,,0.54,-1.5,2026-10-04T17:00:00+00:00,1.5,,,,
2026-10-04,JAX,CIN,-2.7,-2.1,13.1,0.78,0.436,0.59,0.117,CANDIDATE JAX,0.0,2026-09-26T07:42:42+00:00,2026-10-04_JAX_CIN,,0.43,3.0,2026-10-04T17:00:00+00:00,2.5,,,,
2026-10-04,LA,PHI,-0.9,-2.4,13.1,0.61,0.426,0.44,-0.031,pass,0.0,2026-09-26T07:42:42+00:00,2026-10-04_LA_PHI,,0.59,-1.5,2026-10-04T17:00:00+00:00,1.5,,,,
2026-10-04,NE,BUF,0.9,-1.2,12.8,1.04,0.464,0.71,0.201,CANDIDATE NE,0.0,2026-09-26T07:42:42+00:00,2026-10-04_NE_BUF,,0.32,5.5,2026-10-04T17:00:00+00:00,5.5,,,,
2026-10-04,NYJ,CHI,7.4,5.9,16.3,0.39,0.643,0.64,-0.013,pass,0.0,2026-09-26T07:42:42+00:00,2026-10-04_NYJ_CHI,,0.39,3.0,2026-10-04T17:00:00+00:00,2.5,,,,
2026-10-04,TEN,BAL,9.6,6.9,16.1,0.35,0.667,0.85,0.164,CANDIDATE TEN,0.0,2026-09-26T07:42:42+00:00,2026-10-04_TEN_BAL,,0.16,10.5,2026-10-04T17:00:00+00:00,10.5,,,,
2026-10-04,MIA,MIN,5.9,2.8,16.9,0.72,0.565,0.85,0.245,CANDIDATE MIA,0.0,2026-09-26T07:42:42+00:00,2026-10-04_MIA_MIN,,0.18,10.5,2026-10-04T20:05:00+00:00,10.5,,,,
2026-10-04,DEN,SF,2.8,5.2,14.2,0.9,0.643,0.6,0.026,pass,0.0,2026-09-26T07:42:42+00:00,2026-10-04_DEN_SF,,0.42,3.0,2026-10-04T20:25:00+00:00,2.5,,,,
2026-10-04,KC,LV,-7.3,-5.3,12.8,0.12,0.34,0.33,-0.006,pass,0.0,2026-09-26T07:42:42+00:00,2026-10-04_KC_LV,,0.7,-6.0,2026-10-04T20:25:00+00:00,5.5,,,,
2026-10-04,LAC,SEA,5.3,5.4,16.7,0.74,0.628,0.76,0.089,CANDIDATE LAC,0.0,2026-09-26T07:42:42+00:00,2026-10-04_LAC_SEA,,0.27,6.5,2026-10-04T20:25:00+00:00,6.5,,,,
2026-10-04,DET,CAR,-2.0,-2.8,13.6,0.4,0.419,0.45,-0.048,pass,0.0,2026-09-26T07:42:42+00:00,2026-10-04_DET_CAR,,0.58,-3.0,2026-10-05T00:20:00+00:00,2.5,,,,
2026-09-27,CAR,CLE,-3.4,-2.9,13.4,0.47,0.415,0.45,-0.052,pass,0.0,2026-09-26T19:11:37+00:00,2026-09-27_CAR_CLE,,0.57,-2.5,2026-09-27T17:00:00+00:00,2.5,0.019,0.62,0.656,no edge (best CAR +2.5)
2026-09-27,CIN,PIT,1.7,2.4,13.2,0.43,0.573,0.39,0.167,CANDIDATE PIT,0.0,2026-09-26T19:11:37+00:00,2026-09-27_CIN_PIT,,0.62,-3.5,2026-09-27T17:00:00+00:00,3.5,0.174,0.28,0.468,PIT -3.5
2026-09-27,HOU,IND,0.8,-0.4,12.5,0.6,0.486,0.47,-0.001,pass,0.0,2026-09-26T19:11:37+00:00,2026-09-27_HOU_IND,,0.54,-1.5,2026-09-27T17:00:00+00:00,1.5,0.016,0.5,0.534,no edge (best IND +1.5)
2026-09-27,KC,MIA,-5.4,-6.0,12.3,0.16,0.314,0.15,0.156,CANDIDATE MIA,0.0,2026-09-26T19:11:37+00:00,2026-09-27_KC_MIA,,0.86,-10.0,2026-09-27T17:00:00+00:00,9.5,0.125,0.47,0.613,MIA +9.5
2026-09-27,LAC,BUF,8.0,9.9,13.0,0.69,0.777,0.76,0.004,pass,0.0,2026-09-26T19:11:37+00:00,2026-09-27_LAC_BUF,,0.25,7.0,2026-09-27T17:00:00+00:00,6.5,0.027,0.56,0.604,no edge (best BUF -6.5)
2026-09-27,NE,JAX,0.6,0.6,13.4,0.53,0.517,0.6,0.056,CANDIDATE NE,0.0,2026-09-26T19:11:37+00:00,2026-09-27_NE_JAX,,0.41,3.0,2026-09-27T17:00:00+00:00,2.5,0.07,0.47,0.557,NE +2.5
2026-09-27,NYJ,DET,11.4,13.2,13.3,0.48,0.84,0.73,0.096,CANDIDATE DET,0.0,2026-09-26T19:11:37+00:00,2026-09-27_NYJ_DET,,0.28,6.5,2026-09-27T17:00:00+00:00,6.5,0.156,0.52,0.694,DET -6.5
2026-09-27,SEA,WAS,-5.4,-7.4,13.4,0.88,0.291,0.24,0.038,pass,0.0,2026-09-26T19:11:37+00:00,2026-09-27_SEA_WAS,,0.77,-7.5,2026-09-27T17:00:00+00:00,7.5,0.038,0.09,0.133,no edge (best WAS -7.5)
2026-09-27,TEN,NYG,1.5,1.7,15.8,0.95,0.543,0.56,-0.034,pass,0.0,2026-09-26T19:11:37+00:00,2026-09-27_TEN_NYG,,0.45,2.5,2026-09-27T17:00:00+00:00,2.5,-0.007,0.51,0.52,no edge (best TEN +2.5)
2026-09-27,ARI,SF,8.3,7.5,14.5,0.69,0.697,0.78,0.061,CANDIDATE ARI,0.0,2026-09-26T19:11:37+00:00,2026-09-27_ARI_SF,,0.23,8.5,2026-09-27T20:05:00+00:00,8.5,-0.019,0.53,0.528,no edge (best ARI +8.5)
2026-09-27,MIN,TB,2.6,-2.0,12.3,0.8,0.436,0.48,-0.062,pass,0.0,2026-09-26T19:11:37+00:00,2026-09-27_MIN_TB,,0.53,-1.5,2026-09-27T20:05:00+00:00,1.5,0.044,0.55,0.612,MIN +1.5
2026-09-27,BAL,DAL,-3.2,-5.7,13.0,0.48,0.33,0.38,-0.066,pass,0.0,2026-09-26T19:11:37+00:00,2026-09-27_BAL_DAL,,0.63,-3.0,2026-09-27T20:25:00+00:00,2.5,0.051,0.67,0.736,BAL +2.5
2026-09-27,LV,NO,6.8,6.1,13.7,0.81,0.673,0.62,0.036,pass,0.0,2026-09-26T19:11:37+00:00,2026-09-27_LV_NO,,0.39,3.0,2026-09-27T20:25:00+00:00,2.5,0.06,0.66,0.736,NO +2.5
2026-09-27,LA,DEN,-1.1,-2.9,12.9,0.43,0.41,0.46,-0.068,pass,0.0,2026-09-26T19:11:37+00:00,2026-09-27_LA_DEN,,0.55,-2.5,2026-09-28T00:20:00+00:00,2.5,0.057,0.59,0.664,LA +2.5
2026-09-28,PHI,CHI,-2.4,-1.2,13.2,0.69,0.463,0.37,0.076,CANDIDATE CHI,0.0,2026-09-26T19:11:37+00:00,2026-09-28_PHI_CHI,,0.64,-3.5,2026-09-29T00:15:00+00:00,3.5,0.086,0.26,0.359,CHI -3.5
2026-10-01,PIT,CLE,-5.8,-3.8,13.4,0.66,0.387,0.45,-0.081,pass,0.0,2026-09-26T19:11:37+00:00,2026-10-01_PIT_CLE,,0.57,-3.0,2026-10-02T00:15:00+00:00,2.5,0.036,0.63,0.683,no edge (best PIT +2.5)
2026-10-04,IND,WAS,-1.8,-3.1,12.7,0.35,0.404,0.35,0.038,pass,0.0,2026-09-26T19:11:37+00:00,2026-10-04_IND_WAS,,0.68,-4.5,2026-10-04T13:30:00+00:00,4.5,,,,
2026-10-04,ARI,NYG,0.0,0.8,14.7,0.9,0.521,0.57,-0.066,pass,0.0,2026-09-26T19:11:37+00:00,2026-10-04_ARI_NYG,,0.46,2.5,2026-10-04T17:00:00+00:00,2.5,,,,
2026-10-04,DAL,HOU,1.9,1.9,14.5,0.83,0.552,0.59,-0.055,pass,0.0,2026-09-26T19:11:37+00:00,2026-10-04_DAL_HOU,,0.44,3.0,2026-10-04T17:00:00+00:00,2.5,,,,
2026-10-04,GB,TB,2.7,1.8,13.5,1.38,0.552,0.49,0.045,CANDIDATE TB,0.0,2026-09-26T19:11:37+00:00,2026-10-04_GB_TB,,0.54,-1.5,2026-10-04T17:00:00+00:00,1.5,,,,
2026-10-04,JAX,CIN,-2.7,-2.1,13.1,0.78,0.436,0.59,0.117,CANDIDATE JAX,0.0,2026-09-26T19:11:37+00:00,2026-10-04_JAX_CIN,,0.43,3.0,2026-10-04T17:00:00+00:00,2.5,,,,
2026-10-04,LA,PHI,-0.9,-2.4,13.1,0.61,0.426,0.44,-0.031,pass,0.0,2026-09-26T19:11:37+00:00,2026-10-04_LA_PHI,,0.58,-1.5,2026-10-04T17:00:00+00:00,1.5,,,,
2026-10-04,NE,BUF,0.9,-1.2,12.8,1.04,0.464,0.71,0.201,CANDIDATE NE,0.0,2026-09-26T19:11:37+00:00,2026-10-04_NE_BUF,,0.32,5.5,2026-10-04T17:00:00+00:00,5.5,,,,
2026-10-04,NYJ,CHI,7.4,5.9,16.3,0.39,0.643,0.64,-0.013,pass,0.0,2026-09-26T19:11:37+00:00,2026-10-04_NYJ_CHI,,0.39,3.0,2026-10-04T17:00:00+00:00,2.5,,,,
2026-10-04,TEN,BAL,9.6,6.9,16.1,0.35,0.667,0.85,0.153,CANDIDATE TEN,0.0,2026-09-26T19:11:37+00:00,2026-10-04_TEN_BAL,,0.17,10.5,2026-10-04T17:00:00+00:00,10.5,,,,
2026-10-04,MIA,MIN,5.9,2.8,16.9,0.72,0.565,0.83,0.245,CANDIDATE MIA,0.0,2026-09-26T19:11:37+00:00,2026-10-04_MIA_MIN,,0.18,10.5,2026-10-04T20:05:00+00:00,10.5,,,,
2026-10-04,DEN,SF,2.8,5.2,14.2,0.9,0.643,0.6,0.026,pass,0.0,2026-09-26T19:11:37+00:00,2026-10-04_DEN_SF,,0.43,3.0,2026-10-04T20:25:00+00:00,2.5,,,,
2026-10-04,KC,LV,-7.3,-5.3,12.8,0.12,0.34,0.33,-0.006,pass,0.0,2026-09-26T19:11:37+00:00,2026-10-04_KC_LV,,0.71,-6.0,2026-10-04T20:25:00+00:00,5.5,,,,
2026-10-04,LAC,SEA,5.3,5.4,16.7,0.74,0.628,0.76,0.089,CANDIDATE LAC,0.0,2026-09-26T19:11:37+00:00,2026-10-04_LAC_SEA,,0.27,6.5,2026-10-04T20:25:00+00:00,6.5,,,,
2026-10-04,DET,CAR,-2.0,-2.8,13.6,0.4,0.419,0.45,-0.048,pass,0.0,2026-09-26T19:11:37+00:00,2026-10-04_DET_CAR,,0.58,-3.0,2026-10-05T00:20:00+00:00,2.5,,,,
2026-09-27,CAR,CLE,-3.4,-2.9,13.4,0.47,0.415,0.45,-0.052,pass,0.0,2026-09-26T21:57:03+00:00,2026-09-27_CAR_CLE,,0.55,-2.5,2026-09-27T17:00:00+00:00,2.5,0.029,0.61,0.656,no edge (best CAR +2.5)
2026-09-27,CIN,PIT,1.7,2.4,13.2,0.43,0.573,0.39,0.167,CANDIDATE PIT,0.0,2026-09-26T21:57:03+00:00,2026-09-27_CIN_PIT,,0.62,-3.5,2026-09-27T17:00:00+00:00,3.5,0.174,0.28,0.468,PIT -3.5
2026-09-27,HOU,IND,0.8,-0.4,12.5,0.6,0.486,0.47,-0.001,pass,0.0,2026-09-26T21:57:03+00:00,2026-09-27_HOU_IND,,0.54,-1.5,2026-09-27T17:00:00+00:00,1.5,0.016,0.5,0.534,no edge (best IND +1.5)
2026-09-27,KC,MIA,-5.4,-6.0,12.3,0.16,0.314,0.15,0.156,CANDIDATE MIA,0.0,2026-09-26T21:57:03+00:00,2026-09-27_KC_MIA,,0.86,-10.0,2026-09-27T17:00:00+00:00,9.5,0.125,0.47,0.613,MIA +9.5
2026-09-27,LAC,BUF,8.0,9.9,13.0,0.69,0.777,0.76,0.004,pass,0.0,2026-09-26T21:57:03+00:00,2026-09-27_LAC_BUF,,0.25,7.0,2026-09-27T17:00:00+00:00,6.5,0.027,0.56,0.604,no edge (best BUF -6.5)
2026-09-27,NE,JAX,0.6,0.6,13.4,0.53,0.517,0.6,0.056,CANDIDATE NE,0.0,2026-09-26T21:57:03+00:00,2026-09-27_NE_JAX,,0.41,3.0,2026-09-27T17:00:00+00:00,2.5,0.07,0.47,0.557,NE +2.5
2026-09-27,NYJ,DET,11.4,13.2,13.3,0.48,0.84,0.73,0.096,CANDIDATE DET,0.0,2026-09-26T21:57:03+00:00,2026-09-27_NYJ_DET,,0.28,6.5,2026-09-27T17:00:00+00:00,6.5,0.156,0.52,0.694,DET -6.5
2026-09-27,SEA,WAS,-5.4,-7.4,13.4,0.88,0.291,0.24,0.038,pass,0.0,2026-09-26T21:57:03+00:00,2026-09-27_SEA_WAS,,0.77,-7.5,2026-09-27T17:00:00+00:00,7.5,0.038,0.09,0.133,no edge (best WAS -7.5)
2026-09-27,TEN,NYG,1.5,1.7,15.8,0.95,0.543,0.56,-0.034,pass,0.0,2026-09-26T21:57:03+00:00,2026-09-27_TEN_NYG,,0.45,2.5,2026-09-27T17:00:00+00:00,2.5,-0.007,0.51,0.52,no edge (best TEN +2.5)
2026-09-27,ARI,SF,8.3,7.5,14.5,0.69,0.697,0.79,0.061,CANDIDATE ARI,0.0,2026-09-26T21:57:03+00:00,2026-09-27_ARI_SF,,0.23,8.5,2026-09-27T20:05:00+00:00,8.5,-0.019,0.53,0.528,no edge (best ARI +8.5)
2026-09-27,MIN,TB,2.6,-2.0,12.3,0.8,0.436,0.48,-0.062,pass,0.0,2026-09-26T21:57:03+00:00,2026-09-27_MIN_TB,,0.53,-1.5,2026-09-27T20:05:00+00:00,1.5,0.044,0.55,0.612,MIN +1.5
2026-09-27,BAL,DAL,-3.2,-5.7,13.0,0.48,0.33,0.38,-0.066,pass,0.0,2026-09-26T21:57:03+00:00,2026-09-27_BAL_DAL,,0.63,-3.0,2026-09-27T20:25:00+00:00,2.5,0.06,0.66,0.736,BAL +2.5
2026-09-27,LV,NO,6.8,6.1,13.7,0.81,0.673,0.62,0.036,pass,0.0,2026-09-26T21:57:03+00:00,2026-09-27_LV_NO,,0.39,3.0,2026-09-27T20:25:00+00:00,2.5,0.06,0.66,0.736,NO +2.5
2026-09-27,LA,DEN,-1.1,-2.9,12.9,0.43,0.41,0.46,-0.068,pass,0.0,2026-09-26T21:57:03+00:00,2026-09-27_LA_DEN,,0.55,-2.5,2026-09-28T00:20:00+00:00,2.5,0.047,0.6,0.664,LA +2.5
2026-09-28,PHI,CHI,-2.4,-1.2,13.2,0.69,0.463,0.37,0.076,CANDIDATE CHI,0.0,2026-09-26T21:57:03+00:00,2026-09-28_PHI_CHI,,0.64,-3.5,2026-09-29T00:15:00+00:00,3.5,0.086,0.26,0.359,CHI -3.5
2026-10-01,PIT,CLE,-5.8,-3.8,13.4,0.66,0.387,0.45,-0.081,pass,0.0,2026-09-26T21:57:03+00:00,2026-10-01_PIT_CLE,,0.57,-3.0,2026-10-02T00:15:00+00:00,2.5,0.036,0.63,0.683,no edge (best PIT +2.5)
2026-10-04,IND,WAS,-1.8,-3.1,12.7,0.35,0.404,0.35,0.038,pass,0.0,2026-09-26T21:57:03+00:00,2026-10-04_IND_WAS,,0.69,-4.5,2026-10-04T13:30:00+00:00,4.5,,,,
2026-10-04,ARI,NYG,0.0,0.8,14.7,0.9,0.521,0.56,-0.056,pass,0.0,2026-09-26T21:57:03+00:00,2026-10-04_ARI_NYG,,0.46,2.5,2026-10-04T17:00:00+00:00,2.5,,,,
2026-10-04,DAL,HOU,1.9,1.9,14.5,0.83,0.552,0.59,-0.055,pass,0.0,2026-09-26T21:57:03+00:00,2026-10-04_DAL_HOU,,0.45,3.0,2026-10-04T17:00:00+00:00,2.5,,,,
2026-10-04,GB,TB,2.7,1.8,13.5,1.38,0.552,0.5,0.035,pass,0.0,2026-09-26T21:57:03+00:00,2026-10-04_GB_TB,,0.54,-1.5,2026-10-04T17:00:00+00:00,1.5,,,,
2026-10-04,JAX,CIN,-2.7,-2.1,13.1,0.78,0.436,0.59,0.097,CANDIDATE JAX,0.0,2026-09-26T21:57:03+00:00,2026-10-04_JAX_CIN,,0.45,3.0,2026-10-04T17:00:00+00:00,2.5,,,,
2026-10-04,LA,PHI,-0.9,-2.4,13.1,0.61,0.426,0.44,-0.031,pass,0.0,2026-09-26T21:57:03+00:00,2026-10-04_LA_PHI,,0.58,-2.5,2026-10-04T17:00:00+00:00,2.5,,,,
2026-10-04,NE,BUF,0.9,-1.2,12.8,1.04,0.464,0.71,0.201,CANDIDATE NE,0.0,2026-09-26T21:57:03+00:00,2026-10-04_NE_BUF,,0.32,5.5,2026-10-04T17:00:00+00:00,5.5,,,,
2026-10-04,NYJ,CHI,7.4,5.9,16.3,0.39,0.643,0.65,-0.023,pass,0.0,2026-09-26T21:57:03+00:00,2026-10-04_NYJ_CHI,,0.39,3.0,2026-10-04T17:00:00+00:00,2.5,,,,
2026-10-04,TEN,BAL,9.6,6.9,16.1,0.35,0.667,0.85,0.153,CANDIDATE TEN,0.0,2026-09-26T21:57:03+00:00,2026-10-04_TEN_BAL,,0.17,10.5,2026-10-04T17:00:00+00:00,10.5,,,,
2026-10-04,MIA,MIN,5.9,2.8,16.9,0.72,0.565,0.84,0.245,CANDIDATE MIA,0.0,2026-09-26T21:57:03+00:00,2026-10-04_MIA_MIN,,0.18,10.5,2026-10-04T20:05:00+00:00,10.5,,,,
2026-10-04,DEN,SF,2.8,5.2,14.2,0.9,0.643,0.6,0.026,pass,0.0,2026-09-26T21:57:03+00:00,2026-10-04_DEN_SF,,0.42,3.0,2026-10-04T20:25:00+00:00,2.5,,,,
2026-10-04,KC,LV,-7.3,-5.3,12.8,0.12,0.34,0.31,0.015,pass,0.0,2026-09-26T21:57:03+00:00,2026-10-04_KC_LV,,0.71,-6.0,2026-10-04T20:25:00+00:00,5.5,,,,
2026-10-04,LAC,SEA,5.3,5.4,16.7,0.74,0.628,0.76,0.089,CANDIDATE LAC,0.0,2026-09-26T21:57:03+00:00,2026-10-04_LAC_SEA,,0.27,6.5,2026-10-04T20:25:00+00:00,6.5,,,,
2026-10-04,DET,CAR,-2.0,-2.8,13.6,0.4,0.419,0.45,-0.048,pass,0.0,2026-09-26T21:57:03+00:00,2026-10-04_DET_CAR,,0.58,-3.0,2026-10-05T00:20:00+00:00,2.5,,,,
2026-09-27,CAR,CLE,-3.4,-2.9,13.4,0.47,0.415,0.45,-0.052,pass,0.0,2026-09-27T08:11:00+00:00,2026-09-27_CAR_CLE,,0.55,-1.5,2026-09-27T17:00:00+00:00,1.5,0.031,0.58,0.628,no edge (best CAR +1.5)
2026-09-27,CIN,PIT,1.7,2.4,13.2,0.43,0.573,0.39,0.167,CANDIDATE PIT,0.0,2026-09-27T08:11:00+00:00,2026-09-27_CIN_PIT,,0.62,-3.5,2026-09-27T17:00:00+00:00,3.5,0.174,0.28,0.468,PIT -3.5
2026-09-27,HOU,IND,0.8,-0.4,12.5,0.6,0.486,0.47,-0.001,pass,0.0,2026-09-27T08:11:00+00:00,2026-09-27_HOU_IND,,0.54,-1.5,2026-09-27T17:00:00+00:00,1.5,0.016,0.5,0.534,no edge (best IND +1.5)
2026-09-27,KC,MIA,-5.4,-6.0,12.3,0.16,0.314,0.15,0.156,CANDIDATE MIA,0.0,2026-09-27T08:11:00+00:00,2026-09-27_KC_MIA,,0.86,-10.0,2026-09-27T17:00:00+00:00,9.5,0.105,0.49,0.613,MIA +9.5
2026-09-27,LAC,BUF,8.0,9.9,13.0,0.69,0.777,0.76,0.004,pass,0.0,2026-09-27T08:11:00+00:00,2026-09-27_LAC_BUF,,0.25,7.0,2026-09-27T17:00:00+00:00,6.5,0.027,0.56,0.604,no edge (best BUF -6.5)
2026-09-27,NE,JAX,0.6,0.6,13.4,0.53,0.517,0.6,0.056,CANDIDATE NE,0.0,2026-09-27T08:11:00+00:00,2026-09-27_NE_JAX,,0.41,3.0,2026-09-27T17:00:00+00:00,2.5,0.07,0.47,0.557,NE +2.5
2026-09-27,NYJ,DET,11.4,13.2,13.3,0.48,0.84,0.73,0.096,CANDIDATE DET,0.0,2026-09-27T08:11:00+00:00,2026-09-27_NYJ_DET,,0.28,6.5,2026-09-27T17:00:00+00:00,6.5,0.166,0.51,0.694,DET -6.5
2026-09-27,SEA,WAS,-5.4,-7.4,13.4,0.88,0.291,0.24,0.038,pass,0.0,2026-09-27T08:11:00+00:00,2026-09-27_SEA_WAS,,0.77,-8.5,2026-09-27T17:00:00+00:00,8.5,,,,
2026-09-27,TEN,NYG,1.5,1.7,15.8,0.95,0.543,0.56,-0.034,pass,0.0,2026-09-27T08:11:00+00:00,2026-09-27_TEN_NYG,,0.45,2.5,2026-09-27T17:00:00+00:00,2.5,-0.007,0.51,0.52,no edge (best TEN +2.5)
2026-09-27,ARI,SF,8.3,7.5,14.5,0.69,0.697,0.78,0.061,CANDIDATE ARI,0.0,2026-09-27T08:11:00+00:00,2026-09-27_ARI_SF,,0.23,7.5,2026-09-27T20:05:00+00:00,7.5,0.066,0.08,0.151,ARI -7.5
2026-09-27,MIN,TB,2.6,-2.0,12.3,0.8,0.436,0.48,-0.062,pass,0.0,2026-09-27T08:11:00+00:00,2026-09-27_MIN_TB,,0.53,-1.5,2026-09-27T20:05:00+00:00,1.5,0.044,0.55,0.612,MIN +1.5
2026-09-27,BAL,DAL,-3.2,-5.7,13.0,0.48,0.33,0.38,-0.066,pass,0.0,2026-09-27T08:11:00+00:00,2026-09-27_BAL_DAL,,0.63,-3.5,2026-09-27T20:25:00+00:00,3.5,0.07,0.48,0.568,BAL -3.5
2026-09-27,LV,NO,6.8,6.1,13.7,0.81,0.673,0.62,0.036,pass,0.0,2026-09-27T08:11:00+00:00,2026-09-27_LV_NO,,0.39,3.5,2026-09-27T20:25:00+00:00,3.5,0.079,0.48,0.576,NO -3.5
2026-09-27,LA,DEN,-1.1,-2.9,12.9,0.43,0.41,0.46,-0.068,pass,0.0,2026-09-27T08:11:00+00:00,2026-09-27_LA_DEN,,0.55,-2.5,2026-09-28T00:20:00+00:00,2.5,0.047,0.6,0.664,LA +2.5
2026-09-28,PHI,CHI,-2.4,-1.2,13.2,0.69,0.463,0.38,0.066,CANDIDATE CHI,0.0,2026-09-27T08:11:00+00:00,2026-09-28_PHI_CHI,,0.64,-3.5,2026-09-29T00:15:00+00:00,3.5,0.086,0.26,0.359,CHI -3.5
2026-10-01,PIT,CLE,-5.8,-3.8,13.4,0.66,0.387,0.44,-0.071,pass,0.0,2026-09-27T08:11:00+00:00,2026-10-01_PIT_CLE,,0.57,-3.0,2026-10-02T00:15:00+00:00,2.5,0.046,0.62,0.683,PIT +2.5
2026-10-04,IND,WAS,-1.8,-3.1,12.7,0.35,0.404,0.35,0.038,pass,0.0,2026-09-27T08:11:00+00:00,2026-10-04_IND_WAS,,0.68,-4.5,2026-10-04T13:30:00+00:00,4.5,,,,
2026-10-04,ARI,NYG,0.0,0.8,14.7,0.9,0.521,0.56,-0.056,pass,0.0,2026-09-27T08:11:00+00:00,2026-10-04_ARI_NYG,,0.46,2.5,2026-10-04T17:00:00+00:00,2.5,,,,
2026-10-04,DAL,HOU,1.9,1.9,14.5,0.83,0.552,0.59,-0.055,pass,0.0,2026-09-27T08:11:00+00:00,2026-10-04_DAL_HOU,,0.44,3.0,2026-10-04T17:00:00+00:00,2.5,,,,
2026-10-04,GB,TB,2.7,1.8,13.5,1.38,0.552,0.5,0.035,pass,0.0,2026-09-27T08:11:00+00:00,2026-10-04_GB_TB,,0.52,-1.5,2026-10-04T17:00:00+00:00,1.5,,,,
2026-10-04,JAX,CIN,-2.7,-2.1,13.1,0.78,0.436,0.59,0.097,CANDIDATE JAX,0.0,2026-09-27T08:11:00+00:00,2026-10-04_JAX_CIN,,0.45,3.0,2026-10-04T17:00:00+00:00,2.5,,,,
2026-10-04,LA,PHI,-0.9,-2.4,13.1,0.61,0.426,0.43,-0.021,pass,0.0,2026-09-27T08:11:00+00:00,2026-10-04_LA_PHI,,0.59,-2.5,2026-10-04T17:00:00+00:00,2.5,,,,
2026-10-04,NE,BUF,0.9,-1.2,12.8,1.04,0.464,0.71,0.211,CANDIDATE NE,0.0,2026-09-27T08:11:00+00:00,2026-10-04_NE_BUF,,0.31,5.5,2026-10-04T17:00:00+00:00,5.5,,,,
2026-10-04,NYJ,CHI,7.4,5.9,16.3,0.39,0.643,0.66,-0.033,pass,0.0,2026-09-27T08:11:00+00:00,2026-10-04_NYJ_CHI,,0.38,3.0,2026-10-04T17:00:00+00:00,2.5,,,,
2026-10-04,TEN,BAL,9.6,6.9,16.1,0.35,0.667,0.85,0.153,CANDIDATE TEN,0.0,2026-09-27T08:11:00+00:00,2026-10-04_TEN_BAL,,0.17,10.5,2026-10-04T17:00:00+00:00,10.5,,,,
2026-10-04,MIA,MIN,5.9,2.8,16.9,0.72,0.565,0.84,0.245,CANDIDATE MIA,0.0,2026-09-27T08:11:00+00:00,2026-10-04_MIA_MIN,,0.18,10.5,2026-10-04T20:05:00+00:00,10.5,,,,
2026-10-04,DEN,SF,2.8,5.2,14.2,0.9,0.643,0.6,0.026,pass,0.0,2026-09-27T08:11:00+00:00,2026-10-04_DEN_SF,,0.43,3.0,2026-10-04T20:25:00+00:00,2.5,,,,
2026-10-04,KC,LV,-7.3,-5.3,12.8,0.12,0.34,0.32,0.005,pass,0.0,2026-09-27T08:11:00+00:00,2026-10-04_KC_LV,,0.71,-6.0,2026-10-04T20:25:00+00:00,5.5,,,,
2026-10-04,LAC,SEA,5.3,5.4,16.7,0.74,0.628,0.76,0.089,CANDIDATE LAC,0.0,2026-09-27T08:11:00+00:00,2026-10-04_LAC_SEA,,0.27,6.5,2026-10-04T20:25:00+00:00,6.5,,,,
2026-10-04,DET,CAR,-2.0,-2.8,13.6,0.4,0.419,0.45,-0.048,pass,0.0,2026-09-27T08:11:00+00:00,2026-10-04_DET_CAR,,0.58,-3.0,2026-10-05T00:20:00+00:00,2.5,,,,
2026-10-05,ATL,NO,2.2,3.1,13.0,0.48,0.595,0.62,-0.042,pass,0.0,2026-09-27T08:11:00+00:00,2026-10-05_ATL_NO,,0.4,3.5,2026-10-06T00:15:00+00:00,3.5,,,,
2026-09-27,ARI,SF,8.3,7.5,14.5,0.69,0.697,0.78,0.061,CANDIDATE ARI,0.0,2026-09-27T19:44:24+00:00,2026-09-27_ARI_SF,,0.23,7.5,2026-09-27T20:05:00+00:00,7.5,0.066,0.08,0.151,ARI -7.5
2026-09-27,MIN,TB,2.6,-2.0,12.3,0.8,0.436,0.49,-0.072,pass,0.0,2026-09-27T19:44:24+00:00,2026-09-27_MIN_TB,,0.52,-1.5,2026-09-27T20:05:00+00:00,1.5,0.044,0.55,0.612,MIN +1.5
2026-09-27,BAL,DAL,-3.2,-5.7,13.0,0.48,0.33,0.38,-0.066,pass,0.0,2026-09-27T19:44:24+00:00,2026-09-27_BAL_DAL,,0.63,-3.0,2026-09-27T20:25:00+00:00,2.5,0.06,0.66,0.736,BAL +2.5
2026-09-27,LV,NO,6.8,6.1,13.7,0.81,0.673,0.63,0.027,pass,0.0,2026-09-27T19:44:24+00:00,2026-09-27_LV_NO,,0.38,3.5,2026-09-27T20:25:00+00:00,3.5,0.079,0.48,0.576,NO -3.5
2026-09-27,LA,DEN,-1.1,-2.9,12.9,0.43,0.41,0.46,-0.068,pass,0.0,2026-09-27T19:44:24+00:00,2026-09-27_LA_DEN,,0.54,-1.5,2026-09-28T00:20:00+00:00,1.5,0.038,0.58,0.635,no edge (best LA +1.5)
2026-09-28,PHI,CHI,-2.4,-1.2,13.2,0.69,0.463,0.35,0.097,CANDIDATE CHI,0.0,2026-09-27T19:44:24+00:00,2026-09-28_PHI_CHI,,0.66,-4.5,2026-09-29T00:15:00+00:00,4.5,0.089,0.23,0.331,CHI -4.5
2026-10-01,PIT,CLE,-5.8,-3.8,13.4,0.66,0.387,0.42,-0.05,pass,0.0,2026-09-27T19:44:24+00:00,2026-10-01_PIT_CLE,,0.59,,2026-10-02T00:15:00+00:00,,,,,
2026-10-04,IND,WAS,-1.8,-3.1,12.7,0.35,0.404,0.37,0.018,pass,0.0,2026-09-27T19:44:24+00:00,2026-10-04_IND_WAS,,0.7,,2026-10-04T13:30:00+00:00,,,,,
2026-10-04,ARI,NYG,0.0,0.8,14.7,0.9,0.521,0.58,-0.076,pass,0.0,2026-09-27T19:44:24+00:00,2026-10-04_ARI_NYG,,0.5,,2026-10-04T17:00:00+00:00,,,,,
2026-10-04,DAL,HOU,1.9,1.9,14.5,0.83,0.552,0.51,0.024,pass,0.0,2026-09-27T19:44:24+00:00,2026-10-04_DAL_HOU,,0.53,,2026-10-04T17:00:00+00:00,,,,,
2026-10-04,GB,TB,2.7,1.8,13.5,1.38,0.552,0.5,0.035,pass,0.0,2026-09-27T19:44:24+00:00,2026-10-04_GB_TB,,0.53,,2026-10-04T17:00:00+00:00,,,,,
2026-10-04,JAX,CIN,-2.7,-2.1,13.1,0.78,0.436,0.57,0.077,CANDIDATE JAX,0.0,2026-09-27T19:44:24+00:00,2026-10-04_JAX_CIN,,0.47,,2026-10-04T17:00:00+00:00,,,,,
2026-10-04,LA,PHI,-0.9,-2.4,13.1,0.61,0.426,0.44,-0.031,pass,0.0,2026-09-27T19:44:24+00:00,2026-10-04_LA_PHI,,0.58,,2026-10-04T17:00:00+00:00,,,,,
2026-10-04,NE,BUF,0.9,-1.2,12.8,1.04,0.464,0.72,0.191,CANDIDATE NE,0.0,2026-09-27T19:44:24+00:00,2026-10-04_NE_BUF,,0.33,,2026-10-04T17:00:00+00:00,,,,,
2026-10-04,NYJ,CHI,7.4,5.9,16.3,0.39,0.643,0.63,-0.004,pass,0.0,2026-09-27T19:44:24+00:00,2026-10-04_NYJ_CHI,,0.42,,2026-10-04T17:00:00+00:00,,,,,
2026-10-04,TEN,BAL,9.6,6.9,16.1,0.35,0.667,0.87,0.174,CANDIDATE TEN,0.0,2026-09-27T19:44:24+00:00,2026-10-04_TEN_BAL,,0.15,,2026-10-04T17:00:00+00:00,,,,,
2026-10-04,MIA,MIN,5.9,2.8,16.9,0.72,0.565,0.84,0.224,CANDIDATE MIA,0.0,2026-09-27T19:44:24+00:00,2026-10-04_MIA_MIN,,0.2,,2026-10-04T20:05:00+00:00,,,,,
2026-10-04,DEN,SF,2.8,5.2,14.2,0.9,0.643,0.61,0.016,pass,0.0,2026-09-27T19:44:24+00:00,2026-10-04_DEN_SF,,0.43,,2026-10-04T20:25:00+00:00,,,,,
2026-10-04,KC,LV,-7.3,-5.3,12.8,0.12,0.34,0.35,-0.026,pass,0.0,2026-09-27T19:44:24+00:00,2026-10-04_KC_LV,,0.71,,2026-10-04T20:25:00+00:00,,,,,
2026-10-04,LAC,SEA,5.3,5.4,16.7,0.74,0.628,0.72,-0.107,pass,0.0,2026-09-27T19:44:24+00:00,2026-10-04_LAC_SEA,,0.36,,2026-10-04T20:25:00+00:00,,,,,
2026-10-04,DET,CAR,-2.0,-2.8,13.6,0.4,0.419,0.44,-0.038,pass,0.0,2026-09-27T19:44:24+00:00,2026-10-04_DET_CAR,,0.58,,2026-10-05T00:20:00+00:00,,,,,
2026-10-05,ATL,NO,2.2,3.1,13.0,0.48,0.595,0.6,-0.022,pass,0.0,2026-09-27T19:44:24+00:00,2026-10-05_ATL_NO,,0.43,,2026-10-06T00:15:00+00:00,,,,,
2026-09-27,LA,DEN,-1.0,-2.7,13.0,0.39,0.418,0.49,0.054,CANDIDATE LA,0.0,2026-09-27T22:03:31+00:00,2026-09-27_LA_DEN,,0.51,-1.5,2026-09-28T00:20:00+00:00,1.5,0.049,0.56,0.626,LA +1.5
2026-09-28,PHI,CHI,-2.2,-1.1,13.1,0.97,0.467,0.35,0.101,CANDIDATE CHI,0.0,2026-09-27T22:03:31+00:00,2026-09-28_PHI_CHI,,0.66,-4.5,2026-09-29T00:15:00+00:00,4.5,0.092,0.23,0.334,CHI -4.5
2026-10-01,PIT,CLE,-4.8,-4.9,13.0,0.29,0.354,0.44,0.049,CANDIDATE PIT,0.0,2026-09-27T22:03:31+00:00,2026-10-01_PIT_CLE,,0.58,,2026-10-02T00:15:00+00:00,,,,,
2026-10-04,IND,WAS,-0.7,-2.6,12.8,0.42,0.418,0.38,0.022,pass,0.0,2026-09-27T22:03:31+00:00,2026-10-04_IND_WAS,,0.65,,2026-10-04T13:30:00+00:00,,,,,
2026-10-04,ARI,NYG,0.9,1.2,14.6,0.8,0.532,0.58,-0.065,pass,0.0,2026-09-27T22:03:31+00:00,2026-10-04_ARI_NYG,,0.47,,2026-10-04T17:00:00+00:00,,,,,
2026-10-04,DAL,HOU,2.3,2.9,14.8,0.73,0.577,0.54,0.02,pass,0.0,2026-09-27T22:03:31+00:00,2026-10-04_DAL_HOU,,0.49,,2026-10-04T17:00:00+00:00,,,,,
2026-10-04,GB,TB,2.8,2.6,13.9,1.07,0.574,0.51,0.046,CANDIDATE TB,0.0,2026-09-27T22:03:31+00:00,2026-10-04_GB_TB,,0.49,,2026-10-04T17:00:00+00:00,,,,,
2026-10-04,JAX,CIN,-3.3,-4.8,12.9,0.39,0.355,0.54,0.157,CANDIDATE JAX,0.0,2026-09-27T22:03:31+00:00,2026-10-04_JAX_CIN,,0.47,,2026-10-04T17:00:00+00:00,,,,,
2026-10-04,LA,PHI,-0.8,-2.4,13.3,0.6,0.43,0.44,-0.028,pass,0.0,2026-09-27T22:03:31+00:00,2026-10-04_LA_PHI,,0.57,,2026-10-04T17:00:00+00:00,,,,,
2026-10-04,NE,BUF,3.3,0.0,12.1,0.76,0.5,0.77,0.258,CANDIDATE NE,0.0,2026-09-27T22:03:31+00:00,2026-10-04_NE_BUF,,0.23,,2026-10-04T17:00:00+00:00,,,,,
2026-10-04,NYJ,CHI,7.6,6.9,15.9,0.35,0.668,0.62,0.032,pass,0.0,2026-09-27T22:03:31+00:00,2026-10-04_NYJ_CHI,,0.4,,2026-10-04T17:00:00+00:00,,,,,
2026-10-04,TEN,BAL,9.7,8.2,15.5,0.47,0.702,0.87,0.139,CANDIDATE TEN,0.0,2026-09-27T22:03:31+00:00,2026-10-04_TEN_BAL,,0.15,,2026-10-04T17:00:00+00:00,,,,,
2026-10-04,MIA,MIN,6.8,4.4,16.9,0.88,0.602,0.84,0.187,CANDIDATE MIA,0.0,2026-09-27T22:03:31+00:00,2026-10-04_MIA_MIN,,0.2,,2026-10-04T20:05:00+00:00,,,,,
2026-10-04,DEN,SF,2.7,4.9,14.1,0.84,0.636,0.67,-0.05,pass,0.0,2026-09-27T22:03:31+00:00,2026-10-04_DEN_SF,,0.38,,2026-10-04T20:25:00+00:00,,,,,
2026-10-04,KC,LV,-7.7,-6.0,12.9,0.2,0.321,0.3,0.006,pass,0.0,2026-09-27T22:03:31+00:00,2026-10-04_KC_LV,,0.72,,2026-10-04T20:25:00+00:00,,,,,
2026-10-04,LAC,SEA,5.3,6.2,16.2,0.37,0.65,0.74,0.077,CANDIDATE LAC,0.0,2026-09-27T22:03:31+00:00,2026-10-04_LAC_SEA,,0.26,,2026-10-04T20:25:00+00:00,,,,,
2026-10-04,DET,CAR,-1.5,-2.3,14.0,0.27,0.434,0.39,0.027,pass,0.0,2026-09-27T22:03:31+00:00,2026-10-04_DET_CAR,,0.63,,2026-10-05T00:20:00+00:00,,,,,
2026-10-05,ATL,NO,2.1,3.3,13.2,0.86,0.6,0.54,0.042,CANDIDATE NO,0.0,2026-09-27T22:03:31+00:00,2026-10-05_ATL_NO,,0.5,,2026-10-06T00:15:00+00:00,,,,,
2026-09-28,PHI,CHI,-2.1,-1.0,13.2,1.05,0.47,0.35,0.104,CANDIDATE CHI,0.0,2026-09-28T08:42:35+00:00,2026-09-28_PHI_CHI,,0.66,-3.5,2026-09-29T00:15:00+00:00,3.5,0.125,0.23,0.367,CHI -3.5
2026-10-01,PIT,CLE,-4.7,-5.1,12.9,0.24,0.344,0.44,0.068,CANDIDATE PIT,0.0,2026-09-28T08:42:35+00:00,2026-10-01_PIT_CLE,,0.57,-2.5,2026-10-02T00:15:00+00:00,2.5,0.078,0.63,0.724,PIT +2.5
2026-10-04,IND,WAS,-0.7,-2.5,12.8,0.34,0.424,0.4,0.007,pass,0.0,2026-09-28T08:42:35+00:00,2026-10-04_IND_WAS,,0.62,-3.0,2026-10-04T13:30:00+00:00,2.5,0.034,0.45,0.502,no edge (best WAS +2.5)
2026-10-04,ARI,NYG,0.7,-0.1,14.5,0.32,0.498,0.49,-0.01,pass,0.0,2026-09-28T08:42:35+00:00,2026-10-04_ARI_NYG,,0.53,-1.5,2026-10-04T17:00:00+00:00,1.5,-0.008,0.53,0.539,no edge (best NYG +1.5)
2026-10-04,DAL,HOU,2.7,2.4,14.4,1.26,0.565,0.57,-0.022,pass,0.0,2026-09-28T08:42:35+00:00,2026-10-04_DAL_HOU,,0.45,2.5,2026-10-04T17:00:00+00:00,2.5,-0.014,0.5,0.504,no edge (best DAL +2.5)
2026-10-04,GB,TB,2.6,3.3,14.0,0.58,0.592,0.4,0.175,CANDIDATE TB,0.0,2026-09-28T08:42:35+00:00,2026-10-04_GB_TB,,0.62,-3.5,2026-10-04T17:00:00+00:00,3.5,0.148,0.52,0.686,TB +3.5
2026-10-04,JAX,CIN,-3.4,-4.8,12.8,0.3,0.355,0.55,0.167,CANDIDATE JAX,0.0,2026-09-28T08:42:35+00:00,2026-10-04_JAX_CIN,,0.46,2.5,2026-10-04T17:00:00+00:00,2.5,0.187,0.51,0.714,JAX +2.5
2026-10-04,LA,PHI,-0.1,-2.2,12.9,0.63,0.432,0.46,-0.045,pass,0.0,2026-09-28T08:42:35+00:00,2026-10-04_LA_PHI,,0.57,-2.5,2026-10-04T17:00:00+00:00,2.5,-0.009,0.5,0.509,no edge (best PHI +2.5)
2026-10-04,NE,BUF,3.3,0.1,12.1,0.7,0.504,0.74,0.212,CANDIDATE NE,0.0,2026-09-28T08:42:35+00:00,2026-10-04_NE_BUF,,0.27,7.0,2026-10-04T17:00:00+00:00,6.5,0.213,0.47,0.701,NE +6.5
2026-10-04,NYJ,CHI,7.5,6.8,15.8,0.32,0.667,0.6,0.051,CANDIDATE CHI,0.0,2026-09-28T08:42:35+00:00,2026-10-04_NYJ_CHI,,0.42,3.0,2026-10-04T17:00:00+00:00,2.5,0.031,0.56,0.608,no edge (best CHI -2.5)
2026-10-04,TEN,BAL,9.7,9.6,15.1,0.34,0.738,0.87,0.103,CANDIDATE TEN,0.0,2026-09-28T08:42:35+00:00,2026-10-04_TEN_BAL,,0.15,11.5,2026-10-04T17:00:00+00:00,11.5,0.011,0.52,0.549,no edge (best TEN +11.5)
2026-10-04,MIA,MIN,7.4,5.8,16.6,0.93,0.638,0.84,0.183,CANDIDATE MIA,0.0,2026-09-28T08:42:35+00:00,2026-10-04_MIA_MIN,,0.17,10.0,2026-10-04T20:05:00+00:00,9.5,0.093,0.08,0.178,MIA -9.5
2026-10-04,DEN,SF,2.9,5.6,14.1,0.55,0.654,0.59,0.047,CANDIDATE SF,0.0,2026-09-28T08:42:35+00:00,2026-10-04_DEN_SF,,0.43,3.0,2026-10-04T20:25:00+00:00,2.5,0.039,0.53,0.586,no edge (best SF -2.5)
2026-10-04,KC,LV,-6.4,-6.2,12.6,0.18,0.31,0.36,-0.066,pass,0.0,2026-09-28T08:42:35+00:00,2026-10-04_KC_LV,,0.65,-5.5,2026-10-04T20:25:00+00:00,5.5,0.026,0.48,0.524,no edge (best KC -5.5)
2026-10-04,LAC,SEA,5.3,6.3,16.2,0.39,0.652,0.75,0.075,CANDIDATE LAC,0.0,2026-09-28T08:42:35+00:00,2026-10-04_LAC_SEA,,0.26,6.5,2026-10-04T20:25:00+00:00,6.5,0.097,0.11,0.214,LAC -6.5
2026-10-04,DET,CAR,-1.5,-2.1,13.9,0.39,0.439,0.39,0.032,pass,0.0,2026-09-28T08:42:35+00:00,2026-10-04_DET_CAR,,0.63,-3.0,2026-10-05T00:20:00+00:00,2.5,0.063,0.43,0.51,CAR +2.5
2026-10-05,ATL,NO,2.1,4.3,13.0,0.84,0.629,0.59,0.022,pass,0.0,2026-09-28T08:42:35+00:00,2026-10-05_ATL_NO,,0.43,3.0,2026-10-06T00:15:00+00:00,2.5,,,,
2026-09-28,PHI,CHI,-2.1,-1.0,13.2,1.05,0.47,0.37,0.084,CANDIDATE CHI,0.0,2026-09-28T21:54:51+00:00,2026-09-28_PHI_CHI,,0.64,-3.5,2026-09-29T00:15:00+00:00,3.5,0.093,0.26,0.367,CHI -3.5
2026-10-01,PIT,CLE,-4.7,-5.1,12.9,0.24,0.344,0.43,0.049,CANDIDATE PIT,0.0,2026-09-28T21:54:51+00:00,2026-10-01_PIT_CLE,,0.59,-2.5,2026-10-02T00:15:00+00:00,2.5,0.078,0.63,0.724,PIT +2.5
2026-10-04,IND,WAS,-0.7,-2.5,12.8,0.34,0.424,0.38,0.027,pass,0.0,2026-09-28T21:54:51+00:00,2026-10-04_IND_WAS,,0.64,-3.5,2026-10-04T13:30:00+00:00,3.5,0.047,0.26,0.321,WAS -3.5
2026-10-04,ARI,NYG,0.7,-0.1,14.5,0.32,0.498,0.5,-0.02,pass,0.0,2026-09-28T21:54:51+00:00,2026-10-04_ARI_NYG,,0.52,-1.5,2026-10-04T17:00:00+00:00,1.5,0.002,0.52,0.539,no edge (best NYG +1.5)
2026-10-04,DAL,HOU,2.7,2.4,14.4,1.26,0.565,0.57,-0.022,pass,0.0,2026-09-28T21:54:51+00:00,2026-10-04_DAL_HOU,,0.44,2.5,2026-10-04T17:00:00+00:00,2.5,-0.004,0.49,0.504,no edge (best DAL +2.5)
2026-10-04,GB,TB,2.6,3.3,14.0,0.58,0.592,0.37,0.206,CANDIDATE TB,0.0,2026-09-28T21:54:51+00:00,2026-10-04_GB_TB,,0.64,-3.5,2026-10-04T17:00:00+00:00,3.5,0.22,0.26,0.493,TB -3.5
2026-10-04,JAX,CIN,-3.4,-4.8,12.8,0.3,0.355,0.57,0.187,CANDIDATE JAX,0.0,2026-09-28T21:54:51+00:00,2026-10-04_JAX_CIN,,0.44,2.5,2026-10-04T17:00:00+00:00,2.5,0.207,0.49,0.714,JAX +2.5
2026-10-04,LA,PHI,-0.1,-2.2,12.9,0.63,0.432,0.45,-0.035,pass,0.0,2026-09-28T21:54:51+00:00,2026-10-04_LA_PHI,,0.57,-2.5,2026-10-04T17:00:00+00:00,2.5,-0.004,0.63,0.642,no edge (best LA +2.5)
2026-10-04,NE,BUF,3.3,0.1,12.1,0.7,0.504,0.75,0.212,CANDIDATE NE,0.0,2026-09-28T21:54:51+00:00,2026-10-04_NE_BUF,,0.27,7.0,2026-10-04T17:00:00+00:00,6.5,0.203,0.48,0.701,NE +6.5
2026-10-04,NYJ,CHI,7.5,6.8,15.8,0.32,0.667,0.6,0.051,CANDIDATE CHI,0.0,2026-09-28T21:54:51+00:00,2026-10-04_NYJ_CHI,,0.42,3.0,2026-10-04T17:00:00+00:00,2.5,0.051,0.54,0.608,CHI -2.5
2026-10-04,TEN,BAL,9.7,9.6,15.1,0.34,0.738,0.86,0.103,CANDIDATE TEN,0.0,2026-09-28T21:54:51+00:00,2026-10-04_TEN_BAL,,0.15,11.5,2026-10-04T17:00:00+00:00,11.5,0.011,0.52,0.549,no edge (best TEN +11.5)
2026-10-04,MIA,MIN,7.4,5.8,16.6,0.93,0.638,0.85,0.183,CANDIDATE MIA,0.0,2026-09-28T21:54:51+00:00,2026-10-04_MIA_MIN,,0.17,10.5,2026-10-04T20:05:00+00:00,10.5,0.12,0.04,0.162,MIA -10.5
2026-10-04,DEN,SF,2.9,5.6,14.1,0.55,0.654,0.58,0.057,CANDIDATE SF,0.0,2026-09-28T21:54:51+00:00,2026-10-04_DEN_SF,,0.43,3.0,2026-10-04T20:25:00+00:00,2.5,0.051,0.65,0.717,SF +2.5
2026-10-04,KC,LV,-6.4,-6.2,12.6,0.18,0.31,0.36,-0.066,pass,0.0,2026-09-28T21:54:51+00:00,2026-10-04_KC_LV,,0.66,-4.5,2026-10-04T20:25:00+00:00,4.5,0.038,0.5,0.555,no edge (best KC -4.5)
2026-10-04,LAC,SEA,5.3,6.3,16.2,0.39,0.652,0.75,0.064,CANDIDATE LAC,0.0,2026-09-28T21:54:51+00:00,2026-10-04_LAC_SEA,,0.27,6.5,2026-10-04T20:25:00+00:00,6.5,0.087,0.12,0.214,LAC -6.5
2026-10-04,DET,CAR,-1.5,-2.1,13.9,0.39,0.439,0.36,0.063,CANDIDATE CAR,0.0,2026-09-28T21:54:51+00:00,2026-10-04_DET_CAR,,0.65,-3.5,2026-10-05T00:20:00+00:00,3.5,0.079,0.25,0.342,CAR -3.5
2026-10-05,ATL,NO,2.1,4.3,13.0,0.84,0.629,0.59,0.022,pass,0.0,2026-09-28T21:54:51+00:00,2026-10-05_ATL_NO,,0.43,2.5,2026-10-06T00:15:00+00:00,2.5,,,,
2026-09-28,PHI,CHI,-2.1,-1.1,13.2,1.19,0.467,0.37,0.081,CANDIDATE CHI,0.0,2026-09-28T23:48:42+00:00,2026-09-28_PHI_CHI,,0.64,-3.5,2026-09-29T00:15:00+00:00,3.5,0.09,0.26,0.364,CHI -3.5
2026-10-01,PIT,CLE,-4.7,-5.1,12.9,0.24,0.346,0.43,0.047,CANDIDATE PIT,0.0,2026-09-28T23:48:42+00:00,2026-10-01_PIT_CLE,,0.59,-2.5,2026-10-02T00:15:00+00:00,2.5,0.076,0.63,0.722,PIT +2.5
2026-10-04,IND,WAS,-0.7,-2.5,12.8,0.36,0.423,0.37,0.037,pass,0.0,2026-09-28T23:48:42+00:00,2026-10-04_IND_WAS,,0.64,-3.5,2026-10-04T13:30:00+00:00,3.5,0.046,0.26,0.32,WAS -3.5
2026-10-04,ARI,NYG,0.7,-0.1,14.5,0.36,0.497,0.49,-0.011,pass,0.0,2026-09-28T23:48:42+00:00,2026-10-04_ARI_NYG,,0.52,-1.5,2026-10-04T17:00:00+00:00,1.5,0.001,0.52,0.538,no edge (best NYG +1.5)
2026-10-04,DAL,HOU,2.7,2.6,14.4,1.13,0.57,0.57,-0.017,pass,0.0,2026-09-28T23:48:42+00:00,2026-10-04_DAL_HOU,,0.44,2.5,2026-10-04T17:00:00+00:00,2.5,-0.009,0.49,0.499,no edge (best DAL +2.5)
2026-10-04,GB,TB,2.6,3.3,14.0,0.62,0.592,0.38,0.196,CANDIDATE TB,0.0,2026-09-28T23:48:42+00:00,2026-10-04_GB_TB,,0.63,-3.5,2026-10-04T17:00:00+00:00,3.5,0.209,0.27,0.493,TB -3.5
2026-10-04,JAX,CIN,-3.4,-4.8,12.8,0.28,0.353,0.57,0.19,CANDIDATE JAX,0.0,2026-09-28T23:48:42+00:00,2026-10-04_JAX_CIN,,0.44,2.5,2026-10-04T17:00:00+00:00,2.5,0.209,0.49,0.717,JAX +2.5
2026-10-04,LA,PHI,-0.1,-2.3,12.9,0.65,0.431,0.45,-0.037,pass,0.0,2026-09-28T23:48:42+00:00,2026-10-04_LA_PHI,,0.57,-2.5,2026-10-04T17:00:00+00:00,2.5,0.007,0.62,0.644,no edge (best LA +2.5)
2026-10-04,NE,BUF,3.3,0.0,12.1,0.63,0.501,0.75,0.216,CANDIDATE NE,0.0,2026-09-28T23:48:42+00:00,2026-10-04_NE_BUF,,0.27,7.0,2026-10-04T17:00:00+00:00,6.5,0.207,0.48,0.704,NE +6.5
2026-10-04,NYJ,CHI,7.5,6.8,15.8,0.35,0.667,0.6,0.05,CANDIDATE CHI,0.0,2026-09-28T23:48:42+00:00,2026-10-04_NYJ_CHI,,0.41,3.0,2026-10-04T17:00:00+00:00,2.5,0.046,0.66,0.722,CHI +2.5
2026-10-04,TEN,BAL,9.7,9.7,15.1,0.41,0.74,0.87,0.112,CANDIDATE TEN,0.0,2026-09-28T23:48:42+00:00,2026-10-04_TEN_BAL,,0.14,11.5,2026-10-04T17:00:00+00:00,11.5,0.01,0.52,0.547,no edge (best TEN +11.5)
2026-10-04,MIA,MIN,7.4,5.7,16.6,0.95,0.635,0.85,0.185,CANDIDATE MIA,0.0,2026-09-28T23:48:42+00:00,2026-10-04_MIA_MIN,,0.17,10.5,2026-10-04T20:05:00+00:00,10.5,0.122,0.04,0.164,MIA -10.5
2026-10-04,DEN,SF,2.9,5.6,14.1,0.5,0.655,0.58,0.058,CANDIDATE SF,0.0,2026-09-28T23:48:42+00:00,2026-10-04_DEN_SF,,0.44,3.0,2026-10-04T20:25:00+00:00,2.5,0.072,0.63,0.718,SF +2.5
2026-10-04,KC,LV,-6.4,-6.2,12.6,0.15,0.311,0.35,-0.055,pass,0.0,2026-09-28T23:48:42+00:00,2026-10-04_KC_LV,,0.66,-4.5,2026-10-04T20:25:00+00:00,4.5,0.036,0.5,0.554,no edge (best KC -4.5)
2026-10-04,LAC,SEA,5.3,6.4,16.1,0.34,0.653,0.75,0.063,CANDIDATE LAC,0.0,2026-09-28T23:48:42+00:00,2026-10-04_LAC_SEA,,0.27,7.0,2026-10-04T20:25:00+00:00,6.5,0.085,0.12,0.213,LAC -6.5
2026-10-04,DET,CAR,-1.5,-2.1,13.8,0.39,0.439,0.36,0.062,CANDIDATE CAR,0.0,2026-09-28T23:48:42+00:00,2026-10-04_DET_CAR,,0.65,-3.5,2026-10-05T00:20:00+00:00,3.5,0.079,0.25,0.342,CAR -3.5
2026-10-05,ATL,NO,2.1,4.3,13.0,0.79,0.629,0.58,0.032,pass,0.0,2026-09-28T23:48:42+00:00,2026-10-05_ATL_NO,,0.43,2.5,2026-10-06T00:15:00+00:00,2.5,,,,
2026-10-01,PIT,CLE,-4.6,-5.1,12.8,0.27,0.347,0.43,0.056,CANDIDATE PIT,0.0,2026-09-29T08:28:10+00:00,2026-10-01_PIT_CLE,,0.58,-2.5,2026-10-02T00:15:00+00:00,2.5,0.076,0.63,0.722,PIT +2.5
2026-10-04,IND,WAS,-0.7,-2.2,12.8,0.46,0.433,0.37,0.047,CANDIDATE WAS,0.0,2026-09-29T08:28:10+00:00,2026-10-04_IND_WAS,,0.64,-3.5,2026-10-04T13:30:00+00:00,3.5,0.045,0.27,0.329,WAS -3.5
2026-10-04,ARI,NYG,0.9,0.2,14.4,0.21,0.505,0.49,-0.002,pass,0.0,2026-09-29T08:28:10+00:00,2026-10-04_ARI_NYG,,0.53,-1.5,2026-10-04T17:00:00+00:00,1.5,0.019,0.51,0.547,no edge (best NYG +1.5)
2026-10-04,DAL,HOU,2.7,2.8,14.4,1.52,0.577,0.57,-0.01,pass,0.0,2026-09-29T08:28:10+00:00,2026-10-04_DAL_HOU,,0.45,2.5,2026-10-04T17:00:00+00:00,2.5,-0.003,0.63,0.643,no edge (best HOU +2.5)
2026-10-04,GB,TB,2.6,2.9,14.0,0.72,0.581,0.37,0.195,CANDIDATE TB,0.0,2026-09-29T08:28:10+00:00,2026-10-04_GB_TB,,0.65,-3.5,2026-10-04T17:00:00+00:00,3.5,0.188,0.28,0.482,TB -3.5
2026-10-04,JAX,CIN,-3.3,-4.9,12.8,0.31,0.351,0.58,0.192,CANDIDATE JAX,0.0,2026-09-29T08:28:10+00:00,2026-10-04_JAX_CIN,,0.44,2.5,2026-10-04T17:00:00+00:00,2.5,0.211,0.49,0.718,JAX +2.5
2026-10-04,LA,PHI,-0.7,-3.2,13.1,0.7,0.402,0.41,-0.025,pass,0.0,2026-09-29T08:28:10+00:00,2026-10-04_LA_PHI,,0.61,-2.5,2026-10-04T17:00:00+00:00,2.5,0.01,0.45,0.477,no edge (best PHI +2.5)
2026-10-04,NE,BUF,3.4,-0.0,12.1,1.03,0.499,0.74,0.207,CANDIDATE NE,0.0,2026-09-29T08:28:10+00:00,2026-10-04_NE_BUF,,0.28,7.0,2026-10-04T17:00:00+00:00,6.5,0.207,0.48,0.705,NE +6.5
2026-10-04,NYJ,CHI,8.9,9.4,15.7,0.51,0.725,0.65,0.059,CANDIDATE CHI,0.0,2026-09-29T08:28:10+00:00,2026-10-04_NYJ_CHI,,0.37,3.5,2026-10-04T17:00:00+00:00,3.5,0.138,0.49,0.646,CHI -3.5
2026-10-04,TEN,BAL,9.8,10.0,15.2,0.5,0.744,0.86,0.097,CANDIDATE TEN,0.0,2026-09-29T08:28:10+00:00,2026-10-04_TEN_BAL,,0.15,11.5,2026-10-04T17:00:00+00:00,11.5,0.013,0.51,0.541,no edge (best TEN +11.5)
2026-10-04,MIA,MIN,7.4,5.8,16.5,0.9,0.638,0.84,0.182,CANDIDATE MIA,0.0,2026-09-29T08:28:10+00:00,2026-10-04_MIA_MIN,,0.17,10.5,2026-10-04T20:05:00+00:00,10.5,0.119,0.04,0.161,MIA -10.5
2026-10-04,DEN,SF,3.1,5.6,14.2,0.76,0.654,0.58,0.057,CANDIDATE SF,0.0,2026-09-29T08:28:10+00:00,2026-10-04_DEN_SF,,0.44,3.0,2026-10-04T20:25:00+00:00,2.5,0.06,0.64,0.716,SF +2.5
2026-10-04,KC,LV,-6.4,-6.2,12.6,0.14,0.312,0.36,-0.064,pass,0.0,2026-09-29T08:28:10+00:00,2026-10-04_KC_LV,,0.65,-4.5,2026-10-04T20:25:00+00:00,4.5,0.036,0.5,0.553,no edge (best KC -4.5)
2026-10-04,LAC,SEA,5.5,6.9,16.2,0.57,0.666,0.75,0.051,CANDIDATE LAC,0.0,2026-09-29T08:28:10+00:00,2026-10-04_LAC_SEA,,0.27,7.0,2026-10-04T20:25:00+00:00,6.5,0.076,0.12,0.203,LAC -6.5
2026-10-04,DET,CAR,-1.5,-2.4,13.8,0.39,0.431,0.36,0.055,CANDIDATE CAR,0.0,2026-09-29T08:28:10+00:00,2026-10-04_DET_CAR,,0.65,-3.5,2026-10-05T00:20:00+00:00,3.5,0.071,0.25,0.334,CAR -3.5
2026-10-05,ATL,NO,1.9,4.5,13.0,0.58,0.635,0.58,0.038,pass,0.0,2026-09-29T08:28:10+00:00,2026-10-05_ATL_NO,,0.43,3.0,2026-10-06T00:15:00+00:00,2.5,0.039,0.65,0.705,no edge (best NO +2.5)
2026-10-01,PIT,CLE,-4.6,-5.1,12.8,0.27,0.347,0.43,0.056,CANDIDATE PIT,0.0,2026-09-29T20:43:02+00:00,2026-10-01_PIT_CLE,,0.58,-2.5,2026-10-02T00:15:00+00:00,2.5,0.066,0.64,0.722,PIT +2.5
2026-10-04,IND,WAS,-0.7,-2.2,12.8,0.46,0.433,0.37,0.047,CANDIDATE WAS,0.0,2026-09-29T20:43:02+00:00,2026-10-04_IND_WAS,,0.65,-3.5,2026-10-04T13:30:00+00:00,3.5,0.066,0.25,0.329,WAS -3.5
2026-10-04,ARI,NYG,0.9,0.2,14.4,0.21,0.505,0.48,0.008,pass,0.0,2026-09-29T20:43:02+00:00,2026-10-04_ARI_NYG,,0.53,-1.5,2026-10-04T17:00:00+00:00,1.5,0.019,0.51,0.547,no edge (best NYG +1.5)
2026-10-04,DAL,HOU,2.7,2.8,14.4,1.52,0.577,0.57,-0.01,pass,0.0,2026-09-29T20:43:02+00:00,2026-10-04_DAL_HOU,,0.44,2.5,2026-10-04T17:00:00+00:00,2.5,-0.003,0.63,0.643,no edge (best HOU +2.5)
2026-10-04,GB,TB,-0.6,-1.8,14.0,0.88,0.448,0.37,0.061,CANDIDATE TB,0.0,2026-09-29T20:43:02+00:00,2026-10-04_GB_TB,,0.64,-3.5,2026-10-04T17:00:00+00:00,3.5,0.088,0.25,0.351,TB -3.5
2026-10-04,JAX,CIN,-3.3,-4.9,12.8,0.31,0.351,0.58,0.202,CANDIDATE JAX,0.0,2026-09-29T20:43:02+00:00,2026-10-04_JAX_CIN,,0.43,2.5,2026-10-04T17:00:00+00:00,2.5,0.211,0.49,0.718,JAX +2.5
2026-10-04,LA,PHI,-0.7,-3.2,13.1,0.7,0.402,0.41,-0.025,pass,0.0,2026-09-29T20:43:02+00:00,2026-10-04_LA_PHI,,0.61,-3.0,2026-10-04T17:00:00+00:00,2.5,0.01,0.45,0.477,no edge (best PHI +2.5)
2026-10-04,NE,BUF,3.4,-0.0,12.1,1.03,0.499,0.74,0.217,CANDIDATE NE,0.0,2026-09-29T20:43:02+00:00,2026-10-04_NE_BUF,,0.27,7.0,2026-10-04T17:00:00+00:00,6.5,0.197,0.49,0.705,NE +6.5
2026-10-04,NYJ,CHI,8.9,9.4,15.7,0.51,0.725,0.63,0.079,CANDIDATE CHI,0.0,2026-09-29T20:43:02+00:00,2026-10-04_NYJ_CHI,,0.39,3.0,2026-10-04T17:00:00+00:00,2.5,0.072,0.58,0.669,CHI -2.5
2026-10-04,TEN,BAL,9.8,10.0,15.2,0.5,0.744,0.86,0.097,CANDIDATE TEN,0.0,2026-09-29T20:43:02+00:00,2026-10-04_TEN_BAL,,0.15,11.5,2026-10-04T17:00:00+00:00,11.5,0.013,0.51,0.541,no edge (best TEN +11.5)
2026-10-04,MIA,MIN,7.4,5.8,16.5,0.9,0.638,0.85,0.182,CANDIDATE MIA,0.0,2026-09-29T20:43:02+00:00,2026-10-04_MIA_MIN,,0.17,10.5,2026-10-04T20:05:00+00:00,10.5,0.119,0.04,0.161,MIA -10.5
2026-10-04,DEN,SF,3.1,5.6,14.2,0.76,0.654,0.58,0.057,CANDIDATE SF,0.0,2026-09-29T20:43:02+00:00,2026-10-04_DEN_SF,,0.43,3.0,2026-10-04T20:25:00+00:00,2.5,0.07,0.63,0.716,SF +2.5
2026-10-04,KC,LV,-6.4,-6.2,12.6,0.14,0.312,0.36,-0.064,pass,0.0,2026-09-29T20:43:02+00:00,2026-10-04_KC_LV,,0.66,-4.5,2026-10-04T20:25:00+00:00,4.5,0.046,0.49,0.553,KC -4.5
2026-10-04,LAC,SEA,5.5,6.9,16.2,0.57,0.666,0.75,0.051,CANDIDATE LAC,0.0,2026-09-29T20:43:02+00:00,2026-10-04_LAC_SEA,,0.27,7.0,2026-10-04T20:25:00+00:00,6.5,0.065,0.13,0.203,LAC -6.5
2026-10-04,DET,CAR,-1.5,-2.4,13.8,0.39,0.431,0.36,0.055,CANDIDATE CAR,0.0,2026-09-29T20:43:02+00:00,2026-10-04_DET_CAR,,0.65,-3.5,2026-10-05T00:20:00+00:00,3.5,0.081,0.24,0.334,CAR -3.5
2026-10-05,ATL,NO,1.9,4.5,13.0,0.58,0.635,0.59,0.028,pass,0.0,2026-09-29T20:43:02+00:00,2026-10-05_ATL_NO,,0.43,3.0,2026-10-06T00:15:00+00:00,2.5,0.039,0.65,0.705,no edge (best NO +2.5)
2026-10-01,PIT,CLE,-4.6,-5.1,12.8,0.27,0.347,0.43,0.056,CANDIDATE PIT,0.0,2026-09-29T22:56:17+00:00,2026-10-01_PIT_CLE,,0.58,-2.5,2026-10-02T00:15:00+00:00,2.5,0.066,0.64,0.722,PIT +2.5
2026-10-04,IND,WAS,-0.7,-2.2,12.8,0.46,0.433,0.36,0.057,CANDIDATE WAS,0.0,2026-09-29T22:56:17+00:00,2026-10-04_IND_WAS,,0.65,-3.5,2026-10-04T13:30:00+00:00,3.5,0.066,0.25,0.329,WAS -3.5
2026-10-04,ARI,NYG,0.9,0.2,14.4,0.21,0.505,0.47,0.018,pass,0.0,2026-09-29T22:56:17+00:00,2026-10-04_ARI_NYG,,0.54,-1.5,2026-10-04T17:00:00+00:00,1.5,0.019,0.51,0.547,no edge (best NYG +1.5)
2026-10-04,DAL,HOU,2.7,2.8,14.4,1.52,0.577,0.57,-0.01,pass,0.0,2026-09-29T22:56:17+00:00,2026-10-04_DAL_HOU,,0.44,2.5,2026-10-04T17:00:00+00:00,2.5,-0.003,0.63,0.643,no edge (best HOU +2.5)
2026-10-04,GB,TB,-0.6,-1.8,14.0,0.88,0.448,0.36,0.071,CANDIDATE TB,0.0,2026-09-29T22:56:17+00:00,2026-10-04_GB_TB,,0.65,-3.5,2026-10-04T17:00:00+00:00,3.5,0.078,0.26,0.351,TB -3.5
2026-10-04,JAX,CIN,-3.3,-4.9,12.8,0.31,0.351,0.57,0.192,CANDIDATE JAX,0.0,2026-09-29T22:56:17+00:00,2026-10-04_JAX_CIN,,0.44,2.5,2026-10-04T17:00:00+00:00,2.5,0.211,0.49,0.718,JAX +2.5
2026-10-04,LA,PHI,-0.7,-3.2,13.1,0.7,0.402,0.41,-0.025,pass,0.0,2026-09-29T22:56:17+00:00,2026-10-04_LA_PHI,,0.61,-3.0,2026-10-04T17:00:00+00:00,2.5,0.01,0.45,0.477,no edge (best PHI +2.5)
2026-10-04,NE,BUF,3.4,-0.0,12.1,1.03,0.499,0.74,0.207,CANDIDATE NE,0.0,2026-09-29T22:56:17+00:00,2026-10-04_NE_BUF,,0.28,7.0,2026-10-04T17:00:00+00:00,6.5,0.197,0.49,0.705,NE +6.5
2026-10-04,NYJ,CHI,8.9,9.4,15.7,0.51,0.725,0.63,0.079,CANDIDATE CHI,0.0,2026-09-29T22:56:17+00:00,2026-10-04_NYJ_CHI,,0.39,3.5,2026-10-04T17:00:00+00:00,3.5,0.159,0.47,0.646,CHI -3.5
2026-10-04,TEN,BAL,9.8,10.0,15.2,0.5,0.744,0.86,0.097,CANDIDATE TEN,0.0,2026-09-29T22:56:17+00:00,2026-10-04_TEN_BAL,,0.15,11.5,2026-10-04T17:00:00+00:00,11.5,0.013,0.51,0.541,no edge (best TEN +11.5)
2026-10-04,MIA,MIN,7.4,5.8,16.5,0.9,0.638,0.84,0.182,CANDIDATE MIA,0.0,2026-09-29T22:56:17+00:00,2026-10-04_MIA_MIN,,0.17,10.5,2026-10-04T20:05:00+00:00,10.5,0.119,0.04,0.161,MIA -10.5
2026-10-04,DEN,SF,3.1,5.6,14.2,0.76,0.654,0.59,0.047,CANDIDATE SF,0.0,2026-09-29T22:56:17+00:00,2026-10-04_DEN_SF,,0.43,3.0,2026-10-04T20:25:00+00:00,2.5,0.06,0.64,0.716,SF +2.5
2026-10-04,KC,LV,-6.4,-6.2,12.6,0.14,0.312,0.36,-0.064,pass,0.0,2026-09-29T22:56:17+00:00,2026-10-04_KC_LV,,0.66,-4.5,2026-10-04T20:25:00+00:00,4.5,0.046,0.49,0.553,KC -4.5
2026-10-04,LAC,SEA,5.5,6.9,16.2,0.57,0.666,0.75,0.051,CANDIDATE LAC,0.0,2026-09-29T22:56:17+00:00,2026-10-04_LAC_SEA,,0.27,7.0,2026-10-04T20:25:00+00:00,6.5,0.076,0.12,0.203,LAC -6.5
2026-10-04,DET,CAR,-1.5,-2.4,13.8,0.39,0.431,0.36,0.055,CANDIDATE CAR,0.0,2026-09-29T22:56:17+00:00,2026-10-04_DET_CAR,,0.65,-3.5,2026-10-05T00:20:00+00:00,3.5,0.081,0.24,0.334,CAR -3.5
2026-10-05,ATL,NO,1.9,4.5,13.0,0.58,0.635,0.59,0.028,pass,0.0,2026-09-29T22:56:17+00:00,2026-10-05_ATL_NO,,0.43,3.0,2026-10-06T00:15:00+00:00,2.5,0.039,0.65,0.705,no edge (best NO +2.5)
2026-10-01,PIT,CLE,-4.6,-5.1,12.8,0.27,0.347,0.43,0.056,CANDIDATE PIT,0.0,2026-09-30T08:31:58+00:00,2026-10-01_PIT_CLE,,0.58,-2.5,2026-10-02T00:15:00+00:00,2.5,0.076,0.63,0.722,PIT +2.5
2026-10-04,IND,WAS,-0.7,-2.2,12.8,0.46,0.433,0.36,0.057,CANDIDATE WAS,0.0,2026-09-30T08:31:58+00:00,2026-10-04_IND_WAS,,0.65,-3.5,2026-10-04T13:30:00+00:00,3.5,0.066,0.25,0.329,WAS -3.5
2026-10-04,ARI,NYG,0.9,0.2,14.4,0.21,0.505,0.46,0.028,pass,0.0,2026-09-30T08:31:58+00:00,2026-10-04_ARI_NYG,,0.56,-1.5,2026-10-04T17:00:00+00:00,1.5,0.019,0.51,0.547,no edge (best NYG +1.5)
2026-10-04,DAL,HOU,2.7,2.8,14.4,1.52,0.577,0.57,-0.01,pass,0.0,2026-09-30T08:31:58+00:00,2026-10-04_DAL_HOU,,0.44,2.5,2026-10-04T17:00:00+00:00,2.5,-0.003,0.63,0.643,no edge (best HOU +2.5)
2026-10-04,GB,TB,-0.6,-1.8,14.0,0.88,0.448,0.36,0.071,CANDIDATE TB,0.0,2026-09-30T08:31:58+00:00,2026-10-04_GB_TB,,0.65,-3.5,2026-10-04T17:00:00+00:00,3.5,0.078,0.26,0.351,TB -3.5
2026-10-04,JAX,CIN,-3.3,-4.9,12.8,0.31,0.351,0.58,0.192,CANDIDATE JAX,0.0,2026-09-30T08:31:58+00:00,2026-10-04_JAX_CIN,,0.44,2.5,2026-10-04T17:00:00+00:00,2.5,0.211,0.49,0.718,JAX +2.5
2026-10-04,LA,PHI,-0.7,-3.2,13.1,0.7,0.402,0.4,-0.015,pass,0.0,2026-09-30T08:31:58+00:00,2026-10-04_LA_PHI,,0.61,-3.0,2026-10-04T17:00:00+00:00,2.5,0.01,0.45,0.477,no edge (best PHI +2.5)
2026-10-04,NE,BUF,3.4,-0.0,12.1,1.03,0.499,0.74,0.207,CANDIDATE NE,0.0,2026-09-30T08:31:58+00:00,2026-10-04_NE_BUF,,0.28,7.0,2026-10-04T17:00:00+00:00,6.5,0.207,0.48,0.705,NE +6.5
2026-10-04,NYJ,CHI,8.9,9.4,15.7,0.51,0.725,0.63,0.079,CANDIDATE CHI,0.0,2026-09-30T08:31:58+00:00,2026-10-04_NYJ_CHI,,0.39,3.5,2026-10-04T17:00:00+00:00,3.5,0.149,0.48,0.646,CHI -3.5
2026-10-04,TEN,BAL,9.8,10.0,15.2,0.5,0.744,0.85,0.086,CANDIDATE TEN,0.0,2026-09-30T08:31:58+00:00,2026-10-04_TEN_BAL,,0.16,11.5,2026-10-04T17:00:00+00:00,11.5,0.013,0.51,0.541,no edge (best TEN +11.5)
2026-10-04,MIA,MIN,7.4,5.8,16.5,0.9,0.638,0.84,0.182,CANDIDATE MIA,0.0,2026-09-30T08:31:58+00:00,2026-10-04_MIA_MIN,,0.17,10.5,2026-10-04T20:05:00+00:00,10.5,0.119,0.04,0.161,MIA -10.5
2026-10-04,DEN,SF,3.1,5.6,14.2,0.76,0.654,0.59,0.047,CANDIDATE SF,0.0,2026-09-30T08:31:58+00:00,2026-10-04_DEN_SF,,0.43,3.0,2026-10-04T20:25:00+00:00,2.5,0.08,0.62,0.716,SF +2.5
2026-10-04,KC,LV,-6.4,-6.2,12.6,0.14,0.312,0.36,-0.064,pass,0.0,2026-09-30T08:31:58+00:00,2026-10-04_KC_LV,,0.65,-4.5,2026-10-04T20:25:00+00:00,4.5,0.056,0.48,0.553,KC -4.5
2026-10-04,LAC,SEA,5.5,6.9,16.2,0.57,0.666,0.76,0.071,CANDIDATE LAC,0.0,2026-09-30T08:31:58+00:00,2026-10-04_LAC_SEA,,0.25,7.0,2026-10-04T20:25:00+00:00,6.5,0.076,0.12,0.203,LAC -6.5
2026-10-04,DET,CAR,-1.5,-2.4,13.8,0.39,0.431,0.36,0.055,CANDIDATE CAR,0.0,2026-09-30T08:31:58+00:00,2026-10-04_DET_CAR,,0.65,-3.5,2026-10-05T00:20:00+00:00,3.5,0.081,0.24,0.334,CAR -3.5
2026-10-05,ATL,NO,1.9,4.5,13.0,0.58,0.635,0.59,0.028,pass,0.0,2026-09-30T08:31:58+00:00,2026-10-05_ATL_NO,,0.43,3.0,2026-10-06T00:15:00+00:00,2.5,0.058,0.63,0.705,NO +2.5
2026-10-08,TB,DAL,4.0,0.4,12.4,0.4,0.512,0.82,0.287,CANDIDATE TB,0.0,2026-09-30T08:31:58+00:00,2026-10-08_TB_DAL,,0.19,9.5,2026-10-09T00:15:00+00:00,9.5,,,,
2026-10-01,PIT,CLE,-4.6,-5.1,12.8,0.27,0.347,0.43,0.056,CANDIDATE PIT,0.0,2026-09-30T20:46:30+00:00,2026-10-01_PIT_CLE,,0.58,-2.5,2026-10-02T00:15:00+00:00,2.5,0.066,0.64,0.722,PIT +2.5
2026-10-04,IND,WAS,-0.7,-2.2,12.8,0.46,0.433,0.37,0.047,CANDIDATE WAS,0.0,2026-09-30T20:46:30+00:00,2026-10-04_IND_WAS,,0.64,-3.5,2026-10-04T13:30:00+00:00,3.5,0.066,0.25,0.329,WAS -3.5
2026-10-04,ARI,NYG,0.9,0.2,14.4,0.21,0.505,0.45,0.038,pass,0.0,2026-09-30T20:46:30+00:00,2026-10-04_ARI_NYG,,0.57,-2.5,2026-10-04T17:00:00+00:00,2.5,0.056,0.5,0.574,NYG +2.5
2026-10-04,DAL,HOU,2.7,2.8,14.4,1.52,0.577,0.59,-0.03,pass,0.0,2026-09-30T20:46:30+00:00,2026-10-04_DAL_HOU,,0.42,2.5,2026-10-04T17:00:00+00:00,2.5,0.005,0.47,0.492,no edge (best DAL +2.5)
2026-10-04,GB,TB,-0.6,-1.8,14.0,0.88,0.448,0.38,0.051,CANDIDATE TB,0.0,2026-09-30T20:46:30+00:00,2026-10-04_GB_TB,,0.63,-3.5,2026-10-04T17:00:00+00:00,3.5,0.067,0.27,0.351,TB -3.5
2026-10-04,JAX,CIN,-3.3,-4.9,12.8,0.31,0.351,0.58,0.192,CANDIDATE JAX,0.0,2026-09-30T20:46:30+00:00,2026-10-04_JAX_CIN,,0.44,2.5,2026-10-04T17:00:00+00:00,2.5,0.211,0.49,0.718,JAX +2.5
2026-10-04,LA,PHI,-0.7,-3.2,13.1,0.7,0.402,0.41,-0.025,pass,0.0,2026-09-30T20:46:30+00:00,2026-10-04_LA_PHI,,0.61,-3.0,2026-10-04T17:00:00+00:00,2.5,0.004,0.65,0.67,no edge (best LA +2.5)
2026-10-04,NE,BUF,3.4,-0.0,12.1,1.03,0.499,0.74,0.217,CANDIDATE NE,0.0,2026-09-30T20:46:30+00:00,2026-10-04_NE_BUF,,0.27,6.5,2026-10-04T17:00:00+00:00,6.5,0.207,0.48,0.705,NE +6.5
2026-10-04,NYJ,CHI,8.9,9.4,15.7,0.51,0.725,0.63,0.079,CANDIDATE CHI,0.0,2026-09-30T20:46:30+00:00,2026-10-04_NYJ_CHI,,0.39,3.5,2026-10-04T17:00:00+00:00,3.5,0.149,0.48,0.646,CHI -3.5
2026-10-04,TEN,BAL,9.8,10.0,15.2,0.5,0.744,0.86,0.097,CANDIDATE TEN,0.0,2026-09-30T20:46:30+00:00,2026-10-04_TEN_BAL,,0.15,11.5,2026-10-04T17:00:00+00:00,11.5,0.013,0.51,0.541,no edge (best TEN +11.5)
2026-10-04,MIA,MIN,7.4,5.8,16.5,0.9,0.638,0.84,0.182,CANDIDATE MIA,0.0,2026-09-30T20:46:30+00:00,2026-10-04_MIA_MIN,,0.17,10.5,2026-10-04T20:05:00+00:00,10.5,0.108,0.05,0.161,MIA -10.5
2026-10-04,DEN,SF,3.1,5.6,14.2,0.76,0.654,0.58,0.057,CANDIDATE SF,0.0,2026-09-30T20:46:30+00:00,2026-10-04_DEN_SF,,0.43,3.0,2026-10-04T20:25:00+00:00,2.5,0.06,0.64,0.716,SF +2.5
2026-10-04,KC,LV,-6.4,-6.2,12.6,0.14,0.312,0.36,-0.064,pass,0.0,2026-09-30T20:46:30+00:00,2026-10-04_KC_LV,,0.66,-4.5,2026-10-04T20:25:00+00:00,4.5,0.046,0.49,0.553,KC -4.5
2026-10-04,LAC,SEA,5.5,6.9,16.2,0.57,0.666,0.76,0.071,CANDIDATE LAC,0.0,2026-09-30T20:46:30+00:00,2026-10-04_LAC_SEA,,0.25,7.0,2026-10-04T20:25:00+00:00,6.5,0.065,0.13,0.203,LAC -6.5
2026-10-04,DET,CAR,-1.5,-2.4,13.8,0.39,0.431,0.36,0.055,CANDIDATE CAR,0.0,2026-09-30T20:46:30+00:00,2026-10-04_DET_CAR,,0.65,-3.5,2026-10-05T00:20:00+00:00,3.5,0.081,0.24,0.334,CAR -3.5
2026-10-05,ATL,NO,1.9,4.5,13.0,0.58,0.635,0.58,0.038,pass,0.0,2026-09-30T20:46:30+00:00,2026-10-05_ATL_NO,,0.44,2.5,2026-10-06T00:15:00+00:00,2.5,0.058,0.63,0.705,NO +2.5
2026-10-08,TB,DAL,4.0,0.4,12.4,0.4,0.512,0.82,0.277,CANDIDATE TB,0.0,2026-09-30T20:46:30+00:00,2026-10-08_TB_DAL,,0.2,9.5,2026-10-09T00:15:00+00:00,9.5,,,,
2026-10-01,PIT,CLE,-4.6,-5.1,12.8,0.27,0.347,0.43,0.056,CANDIDATE PIT,0.0,2026-09-30T22:58:52+00:00,2026-10-01_PIT_CLE,,0.58,-2.5,2026-10-02T00:15:00+00:00,2.5,0.066,0.64,0.722,PIT +2.5
2026-10-04,IND,WAS,-0.7,-2.2,12.8,0.46,0.433,0.37,0.047,CANDIDATE WAS,0.0,2026-09-30T22:58:52+00:00,2026-10-04_IND_WAS,,0.64,-3.5,2026-10-04T13:30:00+00:00,3.5,0.066,0.25,0.329,WAS -3.5
2026-10-04,ARI,NYG,0.9,0.2,14.4,0.21,0.505,0.45,0.038,pass,0.0,2026-09-30T22:58:52+00:00,2026-10-04_ARI_NYG,,0.56,-2.5,2026-10-04T17:00:00+00:00,2.5,0.066,0.49,0.574,NYG +2.5
2026-10-04,DAL,HOU,2.7,2.8,14.4,1.52,0.577,0.59,-0.03,pass,0.0,2026-09-30T22:58:52+00:00,2026-10-04_DAL_HOU,,0.41,3.0,2026-10-04T17:00:00+00:00,2.5,0.015,0.46,0.492,no edge (best DAL +2.5)
2026-10-04,GB,TB,-0.6,-1.8,14.0,0.88,0.448,0.38,0.051,CANDIDATE TB,0.0,2026-09-30T22:58:52+00:00,2026-10-04_GB_TB,,0.63,-3.5,2026-10-04T17:00:00+00:00,3.5,0.057,0.28,0.351,TB -3.5
2026-10-04,JAX,CIN,-3.3,-4.9,12.8,0.31,0.351,0.58,0.192,CANDIDATE JAX,0.0,2026-09-30T22:58:52+00:00,2026-10-04_JAX_CIN,,0.44,2.5,2026-10-04T17:00:00+00:00,2.5,0.211,0.49,0.718,JAX +2.5
2026-10-04,LA,PHI,-0.7,-3.2,13.1,0.7,0.402,0.4,-0.015,pass,0.0,2026-09-30T22:58:52+00:00,2026-10-04_LA_PHI,,0.62,-3.0,2026-10-04T17:00:00+00:00,2.5,0.01,0.45,0.477,no edge (best PHI +2.5)
2026-10-04,NE,BUF,3.4,-0.0,12.1,1.03,0.499,0.74,0.217,CANDIDATE NE,0.0,2026-09-30T22:58:52+00:00,2026-10-04_NE_BUF,,0.27,6.5,2026-10-04T17:00:00+00:00,6.5,0.207,0.48,0.705,NE +6.5
2026-10-04,NYJ,CHI,8.9,9.4,15.7,0.51,0.725,0.63,0.079,CANDIDATE CHI,0.0,2026-09-30T22:58:52+00:00,2026-10-04_NYJ_CHI,,0.39,3.5,2026-10-04T17:00:00+00:00,3.5,0.149,0.48,0.646,CHI -3.5
2026-10-04,TEN,BAL,9.8,10.0,15.2,0.5,0.744,0.86,0.097,CANDIDATE TEN,0.0,2026-09-30T22:58:52+00:00,2026-10-04_TEN_BAL,,0.15,11.5,2026-10-04T17:00:00+00:00,11.5,0.013,0.51,0.541,no edge (best TEN +11.5)
2026-10-04,MIA,MIN,7.4,5.8,16.5,0.9,0.638,0.84,0.182,CANDIDATE MIA,0.0,2026-09-30T22:58:52+00:00,2026-10-04_MIA_MIN,,0.17,10.5,2026-10-04T20:05:00+00:00,10.5,0.108,0.05,0.161,MIA -10.5
2026-10-04,DEN,SF,3.1,5.6,14.2,0.76,0.654,0.58,0.057,CANDIDATE SF,0.0,2026-09-30T22:58:52+00:00,2026-10-04_DEN_SF,,0.44,3.0,2026-10-04T20:25:00+00:00,2.5,0.06,0.64,0.716,SF +2.5
2026-10-04,KC,LV,-6.4,-6.2,12.6,0.14,0.312,0.36,-0.064,pass,0.0,2026-09-30T22:58:52+00:00,2026-10-04_KC_LV,,0.66,-4.5,2026-10-04T20:25:00+00:00,4.5,0.046,0.49,0.553,KC -4.5
2026-10-04,LAC,SEA,5.5,6.9,16.2,0.57,0.666,0.76,0.071,CANDIDATE LAC,0.0,2026-09-30T22:58:52+00:00,2026-10-04_LAC_SEA,,0.25,7.0,2026-10-04T20:25:00+00:00,6.5,0.065,0.13,0.203,LAC -6.5
2026-10-04,DET,CAR,-1.5,-2.4,13.8,0.39,0.431,0.36,0.055,CANDIDATE CAR,0.0,2026-09-30T22:58:52+00:00,2026-10-04_DET_CAR,,0.65,-3.5,2026-10-05T00:20:00+00:00,3.5,0.081,0.24,0.334,CAR -3.5
2026-10-05,ATL,NO,1.9,4.5,13.0,0.58,0.635,0.57,0.048,CANDIDATE NO,0.0,2026-09-30T22:58:52+00:00,2026-10-05_ATL_NO,,0.44,2.5,2026-10-06T00:15:00+00:00,2.5,0.058,0.63,0.705,NO +2.5
2026-10-08,TB,DAL,4.0,0.4,12.4,0.4,0.512,0.82,0.277,CANDIDATE TB,0.0,2026-09-30T22:58:52+00:00,2026-10-08_TB_DAL,,0.2,9.5,2026-10-09T00:15:00+00:00,9.5,,,,
2026-10-01,PIT,CLE,-4.6,-5.1,12.8,0.27,0.347,0.43,0.056,CANDIDATE PIT,0.0,2026-10-01T08:54:01+00:00,2026-10-01_PIT_CLE,,0.58,-2.5,2026-10-02T00:15:00+00:00,2.5,0.066,0.64,0.722,PIT +2.5
2026-10-04,IND,WAS,-0.7,-2.2,12.8,0.46,0.433,0.37,0.047,CANDIDATE WAS,0.0,2026-10-01T08:54:01+00:00,2026-10-04_IND_WAS,,0.64,-3.5,2026-10-04T13:30:00+00:00,3.5,0.035,0.28,0.329,no edge (best WAS -3.5)
2026-10-04,ARI,NYG,0.9,0.2,14.4,0.21,0.505,0.44,0.048,CANDIDATE NYG,0.0,2026-10-01T08:54:01+00:00,2026-10-04_ARI_NYG,,0.58,-2.5,2026-10-04T17:00:00+00:00,2.5,0.066,0.49,0.574,NYG +2.5
2026-10-04,DAL,HOU,2.7,2.8,14.4,1.52,0.577,0.6,-0.04,pass,0.0,2026-10-01T08:54:01+00:00,2026-10-04_DAL_HOU,,0.41,3.0,2026-10-04T17:00:00+00:00,2.5,0.025,0.45,0.492,no edge (best DAL +2.5)
2026-10-04,GB,TB,-0.6,-1.8,14.0,0.88,0.448,0.38,0.051,CANDIDATE TB,0.0,2026-10-01T08:54:01+00:00,2026-10-04_GB_TB,,0.63,-3.5,2026-10-04T17:00:00+00:00,3.5,0.047,0.29,0.351,TB -3.5
2026-10-04,JAX,CIN,-3.3,-4.9,12.8,0.31,0.351,0.58,0.202,CANDIDATE JAX,0.0,2026-10-01T08:54:01+00:00,2026-10-04_JAX_CIN,,0.43,2.5,2026-10-04T17:00:00+00:00,2.5,0.221,0.48,0.718,JAX +2.5
2026-10-04,LA,PHI,-0.7,-3.2,13.1,0.7,0.402,0.39,-0.005,pass,0.0,2026-10-01T08:54:01+00:00,2026-10-04_LA_PHI,,0.62,-3.0,2026-10-04T17:00:00+00:00,2.5,0.02,0.44,0.477,no edge (best PHI +2.5)
2026-10-04,NE,BUF,3.4,-0.0,12.1,1.03,0.499,0.74,0.217,CANDIDATE NE,0.0,2026-10-01T08:54:01+00:00,2026-10-04_NE_BUF,,0.27,6.5,2026-10-04T17:00:00+00:00,6.5,0.207,0.48,0.705,NE +6.5
2026-10-04,NYJ,CHI,8.9,9.4,15.7,0.51,0.725,0.63,0.079,CANDIDATE CHI,0.0,2026-10-01T08:54:01+00:00,2026-10-04_NYJ_CHI,,0.39,3.5,2026-10-04T17:00:00+00:00,3.5,0.149,0.48,0.646,CHI -3.5
2026-10-04,TEN,BAL,9.8,10.0,15.2,0.5,0.744,0.86,0.097,CANDIDATE TEN,0.0,2026-10-01T08:54:01+00:00,2026-10-04_TEN_BAL,,0.15,11.5,2026-10-04T17:00:00+00:00,11.5,0.013,0.51,0.541,no edge (best TEN +11.5)
2026-10-04,MIA,MIN,7.4,5.8,16.5,0.9,0.638,0.84,0.182,CANDIDATE MIA,0.0,2026-10-01T08:54:01+00:00,2026-10-04_MIA_MIN,,0.17,10.5,2026-10-04T20:05:00+00:00,10.5,0.087,0.07,0.161,MIA -10.5
2026-10-04,DEN,SF,3.1,5.6,14.2,0.76,0.654,0.58,0.057,CANDIDATE SF,0.0,2026-10-01T08:54:01+00:00,2026-10-04_DEN_SF,,0.43,3.0,2026-10-04T20:25:00+00:00,2.5,0.06,0.64,0.716,SF +2.5
2026-10-04,KC,LV,-6.4,-6.2,12.6,0.14,0.312,0.36,-0.064,pass,0.0,2026-10-01T08:54:01+00:00,2026-10-04_KC_LV,,0.66,-4.5,2026-10-04T20:25:00+00:00,4.5,0.046,0.49,0.553,KC -4.5
2026-10-04,LAC,SEA,5.5,6.9,16.2,0.57,0.666,0.76,0.061,CANDIDATE LAC,0.0,2026-10-01T08:54:01+00:00,2026-10-04_LAC_SEA,,0.26,7.0,2026-10-04T20:25:00+00:00,6.5,0.065,0.13,0.203,LAC -6.5
2026-10-04,DET,CAR,-1.5,-2.4,13.8,0.39,0.431,0.37,0.044,CANDIDATE CAR,0.0,2026-10-01T08:54:01+00:00,2026-10-04_DET_CAR,,0.65,-3.5,2026-10-05T00:20:00+00:00,3.5,0.081,0.24,0.334,CAR -3.5
2026-10-05,ATL,NO,1.9,4.5,13.0,0.58,0.635,0.57,0.048,CANDIDATE NO,0.0,2026-10-01T08:54:01+00:00,2026-10-05_ATL_NO,,0.45,2.5,2026-10-06T00:15:00+00:00,2.5,0.058,0.63,0.705,NO +2.5
2026-10-08,TB,DAL,4.0,0.4,12.4,0.4,0.512,0.82,0.266,CANDIDATE TB,0.0,2026-10-01T08:54:01+00:00,2026-10-08_TB_DAL,,0.21,9.5,2026-10-09T00:15:00+00:00,9.5,,,,
2026-10-01,PIT,CLE,-4.6,-5.1,12.8,0.27,0.347,0.43,0.056,CANDIDATE PIT,0.0,2026-10-01T21:00:10+00:00,2026-10-01_PIT_CLE,,0.58,-2.5,2026-10-02T00:15:00+00:00,2.5,0.066,0.64,0.722,PIT +2.5
2026-10-04,IND,WAS,-0.7,-2.2,12.8,0.46,0.433,0.37,0.047,CANDIDATE WAS,0.0,2026-10-01T21:00:10+00:00,2026-10-04_IND_WAS,,0.64,-3.5,2026-10-04T13:30:00+00:00,3.5,0.066,0.25,0.329,WAS -3.5
2026-10-04,ARI,NYG,0.9,0.2,14.4,0.21,0.505,0.44,0.048,CANDIDATE NYG,0.0,2026-10-01T21:00:10+00:00,2026-10-04_ARI_NYG,,0.57,-2.5,2026-10-04T17:00:00+00:00,2.5,0.056,0.5,0.574,NYG +2.5
2026-10-04,DAL,HOU,2.7,2.8,14.4,1.52,0.577,0.6,-0.04,pass,0.0,2026-10-01T21:00:10+00:00,2026-10-04_DAL_HOU,,0.41,3.0,2026-10-04T17:00:00+00:00,2.5,0.015,0.46,0.492,no edge (best DAL +2.5)
2026-10-04,GB,TB,-0.6,-1.8,14.0,0.88,0.448,0.38,0.051,CANDIDATE TB,0.0,2026-10-01T21:00:10+00:00,2026-10-04_GB_TB,,0.63,-3.5,2026-10-04T17:00:00+00:00,3.5,0.057,0.28,0.351,TB -3.5
2026-10-04,JAX,CIN,-3.3,-4.9,12.8,0.31,0.351,0.58,0.202,CANDIDATE JAX,0.0,2026-10-01T21:00:10+00:00,2026-10-04_JAX_CIN,,0.43,2.5,2026-10-04T17:00:00+00:00,2.5,0.221,0.48,0.718,JAX +2.5
2026-10-04,LA,PHI,-0.7,-3.2,13.1,0.7,0.402,0.4,-0.015,pass,0.0,2026-10-01T21:00:10+00:00,2026-10-04_LA_PHI,,0.61,-3.5,2026-10-04T17:00:00+00:00,3.5,0.009,0.28,0.303,no edge (best PHI -3.5)
2026-10-04,NE,BUF,3.4,-0.0,12.1,1.03,0.499,0.74,0.217,CANDIDATE NE,0.0,2026-10-01T21:00:10+00:00,2026-10-04_NE_BUF,,0.27,7.0,2026-10-04T17:00:00+00:00,6.5,0.207,0.48,0.705,NE +6.5
2026-10-04,NYJ,CHI,8.9,9.4,15.7,0.51,0.725,0.63,0.079,CANDIDATE CHI,0.0,2026-10-01T21:00:10+00:00,2026-10-04_NYJ_CHI,,0.39,3.5,2026-10-04T17:00:00+00:00,3.5,0.138,0.49,0.646,CHI -3.5
2026-10-04,TEN,BAL,9.8,10.0,15.2,0.5,0.744,0.86,0.097,CANDIDATE TEN,0.0,2026-10-01T21:00:10+00:00,2026-10-04_TEN_BAL,,0.15,11.5,2026-10-04T17:00:00+00:00,11.5,0.013,0.51,0.541,no edge (best TEN +11.5)
2026-10-04,MIA,MIN,7.4,5.8,16.5,0.9,0.638,0.85,0.182,CANDIDATE MIA,0.0,2026-10-01T21:00:10+00:00,2026-10-04_MIA_MIN,,0.17,10.5,2026-10-04T20:05:00+00:00,10.5,0.108,0.05,0.161,MIA -10.5
2026-10-04,DEN,SF,3.1,5.6,14.2,0.76,0.654,0.57,0.067,CANDIDATE SF,0.0,2026-10-01T21:00:10+00:00,2026-10-04_DEN_SF,,0.44,3.0,2026-10-04T20:25:00+00:00,2.5,0.06,0.64,0.716,SF +2.5
2026-10-04,KC,LV,-6.4,-6.2,12.6,0.14,0.312,0.36,-0.064,pass,0.0,2026-10-01T21:00:10+00:00,2026-10-04_KC_LV,,0.65,-4.5,2026-10-04T20:25:00+00:00,4.5,0.046,0.49,0.553,KC -4.5
2026-10-04,LAC,SEA,5.5,6.9,16.2,0.57,0.666,0.76,0.061,CANDIDATE LAC,0.0,2026-10-01T21:00:10+00:00,2026-10-04_LAC_SEA,,0.26,7.0,2026-10-04T20:25:00+00:00,6.5,0.076,0.12,0.203,LAC -6.5
2026-10-04,DET,CAR,-1.5,-2.4,13.8,0.39,0.431,0.36,0.055,CANDIDATE CAR,0.0,2026-10-01T21:00:10+00:00,2026-10-04_DET_CAR,,0.65,-3.5,2026-10-05T00:20:00+00:00,3.5,0.092,0.23,0.334,CAR -3.5
2026-10-05,ATL,NO,1.9,4.5,13.0,0.58,0.635,0.56,0.058,CANDIDATE NO,0.0,2026-10-01T21:00:10+00:00,2026-10-05_ATL_NO,,0.45,2.5,2026-10-06T00:15:00+00:00,2.5,0.068,0.62,0.705,NO +2.5
2026-10-08,TB,DAL,4.0,0.4,12.4,0.4,0.512,0.83,0.277,CANDIDATE TB,0.0,2026-10-01T21:00:10+00:00,2026-10-08_TB_DAL,,0.2,9.5,2026-10-09T00:15:00+00:00,9.5,,,,
2026-10-01,PIT,CLE,-4.6,-5.1,12.8,0.27,0.347,0.43,0.056,CANDIDATE PIT,0.0,2026-10-01T23:07:47+00:00,2026-10-01_PIT_CLE,,0.58,-2.5,2026-10-02T00:15:00+00:00,2.5,0.066,0.64,0.722,PIT +2.5
2026-10-04,IND,WAS,-0.7,-2.2,12.8,0.46,0.433,0.37,0.047,CANDIDATE WAS,0.0,2026-10-01T23:07:47+00:00,2026-10-04_IND_WAS,,0.64,-3.5,2026-10-04T13:30:00+00:00,3.5,0.066,0.25,0.329,WAS -3.5
2026-10-04,ARI,NYG,0.9,0.2,14.4,0.21,0.505,0.44,0.048,CANDIDATE NYG,0.0,2026-10-01T23:07:47+00:00,2026-10-04_ARI_NYG,,0.57,-2.5,2026-10-04T17:00:00+00:00,2.5,0.056,0.5,0.574,NYG +2.5
2026-10-04,DAL,HOU,2.7,2.8,14.4,1.52,0.577,0.6,-0.04,pass,0.0,2026-10-01T23:07:47+00:00,2026-10-04_DAL_HOU,,0.41,3.0,2026-10-04T17:00:00+00:00,2.5,0.015,0.46,0.492,no edge (best DAL +2.5)
2026-10-04,GB,TB,-0.6,-1.8,14.0,0.88,0.448,0.38,0.051,CANDIDATE TB,0.0,2026-10-01T23:07:47+00:00,2026-10-04_GB_TB,,0.63,-3.5,2026-10-04T17:00:00+00:00,3.5,0.067,0.27,0.351,TB -3.5
2026-10-04,JAX,CIN,-3.3,-4.9,12.8,0.31,0.351,0.58,0.202,CANDIDATE JAX,0.0,2026-10-01T23:07:47+00:00,2026-10-04_JAX_CIN,,0.43,2.5,2026-10-04T17:00:00+00:00,2.5,0.221,0.48,0.718,JAX +2.5
2026-10-04,LA,PHI,-0.7,-3.2,13.1,0.7,0.402,0.39,-0.005,pass,0.0,2026-10-01T23:07:47+00:00,2026-10-04_LA_PHI,,0.63,-3.5,2026-10-04T17:00:00+00:00,3.5,0.019,0.27,0.303,no edge (best PHI -3.5)
2026-10-04,NE,BUF,3.4,-0.0,12.1,1.03,0.499,0.74,0.217,CANDIDATE NE,0.0,2026-10-01T23:07:47+00:00,2026-10-04_NE_BUF,,0.27,7.0,2026-10-04T17:00:00+00:00,6.5,0.207,0.48,0.705,NE +6.5
2026-10-04,NYJ,CHI,8.9,9.4,15.7,0.51,0.725,0.63,0.079,CANDIDATE CHI,0.0,2026-10-01T23:07:47+00:00,2026-10-04_NYJ_CHI,,0.39,3.5,2026-10-04T17:00:00+00:00,3.5,0.138,0.49,0.646,CHI -3.5
2026-10-04,TEN,BAL,9.8,10.0,15.2,0.5,0.744,0.85,0.097,CANDIDATE TEN,0.0,2026-10-01T23:07:47+00:00,2026-10-04_TEN_BAL,,0.15,11.5,2026-10-04T17:00:00+00:00,11.5,0.013,0.51,0.541,no edge (best TEN +11.5)
2026-10-04,MIA,MIN,7.4,5.8,16.5,0.9,0.638,0.85,0.182,CANDIDATE MIA,0.0,2026-10-01T23:07:47+00:00,2026-10-04_MIA_MIN,,0.17,10.5,2026-10-04T20:05:00+00:00,10.5,0.108,0.05,0.161,MIA -10.5
2026-10-04,DEN,SF,3.1,5.6,14.2,0.76,0.654,0.57,0.067,CANDIDATE SF,0.0,2026-10-01T23:07:47+00:00,2026-10-04_DEN_SF,,0.44,3.0,2026-10-04T20:25:00+00:00,2.5,0.06,0.64,0.716,SF +2.5
2026-10-04,KC,LV,-6.4,-6.2,12.6,0.14,0.312,0.36,-0.064,pass,0.0,2026-10-01T23:07:47+00:00,2026-10-04_KC_LV,,0.66,-4.5,2026-10-04T20:25:00+00:00,4.5,0.036,0.5,0.553,no edge (best KC -4.5)
2026-10-04,LAC,SEA,5.5,6.9,16.2,0.57,0.666,0.76,0.071,CANDIDATE LAC,0.0,2026-10-01T23:07:47+00:00,2026-10-04_LAC_SEA,,0.25,7.0,2026-10-04T20:25:00+00:00,6.5,0.076,0.12,0.203,LAC -6.5
2026-10-04,DET,CAR,-1.5,-2.4,13.8,0.39,0.431,0.36,0.055,CANDIDATE CAR,0.0,2026-10-01T23:07:47+00:00,2026-10-04_DET_CAR,,0.65,-3.5,2026-10-05T00:20:00+00:00,3.5,0.092,0.23,0.334,CAR -3.5
2026-10-05,ATL,NO,1.9,4.5,13.0,0.58,0.635,0.56,0.058,CANDIDATE NO,0.0,2026-10-01T23:07:47+00:00,2026-10-05_ATL_NO,,0.45,2.5,2026-10-06T00:15:00+00:00,2.5,0.068,0.62,0.705,NO +2.5
2026-10-08,TB,DAL,4.0,0.4,12.4,0.4,0.512,0.82,0.287,CANDIDATE TB,0.0,2026-10-01T23:07:47+00:00,2026-10-08_TB_DAL,,0.19,9.5,2026-10-09T00:15:00+00:00,9.5,,,,
2026-10-04,IND,WAS,-0.7,-2.2,12.7,0.48,0.433,0.36,0.057,CANDIDATE WAS,0.0,2026-10-02T08:30:12+00:00,2026-10-04_IND_WAS,,0.65,-3.5,2026-10-04T13:30:00+00:00,3.5,0.065,0.25,0.328,WAS -3.5
2026-10-04,ARI,NYG,0.9,0.4,14.4,0.37,0.512,0.44,0.055,CANDIDATE NYG,0.0,2026-10-02T08:30:12+00:00,2026-10-04_ARI_NYG,,0.57,-2.5,2026-10-04T17:00:00+00:00,2.5,0.063,0.5,0.581,NYG +2.5
2026-10-04,DAL,HOU,2.7,2.7,14.3,0.88,0.574,0.6,-0.043,pass,0.0,2026-10-02T08:30:12+00:00,2026-10-04_DAL_HOU,,0.41,3.0,2026-10-04T17:00:00+00:00,2.5,0.018,0.46,0.496,no edge (best DAL +2.5)
2026-10-04,GB,TB,-0.6,-2.1,13.9,0.79,0.44,0.38,0.044,CANDIDATE TB,0.0,2026-10-02T08:30:12+00:00,2026-10-04_GB_TB,,0.63,-3.5,2026-10-04T17:00:00+00:00,3.5,0.06,0.27,0.344,TB -3.5
2026-10-04,JAX,CIN,-3.3,-5.1,12.8,0.35,0.347,0.58,0.206,CANDIDATE JAX,0.0,2026-10-02T08:30:12+00:00,2026-10-04_JAX_CIN,,0.43,2.5,2026-10-04T17:00:00+00:00,2.5,0.225,0.48,0.722,JAX +2.5
2026-10-04,LA,PHI,-0.7,-3.1,13.0,0.62,0.405,0.36,0.029,pass,0.0,2026-10-02T08:30:12+00:00,2026-10-04_LA_PHI,,0.64,-3.5,2026-10-04T17:00:00+00:00,3.5,0.032,0.26,0.306,no edge (best PHI -3.5)
2026-10-04,NE,BUF,3.4,0.1,12.2,0.83,0.502,0.75,0.224,CANDIDATE NE,0.0,2026-10-02T08:30:12+00:00,2026-10-04_NE_BUF,,0.26,7.0,2026-10-04T17:00:00+00:00,6.5,0.194,0.49,0.702,NE +6.5
2026-10-04,NYJ,CHI,8.9,9.3,15.6,0.53,0.724,0.63,0.077,CANDIDATE CHI,0.0,2026-10-02T08:30:12+00:00,2026-10-04_NYJ_CHI,,0.38,3.5,2026-10-04T17:00:00+00:00,3.5,0.137,0.49,0.644,CHI -3.5
2026-10-04,TEN,BAL,9.8,9.9,15.1,0.55,0.744,0.85,0.097,CANDIDATE TEN,0.0,2026-10-02T08:30:12+00:00,2026-10-04_TEN_BAL,,0.15,11.5,2026-10-04T17:00:00+00:00,11.5,0.015,0.51,0.542,no edge (best TEN +11.5)
2026-10-04,MIA,MIN,7.4,5.7,16.6,0.92,0.636,0.84,0.185,CANDIDATE MIA,0.0,2026-10-02T08:30:12+00:00,2026-10-04_MIA_MIN,,0.17,10.5,2026-10-04T20:05:00+00:00,10.5,0.121,0.04,0.163,MIA -10.5
2026-10-04,DEN,SF,3.1,5.6,14.1,0.74,0.653,0.57,0.066,CANDIDATE SF,0.0,2026-10-02T08:30:12+00:00,2026-10-04_DEN_SF,,0.44,3.0,2026-10-04T20:25:00+00:00,2.5,0.06,0.64,0.716,SF +2.5
2026-10-04,KC,LV,-6.3,-6.1,12.6,0.21,0.313,0.35,-0.053,pass,0.0,2026-10-02T08:30:12+00:00,2026-10-04_KC_LV,,0.66,-4.5,2026-10-04T20:25:00+00:00,4.5,0.044,0.49,0.551,KC -4.5
2026-10-04,LAC,SEA,5.5,6.9,16.3,0.63,0.663,0.76,0.073,CANDIDATE LAC,0.0,2026-10-02T08:30:12+00:00,2026-10-04_LAC_SEA,,0.25,7.0,2026-10-04T20:25:00+00:00,6.5,0.078,0.12,0.206,LAC -6.5
2026-10-04,DET,CAR,-1.4,-2.3,13.8,0.34,0.435,0.36,0.059,CANDIDATE CAR,0.0,2026-10-02T08:30:12+00:00,2026-10-04_DET_CAR,,0.65,-3.5,2026-10-05T00:20:00+00:00,3.5,0.096,0.23,0.338,CAR -3.5
2026-10-05,ATL,NO,2.0,4.4,12.8,0.79,0.635,0.56,0.058,CANDIDATE NO,0.0,2026-10-02T08:30:12+00:00,2026-10-05_ATL_NO,,0.45,2.5,2026-10-06T00:15:00+00:00,2.5,0.069,0.62,0.705,NO +2.5
2026-10-08,TB,DAL,3.9,0.3,12.5,0.46,0.511,0.81,0.278,CANDIDATE TB,0.0,2026-10-02T08:30:12+00:00,2026-10-08_TB_DAL,,0.2,9.5,2026-10-09T00:15:00+00:00,9.5,0.241,0.51,0.769,TB +9.5
2026-10-04,IND,WAS,-1.0,-2.4,12.7,0.43,0.425,0.35,0.06,CANDIDATE WAS,0.0,2026-10-02T20:40:39+00:00,2026-10-04_IND_WAS,,0.65,-4.5,2026-10-04T13:30:00+00:00,4.5,0.062,0.22,0.294,WAS -4.5
2026-10-04,ARI,NYG,0.9,0.5,14.4,0.35,0.515,0.44,0.058,CANDIDATE NYG,0.0,2026-10-02T20:40:39+00:00,2026-10-04_ARI_NYG,,0.57,-2.5,2026-10-04T17:00:00+00:00,2.5,0.066,0.5,0.583,NYG +2.5
2026-10-04,DAL,HOU,2.7,2.8,14.3,0.99,0.577,0.6,-0.04,pass,0.0,2026-10-02T20:40:39+00:00,2026-10-04_DAL_HOU,,0.41,3.0,2026-10-04T17:00:00+00:00,2.5,0.015,0.46,0.492,no edge (best DAL +2.5)
2026-10-04,GB,TB,-0.6,-2.1,13.9,0.79,0.441,0.38,0.044,CANDIDATE TB,0.0,2026-10-02T20:40:39+00:00,2026-10-04_GB_TB,,0.63,-3.5,2026-10-04T17:00:00+00:00,3.5,0.06,0.27,0.344,TB -3.5
2026-10-04,JAX,CIN,-3.3,-5.1,12.8,0.36,0.347,0.58,0.206,CANDIDATE JAX,0.0,2026-10-02T20:40:39+00:00,2026-10-04_JAX_CIN,,0.43,2.5,2026-10-04T17:00:00+00:00,2.5,0.225,0.48,0.722,JAX +2.5
2026-10-04,LA,PHI,-0.7,-3.0,13.1,0.67,0.408,0.37,0.022,pass,0.0,2026-10-02T20:40:39+00:00,2026-10-04_LA_PHI,,0.64,-3.5,2026-10-04T17:00:00+00:00,3.5,0.035,0.26,0.309,no edge (best PHI -3.5)
2026-10-04,NE,BUF,3.4,0.2,12.2,0.8,0.505,0.75,0.222,CANDIDATE NE,0.0,2026-10-02T20:40:39+00:00,2026-10-04_NE_BUF,,0.26,7.0,2026-10-04T17:00:00+00:00,6.5,0.201,0.48,0.699,NE +6.5
2026-10-04,NYJ,CHI,8.9,9.3,15.6,0.5,0.725,0.63,0.079,CANDIDATE CHI,0.0,2026-10-02T20:40:39+00:00,2026-10-04_NYJ_CHI,,0.38,3.5,2026-10-04T17:00:00+00:00,3.5,0.138,0.49,0.645,CHI -3.5
2026-10-04,TEN,BAL,9.8,10.0,15.1,0.47,0.745,0.85,0.096,CANDIDATE TEN,0.0,2026-10-02T20:40:39+00:00,2026-10-04_TEN_BAL,,0.15,11.5,2026-10-04T17:00:00+00:00,11.5,0.013,0.51,0.541,no edge (best TEN +11.5)
2026-10-04,MIA,MIN,7.4,5.7,16.6,0.93,0.634,0.84,0.186,CANDIDATE MIA,0.0,2026-10-02T20:40:39+00:00,2026-10-04_MIA_MIN,,0.17,10.5,2026-10-04T20:05:00+00:00,10.5,0.122,0.04,0.164,MIA -10.5
2026-10-04,DEN,SF,3.1,5.5,14.1,0.68,0.651,0.57,0.064,CANDIDATE SF,0.0,2026-10-02T20:40:39+00:00,2026-10-04_DEN_SF,,0.44,3.0,2026-10-04T20:25:00+00:00,2.5,0.058,0.64,0.714,SF +2.5
2026-10-04,KC,LV,-6.3,-6.1,12.5,0.22,0.312,0.35,-0.054,pass,0.0,2026-10-02T20:40:39+00:00,2026-10-04_KC_LV,,0.66,-4.5,2026-10-04T20:25:00+00:00,4.5,0.045,0.49,0.552,KC -4.5
2026-10-04,LAC,SEA,5.5,6.8,16.3,0.65,0.663,0.76,0.074,CANDIDATE LAC,0.0,2026-10-02T20:40:39+00:00,2026-10-04_LAC_SEA,,0.25,7.0,2026-10-04T20:25:00+00:00,6.5,0.079,0.12,0.206,LAC -6.5
2026-10-04,DET,CAR,-1.4,-2.3,13.8,0.34,0.434,0.36,0.058,CANDIDATE CAR,0.0,2026-10-02T20:40:39+00:00,2026-10-04_DET_CAR,,0.65,-3.5,2026-10-05T00:20:00+00:00,3.5,0.085,0.24,0.337,CAR -3.5
2026-10-05,ATL,NO,2.0,4.5,12.8,0.77,0.637,0.56,0.059,CANDIDATE NO,0.0,2026-10-02T20:40:39+00:00,2026-10-05_ATL_NO,,0.45,2.5,2026-10-06T00:15:00+00:00,2.5,0.08,0.61,0.707,NO +2.5
2026-10-08,TB,DAL,3.9,0.3,12.5,0.5,0.511,0.82,0.278,CANDIDATE TB,0.0,2026-10-02T20:40:39+00:00,2026-10-08_TB_DAL,,0.2,9.5,2026-10-09T00:15:00+00:00,9.5,0.251,0.5,0.769,TB +9.5
2026-10-04,IND,WAS,-1.0,-2.4,12.7,0.41,0.426,0.35,0.06,CANDIDATE WAS,0.0,2026-10-02T22:56:35+00:00,2026-10-04_IND_WAS,,0.66,-4.5,2026-10-04T13:30:00+00:00,4.5,0.062,0.22,0.294,WAS -4.5
2026-10-04,ARI,NYG,0.9,0.4,14.4,0.37,0.512,0.44,0.055,CANDIDATE NYG,0.0,2026-10-02T22:56:35+00:00,2026-10-04_ARI_NYG,,0.57,-2.5,2026-10-04T17:00:00+00:00,2.5,0.063,0.5,0.581,NYG +2.5
2026-10-04,DAL,HOU,2.7,2.7,14.3,0.88,0.574,0.6,-0.043,pass,0.0,2026-10-02T22:56:35+00:00,2026-10-04_DAL_HOU,,0.42,3.0,2026-10-04T17:00:00+00:00,2.5,0.008,0.47,0.496,no edge (best DAL +2.5)
2026-10-04,GB,TB,-0.6,-2.1,13.9,0.79,0.44,0.38,0.044,CANDIDATE TB,0.0,2026-10-02T22:56:35+00:00,2026-10-04_GB_TB,,0.63,-3.5,2026-10-04T17:00:00+00:00,3.5,0.06,0.27,0.344,TB -3.5
2026-10-04,JAX,CIN,-3.3,-5.1,12.8,0.35,0.347,0.58,0.206,CANDIDATE JAX,0.0,2026-10-02T22:56:35+00:00,2026-10-04_JAX_CIN,,0.43,2.5,2026-10-04T17:00:00+00:00,2.5,0.225,0.48,0.722,JAX +2.5
2026-10-04,LA,PHI,-0.7,-3.1,13.0,0.62,0.405,0.37,0.019,pass,0.0,2026-10-02T22:56:35+00:00,2026-10-04_LA_PHI,,0.64,-3.5,2026-10-04T17:00:00+00:00,3.5,0.032,0.26,0.306,no edge (best PHI -3.5)
2026-10-04,NE,BUF,3.4,0.1,12.2,0.83,0.502,0.75,0.224,CANDIDATE NE,0.0,2026-10-02T22:56:35+00:00,2026-10-04_NE_BUF,,0.26,7.0,2026-10-04T17:00:00+00:00,6.5,0.204,0.48,0.702,NE +6.5
2026-10-04,NYJ,CHI,8.9,9.3,15.6,0.53,0.724,0.63,0.077,CANDIDATE CHI,0.0,2026-10-02T22:56:35+00:00,2026-10-04_NYJ_CHI,,0.38,3.5,2026-10-04T17:00:00+00:00,3.5,0.127,0.5,0.644,CHI -3.5
2026-10-04,TEN,BAL,9.8,9.9,15.1,0.55,0.744,0.85,0.097,CANDIDATE TEN,0.0,2026-10-02T22:56:35+00:00,2026-10-04_TEN_BAL,,0.15,11.5,2026-10-04T17:00:00+00:00,11.5,0.015,0.51,0.542,no edge (best TEN +11.5)
2026-10-04,MIA,MIN,7.4,5.7,16.6,0.92,0.636,0.84,0.185,CANDIDATE MIA,0.0,2026-10-02T22:56:35+00:00,2026-10-04_MIA_MIN,,0.17,10.5,2026-10-04T20:05:00+00:00,10.5,0.11,0.05,0.163,MIA -10.5
2026-10-04,DEN,SF,3.1,5.6,14.1,0.74,0.653,0.57,0.066,CANDIDATE SF,0.0,2026-10-02T22:56:35+00:00,2026-10-04_DEN_SF,,0.44,3.0,2026-10-04T20:25:00+00:00,2.5,0.06,0.64,0.716,SF +2.5
2026-10-04,KC,LV,-6.3,-6.1,12.6,0.21,0.313,0.35,-0.053,pass,0.0,2026-10-02T22:56:35+00:00,2026-10-04_KC_LV,,0.66,-4.5,2026-10-04T20:25:00+00:00,4.5,0.044,0.49,0.551,KC -4.5
2026-10-04,LAC,SEA,5.5,6.9,16.3,0.63,0.663,0.76,0.073,CANDIDATE LAC,0.0,2026-10-02T22:56:35+00:00,2026-10-04_LAC_SEA,,0.25,7.0,2026-10-04T20:25:00+00:00,6.5,0.078,0.12,0.206,LAC -6.5
2026-10-04,DET,CAR,-1.4,-2.3,13.8,0.34,0.435,0.36,0.059,CANDIDATE CAR,0.0,2026-10-02T22:56:35+00:00,2026-10-04_DET_CAR,,0.65,-3.5,2026-10-05T00:20:00+00:00,3.5,0.085,0.24,0.338,CAR -3.5
2026-10-05,ATL,NO,2.0,4.4,12.8,0.79,0.635,0.56,0.058,CANDIDATE NO,0.0,2026-10-02T22:56:35+00:00,2026-10-05_ATL_NO,,0.46,2.5,2026-10-06T00:15:00+00:00,2.5,0.079,0.61,0.705,NO +2.5
2026-10-08,TB,DAL,3.9,0.3,12.5,0.46,0.511,0.82,0.278,CANDIDATE TB,0.0,2026-10-02T22:56:35+00:00,2026-10-08_TB_DAL,,0.2,9.5,2026-10-09T00:15:00+00:00,9.5,0.251,0.5,0.769,TB +9.5
2026-10-04,IND,WAS,-1.0,-2.4,12.7,0.41,0.426,0.35,0.06,CANDIDATE WAS,0.0,2026-10-03T08:05:37+00:00,2026-10-04_IND_WAS,,0.66,-4.5,2026-10-04T13:30:00+00:00,4.5,0.062,0.22,0.294,WAS -4.5
2026-10-04,ARI,NYG,0.9,0.4,14.4,0.37,0.512,0.44,0.055,CANDIDATE NYG,0.0,2026-10-03T08:05:37+00:00,2026-10-04_ARI_NYG,,0.57,-2.5,2026-10-04T17:00:00+00:00,2.5,0.063,0.5,0.581,NYG +2.5
2026-10-04,DAL,HOU,2.7,2.7,14.3,0.88,0.574,0.6,-0.043,pass,0.0,2026-10-03T08:05:37+00:00,2026-10-04_DAL_HOU,,0.42,3.0,2026-10-04T17:00:00+00:00,2.5,0.008,0.47,0.496,no edge (best DAL +2.5)
2026-10-04,GB,TB,-0.6,-2.1,13.9,0.79,0.44,0.38,0.044,CANDIDATE TB,0.0,2026-10-03T08:05:37+00:00,2026-10-04_GB_TB,,0.63,-3.0,2026-10-04T17:00:00+00:00,2.5,0.055,0.44,0.512,TB +2.5
2026-10-04,JAX,CIN,-3.3,-5.1,12.8,0.35,0.347,0.58,0.206,CANDIDATE JAX,0.0,2026-10-03T08:05:37+00:00,2026-10-04_JAX_CIN,,0.43,2.5,2026-10-04T17:00:00+00:00,2.5,0.225,0.48,0.722,JAX +2.5
2026-10-04,LA,PHI,-0.7,-3.1,13.0,0.62,0.405,0.37,0.019,pass,0.0,2026-10-03T08:05:37+00:00,2026-10-04_LA_PHI,,0.64,-3.5,2026-10-04T17:00:00+00:00,3.5,0.032,0.26,0.306,no edge (best PHI -3.5)
2026-10-04,NE,BUF,3.4,0.1,12.2,0.83,0.502,0.74,0.224,CANDIDATE NE,0.0,2026-10-03T08:05:37+00:00,2026-10-04_NE_BUF,,0.26,7.0,2026-10-04T17:00:00+00:00,6.5,0.204,0.48,0.702,NE +6.5
2026-10-04,NYJ,CHI,8.9,9.3,15.6,0.53,0.724,0.63,0.077,CANDIDATE CHI,0.0,2026-10-03T08:05:37+00:00,2026-10-04_NYJ_CHI,,0.37,3.5,2026-10-04T17:00:00+00:00,3.5,0.127,0.5,0.644,CHI -3.5
2026-10-04,TEN,BAL,9.8,9.9,15.1,0.55,0.744,0.85,0.097,CANDIDATE TEN,0.0,2026-10-03T08:05:37+00:00,2026-10-04_TEN_BAL,,0.15,11.5,2026-10-04T17:00:00+00:00,11.5,0.015,0.51,0.542,no edge (best TEN +11.5)
2026-10-04,MIA,MIN,7.4,5.7,16.6,0.92,0.636,0.84,0.185,CANDIDATE MIA,0.0,2026-10-03T08:05:37+00:00,2026-10-04_MIA_MIN,,0.17,10.0,2026-10-04T20:05:00+00:00,9.5,0.125,0.05,0.179,MIA -9.5
2026-10-04,DEN,SF,3.1,5.6,14.1,0.74,0.653,0.58,0.056,CANDIDATE SF,0.0,2026-10-03T08:05:37+00:00,2026-10-04_DEN_SF,,0.43,3.0,2026-10-04T20:25:00+00:00,2.5,0.06,0.64,0.716,SF +2.5
2026-10-04,KC,LV,-6.3,-6.1,12.6,0.21,0.313,0.34,-0.043,pass,0.0,2026-10-03T08:05:37+00:00,2026-10-04_KC_LV,,0.66,-4.5,2026-10-04T20:25:00+00:00,4.5,0.034,0.5,0.551,no edge (best KC -4.5)
2026-10-04,LAC,SEA,5.5,6.9,16.3,0.63,0.663,0.76,0.073,CANDIDATE LAC,0.0,2026-10-03T08:05:37+00:00,2026-10-04_LAC_SEA,,0.25,7.0,2026-10-04T20:25:00+00:00,6.5,0.078,0.12,0.206,LAC -6.5
2026-10-04,DET,CAR,-1.4,-2.3,13.8,0.34,0.435,0.36,0.059,CANDIDATE CAR,0.0,2026-10-03T08:05:37+00:00,2026-10-04_DET_CAR,,0.65,-3.5,2026-10-05T00:20:00+00:00,3.5,0.085,0.24,0.338,CAR -3.5
2026-10-05,ATL,NO,2.0,4.4,12.8,0.79,0.635,0.56,0.058,CANDIDATE NO,0.0,2026-10-03T08:05:37+00:00,2026-10-05_ATL_NO,,0.46,2.5,2026-10-06T00:15:00+00:00,2.5,0.079,0.61,0.705,NO +2.5
2026-10-08,TB,DAL,3.9,0.3,12.5,0.46,0.511,0.81,0.278,CANDIDATE TB,0.0,2026-10-03T08:05:37+00:00,2026-10-08_TB_DAL,,0.2,9.5,2026-10-09T00:15:00+00:00,9.5,0.241,0.51,0.769,TB +9.5
2026-10-11,PHI,JAX,4.8,6.3,14.8,0.48,0.663,0.59,0.056,CANDIDATE JAX,0.0,2026-10-03T08:05:37+00:00,2026-10-11_PHI_JAX,,0.43,3.0,2026-10-11T13:30:00+00:00,2.5,,,,
2026-10-11,CHI,GB,-0.2,0.4,14.0,0.72,0.51,0.54,-0.047,pass,0.0,2026-10-03T08:05:37+00:00,2026-10-11_CHI_GB,,0.5,2.5,2026-10-11T17:00:00+00:00,2.5,,,,
2026-10-11,CIN,MIA,-4.7,-4.6,12.8,0.19,0.36,0.2,0.149,CANDIDATE MIA,0.0,2026-10-03T08:05:37+00:00,2026-10-11_CIN_MIA,,0.84,-8.5,2026-10-11T17:00:00+00:00,8.5,,,,
2026-10-11,CLE,NYJ,-0.8,-1.4,13.3,0.94,0.459,0.54,-0.099,pass,0.0,2026-10-03T08:05:37+00:00,2026-10-11_CLE_NYJ,,0.52,1.5,2026-10-11T17:00:00+00:00,1.5,,,,
2026-10-11,HOU,TEN,-3.6,-3.4,14.0,0.54,0.404,0.27,0.121,CANDIDATE TEN,0.0,2026-10-03T08:05:37+00:00,2026-10-11_HOU_TEN,,0.76,-6.5,2026-10-11T17:00:00+00:00,6.5,,,,
2026-10-11,IND,PIT,3.3,1.0,11.1,0.8,0.534,0.57,-0.053,pass,0.0,2026-10-03T08:05:37+00:00,2026-10-11_IND_PIT,,0.45,1.5,2026-10-11T17:00:00+00:00,1.5,,,,
2026-10-11,LV,NE,9.9,6.6,11.2,1.08,0.722,0.59,0.115,CANDIDATE NE,0.0,2026-10-03T08:05:37+00:00,2026-10-11_LV_NE,,0.44,3.5,2026-10-11T17:00:00+00:00,3.5,,,,
2026-10-11,MIN,NO,-1.0,-5.8,12.3,0.58,0.317,0.48,0.116,CANDIDATE MIN,0.0,2026-10-03T08:05:37+00:00,2026-10-11_MIN_NO,,0.55,-2.5,2026-10-11T17:00:00+00:00,2.5,,,,
2026-10-11,NYG,WAS,2.1,0.9,12.9,0.56,0.526,0.58,-0.071,pass,0.0,2026-10-03T08:05:37+00:00,2026-10-11_NYG_WAS,,0.44,2.5,2026-10-11T17:00:00+00:00,2.5,,,,
2026-10-11,DEN,LAC,-2.1,0.3,13.8,0.33,0.508,0.47,0.02,pass,0.0,2026-10-03T08:05:37+00:00,2026-10-11_DEN_LAC,,0.56,-2.5,2026-10-11T20:05:00+00:00,2.5,,,,
2026-10-11,DET,ARI,-3.4,-2.4,14.1,0.25,0.432,0.33,0.086,CANDIDATE ARI,0.0,2026-10-03T08:05:37+00:00,2026-10-11_DET_ARI,,0.7,-5.5,2026-10-11T20:25:00+00:00,5.5,,,,
2026-10-11,SF,SEA,1.0,-0.7,13.5,0.25,0.48,0.62,0.104,CANDIDATE SF,0.0,2026-10-03T08:05:37+00:00,2026-10-11_SF_SEA,,0.4,3.0,2026-10-11T20:25:00+00:00,2.5,,,,
2026-10-11,BAL,ATL,-5.3,-4.2,13.0,0.15,0.375,0.3,0.06,CANDIDATE ATL,0.0,2026-10-03T08:05:37+00:00,2026-10-11_BAL_ATL,,0.73,-6.0,2026-10-12T00:20:00+00:00,5.5,,,,
2026-10-04,IND,WAS,-1.0,-2.4,12.7,0.41,0.426,0.35,0.06,CANDIDATE WAS,0.0,2026-10-03T19:11:30+00:00,2026-10-04_IND_WAS,,0.66,-4.5,2026-10-04T13:30:00+00:00,4.5,0.062,0.22,0.294,WAS -4.5
2026-10-04,ARI,NYG,0.9,0.4,14.4,0.37,0.512,0.43,0.065,CANDIDATE NYG,0.0,2026-10-03T19:11:30+00:00,2026-10-04_ARI_NYG,,0.57,-2.5,2026-10-04T17:00:00+00:00,2.5,0.063,0.5,0.581,NYG +2.5
2026-10-04,DAL,HOU,2.7,2.7,14.3,0.88,0.574,0.59,-0.033,pass,0.0,2026-10-03T19:11:30+00:00,2026-10-04_DAL_HOU,,0.42,3.0,2026-10-04T17:00:00+00:00,2.5,0.008,0.47,0.496,no edge (best DAL +2.5)
2026-10-04,GB,TB,-0.6,-2.1,13.9,0.79,0.44,0.4,0.024,pass,0.0,2026-10-03T19:11:30+00:00,2026-10-04_GB_TB,,0.61,-3.0,2026-10-04T17:00:00+00:00,2.5,0.045,0.45,0.512,TB +2.5
2026-10-04,JAX,CIN,-3.3,-5.1,12.8,0.35,0.347,0.57,0.206,CANDIDATE JAX,0.0,2026-10-03T19:11:30+00:00,2026-10-04_JAX_CIN,,0.43,2.5,2026-10-04T17:00:00+00:00,2.5,0.215,0.49,0.722,JAX +2.5
2026-10-04,LA,PHI,-0.7,-3.1,13.0,0.62,0.405,0.37,0.019,pass,0.0,2026-10-03T19:11:30+00:00,2026-10-04_LA_PHI,,0.64,-3.5,2026-10-04T17:00:00+00:00,3.5,0.032,0.26,0.306,no edge (best PHI -3.5)
2026-10-04,NE,BUF,3.4,0.1,12.2,0.83,0.502,0.74,0.224,CANDIDATE NE,0.0,2026-10-03T19:11:30+00:00,2026-10-04_NE_BUF,,0.26,7.0,2026-10-04T17:00:00+00:00,6.5,0.204,0.48,0.702,NE +6.5
2026-10-04,NYJ,CHI,8.9,9.3,15.6,0.53,0.724,0.63,0.077,CANDIDATE CHI,0.0,2026-10-03T19:11:30+00:00,2026-10-04_NYJ_CHI,,0.37,3.5,2026-10-04T17:00:00+00:00,3.5,0.127,0.5,0.644,CHI -3.5
2026-10-04,TEN,BAL,9.8,9.9,15.1,0.55,0.744,0.85,0.097,CANDIDATE TEN,0.0,2026-10-03T19:11:30+00:00,2026-10-04_TEN_BAL,,0.15,11.5,2026-10-04T17:00:00+00:00,11.5,0.015,0.51,0.542,no edge (best TEN +11.5)
2026-10-04,MIA,MIN,7.4,5.7,16.6,0.92,0.636,0.84,0.185,CANDIDATE MIA,0.0,2026-10-03T19:11:30+00:00,2026-10-04_MIA_MIN,,0.17,10.0,2026-10-04T20:05:00+00:00,9.5,0.115,0.06,0.179,MIA -9.5
2026-10-04,DEN,SF,3.1,5.6,14.1,0.74,0.653,0.58,0.056,CANDIDATE SF,0.0,2026-10-03T19:11:30+00:00,2026-10-04_DEN_SF,,0.43,3.0,2026-10-04T20:25:00+00:00,2.5,0.06,0.64,0.716,SF +2.5
2026-10-04,KC,LV,-6.3,-6.1,12.6,0.21,0.313,0.34,-0.043,pass,0.0,2026-10-03T19:11:30+00:00,2026-10-04_KC_LV,,0.67,-4.5,2026-10-04T20:25:00+00:00,4.5,0.034,0.5,0.551,no edge (best KC -4.5)
2026-10-04,LAC,SEA,5.5,6.9,16.3,0.63,0.663,0.76,0.073,CANDIDATE LAC,0.0,2026-10-03T19:11:30+00:00,2026-10-04_LAC_SEA,,0.25,7.0,2026-10-04T20:25:00+00:00,6.5,0.078,0.12,0.206,LAC -6.5
2026-10-04,DET,CAR,-1.4,-2.3,13.8,0.34,0.435,0.36,0.059,CANDIDATE CAR,0.0,2026-10-03T19:11:30+00:00,2026-10-04_DET_CAR,,0.65,-3.5,2026-10-05T00:20:00+00:00,3.5,0.085,0.24,0.338,CAR -3.5
2026-10-05,ATL,NO,2.0,4.4,12.8,0.79,0.635,0.55,0.067,CANDIDATE NO,0.0,2026-10-03T19:11:30+00:00,2026-10-05_ATL_NO,,0.46,2.5,2026-10-06T00:15:00+00:00,2.5,0.079,0.61,0.705,NO +2.5
2026-10-08,TB,DAL,3.9,0.3,12.5,0.46,0.511,0.82,0.288,CANDIDATE TB,0.0,2026-10-03T19:11:30+00:00,2026-10-08_TB_DAL,,0.19,9.5,2026-10-09T00:15:00+00:00,9.5,0.241,0.51,0.769,TB +9.5
2026-10-11,PHI,JAX,4.8,6.3,14.8,0.48,0.663,0.59,0.056,CANDIDATE JAX,0.0,2026-10-03T19:11:30+00:00,2026-10-11_PHI_JAX,,0.43,3.0,2026-10-11T13:30:00+00:00,2.5,,,,
2026-10-11,CHI,GB,-0.2,0.4,14.0,0.72,0.51,0.56,-0.067,pass,0.0,2026-10-03T19:11:30+00:00,2026-10-11_CHI_GB,,0.46,2.5,2026-10-11T17:00:00+00:00,2.5,,,,
2026-10-11,CIN,MIA,-4.7,-4.6,12.8,0.19,0.36,0.18,0.169,CANDIDATE MIA,0.0,2026-10-03T19:11:30+00:00,2026-10-11_CIN_MIA,,0.85,-8.5,2026-10-11T17:00:00+00:00,8.5,,,,
2026-10-11,CLE,NYJ,-0.8,-1.4,13.3,0.94,0.459,0.54,0.044,CANDIDATE CLE,0.0,2026-10-03T19:11:30+00:00,2026-10-11_CLE_NYJ,,0.48,1.5,2026-10-11T17:00:00+00:00,1.5,,,,
2026-10-11,HOU,TEN,-3.6,-3.4,14.0,0.54,0.404,0.27,0.121,CANDIDATE TEN,0.0,2026-10-03T19:11:30+00:00,2026-10-11_HOU_TEN,,0.76,-6.5,2026-10-11T17:00:00+00:00,6.5,,,,
2026-10-11,IND,PIT,3.3,1.0,11.1,0.8,0.534,0.57,-0.053,pass,0.0,2026-10-03T19:11:30+00:00,2026-10-11_IND_PIT,,0.46,1.5,2026-10-11T17:00:00+00:00,1.5,,,,
2026-10-11,LV,NE,9.9,6.6,11.2,1.08,0.722,0.63,0.076,CANDIDATE NE,0.0,2026-10-03T19:11:30+00:00,2026-10-11_LV_NE,,0.38,3.5,2026-10-11T17:00:00+00:00,3.5,,,,
2026-10-11,MIN,NO,-1.0,-5.8,12.3,0.58,0.317,0.48,0.116,CANDIDATE MIN,0.0,2026-10-03T19:11:30+00:00,2026-10-11_MIN_NO,,0.55,-2.5,2026-10-11T17:00:00+00:00,2.5,,,,
2026-10-11,NYG,WAS,2.1,0.9,12.9,0.56,0.526,0.59,-0.081,pass,0.0,2026-10-03T19:11:30+00:00,2026-10-11_NYG_WAS,,0.42,2.5,2026-10-11T17:00:00+00:00,2.5,,,,
2026-10-11,DEN,LAC,-2.1,0.3,13.8,0.33,0.508,0.47,0.02,pass,0.0,2026-10-03T19:11:30+00:00,2026-10-11_DEN_LAC,,0.55,-2.5,2026-10-11T20:05:00+00:00,2.5,,,,
2026-10-11,DET,ARI,-3.4,-2.4,14.1,0.25,0.432,0.33,0.086,CANDIDATE ARI,0.0,2026-10-03T19:11:30+00:00,2026-10-11_DET_ARI,,0.7,-5.5,2026-10-11T20:25:00+00:00,5.5,,,,
2026-10-11,SF,SEA,1.0,-0.7,13.5,0.25,0.48,0.64,0.134,CANDIDATE SF,0.0,2026-10-03T19:11:30+00:00,2026-10-11_SF_SEA,,0.37,3.0,2026-10-11T20:25:00+00:00,2.5,,,,
2026-10-11,BAL,ATL,-5.3,-4.2,13.0,0.15,0.375,0.29,0.07,CANDIDATE ATL,0.0,2026-10-03T19:11:30+00:00,2026-10-11_BAL_ATL,,0.75,-6.0,2026-10-12T00:20:00+00:00,5.5,,,,
2026-10-04,IND,WAS,-1.0,-2.4,12.7,0.43,0.425,0.35,0.06,CANDIDATE WAS,0.0,2026-10-03T22:06:48+00:00,2026-10-04_IND_WAS,,0.66,-4.5,2026-10-04T13:30:00+00:00,4.5,0.062,0.22,0.294,WAS -4.5
2026-10-04,ARI,NYG,0.9,0.5,14.4,0.35,0.515,0.43,0.068,CANDIDATE NYG,0.0,2026-10-03T22:06:48+00:00,2026-10-04_ARI_NYG,,0.57,-2.5,2026-10-04T17:00:00+00:00,2.5,0.066,0.5,0.583,NYG +2.5
2026-10-04,DAL,HOU,2.7,2.8,14.3,0.99,0.577,0.59,-0.03,pass,0.0,2026-10-03T22:06:48+00:00,2026-10-04_DAL_HOU,,0.42,3.0,2026-10-04T17:00:00+00:00,2.5,0.005,0.47,0.492,no edge (best DAL +2.5)
2026-10-04,GB,TB,-0.6,-2.1,13.9,0.79,0.441,0.4,0.024,pass,0.0,2026-10-03T22:06:48+00:00,2026-10-04_GB_TB,,0.61,-3.0,2026-10-04T17:00:00+00:00,2.5,0.035,0.46,0.513,no edge (best TB +2.5)
2026-10-04,JAX,CIN,-3.3,-5.1,12.8,0.36,0.347,0.57,0.206,CANDIDATE JAX,0.0,2026-10-03T22:06:48+00:00,2026-10-04_JAX_CIN,,0.43,2.5,2026-10-04T17:00:00+00:00,2.5,0.215,0.49,0.722,JAX +2.5
2026-10-04,LA,PHI,-0.7,-3.0,13.1,0.67,0.408,0.37,0.022,pass,0.0,2026-10-03T22:06:48+00:00,2026-10-04_LA_PHI,,0.64,-3.5,2026-10-04T17:00:00+00:00,3.5,0.035,0.26,0.309,no edge (best PHI -3.5)
2026-10-04,NE,BUF,3.4,0.2,12.2,0.8,0.505,0.74,0.211,CANDIDATE NE,0.0,2026-10-03T22:06:48+00:00,2026-10-04_NE_BUF,,0.27,7.0,2026-10-04T17:00:00+00:00,6.5,0.201,0.48,0.699,NE +6.5
2026-10-04,NYJ,CHI,8.9,9.3,15.6,0.5,0.725,0.64,0.069,CANDIDATE CHI,0.0,2026-10-03T22:06:48+00:00,2026-10-04_NYJ_CHI,,0.37,3.5,2026-10-04T17:00:00+00:00,3.5,0.128,0.5,0.645,CHI -3.5
2026-10-04,TEN,BAL,9.8,10.0,15.1,0.47,0.745,0.86,0.096,CANDIDATE TEN,0.0,2026-10-03T22:06:48+00:00,2026-10-04_TEN_BAL,,0.15,11.5,2026-10-04T17:00:00+00:00,11.5,0.013,0.51,0.541,no edge (best TEN +11.5)
2026-10-04,MIA,MIN,7.4,5.7,16.6,0.93,0.634,0.84,0.186,CANDIDATE MIA,0.0,2026-10-03T22:06:48+00:00,2026-10-04_MIA_MIN,,0.17,10.0,2026-10-04T20:05:00+00:00,9.5,0.116,0.06,0.18,MIA -9.5
2026-10-04,DEN,SF,3.1,5.5,14.1,0.68,0.651,0.58,0.054,CANDIDATE SF,0.0,2026-10-03T22:06:48+00:00,2026-10-04_DEN_SF,,0.43,3.0,2026-10-04T20:25:00+00:00,2.5,0.058,0.64,0.714,SF +2.5
2026-10-04,KC,LV,-6.3,-6.1,12.5,0.22,0.312,0.34,-0.044,pass,0.0,2026-10-03T22:06:48+00:00,2026-10-04_KC_LV,,0.67,-4.5,2026-10-04T20:25:00+00:00,4.5,0.035,0.5,0.552,no edge (best KC -4.5)
2026-10-04,LAC,SEA,5.5,6.8,16.3,0.65,0.663,0.76,0.074,CANDIDATE LAC,0.0,2026-10-03T22:06:48+00:00,2026-10-04_LAC_SEA,,0.25,7.0,2026-10-04T20:25:00+00:00,6.5,0.089,0.11,0.206,LAC -6.5
2026-10-04,DET,CAR,-1.4,-2.3,13.8,0.34,0.434,0.36,0.058,CANDIDATE CAR,0.0,2026-10-03T22:06:48+00:00,2026-10-04_DET_CAR,,0.65,-3.5,2026-10-05T00:20:00+00:00,3.5,0.085,0.24,0.337,CAR -3.5
2026-10-05,ATL,NO,2.0,4.5,12.8,0.77,0.637,0.55,0.069,CANDIDATE NO,0.0,2026-10-03T22:06:48+00:00,2026-10-05_ATL_NO,,0.47,2.5,2026-10-06T00:15:00+00:00,2.5,0.09,0.6,0.707,NO +2.5
2026-10-08,TB,DAL,3.9,0.3,12.5,0.5,0.511,0.81,0.278,CANDIDATE TB,0.0,2026-10-03T22:06:48+00:00,2026-10-08_TB_DAL,,0.2,9.5,2026-10-09T00:15:00+00:00,9.5,0.241,0.51,0.769,TB +9.5
2026-10-11,PHI,JAX,4.8,6.2,14.9,0.48,0.663,0.59,0.056,CANDIDATE JAX,0.0,2026-10-03T22:06:48+00:00,2026-10-11_PHI_JAX,,0.43,3.0,2026-10-11T13:30:00+00:00,2.5,,,,
2026-10-11,CHI,GB,-0.2,0.4,13.9,0.62,0.512,0.56,-0.065,pass,0.0,2026-10-03T22:06:48+00:00,2026-10-11_CHI_GB,,0.47,2.5,2026-10-11T17:00:00+00:00,2.5,,,,
2026-10-11,CIN,MIA,-4.7,-4.6,12.8,0.17,0.36,0.19,0.159,CANDIDATE MIA,0.0,2026-10-03T22:06:48+00:00,2026-10-11_CIN_MIA,,0.84,-8.5,2026-10-11T17:00:00+00:00,8.5,,,,
2026-10-11,CLE,NYJ,-0.8,-1.4,13.3,0.88,0.458,0.54,0.044,CANDIDATE CLE,0.0,2026-10-03T22:06:48+00:00,2026-10-11_CLE_NYJ,,0.48,1.5,2026-10-11T17:00:00+00:00,1.5,,,,
2026-10-11,HOU,TEN,-3.6,-3.3,14.0,0.6,0.408,0.27,0.124,CANDIDATE TEN,0.0,2026-10-03T22:06:48+00:00,2026-10-11_HOU_TEN,,0.76,-6.5,2026-10-11T17:00:00+00:00,6.5,,,,
2026-10-11,IND,PIT,3.3,1.1,11.1,0.8,0.538,0.57,-0.049,pass,0.0,2026-10-03T22:06:48+00:00,2026-10-11_IND_PIT,,0.46,1.5,2026-10-11T17:00:00+00:00,1.5,,,,
2026-10-11,LV,NE,9.9,6.5,11.2,1.05,0.721,0.63,0.075,CANDIDATE NE,0.0,2026-10-03T22:06:48+00:00,2026-10-11_LV_NE,,0.38,3.5,2026-10-11T17:00:00+00:00,3.5,,,,
2026-10-11,MIN,NO,-1.0,-5.8,12.3,0.57,0.318,0.48,0.115,CANDIDATE MIN,0.0,2026-10-03T22:06:48+00:00,2026-10-11_MIN_NO,,0.55,-2.5,2026-10-11T17:00:00+00:00,2.5,,,,
2026-10-11,NYG,WAS,2.1,0.9,12.9,0.57,0.527,0.61,0.046,CANDIDATE NYG,0.0,2026-10-03T22:06:48+00:00,2026-10-11_NYG_WAS,,0.41,2.5,2026-10-11T17:00:00+00:00,2.5,,,,
2026-10-11,DEN,LAC,-2.1,0.3,13.8,0.31,0.509,0.47,0.021,pass,0.0,2026-10-03T22:06:48+00:00,2026-10-11_DEN_LAC,,0.55,-2.5,2026-10-11T20:05:00+00:00,2.5,,,,
2026-10-11,DET,ARI,-3.4,-2.4,14.2,0.26,0.433,0.33,0.087,CANDIDATE ARI,0.0,2026-10-03T22:06:48+00:00,2026-10-11_DET_ARI,,0.7,-5.5,2026-10-11T20:25:00+00:00,5.5,,,,
2026-10-11,SF,SEA,1.0,-0.7,13.5,0.36,0.478,0.64,0.125,CANDIDATE SF,0.0,2026-10-03T22:06:48+00:00,2026-10-11_SF_SEA,,0.38,3.0,2026-10-11T20:25:00+00:00,2.5,,,,
2026-10-11,BAL,ATL,-5.3,-4.1,13.0,0.13,0.376,0.29,0.071,CANDIDATE ATL,0.0,2026-10-03T22:06:48+00:00,2026-10-11_BAL_ATL,,0.75,-6.0,2026-10-12T00:20:00+00:00,5.5,,,,
2026-10-04,IND,WAS,-1.0,-2.4,12.7,0.43,0.425,0.35,0.06,CANDIDATE WAS,0.0,2026-10-04T08:27:47+00:00,2026-10-04_IND_WAS,,0.66,-4.5,2026-10-04T13:30:00+00:00,4.5,0.072,0.21,0.294,WAS -4.5
2026-10-04,ARI,NYG,0.9,0.5,14.4,0.35,0.515,0.44,0.058,CANDIDATE NYG,0.0,2026-10-04T08:27:47+00:00,2026-10-04_ARI_NYG,,0.57,-2.5,2026-10-04T17:00:00+00:00,2.5,0.056,0.51,0.583,NYG +2.5
2026-10-04,DAL,HOU,2.7,2.8,14.3,0.99,0.577,0.59,-0.03,pass,0.0,2026-10-04T08:27:47+00:00,2026-10-04_DAL_HOU,,0.42,3.0,2026-10-04T17:00:00+00:00,2.5,0.005,0.47,0.492,no edge (best DAL +2.5)
2026-10-04,GB,TB,-0.6,-2.1,13.9,0.79,0.441,0.39,0.034,pass,0.0,2026-10-04T08:27:47+00:00,2026-10-04_GB_TB,,0.61,-3.0,2026-10-04T17:00:00+00:00,2.5,0.035,0.46,0.513,no edge (best TB +2.5)
2026-10-04,JAX,CIN,-3.3,-5.1,12.8,0.36,0.347,0.57,0.206,CANDIDATE JAX,0.0,2026-10-04T08:27:47+00:00,2026-10-04_JAX_CIN,,0.43,2.5,2026-10-04T17:00:00+00:00,2.5,0.215,0.49,0.722,JAX +2.5
2026-10-04,LA,PHI,-0.7,-3.0,13.1,0.67,0.408,0.37,0.022,pass,0.0,2026-10-04T08:27:47+00:00,2026-10-04_LA_PHI,,0.64,-3.5,2026-10-04T17:00:00+00:00,3.5,0.035,0.26,0.309,no edge (best PHI -3.5)
2026-10-04,NE,BUF,3.4,0.2,12.2,0.8,0.505,0.74,0.222,CANDIDATE NE,0.0,2026-10-04T08:27:47+00:00,2026-10-04_NE_BUF,,0.26,7.0,2026-10-04T17:00:00+00:00,6.5,0.201,0.48,0.699,NE +6.5
2026-10-04,NYJ,CHI,8.9,9.3,15.6,0.5,0.725,0.64,0.069,CANDIDATE CHI,0.0,2026-10-04T08:27:47+00:00,2026-10-04_NYJ_CHI,,0.37,3.5,2026-10-04T17:00:00+00:00,3.5,0.128,0.5,0.645,CHI -3.5
2026-10-04,TEN,BAL,9.8,10.0,15.1,0.47,0.745,0.86,0.096,CANDIDATE TEN,0.0,2026-10-04T08:27:47+00:00,2026-10-04_TEN_BAL,,0.15,11.5,2026-10-04T17:00:00+00:00,11.5,0.013,0.51,0.541,no edge (best TEN +11.5)
2026-10-04,MIA,MIN,7.4,5.7,16.6,0.93,0.634,0.84,0.186,CANDIDATE MIA,0.0,2026-10-04T08:27:47+00:00,2026-10-04_MIA_MIN,,0.17,10.0,2026-10-04T20:05:00+00:00,9.5,0.116,0.06,0.18,MIA -9.5
2026-10-04,DEN,SF,3.1,5.5,14.1,0.68,0.651,0.58,0.054,CANDIDATE SF,0.0,2026-10-04T08:27:47+00:00,2026-10-04_DEN_SF,,0.43,3.0,2026-10-04T20:25:00+00:00,2.5,0.068,0.63,0.714,SF +2.5
2026-10-04,KC,LV,-6.3,-6.1,12.5,0.22,0.312,0.34,-0.044,pass,0.0,2026-10-04T08:27:47+00:00,2026-10-04_KC_LV,,0.67,-4.5,2026-10-04T20:25:00+00:00,4.5,0.025,0.51,0.552,no edge (best KC -4.5)
2026-10-04,LAC,SEA,5.5,6.8,16.3,0.65,0.663,0.76,0.074,CANDIDATE LAC,0.0,2026-10-04T08:27:47+00:00,2026-10-04_LAC_SEA,,0.25,7.0,2026-10-04T20:25:00+00:00,6.5,0.089,0.11,0.206,LAC -6.5
2026-10-04,DET,CAR,-1.4,-2.3,13.8,0.34,0.434,0.36,0.058,CANDIDATE CAR,0.0,2026-10-04T08:27:47+00:00,2026-10-04_DET_CAR,,0.65,-3.5,2026-10-05T00:20:00+00:00,3.5,0.095,0.23,0.337,CAR -3.5
2026-10-05,ATL,NO,2.0,4.5,12.8,0.77,0.637,0.55,0.069,CANDIDATE NO,0.0,2026-10-04T08:27:47+00:00,2026-10-05_ATL_NO,,0.47,1.5,2026-10-06T00:15:00+00:00,1.5,0.082,0.58,0.679,NO +1.5
2026-10-08,TB,DAL,3.9,0.3,12.5,0.5,0.511,0.8,0.268,CANDIDATE TB,0.0,2026-10-04T08:27:47+00:00,2026-10-08_TB_DAL,,0.21,9.5,2026-10-09T00:15:00+00:00,9.5,0.241,0.51,0.769,TB +9.5
2026-10-11,PHI,JAX,4.8,6.2,14.9,0.48,0.663,0.59,0.056,CANDIDATE JAX,0.0,2026-10-04T08:27:47+00:00,2026-10-11_PHI_JAX,,0.43,3.0,2026-10-11T13:30:00+00:00,2.5,,,,
2026-10-11,CHI,GB,-0.2,0.4,13.9,0.62,0.512,0.52,-0.026,pass,0.0,2026-10-04T08:27:47+00:00,2026-10-11_CHI_GB,,0.5,2.5,2026-10-11T17:00:00+00:00,2.5,,,,
2026-10-11,CIN,MIA,-4.7,-4.6,12.8,0.17,0.36,0.2,0.149,CANDIDATE MIA,0.0,2026-10-04T08:27:47+00:00,2026-10-11_CIN_MIA,,0.83,-8.5,2026-10-11T17:00:00+00:00,8.5,,,,
2026-10-11,CLE,NYJ,-0.8,-1.4,13.3,0.88,0.458,0.52,-0.079,pass,0.0,2026-10-04T08:27:47+00:00,2026-10-11_CLE_NYJ,,0.5,1.5,2026-10-11T17:00:00+00:00,1.5,,,,
2026-10-11,HOU,TEN,-3.6,-3.3,14.0,0.6,0.408,0.28,0.114,CANDIDATE TEN,0.0,2026-10-04T08:27:47+00:00,2026-10-11_HOU_TEN,,0.76,-6.5,2026-10-11T17:00:00+00:00,6.5,,,,
2026-10-11,IND,PIT,3.3,1.1,11.1,0.8,0.538,0.58,-0.059,pass,0.0,2026-10-04T08:27:47+00:00,2026-10-11_IND_PIT,,0.46,1.5,2026-10-11T17:00:00+00:00,1.5,,,,
2026-10-11,LV,NE,9.9,6.5,11.2,1.05,0.721,0.62,0.085,CANDIDATE NE,0.0,2026-10-04T08:27:47+00:00,2026-10-11_LV_NE,,0.4,3.5,2026-10-11T17:00:00+00:00,3.5,,,,
2026-10-11,MIN,NO,-1.0,-5.8,12.3,0.57,0.318,0.47,0.105,CANDIDATE MIN,0.0,2026-10-04T08:27:47+00:00,2026-10-11_MIN_NO,,0.56,-2.5,2026-10-11T17:00:00+00:00,2.5,,,,
2026-10-11,NYG,WAS,2.1,0.9,12.9,0.57,0.527,0.62,-0.11,pass,0.0,2026-10-04T08:27:47+00:00,2026-10-11_NYG_WAS,,0.42,2.5,2026-10-11T17:00:00+00:00,2.5,,,,
2026-10-11,DEN,LAC,-2.1,0.3,13.8,0.31,0.509,0.47,0.021,pass,0.0,2026-10-04T08:27:47+00:00,2026-10-11_DEN_LAC,,0.57,-2.5,2026-10-11T20:05:00+00:00,2.5,,,,
2026-10-11,DET,ARI,-3.4,-2.4,14.2,0.26,0.433,0.33,0.087,CANDIDATE ARI,0.0,2026-10-04T08:27:47+00:00,2026-10-11_DET_ARI,,0.7,-5.5,2026-10-11T20:25:00+00:00,5.5,,,,
2026-10-11,SF,SEA,1.0,-0.7,13.5,0.36,0.478,0.64,0.105,CANDIDATE SF,0.0,2026-10-04T08:27:47+00:00,2026-10-11_SF_SEA,,0.4,3.0,2026-10-11T20:25:00+00:00,2.5,,,,
2026-10-11,BAL,ATL,-5.3,-4.1,13.0,0.13,0.376,0.29,0.071,CANDIDATE ATL,0.0,2026-10-04T08:27:47+00:00,2026-10-11_BAL_ATL,,0.75,-6.0,2026-10-12T00:20:00+00:00,5.5,,,,
2026-10-12,BUF,LA,0.2,0.6,13.7,0.13,0.516,0.54,-0.041,pass,0.0,2026-10-04T08:27:47+00:00,2026-10-12_BUF_LA,,0.48,2.5,2026-10-13T00:15:00+00:00,2.5,,,,
2026-10-04,MIA,MIN,7.4,5.4,16.6,0.66,0.627,0.83,0.182,CANDIDATE MIA,0.0,2026-10-04T19:33:47+00:00,2026-10-04_MIA_MIN,,0.18,10.0,2026-10-04T20:05:00+00:00,9.5,0.121,0.06,0.185,MIA -9.5
2026-10-04,DEN,SF,2.9,5.0,14.0,0.77,0.64,0.6,0.024,pass,0.0,2026-10-04T19:33:47+00:00,2026-10-04_DEN_SF,,0.42,3.0,2026-10-04T20:25:00+00:00,2.5,0.048,0.64,0.705,SF +2.5
2026-10-04,KC,LV,-6.4,-6.1,12.6,0.11,0.313,0.33,-0.032,pass,0.0,2026-10-04T19:33:47+00:00,2026-10-04_KC_LV,,0.68,-4.5,2026-10-04T20:25:00+00:00,4.5,0.014,0.52,0.551,no edge (best KC -4.5)
2026-10-04,LAC,SEA,5.4,6.7,16.1,0.49,0.662,0.76,0.075,CANDIDATE LAC,0.0,2026-10-04T19:33:47+00:00,2026-10-04_LAC_SEA,,0.25,7.0,2026-10-04T20:25:00+00:00,6.5,0.089,0.11,0.206,LAC -6.5
2026-10-04,DET,CAR,-1.5,-2.5,13.7,0.44,0.428,0.36,0.052,CANDIDATE CAR,0.0,2026-10-04T19:33:47+00:00,2026-10-04_DET_CAR,,0.65,-3.5,2026-10-05T00:20:00+00:00,3.5,0.089,0.23,0.332,CAR -3.5
2026-10-05,ATL,NO,2.0,4.3,12.9,1.13,0.63,0.55,0.063,CANDIDATE NO,0.0,2026-10-04T19:33:47+00:00,2026-10-05_ATL_NO,,0.47,1.5,2026-10-06T00:15:00+00:00,1.5,0.086,0.57,0.673,NO +1.5
2026-10-08,TB,DAL,3.8,0.0,12.4,0.34,0.501,0.82,0.288,CANDIDATE TB,0.0,2026-10-04T19:33:47+00:00,2026-10-08_TB_DAL,,0.2,,2026-10-09T00:15:00+00:00,,,,,
2026-10-11,PHI,JAX,4.8,6.4,14.7,0.41,0.668,0.6,0.051,CANDIDATE JAX,0.0,2026-10-04T19:33:47+00:00,2026-10-11_PHI_JAX,,0.43,,2026-10-11T13:30:00+00:00,,,,,
2026-10-11,CHI,GB,-0.2,0.3,13.9,0.8,0.51,0.5,-0.008,pass,0.0,2026-10-04T19:33:47+00:00,2026-10-11_CHI_GB,,0.51,,2026-10-11T17:00:00+00:00,,,,,
2026-10-11,CIN,MIA,-4.8,-4.8,12.9,0.12,0.354,0.22,0.122,CANDIDATE MIA,0.0,2026-10-04T19:33:47+00:00,2026-10-11_CIN_MIA,,0.82,,2026-10-11T17:00:00+00:00,,,,,
2026-10-11,CLE,NYJ,-0.9,-1.4,13.4,0.94,0.457,0.53,0.045,CANDIDATE CLE,0.0,2026-10-04T19:33:47+00:00,2026-10-11_CLE_NYJ,,0.48,,2026-10-11T17:00:00+00:00,,,,,
2026-10-11,HOU,TEN,-3.6,-3.3,13.7,1.15,0.405,0.25,0.142,CANDIDATE TEN,0.0,2026-10-04T19:33:47+00:00,2026-10-11_HOU_TEN,,0.77,,2026-10-11T17:00:00+00:00,,,,,
2026-10-11,IND,PIT,2.8,0.3,11.0,0.5,0.51,0.56,-0.067,pass,0.0,2026-10-04T19:33:47+00:00,2026-10-11_IND_PIT,,0.46,,2026-10-11T17:00:00+00:00,,,,,
2026-10-11,LV,NE,9.9,6.6,11.4,1.02,0.718,0.62,0.081,CANDIDATE NE,0.0,2026-10-04T19:33:47+00:00,2026-10-11_LV_NE,,0.39,,2026-10-11T17:00:00+00:00,,,,,
2026-10-11,MIN,NO,-1.1,-5.7,12.4,0.58,0.323,0.47,0.119,CANDIDATE MIN,0.0,2026-10-04T19:33:47+00:00,2026-10-11_MIN_NO,,0.54,,2026-10-11T17:00:00+00:00,,,,,
2026-10-11,NYG,WAS,1.6,1.1,12.7,0.46,0.534,0.6,0.049,CANDIDATE NYG,0.0,2026-10-04T19:33:47+00:00,2026-10-11_NYG_WAS,,0.4,,2026-10-11T17:00:00+00:00,,,,,
2026-10-11,DEN,LAC,-2.2,0.4,13.8,0.52,0.513,0.45,0.045,CANDIDATE LAC,0.0,2026-10-04T19:33:47+00:00,2026-10-11_DEN_LAC,,0.58,,2026-10-11T20:05:00+00:00,,,,,
2026-10-11,DET,ARI,-3.5,-2.4,14.0,0.32,0.433,0.33,0.087,CANDIDATE ARI,0.0,2026-10-04T19:33:47+00:00,2026-10-11_DET_ARI,,0.69,,2026-10-11T20:25:00+00:00,,,,,
2026-10-11,SF,SEA,0.9,-0.7,13.5,0.46,0.479,0.56,0.054,CANDIDATE SF,0.0,2026-10-04T19:33:47+00:00,2026-10-11_SF_SEA,,0.45,,2026-10-11T20:25:00+00:00,,,,,
2026-10-11,BAL,ATL,-5.3,-4.4,13.1,0.15,0.368,0.31,0.043,CANDIDATE ATL,0.0,2026-10-04T19:33:47+00:00,2026-10-11_BAL_ATL,,0.71,,2026-10-12T00:20:00+00:00,,,,,
2026-10-12,BUF,LA,0.2,0.6,13.8,0.35,0.517,0.57,-0.07,pass,0.0,2026-10-04T19:33:47+00:00,2026-10-12_BUF_LA,,0.46,,2026-10-13T00:15:00+00:00,,,,,
2026-10-04,DET,CAR,-1.5,-2.3,13.6,0.35,0.432,0.35,0.067,CANDIDATE CAR,0.0,2026-10-04T22:18:50+00:00,2026-10-04_DET_CAR,,0.66,-3.5,2026-10-05T00:20:00+00:00,3.5,0.092,0.23,0.335,CAR -3.5
2026-10-05,ATL,NO,1.9,4.6,13.0,1.26,0.637,0.54,0.08,CANDIDATE NO,0.0,2026-10-04T22:18:50+00:00,2026-10-05_ATL_NO,,0.47,1.5,2026-10-06T00:15:00+00:00,1.5,0.082,0.58,0.679,NO +1.5
2026-10-08,TB,DAL,5.0,4.6,12.6,0.65,0.641,0.83,0.168,CANDIDATE TB,0.0,2026-10-04T22:18:50+00:00,2026-10-08_TB_DAL,,0.18,9.5,2026-10-09T00:15:00+00:00,9.5,0.135,0.5,0.652,TB +9.5
2026-10-11,PHI,JAX,6.2,9.5,14.4,0.31,0.745,0.62,0.109,CANDIDATE JAX,0.0,2026-10-04T22:18:50+00:00,2026-10-11_PHI_JAX,,0.39,3.5,2026-10-11T13:30:00+00:00,3.5,0.144,0.5,0.661,JAX -3.5
2026-10-11,CHI,GB,0.1,2.5,13.4,1.42,0.574,0.51,0.047,CANDIDATE GB,0.0,2026-10-04T22:18:50+00:00,2026-10-11_CHI_GB,,0.49,,2026-10-11T17:00:00+00:00,,,,,
2026-10-11,CIN,MIA,-4.4,-5.0,12.8,0.16,0.349,0.21,0.127,CANDIDATE MIA,0.0,2026-10-04T22:18:50+00:00,2026-10-11_CIN_MIA,,0.8,-7.5,2026-10-11T17:00:00+00:00,7.5,0.04,0.52,0.577,no edge (best MIA +7.5)
2026-10-11,CLE,NYJ,-0.4,-0.1,13.4,0.83,0.496,0.52,-0.042,pass,0.0,2026-10-04T22:18:50+00:00,2026-10-11_CLE_NYJ,,0.49,,2026-10-11T17:00:00+00:00,,,,,
2026-10-11,HOU,TEN,-2.4,-1.7,13.2,0.48,0.45,0.26,0.176,CANDIDATE TEN,0.0,2026-10-04T22:18:50+00:00,2026-10-11_HOU_TEN,,0.76,,2026-10-11T17:00:00+00:00,,,,,
2026-10-11,IND,PIT,2.6,0.4,11.2,0.5,0.513,0.54,-0.044,pass,0.0,2026-10-04T22:18:50+00:00,2026-10-11_IND_PIT,,0.47,,2026-10-11T17:00:00+00:00,,,,,
2026-10-11,LV,NE,10.3,8.7,11.7,1.15,0.773,0.65,0.107,CANDIDATE NE,0.0,2026-10-04T22:18:50+00:00,2026-10-11_LV_NE,,0.37,,2026-10-11T17:00:00+00:00,,,,,
2026-10-11,MIN,NO,-1.1,-5.8,12.3,0.63,0.317,0.49,0.126,CANDIDATE MIN,0.0,2026-10-04T22:18:50+00:00,2026-10-11_MIN_NO,,0.54,,2026-10-11T17:00:00+00:00,,,,,
2026-10-11,NYG,WAS,1.0,1.2,12.6,0.69,0.538,0.64,0.076,CANDIDATE NYG,0.0,2026-10-04T22:18:50+00:00,2026-10-11_NYG_WAS,,0.37,,2026-10-11T17:00:00+00:00,,,,,
2026-10-11,DEN,LAC,-2.3,0.4,13.8,0.62,0.511,0.41,0.084,CANDIDATE LAC,0.0,2026-10-04T22:18:50+00:00,2026-10-11_DEN_LAC,,0.6,,2026-10-11T20:05:00+00:00,,,,,
2026-10-11,DET,ARI,-3.2,-1.9,14.0,0.55,0.445,0.32,0.11,CANDIDATE ARI,0.0,2026-10-04T22:18:50+00:00,2026-10-11_DET_ARI,,0.7,,2026-10-11T20:25:00+00:00,,,,,
2026-10-11,SF,SEA,0.8,-0.8,13.6,0.72,0.478,0.53,-0.07,pass,0.0,2026-10-04T22:18:50+00:00,2026-10-11_SF_SEA,,0.48,,2026-10-11T20:25:00+00:00,,,,,
2026-10-11,BAL,ATL,-5.0,-3.9,13.2,0.4,0.384,0.32,0.048,CANDIDATE ATL,0.0,2026-10-04T22:18:50+00:00,2026-10-11_BAL_ATL,,0.69,,2026-10-12T00:20:00+00:00,,,,,
2026-10-12,BUF,LA,1.2,1.9,14.3,0.64,0.552,0.53,0.004,pass,0.0,2026-10-04T22:18:50+00:00,2026-10-12_BUF_LA,,0.48,,2026-10-13T00:15:00+00:00,,,,,
2026-10-05,ATL,NO,1.9,4.6,13.1,1.06,0.638,0.54,0.081,CANDIDATE NO,0.0,2026-10-05T09:00:21+00:00,2026-10-05_ATL_NO,,0.47,1.5,2026-10-06T00:15:00+00:00,1.5,0.093,0.57,0.68,NO +1.5
2026-10-08,TB,DAL,5.0,4.9,12.5,0.6,0.652,0.84,0.158,CANDIDATE TB,0.0,2026-10-05T09:00:21+00:00,2026-10-08_TB_DAL,,0.18,10.0,2026-10-09T00:15:00+00:00,9.5,0.147,0.48,0.644,TB +9.5
2026-10-11,PHI,JAX,6.2,9.6,14.1,0.19,0.752,0.66,0.076,CANDIDATE JAX,0.0,2026-10-05T09:00:21+00:00,2026-10-11_PHI_JAX,,0.34,4.5,2026-10-11T13:30:00+00:00,4.5,0.114,0.51,0.641,JAX -4.5
2026-10-11,CHI,GB,0.2,3.0,13.1,1.27,0.589,0.42,0.152,CANDIDATE GB,0.0,2026-10-05T09:00:21+00:00,2026-10-11_CHI_GB,,0.6,-2.5,2026-10-11T17:00:00+00:00,2.5,,,,
2026-10-11,CIN,MIA,-3.6,-4.4,13.0,0.34,0.367,0.23,0.124,CANDIDATE MIA,0.0,2026-10-05T09:00:21+00:00,2026-10-11_CIN_MIA,,0.79,-7.0,2026-10-11T17:00:00+00:00,6.5,0.106,0.44,0.563,MIA +6.5
2026-10-11,CLE,NYJ,-0.3,-0.0,13.4,0.67,0.499,0.56,-0.078,pass,0.0,2026-10-05T09:00:21+00:00,2026-10-11_CLE_NYJ,,0.46,2.5,2026-10-11T17:00:00+00:00,2.5,0.038,0.52,0.575,no edge (best CLE +2.5)
2026-10-11,HOU,TEN,-2.3,-1.5,13.2,0.46,0.453,0.27,0.169,CANDIDATE TEN,0.0,2026-10-05T09:00:21+00:00,2026-10-11_HOU_TEN,,0.74,-6.5,2026-10-11T17:00:00+00:00,6.5,0.129,0.5,0.647,TEN +6.5
2026-10-11,IND,PIT,2.7,0.3,11.2,0.61,0.509,0.57,-0.078,pass,0.0,2026-10-05T09:00:21+00:00,2026-10-11_IND_PIT,,0.45,2.5,2026-10-11T17:00:00+00:00,2.5,0.052,0.51,0.58,IND +2.5
2026-10-11,LV,NE,10.5,10.4,11.7,0.96,0.811,0.64,0.155,CANDIDATE NE,0.0,2026-10-05T09:00:21+00:00,2026-10-11_LV_NE,,0.38,3.5,2026-10-11T17:00:00+00:00,3.5,0.203,0.5,0.721,NE -3.5
2026-10-11,MIN,NO,-0.8,-4.7,12.3,0.29,0.351,0.49,0.111,CANDIDATE MIN,0.0,2026-10-05T09:00:21+00:00,2026-10-11_MIN_NO,,0.52,-1.5,2026-10-11T17:00:00+00:00,1.5,0.115,0.56,0.693,MIN +1.5
2026-10-11,NYG,WAS,1.0,1.3,12.5,0.59,0.54,0.63,0.063,CANDIDATE NYG,0.0,2026-10-05T09:00:21+00:00,2026-10-11_NYG_WAS,,0.38,3.0,2026-10-11T17:00:00+00:00,2.5,0.092,0.43,0.539,NYG +2.5
2026-10-11,DEN,LAC,-1.2,0.0,13.5,1.14,0.501,0.38,0.104,CANDIDATE LAC,0.0,2026-10-05T09:00:21+00:00,2026-10-11_DEN_LAC,,0.64,-3.5,2026-10-11T20:05:00+00:00,3.5,0.095,0.29,0.399,LAC -3.5
2026-10-11,DET,ARI,-2.3,-1.2,13.7,0.59,0.464,0.33,0.119,CANDIDATE ARI,0.0,2026-10-05T09:00:21+00:00,2026-10-11_DET_ARI,,0.68,-5.5,2026-10-11T20:25:00+00:00,5.5,0.09,0.21,0.312,ARI -5.5
2026-10-11,SF,SEA,1.0,-1.1,13.3,0.4,0.467,0.58,0.086,CANDIDATE SF,0.0,2026-10-05T09:00:21+00:00,2026-10-11_SF_SEA,,0.43,2.5,2026-10-11T20:25:00+00:00,2.5,0.119,0.47,0.607,SF +2.5
2026-10-11,BAL,ATL,-5.0,-4.0,13.2,0.42,0.382,0.36,0.006,pass,0.0,2026-10-05T09:00:21+00:00,2026-10-11_BAL_ATL,,0.66,-3.5,2026-10-12T00:20:00+00:00,3.5,0.013,0.26,0.286,no edge (best ATL -3.5)
2026-10-12,BUF,LA,1.2,1.9,14.2,0.6,0.553,0.58,-0.044,pass,0.0,2026-10-05T09:00:21+00:00,2026-10-12_BUF_LA,,0.42,2.5,2026-10-13T00:15:00+00:00,2.5,,,,
2026-10-05,ATL,NO,1.9,4.6,13.1,1.06,0.638,0.53,0.091,CANDIDATE NO,0.0,2026-10-05T22:35:13+00:00,2026-10-05_ATL_NO,,0.48,1.5,2026-10-06T00:15:00+00:00,1.5,0.103,0.56,0.68,NO +1.5
2026-10-08,TB,DAL,5.0,4.9,12.5,0.6,0.652,0.83,0.158,CANDIDATE TB,0.0,2026-10-05T22:35:13+00:00,2026-10-08_TB_DAL,,0.18,9.5,2026-10-09T00:15:00+00:00,9.5,0.117,0.51,0.644,TB +9.5
2026-10-11,PHI,JAX,6.2,9.6,14.1,0.19,0.752,0.69,0.047,CANDIDATE JAX,0.0,2026-10-05T22:35:13+00:00,2026-10-11_PHI_JAX,,0.31,6.0,2026-10-11T13:30:00+00:00,5.5,0.087,0.51,0.615,JAX -5.5
2026-10-11,CHI,GB,0.6,3.4,13.0,1.27,0.603,0.43,0.156,CANDIDATE GB,0.0,2026-10-05T22:35:13+00:00,2026-10-11_CHI_GB,,0.59,-3.0,2026-10-11T17:00:00+00:00,2.5,,,,
2026-10-11,CIN,MIA,-3.6,-4.4,13.0,0.34,0.367,0.24,0.114,CANDIDATE MIA,0.0,2026-10-05T22:35:13+00:00,2026-10-11_CIN_MIA,,0.78,-7.0,2026-10-11T17:00:00+00:00,6.5,0.095,0.45,0.563,MIA +6.5
2026-10-11,CLE,NYJ,-0.3,-0.0,13.4,0.67,0.499,0.56,-0.078,pass,0.0,2026-10-05T22:35:13+00:00,2026-10-11_CLE_NYJ,,0.46,2.5,2026-10-11T17:00:00+00:00,2.5,0.028,0.53,0.575,no edge (best CLE +2.5)
2026-10-11,HOU,TEN,-2.3,-1.5,13.2,0.46,0.453,0.27,0.169,CANDIDATE TEN,0.0,2026-10-05T22:35:13+00:00,2026-10-11_HOU_TEN,,0.74,-7.0,2026-10-11T17:00:00+00:00,6.5,0.159,0.47,0.647,TEN +6.5
2026-10-11,IND,PIT,2.7,0.3,11.2,0.61,0.509,0.57,-0.078,pass,0.0,2026-10-05T22:35:13+00:00,2026-10-11_IND_PIT,,0.45,2.5,2026-10-11T17:00:00+00:00,2.5,0.062,0.5,0.58,IND +2.5
2026-10-11,LV,NE,10.5,10.4,11.7,0.96,0.811,0.63,0.165,CANDIDATE NE,0.0,2026-10-05T22:35:13+00:00,2026-10-11_LV_NE,,0.37,3.5,2026-10-11T17:00:00+00:00,3.5,0.203,0.5,0.721,NE -3.5
2026-10-11,MIN,NO,-0.8,-4.7,12.3,0.29,0.351,0.48,0.091,CANDIDATE MIN,0.0,2026-10-05T22:35:13+00:00,2026-10-11_MIN_NO,,0.54,-1.5,2026-10-11T17:00:00+00:00,1.5,0.115,0.56,0.693,MIN +1.5
2026-10-11,NYG,WAS,1.0,1.3,12.5,0.59,0.54,0.63,0.063,CANDIDATE NYG,0.0,2026-10-05T22:35:13+00:00,2026-10-11_NYG_WAS,,0.38,3.0,2026-10-11T17:00:00+00:00,2.5,0.092,0.43,0.539,NYG +2.5
2026-10-11,DEN,LAC,-1.2,0.0,13.5,1.14,0.501,0.38,0.104,CANDIDATE LAC,0.0,2026-10-05T22:35:13+00:00,2026-10-11_DEN_LAC,,0.63,-3.5,2026-10-11T20:05:00+00:00,3.5,0.115,0.27,0.399,LAC -3.5
2026-10-11,DET,ARI,-2.3,-1.2,13.7,0.59,0.464,0.34,0.108,CANDIDATE ARI,0.0,2026-10-05T22:35:13+00:00,2026-10-11_DET_ARI,,0.67,-4.5,2026-10-11T20:25:00+00:00,4.5,0.127,0.2,0.338,ARI -4.5
2026-10-11,SF,SEA,1.0,-1.1,13.3,0.4,0.467,0.59,0.096,CANDIDATE SF,0.0,2026-10-05T22:35:13+00:00,2026-10-11_SF_SEA,,0.42,2.5,2026-10-11T20:25:00+00:00,2.5,0.119,0.47,0.607,SF +2.5
2026-10-11,BAL,ATL,-5.0,-4.0,13.2,0.42,0.382,0.41,-0.045,pass,0.0,2026-10-05T22:35:13+00:00,2026-10-11_BAL_ATL,,0.6,-2.5,2026-10-12T00:20:00+00:00,2.5,0.012,0.66,0.688,no edge (best BAL +2.5)
2026-10-12,BUF,LA,1.2,1.9,14.2,0.6,0.553,0.59,-0.054,pass,0.0,2026-10-05T22:35:13+00:00,2026-10-12_BUF_LA,,0.41,2.5,2026-10-13T00:15:00+00:00,2.5,,,,
2026-10-08,TB,DAL,5.0,4.9,12.5,0.6,0.651,0.82,0.148,CANDIDATE TB,0.0,2026-10-06T00:46:01+00:00,2026-10-08_TB_DAL,,0.19,9.5,2026-10-09T00:15:00+00:00,9.5,0.117,0.51,0.645,TB +9.5
2026-10-11,PHI,JAX,6.2,9.6,14.1,0.19,0.752,0.73,0.008,pass,0.0,2026-10-06T00:46:01+00:00,2026-10-11_PHI_JAX,,0.28,6.5,2026-10-11T13:30:00+00:00,6.5,0.05,0.52,0.587,JAX -6.5
2026-10-11,CHI,GB,0.6,3.5,13.1,1.31,0.604,0.43,0.157,CANDIDATE GB,0.0,2026-10-06T00:46:01+00:00,2026-10-11_CHI_GB,,0.59,-3.0,2026-10-11T17:00:00+00:00,2.5,,,,
2026-10-11,CIN,MIA,-3.6,-4.5,13.0,0.3,0.366,0.24,0.113,CANDIDATE MIA,0.0,2026-10-06T00:46:01+00:00,2026-10-11_CIN_MIA,,0.77,-7.0,2026-10-11T17:00:00+00:00,6.5,0.095,0.45,0.562,MIA +6.5
2026-10-11,CLE,NYJ,-0.3,-0.1,13.3,0.62,0.498,0.56,-0.079,pass,0.0,2026-10-06T00:46:01+00:00,2026-10-11_CLE_NYJ,,0.46,2.5,2026-10-11T17:00:00+00:00,2.5,0.029,0.53,0.576,no edge (best CLE +2.5)
2026-10-11,HOU,TEN,-2.3,-1.5,13.2,0.46,0.453,0.27,0.169,CANDIDATE TEN,0.0,2026-10-06T00:46:01+00:00,2026-10-11_HOU_TEN,,0.75,-7.0,2026-10-11T17:00:00+00:00,6.5,0.159,0.47,0.647,TEN +6.5
2026-10-11,IND,PIT,2.7,0.3,11.2,0.61,0.509,0.57,-0.078,pass,0.0,2026-10-06T00:46:01+00:00,2026-10-11_IND_PIT,,0.45,2.5,2026-10-11T17:00:00+00:00,2.5,0.062,0.5,0.58,IND +2.5
2026-10-11,LV,NE,10.5,10.4,11.7,0.96,0.812,0.63,0.165,CANDIDATE NE,0.0,2026-10-06T00:46:01+00:00,2026-10-11_LV_NE,,0.37,3.5,2026-10-11T17:00:00+00:00,3.5,0.194,0.51,0.721,NE -3.5
2026-10-11,MIN,NO,-0.8,-4.7,12.3,0.3,0.351,0.48,0.091,CANDIDATE MIN,0.0,2026-10-06T00:46:01+00:00,2026-10-11_MIN_NO,,0.54,,2026-10-11T17:00:00+00:00,,,,,
2026-10-11,NYG,WAS,1.0,1.3,12.5,0.59,0.54,0.63,0.063,CANDIDATE NYG,0.0,2026-10-06T00:46:01+00:00,2026-10-11_NYG_WAS,,0.38,3.0,2026-10-11T17:00:00+00:00,2.5,0.092,0.43,0.54,NYG +2.5
2026-10-11,DEN,LAC,-1.2,0.0,13.5,1.15,0.501,0.38,0.104,CANDIDATE LAC,0.0,2026-10-06T00:46:01+00:00,2026-10-11_DEN_LAC,,0.63,-3.5,2026-10-11T20:05:00+00:00,3.5,0.115,0.27,0.399,LAC -3.5
2026-10-11,DET,ARI,-2.3,-1.2,13.7,0.59,0.464,0.34,0.109,CANDIDATE ARI,0.0,2026-10-06T00:46:01+00:00,2026-10-11_DET_ARI,,0.67,-4.5,2026-10-11T20:25:00+00:00,4.5,0.127,0.2,0.338,ARI -4.5
2026-10-11,SF,SEA,1.0,-1.1,13.3,0.35,0.468,0.59,0.095,CANDIDATE SF,0.0,2026-10-06T00:46:01+00:00,2026-10-11_SF_SEA,,0.42,2.5,2026-10-11T20:25:00+00:00,2.5,0.118,0.47,0.606,SF +2.5
2026-10-11,BAL,ATL,-5.0,-4.0,13.2,0.41,0.381,0.45,-0.086,pass,0.0,2026-10-06T00:46:01+00:00,2026-10-11_BAL_ATL,,0.58,,2026-10-12T00:20:00+00:00,,,,,
2026-10-12,BUF,LA,1.2,1.9,14.2,0.59,0.553,0.6,-0.064,pass,0.0,2026-10-06T00:46:01+00:00,2026-10-12_BUF_LA,,0.41,2.5,2026-10-13T00:15:00+00:00,2.5,,,,
2026-10-08,TB,DAL,5.0,5.0,12.5,1.15,0.656,0.81,0.132,CANDIDATE TB,0.0,2026-10-06T08:59:34+00:00,2026-10-08_TB_DAL,,0.2,9.5,2026-10-09T00:15:00+00:00,9.5,0.092,0.53,0.639,TB +9.5
2026-10-11,PHI,JAX,6.3,9.5,14.2,0.51,0.748,0.74,-0.005,pass,0.0,2026-10-06T08:59:34+00:00,2026-10-11_PHI_JAX,,0.27,7.0,2026-10-11T13:30:00+00:00,6.5,0.037,0.53,0.584,no edge (best JAX -6.5)
2026-10-11,CHI,GB,0.5,3.4,13.1,1.33,0.602,0.43,0.155,CANDIDATE GB,0.0,2026-10-06T08:59:34+00:00,2026-10-11_CHI_GB,,0.59,-3.0,2026-10-11T17:00:00+00:00,2.5,,,,
2026-10-11,CIN,MIA,-3.5,-4.2,13.1,0.19,0.375,0.25,0.112,CANDIDATE MIA,0.0,2026-10-06T08:59:34+00:00,2026-10-11_CIN_MIA,,0.76,-7.0,2026-10-11T17:00:00+00:00,6.5,0.094,0.46,0.571,MIA +6.5
2026-10-11,CLE,NYJ,-0.3,0.0,13.1,1.22,0.5,0.56,-0.077,pass,0.0,2026-10-06T08:59:34+00:00,2026-10-11_CLE_NYJ,,0.46,2.5,2026-10-11T17:00:00+00:00,2.5,0.028,0.53,0.575,no edge (best CLE +2.5)
2026-10-11,HOU,TEN,-2.4,-1.4,13.2,0.69,0.458,0.27,0.174,CANDIDATE TEN,0.0,2026-10-06T08:59:34+00:00,2026-10-11_HOU_TEN,,0.75,-7.0,2026-10-11T17:00:00+00:00,6.5,0.163,0.47,0.65,TEN +6.5
2026-10-11,IND,PIT,2.8,0.5,11.1,0.52,0.519,0.57,-0.068,pass,0.0,2026-10-06T08:59:34+00:00,2026-10-11_IND_PIT,,0.44,2.5,2026-10-11T17:00:00+00:00,2.5,0.063,0.49,0.57,IND +2.5
2026-10-11,LV,NE,10.5,10.3,11.6,0.82,0.812,0.64,0.156,CANDIDATE NE,0.0,2026-10-06T08:59:34+00:00,2026-10-11_LV_NE,,0.37,3.5,2026-10-11T17:00:00+00:00,3.5,0.193,0.51,0.721,NE -3.5
2026-10-11,MIN,NO,-1.7,-5.9,12.1,0.24,0.312,0.45,0.101,CANDIDATE MIN,0.0,2026-10-06T08:59:34+00:00,2026-10-11_MIN_NO,,0.57,-1.5,2026-10-11T17:00:00+00:00,1.5,0.123,0.59,0.73,MIN +1.5
2026-10-11,NYG,WAS,0.9,1.0,12.4,0.51,0.532,0.63,0.071,CANDIDATE NYG,0.0,2026-10-06T08:59:34+00:00,2026-10-11_NYG_WAS,,0.38,3.0,2026-10-11T17:00:00+00:00,2.5,0.101,0.43,0.548,NYG +2.5
2026-10-11,DEN,LAC,-1.4,-0.5,13.6,1.19,0.486,0.38,0.09,CANDIDATE LAC,0.0,2026-10-06T08:59:34+00:00,2026-10-11_DEN_LAC,,0.64,-3.5,2026-10-11T20:05:00+00:00,3.5,0.102,0.27,0.385,LAC -3.5
2026-10-11,DET,ARI,-2.3,-0.9,13.8,0.5,0.474,0.33,0.129,CANDIDATE ARI,0.0,2026-10-06T08:59:34+00:00,2026-10-11_DET_ARI,,0.67,-4.5,2026-10-11T20:25:00+00:00,4.5,0.137,0.2,0.348,ARI -4.5
2026-10-11,SF,SEA,1.0,-0.9,13.2,0.7,0.474,0.59,0.079,CANDIDATE SF,0.0,2026-10-06T08:59:34+00:00,2026-10-11_SF_SEA,,0.43,2.5,2026-10-11T20:25:00+00:00,2.5,0.103,0.48,0.601,SF +2.5
2026-10-11,BAL,ATL,-3.0,-2.1,13.4,0.43,0.437,0.46,-0.04,pass,0.0,2026-10-06T08:59:34+00:00,2026-10-11_BAL_ATL,,0.55,-2.5,2026-10-12T00:20:00+00:00,2.5,0.008,0.61,0.634,no edge (best BAL +2.5)
2026-10-12,BUF,LA,1.2,1.6,14.4,0.53,0.545,0.6,-0.072,pass,0.0,2026-10-06T08:59:34+00:00,2026-10-12_BUF_LA,,0.42,2.5,2026-10-13T00:15:00+00:00,2.5,0.047,0.46,0.524,BUF +2.5
