game_id,team,off_epa_pass,off_epa_rush,cpoe,def_epa_pass,def_epa_rush
2010_01_ARI_STL,ARI,0.09235475691101869,-0.6148186734009703,0.7908821851015091,-0.23547062664414098,-0.10200879649588994
2010_01_ARI_STL,LA,-0.23547062664414098,-0.10200879649588994,-6.194479708318357,0.09235475691101869,-0.6148186734009703
2010_01_ATL_PIT,ATL,-0.07486712546434719,-0.20875609301263467,-1.1527053145475166,-0.08071219577458547,0.027754233522304668
2010_01_ATL_PIT,PIT,-0.08071219577458547,0.027754233522304668,4.464941873000218,-0.07486712546434719,-0.20875609301263467
2010_01_BAL_NYJ,BAL,0.09533762752582989,-0.3913120210827661,-2.264904858250367,-0.5904339868457341,-0.16546846875663554
2010_01_BAL_NYJ,NYJ,-0.5904339868457341,-0.16546846875663554,-18.19848318894704,0.09533762752582989,-0.3913120210827661
2010_01_CAR_NYG,CAR,-0.2637461005455988,-0.4239773788722337,-15.331831881228615,0.15356651765604457,-0.2101494972933627
2010_01_CAR_NYG,NYG,0.15356651765604457,-0.2101494972933627,9.304739137490591,-0.2637461005455988,-0.4239773788722337
2010_01_CIN_NE,CIN,0.12613751851730703,-0.10388799097505398,5.705390810966492,0.36088495532029236,0.009088612408959307
2010_01_CIN_NE,NE,0.36088495532029236,0.009088612408959307,8.786034158297948,0.12613751851730703,-0.10388799097505398
2010_01_CLE_TB,CLE,-0.19562361506684972,-0.24688321735690502,-1.9681562980016072,-0.05637649184206803,-0.40332457952096995
2010_01_CLE_TB,TB,-0.05637649184206803,-0.40332457952096995,1.752230418579919,-0.19562361506684972,-0.24688321735690502
2010_01_DAL_WAS,DAL,-0.13693925993030248,0.140764045616379,1.9249672070145607,-0.05593046520014649,-0.35699434364263044
2010_01_DAL_WAS,WAS,-0.05593046520014649,-0.35699434364263044,-13.695410759218278,-0.13693925993030248,0.140764045616379
2010_01_DEN_JAX,DEN,0.25669592939416813,-0.2603054650559595,7.4393352324312385,0.3573251406205664,0.008355069395232324
2010_01_DEN_JAX,JAX,0.3573251406205664,0.008355069395232324,14.593292701812018,0.25669592939416813,-0.2603054650559595
2010_01_DET_CHI,CHI,-0.048599812332333785,-0.37198358601775394,6.359654154096331,-0.16218585802541513,-0.5316935109703558
2010_01_DET_CHI,DET,-0.16218585802541513,-0.5316935109703558,2.2399758750742134,-0.048599812332333785,-0.37198358601775394
2010_01_GB_PHI,GB,0.07601081102773988,0.004897258114418498,2.5648788611094155,-0.05892665047146907,-0.06348773361222083
2010_01_GB_PHI,PHI,-0.05892665047146907,-0.06348773361222083,-1.8328465083066154,0.07601081102773988,0.004897258114418498
2010_01_IND_HOU,HOU,-0.032804587674431576,0.4114550157638195,-11.017350238912245,0.23950581512380226,-0.18721238620558076
2010_01_IND_HOU,IND,0.23950581512380226,-0.18721238620558076,7.643259355896397,-0.032804587674431576,0.4114550157638195
2010_01_MIA_BUF,BUF,-0.22180727370319434,-0.25855213397492965,-8.197449192856297,-0.01331126418333712,-0.00506500253021451
2010_01_MIA_BUF,MIA,-0.01331126418333712,-0.00506500253021451,-1.6143860185847563,-0.22180727370319434,-0.25855213397492965
2010_01_MIN_NO,MIN,-0.206629147116726,-0.10208746068140802,-5.790984520205745,0.002612682598934207,0.0454723167958119
2010_01_MIN_NO,NO,0.002612682598934207,0.0454723167958119,10.427188277244568,-0.206629147116726,-0.10208746068140802
2010_01_OAK_TEN,LV,-0.14910593187877244,-0.03809636791092565,-3.8452552337395516,0.2912079164681022,0.15588323999477058
2010_01_OAK_TEN,TEN,0.2912079164681022,0.15588323999477058,8.89410534325768,-0.14910593187877244,-0.03809636791092565
2010_01_SD_KC,KC,-0.3860136457356434,-0.09053981031264322,-12.982601353100367,0.19053277725193074,-0.3826567596342001
2010_01_SD_KC,LAC,0.19053277725193074,-0.3826567596342001,-2.75314477009651,-0.3860136457356434,-0.09053981031264322
2010_01_SF_SEA,SEA,0.26676144429827753,-0.30879935934881925,15.779798963795537,-0.2923598934222684,-0.3751277062343433
2010_01_SF_SEA,SF,-0.2923598934222684,-0.3751277062343433,0.8172000563421915,0.26676144429827753,-0.30879935934881925
2010_02_ARI_ATL,ARI,-0.5172553643462531,0.24075842360840538,-8.646730426698923,0.34840351135265724,0.16810869325698247
2010_02_ARI_ATL,ATL,0.34840351135265724,0.16810869325698247,-1.8989698961377144,-0.5172553643462531,0.24075842360840538
2010_02_BAL_CIN,BAL,-0.42091247907886703,0.0893383907736279,-13.104583743291023,-0.06513077740022041,-0.25261532040794604
2010_02_BAL_CIN,CIN,-0.06513077740022041,-0.25261532040794604,-10.386144369840622,-0.42091247907886703,0.0893383907736279
2010_02_BUF_GB,BUF,-0.6637549274916333,-0.017482352535807877,-0.6809314919842614,0.4276644965288571,0.09789570420281962
2010_02_BUF_GB,GB,0.4276644965288571,0.09789570420281962,9.092725607855566,-0.6637549274916333,-0.017482352535807877
2010_02_CHI_DAL,CHI,0.345885027950878,-0.32481039201459694,24.722323298454285,-0.0014249874217094742,-0.20441311523027253
2010_02_CHI_DAL,DAL,-0.0014249874217094742,-0.20441311523027253,2.140359113029405,0.345885027950878,-0.32481039201459694
2010_02_HOU_WAS,HOU,0.33561296239925287,-0.014544611913552588,10.585168204628504,0.41133770317908536,-0.21296800251002423
2010_02_HOU_WAS,WAS,0.41133770317908536,-0.21296800251002423,9.842987515424428,0.33561296239925287,-0.014544611913552588
2010_02_JAX_SD,JAX,-0.19379212409630434,-0.31083038593541185,4.47417519441465,0.4395490747123951,0.057581108026594545
2010_02_JAX_SD,LAC,0.4395490747123951,0.057581108026594545,15.412578412464686,-0.19379212409630434,-0.31083038593541185
2010_02_KC_CLE,CLE,-0.04248779300201733,-0.3901727043110161,-5.320223877506871,0.042176819285203344,-0.19847998086004032
2010_02_KC_CLE,KC,0.042176819285203344,-0.19847998086004032,-3.7496900452034816,-0.04248779300201733,-0.3901727043110161
2010_02_MIA_MIN,MIA,0.001795430958736688,-0.4229108681735982,-3.9893056948979697,-0.36119726862102625,-0.030867189901661787
2010_02_MIA_MIN,MIN,-0.36119726862102625,-0.030867189901661787,-1.5167755385239918,0.001795430958736688,-0.4229108681735982
2010_02_NE_NYJ,NE,0.16747904064541216,-0.11198902688366139,-5.157339913504464,0.3553074151944614,-0.025500979477299318
2010_02_NE_NYJ,NYJ,0.3553074151944614,-0.025500979477299318,8.95257830619812,0.16747904064541216,-0.11198902688366139
2010_02_NO_SF,NO,0.2566262050140319,-0.37064961337264907,11.582054280572468,0.08074745616573556,0.29122362088058323
2010_02_NO_SF,SF,0.08074745616573556,0.29122362088058323,4.8973314464092255,0.2566262050140319,-0.37064961337264907
2010_02_NYG_IND,IND,0.616648210042123,-0.165280631961719,13.483698207598467,-0.30980507853091693,-0.1771278185212092
2010_02_NYG_IND,NYG,-0.30980507853091693,-0.1771278185212092,-0.39710352818171185,0.616648210042123,-0.165280631961719
2010_02_PHI_DET,DET,0.11020259314086754,-0.0754518680611606,-11.745838622252146,0.20438396696374903,0.28267754871194484
2010_02_PHI_DET,PHI,0.20438396696374903,0.28267754871194484,3.522231473642237,0.11020259314086754,-0.0754518680611606
2010_02_PIT_TEN,PIT,-0.6697366688853772,-0.17957387605626599,-8.336630901869606,-0.36804325353394096,-0.5670659734501636
2010_02_PIT_TEN,TEN,-0.36804325353394096,-0.5670659734501636,12.073760773196366,-0.6697366688853772,-0.17957387605626599
2010_02_SEA_DEN,DEN,0.6890836098484728,-0.221644688869128,8.004902856690544,0.1256829824776867,0.044354661882971415
2010_02_SEA_DEN,SEA,0.1256829824776867,0.044354661882971415,-3.3807390928268433,0.6890836098484728,-0.221644688869128
2010_02_STL_OAK,LA,0.031349241813721236,-0.1393508436698799,-6.184528052806854,0.10954105200316254,-0.11822514281551544
2010_02_STL_OAK,LV,0.10954105200316254,-0.11822514281551544,-2.527852439218097,0.031349241813721236,-0.1393508436698799
2010_02_TB_CAR,CAR,-0.17857572308452235,-0.24962220476696861,-18.384602665901184,0.364797805620821,-0.22567889240435174
2010_02_TB_CAR,TB,0.364797805620821,-0.22567889240435174,-4.558569751679897,-0.17857572308452235,-0.24962220476696861
2010_03_ATL_NO,ATL,0.39072184978431324,-0.10718236747733904,5.6979465165308545,0.22977191883821235,-0.5033429789800721
2010_03_ATL_NO,NO,0.22977191883821235,-0.5033429789800721,13.836345398748243,0.39072184978431324,-0.10718236747733904
2010_03_BUF_NE,BUF,0.21180847559903468,0.14406081673500704,10.207562680755343,0.3696501797019539,0.20035393549728076
2010_03_BUF_NE,NE,0.3696501797019539,0.20035393549728076,14.17139834827847,0.21180847559903468,0.14406081673500704
2010_03_CIN_CAR,CAR,-0.14390968899388099,-0.6845834650282215,-10.594294033944607,-0.19563528749769077,-0.0262397239840699
2010_03_CIN_CAR,CIN,-0.19563528749769077,-0.0262397239840699,-10.778588298204783,-0.14390968899388099,-0.6845834650282215
2010_03_CLE_BAL,BAL,0.4476193605410514,0.04758696387822662,13.527050334960222,0.15527788710766627,0.0662743653927464
2010_03_CLE_BAL,CLE,0.15527788710766627,0.0662743653927464,9.894328999022642,0.4476193605410514,0.04758696387822662
2010_03_DAL_HOU,DAL,0.4497121734844112,-0.02772643738572101,19.082032092686358,0.11432698396287001,-0.19976393838600337
2010_03_DAL_HOU,HOU,0.11432698396287001,-0.19976393838600337,3.4160208888351917,0.4497121734844112,-0.02772643738572101
2010_03_DET_MIN,DET,-0.11022418074096894,-0.35512986626341253,2.1959118718324704,-0.11636296159120682,-0.07170307468498192
2010_03_DET_MIN,MIN,-0.11636296159120682,-0.07170307468498192,1.5534081242301248,-0.11022418074096894,-0.35512986626341253
2010_03_GB_CHI,CHI,0.18018538853322233,-0.39933384812024664,0.07732854439662053,0.27480296005617555,-0.1948578845969258
2010_03_GB_CHI,GB,0.27480296005617555,-0.1948578845969258,20.717132694664457,0.18018538853322233,-0.39933384812024664
2010_03_IND_DEN,DEN,0.11599442355413772,-0.5705567242564737,1.9243659680349785,0.40126710526767795,-0.2639272876152642
2010_03_IND_DEN,IND,0.40126710526767795,-0.2639272876152642,8.407789607380712,0.11599442355413772,-0.5705567242564737
2010_03_NYJ_MIA,MIA,0.22477665308319367,-0.18897120268387801,-0.1876668797598945,0.5066359893845079,0.1217030598658961
2010_03_NYJ_MIA,NYJ,0.5066359893845079,0.1217030598658961,-3.7627716307286865,0.22477665308319367,-0.18897120268387801
2010_03_OAK_ARI,ARI,-0.021941075842942484,-0.08251871860277159,-12.384058117866516,0.09349383056118993,-0.1417093431411393
2010_03_OAK_ARI,LV,0.09349383056118993,-0.1417093431411393,-3.9077694801723255,-0.021941075842942484,-0.08251871860277159
2010_03_PHI_JAX,JAX,-0.40636909510289665,-0.13789281711905021,-16.43048147360484,0.40408592459091264,-0.16993546972394383
2010_03_PHI_JAX,PHI,0.40408592459091264,-0.16993546972394383,2.986799488807547,-0.40636909510289665,-0.13789281711905021
2010_03_PIT_TB,PIT,0.6484040268184529,0.10222647108145923,14.00916613638401,-0.2685889381468003,-0.06071427284688172
2010_03_PIT_TB,TB,-0.2685889381468003,-0.06071427284688172,6.402263854231153,0.6484040268184529,0.10222647108145923
2010_03_SD_SEA,LAC,0.1569827592267476,-0.3871527239243733,2.0605779886245728,-0.02267945991469633,-0.4784990279357235
2010_03_SD_SEA,SEA,-0.02267945991469633,-0.4784990279357235,-0.13748868819205992,0.1569827592267476,-0.3871527239243733
2010_03_SF_KC,KC,0.2726939319330265,0.11186682333700407,2.994957222388341,-0.11244609585579439,-0.41064908413682133
2010_03_SF_KC,SF,-0.11244609585579439,-0.41064908413682133,-6.9119378214790705,0.2726939319330265,0.11186682333700407
2010_03_TEN_NYG,NYG,-0.10908671619073029,-0.046461648677359337,8.734489946315685,0.37263142143267663,-0.014447759223418672
2010_03_TEN_NYG,TEN,0.37263142143267663,-0.014447759223418672,2.4235107004642487,-0.10908671619073029,-0.046461648677359337
2010_03_WAS_STL,LA,0.13058880622894992,-0.05173877246883899,-8.339246596608843,-0.18437639961693264,-0.18824429269942547
2010_03_WAS_STL,WAS,-0.18437639961693264,-0.18824429269942547,-1.3379488260515275,0.13058880622894992,-0.05173877246883899
2010_04_ARI_SD,ARI,-0.6582147078701684,-0.14202660645435874,-8.68736356496811,0.7368564245901313,-0.14193928267400807
2010_04_ARI_SD,LAC,0.7368564245901313,-0.14193928267400807,20.40669471025467,-0.6582147078701684,-0.14202660645435874
2010_04_BAL_PIT,BAL,0.1986022251304204,-0.2341225484168927,5.65016265656497,0.03178603974876434,-0.09961845073433194
2010_04_BAL_PIT,PIT,0.03178603974876434,-0.09961845073433194,-0.5259555010568528,0.1986022251304204,-0.2341225484168927
2010_04_CAR_NO,CAR,0.04100616140147814,-0.012228901256873672,-3.5143095586034985,0.08049063097615992,-0.21017781742005448
2010_04_CAR_NO,NO,0.08049063097615992,-0.21017781742005448,-0.9001717592279116,0.04100616140147814,-0.012228901256873672
2010_04_CHI_NYG,CHI,-0.6915735336183856,-0.32496093148802174,-1.1505308250586193,-0.18485611481563868,-0.0780155496012109
2010_04_CHI_NYG,NYG,-0.18485611481563868,-0.0780155496012109,-4.5038241147994995,-0.6915735336183856,-0.32496093148802174
2010_04_CIN_CLE,CIN,0.2940616237179777,-0.4237141961800969,9.977464377880096,0.07252107409760623,0.03647496237329418
2010_04_CIN_CLE,CLE,0.07252107409760623,0.03647496237329418,-0.9333229064941406,0.2940616237179777,-0.4237141961800969
2010_04_DEN_TEN,DEN,0.09426078623506524,-0.38781959143604827,5.368495523929596,0.17716901972462504,-0.364172309267545
2010_04_DEN_TEN,TEN,0.17716901972462504,-0.364172309267545,0.5949874009404864,0.09426078623506524,-0.38781959143604827
2010_04_DET_GB,DET,0.11243003919098245,-0.255974137640026,-0.29496547748457713,0.3341754124822645,-0.021434367781261073
2010_04_DET_GB,GB,0.3341754124822645,-0.021434367781261073,17.392988064709833,0.11243003919098245,-0.255974137640026
2010_04_HOU_OAK,HOU,0.2562048761540344,0.3293809177189627,-5.610026363973264,-0.06931973450047588,0.11539704713504761
2010_04_HOU_OAK,LV,-0.06931973450047588,0.11539704713504761,-2.407012409285495,0.2562048761540344,0.3293809177189627
2010_04_IND_JAX,IND,0.20731702527189824,0.1958508378916627,9.481242072323095,0.4329081206049618,0.16321656927983794
2010_04_IND_JAX,JAX,0.4329081206049618,0.16321656927983794,12.332182309844278,0.20731702527189824,0.1958508378916627
2010_04_NE_MIA,MIA,-0.10905677638498082,-0.10607902283248093,0.5830405155817667,0.05779093275229119,0.2190607860162533
2010_04_NE_MIA,NE,0.05779093275229119,0.2190607860162533,16.598392958226412,-0.10905677638498082,-0.10607902283248093
2010_04_NYJ_BUF,BUF,-0.33616326624863124,-0.013711300528874355,-10.741517058125249,0.4230791793418509,0.1360680032788232
2010_04_NYJ_BUF,NYJ,0.4230791793418509,0.1360680032788232,5.1675803661346436,-0.33616326624863124,-0.013711300528874355
2010_04_SEA_STL,LA,-0.10705108251313705,-0.2687698869190152,-6.058357006464249,-0.39638845441400156,-0.4582197824037512
2010_04_SEA_STL,SEA,-0.39638845441400156,-0.4582197824037512,-5.780683043930265,-0.10705108251313705,-0.2687698869190152
2010_04_SF_ATL,ATL,-0.029599964100760694,0.0005605004903400533,-5.821362761564033,-0.09390105955946423,0.017084188463437993
2010_04_SF_ATL,SF,-0.09390105955946423,0.017084188463437993,-4.412169108788173,-0.029599964100760694,0.0005605004903400533
2010_04_WAS_PHI,PHI,0.02946409159620126,-0.28038479763331864,0.2447838966663067,0.22687687809155893,-0.0024142684451362584
2010_04_WAS_PHI,WAS,0.22687687809155893,-0.0024142684451362584,-14.255921211507586,0.02946409159620126,-0.28038479763331864
2010_05_ATL_CLE,ATL,0.08392937069913395,0.006356962638424842,-0.6003082862922123,-0.07852774467689662,-0.6091961607788845
2010_05_ATL_CLE,CLE,-0.07852774467689662,-0.6091961607788845,0.9550441252557855,0.08392937069913395,0.006356962638424842
2010_05_CHI_CAR,CAR,-0.6209565537252881,-0.2573338706512147,-14.256775272744042,-0.9628344947018352,0.13580749811789145
2010_05_CHI_CAR,CHI,-0.9628344947018352,0.13580749811789145,-13.166940377818214,-0.6209565537252881,-0.2573338706512147
2010_05_DEN_BAL,BAL,0.25366090533790875,0.1772596757621207,-4.939198136329651,0.3234749155837067,-0.41471332059397054
2010_05_DEN_BAL,DEN,0.3234749155837067,-0.41471332059397054,0.3001175428691663,0.25366090533790875,0.1772596757621207
2010_05_GB_WAS,GB,-0.16060141320662305,0.19460682773885007,-4.72609970304701,0.010480029612991926,-0.42642607784528597
2010_05_GB_WAS,WAS,0.010480029612991926,-0.42642607784528597,-6.178454558054606,-0.16060141320662305,0.19460682773885007
2010_05_JAX_BUF,BUF,-0.008093486515535306,-0.05967857561440074,6.170354684193929,0.3751700645226059,-0.07105089375930192
2010_05_JAX_BUF,JAX,0.3751700645226059,-0.07105089375930192,16.234889924526215,-0.008093486515535306,-0.05967857561440074
2010_05_KC_IND,IND,0.041652975775442795,-0.05405316833057441,-4.3913137167692184,-0.11533473885453137,-0.14609495736874156
2010_05_KC_IND,KC,-0.11533473885453137,-0.14609495736874156,-7.480633567119467,0.041652975775442795,-0.05405316833057441
2010_05_MIN_NYJ,MIN,0.07087276556212012,-0.5415210188493012,-13.055609210449106,-0.24020407421928008,0.0794352452539897
2010_05_MIN_NYJ,NYJ,-0.24020407421928008,0.0794352452539897,-11.548056644062664,0.07087276556212012,-0.5415210188493012
2010_05_NO_ARI,ARI,-0.028002066835408207,-0.40801644028091794,-3.1725786369422386,-0.12336562581473548,-0.3514627253836287
2010_05_NO_ARI,NO,-0.12336562581473548,-0.3514627253836287,0.5026716834459549,-0.028002066835408207,-0.40801644028091794
2010_05_NYG_HOU,HOU,-0.4552888135287336,-0.4878664004895005,-16.997368195477655,0.20675927499039848,-0.08617622255613762
2010_05_NYG_HOU,NYG,0.20675927499039848,-0.08617622255613762,2.5845594704151154,-0.4552888135287336,-0.4878664004895005
2010_05_PHI_SF,PHI,0.11246607946069087,0.02462911488953978,2.5215785349569013,0.13449722182902143,-0.6803281962666439
2010_05_PHI_SF,SF,0.13449722182902143,-0.6803281962666439,3.5358111827801437,0.11246607946069087,0.02462911488953978
2010_05_SD_OAK,LAC,0.21057479950423622,-0.340979278381888,5.097355338789168,0.039917716931284736,-0.06769665082850095
2010_05_SD_OAK,LV,0.039917716931284736,-0.06769665082850095,-6.897629300753276,0.21057479950423622,-0.340979278381888
2010_05_STL_DET,DET,0.24523174924331576,-0.07066158595791255,1.5708045047872208,-0.5085139667263012,0.028661676572353047
2010_05_STL_DET,LA,-0.5085139667263012,0.028661676572353047,-16.384625169965958,0.24523174924331576,-0.07066158595791255
2010_05_TB_CIN,CIN,-0.2581845421678505,0.10398535297669781,-4.26717855864101,0.11413520547465136,0.08830616113693013
2010_05_TB_CIN,TB,0.11413520547465136,0.08830616113693013,10.603064840490168,-0.2581845421678505,0.10398535297669781
2010_05_TEN_DAL,DAL,0.00806502433660303,0.060978929012146015,4.9954816699028015,0.2515624328832046,0.03393710296586505
2010_05_TEN_DAL,TEN,0.2515624328832046,0.03393710296586505,-9.665796409050623,0.00806502433660303,0.060978929012146015
2010_06_ATL_PHI,ATL,0.010289184579491208,-0.1321178358177551,-5.301799447763534,0.4549170838166322,-0.057358524894006016
2010_06_ATL_PHI,PHI,0.4549170838166322,-0.057358524894006016,15.155530284191,0.010289184579491208,-0.1321178358177551
2010_06_BAL_NE,BAL,0.267640963708991,-0.17150355635076817,11.08338640016668,-0.018230213458099855,0.07610037098840548
2010_06_BAL_NE,NE,-0.018230213458099855,0.07610037098840548,-3.1732616776769813,0.267640963708991,-0.17150355635076817
2010_06_CLE_PIT,CLE,-0.05750244802874376,-0.1560055415795528,9.899753332138062,0.4302459027726556,-0.11915847412476849
2010_06_CLE_PIT,PIT,0.4302459027726556,-0.11915847412476849,5.850923778834166,-0.05750244802874376,-0.1560055415795528
2010_06_DAL_MIN,DAL,0.023027842784358654,-0.009681406707386486,7.011097203940153,0.004503243158174759,-0.25975498212059833
2010_06_DAL_MIN,MIN,0.004503243158174759,-0.25975498212059833,7.358296999805852,0.023027842784358654,-0.009681406707386486
2010_06_DET_NYG,DET,-0.03042291365713274,-0.1315612374149312,-4.573588231776623,0.09865628461619573,0.061766580950158335
2010_06_DET_NYG,NYG,0.09865628461619573,0.061766580950158335,4.916074666483649,-0.03042291365713274,-0.1315612374149312
2010_06_IND_WAS,IND,0.3059063403522984,-0.0020982699822084594,4.730579335438578,-0.05990724772111265,-0.05628059468480111
2010_06_IND_WAS,WAS,-0.05990724772111265,-0.05628059468480111,-0.9137944711579217,0.3059063403522984,-0.0020982699822084594
2010_06_KC_HOU,HOU,0.4129914699879009,0.3087113318403929,13.433118164539337,0.6185880683400433,0.0963369737406825
2010_06_KC_HOU,KC,0.6185880683400433,0.0963369737406825,5.823940758047433,0.4129914699879009,0.3087113318403929
2010_06_MIA_GB,GB,0.08455283422039112,0.022538952687884577,1.1373046143301602,0.20194965033442713,-0.17905848207581587
2010_06_MIA_GB,MIA,0.20194965033442713,-0.17905848207581587,2.156305271718237,0.08455283422039112,0.022538952687884577
2010_06_NO_TB,NO,0.47216668038908327,0.39836953655958496,6.334903370589018,0.17094139454496576,-0.6455505834465536
2010_06_NO_TB,TB,0.17094139454496576,-0.6455505834465536,-5.058507272537718,0.47216668038908327,0.39836953655958496
2010_06_NYJ_DEN,DEN,0.20872777074464507,-0.46745059353674556,-12.527584854294272,0.040596511842471115,-0.07082844649718528
2010_06_NYJ_DEN,NYJ,0.040596511842471115,-0.07082844649718528,-5.462455650170644,0.20872777074464507,-0.46745059353674556
2010_06_OAK_SF,LV,-0.3152930113335743,-0.1038667220085138,-19.934928204332078,0.06824168165580703,-0.05391971507148507
2010_06_OAK_SF,SF,0.06824168165580703,-0.05391971507148507,-8.10612291097641,-0.3152930113335743,-0.1038667220085138
2010_06_SD_STL,LA,0.03255901918687558,-0.07630267203340492,-10.797760851921574,-0.12582780575346633,0.20086543124360853
2010_06_SD_STL,LAC,-0.12582780575346633,0.20086543124360853,-2.842757911295504,0.03255901918687558,-0.07630267203340492
2010_06_SEA_CHI,CHI,-0.08534080769943313,-0.042296105151763186,-13.54906528423994,0.07367544483568053,-0.001175781597527836
2010_06_SEA_CHI,SEA,0.07367544483568053,-0.001175781597527836,-0.06619665771722794,-0.08534080769943313,-0.042296105151763186
2010_06_TEN_JAX,JAX,-0.3307498961536114,-0.02539882654040728,-5.614700002802743,0.690109230761424,0.0010682665311276
2010_06_TEN_JAX,TEN,0.690109230761424,0.0010682665311276,6.722340555418105,-0.3307498961536114,-0.02539882654040728
2010_07_ARI_SEA,ARI,-0.4447572787431353,-0.00921656762366183,-25.576575055266872,-0.07509054226576252,-0.26835703691423074
2010_07_ARI_SEA,SEA,-0.07509054226576252,-0.26835703691423074,-6.044292685232665,-0.4447572787431353,-0.00921656762366183
2010_07_BUF_BAL,BAL,0.33038332420333677,-0.10796440182472426,-6.0942632536734305,0.2628851065357584,-0.12687729612298426
2010_07_BUF_BAL,BUF,0.2628851065357584,-0.12687729612298426,7.500685093014739,0.33038332420333677,-0.10796440182472426
2010_07_CIN_ATL,ATL,0.11882607964891867,0.23188317596892982,9.666011459899671,0.40937511360633144,-0.2650058269750194
2010_07_CIN_ATL,CIN,0.40937511360633144,-0.2650058269750194,8.935354072220472,0.11882607964891867,0.23188317596892982
2010_07_CLE_NO,CLE,-0.0658693855660382,0.11037805352922685,-0.12569036334753036,-0.10894918655133101,-0.31077018357464115
2010_07_CLE_NO,NO,-0.10894918655133101,-0.31077018357464115,2.3223995620554145,-0.0658693855660382,0.11037805352922685
2010_07_JAX_KC,JAX,0.05985468610389424,-0.11298335165272212,-4.60401118704767,0.6619105325413069,0.15925887647642603
2010_07_JAX_KC,KC,0.6619105325413069,0.15925887647642603,17.302744918399387,0.05985468610389424,-0.11298335165272212
2010_07_MIN_GB,GB,0.14836692536482587,-0.10255413580619331,0.953742265701294,-0.29164694839542504,0.28978263082939926
2010_07_MIN_GB,MIN,-0.29164694839542504,0.28978263082939926,-1.2017253144034024,0.14836692536482587,-0.10255413580619331
2010_07_NE_SD,LAC,0.11706435018098982,-0.6348294383420389,5.076828789203725,-0.06657183090727944,0.055512385467106164
2010_07_NE_SD,NE,-0.06657183090727944,0.055512385467106164,-3.7131917092107956,0.11706435018098982,-0.6348294383420389
2010_07_NYG_DAL,DAL,-0.23558686429899134,-0.2857611048921871,-11.487927001256208,0.15971243089118686,-0.17090368452510596
2010_07_NYG_DAL,NYG,0.15971243089118686,-0.17090368452510596,14.192983933857509,-0.23558686429899134,-0.2857611048921871
2010_07_OAK_DEN,DEN,-0.5533302657192842,-0.35646939764653024,-16.96209049430387,0.5988068287637125,0.3493178860505577
2010_07_OAK_DEN,LV,0.5988068287637125,0.3493178860505577,4.132012128829956,-0.5533302657192842,-0.35646939764653024
2010_07_PHI_TEN,PHI,-0.17870231170209686,-0.2163823605578332,-0.8671271138721042,0.2125171143855198,-0.26961874288808435
2010_07_PHI_TEN,TEN,0.2125171143855198,-0.26961874288808435,0.5642567574977875,-0.17870231170209686,-0.2163823605578332
2010_07_PIT_MIA,MIA,-0.03238640269232611,-0.29448022543332836,-1.3427450827189855,0.38228392290860713,-0.31894068357303323
2010_07_PIT_MIA,PIT,0.38228392290860713,-0.31894068357303323,14.401134793405179,-0.03238640269232611,-0.29448022543332836
2010_07_SF_CAR,CAR,0.11936313411751544,-0.5264760850245064,9.01300674531518,-0.1297169961900016,-0.07292967884922805
2010_07_SF_CAR,SF,-0.1297169961900016,-0.07292967884922805,-12.183883930406262,0.11936313411751544,-0.5264760850245064
2010_07_STL_TB,LA,-0.021288521319245714,0.15337816479538258,-7.888163396945367,0.04332265865741436,-0.1173641063949559
2010_07_STL_TB,TB,0.04332265865741436,-0.1173641063949559,-1.2707516933098817,-0.021288521319245714,0.15337816479538258
2010_07_WAS_CHI,CHI,-0.4741192373944416,-0.3401974768785294,4.414480552077293,-0.32081021685905065,-0.2861164899566211
2010_07_WAS_CHI,WAS,-0.32081021685905065,-0.2861164899566211,-1.4646521499080043,-0.4741192373944416,-0.3401974768785294
2010_08_BUF_KC,BUF,0.023139601555331353,-0.06690011967482322,-10.754684909530308,-0.10136957312311193,0.14492919890804917
2010_08_BUF_KC,KC,-0.10136957312311193,0.14492919890804917,-2.979739879568418,0.023139601555331353,-0.06690011967482322
2010_08_CAR_STL,CAR,-0.29555502394068633,-0.47004924577777274,1.738091014526986,0.18998717539815269,-0.5431171522303514
2010_08_CAR_STL,LA,0.18998717539815269,-0.5431171522303514,11.44269104115665,-0.29555502394068633,-0.47004924577777274
2010_08_DEN_SF,DEN,0.14085955405338133,-0.2758005059013764,7.155968797834296,0.5627510961427001,-0.053762861119847676
2010_08_DEN_SF,SF,0.5627510961427001,-0.053762861119847676,5.215539195035634,0.14085955405338133,-0.2758005059013764
2010_08_GB_NYJ,GB,-0.05464872027203183,-0.2983981276741973,-14.283813711474924,-0.16714467782229175,-0.48104090336322164
2010_08_GB_NYJ,NYJ,-0.16714467782229175,-0.48104090336322164,-18.015124688023015,-0.05464872027203183,-0.2983981276741973
2010_08_HOU_IND,HOU,-0.3826098164102155,0.4730351482317524,-11.272877371973461,0.2153187355672034,-0.11148989303350951
2010_08_HOU_IND,IND,0.2153187355672034,-0.11148989303350951,-5.3982279698054,-0.3826098164102155,0.4730351482317524
2010_08_JAX_DAL,DAL,0.05348185745618288,-0.5038397099910071,2.891391819837142,0.7870014309470813,-0.03373603112242349
2010_08_JAX_DAL,JAX,0.7870014309470813,-0.03373603112242349,22.22378182978857,0.05348185745618288,-0.5038397099910071
2010_08_MIA_CIN,CIN,-0.0783764941450322,0.00939770694337009,-14.986053344450498,0.09383474823946815,0.0575570665214546
2010_08_MIA_CIN,MIA,0.09383474823946815,0.0575570665214546,4.256110416876303,-0.0783764941450322,0.00939770694337009
2010_08_MIN_NE,MIN,0.2504655822082024,-0.1950720195953701,6.885813619639422,0.3891094561377368,0.22588381678752528
2010_08_MIN_NE,NE,0.3891094561377368,0.22588381678752528,-1.9154214196734958,0.2504655822082024,-0.1950720195953701
2010_08_PIT_NO,NO,0.1396135612145978,-0.39258237217683906,11.775914579629898,-0.3348214624019209,-0.005402575503963436
2010_08_PIT_NO,PIT,-0.3348214624019209,-0.005402575503963436,-5.423592604123629,0.1396135612145978,-0.39258237217683906
2010_08_SEA_OAK,LV,0.4625253095231795,0.046226497616845406,-1.3981834053993225,-0.1948713680563671,-0.49263572486649665
2010_08_SEA_OAK,SEA,-0.1948713680563671,-0.49263572486649665,-16.995050199329853,0.4625253095231795,0.046226497616845406
2010_08_TB_ARI,ARI,-0.3640877856226077,0.07922245661156131,0.15351157157849044,0.30748519936894303,-0.18250974748807494
2010_08_TB_ARI,TB,0.30748519936894303,-0.18250974748807494,6.366025447845459,-0.3640877856226077,0.07922245661156131
2010_08_TEN_SD,LAC,0.4656990395273671,0.0015705795797072398,7.495517134666443,0.2883404324715834,-0.16724537170375697
2010_08_TEN_SD,TEN,0.2883404324715834,-0.16724537170375697,-4.168925103214052,0.4656990395273671,0.0015705795797072398
2010_08_WAS_DET,DET,-0.17958153465093232,-0.18541079349548567,-8.820012244913313,-0.43114802227181387,-0.3189096491140149
2010_08_WAS_DET,WAS,-0.43114802227181387,-0.3189096491140149,-6.781563484990919,-0.17958153465093232,-0.18541079349548567
2010_09_ARI_MIN,ARI,0.040572085693740205,-0.33855153467739,-1.3707766930262248,0.254864221014838,-0.21742561971491992
2010_09_ARI_MIN,MIN,0.254864221014838,-0.21742561971491992,11.650597351662656,0.040572085693740205,-0.33855153467739
2010_09_CHI_BUF,BUF,0.0557619210535281,-0.40670156439833544,-1.0029647280188168,0.4433389512600381,-0.2857658986333543
2010_09_CHI_BUF,CHI,0.4433389512600381,-0.2857658986333543,-6.492506563663483,0.0557619210535281,-0.40670156439833544
2010_09_DAL_GB,DAL,-0.2979619467428968,-0.3980075498984661,0.9037937720616659,0.536632215318998,-0.15195949728630723
2010_09_DAL_GB,GB,0.536632215318998,-0.15195949728630723,14.073941637487973,-0.2979619467428968,-0.3980075498984661
2010_09_IND_PHI,IND,0.11767344078655721,0.09641708468843717,0.8130472664739571,0.30087160962916587,-0.02045391044036175
2010_09_IND_PHI,PHI,0.30087160962916587,-0.02045391044036175,7.944012129748309,0.11767344078655721,0.09641708468843717
2010_09_KC_OAK,KC,0.1749252661405764,-0.36222426474769587,-3.063860705920628,-0.1444123611870772,-0.4259203039354698
2010_09_KC_OAK,LV,-0.1444123611870772,-0.4259203039354698,2.018207221320181,0.1749252661405764,-0.36222426474769587
2010_09_MIA_BAL,BAL,0.4823476606833331,-0.19714088709203367,10.337371804884501,-0.18394529347581468,0.21431165497051552
2010_09_MIA_BAL,MIA,-0.18394529347581468,0.21431165497051552,0.5649475928615121,0.4823476606833331,-0.19714088709203367
2010_09_NE_CLE,CLE,0.5210129170668092,0.08809431050829818,20.087358512376483,0.05042618206893427,-0.07597049997194619
2010_09_NE_CLE,NE,0.05042618206893427,-0.07597049997194619,-14.67316182036149,0.5210129170668092,0.08809431050829818
2010_09_NO_CAR,CAR,-0.6312226606043925,-0.023745809519744438,-15.68216153553554,0.06515118833224279,0.03491613194455567
2010_09_NO_CAR,NO,0.06515118833224279,0.03491613194455567,8.829297050833702,-0.6312226606043925,-0.023745809519744438
2010_09_NYG_SEA,NYG,0.5966077863565418,0.11218277196828487,8.411033265292645,-0.48499052125407616,-0.19313314261463738
2010_09_NYG_SEA,SEA,-0.48499052125407616,-0.19313314261463738,-6.410721721856491,0.5966077863565418,0.11218277196828487
2010_09_NYJ_DET,DET,0.08584160745847336,-0.3062063405755907,-11.081056417645636,0.07774180894484743,-0.11390390494057362
2010_09_NYJ_DET,NYJ,0.07774180894484743,-0.11390390494057362,-6.409611592167302,0.08584160745847336,-0.3062063405755907
2010_09_PIT_CIN,CIN,-0.016496381396417834,-0.1412426453007083,1.7180201907952626,0.06803204963771897,-0.10784823205964156
2010_09_PIT_CIN,PIT,0.06803204963771897,-0.10784823205964156,8.73328204508181,-0.016496381396417834,-0.1412426453007083
2010_09_SD_HOU,HOU,0.190107635885258,-0.17356947350405433,-2.4615460075438023,0.7898765217575531,-0.19584163333456187
2010_09_SD_HOU,LAC,0.7898765217575531,-0.19584163333456187,13.83012688678244,0.190107635885258,-0.17356947350405433
2010_09_TB_ATL,ATL,0.30792882392478144,0.015910864532997948,4.986514704568045,0.4840871311715563,-0.37760830199113116
2010_09_TB_ATL,TB,0.4840871311715563,-0.37760830199113116,-10.907818235102154,0.30792882392478144,0.015910864532997948
2010_10_BAL_ATL,ATL,0.2432317804381208,-0.22464361076708883,-0.5656730155555569,0.21236747400344988,0.07254332403924006
2010_10_BAL_ATL,BAL,0.21236747400344988,0.07254332403924006,4.718899025636561,0.2432317804381208,-0.22464361076708883
2010_10_CAR_TB,CAR,0.06996565726598808,-0.32180051480476135,-4.580500280415571,0.5617811683287788,-0.031135197876470296
2010_10_CAR_TB,TB,0.5617811683287788,-0.031135197876470296,9.478247289856276,0.06996565726598808,-0.32180051480476135
2010_10_CIN_IND,CIN,-0.21168899998198143,-0.36532794414670205,8.502382231064331,0.0035745893896122496,-0.2170836093428079
2010_10_CIN_IND,IND,0.0035745893896122496,-0.2170836093428079,-9.500030014250013,-0.21168899998198143,-0.36532794414670205
2010_10_DAL_NYG,DAL,0.7854167641444377,-0.26850974909607694,-0.039650854610261466,0.018486007741940137,-0.3986411266291893
2010_10_DAL_NYG,NYG,0.018486007741940137,-0.3986411266291893,7.449890958501937,0.7854167641444377,-0.26850974909607694
2010_10_DET_BUF,BUF,-0.017559829733800145,-0.19724066193874484,-6.163044149676959,0.03660022466747354,-0.24688289861036797
2010_10_DET_BUF,DET,0.03660022466747354,-0.24688289861036797,-8.434373915195465,-0.017559829733800145,-0.19724066193874484
2010_10_HOU_JAX,HOU,0.5149772055691354,-0.10003882479290233,6.242676800297152,0.5307780538829816,0.15340717050118796
2010_10_HOU_JAX,JAX,0.5307780538829816,0.15340717050118796,16.78028000939277,0.5149772055691354,-0.10003882479290233
2010_10_KC_DEN,DEN,0.6467807124192352,0.1270812898641452,7.256947457790375,0.16909252486034315,-0.23436870846697794
2010_10_KC_DEN,KC,0.16909252486034315,-0.23436870846697794,6.300287454758051,0.6467807124192352,0.1270812898641452
2010_10_MIN_CHI,CHI,0.14169500786144948,-0.2082018291896957,7.466490013258798,-0.20638304074554892,-0.13974149118085014
2010_10_MIN_CHI,MIN,-0.20638304074554892,-0.13974149118085014,-7.920543512990398,0.14169500786144948,-0.2082018291896957
2010_10_NE_PIT,NE,0.3563175920090735,0.009094410715510573,7.959530254205068,0.007918582626940238,0.03631049084653042
2010_10_NE_PIT,PIT,0.007918582626940238,0.03631049084653042,1.7643858057757218,0.3563175920090735,0.009094410715510573
2010_10_NYJ_CLE,CLE,0.0781880096551649,-0.23041886282052196,-1.295263151968679,0.22748136823355905,0.09674941196313334
2010_10_NYJ_CLE,NYJ,0.22748136823355905,0.09674941196313334,4.99722994863987,0.0781880096551649,-0.23041886282052196
2010_10_PHI_WAS,PHI,0.8972205172777128,0.20425668105405445,15.603602251836232,-0.10228964483249,0.098756132595655
2010_10_PHI_WAS,WAS,-0.10228964483249,0.098756132595655,-6.674119878199793,0.8972205172777128,0.20425668105405445
2010_10_SEA_ARI,ARI,-0.23471794666217352,-0.14439265569526877,-12.467749615510305,0.3412049292661023,-0.26492507454556663
2010_10_SEA_ARI,SEA,0.3412049292661023,-0.26492507454556663,1.4214310050010681,-0.23471794666217352,-0.14439265569526877
2010_10_STL_SF,LA,0.05949567782194826,-0.14079050295880402,5.669546482108888,0.25661395110942076,-0.19649627498874037
2010_10_STL_SF,SF,0.25661395110942076,-0.19649627498874037,2.964280652148383,0.05949567782194826,-0.14079050295880402
2010_10_TEN_MIA,MIA,0.2163261237366045,-0.2374826165432709,7.189258369239601,-0.22665093558398194,0.09043557787283688
2010_10_TEN_MIA,TEN,-0.22665093558398194,0.09043557787283688,-11.11378152119486,0.2163261237366045,-0.2374826165432709
2010_11_ARI_KC,ARI,0.06097529679102345,-0.14950035759036176,-1.5328475962514463,0.3377530721571935,0.11864666944283302
2010_11_ARI_KC,KC,0.3377530721571935,0.11864666944283302,2.325350667039553,0.06097529679102345,-0.14950035759036176
2010_11_ATL_STL,ATL,0.2247550804907477,0.05147864846512675,4.333541790644328,-0.1124217503376279,-0.3203394447676449
2010_11_ATL_STL,LA,-0.1124217503376279,-0.3203394447676449,-3.384457386675335,0.2247550804907477,0.05147864846512675
2010_11_BAL_CAR,BAL,0.1655614823233774,-0.2202478809149583,11.564489928158848,-0.55466176912748,-0.23578105355946996
2010_11_BAL_CAR,CAR,-0.55466176912748,-0.23578105355946996,-18.939421006611415,0.1655614823233774,-0.2202478809149583
2010_11_BUF_CIN,BUF,0.5206631074886331,0.2274766095506493,4.823782470296411,0.13346614856116812,-0.2808403347170959
2010_11_BUF_CIN,CIN,0.13346614856116812,-0.2808403347170959,2.161496434662793,0.5206631074886331,0.2274766095506493
2010_11_CHI_MIA,CHI,0.1802771337710163,-0.18337777620763518,2.1537461280822754,-0.40624088055501956,-0.510090790479444
2010_11_CHI_MIA,MIA,-0.40624088055501956,-0.510090790479444,-4.454358384527009,0.1802771337710163,-0.18337777620763518
2010_11_CLE_JAX,CLE,0.08116501740993876,-0.3560164222197438,2.1452773500371864,-0.230107038621988,-0.053412465924069424
2010_11_CLE_JAX,JAX,-0.230107038621988,-0.053412465924069424,-4.628981947898865,0.08116501740993876,-0.3560164222197438
2010_11_DEN_SD,DEN,-0.16856443283564232,0.07475996937137097,-1.5058315113971108,0.6998681074392137,-0.08720146058397871
2010_11_DEN_SD,LAC,0.6998681074392137,-0.08720146058397871,1.589241738502796,-0.16856443283564232,0.07475996937137097
2010_11_DET_DAL,DAL,0.13666260068308592,0.03859279372824988,14.805320941883584,0.08353185077285477,-0.39188077093276663
2010_11_DET_DAL,DET,0.08353185077285477,-0.39188077093276663,9.211166445599046,0.13666260068308592,0.03859279372824988
2010_11_GB_MIN,GB,0.47338793409259056,-0.30426992107263334,8.530868403613567,-0.4393920506281884,-0.17738018826348706
2010_11_GB_MIN,MIN,-0.4393920506281884,-0.17738018826348706,-14.946066313668302,0.47338793409259056,-0.30426992107263334
2010_11_HOU_NYJ,HOU,0.18243032554595337,-0.1627149570316976,-0.4721891699415265,0.24065656555525675,-0.3127346179894327
2010_11_HOU_NYJ,NYJ,0.24065656555525675,-0.3127346179894327,-0.3729223399548917,0.18243032554595337,-0.1627149570316976
2010_11_IND_NE,IND,0.35502372349751216,0.014247580379014834,11.737759239398516,0.43949050264243256,0.17653844583941053
2010_11_IND_NE,NE,0.43949050264243256,0.17653844583941053,12.565824389457703,0.35502372349751216,0.014247580379014834
2010_11_NYG_PHI,NYG,0.04603712260956774,-0.5125012445006225,-1.8439114996881196,-0.049498260287614906,0.34849705923153285
2010_11_NYG_PHI,PHI,-0.049498260287614906,0.34849705923153285,2.808925666307148,0.04603712260956774,-0.5125012445006225
2010_11_OAK_PIT,LV,-0.3745533861299014,-0.20242812569097926,-15.802625029586082,0.5858099907379843,-0.3876748537348414
2010_11_OAK_PIT,PIT,0.5858099907379843,-0.3876748537348414,2.714553012930114,-0.3745533861299014,-0.20242812569097926
2010_11_SEA_NO,NO,0.5264799495388376,-0.10822861715437725,9.192934995744286,0.3012400523299278,-0.6371675961889728
2010_11_SEA_NO,SEA,0.3012400523299278,-0.6371675961889728,9.480074411485253,0.5264799495388376,-0.10822861715437725
2010_11_TB_SF,SF,-0.43757857277782425,-0.47303835047309156,-13.16315310616647,0.1492481331675529,0.0006213816142497727
2010_11_TB_SF,TB,0.1492481331675529,0.0006213816142497727,2.5940580801530317,-0.43757857277782425,-0.47303835047309156
2010_11_WAS_TEN,TEN,-0.1704271367763809,0.011753221917897462,2.9198959469795227,0.30328223550305,-0.26511079896855255
2010_11_WAS_TEN,WAS,0.30328223550305,-0.26511079896855255,1.338991243392229,-0.1704271367763809,0.011753221917897462
2010_12_CAR_CLE,CAR,-0.07943163596083114,0.10187986388544752,-3.6290783148545485,-0.20943431960555112,-0.004767148646358299
2010_12_CAR_CLE,CLE,-0.20943431960555112,-0.004767148646358299,3.5836495233304575,-0.07943163596083114,0.10187986388544752
2010_12_CIN_NYJ,CIN,-0.1414831422747597,-0.3631667711468051,-13.01054366123982,-0.22043760680195276,-0.0062680933432400845
2010_12_CIN_NYJ,NYJ,-0.22043760680195276,-0.0062680933432400845,-4.7542416623660495,-0.1414831422747597,-0.3631667711468051
2010_12_GB_ATL,ATL,0.25030356504533396,-0.07767276250308862,16.81098991206714,0.4866025286583165,-0.7032905408363894
2010_12_GB_ATL,GB,0.4866025286583165,-0.7032905408363894,8.260147741862706,0.25030356504533396,-0.07767276250308862
2010_12_JAX_NYG,JAX,-0.06008606010587746,0.22805122987555299,1.2859696851057165,0.3021026169117864,0.04457689620604507
2010_12_JAX_NYG,NYG,0.3021026169117864,0.04457689620604507,-0.4185223061105479,-0.06008606010587746,0.22805122987555299
2010_12_KC_SEA,KC,0.48184714140513035,0.21981906339351553,8.780181119518895,-0.23700782843022444,-0.4750541577867063
2010_12_KC_SEA,SEA,-0.23700782843022444,-0.4750541577867063,-4.402989745140076,0.48184714140513035,0.21981906339351553
2010_12_MIA_OAK,LV,-0.13133935494676752,-0.8258734790676195,-10.182547010481358,0.40361217155037854,0.031136161508101962
2010_12_MIA_OAK,MIA,0.40361217155037854,0.031136161508101962,7.528513669967651,-0.13133935494676752,-0.8258734790676195
2010_12_MIN_WAS,MIN,0.14347286646300533,0.07696473534804571,2.5671019502308057,-0.15415852110000844,-0.2945148424478248
2010_12_MIN_WAS,WAS,-0.15415852110000844,-0.2945148424478248,-6.209358487810407,0.14347286646300533,0.07696473534804571
2010_12_NE_DET,DET,-0.18678215508925877,0.2996173054492101,-7.677704873292343,0.6450762544584082,0.20278734584280755
2010_12_NE_DET,NE,0.6450762544584082,0.20278734584280755,15.506694051954481,-0.18678215508925877,0.2996173054492101
2010_12_NO_DAL,DAL,0.11774445828196974,-0.2083671978286778,0.5090885928698948,0.14545247103594805,0.22067099415774769
2010_12_NO_DAL,NO,0.14545247103594805,0.22067099415774769,1.4582539859570955,0.11774445828196974,-0.2083671978286778
2010_12_PHI_CHI,CHI,0.6426424587730365,-0.2377648663165493,14.561563304492406,0.07893169007933588,0.038140750453749206
2010_12_PHI_CHI,PHI,0.07893169007933588,0.038140750453749206,10.665401747060377,0.6426424587730365,-0.2377648663165493
2010_12_PIT_BUF,BUF,-0.05327969734326357,-0.08866724214161545,-10.889716852794994,0.1987607848895289,-0.06715305584619131
2010_12_PIT_BUF,PIT,0.1987607848895289,-0.06715305584619131,2.4704768773048156,-0.05327969734326357,-0.08866724214161545
2010_12_SD_IND,IND,-0.37085764059855136,-0.3912157607242429,1.3937008877595265,0.1766277291122787,-0.061660655132014956
2010_12_SD_IND,LAC,0.1766277291122787,-0.061660655132014956,15.61486876529196,-0.37085764059855136,-0.3912157607242429
2010_12_SF_ARI,ARI,-0.30150114153929064,-1.052862216005451,-16.94094188073102,0.0047233719248385595,0.25162162466404175
2010_12_SF_ARI,SF,0.0047233719248385595,0.25162162466404175,-11.828843610627311,-0.30150114153929064,-1.052862216005451
2010_12_STL_DEN,DEN,0.24127420286125545,-0.04039061515747259,1.2756740901528336,0.5704175199375303,-0.08884838293820127
2010_12_STL_DEN,LA,0.5704175199375303,-0.08884838293820127,-0.7528797597498507,0.24127420286125545,-0.04039061515747259
2010_12_TB_BAL,BAL,0.06277724903444101,-0.20397880581731442,6.388877545084272,-0.10181167229501024,0.013267605934647451
2010_12_TB_BAL,TB,-0.10181167229501024,0.013267605934647451,-10.775148143639436,0.06277724903444101,-0.20397880581731442
2010_12_TEN_HOU,HOU,0.03272382636495048,0.04745431109381693,6.482529384749276,-0.37899547054685706,-0.4816492567680633
2010_12_TEN_HOU,TEN,-0.37899547054685706,-0.4816492567680633,-6.156503913864013,0.03272382636495048,0.04745431109381693
2010_13_ATL_TB,ATL,0.09440887380529799,0.04991881398242325,-8.924304693937302,-0.020020666319322266,0.08452536090975628
2010_13_ATL_TB,TB,-0.020020666319322266,0.08452536090975628,-6.710516642301511,0.09440887380529799,0.04991881398242325
2010_13_BUF_MIN,BUF,-0.4339743300203096,-0.5088821203879145,6.218337883119998,-0.20642878680270568,0.055692283370789436
2010_13_BUF_MIN,MIN,-0.20642878680270568,0.055692283370789436,2.9371006333309673,-0.4339743300203096,-0.5088821203879145
2010_13_CAR_SEA,CAR,-0.3224736502870189,0.12167582384990377,-7.4929498574313,0.00047025192236127555,0.26684133008723926
2010_13_CAR_SEA,SEA,0.00047025192236127555,0.26684133008723926,-0.020761340856552124,-0.3224736502870189,0.12167582384990377
2010_13_CHI_DET,CHI,0.2018772973351013,0.014549538638675585,10.268283463441408,-0.038698355735359215,-0.012997004508506507
2010_13_CHI_DET,DET,-0.038698355735359215,-0.012997004508506507,-3.896767646074295,0.2018772973351013,0.014549538638675585
2010_13_CLE_MIA,CLE,-0.0786473875014355,-0.12600102440735914,13.063342776149511,-0.2688443678478704,-0.18109186805398392
2010_13_CLE_MIA,MIA,-0.2688443678478704,-0.18109186805398392,-11.76305329427123,-0.0786473875014355,-0.12600102440735914
2010_13_DAL_IND,DAL,0.25528019474224967,0.024527867181839833,9.41741144657135,-0.009468910678726981,-0.12998508275227827
2010_13_DAL_IND,IND,-0.009468910678726981,-0.12998508275227827,12.242133376446176,0.25528019474224967,0.024527867181839833
2010_13_DEN_KC,DEN,-0.47775090156717015,0.26893611790855293,-25.161229180438177,0.04044905431672103,-0.17508487007729948
2010_13_DEN_KC,KC,0.04044905431672103,-0.17508487007729948,-3.090044909289905,-0.47775090156717015,0.26893611790855293
2010_13_HOU_PHI,HOU,0.23685692977680317,0.029330768949316386,3.909738449489369,0.4849516876720485,-0.08659052957259321
2010_13_HOU_PHI,PHI,0.4849516876720485,-0.08659052957259321,11.876986920833588,0.23685692977680317,0.029330768949316386
2010_13_JAX_TEN,JAX,0.10928974154637151,0.16706113027517122,1.4329047579514353,-0.16117151307806077,-0.4054720607198154
2010_13_JAX_TEN,TEN,-0.16117151307806077,-0.4054720607198154,-11.216218074162802,0.10928974154637151,0.16706113027517122
2010_13_NO_CIN,CIN,0.2929903151179164,-0.15645641701673318,6.8096708167683,0.37520335259633597,0.2150565271731466
2010_13_NO_CIN,NO,0.37520335259633597,0.2150565271731466,25.57044306705738,0.2929903151179164,-0.15645641701673318
2010_13_NYJ_NE,NE,0.6829405312782632,0.08865867763345775,12.333645884479795,-0.34975003302717356,-0.015579141993557328
2010_13_NYJ_NE,NYJ,-0.34975003302717356,-0.015579141993557328,-11.054222692142833,0.6829405312782632,0.08865867763345775
2010_13_OAK_SD,LAC,-0.019163986493058338,-0.5119407309934364,2.7438862935492865,0.06595095432282466,0.16505959233385512
2010_13_OAK_SD,LV,0.06595095432282466,0.16505959233385512,9.940483669439951,-0.019163986493058338,-0.5119407309934364
2010_13_PIT_BAL,BAL,-0.04642140323391432,-0.3461689983669203,-4.246965411937598,0.1946171701705059,-0.429823056303734
2010_13_PIT_BAL,PIT,0.1946171701705059,-0.429823056303734,-0.692288969692431,-0.04642140323391432,-0.3461689983669203
2010_13_SF_GB,GB,0.3984136114125673,0.03376777521595519,12.679628770926904,0.04102600053350677,-0.20387858603039363
2010_13_SF_GB,SF,0.04102600053350677,-0.20387858603039363,-13.22049069404602,0.3984136114125673,0.03376777521595519
2010_13_STL_ARI,ARI,-0.47124670681683095,-0.035744448051493814,-21.183944159540637,0.01549554984859605,-0.2710993066793893
2010_13_STL_ARI,LA,0.01549554984859605,-0.2710993066793893,-0.8355831461293357,-0.47124670681683095,-0.035744448051493814
2010_13_WAS_NYG,NYG,-0.20044161825689752,0.2594419054820069,-3.266595959663391,-0.3525600754532738,-0.04766721771011362
2010_13_WAS_NYG,WAS,-0.3525600754532738,-0.04766721771011362,-3.0148558995940467,-0.20044161825689752,0.2594419054820069
2010_14_ATL_CAR,ATL,0.12419251596682464,0.10117681390755544,3.251033933723674,-0.5904909245236516,-0.012206562649225816
2010_14_ATL_CAR,CAR,-0.5904909245236516,-0.012206562649225816,-5.458051681518555,0.12419251596682464,0.10117681390755544
2010_14_BAL_HOU,BAL,0.1815636480182764,-0.2107205937372055,4.85851602120833,0.09135702412980329,0.0553780927938143
2010_14_BAL_HOU,HOU,0.09135702412980329,0.0553780927938143,-9.762417872746786,0.1815636480182764,-0.2107205937372055
2010_14_CIN_PIT,CIN,-0.3343107418056477,-0.24611294831779293,-2.3152357898652554,0.10820139416948506,-0.09329177829204127
2010_14_CIN_PIT,PIT,0.10820139416948506,-0.09329177829204127,5.402054265141487,-0.3343107418056477,-0.24611294831779293
2010_14_CLE_BUF,BUF,-0.13385677692899597,-0.12837914703995498,-3.405851255292478,-0.506228300503593,-0.22752437336735643
2010_14_CLE_BUF,CLE,-0.506228300503593,-0.22752437336735643,-3.7726205587387085,-0.13385677692899597,-0.12837914703995498
2010_14_DEN_ARI,ARI,-0.2764020679051134,0.1666428251280167,-19.72615424739687,-0.5759648103828927,-0.31347876495080224
2010_14_DEN_ARI,DEN,-0.5759648103828927,-0.31347876495080224,-17.502656653523445,-0.2764020679051134,0.1666428251280167
2010_14_GB_DET,DET,-0.40091388218560087,-0.07461381144111795,-14.438969506458802,-0.3002331663902194,-0.44131829786141785
2010_14_GB_DET,GB,-0.3002331663902194,-0.44131829786141785,-4.191083078448837,-0.40091388218560087,-0.07461381144111795
2010_14_IND_TEN,IND,0.5739574733668716,-0.09598385945679293,9.248073697090149,0.2750797391730885,-0.13069975368293504
2010_14_IND_TEN,TEN,0.2750797391730885,-0.13069975368293504,7.608299976901004,0.5739574733668716,-0.09598385945679293
2010_14_KC_SD,KC,-0.5957064098150183,-0.21904875747927957,-12.341177612543106,0.3909605725511053,0.10213496891776144
2010_14_KC_SD,LAC,0.3909605725511053,0.10213496891776144,15.951849655671554,-0.5957064098150183,-0.21904875747927957
2010_14_MIA_NYJ,MIA,-0.5379869560944466,-0.45394630115673257,-34.664181894377656,-0.3170105996133067,-0.441113680927834
2010_14_MIA_NYJ,NYJ,-0.3170105996133067,-0.441113680927834,-21.685880422592163,-0.5379869560944466,-0.45394630115673257
2010_14_NE_CHI,CHI,-0.5804254397080513,-0.3795347401007478,-11.387392018850033,0.339553937675069,0.09482863994145935
2010_14_NE_CHI,NE,0.339553937675069,0.09482863994145935,4.517315179109573,-0.5804254397080513,-0.3795347401007478
2010_14_NYG_MIN,MIN,-0.32375367070005984,-0.47374011734394694,-13.776571069444929,-0.10876180553601149,0.13413676840919553
2010_14_NYG_MIN,NYG,-0.10876180553601149,0.13413676840919553,-6.6689864628844795,-0.32375367070005984,-0.47374011734394694
2010_14_OAK_JAX,JAX,0.07382430911932786,0.21453358024907046,-0.7450316633496966,0.2912168164752075,0.1300760238472972
2010_14_OAK_JAX,LV,0.2912168164752075,0.1300760238472972,9.86353773059267,0.07382430911932786,0.21453358024907046
2010_14_PHI_DAL,DAL,0.09669962532638797,-0.1087605718344092,8.76252564691728,0.12027156422862066,0.25282783668895387
2010_14_PHI_DAL,PHI,0.12027156422862066,0.25282783668895387,9.160076454281807,0.09669962532638797,-0.1087605718344092
2010_14_SEA_SF,SEA,-0.350418699491172,-0.15869268866266462,2.9786589669018255,0.2905693461643651,-0.21621660929182931
2010_14_SEA_SF,SF,0.2905693461643651,-0.21621660929182931,-8.048665744286996,-0.350418699491172,-0.15869268866266462
2010_14_STL_NO,LA,-0.4216912476570449,-0.05307594329774321,-1.6012024262855793,0.09369313003176523,-0.06845925555639301
2010_14_STL_NO,NO,0.09369313003176523,-0.06845925555639301,-1.0566486762120173,-0.4216912476570449,-0.05307594329774321
2010_14_TB_WAS,TB,0.41009983631675767,-0.4722296326179462,3.350161388516426,0.21699368555546245,0.05870388115600771
2010_14_TB_WAS,WAS,0.21699368555546245,0.05870388115600771,-3.898269704410008,0.41009983631675767,-0.4722296326179462
2010_15_ARI_CAR,ARI,-0.25409026200230794,-0.23655098944692873,-6.25259406638868,-0.05845266977771163,-0.23600567853481352
2010_15_ARI_CAR,CAR,-0.05845266977771163,-0.23600567853481352,2.264546563750819,-0.25409026200230794,-0.23655098944692873
2010_15_ATL_SEA,ATL,0.2760899962695823,-0.17706957880808558,0.3164790783609663,-0.3704833159492764,0.1834986323477043
2010_15_ATL_SEA,SEA,-0.3704833159492764,0.1834986323477043,-9.204145453192972,0.2760899962695823,-0.17706957880808558
2010_15_BUF_MIA,BUF,0.24997000868435343,-0.33878801998127106,3.9227436368282023,0.07430990315357261,-0.08136879057641827
2010_15_BUF_MIA,MIA,0.07430990315357261,-0.08136879057641827,8.484037017280405,0.24997000868435343,-0.33878801998127106
2010_15_CHI_MIN,CHI,0.24311330281004734,-0.22539207742054138,7.603188400918787,-0.3660175209205287,-0.39727417023996603
2010_15_CHI_MIN,MIN,-0.3660175209205287,-0.39727417023996603,-7.607545590761936,0.24311330281004734,-0.22539207742054138
2010_15_CLE_CIN,CIN,0.2134818905453167,0.04659601917279191,2.1513672037558123,0.3396961008960892,-0.1477434476790319
2010_15_CLE_CIN,CLE,0.3396961008960892,-0.1477434476790319,16.8970365524292,0.2134818905453167,0.04659601917279191
2010_15_DEN_OAK,DEN,0.1965184665110428,-0.19278942767324783,-4.825833439826965,0.11902398012565124,-0.08805840241227883
2010_15_DEN_OAK,LV,0.11902398012565124,-0.08805840241227883,-5.735349884400001,0.1965184665110428,-0.19278942767324783
2010_15_DET_TB,DET,0.28748650284015886,0.1393200818067829,1.9612640142440796,0.2326422708179603,0.08376047880905542
2010_15_DET_TB,TB,0.2326422708179603,0.08376047880905542,4.994091933423823,0.28748650284015886,0.1393200818067829
2010_15_GB_NE,GB,0.06592815655535895,0.04418786344305974,4.209221402804057,0.05246183146323241,0.14447539698277764
2010_15_GB_NE,NE,0.05246183146323241,0.14447539698277764,-0.680633137623469,0.06592815655535895,0.04418786344305974
2010_15_HOU_TEN,HOU,0.12340608061554621,-0.4875121973778328,4.388832624228495,0.4168980938698887,-0.06945582898145902
2010_15_HOU_TEN,TEN,0.4168980938698887,-0.06945582898145902,9.011780438215837,0.12340608061554621,-0.4875121973778328
2010_15_JAX_IND,IND,0.1491306634059796,0.12985181648539676,9.859967155334276,0.06642990969816955,-0.307048666222148
2010_15_JAX_IND,JAX,0.06642990969816955,-0.307048666222148,7.912469111584328,0.1491306634059796,0.12985181648539676
2010_15_KC_STL,KC,-0.008413692157343246,0.10683690588256989,-12.20407954284123,-0.27992830167286786,-0.012404623444461705
2010_15_KC_STL,LA,-0.27992830167286786,-0.012404623444461705,-12.879238774379095,-0.008413692157343246,0.10683690588256989
2010_15_NO_BAL,BAL,0.1905448629342626,0.13164791396994274,-9.398083537817001,0.07386324009634489,-0.14374185741845785
2010_15_NO_BAL,NO,0.07386324009634489,-0.14374185741845785,0.3074877935907115,0.1905448629342626,0.13164791396994274
2010_15_NYJ_PIT,NYJ,0.05383960230548214,0.13769470570304504,2.8949002767431327,0.09027955516624218,0.1264811130291175
2010_15_NYJ_PIT,PIT,0.09027955516624218,0.1264811130291175,-2.298277761878037,0.05383960230548214,0.13769470570304504
2010_15_PHI_NYG,NYG,0.24681652362871478,-0.3258785023026576,1.4909669756889343,-0.06574026779125289,0.32381658751595144
2010_15_PHI_NYG,PHI,-0.06574026779125289,0.32381658751595144,1.4759104041492237,0.24681652362871478,-0.3258785023026576
2010_15_SF_SD,LAC,0.780543685115818,-0.0587395835949997,16.456531484921772,-0.33978543663720806,-0.1072168799083946
2010_15_SF_SD,SF,-0.33978543663720806,-0.1072168799083946,3.743102933679308,0.780543685115818,-0.0587395835949997
2010_15_WAS_DAL,DAL,0.30273395554966875,-0.09909153901183487,5.8543702235092985,0.16962062956400828,0.13994213009053574
2010_15_WAS_DAL,WAS,0.16962062956400828,0.13994213009053574,-1.7158138006925583,0.30273395554966875,-0.09909153901183487
2010_16_BAL_CLE,BAL,0.212833884969419,-0.031177954846394382,8.467769387521242,-0.3109579560308091,-0.06642986013321206
2010_16_BAL_CLE,CLE,-0.3109579560308091,-0.06642986013321206,-6.420486271381378,0.212833884969419,-0.031177954846394382
2010_16_CAR_PIT,CAR,-0.5486554853850976,-0.14917492402989999,-19.735155157420945,0.29949837396752055,-0.36742511107695464
2010_16_CAR_PIT,PIT,0.29949837396752055,-0.36742511107695464,9.731618531288639,-0.5486554853850976,-0.14917492402989999
2010_16_DAL_ARI,ARI,0.012357195543427655,-0.2747495216720171,-20.17969074456588,-0.1350303315264779,0.1284450805474383
2010_16_DAL_ARI,DAL,-0.1350303315264779,0.1284450805474383,-3.5071915871388204,0.012357195543427655,-0.2747495216720171
2010_16_DET_MIA,DET,0.3237213732882326,-0.21786329223098055,-8.736785443929525,-0.04057955117703134,0.039138300912030244
2010_16_DET_MIA,MIA,-0.04057955117703134,0.039138300912030244,-1.1174460703676397,0.3237213732882326,-0.21786329223098055
2010_16_HOU_DEN,DEN,0.3803054795147196,0.020601955780336908,-1.8868737179657509,0.29066634877401865,-0.030776734511955114
2010_16_HOU_DEN,HOU,0.29066634877401865,-0.030776734511955114,3.0085796659643,0.3803054795147196,0.020601955780336908
2010_16_IND_OAK,IND,0.211075298759493,0.092931599425454,-7.408177653948466,-0.22719475447143525,-0.1660241884852035
2010_16_IND_OAK,LV,-0.22719475447143525,-0.1660241884852035,3.6305382484342994,0.211075298759493,0.092931599425454
2010_16_MIN_PHI,MIN,0.10934268448791991,-0.04100239134979723,3.9250979056725135,-0.1970070454946438,0.1348204338864889
2010_16_MIN_PHI,PHI,-0.1970070454946438,0.1348204338864889,0.06640638623918806,0.10934268448791991,-0.04100239134979723
2010_16_NE_BUF,BUF,-0.5491794467366362,-0.11612913269230998,-4.789751808385591,-0.08643942407275279,0.3423118267940091
2010_16_NE_BUF,NE,-0.08643942407275279,0.3423118267940091,-7.209668832796591,-0.5491794467366362,-0.11612913269230998
2010_16_NO_ATL,ATL,0.030921001238503346,-0.7757693120449978,-12.976319933759756,-0.06849015014898953,-0.2458027492975816
2010_16_NO_ATL,NO,-0.06849015014898953,-0.2458027492975816,8.095424289399006,0.030921001238503346,-0.7757693120449978
2010_16_NYG_GB,GB,0.596571926130337,-0.059464216475713656,10.341721732874174,0.059043438804110386,-0.47763975693087557
2010_16_NYG_GB,NYG,0.059043438804110386,-0.47763975693087557,-6.130873132497072,0.596571926130337,-0.059464216475713656
2010_16_NYJ_CHI,CHI,0.1660659260068805,0.12473525035792314,-2.830702006816864,0.24013403541766437,-0.09098078170227969
2010_16_NYJ_CHI,NYJ,0.24013403541766437,-0.09098078170227969,5.416033477396579,0.1660659260068805,0.12473525035792314
2010_16_SD_CIN,CIN,1.1765900604715127,-0.4358858050829057,17.309188558941795,0.06667035193216152,-0.33469509359066313
2010_16_SD_CIN,LAC,0.06667035193216152,-0.33469509359066313,6.450181677937508,1.1765900604715127,-0.4358858050829057
2010_16_SEA_TB,SEA,-0.03251288660875811,-0.07280131969600916,-6.310546398162842,0.48898537927852537,0.15126708446769044
2010_16_SEA_TB,TB,0.48898537927852537,0.15126708446769044,23.44786130956241,-0.03251288660875811,-0.07280131969600916
2010_16_SF_STL,LA,0.12034249952614522,-0.3451177536326143,8.144486433750874,-0.15905525790035852,-0.13706468359420174
2010_16_SF_STL,SF,-0.15905525790035852,-0.13706468359420174,-10.526596472181122,0.12034249952614522,-0.3451177536326143
2010_16_TEN_KC,KC,0.3581349561973945,-0.24641176508157514,8.545726289351782,-0.22227585858524626,-0.48813779919510125
2010_16_TEN_KC,TEN,-0.22227585858524626,-0.48813779919510125,-18.76323682230872,0.3581349561973945,-0.24641176508157514
2010_16_WAS_JAX,JAX,-0.16133473835902662,-0.17985274642473087,-3.5329734024248625,-0.19685583070240822,0.030836543299773887
2010_16_WAS_JAX,WAS,-0.19685583070240822,0.030836543299773887,-12.884842126797407,-0.16133473835902662,-0.17985274642473087
2010_17_ARI_SF,ARI,-0.4788751199267872,-0.06476944397581974,-6.5741499077599,0.22182121299192098,-0.04410792000824586
2010_17_ARI_SF,SF,0.22182121299192098,-0.04410792000824586,-6.587654043888223,-0.4788751199267872,-0.06476944397581974
2010_17_BUF_NYJ,BUF,-0.9553802148519277,-0.26719348831910694,-6.180960054580982,0.02420615617948998,0.010542578856319373
2010_17_BUF_NYJ,NYJ,0.02420615617948998,0.010542578856319373,4.618495504061381,-0.9553802148519277,-0.26719348831910694
2010_17_CAR_ATL,ATL,0.27176655547541906,-0.37766158241041314,4.136577483854796,-0.26553170686442173,-0.1967980074987281
2010_17_CAR_ATL,CAR,-0.26553170686442173,-0.1967980074987281,-3.805598895996809,0.27176655547541906,-0.37766158241041314
2010_17_CHI_GB,CHI,-0.42318392961876883,0.0462349709674814,-10.751973742093796,-0.15278558593478417,-0.3699381917371954
2010_17_CHI_GB,GB,-0.15278558593478417,-0.3699381917371954,3.81946148616927,-0.42318392961876883,0.0462349709674814
2010_17_CIN_BAL,BAL,-0.40838176416860716,-0.213899556605611,14.08051903310575,-0.07147390439972436,-0.3746630629582796
2010_17_CIN_BAL,CIN,-0.07147390439972436,-0.3746630629582796,9.392620311226956,-0.40838176416860716,-0.213899556605611
2010_17_DAL_PHI,DAL,-0.12338006718053782,-0.05969920587260276,-20.47622299194336,-0.33087583021086886,-0.11478875306421174
2010_17_DAL_PHI,PHI,-0.33087583021086886,-0.11478875306421174,-6.77943286650321,-0.12338006718053782,-0.05969920587260276
2010_17_JAX_HOU,HOU,0.6875674290325567,0.08993513508097657,15.968769924207168,-0.2945401638691677,0.33592124942390783
2010_17_JAX_HOU,JAX,-0.2945401638691677,0.33592124942390783,-9.557095646858215,0.6875674290325567,0.08993513508097657
2010_17_MIA_NE,MIA,-0.068721381305061,-0.5850149482503184,-14.368468281385061,0.6732968163759893,-0.16404413999154474
2010_17_MIA_NE,NE,0.6732968163759893,-0.16404413999154474,-2.0686815011090247,-0.068721381305061,-0.5850149482503184
2010_17_MIN_DET,DET,-0.04432368304630271,-0.13617497493512928,5.409922607635197,-0.054632387679802955,-0.2523562980671781
2010_17_MIN_DET,MIN,-0.054632387679802955,-0.2523562980671781,-4.635481722652912,-0.04432368304630271,-0.13617497493512928
2010_17_NYG_WAS,NYG,0.2819661785503968,-0.3616848848153326,-1.0921922223321323,-0.14658992636250331,-0.29956432967664126
2010_17_NYG_WAS,WAS,-0.14658992636250331,-0.29956432967664126,-4.434912990440022,0.2819661785503968,-0.3616848848153326
2010_17_OAK_KC,KC,-0.4173547659883433,-0.15813196520944725,-21.85877693050048,0.1342546808146461,0.011870590103860719
2010_17_OAK_KC,LV,0.1342546808146461,0.011870590103860719,9.944981575012207,-0.4173547659883433,-0.15813196520944725
2010_17_PIT_CLE,CLE,-0.15654323476442425,-0.17055206993051494,-10.137199523837067,0.7698254454135113,0.048771991402775584
2010_17_PIT_CLE,PIT,0.7698254454135113,0.048771991402775584,9.046730101108551,-0.15654323476442425,-0.17055206993051494
2010_17_SD_DEN,DEN,0.058653029318362394,-0.32277261158874765,-9.70880172082356,0.07504527695719242,0.09816616674834222
2010_17_SD_DEN,LAC,0.07504527695719242,0.09816616674834222,-0.29085955104312383,0.058653029318362394,-0.32277261158874765
2010_17_STL_SEA,LA,-0.30024735616689024,-0.39648135127936257,-11.138632638113839,-0.09867157547350092,-0.16441969357504843
2010_17_STL_SEA,SEA,-0.09867157547350092,-0.16441969357504843,1.4325931668281555,-0.30024735616689024,-0.39648135127936257
2010_17_TB_NO,NO,0.0734593900306032,-0.449769169606346,-4.404977187514305,0.22880397029862243,-0.16518236141419038
2010_17_TB_NO,TB,0.22880397029862243,-0.16518236141419038,13.341074409308257,0.0734593900306032,-0.449769169606346
2010_17_TEN_IND,IND,0.1233356430913857,-0.1537340035988018,0.8422576072739392,0.3890069521695616,-0.5186640840838663
2010_17_TEN_IND,TEN,0.3890069521695616,-0.5186640840838663,8.39892205519554,0.1233356430913857,-0.1537340035988018
2011_01_ATL_CHI,ATL,-0.27010324596274915,-0.16626884950964402,7.491988461950551,-0.012008502371037967,-0.15094010686260406
2011_01_ATL_CHI,CHI,-0.012008502371037967,-0.15094010686260406,8.171744737774134,-0.27010324596274915,-0.16626884950964402
2011_01_BUF_KC,BUF,0.40918640000101336,0.0560268633401536,13.188649943241707,-0.4447174450096796,-0.2205483140262206
2011_01_BUF_KC,KC,-0.4447174450096796,-0.2205483140262206,-2.820278373029497,0.40918640000101336,0.0560268633401536
2011_01_CAR_ARI,ARI,0.44633734704998745,-0.3040974024531897,1.5912698374854193,0.27890189053626574,-0.2413454949952817
2011_01_CAR_ARI,CAR,0.27890189053626574,-0.2413454949952817,6.5009789692389,0.44633734704998745,-0.3040974024531897
2011_01_CIN_CLE,CIN,-0.009142646743314194,0.1278695128707876,-2.248229803862395,-0.1376087886231904,-0.1046950640071979
2011_01_CIN_CLE,CLE,-0.1376087886231904,-0.1046950640071979,-7.881202453222031,-0.009142646743314194,0.1278695128707876
2011_01_DAL_NYJ,DAL,0.18237439159969138,-0.20330026509422486,3.9495904412534504,-0.003259046526643364,-0.29329073425227153
2011_01_DAL_NYJ,NYJ,-0.003259046526643364,-0.29329073425227153,-2.7062878689982672,0.18237439159969138,-0.20330026509422486
2011_01_DET_TB,DET,0.44377020412561236,-0.20456228525209655,11.316823733575417,0.0178154449537547,-0.5866522837049243
2011_01_DET_TB,TB,0.0178154449537547,-0.5866522837049243,5.307896638458425,0.44377020412561236,-0.20456228525209655
2011_01_IND_HOU,HOU,0.13958787498221512,-0.1468698565296644,6.089728698134422,-0.2849376500355356,-0.48315907642858
2011_01_IND_HOU,IND,-0.2849376500355356,-0.48315907642858,-6.11370325088501,0.13958787498221512,-0.1468698565296644
2011_01_MIN_SD,LAC,0.14488049407825146,-0.17039192691596258,6.439373975104474,-0.4347824026579866,0.06213703106065319
2011_01_MIN_SD,MIN,-0.4347824026579866,0.06213703106065319,-16.621804634730022,0.14488049407825146,-0.17039192691596258
2011_01_NE_MIA,MIA,0.18053610398461187,-0.03720321937683312,7.4680593485633535,0.42131703732755266,0.18787645785208873
2011_01_NE_MIA,NE,0.42131703732755266,0.18787645785208873,9.750991749266783,0.18053610398461187,-0.03720321937683312
2011_01_NO_GB,GB,0.5016047508643868,0.11770099627513748,17.569485562188284,0.2770209365416489,-0.11254961860686308
2011_01_NO_GB,NO,0.2770209365416489,-0.11254961860686308,3.739695126811663,0.5016047508643868,0.11770099627513748
2011_01_NYG_WAS,NYG,-0.05823885667219607,-0.19706243814143654,-1.835945900529623,0.28964063440077575,-0.35118901708875244
2011_01_NYG_WAS,WAS,0.28964063440077575,-0.35118901708875244,7.013775495921864,-0.05823885667219607,-0.19706243814143654
2011_01_OAK_DEN,DEN,0.0276198071671907,-0.6852565210332008,-7.542508973015679,-0.19968168906755626,0.11252895634474802
2011_01_OAK_DEN,LV,-0.19968168906755626,0.11252895634474802,-0.30053400180556555,0.0276198071671907,-0.6852565210332008
2011_01_PHI_STL,LA,-0.056439553992740775,-0.21309619395257748,-13.137951237814766,0.16435516634309238,0.199568654599023
2011_01_PHI_STL,PHI,0.16435516634309238,0.199568654599023,-7.0942904680005965,-0.056439553992740775,-0.21309619395257748
2011_01_PIT_BAL,BAL,0.23273961337262541,-0.02839746526036467,-2.3070253174880455,-0.3767638403397212,-0.26784271084858724
2011_01_PIT_BAL,PIT,-0.3767638403397212,-0.26784271084858724,-6.63575951646014,0.23273961337262541,-0.02839746526036467
2011_01_SEA_SF,SEA,-0.06115188948630627,-0.21788800963250302,-2.2438315120903223,0.057547468799691914,-0.4387467335147798
2011_01_SEA_SF,SF,0.057547468799691914,-0.4387467335147798,12.088621258735657,-0.06115188948630627,-0.21788800963250302
2011_01_TEN_JAX,JAX,0.15701609002198658,-0.13021125622936502,3.102251390616099,0.1238733690514011,-0.2588279444219855
2011_01_TEN_JAX,TEN,0.1238733690514011,-0.2588279444219855,3.140507864229607,0.15701609002198658,-0.13021125622936502
2011_02_ARI_WAS,ARI,-0.01953745802871488,0.40195437902584674,-7.562582492828369,0.10576753796802206,0.07612442012290441
2011_02_ARI_WAS,WAS,0.10576753796802206,0.07612442012290441,-5.1283856463986774,-0.01953745802871488,0.40195437902584674
2011_02_BAL_TEN,BAL,-0.07555110590457798,-0.4406883118893294,-10.317162175973257,0.28889876262977254,-0.2474953553557193
2011_02_BAL_TEN,TEN,0.28889876262977254,-0.2474953553557193,9.538083523511887,-0.07555110590457798,-0.4406883118893294
2011_02_CHI_NO,CHI,-0.20736575169750393,-0.21855400480456988,-18.122952262108978,0.18168794354766885,-0.2689060780618974
2011_02_CHI_NO,NO,0.18168794354766885,-0.2689060780618974,1.8635997498357617,-0.20736575169750393,-0.21855400480456988
2011_02_CIN_DEN,CIN,0.1170013844159871,-0.22037509812875405,5.150159866344638,-0.003440913912328446,-0.04690274228131683
2011_02_CIN_DEN,DEN,-0.003440913912328446,-0.04690274228131683,-0.9696493148803711,0.1170013844159871,-0.22037509812875405
2011_02_CLE_IND,CLE,0.2210180299210236,-0.22937785782033418,2.379555759891387,-0.11779304960512454,-0.14184601247359221
2011_02_CLE_IND,IND,-0.11779304960512454,-0.14184601247359221,-11.629417621427113,0.2210180299210236,-0.22937785782033418
2011_02_DAL_SF,DAL,0.3783538464956889,-0.32517365364991707,2.9430426830469174,-0.026952494314607816,-0.2580896690158862
2011_02_DAL_SF,SF,-0.026952494314607816,-0.2580896690158862,4.406081512570381,0.3783538464956889,-0.32517365364991707
2011_02_GB_CAR,CAR,0.04981551813888872,-0.174336482233937,2.9250656780989273,0.3104747859539586,0.20451818709261715
2011_02_GB_CAR,GB,0.3104747859539586,0.20451818709261715,1.1789714296658833,0.04981551813888872,-0.174336482233937
2011_02_HOU_MIA,HOU,0.12677123934840548,-0.025086053490286572,20.95206567534694,-0.04540221028671406,-0.20495076010477903
2011_02_HOU_MIA,MIA,-0.04540221028671406,-0.20495076010477903,-15.330085158348083,0.12677123934840548,-0.025086053490286572
2011_02_JAX_NYJ,JAX,-0.8129143104132405,-0.22324498850968666,-18.584278464317322,0.25684960251225647,-0.38764723453174216
2011_02_JAX_NYJ,NYJ,0.25684960251225647,-0.38764723453174216,12.227414237956205,-0.8129143104132405,-0.22324498850968666
2011_02_KC_DET,DET,0.3621268665762511,-0.06175986218571278,0.9631001032315768,-0.7518162459150841,-0.07728612760921949
2011_02_KC_DET,KC,-0.7518162459150841,-0.07728612760921949,1.87316938586857,0.3621268665762511,-0.06175986218571278
2011_02_OAK_BUF,BUF,0.3185184269839374,0.3604115081676961,-1.6994268695513408,0.6363951319054291,0.041641638541008316
2011_02_OAK_BUF,LV,0.6363951319054291,0.041641638541008316,12.38416207559181,0.3185184269839374,0.3604115081676961
2011_02_PHI_ATL,ATL,0.1162190804191466,-0.039053933096583934,2.7997823698180064,0.2179687845161948,-0.25143598915131476
2011_02_PHI_ATL,PHI,0.2179687845161948,-0.25143598915131476,10.594082623720169,0.1162190804191466,-0.039053933096583934
2011_02_SD_NE,LAC,0.3998855248379793,-0.3261231688242829,10.816521048545837,0.5439587700669587,0.003118019734397528
2011_02_SD_NE,NE,0.5439587700669587,0.003118019734397528,13.860418871045113,0.3998855248379793,-0.3261231688242829
2011_02_SEA_PIT,PIT,0.42604868998716716,-0.12269512232535729,13.986555895497721,-0.24736460864172644,-0.47737634649092797
2011_02_SEA_PIT,SEA,-0.24736460864172644,-0.47737634649092797,4.939551651477814,0.42604868998716716,-0.12269512232535729
2011_02_STL_NYG,LA,0.1379716621887168,-0.2420801395419403,-10.292007459534538,0.15399929868456508,-0.148149605271303
2011_02_STL_NYG,NYG,0.15399929868456508,-0.148149605271303,1.7241554458936055,0.1379716621887168,-0.2420801395419403
2011_02_TB_MIN,MIN,0.10314511042327142,0.17472835268258238,-4.015619655450185,0.12699433212913555,0.14383577563689628
2011_02_TB_MIN,TB,0.12699433212913555,0.14383577563689628,6.725658428284429,0.10314511042327142,0.17472835268258238
2011_03_ARI_SEA,ARI,0.033975623917734274,-0.1670059931371361,-0.02407196320985493,-0.014449696685081436,-0.21853847818932048
2011_03_ARI_SEA,SEA,-0.014449696685081436,-0.21853847818932048,0.45712461074193317,0.033975623917734274,-0.1670059931371361
2011_03_ATL_TB,ATL,-0.041332405294138994,-0.36677540321086,-2.014177972855775,-0.008219252049724722,-0.12282896455248452
2011_03_ATL_TB,TB,-0.008219252049724722,-0.12282896455248452,2.4356499794990785,-0.041332405294138994,-0.36677540321086
2011_03_BAL_STL,BAL,0.25155532486905785,0.287346320215147,-0.7725225140651067,-0.42252594989397385,-0.2349769124179147
2011_03_BAL_STL,LA,-0.42252594989397385,-0.2349769124179147,-8.891400881111622,0.25155532486905785,0.287346320215147
2011_03_DEN_TEN,DEN,0.09500027714585442,-0.4078287241767005,-2.80593427327963,0.2881689305113947,-0.461306693940091
2011_03_DEN_TEN,TEN,0.2881689305113947,-0.461306693940091,11.135338577959272,0.09500027714585442,-0.4078287241767005
2011_03_DET_MIN,DET,0.2144470634069922,-0.36851573578314856,3.297241809575454,-0.057742065536198935,-0.10692387835054736
2011_03_DET_MIN,MIN,-0.057742065536198935,-0.10692387835054736,-3.7015040715535483,0.2144470634069922,-0.36851573578314856
2011_03_GB_CHI,CHI,-0.09657145834191855,-0.6149463930553545,-0.5589871793179899,0.3055561798192388,-0.3370656958381758
2011_03_GB_CHI,GB,0.3055561798192388,-0.3370656958381758,12.179590291098544,-0.09657145834191855,-0.6149463930553545
2011_03_HOU_NO,HOU,0.26964012974868035,-0.028031279863521028,-5.886424842633699,0.24228384855451757,0.1433158159887075
2011_03_HOU_NO,NO,0.24228384855451757,0.1433158159887075,4.731972718780691,0.26964012974868035,-0.028031279863521028
2011_03_JAX_CAR,CAR,0.0422393812155351,-0.26974260887948165,-10.724799289847866,-0.00737965122634157,-0.34702513775199706
2011_03_JAX_CAR,JAX,-0.00737965122634157,-0.34702513775199706,-2.594561520076933,0.0422393812155351,-0.26974260887948165
2011_03_KC_SD,KC,0.2739982655029356,-0.24685174413288985,9.392590510348478,-0.0006318929181643896,-0.00904390347811083
2011_03_KC_SD,LAC,-0.0006318929181643896,-0.00904390347811083,0.5260284401868519,0.2739982655029356,-0.24685174413288985
2011_03_MIA_CLE,CLE,0.16370540481361304,-0.16779659248358156,-9.090436421907865,0.27901800590953674,-0.18739556220380643
2011_03_MIA_CLE,MIA,0.27901800590953674,-0.18739556220380643,5.440856978811067,0.16370540481361304,-0.16779659248358156
2011_03_NE_BUF,BUF,0.22627034372075538,-0.09052007273671084,8.71278315782547,0.25663220428979117,-0.12116927935074692
2011_03_NE_BUF,NE,0.25663220428979117,-0.12116927935074692,8.984423478444418,0.22627034372075538,-0.09052007273671084
2011_03_NYG_PHI,NYG,0.3853347354387451,0.1422731125791881,7.075353809024977,-0.08304020572277163,0.06306331779280154
2011_03_NYG_PHI,PHI,-0.08304020572277163,0.06306331779280154,6.394846439361572,0.3853347354387451,0.1422731125791881
2011_03_NYJ_OAK,LV,0.12821490712383815,0.2508773371383237,6.0696397836391744,0.1228150563550433,0.03501160156680271
2011_03_NYJ_OAK,NYJ,0.1228150563550433,0.03501160156680271,0.12717280875552783,0.12821490712383815,0.2508773371383237
2011_03_PIT_IND,IND,-0.3385844634017476,-0.024421054872536017,-15.207458734512329,-0.010439713047476337,-0.32626335482930713
2011_03_PIT_IND,PIT,-0.010439713047476337,-0.32626335482930713,3.209870650961592,-0.3385844634017476,-0.024421054872536017
2011_03_SF_CIN,CIN,-0.4026606450443239,-0.16310796661204413,-9.009798523038626,0.023617009868262477,-0.3287519884670884
2011_03_SF_CIN,SF,0.023617009868262477,-0.3287519884670884,-1.3644940654436748,-0.4026606450443239,-0.16310796661204413
2011_03_WAS_DAL,DAL,-0.010573399042877662,-0.24430939324166712,-0.7876368129954618,-0.07641708784898944,-0.20996353490599654
2011_03_WAS_DAL,WAS,-0.07641708784898944,-0.20996353490599654,-0.08700840613421272,-0.010573399042877662,-0.24430939324166712
2011_04_ATL_SEA,ATL,0.4155142767644475,-0.08125699392368199,4.778349293129785,0.2705951769781116,0.0806684032566129
2011_04_ATL_SEA,SEA,0.2705951769781116,0.0806684032566129,10.360807381771707,0.4155142767644475,-0.08125699392368199
2011_04_BUF_CIN,BUF,-0.04699887873936098,-0.02259152339247521,1.3942791657014326,-0.1663266066531341,0.12233117676881979
2011_04_BUF_CIN,CIN,-0.1663266066531341,0.12233117676881979,-5.496473474936052,-0.04699887873936098,-0.02259152339247521
2011_04_CAR_CHI,CAR,0.15017765947895237,0.25948689645156264,3.7300210860040455,-0.35688338011170273,0.3511836210093303
2011_04_CAR_CHI,CHI,-0.35688338011170273,0.3511836210093303,-6.309704920824836,0.15017765947895237,0.25948689645156264
2011_04_DEN_GB,DEN,-0.04246215723650964,-0.012097903308373958,10.412781871855259,0.48741681083772037,-0.17469378252280876
2011_04_DEN_GB,GB,0.48741681083772037,-0.17469378252280876,16.71587651645815,-0.04246215723650964,-0.012097903308373958
2011_04_DET_DAL,DAL,-0.1453664442316757,-0.19165168615312425,5.995767790338268,-0.011316391665335658,-0.15471807192079723
2011_04_DET_DAL,DET,-0.011316391665335658,-0.15471807192079723,-7.77289018034935,-0.1453664442316757,-0.19165168615312425
2011_04_IND_TB,IND,0.1508729133556715,-0.15072739364889762,-15.502448479334513,0.16024309573458265,0.06950809742984883
2011_04_IND_TB,TB,0.16024309573458265,0.06950809742984883,-0.06364019293534129,0.1508729133556715,-0.15072739364889762
2011_04_MIA_SD,LAC,0.4432757613659314,-0.2359005429629738,7.475575308005015,-0.05978755854901959,0.043009287562612866
2011_04_MIA_SD,MIA,-0.05978755854901959,0.043009287562612866,7.93011799454689,0.4432757613659314,-0.2359005429629738
2011_04_MIN_KC,KC,0.27818336701509183,-0.2550972350710072,-0.3423071113126031,0.017814540583070068,0.10167831926179739
2011_04_MIN_KC,MIN,0.017814540583070068,0.10167831926179739,1.7646389206250508,0.27818336701509183,-0.2550972350710072
2011_04_NE_OAK,LV,0.12011674450400646,0.11899057977250777,8.061571056778366,0.3461333226698883,0.2577460518979933
2011_04_NE_OAK,NE,0.3461333226698883,0.2577460518979933,-1.5468846758206685,0.12011674450400646,0.11899057977250777
2011_04_NO_JAX,JAX,-0.25019099885697094,-0.05812514410354197,-20.826623127574013,0.039719308985594066,0.2502558193537557
2011_04_NO_JAX,NO,0.039719308985594066,0.2502558193537557,6.818295067006892,-0.25019099885697094,-0.05812514410354197
2011_04_NYG_ARI,ARI,-0.020790145427947708,0.07012059633565029,-3.059463103612264,0.2172537912306527,-0.1744025171349716
2011_04_NYG_ARI,NYG,0.2172537912306527,-0.1744025171349716,6.169739216566086,-0.020790145427947708,0.07012059633565029
2011_04_NYJ_BAL,BAL,-0.32891088926821654,-0.2735553325783724,-26.163113405627588,-0.9623686351808955,-0.5133962457046091
2011_04_NYJ_BAL,NYJ,-0.9623686351808955,-0.5133962457046091,-26.775817836032193,-0.32891088926821654,-0.2735553325783724
2011_04_PIT_HOU,HOU,0.21206115067737594,0.031478783429038766,0.2400727499099005,-0.03147226997255168,0.11716813462990384
2011_04_PIT_HOU,PIT,-0.03147226997255168,0.11716813462990384,-5.698085447837567,0.21206115067737594,0.031478783429038766
2011_04_SF_PHI,PHI,0.23199469068791073,-0.6155737381509075,4.714189238018459,0.15962861222976993,0.2927490455943674
2011_04_SF_PHI,SF,0.15962861222976993,0.2927490455943674,3.0959497536382368,0.23199469068791073,-0.6155737381509075
2011_04_TEN_CLE,CLE,-0.17148887344908775,-0.29745271817266355,1.9075134295528218,0.42252092792750134,-0.09575741484046116
2011_04_TEN_CLE,TEN,0.42252092792750134,-0.09575741484046116,-9.668691385359992,-0.17148887344908775,-0.29745271817266355
2011_04_WAS_STL,LA,-0.32342114826496493,-0.28395874214604394,-15.093939075636309,-0.26613407835832087,-0.01280447783269542
2011_04_WAS_STL,WAS,-0.26613407835832087,-0.01280447783269542,-12.01022347169263,-0.32342114826496493,-0.28395874214604394
2011_05_ARI_MIN,ARI,-0.39814506747649714,-0.27287307551159756,-15.886901753644148,0.004616680651458598,0.024843666070309054
2011_05_ARI_MIN,MIN,0.004616680651458598,0.024843666070309054,-20.51527500152588,-0.39814506747649714,-0.27287307551159756
2011_05_CHI_DET,CHI,0.14697569743360803,-0.30185024247233133,7.637619972229004,0.09037969050655976,0.327735149172425
2011_05_CHI_DET,DET,0.09037969050655976,0.327735149172425,7.240522251679347,0.14697569743360803,-0.30185024247233133
2011_05_CIN_JAX,CIN,0.06652986063705235,-0.3028466673356227,5.779247843857967,-0.23905646159264785,-0.31761677919954917
2011_05_CIN_JAX,JAX,-0.23905646159264785,-0.31761677919954917,-6.4244846148150305,0.06652986063705235,-0.3028466673356227
2011_05_GB_ATL,ATL,-0.16843762848608046,0.06613444430695381,-0.2993107803406254,0.3946028489299972,-0.37049461392816474
2011_05_GB_ATL,GB,0.3946028489299972,-0.37049461392816474,5.128441986284758,-0.16843762848608046,0.06613444430695381
2011_05_KC_IND,IND,0.42096845225140006,-0.1978975124418087,-4.763993510493526,0.4072807572716984,0.015855439453540992
2011_05_KC_IND,KC,0.4072807572716984,0.015855439453540992,8.08787571972814,0.42096845225140006,-0.1978975124418087
2011_05_NO_CAR,CAR,0.16934999053498628,0.3283305154578887,-5.118031271042362,0.44896680350811274,0.0021009696466880367
2011_05_NO_CAR,NO,0.44896680350811274,0.0021009696466880367,8.053394610231573,0.16934999053498628,0.3283305154578887
2011_05_NYJ_NE,NE,0.19222080247649614,-0.02189257864506185,9.969614818692207,0.10965528154607725,0.06607362585142255
2011_05_NYJ_NE,NYJ,0.10965528154607725,0.06607362585142255,3.8686325550079346,0.19222080247649614,-0.02189257864506185
2011_05_OAK_HOU,HOU,0.0758030308178274,-0.29951149672762345,-15.143480837345123,-0.11544224174053666,-0.19622104998212309
2011_05_OAK_HOU,LV,-0.11544224174053666,-0.19622104998212309,-11.806848091738564,0.0758030308178274,-0.29951149672762345
2011_05_PHI_BUF,BUF,0.18496673002212854,-0.03768479976059626,10.514509512318504,-0.045593438756208436,0.16894894771200294
2011_05_PHI_BUF,PHI,-0.045593438756208436,0.16894894771200294,4.956740689905066,0.18496673002212854,-0.03768479976059626
2011_05_SD_DEN,DEN,-0.4344777826167855,0.3764598046317253,-11.474399133162065,-0.00477802129319127,0.06748638875992558
2011_05_SD_DEN,LAC,-0.00477802129319127,0.06748638875992558,3.9758304400103435,-0.4344777826167855,0.3764598046317253
2011_05_SEA_NYG,NYG,-0.17094259419541138,-0.19923694961289098,1.0799664717454176,0.059394547823887936,-0.1738377572731294
2011_05_SEA_NYG,SEA,0.059394547823887936,-0.1738377572731294,-0.6799666619882351,-0.17094259419541138,-0.19923694961289098
2011_05_TB_SF,SF,0.7119989927361732,0.09435559543940579,12.83880699248541,-0.4125938679074685,-0.05221613266242101
2011_05_TB_SF,TB,-0.4125938679074685,-0.05221613266242101,-9.668886320931572,0.7119989927361732,0.09435559543940579
2011_05_TEN_PIT,PIT,0.4652711923571504,0.19646921431994996,8.29900358404432,0.015208373349434706,-0.2169489486679797
2011_05_TEN_PIT,TEN,0.015208373349434706,-0.2169489486679797,-2.313823680928413,0.4652711923571504,0.19646921431994996
2011_06_BUF_NYG,BUF,0.06793551471330123,0.26417879643606695,6.4959965903183505,0.5241124197789487,-0.04464147467009059
2011_06_BUF_NYG,NYG,0.5241124197789487,-0.04464147467009059,6.477752327919006,0.06793551471330123,0.26417879643606695
2011_06_CAR_ATL,ATL,0.5289253252584017,0.07756650739910957,4.022109082766941,0.14310074849593704,0.02957747405162081
2011_06_CAR_ATL,CAR,0.14310074849593704,0.02957747405162081,-0.30681752797329065,0.5289253252584017,0.07756650739910957
2011_06_CLE_OAK,CLE,0.051259922674400105,-0.37288391652691644,-11.781873350793665,0.18889203946564032,-0.12073151734269534
2011_06_CLE_OAK,LV,0.18889203946564032,-0.12073151734269534,-3.4087264289458594,0.051259922674400105,-0.37288391652691644
2011_06_DAL_NE,DAL,0.1625918593429842,-0.3688368244589031,-0.6854789286124997,0.008582704480821131,0.011116667265573947
2011_06_DAL_NE,NE,0.008582704480821131,0.011116667265573947,1.4662630674315662,0.1625918593429842,-0.3688368244589031
2011_06_HOU_BAL,BAL,0.18952739036873434,0.01707822297065977,3.456610305742784,-0.014324289188318124,-0.17943319589054832
2011_06_HOU_BAL,HOU,-0.014324289188318124,-0.17943319589054832,-9.6338927343085,0.18952739036873434,0.01707822297065977
2011_06_IND_CIN,CIN,0.3499230998887529,-0.18392318138906974,10.88577201589942,-0.22888005970985484,0.08931361871972596
2011_06_IND_CIN,IND,-0.22888005970985484,0.08931361871972596,1.5440648969481974,0.3499230998887529,-0.18392318138906974
2011_06_JAX_PIT,JAX,-0.19561655168225195,-0.04261928326992218,-14.778674960136414,0.11606960951548163,0.08453758096826884
2011_06_JAX_PIT,PIT,0.11606960951548163,0.08453758096826884,0.5876565757005111,-0.19561655168225195,-0.04261928326992218
2011_06_MIA_NYJ,MIA,-0.5333060965105658,-0.00898027494782582,-4.041123390197754,0.06310339008705583,-0.09688697391635893
2011_06_MIA_NYJ,NYJ,0.06310339008705583,-0.09688697391635893,-4.025118112564087,-0.5333060965105658,-0.00898027494782582
2011_06_MIN_CHI,CHI,0.22596959212413456,-0.031203375856826168,8.762683791498985,-0.14701847518314304,-0.07964868595809094
2011_06_MIN_CHI,MIN,-0.14701847518314304,-0.07964868595809094,6.080826407387143,0.22596959212413456,-0.031203375856826168
2011_06_NO_TB,NO,0.11237768841889823,-0.3173003780607627,3.017491234673394,0.1446545600201123,-0.04918684072934253
2011_06_NO_TB,TB,0.1446545600201123,-0.04918684072934253,-8.801583982095487,0.11237768841889823,-0.3173003780607627
2011_06_PHI_WAS,PHI,0.21900743368807066,-0.05546120729559334,-3.281844314187765,-0.0921143974907301,-0.2902349883224815
2011_06_PHI_WAS,WAS,-0.0921143974907301,-0.2902349883224815,-11.800108930549106,0.21900743368807066,-0.05546120729559334
2011_06_SF_DET,DET,-0.19838264682984472,-0.18808356459211448,-6.03951271623373,-0.5199846996406333,0.21701006506469353
2011_06_SF_DET,SF,-0.5199846996406333,0.21701006506469353,-10.890748398378491,-0.19838264682984472,-0.18808356459211448
2011_06_STL_GB,GB,0.47047637406231635,-0.2399172795145811,0.8416027858339507,-0.22689422049581198,0.05672169767573297
2011_06_STL_GB,LA,-0.22689422049581198,0.05672169767573297,-0.616926285955641,0.47047637406231635,-0.2399172795145811
2011_07_ATL_DET,ATL,0.06682086010391414,-0.16812011860008672,-9.192887204033989,-0.21157981765559414,-0.17130155670678332
2011_07_ATL_DET,DET,-0.21157981765559414,-0.17130155670678332,-16.523788683116436,0.06682086010391414,-0.16812011860008672
2011_07_BAL_JAX,BAL,-0.22328227770134695,-0.663082385629726,-7.440002654728136,-0.4279799340172646,-0.15429401498554984
2011_07_BAL_JAX,JAX,-0.4279799340172646,-0.15429401498554984,-15.168325752019882,-0.22328227770134695,-0.663082385629726
2011_07_CHI_TB,CHI,-0.05107331810595228,0.06774023337254245,-8.102750685065985,-0.2098632759825289,-0.27342693977213156
2011_07_CHI_TB,TB,-0.2098632759825289,-0.27342693977213156,-8.127209429557507,-0.05107331810595228,0.06774023337254245
2011_07_DEN_MIA,DEN,0.055254676445625574,-0.2298726022262117,-6.434919988667524,-0.2056689451529947,-0.24606265595174126
2011_07_DEN_MIA,MIA,-0.2056689451529947,-0.24606265595174126,0.9488198793295658,0.055254676445625574,-0.2298726022262117
2011_07_GB_MIN,GB,0.5041643244075475,-0.11373230794803628,19.395319449490515,-0.014851859749105528,0.16214807856678298
2011_07_GB_MIN,MIN,-0.014851859749105528,0.16214807856678298,-15.680788457393646,0.5041643244075475,-0.11373230794803628
2011_07_HOU_TEN,HOU,0.965817878648712,0.010404716721835563,24.048695916479286,-0.4045339997957594,-0.2398938458800937
2011_07_HOU_TEN,TEN,-0.4045339997957594,-0.2398938458800937,-14.048002035387102,0.965817878648712,0.010404716721835563
2011_07_IND_NO,IND,-0.5208065285360834,-0.34574601116897113,-3.8748066127300262,0.5726077537187134,0.34628532179876376
2011_07_IND_NO,NO,0.5726077537187134,0.34628532179876376,20.079047679901123,-0.5208065285360834,-0.34574601116897113
2011_07_KC_OAK,KC,0.01386471559817437,0.13498022769482831,-6.574062754710515,-0.6801411816656279,-0.18072463295315033
2011_07_KC_OAK,LV,-0.6801411816656279,-0.18072463295315033,-13.425176995141166,0.01386471559817437,0.13498022769482831
2011_07_PIT_ARI,ARI,0.12209028871889625,0.005517204848325087,-8.124747782042533,0.49874736978226203,-0.06305752825586312
2011_07_PIT_ARI,PIT,0.49874736978226203,-0.06305752825586312,8.312659671432094,0.12209028871889625,0.005517204848325087
2011_07_SD_NYJ,LAC,-0.13638705822214595,0.04759354663110571,-4.916259213801353,-0.005416525377392914,0.003167539547465629
2011_07_SD_NYJ,NYJ,-0.005416525377392914,0.003167539547465629,-1.1744844261556864,-0.13638705822214595,0.04759354663110571
2011_07_SEA_CLE,CLE,-0.07542655766076614,-0.17681912321534055,-6.3839415567261835,-0.5160913005862388,-0.027770370120803516
2011_07_SEA_CLE,SEA,-0.5160913005862388,-0.027770370120803516,-17.061950465043385,-0.07542655766076614,-0.17681912321534055
2011_07_STL_DAL,DAL,0.22303336091039971,0.23324234948257286,-2.1835523347059884,-0.3272799355925859,-0.21872499970153772
2011_07_STL_DAL,LA,-0.3272799355925859,-0.21872499970153772,-2.0208011973987925,0.22303336091039971,0.23324234948257286
2011_07_WAS_CAR,CAR,0.4714595273912922,0.024040048217630932,17.35239793425021,-0.05820504202124937,0.1979806086985098
2011_07_WAS_CAR,WAS,-0.05820504202124937,0.1979806086985098,-2.2273802094989352,0.4714595273912922,0.024040048217630932
2011_08_ARI_BAL,ARI,-0.12869045879040908,0.006516693492122958,-12.453254205839974,0.022130202600708148,0.13255378075060434
2011_08_ARI_BAL,BAL,0.022130202600708148,0.13255378075060434,2.0897689987631405,-0.12869045879040908,0.006516693492122958
2011_08_CIN_SEA,CIN,0.06929430555620192,-0.164299013722619,3.637019544839859,-0.11219782796520163,-0.5404700384426274
2011_08_CIN_SEA,SEA,-0.11219782796520163,-0.5404700384426274,-2.5775056170380632,0.06929430555620192,-0.164299013722619
2011_08_CLE_SF,CLE,-0.06422194719892987,-0.1816294917861294,3.631079854334102,0.22888256253206457,-0.051996067236860746
2011_08_CLE_SF,SF,0.22888256253206457,-0.051996067236860746,-0.5502851059039434,-0.06422194719892987,-0.1816294917861294
2011_08_DAL_PHI,DAL,-0.15780145259823922,0.014464731316547842,-10.967118336873895,0.44398450198313966,0.303382801541981
2011_08_DAL_PHI,PHI,0.44398450198313966,0.303382801541981,8.344727541719164,-0.15780145259823922,0.014464731316547842
2011_08_DET_DEN,DEN,-0.6757321404803909,0.09917531134500489,-11.287845709385016,0.3575299507363973,-0.006929056409582564
2011_08_DET_DEN,DET,0.3575299507363973,-0.006929056409582564,7.265432458370924,-0.6757321404803909,0.09917531134500489
2011_08_IND_TEN,IND,-0.1513237907157497,0.02865676645226565,-8.53852340761496,0.1528539423145301,-0.30494055743498216
2011_08_IND_TEN,TEN,0.1528539423145301,-0.30494055743498216,5.71426505392248,-0.1513237907157497,0.02865676645226565
2011_08_JAX_HOU,HOU,0.09111452991601254,-0.2967643006594384,-3.741700202226639,-0.37368503357528854,-0.10917324062598788
2011_08_JAX_HOU,JAX,-0.37368503357528854,-0.10917324062598788,-31.062345158669256,0.09111452991601254,-0.2967643006594384
2011_08_MIA_NYG,MIA,0.00958928229788164,0.14735116192605346,-2.2290357134558936,0.29850728049017117,-0.34419343904962507
2011_08_MIA_NYG,NYG,0.29850728049017117,-0.34419343904962507,7.689045104715559,0.00958928229788164,0.14735116192605346
2011_08_MIN_CAR,CAR,0.07048074547476485,0.054897180437110366,0.5025343384061541,0.13588379365939382,0.05580494294671582
2011_08_MIN_CAR,MIN,0.13588379365939382,0.05580494294671582,1.1848063380629927,0.07048074547476485,0.054897180437110366
2011_08_NE_PIT,NE,0.11093681030433329,-0.036598712605199736,7.896703822272165,0.21850777857805656,-0.14860144506515513
2011_08_NE_PIT,PIT,0.21850777857805656,-0.14860144506515513,6.150259017944336,0.11093681030433329,-0.036598712605199736
2011_08_NO_STL,LA,-0.10898170884168122,0.11411962257504153,-11.771522502641421,-0.08759491693112612,-0.1562921939521881
2011_08_NO_STL,NO,-0.08759491693112612,-0.1562921939521881,3.4134266728704628,-0.10898170884168122,0.11411962257504153
2011_08_SD_KC,KC,0.0955309027562804,-0.4115969970955839,2.890231211980184,0.051780401104077556,-0.3253288007550873
2011_08_SD_KC,LAC,0.051780401104077556,-0.3253288007550873,6.257229670882225,0.0955309027562804,-0.4115969970955839
2011_08_WAS_BUF,BUF,0.32641960266550096,-0.2808469548096064,10.617653528849283,-0.4349368276388318,-0.41804442066932096
2011_08_WAS_BUF,WAS,-0.4349368276388318,-0.41804442066932096,0.21594067414601645,0.32641960266550096,-0.2808469548096064
2011_09_ATL_IND,ATL,0.3552662139738474,0.014736949154342125,-0.7963263740142187,-0.3727443990517511,-0.2901975256224562
2011_09_ATL_IND,IND,-0.3727443990517511,-0.2901975256224562,-14.94025985399882,0.3552662139738474,0.014736949154342125
2011_09_BAL_PIT,BAL,0.40019265260925024,-0.31127434383192104,3.6229548246964165,0.24698031259578687,-0.08456506484531258
2011_09_BAL_PIT,PIT,0.24698031259578687,-0.08456506484531258,-6.666545851810558,0.40019265260925024,-0.31127434383192104
2011_09_CHI_PHI,CHI,0.2648896266891555,-0.09256529630360166,-0.8980450130278065,-0.07364325285470825,0.17732770992810593
2011_09_CHI_PHI,PHI,-0.07364325285470825,0.17732770992810593,-8.445493111739287,0.2648896266891555,-0.09256529630360166
2011_09_CIN_TEN,CIN,0.24736042292550503,-0.08611617466234406,-4.329360629382887,0.05597367301068627,-0.2996926165097171
2011_09_CIN_TEN,TEN,0.05597367301068627,-0.2996926165097171,-4.24946946341817,0.24736042292550503,-0.08611617466234406
2011_09_CLE_HOU,CLE,-0.11301475864777713,-0.4210961236417966,0.7664110172878612,-0.2335419298816576,0.4033114314870312
2011_09_CLE_HOU,HOU,-0.2335419298816576,0.4033114314870312,-0.6881996989250183,-0.11301475864777713,-0.4210961236417966
2011_09_DEN_OAK,DEN,0.11701882783653537,0.34093350975257536,-5.0807671177954905,0.26236212123975433,-0.25780368955188
2011_09_DEN_OAK,LV,0.26236212123975433,-0.25780368955188,0.05307631833212716,0.11701882783653537,0.34093350975257536
2011_09_GB_SD,GB,0.5396583825733154,-0.13464944857773126,23.26778184909087,0.041892643613089635,0.07413677445517598
2011_09_GB_SD,LAC,0.041892643613089635,0.07413677445517598,-1.1394894935868003,0.5396583825733154,-0.13464944857773126
2011_09_MIA_KC,KC,-0.13017495466030332,-0.2516462517400774,-7.463967265226902,0.6734804538886019,0.046142681568328826
2011_09_MIA_KC,MIA,0.6734804538886019,0.046142681568328826,17.903698527294658,-0.13017495466030332,-0.2516462517400774
2011_09_NYG_NE,NE,0.015719305167705564,-0.031009107728702173,-4.338054511011864,0.10658550887820742,-0.10939063206401274
2011_09_NYG_NE,NYG,0.10658550887820742,-0.10939063206401274,-2.4559611693406715,0.015719305167705564,-0.031009107728702173
2011_09_NYJ_BUF,BUF,-0.031737448628789286,-0.3125701695661587,-8.074945211410522,0.4337525596758896,-0.10361940538051487
2011_09_NYJ_BUF,NYJ,0.4337525596758896,-0.10361940538051487,6.858463798250471,-0.031737448628789286,-0.3125701695661587
2011_09_SEA_DAL,DAL,0.23897264421576545,-0.035211345723062684,0.432032827408083,-0.04104332795173187,0.04343538074560153
2011_09_SEA_DAL,SEA,-0.04104332795173187,0.04343538074560153,1.9606742475714003,0.23897264421576545,-0.035211345723062684
2011_09_SF_WAS,SF,0.04944959444504147,-0.15292813500753874,9.578371172149977,-0.2321049601469354,-0.15099635679059878
2011_09_SF_WAS,WAS,-0.2321049601469354,-0.15099635679059878,-3.082580119371414,0.04944959444504147,-0.15292813500753874
2011_09_STL_ARI,ARI,0.016084916722700526,-0.4005214911863172,-3.9859771728515625,-0.06691052125575127,-0.09145886049239058
2011_09_STL_ARI,LA,-0.06691052125575127,-0.09145886049239058,0.9996798303392198,0.016084916722700526,-0.4005214911863172
2011_09_TB_NO,NO,0.2716535213617853,0.0936175471358136,9.747920547212873,0.19683970351083918,-0.4767192504126016
2011_09_TB_NO,TB,0.19683970351083918,-0.4767192504126016,6.93021754960756,0.2716535213617853,0.0936175471358136
2011_10_ARI_PHI,ARI,0.0632575027852198,-0.13355365334195085,-5.988515722445952,-0.33193207034739625,0.1899409599161442
2011_10_ARI_PHI,PHI,-0.33193207034739625,0.1899409599161442,-14.246157579349749,0.0632575027852198,-0.13355365334195085
2011_10_BAL_SEA,BAL,0.06139659700656832,0.16082774543610867,-5.608748349378693,0.12737827960111098,-0.21011119636578338
2011_10_BAL_SEA,SEA,0.12737827960111098,-0.21011119636578338,8.867149742750021,0.06139659700656832,0.16082774543610867
2011_10_BUF_DAL,BUF,-0.45215209806748796,0.10287998764397344,3.248972232852663,0.7002428808449452,0.025295761583881454
2011_10_BUF_DAL,DAL,0.7002428808449452,0.025295761583881454,23.35480680832496,-0.45215209806748796,0.10287998764397344
2011_10_DEN_KC,DEN,0.3133753686634009,0.038256414208513584,-26.99546329677105,-0.22845760649281807,0.02976177361311524
2011_10_DEN_KC,KC,-0.22845760649281807,0.02976177361311524,-5.069030866478428,0.3133753686634009,0.038256414208513584
2011_10_DET_CHI,CHI,-0.09664824402934201,-0.38082082195069233,-10.98036214709282,-0.40473513804222644,-0.029733263017413646
2011_10_DET_CHI,DET,-0.40473513804222644,-0.029733263017413646,-4.805039055645466,-0.09664824402934201,-0.38082082195069233
2011_10_HOU_TB,HOU,0.940745741051316,0.0045207582161316635,11.764194766680399,-0.5205245003040022,-0.3048389575924375
2011_10_HOU_TB,TB,-0.5205245003040022,-0.3048389575924375,-20.12954731197918,0.940745741051316,0.0045207582161316635
2011_10_JAX_IND,IND,-0.40648816395087795,-0.31142087567555293,2.1168767378248017,-0.04582246622046985,-0.06285676399212596
2011_10_JAX_IND,JAX,-0.04582246622046985,-0.06285676399212596,-1.970323778334118,-0.40648816395087795,-0.31142087567555293
2011_10_MIN_GB,GB,0.5906585840461787,-0.04432091506390387,17.334911624590557,-0.25467178667895496,0.045290783615893726
2011_10_MIN_GB,MIN,-0.25467178667895496,0.045290783615893726,-14.463184638456864,0.5906585840461787,-0.04432091506390387
2011_10_NE_NYJ,NE,0.487868113844166,-0.362115427032612,6.3656523039466455,-0.32790821775098566,0.16356637281742656
2011_10_NE_NYJ,NYJ,-0.32790821775098566,0.16356637281742656,-4.000941271844663,0.487868113844166,-0.362115427032612
2011_10_NO_ATL,ATL,0.07686116701391411,-0.08731498822171782,-3.0996174812316895,0.24979968748952047,-0.45469526009333816
2011_10_NO_ATL,NO,0.24979968748952047,-0.45469526009333816,5.694992944251659,0.07686116701391411,-0.08731498822171782
2011_10_NYG_SF,NYG,0.2936095259810328,-0.17650774758334997,5.738466519575852,0.09600493492277075,-0.10100592652867947
2011_10_NYG_SF,SF,0.09600493492277075,-0.10100592652867947,2.022378146648407,0.2936095259810328,-0.17650774758334997
2011_10_OAK_SD,LAC,-0.07520561500660443,-0.019762955045734998,-7.516876641999591,0.48575484729901125,-0.020281090742920865
2011_10_OAK_SD,LV,0.48575484729901125,-0.020281090742920865,11.745126332555499,-0.07520561500660443,-0.019762955045734998
2011_10_PIT_CIN,CIN,-0.20895657643405385,0.019197319712615214,-5.7099137041303845,0.17161231278497815,-0.010402076148979918
2011_10_PIT_CIN,PIT,0.17161231278497815,-0.010402076148979918,11.103258846384106,-0.20895657643405385,0.019197319712615214
2011_10_STL_CLE,CLE,-0.028648954507376242,-0.08665475899648763,11.061852597273313,-0.23901654088783703,-0.01944082582873913
2011_10_STL_CLE,LA,-0.23901654088783703,-0.01944082582873913,-2.0228627920150757,-0.028648954507376242,-0.08665475899648763
2011_10_TEN_CAR,CAR,-0.28687062881697817,-0.1309204559864676,-7.3044807482988405,0.11945380449255541,0.0906589677998502
2011_10_TEN_CAR,TEN,0.11945380449255541,0.0906589677998502,-4.139632043930201,-0.28687062881697817,-0.1309204559864676
2011_10_WAS_MIA,MIA,0.036388351850015696,-0.14611062377507827,9.003256312732038,-0.17495019330729417,-0.2615639834030945
2011_10_WAS_MIA,WAS,-0.17495019330729417,-0.2615639834030945,6.846786290407181,0.036388351850015696,-0.14611062377507827
2011_11_ARI_SF,ARI,-0.41389948442035046,-0.23271910640178248,-20.04447741167886,0.17217258209283848,-0.12263460707482557
2011_11_ARI_SF,SF,0.17217258209283848,-0.12263460707482557,-8.628372926461068,-0.41389948442035046,-0.23271910640178248
2011_11_BUF_MIA,BUF,-0.25706054036499393,-0.3910146606649505,-11.98114961385727,0.3084244234851212,-0.18263700241582495
2011_11_BUF_MIA,MIA,0.3084244234851212,-0.18263700241582495,12.359053045511246,-0.25706054036499393,-0.3910146606649505
2011_11_CAR_DET,CAR,-0.09224850764410163,0.1492295282029469,-2.482423186302185,0.43890962976868086,0.06981762068113312
2011_11_CAR_DET,DET,0.43890962976868086,0.06981762068113312,12.717619703875648,-0.09224850764410163,0.1492295282029469
2011_11_CIN_BAL,BAL,0.19945945718919594,-0.13928702300360712,2.0316207850420915,0.03789404260779444,-0.01262660583489816
2011_11_CIN_BAL,CIN,0.03789404260779444,-0.01262660583489816,-7.3077768735263655,0.19945945718919594,-0.13928702300360712
2011_11_DAL_WAS,DAL,0.3414069145477155,-0.1370170395282532,3.8792230792947717,0.08410755437356066,-0.26628514049250795
2011_11_DAL_WAS,WAS,0.08410755437356066,-0.26628514049250795,6.695332338935451,0.3414069145477155,-0.1370170395282532
2011_11_JAX_CLE,CLE,-0.00924625944003999,0.09227117356519168,5.358722028524979,0.07470444776114403,-0.10391731926730634
2011_11_JAX_CLE,JAX,0.07470444776114403,-0.10391731926730634,-5.35923140804942,-0.00924625944003999,0.09227117356519168
2011_11_KC_NE,KC,-0.3037036610932763,-0.0984724761718618,2.5644690603823275,0.0728044670496687,0.16603226529824658
2011_11_KC_NE,NE,0.0728044670496687,0.16603226529824658,-9.475970841371096,-0.3037036610932763,-0.0984724761718618
2011_11_NYJ_DEN,DEN,-0.2346446820453781,-0.3256490575462626,-17.345899059658958,-0.13175450474749326,-0.19601701034740213
2011_11_NYJ_DEN,NYJ,-0.13175450474749326,-0.19601701034740213,-2.5937071595436487,-0.2346446820453781,-0.3256490575462626
2011_11_OAK_MIN,LV,0.16329793904025341,-0.16963751588918968,12.627481377643088,-0.08599288737297886,-0.29757562393052994
2011_11_OAK_MIN,MIN,-0.08599288737297886,-0.29757562393052994,-6.339707504957914,0.16329793904025341,-0.16963751588918968
2011_11_PHI_NYG,NYG,-0.1761510725678552,-0.4989077801971386,-7.842224410602024,0.12028440006483118,-0.04559462562319823
2011_11_PHI_NYG,PHI,0.12028440006483118,-0.04559462562319823,2.190690404838986,-0.1761510725678552,-0.4989077801971386
2011_11_SD_CHI,CHI,0.3271695433862445,-0.1302904627175719,4.261075612157583,0.45965988928550394,-0.6605116061012571
2011_11_SD_CHI,LAC,0.45965988928550394,-0.6605116061012571,7.686164879029797,0.3271695433862445,-0.1302904627175719
2011_11_SEA_STL,LA,-0.46024542761733755,-0.3838993253739318,-14.020707607269287,-0.1773588451202075,-0.08480059389502888
2011_11_SEA_STL,SEA,-0.1773588451202075,-0.08480059389502888,0.3118002414703369,-0.46024542761733755,-0.3838993253739318
2011_11_TB_GB,GB,0.3084053476121671,0.06680547420789178,7.969245665213641,0.1866250091173123,0.09138476850746788
2011_11_TB_GB,TB,0.1866250091173123,0.09138476850746788,11.86568567881713,0.3084053476121671,0.06680547420789178
2011_11_TEN_ATL,ATL,0.5005936679880415,-0.30312946871130453,5.907284934073687,0.08750728879675461,-0.49641167463806385
2011_11_TEN_ATL,TEN,0.08750728879675461,-0.49641167463806385,-14.03607115859077,0.5005936679880415,-0.30312946871130453
2011_12_ARI_STL,ARI,-0.4882270487025254,0.11266754345103566,-9.492481402728869,-0.3580962070022112,-0.13450725683519107
2011_12_ARI_STL,LA,-0.3580962070022112,-0.13450725683519107,-7.157170679420233,-0.4882270487025254,0.11266754345103566
2011_12_BUF_NYJ,BUF,0.25537493627433383,-0.2800833259502219,8.457467074577625,0.12458562184710407,0.1919995663708753
2011_12_BUF_NYJ,NYJ,0.12458562184710407,0.1919995663708753,-6.653819935662406,0.25537493627433383,-0.2800833259502219
2011_12_CAR_IND,CAR,-0.03410449266327022,0.3023089863272378,8.595611872496429,-0.045748222199931854,-0.06065249038856472
2011_12_CAR_IND,IND,-0.045748222199931854,-0.06065249038856472,-9.094758225338799,-0.03410449266327022,0.3023089863272378
2011_12_CHI_OAK,CHI,-0.20911117188583073,0.053260817524308786,-6.562776547489745,-0.09450250453125007,-0.15827009948811288
2011_12_CHI_OAK,LV,-0.09450250453125007,-0.15827009948811288,-0.5688480428747229,-0.20911117188583073,0.053260817524308786
2011_12_CLE_CIN,CIN,0.1748410999476099,-0.19836395638096216,7.146263987787308,-0.013711605892519144,0.041640757992774106
2011_12_CLE_CIN,CLE,-0.013711605892519144,0.041640757992774106,-12.336713031810874,0.1748410999476099,-0.19836395638096216
2011_12_DEN_SD,DEN,0.08690323924602078,-0.06018873014885363,-1.3155559698740642,-0.083089504122115,-0.006647254266164094
2011_12_DEN_SD,LAC,-0.083089504122115,-0.006647254266164094,-4.881351508877494,0.08690323924602078,-0.06018873014885363
2011_12_GB_DET,DET,-0.16170015538941276,0.16634887399979764,-1.3900421063105266,0.38069942895865255,-0.1750860178097152
2011_12_GB_DET,GB,0.38069942895865255,-0.1750860178097152,2.0545136747938213,-0.16170015538941276,0.16634887399979764
2011_12_HOU_JAX,HOU,-0.286196843674474,-0.4093609555081154,1.8643529878722296,-0.2794469011490427,-0.1113779581765729
2011_12_HOU_JAX,JAX,-0.2794469011490427,-0.1113779581765729,-14.252372272312641,-0.286196843674474,-0.4093609555081154
2011_12_MIA_DAL,DAL,-0.010894063034322351,-0.07688716588944028,8.53499864990061,0.22567430146272355,-0.3750159130177053
2011_12_MIA_DAL,MIA,0.22567430146272355,-0.3750159130177053,4.015254974365234,-0.010894063034322351,-0.07688716588944028
2011_12_MIN_ATL,ATL,0.2589448893797495,-0.058137340294197204,14.21670379007564,0.07095505662255164,-0.5111410164152569
2011_12_MIN_ATL,MIN,0.07095505662255164,-0.5111410164152569,5.472823679447174,0.2589448893797495,-0.058137340294197204
2011_12_NE_PHI,NE,0.7737835521167765,-0.10485692496021169,6.315968755413504,0.1605517969658593,-0.1423705805791542
2011_12_NE_PHI,PHI,0.1605517969658593,-0.1423705805791542,-4.4158366198341055,0.7737835521167765,-0.10485692496021169
2011_12_NYG_NO,NO,0.4978608481358692,0.2889170097990026,2.263959222718289,0.305309325372201,-0.35336989564000926
2011_12_NYG_NO,NYG,0.305309325372201,-0.35336989564000926,6.558938225110372,0.4978608481358692,0.2889170097990026
2011_12_PIT_KC,KC,-0.18645040710538527,-0.30863905332755004,1.1038886649268014,0.05484527451489923,-0.37698259909666376
2011_12_PIT_KC,PIT,0.05484527451489923,-0.37698259909666376,11.42231322103931,-0.18645040710538527,-0.30863905332755004
2011_12_SF_BAL,BAL,0.506989849120669,-0.2750317506762272,4.634031329465949,-0.19200562564412088,-0.17790676363493102
2011_12_SF_BAL,SF,-0.19200562564412088,-0.17790676363493102,-1.9763105859359105,0.506989849120669,-0.2750317506762272
2011_12_TB_TEN,TB,-0.3112757770717595,-0.27223606428985175,-6.353334151208401,-0.42272186256134264,-0.055483743554924365
2011_12_TB_TEN,TEN,-0.42272186256134264,-0.055483743554924365,-4.272220064611996,-0.3112757770717595,-0.27223606428985175
2011_12_WAS_SEA,SEA,-0.17886258765693594,-0.04960349106501478,-16.43491417169571,0.2268861702039811,0.004923287774798036
2011_12_WAS_SEA,WAS,0.2268861702039811,0.004923287774798036,18.12624339671696,-0.17886258765693594,-0.04960349106501478
2011_13_ATL_HOU,ATL,-0.08498392342820396,-0.22393684613052756,-7.759517803788185,0.10262078173335962,-0.041569658768518515
2011_13_ATL_HOU,HOU,0.10262078173335962,-0.041569658768518515,-15.097463011741638,-0.08498392342820396,-0.22393684613052756
2011_13_BAL_CLE,BAL,-0.007133459841319425,0.19798387763764297,-9.960623927738355,-0.2385399534778198,-0.11865528016018548
2011_13_BAL_CLE,CLE,-0.2385399534778198,-0.11865528016018548,-12.156259185738033,-0.007133459841319425,0.19798387763764297
2011_13_CAR_TB,CAR,0.6443327461720451,0.18195040811325372,3.254912929101424,0.11620745639341201,-0.4176630424362809
2011_13_CAR_TB,TB,0.11620745639341201,-0.4176630424362809,3.8669279561592984,0.6443327461720451,0.18195040811325372
2011_13_CIN_PIT,CIN,-0.25585686495980703,0.09053277553969317,-14.85522598028183,0.3293879271964557,0.04007221529665854
2011_13_CIN_PIT,PIT,0.3293879271964557,0.04007221529665854,-0.32296582408573316,-0.25585686495980703,0.09053277553969317
2011_13_DAL_ARI,ARI,0.15564561762300277,-0.03964409012468937,2.752236485481262,0.05119524257008936,-0.050479364432976584
2011_13_DAL_ARI,DAL,0.05119524257008936,-0.050479364432976584,7.33753668098915,0.15564561762300277,-0.03964409012468937
2011_13_DEN_MIN,DEN,0.2906917567736228,-0.2250948946034404,10.24513304233551,-0.04666960227188609,-0.1328866042313166
2011_13_DEN_MIN,MIN,-0.04666960227188609,-0.1328866042313166,0.37491898173871246,0.2906917567736228,-0.2250948946034404
2011_13_DET_NO,DET,0.022072586556757236,-0.4190839072516947,3.5988405644893646,0.4004000285753228,-0.1343909427523613
2011_13_DET_NO,NO,0.4004000285753228,-0.1343909427523613,10.262401554829035,0.022072586556757236,-0.4190839072516947
2011_13_GB_NYG,GB,0.46335353715304484,-0.3104185810492102,3.250831299357944,0.15130006994408618,0.1278900536529995
2011_13_GB_NYG,NYG,0.15130006994408618,0.1278900536529995,0.4393795132637024,0.46335353715304484,-0.3104185810492102
2011_13_IND_NE,IND,0.5221640516961827,-0.1309446648435457,19.073317421449197,0.36818522538021453,0.05776795237730055
2011_13_IND_NE,NE,0.36818522538021453,0.05776795237730055,14.349973829169022,0.5221640516961827,-0.1309446648435457
2011_13_KC_CHI,CHI,-0.6890613822697985,-0.2113741530895071,-9.967600305875143,-0.01701651998069685,-0.23409204287697283
2011_13_KC_CHI,KC,-0.01701651998069685,-0.23409204287697283,-4.66666837533315,-0.6890613822697985,-0.2113741530895071
2011_13_NYJ_WAS,NYJ,0.07610309937069643,0.1546149844050108,-5.2602240815758705,-0.25087587483494783,-0.16406377334319783
2011_13_NYJ_WAS,WAS,-0.25087587483494783,-0.16406377334319783,-18.193521824750032,0.07610309937069643,0.1546149844050108
2011_13_OAK_MIA,LV,-0.04911892034331376,-0.20808290096465498,-8.009819504691333,0.15568769498423282,0.11920001016624156
2011_13_OAK_MIA,MIA,0.15568769498423282,0.11920001016624156,-6.632223844528198,-0.04911892034331376,-0.20808290096465498
2011_13_PHI_SEA,PHI,-0.4038049842193787,0.30721935478795787,-1.7008976689700424,0.48739619797873374,0.04777274161543963
2011_13_PHI_SEA,SEA,0.48739619797873374,0.04777274161543963,24.150205682963133,-0.4038049842193787,0.30721935478795787
2011_13_SD_JAX,JAX,-0.02439627236695165,-0.2052734072473998,-10.765079566926667,0.5848286192842479,0.27078610153757443
2011_13_SD_JAX,LAC,0.5848286192842479,0.27078610153757443,20.37495651415416,-0.02439627236695165,-0.2052734072473998
2011_13_STL_SF,LA,-0.2773397334240144,-0.5765230490006101,-5.2848861976103345,0.2563230773135778,-0.21931149480857248
2011_13_STL_SF,SF,0.2563230773135778,-0.21931149480857248,6.157639980316162,-0.2773397334240144,-0.5765230490006101
2011_13_TEN_BUF,BUF,-0.04444774276219857,0.1399095615328406,2.0752295520570545,-0.08260567719275028,0.27206962383652644
2011_13_TEN_BUF,TEN,-0.08260567719275028,0.27206962383652644,1.0949846506118774,-0.04444774276219857,0.1399095615328406
2011_14_ATL_CAR,ATL,0.34153587121986134,-0.11032541314139963,0.5217921577001873,-0.0888665998508048,0.07902943590559754
2011_14_ATL_CAR,CAR,-0.0888665998508048,0.07902943590559754,-11.25467816988627,0.34153587121986134,-0.11032541314139963
2011_14_BUF_SD,BUF,-0.3350359684107161,-0.021459270668856334,-16.17876798719973,0.21517740404921237,0.1286941693706467
2011_14_BUF_SD,LAC,0.21517740404921237,0.1286941693706467,14.762006606906652,-0.3350359684107161,-0.021459270668856334
2011_14_CHI_DEN,CHI,-0.33415051667179324,-0.1553402545525589,1.4520787879040367,0.000276963574541416,-0.36413009701068033
2011_14_CHI_DEN,DEN,0.000276963574541416,-0.36413009701068033,-3.158777638485557,-0.33415051667179324,-0.1553402545525589
2011_14_CLE_PIT,CLE,-0.11692784890866555,-0.21111749309020672,-2.055509388446808,0.12520145764172977,-0.07224691073924046
2011_14_CLE_PIT,PIT,0.12520145764172977,-0.07224691073924046,6.378331262132396,-0.11692784890866555,-0.21111749309020672
2011_14_HOU_CIN,CIN,-0.03612339119099772,-0.056669577897991985,1.2792653803314482,0.22201510553033066,-0.23966532233708465
2011_14_HOU_CIN,HOU,0.22201510553033066,-0.23966532233708465,2.254554416452135,-0.03612339119099772,-0.056669577897991985
2011_14_IND_BAL,BAL,0.27455319582802845,-0.14895600628388378,12.652188779846314,-0.1924948562342486,-0.19233235322099063
2011_14_IND_BAL,IND,-0.1924948562342486,-0.19233235322099063,-7.1959172402109415,0.27455319582802845,-0.14895600628388378
2011_14_KC_NYJ,KC,-0.24709389144034086,-0.26994013125797556,-14.303505513817072,0.3731893212000917,-0.08204449457860942
2011_14_KC_NYJ,NYJ,0.3731893212000917,-0.08204449457860942,-1.0649489504950387,-0.24709389144034086,-0.26994013125797556
2011_14_MIN_DET,DET,0.10299627723700427,-0.2460078171250643,3.2306253910064697,-0.2185877457928395,0.21230191451748118
2011_14_MIN_DET,MIN,-0.2185877457928395,0.21230191451748118,-8.93465517596765,0.10299627723700427,-0.2460078171250643
2011_14_NE_WAS,NE,0.42588888456556845,-0.06526067744319637,-1.0999977588653564,0.2991551521105574,-0.04471054934131514
2011_14_NE_WAS,WAS,0.2991551521105574,-0.04471054934131514,2.6436880230903625,0.42588888456556845,-0.06526067744319637
2011_14_NO_TEN,NO,0.2718717247998392,-0.09392801118259585,10.35929575879523,0.12555953198611047,-0.22341588943215487
2011_14_NO_TEN,TEN,0.12555953198611047,-0.22341588943215487,-9.929607063531876,0.2718717247998392,-0.09392801118259585
2011_14_NYG_DAL,DAL,0.42801008476532004,0.02104800325469114,9.204882486113187,0.4021357838579319,-0.07749151412567913
2011_14_NYG_DAL,NYG,0.4021357838579319,-0.07749151412567913,1.239367789692349,0.42801008476532004,0.02104800325469114
2011_14_OAK_GB,GB,-0.32592163469394003,0.12941468576527343,-23.213947361165825,-0.07679682458758415,0.07541577725593622
2011_14_OAK_GB,LV,-0.07679682458758415,0.07541577725593622,2.2880015549836337,-0.32592163469394003,0.12941468576527343
2011_14_PHI_MIA,MIA,-0.6022608308241976,-0.4330916594743798,0.2773533607351369,-0.10683524327061945,-0.2042375646880828
2011_14_PHI_MIA,PHI,-0.10683524327061945,-0.2042375646880828,-7.7153075734774275,-0.6022608308241976,-0.4330916594743798
2011_14_SF_ARI,ARI,-0.009440094688519215,-0.42073670716490597,4.104443356908601,-0.19557691754829623,-0.2222048220538546
2011_14_SF_ARI,SF,-0.19557691754829623,-0.2222048220538546,-12.303965115869367,-0.009440094688519215,-0.42073670716490597
2011_14_STL_SEA,LA,-0.0969718481264398,-0.037185149774692644,-15.276329751525607,0.19161162250884195,-0.10026886160806592
2011_14_STL_SEA,SEA,0.19161162250884195,-0.10026886160806592,1.0011411765042473,-0.0969718481264398,-0.037185149774692644
2011_14_TB_JAX,JAX,0.03220289446983008,-0.120787048005389,-3.752794319933111,-0.46055453306876076,-0.06704224351851736
2011_14_TB_JAX,TB,-0.46055453306876076,-0.06704224351851736,-13.282778282319345,0.03220289446983008,-0.120787048005389
2011_15_BAL_SD,BAL,0.01932095039312543,0.17848650015030915,4.882425240107945,1.0021064079657271,-0.06132893271955547
2011_15_BAL_SD,LAC,1.0021064079657271,-0.06132893271955547,16.45156375386498,0.01932095039312543,0.17848650015030915
2011_15_CAR_HOU,CAR,0.28195311193703676,0.14900172284931965,-3.734795625011126,-0.1822124012936667,-0.0658970768423751
2011_15_CAR_HOU,HOU,-0.1822124012936667,-0.0658970768423751,-6.385853787263234,0.28195311193703676,0.14900172284931965
2011_15_CIN_STL,CIN,0.06943802883873498,-0.09272549043582753,-9.935971177541292,-0.052124310537888206,-0.27559888793004456
2011_15_CIN_STL,LA,-0.052124310537888206,-0.27559888793004456,4.99023012816906,0.06943802883873498,-0.09272549043582753
2011_15_CLE_ARI,ARI,0.034591310990254295,-0.06786874916261612,-1.9346395264501157,0.031915857953158086,0.033562726175519995
2011_15_CLE_ARI,CLE,0.031915857953158086,0.033562726175519995,-7.174548026054136,0.034591310990254295,-0.06786874916261612
2011_15_DAL_TB,DAL,0.5238688484673436,-0.002215815353944587,15.349649985631308,-0.17484490915542203,-0.41368057334329933
2011_15_DAL_TB,TB,-0.17484490915542203,-0.41368057334329933,-2.160116257490935,0.5238688484673436,-0.002215815353944587
2011_15_DET_OAK,DET,0.212517616560217,-0.24223534054870374,-1.8016778370913338,0.10108716209869179,0.15153201225554994
2011_15_DET_OAK,LV,0.10108716209869179,0.15153201225554994,17.180334502144863,0.212517616560217,-0.24223534054870374
2011_15_GB_KC,GB,0.07107245462383469,-0.06993436208770921,-5.24474766218301,0.46449079729165704,-0.15451907288742303
2011_15_GB_KC,KC,0.46449079729165704,-0.15451907288742303,13.166115649284855,0.07107245462383469,-0.06993436208770921
2011_15_JAX_ATL,ATL,0.4847963583942525,-0.3191285898518639,12.315936665982008,-0.7113519890350289,0.00322840239904407
2011_15_JAX_ATL,JAX,-0.7113519890350289,0.00322840239904407,-6.583888828754425,0.4847963583942525,-0.3191285898518639
2011_15_MIA_BUF,BUF,-0.1755808299096673,0.14095650393719553,0.7490328334747477,-0.00912670254939229,-0.006676719248585799
2011_15_MIA_BUF,MIA,-0.00912670254939229,-0.006676719248585799,-0.7303613424301147,-0.1755808299096673,0.14095650393719553
2011_15_NE_DEN,DEN,0.07932653025454783,-0.019893462752967248,-9.292006492614746,0.52969394010156,0.05747050756267649
2011_15_NE_DEN,NE,0.52969394010156,0.05747050756267649,7.315845652060076,0.07932653025454783,-0.019893462752967248
2011_15_NO_MIN,MIN,-0.15226696840464016,-0.2374859572882997,-17.120373777804836,0.6879450134792549,-0.2687468416057527
2011_15_NO_MIN,NO,0.6879450134792549,-0.2687468416057527,12.730158174910196,-0.15226696840464016,-0.2374859572882997
2011_15_NYJ_PHI,NYJ,-0.4844453822065202,-0.23967385346231124,-4.072989472027483,0.40354919068461814,-0.018153186682697938
2011_15_NYJ_PHI,PHI,0.40354919068461814,-0.018153186682697938,19.16639357805252,-0.4844453822065202,-0.23967385346231124
2011_15_PIT_SF,PIT,-0.1671981534867949,-0.07046746745472773,-2.2230501540682535,0.10912675010694042,-0.2132548901502526
2011_15_PIT_SF,SF,0.10912675010694042,-0.2132548901502526,-5.380809259030126,-0.1671981534867949,-0.07046746745472773
2011_15_SEA_CHI,CHI,-0.7552679329636574,-0.23666660173438248,-13.657698294390803,0.18713320878714707,-0.39362264750182957
2011_15_SEA_CHI,SEA,0.18713320878714707,-0.39362264750182957,2.9082487187077923,-0.7552679329636574,-0.23666660173438248
2011_15_TEN_IND,IND,-0.3915292033342131,-0.004546692758143567,-5.133273846962872,-0.22765676254650202,-0.25835374217805157
2011_15_TEN_IND,TEN,-0.22765676254650202,-0.25835374217805157,-1.3993218008960997,-0.3915292033342131,-0.004546692758143567
2011_15_WAS_NYG,NYG,-0.29117769095189716,0.21772784124569675,-3.887404017150402,0.3381904954703452,0.008873451192169791
2011_15_WAS_NYG,WAS,0.3381904954703452,0.008873451192169791,14.505161220828692,-0.29117769095189716,0.21772784124569675
2011_16_ARI_CIN,ARI,-0.26597463925215453,-0.062353140316386196,-5.661075891450394,0.007369242475818494,-0.19115044889904018
2011_16_ARI_CIN,CIN,0.007369242475818494,-0.19115044889904018,4.978288761500655,-0.26597463925215453,-0.062353140316386196
2011_16_ATL_NO,ATL,-0.05731940436334688,-0.1298874431925539,4.446126109567182,0.3759592823415692,0.12687223843987222
2011_16_ATL_NO,NO,0.3759592823415692,0.12687223843987222,0.47083967610409383,-0.05731940436334688,-0.1298874431925539
2011_16_CHI_GB,CHI,0.30595870999668673,0.11553428441274645,7.596085752759661,0.6753954367972362,-0.13448877614813254
2011_16_CHI_GB,GB,0.6753954367972362,-0.13448877614813254,12.114297213225528,0.30595870999668673,0.11553428441274645
2011_16_CLE_BAL,BAL,0.13668693175739172,-0.04643854293019765,-13.549508651097616,-0.16078623721020846,-0.09756568310573736
2011_16_CLE_BAL,CLE,-0.16078623721020846,-0.09756568310573736,-5.546450705239267,0.13668693175739172,-0.04643854293019765
2011_16_DEN_BUF,BUF,0.002311803787164643,-0.004987999020018973,-8.91468381440198,-0.49439279520884155,0.02553842377833902
2011_16_DEN_BUF,DEN,-0.49439279520884155,0.02553842377833902,-7.6379330562693735,0.002311803787164643,-0.004987999020018973
2011_16_HOU_IND,HOU,-0.25579851466216463,-0.0123448771966849,11.365354806184769,0.10328842314502325,-0.3761906597574367
2011_16_HOU_IND,IND,0.10328842314502325,-0.3761906597574367,-0.886869877576828,-0.25579851466216463,-0.0123448771966849
2011_16_JAX_TEN,JAX,-0.11511546801579418,-0.03676788428479254,-11.421084474949609,-0.055869498135934115,-0.316965688939672
2011_16_JAX_TEN,TEN,-0.055869498135934115,-0.316965688939672,3.145320490002632,-0.11511546801579418,-0.03676788428479254
2011_16_MIA_NE,MIA,0.372578236758507,-0.20506855240299565,-2.5917934253811836,0.041900026213488886,0.12110303527313387
2011_16_MIA_NE,NE,0.041900026213488886,0.12110303527313387,-7.986261468866597,0.372578236758507,-0.20506855240299565
2011_16_MIN_WAS,MIN,0.5251464744134138,0.11480743167877423,6.231331162982517,-0.0633199101370593,0.12422868284678164
2011_16_MIN_WAS,WAS,-0.0633199101370593,0.12422868284678164,-0.2908136695623398,0.5251464744134138,0.11480743167877423
2011_16_NYG_NYJ,NYG,-0.08537333027266877,0.018845881272573025,-23.021596007876926,-0.15149214387653875,-0.21287343288144178
2011_16_NYG_NYJ,NYJ,-0.15149214387653875,-0.21287343288144178,-14.408055209276968,-0.08537333027266877,0.018845881272573025
2011_16_OAK_KC,KC,0.012765893951739495,-0.1363270438159141,-3.746992266840405,0.22335568510366086,-0.4120797268830281
2011_16_OAK_KC,LV,0.22335568510366086,-0.4120797268830281,1.8138872316250434,0.012765893951739495,-0.1363270438159141
2011_16_PHI_DAL,DAL,-0.14312860287342724,-0.29024243192734983,-1.728312373161316,0.16837153041580882,-0.0531844563457281
2011_16_PHI_DAL,PHI,0.16837153041580882,-0.0531844563457281,2.7388569609872224,-0.14312860287342724,-0.29024243192734983
2011_16_SD_DET,DET,0.6187375486722582,-0.04936820200047172,16.546770764721764,-0.1407476143933563,-0.17104300946640946
2011_16_SD_DET,LAC,-0.1407476143933563,-0.17104300946640946,-9.377059059323004,0.6187375486722582,-0.04936820200047172
2011_16_SF_SEA,SEA,-0.1231377125268669,0.05556699808060064,-2.8053690989812217,0.035715222754065634,0.11458809389462986
2011_16_SF_SEA,SF,0.035715222754065634,0.11458809389462986,-3.7678640622359056,-0.1231377125268669,0.05556699808060064
2011_16_STL_PIT,LA,-0.3870655562659522,0.06458155842027725,-23.127414286136627,0.20432044181453798,0.22428857503756364
2011_16_STL_PIT,PIT,0.20432044181453798,0.22428857503756364,6.983440030704845,-0.3870655562659522,0.06458155842027725
2011_16_TB_CAR,CAR,0.49939349866087535,0.44171520731419905,0.15693499761469223,-0.05491015039644496,-0.06738842653188233
2011_16_TB_CAR,TB,-0.05491015039644496,-0.06738842653188233,8.774102596860184,0.49939349866087535,0.44171520731419905
2011_17_BAL_CIN,BAL,0.2380027307122562,0.1993313627582128,17.705546005776053,-0.08526390054815873,0.06975754693266936
2011_17_BAL_CIN,CIN,-0.08526390054815873,0.06975754693266936,-11.392061696166085,0.2380027307122562,0.1993313627582128
2011_17_BUF_NE,BUF,-0.055975471303395224,0.25340049982696655,-0.0947233127511066,0.36130640796590885,0.19881433297217257
2011_17_BUF_NE,NE,0.36130640796590885,0.19881433297217257,0.42455966273943585,-0.055975471303395224,0.25340049982696655
2011_17_CAR_NO,CAR,-0.24298022021005536,0.43426332423696296,1.271084858023602,0.5484714737218772,0.3060544796044269
2011_17_CAR_NO,NO,0.5484714737218772,0.3060544796044269,16.681634438665288,-0.24298022021005536,0.43426332423696296
2011_17_CHI_MIN,CHI,-0.34018300514830213,-0.4376914824771864,-1.126811146736145,-0.3097315010346,-0.4046598023124599
2011_17_CHI_MIN,MIN,-0.3097315010346,-0.4046598023124599,-11.613213483776365,-0.34018300514830213,-0.4376914824771864
2011_17_DAL_NYG,DAL,-0.03693673371220431,-0.4171364188291288,8.483404726595491,0.5652234391002897,-0.34639852683292705
2011_17_DAL_NYG,NYG,0.5652234391002897,-0.34639852683292705,12.203934246843511,-0.03693673371220431,-0.4171364188291288
2011_17_DET_GB,DET,0.26942150102534046,0.04131002607391565,3.1137259329779674,0.39895833290687643,-0.09276095927237872
2011_17_DET_GB,GB,0.39895833290687643,-0.09276095927237872,7.915991646322337,0.26942150102534046,0.04131002607391565
2011_17_IND_JAX,IND,0.06433377229491856,-0.40578237368303927,4.471430107951164,-0.34744348342713355,0.02654080688337083
2011_17_IND_JAX,JAX,-0.34744348342713355,0.02654080688337083,-4.545218850436964,0.06433377229491856,-0.40578237368303927
2011_17_KC_DEN,DEN,-0.33660498950863255,-0.08854329512178083,-24.682049808048067,0.05224326877110196,-0.013819590190843004
2011_17_KC_DEN,KC,0.05224326877110196,-0.013819590190843004,-11.39209686682142,-0.33660498950863255,-0.08854329512178083
2011_17_NYJ_MIA,MIA,-0.041334525485538696,-0.19879028692610018,6.853194907307625,-0.08412300217780384,0.041920675153960474
2011_17_NYJ_MIA,NYJ,-0.08412300217780384,0.041920675153960474,3.5960433158007534,-0.041334525485538696,-0.19879028692610018
2011_17_PIT_CLE,CLE,-0.20801586326876986,-0.33836613229672924,-19.570001119222397,0.10367211297620385,-0.24944304309687332
2011_17_PIT_CLE,PIT,0.10367211297620385,-0.24944304309687332,-2.7950478345155716,-0.20801586326876986,-0.33836613229672924
2011_17_SD_OAK,LAC,0.9610933512435476,0.06607783501686786,15.220441497289217,0.3387824480440952,0.009105453408362033
2011_17_SD_OAK,LV,0.3387824480440952,0.009105453408362033,7.4189335107803345,0.9610933512435476,0.06607783501686786
2011_17_SEA_ARI,ARI,-0.22608232908361509,-0.04970334845400863,-4.637474454939365,-0.19927224577549857,0.14733967923904967
2011_17_SEA_ARI,SEA,-0.19927224577549857,0.14733967923904967,0.08300244808197021,-0.22608232908361509,-0.04970334845400863
2011_17_SF_STL,LA,-0.08043098695046555,-0.2338789683266077,-19.999914747827194,0.2866229529207251,-0.008959894972576876
2011_17_SF_STL,SF,0.2866229529207251,-0.008959894972576876,1.9215069470867034,-0.08043098695046555,-0.2338789683266077
2011_17_TB_ATL,ATL,0.042055011252939166,0.20885051344113031,-2.910789279710679,-0.15170926014223135,-0.5015700072378145
2011_17_TB_ATL,TB,-0.15170926014223135,-0.5015700072378145,3.2690436341041744,0.042055011252939166,0.20885051344113031
2011_17_TEN_HOU,HOU,0.06944123290830352,-0.05510004961935126,6.408086515242053,0.12469517331693335,-0.22745826924386034
2011_17_TEN_HOU,TEN,0.12469517331693335,-0.22745826924386034,-2.0336924280439104,0.06944123290830352,-0.05510004961935126
2011_17_WAS_PHI,PHI,0.15303106998580823,-0.04804450641968287,2.9749803054027066,-0.19455562625212539,0.02728889604511026
2011_17_WAS_PHI,WAS,-0.19455562625212539,0.02728889604511026,-10.71947228577402,0.15303106998580823,-0.04804450641968287
2012_01_ATL_KC,ATL,0.744138415325366,-0.26884405442698334,13.839654095711246,0.08348374111297122,0.12183967103332942
2012_01_ATL_KC,KC,0.08348374111297122,0.12183967103332942,0.1614589582790028,0.744138415325366,-0.26884405442698334
2012_01_BUF_NYJ,BUF,-0.0019983108733978234,0.21791680734518362,-1.2753868009895086,0.7058294162031368,-0.07502454791392665
2012_01_BUF_NYJ,NYJ,0.7058294162031368,-0.07502454791392665,12.714397678008446,-0.0019983108733978234,0.21791680734518362
2012_01_CAR_TB,CAR,0.07501527241440367,-0.6754592325282728,13.004578243602406,1.993910704258734e-06,-0.10724407766150156
2012_01_CAR_TB,TB,1.993910704258734e-06,-0.10724407766150156,0.13795755803585052,0.07501527241440367,-0.6754592325282728
2012_01_CIN_BAL,BAL,0.4494754446586315,0.17836666018480346,11.051956936717033,-0.3720081424180066,0.2116958198792918
2012_01_CIN_BAL,CIN,-0.3720081424180066,0.2116958198792918,-6.2844264346200065,0.4494754446586315,0.17836666018480346
2012_01_DAL_NYG,DAL,0.3851429634837834,-0.0026093679596669974,12.252869277164853,0.142129318911548,-0.19973354244690486
2012_01_DAL_NYG,NYG,0.142129318911548,-0.19973354244690486,3.532059956341982,0.3851429634837834,-0.0026093679596669974
2012_01_IND_CHI,CHI,0.2299715570019731,0.028108874460272458,1.660161784717015,-0.05705046983033179,-0.06655101239448413
2012_01_IND_CHI,IND,-0.05705046983033179,-0.06655101239448413,-8.0523857805464,0.2299715570019731,0.028108874460272458
2012_01_JAX_MIN,JAX,0.3163785619169376,-0.22992839917887747,-5.05536764095991,0.019706699812951853,0.03587328740104567
2012_01_JAX_MIN,MIN,0.019706699812951853,0.03587328740104567,7.642033696174622,0.3163785619169376,-0.22992839917887747
2012_01_MIA_HOU,HOU,0.4121970390158685,-0.1909989436329425,0.29568388577430477,-0.4752094502208563,-0.33942611310204357
2012_01_MIA_HOU,MIA,-0.4752094502208563,-0.33942611310204357,-12.771276053455141,0.4121970390158685,-0.1909989436329425
2012_01_NE_TEN,NE,0.3052693578573545,0.15682001552878044,13.068052837925572,0.01786883612159851,-0.6047719962894916
2012_01_NE_TEN,TEN,0.01786883612159851,-0.6047719962894916,2.2501896287119667,0.3052693578573545,0.15682001552878044
2012_01_PHI_CLE,CLE,-0.44708380241433715,-0.270961084666418,-27.050735184124537,-0.14486670123530532,-0.1827956280176295
2012_01_PHI_CLE,PHI,-0.14486670123530532,-0.1827956280176295,-5.39443450314658,-0.44708380241433715,-0.270961084666418
2012_01_PIT_DEN,DEN,0.5305108176855838,-0.136490484940315,12.784096254752232,0.0287655016059424,-0.1113139350200072
2012_01_PIT_DEN,PIT,0.0287655016059424,-0.1113139350200072,0.2260231265896245,0.5305108176855838,-0.136490484940315
2012_01_SD_OAK,LAC,0.2669175348331452,-0.3887210310854238,12.658546819831386,0.15096493397259786,-0.6172646926599554
2012_01_SD_OAK,LV,0.15096493397259786,-0.6172646926599554,4.841105834297512,0.2669175348331452,-0.3887210310854238
2012_01_SEA_ARI,ARI,0.01714279719520511,-0.4868936065039107,-4.877940979268816,-0.12328312192819438,-0.13632469386552976
2012_01_SEA_ARI,SEA,-0.12328312192819438,-0.13632469386552976,-3.342248061124016,0.01714279719520511,-0.4868936065039107
2012_01_SF_GB,GB,0.11652107822084484,-0.35421530249166405,6.331084526720501,0.30908089446733494,0.21993478741972888
2012_01_SF_GB,SF,0.30908089446733494,0.21993478741972888,12.274783505843235,0.11652107822084484,-0.35421530249166405
2012_01_STL_DET,DET,-0.15078045626882342,0.09202054220238803,2.2413747741820966,0.04641584092365803,-0.21663438886171207
2012_01_STL_DET,LA,0.04641584092365803,-0.21663438886171207,5.915636599063873,-0.15078045626882342,0.09202054220238803
2012_01_WAS_NO,NO,-0.03520818618188042,-0.03019105459315082,-11.761630432946342,0.7210690300068542,-0.10847276204700466
2012_01_WAS_NO,WAS,0.7210690300068542,-0.10847276204700466,9.808754577086521,-0.03520818618188042,-0.03019105459315082
2012_02_ARI_NE,ARI,-0.10683434449470802,-0.06962913635070436,-6.407005282548758,0.006830240308457312,-0.23396275387294108
2012_02_ARI_NE,NE,0.006830240308457312,-0.23396275387294108,0.9373514519797431,-0.10683434449470802,-0.06962913635070436
2012_02_BAL_PHI,BAL,-0.19179235863971814,-0.014112975337498244,-7.340697092669351,0.27396939412777643,-0.28437314087106547
2012_02_BAL_PHI,PHI,0.27396939412777643,-0.28437314087106547,17.496703018744785,-0.19179235863971814,-0.014112975337498244
2012_02_CHI_GB,CHI,-0.3713809135905878,-0.16712268194406416,-13.998911336616233,-0.08092838231891666,-0.1134013627322587
2012_02_CHI_GB,GB,-0.08092838231891666,-0.1134013627322587,4.35239328071475,-0.3713809135905878,-0.16712268194406416
2012_02_CLE_CIN,CIN,0.4859440338640934,-0.20179720239121543,15.02718569770936,0.266780522646177,0.09695740200550063
2012_02_CLE_CIN,CLE,0.266780522646177,0.09695740200550063,11.42223576704661,0.4859440338640934,-0.20179720239121543
2012_02_DAL_SEA,DAL,-0.04216198642914206,-0.10461276423496504,-2.300870269536972,0.33258542987108264,-0.015065288730861189
2012_02_DAL_SEA,SEA,0.33258542987108264,-0.015065288730861189,12.986169010400772,-0.04216198642914206,-0.10461276423496504
2012_02_DEN_ATL,ATL,0.259211490164155,-0.43443651113349124,4.876636777605329,-0.13693480744647482,-0.005688741528761706
2012_02_DEN_ATL,DEN,-0.13693480744647482,-0.005688741528761706,3.3804630911028064,0.259211490164155,-0.43443651113349124
2012_02_DET_SF,DET,0.2223595701977049,-0.17636045110367166,-6.283993273973465,0.2708929850764404,0.11232396821445867
2012_02_DET_SF,SF,0.2708929850764404,0.11232396821445867,-3.798988942177065,0.2223595701977049,-0.17636045110367166
2012_02_HOU_JAX,HOU,0.22300620897994725,0.1811452844338083,6.701179317065647,-0.4197661605014998,-0.42084808604808394
2012_02_HOU_JAX,JAX,-0.4197661605014998,-0.42084808604808394,-16.616108020146687,0.22300620897994725,0.1811452844338083
2012_02_KC_BUF,BUF,0.4876620487458157,0.06218130006031557,-8.952474594116211,-0.009643645977433425,-0.09002392771733204
2012_02_KC_BUF,KC,-0.009643645977433425,-0.09002392771733204,-1.0521214182783918,0.4876620487458157,0.06218130006031557
2012_02_MIN_IND,IND,0.2756008670298254,-0.39547848006341163,3.397080918838238,0.11536096987445242,-0.16345971600336875
2012_02_MIN_IND,MIN,0.11536096987445242,-0.16345971600336875,11.018595269748143,0.2756008670298254,-0.39547848006341163
2012_02_NO_CAR,CAR,0.5751440300531007,0.10709895675551563,13.318004890492087,0.052444085344897876,0.3111835659409945
2012_02_NO_CAR,NO,0.052444085344897876,0.3111835659409945,0.8957924995016544,0.5751440300531007,0.10709895675551563
2012_02_NYJ_PIT,NYJ,-0.02128842651009706,0.004755530299999836,-21.685519483354355,0.45665868612795246,-0.25356456836930596
2012_02_NYJ_PIT,PIT,0.45665868612795246,-0.25356456836930596,13.147815100608334,-0.02128842651009706,0.004755530299999836
2012_02_OAK_MIA,LV,0.09019857877632348,-0.48536780072026886,-7.373669495185216,0.18342097863823062,0.1922024876750983
2012_02_OAK_MIA,MIA,0.18342097863823062,0.1922024876750983,1.4477057703610123,0.09019857877632348,-0.48536780072026886
2012_02_TB_NYG,NYG,0.18139258038788397,0.012244472333118317,2.1330579823138667,0.18834206450333985,-0.1341290173612916
2012_02_TB_NYG,TB,0.18834206450333985,-0.1341290173612916,-2.793035869087492,0.18139258038788397,0.012244472333118317
2012_02_TEN_SD,LAC,0.4439383054595869,0.05546538509806851,13.132671685889363,-0.20916997919992933,-0.33533276080561336
2012_02_TEN_SD,TEN,-0.20916997919992933,-0.33533276080561336,-9.609140096039608,0.4439383054595869,0.05546538509806851
2012_02_WAS_STL,LA,0.109683899715775,-0.1462590533400028,9.448730519839696,0.06065699138926576,0.19757305044465914
2012_02_WAS_STL,WAS,0.06065699138926576,0.19757305044465914,6.076627969741821,0.109683899715775,-0.1462590533400028
2012_03_ATL_SD,ATL,0.3212725572013098,-0.009039242201717573,10.811418829820095,-0.3224286595119207,0.046400948594964575
2012_03_ATL_SD,LAC,-0.3224286595119207,0.046400948594964575,-9.629183301800175,0.3212725572013098,-0.009039242201717573
2012_03_BUF_CLE,BUF,0.20476946444438174,0.0011975685857968138,-4.181930252483913,-0.19907170641585253,-0.21998937333074325
2012_03_BUF_CLE,CLE,-0.19907170641585253,-0.21998937333074325,-2.8987834619921307,0.20476946444438174,0.0011975685857968138
2012_03_CIN_WAS,CIN,0.6316985804001474,-0.3541568698957025,11.621619441679545,0.03533138790556801,0.08792272120130153
2012_03_CIN_WAS,WAS,0.03533138790556801,0.08792272120130153,2.486209977756847,0.6316985804001474,-0.3541568698957025
2012_03_DET_TEN,DET,0.31749569209886436,-0.12230964256383656,15.079205869524568,0.4556225628889913,-0.6298225785948388
2012_03_DET_TEN,TEN,0.4556225628889913,-0.6298225785948388,3.7207976693198797,0.31749569209886436,-0.12230964256383656
2012_03_GB_SEA,GB,0.037901762941440285,0.04494634959555697,2.0622127934506067,0.09593717747442757,-0.0609374657589277
2012_03_GB_SEA,SEA,0.09593717747442757,-0.0609374657589277,-7.439260468596504,0.037901762941440285,0.04494634959555697
2012_03_HOU_DEN,DEN,0.10433189186169972,-0.28590835354961674,-10.452714737723856,0.6068554947205183,-0.14973371354197818
2012_03_HOU_DEN,HOU,0.6068554947205183,-0.14973371354197818,3.278649704796927,0.10433189186169972,-0.28590835354961674
2012_03_JAX_IND,IND,0.19178652458727952,-0.25324760827360937,-7.991972599517215,-0.03889818051645962,0.15115278799160767
2012_03_JAX_IND,JAX,-0.03889818051645962,0.15115278799160767,-17.08890377056031,0.19178652458727952,-0.25324760827360937
2012_03_KC_NO,KC,-0.11534069613645091,0.09317615255819021,-4.553002257679784,-0.07091854011367492,-0.14854259052339736
2012_03_KC_NO,NO,-0.07091854011367492,-0.14854259052339736,-5.705490501390563,-0.11534069613645091,0.09317615255819021
2012_03_NE_BAL,BAL,0.4485314974308688,-0.051780730393754006,13.135898113250732,0.4307102951236156,-0.10348566147590507
2012_03_NE_BAL,NE,0.4307102951236156,-0.10348566147590507,5.154813244575408,0.4485314974308688,-0.051780730393754006
2012_03_NYG_CAR,CAR,-0.104636846392308,0.011359532189089805,-4.268890528967886,0.30941377371145573,0.15040567638776497
2012_03_NYG_CAR,NYG,0.30941377371145573,0.15040567638776497,14.53908441795243,-0.104636846392308,0.011359532189089805
2012_03_NYJ_MIA,MIA,0.04086819142727306,-0.05498696170496817,-14.204092820485434,0.009400494648500662,-0.1033613690102918
2012_03_NYJ_MIA,NYJ,0.009400494648500662,-0.1033613690102918,-7.398944144899195,0.04086819142727306,-0.05498696170496817
2012_03_PHI_ARI,ARI,0.23221111226646124,-0.28682332165177976,3.362402133643627,-0.4186320458210634,-0.038187357225170776
2012_03_PHI_ARI,PHI,-0.4186320458210634,-0.038187357225170776,-8.576863641674453,0.23221111226646124,-0.28682332165177976
2012_03_PIT_OAK,LV,0.22761114149386297,-0.02516923241895741,7.320019339813905,0.4232884022480279,-0.23402426538523285
2012_03_PIT_OAK,PIT,0.4232884022480279,-0.23402426538523285,12.362653405770011,0.22761114149386297,-0.02516923241895741
2012_03_SF_MIN,MIN,0.4061210355734947,-0.26932196703107497,-8.311019795281547,0.003152884819430509,-0.33323363175804843
2012_03_SF_MIN,SF,0.003152884819430509,-0.33323363175804843,1.893424391746521,0.4061210355734947,-0.26932196703107497
2012_03_STL_CHI,CHI,-0.06306609548121757,-0.12566580730884375,-8.727888522609588,-0.46324339524239105,-0.04982740113434071
2012_03_STL_CHI,LA,-0.46324339524239105,-0.04982740113434071,-13.018659195479225,-0.06306609548121757,-0.12566580730884375
2012_03_TB_DAL,DAL,-0.1494586817183105,-0.43625727092581207,1.7972852446530994,-0.394089054657479,-0.0531809551981636
2012_03_TB_DAL,TB,-0.394089054657479,-0.0531809551981636,-21.509733685740716,-0.1494586817183105,-0.43625727092581207
2012_04_CAR_ATL,ATL,0.03613950446961184,0.18546118577651213,0.009212680160999298,0.34158488583687524,-0.03220590582913569
2012_04_CAR_ATL,CAR,0.34158488583687524,-0.03220590582913569,-5.490665674209595,0.03613950446961184,0.18546118577651213
2012_04_CHI_DAL,CHI,0.5456826077996689,-0.20071274990587454,15.348349573711554,-0.14928111614712306,-0.2449155201861036
2012_04_CHI_DAL,DAL,-0.14928111614712306,-0.2449155201861036,9.73443566606595,0.5456826077996689,-0.20071274990587454
2012_04_CIN_JAX,CIN,0.5099034560160142,-0.10059477928383596,6.107944826925954,-0.2086341756832552,0.013814344987622462
2012_04_CIN_JAX,JAX,-0.2086341756832552,0.013814344987622462,-0.38284825928070965,0.5099034560160142,-0.10059477928383596
2012_04_CLE_BAL,BAL,0.10441115050710248,-0.16653662263054464,3.548746944769569,-0.12716955269501942,-0.26011524433852173
2012_04_CLE_BAL,CLE,-0.12716955269501942,-0.26011524433852173,-9.273386865854263,0.10441115050710248,-0.16653662263054464
2012_04_MIA_ARI,ARI,-0.12349344093328048,-0.4462583052764249,-2.6578676576415696,0.06786634785669284,-0.23098950460352452
2012_04_MIA_ARI,MIA,0.06786634785669284,-0.23098950460352452,4.661395346246114,-0.12349344093328048,-0.4462583052764249
2012_04_MIN_DET,DET,0.1239688016104299,-0.5636586166767623,-3.9592503905296326,-0.10483008647488211,0.05662476287344126
2012_04_MIN_DET,MIN,-0.10483008647488211,0.05662476287344126,-7.09681545312588,0.1239688016104299,-0.5636586166767623
2012_04_NE_BUF,BUF,0.1483031047987011,-0.574052834904287,-1.9534275699884465,0.38808631861884035,0.2862675783056184
2012_04_NE_BUF,NE,0.38808631861884035,0.2862675783056184,-0.4552186363273197,0.1483031047987011,-0.574052834904287
2012_04_NO_GB,GB,0.4657622836517555,-0.17898390304286627,12.707073732120234,0.4184102785176198,-0.33417317347484643
2012_04_NO_GB,NO,0.4184102785176198,-0.33417317347484643,-0.3078035734317921,0.4657622836517555,-0.17898390304286627
2012_04_NYG_PHI,NYG,0.2174289704472077,-0.24289962230556594,1.2449565457134713,0.3133044383902825,-0.130870633910262
2012_04_NYG_PHI,PHI,0.3133044383902825,-0.130870633910262,7.0729394753774,0.2174289704472077,-0.24289962230556594
2012_04_OAK_DEN,DEN,0.4566716150132882,0.04101088640559647,10.893858396089994,-0.054847379025764524,-0.3549707225140403
2012_04_OAK_DEN,LV,-0.054847379025764524,-0.3549707225140403,-0.328167133471545,0.4566716150132882,0.04101088640559647
2012_04_SD_KC,KC,-0.19972546602039576,-0.4140695512442934,-3.6052715319853563,0.24331016146291312,-0.13736058726202638
2012_04_SD_KC,LAC,0.24331016146291312,-0.13736058726202638,15.922522933586784,-0.19972546602039576,-0.4140695512442934
2012_04_SEA_STL,LA,0.08469360780652213,-0.4123844227740936,-5.626254876454671,-0.3123334097181034,0.10387681104810641
2012_04_SEA_STL,SEA,-0.3123334097181034,0.10387681104810641,0.8869389295578003,0.08469360780652213,-0.4123844227740936
2012_04_SF_NYJ,NYJ,-0.8277208360490881,-0.24979816049145645,-19.655563831329346,-0.056209452652408336,0.352325659348381
2012_04_SF_NYJ,SF,-0.056209452652408336,0.352325659348381,-0.49610916863788257,-0.8277208360490881,-0.24979816049145645
2012_04_TEN_HOU,HOU,0.3233271137317482,-0.15352410714678544,2.8186898146356856,-0.6035740404763739,0.019232586125976274
2012_04_TEN_HOU,TEN,-0.6035740404763739,0.019232586125976274,-1.763908794293037,0.3233271137317482,-0.15352410714678544
2012_04_WAS_TB,TB,-0.045854455927187746,0.09001598153468769,-2.7444196817202444,0.3588637237640048,0.10830452897030793
2012_04_WAS_TB,WAS,0.3588637237640048,0.10830452897030793,7.617505683618433,-0.045854455927187746,0.09001598153468769
2012_05_ARI_STL,ARI,-0.23853233102325516,-0.14990998411990908,-8.230899155139923,-0.22956154615694835,-0.03557420309408809
2012_05_ARI_STL,LA,-0.22956154615694835,-0.03557420309408809,-19.90638793933959,-0.23853233102325516,-0.14990998411990908
2012_05_ATL_WAS,ATL,0.20920352220645347,-0.3152812952012755,4.36765757890848,-0.20083076485744675,-0.05605168325081598
2012_05_ATL_WAS,WAS,-0.20083076485744675,-0.05605168325081598,-1.3011344398061435,0.20920352220645347,-0.3152812952012755
2012_05_BAL_KC,BAL,-0.11592259203415967,0.005036824718597518,-10.260818677919882,0.09316246096129974,-0.3340889062581851
2012_05_BAL_KC,KC,0.09316246096129974,-0.3340889062581851,7.27391242980957,-0.11592259203415967,0.005036824718597518
2012_05_BUF_SF,BUF,-0.4384785228820484,-0.046365353932795936,1.325761813383836,0.5348291439623872,0.4589101217924871
2012_05_BUF_SF,SF,0.5348291439623872,0.4589101217924871,15.784685730934143,-0.4384785228820484,-0.046365353932795936
2012_05_CHI_JAX,CHI,0.33081736690748004,0.2858533671655272,-0.8450004916924697,-0.6063783246311809,-0.22501461697423733
2012_05_CHI_JAX,JAX,-0.6063783246311809,-0.22501461697423733,-10.229818884170417,0.33081736690748004,0.2858533671655272
2012_05_CLE_NYG,CLE,0.14742371165061144,0.027708106592166028,-2.3332448516573225,0.3064431657460822,0.24172460975751164
2012_05_CLE_NYG,NYG,0.3064431657460822,0.24172460975751164,4.82526775952932,0.14742371165061144,0.027708106592166028
2012_05_DEN_NE,DEN,0.26212368322740076,-0.42005092732142657,10.082713548432697,0.17035866399965016,0.10599240059615281
2012_05_DEN_NE,NE,0.17035866399965016,0.10599240059615281,8.636389624687933,0.26212368322740076,-0.42005092732142657
2012_05_GB_IND,GB,0.09642871028447374,0.03821619185404607,0.4931410474161948,0.1261895913296064,-0.05308503720204213
2012_05_GB_IND,IND,0.1261895913296064,-0.05308503720204213,-2.06895958293568,0.09642871028447374,0.03821619185404607
2012_05_HOU_NYJ,HOU,0.23302293188202766,-0.03526854922146813,-5.399162035721999,-0.27775683971314935,0.024219554161865508
2012_05_HOU_NYJ,NYJ,-0.27775683971314935,0.024219554161865508,-12.415316235274076,0.23302293188202766,-0.03526854922146813
2012_05_MIA_CIN,CIN,-0.21340017185731142,-0.11877580618420325,-4.4045968804248545,0.304288646443699,-0.40307449310057564
2012_05_MIA_CIN,MIA,0.304288646443699,-0.40307449310057564,7.631470680236816,-0.21340017185731142,-0.11877580618420325
2012_05_PHI_PIT,PHI,0.23373499530606676,-0.27666037240996955,10.064923216899237,0.10822774236282906,-0.11258606442690869
2012_05_PHI_PIT,PIT,0.10822774236282906,-0.11258606442690869,-4.456076267603281,0.23373499530606676,-0.27666037240996955
2012_05_SD_NO,LAC,0.11323033426235364,0.11158523907134724,1.0746149718761444,0.3317563574235294,-0.285746678855503
2012_05_SD_NO,NO,0.3317563574235294,-0.285746678855503,2.5533631443977356,0.11323033426235364,0.11158523907134724
2012_05_SEA_CAR,CAR,-0.27667341183383365,-0.49035309387060505,-18.987160818330175,-0.009990004182764049,-0.18843638694979195
2012_05_SEA_CAR,SEA,-0.009990004182764049,-0.18843638694979195,12.396770715713501,-0.27667341183383365,-0.49035309387060505
2012_05_TEN_MIN,MIN,0.19053906232251136,0.023533683259821764,6.087084327425275,-0.042070560195738065,-0.5424758446820573
2012_05_TEN_MIN,TEN,-0.042070560195738065,-0.5424758446820573,-6.906224290529887,0.19053906232251136,0.023533683259821764
2012_06_BUF_ARI,ARI,-0.315269666684196,-0.04397288857553913,-19.60873552731105,-0.17489512171045676,-0.023093354467721608
2012_06_BUF_ARI,BUF,-0.17489512171045676,-0.023093354467721608,-11.79736191406846,-0.315269666684196,-0.04397288857553913
2012_06_CIN_CLE,CIN,-0.17711864351356987,-0.09093738263044016,6.065174429254099,0.018431622211425913,-0.12274579825680121
2012_06_CIN_CLE,CLE,0.018431622211425913,-0.12274579825680121,-9.45350404443412,-0.17711864351356987,-0.09093738263044016
2012_06_DAL_BAL,BAL,0.4870200731966179,0.08931973015451734,3.3358890276688795,0.3665437132477921,0.11052090074542534
2012_06_DAL_BAL,DAL,0.3665437132477921,0.11052090074542534,6.846419473489125,0.4870200731966179,0.08931973015451734
2012_06_DEN_SD,DEN,0.3045455842075171,-0.21129707036280623,16.376398702462513,-0.39883459498551405,-0.16107423569649523
2012_06_DEN_SD,LAC,-0.39883459498551405,-0.16107423569649523,-1.7986961254259435,0.3045455842075171,-0.21129707036280623
2012_06_DET_PHI,DET,0.13130458564940695,0.01987358524148305,-9.571582277615866,0.19712286938739706,-0.7685082814410138
2012_06_DET_PHI,PHI,0.19712286938739706,-0.7685082814410138,5.512860902520114,0.13130458564940695,0.01987358524148305
2012_06_GB_HOU,GB,0.5760862254036785,-0.2635254756974367,7.7867347646403955,-0.017228549980572355,-0.11392379546405523
2012_06_GB_HOU,HOU,-0.017228549980572355,-0.11392379546405523,-8.51083444921594,0.5760862254036785,-0.2635254756974367
2012_06_IND_NYJ,IND,-0.05630661490371498,-0.2451897744103917,-9.020701189373815,0.32772225779190195,0.25745632094384
2012_06_IND_NYJ,NYJ,0.32772225779190195,0.25745632094384,0.9234386055093062,-0.05630661490371498,-0.2451897744103917
2012_06_KC_TB,KC,-0.4023588514883705,-0.25960594513814833,-7.131188637331912,0.3771166341743679,0.25394611138820083
2012_06_KC_TB,TB,0.3771166341743679,0.25394611138820083,-2.563464183073777,-0.4023588514883705,-0.25960594513814833
2012_06_MIN_WAS,MIN,0.08519080430473394,-0.12634621344325286,2.8258077800273895,0.28071689271586536,0.2012852127003358
2012_06_MIN_WAS,WAS,0.28071689271586536,0.2012852127003358,13.065928627144206,0.08519080430473394,-0.12634621344325286
2012_06_NE_SEA,NE,0.09696432082951661,-0.030891367157371362,1.8045788364750999,0.3411094134139335,-0.32381682740841905
2012_06_NE_SEA,SEA,0.3411094134139335,-0.32381682740841905,4.924776487880283,0.09696432082951661,-0.030891367157371362
2012_06_NYG_SF,NYG,0.10966529458077919,0.015823428149400586,0.1296924693243844,-0.33389672906353646,-0.05711598762315538
2012_06_NYG_SF,SF,-0.33389672906353646,-0.05711598762315538,-0.33369314026188207,0.10966529458077919,0.015823428149400586
2012_06_OAK_ATL,ATL,-0.10749807268728692,-0.5641477755448355,2.7529136554614917,-0.0410454720980914,-0.28941182009366784
2012_06_OAK_ATL,LV,-0.0410454720980914,-0.28941182009366784,4.736065864562988,-0.10749807268728692,-0.5641477755448355
2012_06_PIT_TEN,PIT,0.3549593214224439,-0.24094669546909808,-0.2808563220195281,0.0410075687997171,-0.03507613999081566
2012_06_PIT_TEN,TEN,0.0410075687997171,-0.03507613999081566,-0.7391576062549244,0.3549593214224439,-0.24094669546909808
2012_06_STL_MIA,LA,0.21391303136222217,0.14043181500164792,8.354911913997249,0.07180776242125,-0.22620342487661058
2012_06_STL_MIA,MIA,0.07180776242125,-0.22620342487661058,3.5348340355116745,0.21391303136222217,0.14043181500164792
2012_07_ARI_MIN,ARI,-0.29709126300241967,0.019266007765610185,-0.12941782673199972,-0.45757108016336745,-0.003795778907024888
2012_07_ARI_MIN,MIN,-0.45757108016336745,-0.003795778907024888,-20.40397897362709,-0.29709126300241967,0.019266007765610185
2012_07_BAL_HOU,BAL,-0.43978366435567906,0.18286975070562525,-16.59200358248892,0.23256512439118068,0.12172079440922691
2012_07_BAL_HOU,HOU,0.23256512439118068,0.12172079440922691,-2.5540384891870858,-0.43978366435567906,0.18286975070562525
2012_07_CLE_IND,CLE,0.2665844593937563,-0.376296989776165,0.13075241955315195,-0.03751718853800982,0.1089465609305383
2012_07_CLE_IND,IND,-0.03751718853800982,0.1089465609305383,-2.751482663483455,0.2665844593937563,-0.376296989776165
2012_07_DAL_CAR,CAR,0.001102276569803334,-0.11588538470708667,-0.8643393715222677,0.20824775699400638,-0.16418640804737644
2012_07_DAL_CAR,DAL,0.20824775699400638,-0.16418640804737644,6.391166413531584,0.001102276569803334,-0.11588538470708667
2012_07_DET_CHI,CHI,-0.0315363118354401,-0.1622594197256619,-8.251152653247118,-0.03369432060571853,-0.5408698254577757
2012_07_DET_CHI,DET,-0.03369432060571853,-0.5408698254577757,1.6234428662320841,-0.0315363118354401,-0.1622594197256619
2012_07_GB_STL,GB,0.5356322658006191,-0.2733751386287622,21.224955552154118,0.01334803925520966,0.12134965254650028
2012_07_GB_STL,LA,0.01334803925520966,0.12134965254650028,-0.1453146790013169,0.5356322658006191,-0.2733751386287622
2012_07_JAX_OAK,JAX,-0.3344705225411194,-0.23664921113474216,-11.669939663261175,0.015393620976849879,-0.19666744398394562
2012_07_JAX_OAK,LV,0.015393620976849879,-0.19666744398394562,-1.9411927461624146,-0.3344705225411194,-0.23664921113474216
2012_07_NO_TB,NO,0.6121145778924,-0.09862379356099364,14.271574701581683,0.44112243822325864,-0.11548653384417538
2012_07_NO_TB,TB,0.44112243822325864,-0.11548653384417538,1.9136322707664677,0.6121145778924,-0.09862379356099364
2012_07_NYJ_NE,NE,0.1569150864488316,-0.07586515147340833,3.4203827017691077,0.26267469511665054,-0.06463745336760908
2012_07_NYJ_NE,NYJ,0.26267469511665054,-0.06463745336760908,6.366864355599008,0.1569150864488316,-0.07586515147340833
2012_07_PIT_CIN,CIN,-0.39306927865393454,0.15556432749144733,-11.928297800046426,0.06474477195238351,0.21569342247073955
2012_07_PIT_CIN,PIT,0.06474477195238351,0.21569342247073955,9.150196768735585,-0.39306927865393454,0.15556432749144733
2012_07_SEA_SF,SEA,-0.21584340688084888,-0.019541156955903447,-16.39827347320059,0.0818637810612925,-0.008813429761702496
2012_07_SEA_SF,SF,0.0818637810612925,-0.008813429761702496,-3.4546423217524653,-0.21584340688084888,-0.019541156955903447
2012_07_TEN_BUF,BUF,0.15084060405126629,0.133205637259049,12.02321103640965,0.2585673360264155,0.4789267153738855
2012_07_TEN_BUF,TEN,0.2585673360264155,0.4789267153738855,2.3095599629662256,0.15084060405126629,0.133205637259049
2012_07_WAS_NYG,NYG,0.19069667687277558,0.09267269329318557,4.265315383672714,0.24420202945995811,-0.0884924251576647
2012_07_WAS_NYG,WAS,0.24420202945995811,-0.0884924251576647,15.140448676215279,0.19069667687277558,0.09267269329318557
2012_08_ATL_PHI,ATL,0.6016264558700496,-0.12656483907416902,7.5642538481745225,0.04017349923620453,-0.016449667268285628
2012_08_ATL_PHI,PHI,0.04017349923620453,-0.016449667268285628,-7.592208683490753,0.6016264558700496,-0.12656483907416902
2012_08_CAR_CHI,CAR,0.19432477039696996,-0.20853550333995372,-8.267682006484584,-0.2024936293120192,0.02251192823597571
2012_08_CAR_CHI,CHI,-0.2024936293120192,0.02251192823597571,2.3643857666424344,0.19432477039696996,-0.20853550333995372
2012_08_IND_TEN,IND,0.24688804544112664,0.16740224425936298,7.699437674723174,0.20917823521327503,-0.0894533297274999
2012_08_IND_TEN,TEN,0.20917823521327503,-0.0894533297274999,11.59675224074002,0.24688804544112664,0.16740224425936298
2012_08_JAX_GB,GB,0.022796330653728693,-0.2465138260603347,-2.7993834680981107,0.04401360984300352,-0.5327386795834173
2012_08_JAX_GB,JAX,0.04401360984300352,-0.5327386795834173,-8.972069062292576,0.022796330653728693,-0.2465138260603347
2012_08_MIA_NYJ,MIA,0.06990330644257184,-0.22812085502861693,2.400263884793157,-0.2438186678905984,0.12634839420497884
2012_08_MIA_NYJ,NYJ,-0.2438186678905984,0.12634839420497884,-11.501415956903386,0.06990330644257184,-0.22812085502861693
2012_08_NE_STL,LA,-0.22202953242828163,0.0553348471806939,9.632367184085231,0.623330332605356,0.2797906980122207
2012_08_NE_STL,NE,0.623330332605356,0.2797906980122207,-0.3629035855594434,-0.22202953242828163,0.0553348471806939
2012_08_NO_DEN,DEN,0.5722032347513254,-0.030922265601111575,11.376574635505676,-0.02022921060367177,-0.13370061919558793
2012_08_NO_DEN,NO,-0.02022921060367177,-0.13370061919558793,-11.668517405078525,0.5722032347513254,-0.030922265601111575
2012_08_NYG_DAL,DAL,-0.1286716071814452,-0.34672551134099194,-0.39206406132119603,-0.07723311112002808,-0.28192234075403855
2012_08_NYG_DAL,NYG,-0.07723311112002808,-0.28192234075403855,-10.170486569404602,-0.1286716071814452,-0.34672551134099194
2012_08_OAK_KC,KC,-0.1492904406100222,-0.5673284874937963,3.652859347708085,0.204455727888881,-0.15455968073872622
2012_08_OAK_KC,LV,0.204455727888881,-0.15455968073872622,-5.957603896105731,-0.1492904406100222,-0.5673284874937963
2012_08_SD_CLE,CLE,-0.14361541560889843,-0.12202858491500299,-23.481952592178626,-0.14719541499021904,-0.22688994045978794
2012_08_SD_CLE,LAC,-0.14719541499021904,-0.22688994045978794,-7.996203682639382,-0.14361541560889843,-0.12202858491500299
2012_08_SEA_DET,DET,0.34201201888895155,-0.051813647095696067,3.0049674973195915,0.2677544518494301,0.11415008829014066
2012_08_SEA_DET,SEA,0.2677544518494301,0.11415008829014066,7.829812850270953,0.34201201888895155,-0.051813647095696067
2012_08_SF_ARI,ARI,-0.12025326739652828,-0.6762535670422949,-5.31819319495788,0.5834118675795684,-0.1596233283363593
2012_08_SF_ARI,SF,0.5834118675795684,-0.1596233283363593,23.621763053693268,-0.12025326739652828,-0.6762535670422949
2012_08_TB_MIN,MIN,-0.1761128966348718,-0.3386837986795904,-8.191232733866748,0.35330637405046283,-0.025893989245799418
2012_08_TB_MIN,TB,0.35330637405046283,-0.025893989245799418,-11.632717731926176,-0.1761128966348718,-0.3386837986795904
2012_08_WAS_PIT,PIT,0.25421560575814994,0.11315274128663497,6.5319272604855625,0.07584115358062501,0.010493523490731604
2012_08_WAS_PIT,WAS,0.07584115358062501,0.010493523490731604,-12.724241742065974,0.25421560575814994,0.11315274128663497
2012_09_ARI_GB,ARI,-0.024313388109779527,-0.20851840636901164,-10.297623574733734,0.25153408965604,-0.07832370216642777
2012_09_ARI_GB,GB,0.25153408965604,-0.07832370216642777,-12.802666734004843,-0.024313388109779527,-0.20851840636901164
2012_09_BAL_CLE,BAL,0.1847776072568743,-0.036588731246216546,0.6387138118346533,-0.23242855083585834,-0.07563217238632336
2012_09_BAL_CLE,CLE,-0.23242855083585834,-0.07563217238632336,-4.082577096091376,0.1847776072568743,-0.036588731246216546
2012_09_BUF_HOU,BUF,-0.08135377373032694,-0.2157728404720099,2.0141916055428353,0.3800964840321321,-0.09795923882666102
2012_09_BUF_HOU,HOU,0.3800964840321321,-0.09795923882666102,6.6423946508654845,-0.08135377373032694,-0.2157728404720099
2012_09_CAR_WAS,CAR,0.30881144891689133,0.15605256988335617,-0.6891362045122229,0.04901849083837038,-0.11158721657759282
2012_09_CAR_WAS,WAS,0.04901849083837038,-0.11158721657759282,-5.412940031442886,0.30881144891689133,0.15605256988335617
2012_09_CHI_TEN,CHI,0.15163821849612508,-0.01665773307254045,11.774439823168974,-0.6647440208549324,-0.07725852617637857
2012_09_CHI_TEN,TEN,-0.6647440208549324,-0.07725852617637857,-6.241187623568943,0.15163821849612508,-0.01665773307254045
2012_09_DAL_ATL,ATL,0.33997442326480076,-0.12246582049390138,5.009974977549384,0.19746966468090646,-0.20759616070427
2012_09_DAL_ATL,DAL,0.19746966468090646,-0.20759616070427,3.9671685014452254,0.33997442326480076,-0.12246582049390138
2012_09_DEN_CIN,CIN,0.05355333899179255,0.01625044451540579,0.376355066532042,0.4341501074786474,-0.1568870062233138
2012_09_DEN_CIN,DEN,0.4341501074786474,-0.1568870062233138,14.00073208979198,0.05355333899179255,0.01625044451540579
2012_09_DET_JAX,DET,0.5486749463950129,0.16593360035981544,5.361644878531948,-0.020031251249488357,0.11179675289282673
2012_09_DET_JAX,JAX,-0.020031251249488357,0.11179675289282673,8.31486088664908,0.5486749463950129,0.16593360035981544
2012_09_KC_SD,KC,-0.06524452114502322,-0.1535149889465771,5.478635962520327,0.3917039903415287,-0.08168985550135123
2012_09_KC_SD,LAC,0.3917039903415287,-0.08168985550135123,30.866806287514535,-0.06524452114502322,-0.1535149889465771
2012_09_MIA_IND,IND,0.4396101615437967,-0.2938229507171155,4.6264297639330225,0.18376767243832334,0.12475266773253679
2012_09_MIA_IND,MIA,0.18376767243832334,0.12475266773253679,-6.182502523848885,0.4396101615437967,-0.2938229507171155
2012_09_MIN_SEA,MIN,-0.2524137204214202,0.525268863801929,-13.935112275860526,0.43999212734916276,0.10776006538622691
2012_09_MIN_SEA,SEA,0.43999212734916276,0.10776006538622691,7.425243904193242,-0.2524137204214202,0.525268863801929
2012_09_PHI_NO,NO,0.3223042806939297,0.10679113950997514,11.253731118308174,-0.20489262277661874,0.1676096565858461
2012_09_PHI_NO,PHI,-0.20489262277661874,0.1676096565858461,-2.8284660687572076,0.3223042806939297,0.10679113950997514
2012_09_PIT_NYG,NYG,-0.032231799180809886,-0.11128895825558258,-15.973673512538275,-0.2535422093459472,0.1703282789721925
2012_09_PIT_NYG,PIT,-0.2535422093459472,0.1703282789721925,6.97927094739059,-0.032231799180809886,-0.11128895825558258
2012_09_TB_OAK,LV,0.029793505546237654,-0.20249322470287248,2.423276439789803,0.410875408159992,0.39775680482659176
2012_09_TB_OAK,TB,0.410875408159992,0.39775680482659176,2.6356113950411477,0.029793505546237654,-0.20249322470287248
2012_10_ATL_NO,ATL,0.3658330300551249,-0.3995304410246439,4.5445650815963745,0.3607569318787129,0.00829523807624355
2012_10_ATL_NO,NO,0.3607569318787129,0.00829523807624355,2.9988378286361694,0.3658330300551249,-0.3995304410246439
2012_10_BUF_NE,BUF,0.3407335088738437,0.13617198132851627,7.127113863825798,0.3756942972056516,0.10009738087658128
2012_10_BUF_NE,NE,0.3756942972056516,0.10009738087658128,-5.037359030623185,0.3407335088738437,0.13617198132851627
2012_10_DAL_PHI,DAL,0.2578080777289031,-0.076055216617533,14.137468814849854,-0.10409157047587751,-0.08340335990206452
2012_10_DAL_PHI,PHI,-0.10409157047587751,-0.08340335990206452,5.5188218752543134,0.2578080777289031,-0.076055216617533
2012_10_DEN_CAR,CAR,-0.2922069908761865,-0.23403416798560342,-7.055413722991943,0.12672339494739016,-0.4338221337151481
2012_10_DEN_CAR,DEN,0.12672339494739016,-0.4338221337151481,8.51071712217833,-0.2922069908761865,-0.23403416798560342
2012_10_DET_MIN,DET,0.17304320080996932,-0.35466395606122475,-0.8639448455401829,0.11108828303029858,0.018328140732343665
2012_10_DET_MIN,MIN,0.11108828303029858,0.018328140732343665,8.986288215965033,0.17304320080996932,-0.35466395606122475
2012_10_HOU_CHI,CHI,-0.553153529967442,-0.281577977688836,-6.1173235828226264,-0.37299701813984254,-0.0979034323228167
2012_10_HOU_CHI,HOU,-0.37299701813984254,-0.0979034323228167,-8.468974113464355,-0.553153529967442,-0.281577977688836
2012_10_IND_JAX,IND,0.07468675930227134,0.1788789491468925,11.204893543170048,-0.1662271680039416,-0.28394217892888596
2012_10_IND_JAX,JAX,-0.1662271680039416,-0.28394217892888596,0.2159674530443938,0.07468675930227134,0.1788789491468925
2012_10_KC_PIT,KC,-0.25554205659978124,-0.01725842894242832,-13.875218868255615,0.1892797058157771,-0.5555522469382187
2012_10_KC_PIT,PIT,0.1892797058157771,-0.5555522469382187,-10.666288156062365,-0.25554205659978124,-0.01725842894242832
2012_10_NYG_CIN,CIN,0.3512525222538186,-0.25714497365428274,8.818410634994507,-0.31928365205105047,0.13030602724144333
2012_10_NYG_CIN,NYG,-0.31928365205105047,0.13030602724144333,-0.5742669105529785,0.3512525222538186,-0.25714497365428274
2012_10_NYJ_SEA,NYJ,-0.4168752036451723,-0.14621715987145545,-16.06760859489441,0.32232237683589726,-0.20790970674934214
2012_10_NYJ_SEA,SEA,0.32232237683589726,-0.20790970674934214,9.4160658121109,-0.4168752036451723,-0.14621715987145545
2012_10_OAK_BAL,BAL,0.5023702785649538,-0.07345904925958686,4.814466746414409,0.11895915508786582,-0.2895157338028254
2012_10_OAK_BAL,LV,0.11895915508786582,-0.2895157338028254,0.23091788525166718,0.5023702785649538,-0.07345904925958686
2012_10_SD_TB,LAC,0.2506543266929276,-0.14057701753699803,19.124028368576152,0.5547873870375388,-0.13851039377127566
2012_10_SD_TB,TB,0.5547873870375388,-0.13851039377127566,11.176366955041885,0.2506543266929276,-0.14057701753699803
2012_10_STL_SF,LA,0.47333689330932704,-0.05097946785509777,10.994660166593698,0.035453034391228766,0.18985644878591204
2012_10_STL_SF,SF,0.035453034391228766,0.18985644878591204,5.510271310806274,0.47333689330932704,-0.05097946785509777
2012_10_TEN_MIA,MIA,-0.39267167620534105,-0.5664391589234583,-9.174696451578384,0.3100305561494735,0.02185022360451209
2012_10_TEN_MIA,TEN,0.3100305561494735,0.02185022360451209,-16.05000672015277,-0.39267167620534105,-0.5664391589234583
2012_11_ARI_ATL,ARI,-0.8087099809931768,-0.08209167631754938,-22.093222097114282,-0.42112529242618435,-0.3091590606691066
2012_11_ARI_ATL,ATL,-0.42112529242618435,-0.3091590606691066,-2.425292652586232,-0.8087099809931768,-0.08209167631754938
2012_11_BAL_PIT,BAL,-0.06814185002643375,-0.3075804872382635,1.4922524336725473,-0.13676731619363383,-0.12895864748214889
2012_11_BAL_PIT,PIT,-0.13676731619363383,-0.12895864748214889,-13.066615278904255,-0.06814185002643375,-0.3075804872382635
2012_11_CHI_SF,CHI,-0.27870989744851904,-0.2590592074848246,6.091183627193624,0.42362615504761086,-0.0436014412329174
2012_11_CHI_SF,SF,0.42362615504761086,-0.0436014412329174,16.403305395082995,-0.27870989744851904,-0.2590592074848246
2012_11_CIN_KC,CIN,0.42811252908024117,0.09270237576167442,3.7972104960474473,-0.21199701168529897,-0.2501116021350026
2012_11_CIN_KC,KC,-0.21199701168529897,-0.2501116021350026,-3.148689557766092,0.42811252908024117,0.09270237576167442
2012_11_CLE_DAL,CLE,0.06657742047483273,-0.1427439207503939,-6.535862556525639,0.07656328717230541,-0.2822053469138138
2012_11_CLE_DAL,DAL,0.07656328717230541,-0.2822053469138138,5.602546036243439,0.06657742047483273,-0.1427439207503939
2012_11_GB_DET,DET,-0.2764210028679208,-0.027334039711960308,-14.460996022591225,0.026107763936623535,-0.07156017603778045
2012_11_GB_DET,GB,0.026107763936623535,-0.07156017603778045,3.5332719484965005,-0.2764210028679208,-0.027334039711960308
2012_11_IND_NE,IND,-0.06595828513594959,0.07623047272057232,-3.794565886259079,0.6793548538135864,0.004368557129055262
2012_11_IND_NE,NE,0.6793548538135864,0.004368557129055262,7.661710466657366,-0.06595828513594959,0.07623047272057232
2012_11_JAX_HOU,HOU,0.35261068183405125,-0.0996315323831624,14.980436617677862,0.5003184104199602,-0.20650610663169236
2012_11_JAX_HOU,JAX,0.5003184104199602,-0.20650610663169236,-3.7601339904701008,0.35261068183405125,-0.0996315323831624
2012_11_MIA_BUF,BUF,0.03178485470474748,-0.19273072924737916,-3.273537865391484,-0.18721023023539532,-0.262220336117025
2012_11_MIA_BUF,MIA,-0.18721023023539532,-0.262220336117025,-7.771342992782593,0.03178485470474748,-0.19273072924737916
2012_11_NO_OAK,LV,-0.09665426690004589,-0.1278158744723812,-6.021667271852493,0.58221457082991,0.12321587160652227
2012_11_NO_OAK,NO,0.58221457082991,0.12321587160652227,18.515524378529303,-0.09665426690004589,-0.1278158744723812
2012_11_NYJ_STL,LA,-0.30546941965470126,-0.2012035084189847,-12.274856657482857,0.13907067548993635,-0.05723858920257385
2012_11_NYJ_STL,NYJ,0.13907067548993635,-0.05723858920257385,11.289691499301366,-0.30546941965470126,-0.2012035084189847
2012_11_PHI_WAS,PHI,-0.11942153680863231,-0.47882781112672423,-17.16457229593526,0.8210172112879303,-0.29516459906630316
2012_11_PHI_WAS,WAS,0.8210172112879303,-0.29516459906630316,29.891154766082764,-0.11942153680863231,-0.47882781112672423
2012_11_SD_DEN,DEN,-0.1915878254423353,0.020063593902159484,0.10547507099988984,-0.18130452279507628,-0.37563580601050967
2012_11_SD_DEN,LAC,-0.18130452279507628,-0.37563580601050967,-2.5803010165691376,-0.1915878254423353,0.020063593902159484
2012_11_TB_CAR,CAR,0.28117190603334336,-0.4300493827351602,-2.3775497717516765,-0.016910063751041315,-0.1463949027259972
2012_11_TB_CAR,TB,-0.016910063751041315,-0.1463949027259972,-3.4659009509616427,0.28117190603334336,-0.4300493827351602
2012_12_ATL_TB,ATL,0.4123676813291695,-0.08200317653730356,16.862268280237913,0.3210110289646091,-0.16627889487520245
2012_12_ATL_TB,TB,0.3210110289646091,-0.16627889487520245,11.830759743849436,0.4123676813291695,-0.08200317653730356
2012_12_BAL_SD,BAL,0.17762928768524036,-0.25423222186177935,-0.5745048032087439,-0.1308359308720106,0.05799480119173456
2012_12_BAL_SD,LAC,-0.1308359308720106,0.05799480119173456,5.408740716595804,0.17762928768524036,-0.25423222186177935
2012_12_BUF_IND,BUF,-0.029562920757900298,0.0779225876363593,-12.68431128877582,0.06547057250680809,-0.16464628086364624
2012_12_BUF_IND,IND,0.06547057250680809,-0.16464628086364624,-6.0057596200042305,-0.029562920757900298,0.0779225876363593
2012_12_CAR_PHI,CAR,0.5778197875905053,-0.09640284913081315,3.5441439066614424,0.047773249008470804,-0.07871867168488769
2012_12_CAR_PHI,PHI,0.047773249008470804,-0.07871867168488769,9.613816085315886,0.5778197875905053,-0.09640284913081315
2012_12_DEN_KC,DEN,0.29919399283582226,-0.129384510756655,2.294821594212506,-0.30426794342311875,0.05174081126072754
2012_12_DEN_KC,KC,-0.30426794342311875,0.05174081126072754,-8.537269211732424,0.29919399283582226,-0.129384510756655
2012_12_GB_NYG,GB,-0.10775593892831914,-0.15734136648193955,-5.942029714584351,0.541760371722322,-0.02763254307866183
2012_12_GB_NYG,NYG,0.541760371722322,-0.02763254307866183,-4.233232935269673,-0.10775593892831914,-0.15734136648193955
2012_12_HOU_DET,DET,0.07406343942350363,-0.07852133550067518,-11.043020936309315,0.08943826084840717,0.3457738341745891
2012_12_HOU_DET,HOU,0.08943826084840717,0.3457738341745891,-4.025563908119996,0.07406343942350363,-0.07852133550067518
2012_12_MIN_CHI,CHI,0.029205471125355518,-0.12476794610353158,12.072763327629335,-0.2027982079041924,-0.3495792406274153
2012_12_MIN_CHI,MIN,-0.2027982079041924,-0.3495792406274153,-8.53206958712601,0.029205471125355518,-0.12476794610353158
2012_12_NE_NYJ,NE,0.7598312141135038,0.05529487575404346,12.338163359807087,0.09009320640381283,-0.5078183081680133
2012_12_NE_NYJ,NYJ,0.09009320640381283,-0.5078183081680133,12.330691984721593,0.7598312141135038,0.05529487575404346
2012_12_OAK_CIN,CIN,0.1622630975959142,0.30374778303009786,-1.4897345964397704,-0.4386405797362731,-0.028676412501068706
2012_12_OAK_CIN,LV,-0.4386405797362731,-0.028676412501068706,-8.735340000951991,0.1622630975959142,0.30374778303009786
2012_12_PIT_CLE,CLE,-0.43704778912678843,-0.21974610838118347,2.152816722026238,-0.2337654413685214,-0.7436467666067818
2012_12_PIT_CLE,PIT,-0.2337654413685214,-0.7436467666067818,-5.7316475054797005,-0.43704778912678843,-0.21974610838118347
2012_12_SEA_MIA,MIA,0.22760489244149842,0.26199118119503473,9.30083703994751,0.4669186544717487,-0.3436329117200027
2012_12_SEA_MIA,SEA,0.4669186544717487,-0.3436329117200027,17.821933936189723,0.22760489244149842,0.26199118119503473
2012_12_SF_NO,NO,-0.4042740301169664,-0.1386507002783841,-0.68435899913311,0.35123888872066533,-0.11159657036713996
2012_12_SF_NO,SF,0.35123888872066533,-0.11159657036713996,3.1631394572879956,-0.4042740301169664,-0.1386507002783841
2012_12_STL_ARI,ARI,-0.335233045526839,-0.2587470776537278,-4.926389856980397,0.07859350880885142,-0.02174672736789872
2012_12_STL_ARI,LA,0.07859350880885142,-0.02174672736789872,-8.894120945649988,-0.335233045526839,-0.2587470776537278
2012_12_TEN_JAX,JAX,-0.028345915527149504,0.040422193855629764,6.6185650917199945,0.13203679391385348,-0.06242672425044778
2012_12_TEN_JAX,TEN,0.13203679391385348,-0.06242672425044778,-0.7659614086151123,-0.028345915527149504,0.040422193855629764
2012_12_WAS_DAL,DAL,0.09796251079485943,-0.08607277041445487,-4.491026821683665,0.4430233457779664,0.0580447108640651
2012_12_WAS_DAL,WAS,0.4430233457779664,0.0580447108640651,13.236878156661987,0.09796251079485943,-0.08607277041445487
2012_13_ARI_NYJ,ARI,-0.6154102958120719,-0.3558764694330637,-27.560802813499205,-0.45646431287077066,-0.09942146976356439
2012_13_ARI_NYJ,NYJ,-0.45646431287077066,-0.09942146976356439,-3.4236210470016184,-0.6154102958120719,-0.3558764694330637
2012_13_CAR_KC,CAR,0.20002536787726585,0.5074535771913361,1.2811024983723958,0.4677074251554918,0.04190942305389659
2012_13_CAR_KC,KC,0.4677074251554918,0.04190942305389659,18.80104723184005,0.20002536787726585,0.5074535771913361
2012_13_CIN_SD,CIN,-0.15413360330750092,0.06425376139882513,4.365349105662769,-0.15011230981432236,-0.26606667034793646
2012_13_CIN_SD,LAC,-0.15011230981432236,-0.26606667034793646,-6.311876597729596,-0.15413360330750092,0.06425376139882513
2012_13_CLE_OAK,CLE,0.2947370382405204,0.12096103734802455,11.98602927227815,0.20483551401245553,-0.07695285866365713
2012_13_CLE_OAK,LV,0.20483551401245553,-0.07695285866365713,3.148211743317398,0.2947370382405204,0.12096103734802455
2012_13_HOU_TEN,HOU,0.0025897669581004526,-0.0975687052211442,-7.2683411836624146,-0.23521606139931445,-0.6025745741834936
2012_13_HOU_TEN,TEN,-0.23521606139931445,-0.6025745741834936,-13.764612211121452,0.0025897669581004526,-0.0975687052211442
2012_13_IND_DET,DET,0.01523804853797245,-0.07427699521649629,-4.578800985346669,0.06317338916587532,-0.011329262750223279
2012_13_IND_DET,IND,0.06317338916587532,-0.011329262750223279,-10.614321724726604,0.01523804853797245,-0.07427699521649629
2012_13_JAX_BUF,BUF,0.05840333348894289,0.08270612099229104,-6.083484958199894,-0.2500751693173539,-0.12322048094248596
2012_13_JAX_BUF,JAX,-0.2500751693173539,-0.12322048094248596,-10.994374681086768,0.05840333348894289,0.08270612099229104
2012_13_MIN_GB,GB,0.3110867385002253,-0.13964425495604924,17.617549966363345,-0.18030662409336262,0.3603840143792331
2012_13_MIN_GB,MIN,-0.18030662409336262,0.3603840143792331,-9.493724822998047,0.3110867385002253,-0.13964425495604924
2012_13_NE_MIA,MIA,-0.11583895189214931,-0.23638208454293716,-11.94259524345398,0.15742509261303372,-0.11450128138339308
2012_13_NE_MIA,NE,0.15742509261303372,-0.11450128138339308,-1.3572066649794579,-0.11583895189214931,-0.23638208454293716
2012_13_NO_ATL,ATL,-0.15176919359353688,-0.1811182260280475,-6.027003191411495,-0.29205370414784687,0.10625920440171562
2012_13_NO_ATL,NO,-0.29205370414784687,0.10625920440171562,-3.7972447151939073,-0.15176919359353688,-0.1811182260280475
2012_13_NYG_WAS,NYG,0.34028059932877086,0.08322383404343522,4.212434124201536,0.18903148200194095,0.17168972370282357
2012_13_NYG_WAS,WAS,0.18903148200194095,0.17168972370282357,2.073201962879726,0.34028059932877086,0.08322383404343522
2012_13_PHI_DAL,DAL,0.7273582261070903,-0.08855097129435308,17.902231878704495,0.23757964743723206,0.011703365170609378
2012_13_PHI_DAL,PHI,0.23757964743723206,0.011703365170609378,7.00093142447933,0.7273582261070903,-0.08855097129435308
2012_13_PIT_BAL,BAL,-0.19054268927889345,0.1725753905659076,-8.920919369248782,0.0048444195840885666,0.03336335485126728
2012_13_PIT_BAL,PIT,0.0048444195840885666,0.03336335485126728,6.912630876979312,-0.19054268927889345,0.1725753905659076
2012_13_SEA_CHI,CHI,0.5361795644416953,-0.32246138039352973,6.74106593315418,0.35328434300637784,0.0046714192503714
2012_13_SEA_CHI,SEA,0.35328434300637784,0.0046714192503714,5.159571927946967,0.5361795644416953,-0.32246138039352973
2012_13_SF_STL,LA,-0.04332070961728799,-0.35803645139742346,-0.6493950360699704,0.17925914703882978,-0.5059558956983901
2012_13_SF_STL,SF,0.17925914703882978,-0.5059558956983901,1.6781513729403097,-0.04332070961728799,-0.35803645139742346
2012_13_TB_DEN,DEN,0.11391940670277635,-0.1289426923673279,5.578643554135373,-0.09349665504973106,-0.08818394636248493
2012_13_TB_DEN,TB,-0.09349665504973106,-0.08818394636248493,-11.170508655217978,0.11391940670277635,-0.1289426923673279
2012_14_ARI_SEA,ARI,-0.8138655362348627,-0.2274935017887722,-12.556506884403717,0.3085484472300608,0.20959420980837354
2012_14_ARI_SEA,SEA,0.3085484472300608,0.20959420980837354,0.7672737606547095,-0.8138655362348627,-0.2274935017887722
2012_14_ATL_CAR,ATL,0.23650772473640327,0.05063297344498675,6.944886222481728,0.4140052253959627,0.1986957144162497
2012_14_ATL_CAR,CAR,0.4140052253959627,0.1986957144162497,7.0911281023706705,0.23650772473640327,0.05063297344498675
2012_14_BAL_WAS,BAL,0.07792449135682546,0.14566843847055946,16.909441493806384,0.32069881806128375,-0.23122161260440166
2012_14_BAL_WAS,WAS,0.32069881806128375,-0.23122161260440166,6.564738794609353,0.07792449135682546,0.14566843847055946
2012_14_CHI_MIN,CHI,-0.13451761531177908,0.07924975387868471,-6.939409787838276,-0.09046433642506599,-0.002337044777745819
2012_14_CHI_MIN,MIN,-0.09046433642506599,-0.002337044777745819,-1.7273799461476944,-0.13451761531177908,0.07924975387868471
2012_14_DAL_CIN,CIN,-0.09096840349910419,0.11463970872634825,-2.55193186528755,0.186963471565871,-0.08577851098248979
2012_14_DAL_CIN,DAL,0.186963471565871,-0.08577851098248979,-4.210358511569888,-0.09096840349910419,0.11463970872634825
2012_14_DEN_OAK,DEN,0.35684228847098115,0.021396489242859487,10.746415538920296,0.04608866180185495,-0.28061965497521063
2012_14_DEN_OAK,LV,0.04608866180185495,-0.28061965497521063,-0.6963239113489786,0.35684228847098115,0.021396489242859487
2012_14_DET_GB,DET,-0.03754330715386171,0.08824941761333556,1.8631218509240584,0.010373080943951759,0.09210016227337871
2012_14_DET_GB,GB,0.010373080943951759,0.09210016227337871,-1.3371370732784271,-0.03754330715386171,0.08824941761333556
2012_14_HOU_NE,HOU,-0.10897663748401101,-0.04199105132075991,-4.452771031194263,0.45247814971899486,0.03940698554365416
2012_14_HOU_NE,NE,0.45247814971899486,0.03940698554365416,-2.4895851810773215,-0.10897663748401101,-0.04199105132075991
2012_14_KC_CLE,CLE,0.09781909652002987,0.0835478223143582,-5.210450688997905,-0.38596467134941903,0.2587764906907418
2012_14_KC_CLE,KC,-0.38596467134941903,0.2587764906907418,-7.236374134109134,0.09781909652002987,0.0835478223143582
2012_14_MIA_SF,MIA,-0.00596052592495967,-0.09065875625570438,-6.663268443309899,0.0977426381660075,0.34221427055418896
2012_14_MIA_SF,SF,0.0977426381660075,0.34221427055418896,14.750246897987697,-0.00596052592495967,-0.09065875625570438
2012_14_NO_NYG,NO,-0.25167217294114974,0.14835233909931908,0.3139503845354406,0.0012913669838044307,0.1491192386635633
2012_14_NO_NYG,NYG,0.0012913669838044307,0.1491192386635633,9.33685993606394,-0.25167217294114974,0.14835233909931908
2012_14_NYJ_JAX,JAX,-0.22654623253795025,0.07249976364313442,-8.3772959453719,-0.27170692884622627,0.09541347457800442
2012_14_NYJ_JAX,NYJ,-0.27170692884622627,0.09541347457800442,-1.133035986047042,-0.22654623253795025,0.07249976364313442
2012_14_PHI_TB,PHI,0.21506200375936238,-0.5970590352886714,5.341722220182419,0.019198370651186753,-0.07740226597172406
2012_14_PHI_TB,TB,0.019198370651186753,-0.07740226597172406,-14.325476262499304,0.21506200375936238,-0.5970590352886714
2012_14_SD_PIT,LAC,0.1721664238324666,-0.13807889986536326,-9.324278008370172,0.11078451682114973,-0.9468443429629717
2012_14_SD_PIT,PIT,0.11078451682114973,-0.9468443429629717,-4.642422133829536,0.1721664238324666,-0.13807889986536326
2012_14_STL_BUF,BUF,-0.06691168232971273,-0.38650712721488056,13.066603740056356,0.08773691530587067,-0.23751313073793426
2012_14_STL_BUF,LA,0.08773691530587067,-0.23751313073793426,-10.414256270115192,-0.06691168232971273,-0.38650712721488056
2012_14_TEN_IND,IND,-0.12788076520049338,-0.07933552132884937,-9.867838375708637,0.11193854745789626,-0.24762595651681413
2012_14_TEN_IND,TEN,0.11193854745789626,-0.24762595651681413,3.2229022944674774,-0.12788076520049338,-0.07933552132884937
2012_15_CAR_SD,CAR,0.27733497368725196,0.053161546940175004,-1.1659754440188408,-0.43125829202378346,-0.05789321494557953
2012_15_CAR_SD,LAC,-0.43125829202378346,-0.05789321494557953,4.351589896462181,0.27733497368725196,0.053161546940175004
2012_15_CIN_PHI,CIN,-0.38492785422184533,-0.007799916030813215,-11.9348399914228,-0.4656367355484369,-0.7437972146496912
2012_15_CIN_PHI,PHI,-0.4656367355484369,-0.7437972146496912,-6.854149314665025,-0.38492785422184533,-0.007799916030813215
2012_15_DEN_BAL,BAL,-0.36930223676576046,-0.45648742277019966,-10.810668346209404,0.15263168191519613,0.006500890637362892
2012_15_DEN_BAL,DEN,0.15263168191519613,0.006500890637362892,7.047400091375623,-0.36930223676576046,-0.45648742277019966
2012_15_DET_ARI,ARI,-0.2357381189884111,-0.20413146244064936,-1.3398638793400355,-0.4874392130694454,-0.23336388975250252
2012_15_DET_ARI,DET,-0.4874392130694454,-0.23336388975250252,-9.52366698295512,-0.2357381189884111,-0.20413146244064936
2012_15_GB_CHI,CHI,-0.12753930833800858,-0.17888504767577854,-3.470368896211897,0.46572783914101223,-0.37197839904672886
2012_15_GB_CHI,GB,0.46572783914101223,-0.37197839904672886,5.478139484629912,-0.12753930833800858,-0.17888504767577854
2012_15_IND_HOU,HOU,0.31301355699600725,-0.09248616634526956,9.039924510063663,-0.031724254851326204,-0.09688270741911686
2012_15_IND_HOU,IND,-0.031724254851326204,-0.09688270741911686,-10.17283582687378,0.31301355699600725,-0.09248616634526956
2012_15_JAX_MIA,JAX,-0.05075350218105086,-0.39147246030624955,-6.316263535443475,0.32527531963231504,0.001674536490569485
2012_15_JAX_MIA,MIA,0.32527531963231504,0.001674536490569485,14.336510053996381,-0.05075350218105086,-0.39147246030624955
2012_15_KC_OAK,KC,-0.4981321464216116,-0.6121283630226654,-9.556193090975285,-0.0888448631529101,-0.09602377047364583
2012_15_KC_OAK,LV,-0.0888448631529101,-0.09602377047364583,-6.125886638959249,-0.4981321464216116,-0.6121283630226654
2012_15_MIN_STL,LA,0.011761952863240638,-0.3457941987538053,-3.338216922499917,0.06440579362769518,0.03234201764230263
2012_15_MIN_STL,MIN,0.06440579362769518,0.03234201764230263,-0.058774277567863464,0.011761952863240638,-0.3457941987538053
2012_15_NYG_ATL,ATL,0.7489358814641962,-0.12456195477971664,16.005034744739532,-0.43218011708041926,-0.35634926539967726
2012_15_NYG_ATL,NYG,-0.43218011708041926,-0.35634926539967726,-13.92640483379364,0.7489358814641962,-0.12456195477971664
2012_15_NYJ_TEN,NYJ,-0.3817606840543503,-0.007594165699315611,-12.052532619443433,-0.10711220337342921,-0.08748093344160589
2012_15_NYJ_TEN,TEN,-0.10711220337342921,-0.08748093344160589,0.4707255146720193,-0.3817606840543503,-0.007594165699315611
2012_15_PIT_DAL,DAL,0.24749360956581865,-0.23080018914576308,3.5882531177429926,0.15600128203113564,-0.07532582185740466
2012_15_PIT_DAL,PIT,0.15600128203113564,-0.07532582185740466,-1.0808521195461875,0.24749360956581865,-0.23080018914576308
2012_15_SEA_BUF,BUF,-0.46571425408201894,0.20094628770541595,-6.809757011277335,0.416257344859475,0.47071891545984446
2012_15_SEA_BUF,SEA,0.416257344859475,0.47071891545984446,1.913193410093134,-0.46571425408201894,0.20094628770541595
2012_15_SF_NE,NE,-0.005713786853941361,-0.280196504910355,-4.3027508826482865,0.18692955942436432,-0.13876586354152481
2012_15_SF_NE,SF,0.18692955942436432,-0.13876586354152481,1.151593804359436,-0.005713786853941361,-0.280196504910355
2012_15_TB_NO,NO,0.4118820785906594,0.005231057342965729,4.971887798685777,-0.39382870155406696,-0.04836985387009918
2012_15_TB_NO,TB,-0.39382870155406696,-0.04836985387009918,-2.9297600858486614,0.4118820785906594,0.005231057342965729
2012_15_WAS_CLE,CLE,-0.3189253604311186,0.09027943883224257,-5.367569071905954,0.30593154979656917,0.09053342977040302
2012_15_WAS_CLE,WAS,0.30593154979656917,0.09053342977040302,6.0346661789997205,-0.3189253604311186,0.09027943883224257
2012_16_ATL_DET,ATL,0.5421077341633169,-0.34531910764926577,15.690811816602945,0.06538621459583545,-0.40144156620828453
2012_16_ATL_DET,DET,0.06538621459583545,-0.40144156620828453,1.342743906107816,0.5421077341633169,-0.34531910764926577
2012_16_BUF_MIA,BUF,-0.22609248221633488,0.1667365798359522,-1.9140106013842992,0.0034135559069246187,0.2039379265836694
2012_16_BUF_MIA,MIA,0.0034135559069246187,0.2039379265836694,-9.588025152683258,-0.22609248221633488,0.1667365798359522
2012_16_CHI_ARI,ARI,-0.4024735846464333,-0.8599840144957661,-11.274572781154088,-0.012205490709988978,-0.07933578133388122
2012_16_CHI_ARI,CHI,-0.012205490709988978,-0.07933578133388122,-11.875090117637928,-0.4024735846464333,-0.8599840144957661
2012_16_CIN_PIT,CIN,-0.13537731274213835,-0.3917687761131674,4.121647551655769,-0.3372234902225475,-0.15574778974706563
2012_16_CIN_PIT,PIT,-0.3372234902225475,-0.15574778974706563,-9.48939493724278,-0.13537731274213835,-0.3917687761131674
2012_16_CLE_DEN,CLE,-0.07895184971343981,0.11233417840655893,-7.044856746991475,0.44789466127917005,-0.11573726793494146
2012_16_CLE_DEN,DEN,0.44789466127917005,-0.11573726793494146,7.796095554218736,-0.07895184971343981,0.11233417840655893
2012_16_IND_KC,IND,0.04818841534826356,-0.11514755590663601,-11.863115595446693,-0.2527668374914614,0.1091831210053732
2012_16_IND_KC,KC,-0.2527668374914614,0.1091831210053732,-8.686937391757965,0.04818841534826356,-0.11514755590663601
2012_16_MIN_HOU,HOU,-0.157972207663284,-0.6089982961925368,-10.298041412324617,0.2121643736376051,-0.0662188048590906
2012_16_MIN_HOU,MIN,0.2121643736376051,-0.0662188048590906,-6.26145139336586,-0.157972207663284,-0.6089982961925368
2012_16_NE_JAX,JAX,0.02262918858939755,-0.1807580075730347,-3.829031361609089,0.1268143819085306,-0.06981921425365188
2012_16_NE_JAX,NE,0.1268143819085306,-0.06981921425365188,-2.2989489683290807,0.02262918858939755,-0.1807580075730347
2012_16_NO_DAL,DAL,0.40505911664076827,-0.5866013156968014,1.2117231037558578,0.6054416622268229,-0.20816172389568113
2012_16_NO_DAL,NO,0.6054416622268229,-0.20816172389568113,4.520698972776825,0.40505911664076827,-0.5866013156968014
2012_16_NYG_BAL,BAL,0.5447227021293942,-0.007772940248061786,10.564075493150288,0.007356730433564414,-0.08156315214416411
2012_16_NYG_BAL,NYG,0.007356730433564414,-0.08156315214416411,-7.208335825375149,0.5447227021293942,-0.007772940248061786
2012_16_OAK_CAR,CAR,0.21621858975819266,-0.23462530407224313,0.2581909812729934,-0.18808008271089877,-0.44309418906366616
2012_16_OAK_CAR,LV,-0.18808008271089877,-0.44309418906366616,-5.856825825240877,0.21621858975819266,-0.23462530407224313
2012_16_SD_NYJ,LAC,0.15394195023217372,-0.1773669010570022,-6.224356449785686,-0.28555456945883756,-0.12490719503042974
2012_16_SD_NYJ,NYJ,-0.28555456945883756,-0.12490719503042974,-1.3301063776016235,0.15394195023217372,-0.1773669010570022
2012_16_SF_SEA,SEA,0.6051827374709925,0.05217409408613739,16.995645988555182,-0.02618403398678266,0.07945131303651058
2012_16_SF_SEA,SF,-0.02618403398678266,0.07945131303651058,-0.851042355809893,0.6051827374709925,0.05217409408613739
2012_16_STL_TB,LA,0.2856042477802408,-0.16741783392185774,-7.282538104940344,-0.2795303595483784,-0.11762165000254754
2012_16_STL_TB,TB,-0.2795303595483784,-0.11762165000254754,-1.5598787732844084,0.2856042477802408,-0.16741783392185774
2012_16_TEN_GB,GB,0.3133867194409218,0.24029505076337485,9.072077758610249,-0.47392040948325304,-0.3241163408383727
2012_16_TEN_GB,TEN,-0.47392040948325304,-0.3241163408383727,-12.594000299771627,0.3133867194409218,0.24029505076337485
2012_16_WAS_PHI,PHI,-0.09369501193131871,0.16836499709844296,4.047949960891237,0.16141170076186967,0.1712865650360645
2012_16_WAS_PHI,WAS,0.16141170076186967,0.1712865650360645,4.47088008125623,-0.09369501193131871,0.16836499709844296
2012_17_ARI_SF,ARI,-0.16558313066565128,-0.13788568356903852,-3.9352929767440346,0.49900969236215553,-0.10277766550873253
2012_17_ARI_SF,SF,0.49900969236215553,-0.10277766550873253,4.318464110637533,-0.16558313066565128,-0.13788568356903852
2012_17_BAL_CIN,BAL,-0.13704049499033932,-0.009436402843485391,-4.327210976231482,-0.057698169059609186,-0.3478828341672745
2012_17_BAL_CIN,CIN,-0.057698169059609186,-0.3478828341672745,-4.233059644699097,-0.13704049499033932,-0.009436402843485391
2012_17_CAR_NO,CAR,0.14867809389723283,0.4468817324432227,-5.518454576239867,0.2885897865784295,-0.18379080394515768
2012_17_CAR_NO,NO,0.2885897865784295,-0.18379080394515768,4.470280159351438,0.14867809389723283,0.4468817324432227
2012_17_CHI_DET,CHI,0.20800489477602438,-0.1441625799095972,2.383479716316346,0.025009233657380274,-0.41004741821800256
2012_17_CHI_DET,DET,0.025009233657380274,-0.41004741821800256,-5.977721065282822,0.20800489477602438,-0.1441625799095972
2012_17_CLE_PIT,CLE,-0.263306406847138,0.11235664848265095,6.834689294919372,0.2534574459464888,-0.18492448377065937
2012_17_CLE_PIT,PIT,0.2534574459464888,-0.18492448377065937,5.4935915314632915,-0.263306406847138,0.11235664848265095
2012_17_DAL_WAS,DAL,-0.1256876886577593,0.11534119738710367,-8.856713610726434,0.04617058899166295,0.2956329972812486
2012_17_DAL_WAS,WAS,0.04617058899166295,0.2956329972812486,-12.273050679100884,-0.1256876886577593,0.11534119738710367
2012_17_GB_MIN,GB,0.376627260603977,0.0001888483457150869,11.22582805784125,0.4696532186410966,0.041646239537062625
2012_17_GB_MIN,MIN,0.4696532186410966,0.041646239537062625,-6.742256134748459,0.376627260603977,0.0001888483457150869
2012_17_HOU_IND,HOU,0.10371539782868827,0.07255707369855191,1.0486044817500644,0.35722858578524075,-0.13003692537677125
2012_17_HOU_IND,IND,0.35722858578524075,-0.13003692537677125,-12.512602018458503,0.10371539782868827,0.07255707369855191
2012_17_JAX_TEN,JAX,-0.32600961074757817,-0.008885807516476647,-0.8799153857114839,-0.08947906453638128,-0.32486446185750095
2012_17_JAX_TEN,TEN,-0.08947906453638128,-0.32486446185750095,4.106782376766205,-0.32600961074757817,-0.008885807516476647
2012_17_KC_DEN,DEN,0.8791223755112345,-0.18031042393030053,16.057446412742138,-0.5936537224055235,-0.0352928965294268
2012_17_KC_DEN,KC,-0.5936537224055235,-0.0352928965294268,-17.861928418278694,0.8791223755112345,-0.18031042393030053
2012_17_MIA_NE,MIA,-0.1499453289360666,-0.42359573977688947,-4.4756079997335165,0.30360661636223085,0.1360665290058256
2012_17_MIA_NE,NE,0.30360661636223085,0.1360665290058256,-2.4508158365885415,-0.1499453289360666,-0.42359573977688947
2012_17_NYJ_BUF,BUF,0.3302777258611203,-0.18915269681201607,-12.882102682040287,-0.31053115492102124,-0.13331043339651333
2012_17_NYJ_BUF,NYJ,-0.31053115492102124,-0.13331043339651333,-12.09202642951693,0.3302777258611203,-0.18915269681201607
2012_17_OAK_SD,LAC,0.5237961460098056,-0.30947892114818387,12.249338714515462,0.17604085689676233,-0.21198222930775956
2012_17_OAK_SD,LV,0.17604085689676233,-0.21198222930775956,-8.722898257630211,0.5237961460098056,-0.30947892114818387
2012_17_PHI_NYG,NYG,0.8932430768233773,0.20224089024213754,8.755488964644345,-0.008401384508082923,-0.2386636160207791
2012_17_PHI_NYG,PHI,-0.008401384508082923,-0.2386636160207791,-4.556413196228646,0.8932430768233773,0.20224089024213754
2012_17_STL_SEA,LA,0.1240800643633709,-0.048034186843627445,-1.2100663408637047,0.21675332359203503,0.0167894971879529
2012_17_STL_SEA,SEA,0.21675332359203503,0.0167894971879529,17.924013106446516,0.1240800643633709,-0.048034186843627445
2012_17_TB_ATL,ATL,-0.054715913379903405,-0.2307232548066947,-0.8869516578587618,0.07127582893350015,-0.17051636834900516
2012_17_TB_ATL,TB,0.07127582893350015,-0.17051636834900516,-11.576725840568542,-0.054715913379903405,-0.2307232548066947
2013_01_ARI_STL,ARI,0.14130948905585183,-0.1383246366167441,3.4831276163458824,0.10131757176124467,-0.19226734718509372
2013_01_ARI_STL,LA,0.10131757176124467,-0.19226734718509372,3.8696260436585077,0.14130948905585183,-0.1383246366167441
2013_01_ATL_NO,ATL,-0.07138050993223251,0.02753452491015196,3.5125424878464804,0.26032123454159173,-0.3702021994201156
2013_01_ATL_NO,NO,0.26032123454159173,-0.3702021994201156,10.663637263434273,-0.07138050993223251,0.02753452491015196
2013_01_BAL_DEN,BAL,0.0769874695913997,-0.30615429151969564,-5.6526609620109936,0.5053018292152652,-0.08546905374220971
2013_01_BAL_DEN,DEN,0.5053018292152652,-0.08546905374220971,4.608153800169627,0.0769874695913997,-0.30615429151969564
2013_01_CIN_CHI,CHI,0.2661135769342198,-0.1717713370863176,4.433856066316366,0.17029033478724565,-0.02995313298223274
2013_01_CIN_CHI,CIN,0.17029033478724565,-0.02995313298223274,12.888708033344962,0.2661135769342198,-0.1717713370863176
2013_01_GB_SF,GB,0.31074433895992115,-0.2668793223288265,0.12059418691529168,0.5535022003345655,-0.2813981351027453
2013_01_GB_SF,SF,0.5535022003345655,-0.2813981351027453,13.514298085982983,0.31074433895992115,-0.2668793223288265
2013_01_HOU_SD,HOU,0.24343559831370665,-0.12250245620013678,12.815164639191194,0.11775385588407516,-0.1058023077662495
2013_01_HOU_SD,LAC,0.11775385588407516,-0.1058023077662495,-6.959258552108492,0.24343559831370665,-0.12250245620013678
2013_01_KC_JAX,JAX,-0.5958356798157463,-0.2468610924153932,-20.371752795649737,-0.019947662911805754,-0.0037607463309541345
2013_01_KC_JAX,KC,-0.019947662911805754,-0.0037607463309541345,-4.749269213746576,-0.5958356798157463,-0.2468610924153932
2013_01_MIA_CLE,CLE,-0.20530188851963127,-0.16837307032879575,-8.782905059040717,0.17115901566137073,-0.48861988148616253
2013_01_MIA_CLE,MIA,0.17115901566137073,-0.48861988148616253,5.616811924689525,-0.20530188851963127,-0.16837307032879575
2013_01_MIN_DET,DET,0.22107588950073304,-0.1341106117945149,-0.9560001038369679,-0.004444032767100075,-0.27239468778900217
2013_01_MIN_DET,MIN,-0.004444032767100075,-0.27239468778900217,2.6445058839661733,0.22107588950073304,-0.1341106117945149
2013_01_NE_BUF,BUF,-0.0832333530379401,-0.1981980368502498,4.946678435360944,0.11615842612866926,-0.4804650782431109
2013_01_NE_BUF,NE,0.11615842612866926,-0.4804650782431109,-6.569633059776747,-0.0832333530379401,-0.1981980368502498
2013_01_NYG_DAL,DAL,-0.12742624096405203,-0.19059596228180453,6.50975272363546,0.17328249357658618,-1.1202118098198508
2013_01_NYG_DAL,NYG,0.17328249357658618,-1.1202118098198508,1.7016954538298816,-0.12742624096405203,-0.19059596228180453
2013_01_OAK_IND,IND,0.3558106262564913,-0.13325236115197187,16.794915432515353,0.24520890451349284,0.17614039410657895
2013_01_OAK_IND,LV,0.24520890451349284,0.17614039410657895,5.918697139312481,0.3558106262564913,-0.13325236115197187
2013_01_PHI_WAS,PHI,0.007180630609911459,-0.04739076633316775,1.646704077720642,0.054786956623797636,-0.4840566983706701
2013_01_PHI_WAS,WAS,0.054786956623797636,-0.4840566983706701,-1.2547569970289867,0.007180630609911459,-0.04739076633316775
2013_01_SEA_CAR,CAR,0.15320905347471125,-0.11024149876660279,8.04333816403928,0.20409340125458983,-0.21062623559763388
2013_01_SEA_CAR,SEA,0.20409340125458983,-0.21062623559763388,13.281697314232588,0.15320905347471125,-0.11024149876660279
2013_01_TB_NYJ,NYJ,0.00805340004750279,-0.370085747575934,-0.9573882347659061,0.04451291108691496,-0.2625951959974874
2013_01_TB_NYJ,TB,0.04451291108691496,-0.2625951959974874,-13.959821577995054,0.00805340004750279,-0.370085747575934
2013_01_TEN_PIT,PIT,-0.030976867820994045,-0.6872455648457011,2.296404495383754,0.06209749852582709,-0.11962124809838341
2013_01_TEN_PIT,TEN,0.06209749852582709,-0.11962124809838341,-1.248834878206253,-0.030976867820994045,-0.6872455648457011
2013_02_CAR_BUF,BUF,0.07425050612563999,0.05111137533829322,5.756802627673516,0.04321649853077045,-0.07193616821224659
2013_02_CAR_BUF,CAR,0.04321649853077045,-0.07193616821224659,-2.658217635593916,0.07425050612563999,0.05111137533829322
2013_02_CLE_BAL,BAL,0.1454556350054562,-0.20735148984628418,4.786826354084593,-0.16720396430116896,-0.15864133390520388
2013_02_CLE_BAL,CLE,-0.16720396430116896,-0.15864133390520388,-0.10195894015801919,0.1454556350054562,-0.20735148984628418
2013_02_DAL_KC,DAL,-0.013274045641472259,-0.20615537943264756,5.725537169547308,0.13914359063814946,-0.21249910912063735
2013_02_DAL_KC,KC,0.13914359063814946,-0.21249910912063735,-5.740382916787091,-0.013274045641472259,-0.20615537943264756
2013_02_DEN_NYG,DEN,0.4283473927541569,-0.31456761671534667,5.889642862386482,0.06423938679726039,-0.33117035803336065
2013_02_DEN_NYG,NYG,0.06423938679726039,-0.33117035803336065,-0.8386071239198957,0.4283473927541569,-0.31456761671534667
2013_02_DET_ARI,ARI,-0.07578389305866572,-0.053426927618905516,-0.6507804760566125,0.15242840235811772,-0.47556627551890224
2013_02_DET_ARI,DET,0.15242840235811772,-0.47556627551890224,-2.0524772504965463,-0.07578389305866572,-0.053426927618905516
2013_02_JAX_OAK,JAX,-0.06665812974467612,-0.28261003772204274,3.112985153455992,-0.07781996392147728,-0.03269694230160781
2013_02_JAX_OAK,LV,-0.07781996392147728,-0.03269694230160781,4.21654326575143,-0.06665812974467612,-0.28261003772204274
2013_02_MIA_IND,IND,0.042725806168727995,0.08270044880389998,-1.2385194384774496,0.12401519704297626,-0.031007965749058012
2013_02_MIA_IND,MIA,0.12401519704297626,-0.031007965749058012,2.8582964092493057,0.042725806168727995,0.08270044880389998
2013_02_MIN_CHI,CHI,-0.04545938052558254,-0.10985638776764972,13.80790165952734,0.028073711135086915,-0.1766344141386111
2013_02_MIN_CHI,MIN,0.028073711135086915,-0.1766344141386111,-4.550474669252123,-0.04545938052558254,-0.10985638776764972
2013_02_NO_TB,NO,-0.001256855898316071,-0.3079599042830523,-4.618704319000244,-0.34271170632672254,0.036322238062682706
2013_02_NO_TB,TB,-0.34271170632672254,0.036322238062682706,-16.3994469425895,-0.001256855898316071,-0.3079599042830523
2013_02_NYJ_NE,NE,-0.15064891717726356,-0.3449692022685723,-13.743835878677856,-0.3695505992381652,-0.03058255147965004
2013_02_NYJ_NE,NYJ,-0.3695505992381652,-0.03058255147965004,-12.88454566683088,-0.15064891717726356,-0.3449692022685723
2013_02_PIT_CIN,CIN,0.08218538394532629,0.011345055786836328,-1.1057181453162974,-0.1259167568244199,-0.4084399145457694
2013_02_PIT_CIN,PIT,-0.1259167568244199,-0.4084399145457694,-1.0558807187610202,0.08218538394532629,0.011345055786836328
2013_02_SD_PHI,LAC,0.5247289380922642,-0.12669066184067168,16.830856336487663,0.364914250613746,0.2675805146423256
2013_02_SD_PHI,PHI,0.364914250613746,0.2675805146423256,6.624851996699969,0.5247289380922642,-0.12669066184067168
2013_02_SF_SEA,SEA,0.20425432378241545,-0.1675253316555071,-10.776393553789925,-0.579050063803901,-0.2647440305008786
2013_02_SF_SEA,SF,-0.579050063803901,-0.2647440305008786,-12.85151277597134,0.20425432378241545,-0.1675253316555071
2013_02_STL_ATL,ATL,0.26589526761412385,-0.41750530555488213,10.364292349134173,0.12120320879814142,-0.17663346308108885
2013_02_STL_ATL,LA,0.12120320879814142,-0.17663346308108885,-4.5746706978038505,0.26589526761412385,-0.41750530555488213
2013_02_TEN_HOU,HOU,-0.13990569312675613,0.1859015069550753,-5.099247491106074,0.048568923407796144,-0.250032516903755
2013_02_TEN_HOU,TEN,0.048568923407796144,-0.250032516903755,-2.0450524985790253,-0.13990569312675613,0.1859015069550753
2013_02_WAS_GB,GB,0.4083538795829559,0.2056409742138137,16.8129489189241,0.18272466481837848,0.15965155325829983
2013_02_WAS_GB,WAS,0.18272466481837848,0.15965155325829983,0.18745951354503632,0.4083538795829559,0.2056409742138137
2013_03_ARI_NO,ARI,-0.3892574028425207,0.23284102755860658,-5.165578983724117,0.2982973474852432,-0.09577769987582643
2013_03_ARI_NO,NO,0.2982973474852432,-0.09577769987582643,2.419313655959235,-0.3892574028425207,0.23284102755860658
2013_03_ATL_MIA,ATL,0.30666453495760176,8.673873376575936e-05,-0.043962050128627465,-0.033784300330717526,0.008332916298448774
2013_03_ATL_MIA,MIA,-0.033784300330717526,0.008332916298448774,6.231345534324646,0.30666453495760176,8.673873376575936e-05
2013_03_BUF_NYJ,BUF,-0.12973645988962176,-0.009406181695036745,-8.509384386423157,0.33973396935708094,-0.23291076504624889
2013_03_BUF_NYJ,NYJ,0.33973396935708094,-0.23291076504624889,-0.6974401145145811,-0.12973645988962176,-0.009406181695036745
2013_03_CHI_PIT,CHI,0.20637582304636531,0.030495725104022615,3.696454664071401,-0.281344437635152,-0.40108303373854143
2013_03_CHI_PIT,PIT,-0.281344437635152,-0.40108303373854143,5.226004269064926,0.20637582304636531,0.030495725104022615
2013_03_CLE_MIN,CLE,-0.09602466397034685,0.12804976647363647,-6.38501798665082,-0.130974442465542,-0.1737985892428292
2013_03_CLE_MIN,MIN,-0.130974442465542,-0.1737985892428292,-0.9677756400335402,-0.09602466397034685,0.12804976647363647
2013_03_DET_WAS,DET,0.31362566702504235,-0.1412199746625012,1.093474527200063,-0.03064881411969666,0.05597463012963999
2013_03_DET_WAS,WAS,-0.03064881411969666,0.05597463012963999,2.397024631500244,0.31362566702504235,-0.1412199746625012
2013_03_GB_CIN,CIN,-0.08621439678827694,-0.23614207388309297,9.253263260637011,-0.08680681663535247,-0.09207502102341365
2013_03_GB_CIN,GB,-0.08680681663535247,-0.09207502102341365,-0.45065989806538537,-0.08621439678827694,-0.23614207388309297
2013_03_HOU_BAL,BAL,0.2589716920847207,-0.2186714002402481,4.442043229937553,-0.31101727417772795,-0.08126539117317104
2013_03_HOU_BAL,HOU,-0.31101727417772795,-0.08126539117317104,5.522111143384661,0.2589716920847207,-0.2186714002402481
2013_03_IND_SF,IND,0.2626417910204013,0.1347349696852443,1.6690947688542879,-0.2854879474383779,0.05628790964564199
2013_03_IND_SF,SF,-0.2854879474383779,0.05628790964564199,-17.600915167066788,0.2626417910204013,0.1347349696852443
2013_03_JAX_SEA,JAX,-0.20975316184567314,-0.27882000081823205,-11.368665099143982,0.4364264337116655,0.013613309857734564
2013_03_JAX_SEA,SEA,0.4364264337116655,0.013613309857734564,17.861758326662,-0.20975316184567314,-0.27882000081823205
2013_03_KC_PHI,KC,0.07147459240480675,-0.20736708430019368,-2.4492831392721697,-0.3489185419260229,0.11732502097584521
2013_03_KC_PHI,PHI,-0.3489185419260229,0.11732502097584521,-8.263371833439532,0.07147459240480675,-0.20736708430019368
2013_03_NYG_CAR,CAR,0.3194602431980369,0.017714272762532346,0.5064751814912867,-0.5100788678193593,-0.4214778593604398
2013_03_NYG_CAR,NYG,-0.5100788678193593,-0.4214778593604398,-8.80201961155291,0.3194602431980369,0.017714272762532346
2013_03_OAK_DEN,DEN,0.36148936727577513,0.10558044495921808,21.792556144095755,0.2576162406912772,-0.2968565986466274
2013_03_OAK_DEN,LV,0.2576162406912772,-0.2968565986466274,10.686628568557001,0.36148936727577513,0.10558044495921808
2013_03_SD_TEN,LAC,0.24387722821354713,0.005717658260180642,16.675348952412605,0.2823033773595261,-0.10098161476371051
2013_03_SD_TEN,TEN,0.2823033773595261,-0.10098161476371051,6.4011285702387495,0.24387722821354713,0.005717658260180642
2013_03_STL_DAL,DAL,0.4366595691394295,0.04980202800694055,8.115640530983606,-0.3028136098091009,-0.23877600990146255
2013_03_STL_DAL,LA,-0.3028136098091009,-0.23877600990146255,-6.051607212672631,0.4366595691394295,0.04980202800694055
2013_03_TB_NE,NE,0.14227567527265306,-0.07524420307210129,1.5459490733014212,-0.12371265685126688,-0.1902730575053614
2013_03_TB_NE,TB,-0.12371265685126688,-0.1902730575053614,-6.2429530055899365,0.14227567527265306,-0.07524420307210129
2013_04_ARI_TB,ARI,-0.08378970501661834,-0.4818377878616835,-5.9025577596715975,-0.20588432239290008,-0.22617601237337415
2013_04_ARI_TB,TB,-0.20588432239290008,-0.22617601237337415,-5.606255219096229,-0.08378970501661834,-0.4818377878616835
2013_04_BAL_BUF,BAL,-0.26076555000141355,-0.4112061384737238,-4.848697021299479,-0.3369477963946523,-0.12209658119245433
2013_04_BAL_BUF,BUF,-0.3369477963946523,-0.12209658119245433,-8.116991547021,-0.26076555000141355,-0.4112061384737238
2013_04_CHI_DET,CHI,-0.14018096246951023,0.2473781677428633,0.39666193596860194,-0.09026572541158034,-0.004829120688607012
2013_04_CHI_DET,DET,-0.09026572541158034,-0.004829120688607012,-2.158408420426505,-0.14018096246951023,0.2473781677428633
2013_04_CIN_CLE,CIN,-0.10453438939971693,-0.3763687483927545,-6.449256766410101,0.18065386928135385,-0.14484106356618354
2013_04_CIN_CLE,CLE,0.18065386928135385,-0.14484106356618354,4.720799232784071,-0.10453438939971693,-0.3763687483927545
2013_04_DAL_SD,DAL,-0.048925866261431965,0.31813345577878255,7.411801976126593,0.24909324476385172,-0.01804848123408322
2013_04_DAL_SD,LAC,0.24909324476385172,-0.01804848123408322,23.0897119641304,-0.048925866261431965,0.31813345577878255
2013_04_IND_JAX,IND,0.30067863631144365,0.01850949979852885,5.7560433682642484,-0.49957796515333774,-0.4021142026758753
2013_04_IND_JAX,JAX,-0.49957796515333774,-0.4021142026758753,-5.355833230480071,0.30067863631144365,0.01850949979852885
2013_04_MIA_NO,MIA,-0.18313821878955636,0.07453830733356881,-0.019082339370951933,0.5207113054539912,-0.40402039647451604
2013_04_MIA_NO,NO,0.5207113054539912,-0.40402039647451604,9.717640516005064,-0.18313821878955636,0.07453830733356881
2013_04_NE_ATL,ATL,0.08027437725461738,-0.11284480015092413,0.7254112441584749,0.6471533898318731,-0.10397484339398122
2013_04_NE_ATL,NE,0.6471533898318731,-0.10397484339398122,5.633473636642579,0.08027437725461738,-0.11284480015092413
2013_04_NYG_KC,KC,0.22206952613962647,-0.5432867730730019,-5.4831262768768685,-0.19335024975827375,-0.3802808530977927
2013_04_NYG_KC,NYG,-0.19335024975827375,-0.3802808530977927,-11.171016902536959,0.22206952613962647,-0.5432867730730019
2013_04_NYJ_TEN,NYJ,-0.3394310198817425,-0.1647210978276451,9.84908245942172,0.4237751917496711,-0.3982991236736308
2013_04_NYJ_TEN,TEN,0.4237751917496711,-0.3982991236736308,6.480853538960218,-0.3394310198817425,-0.1647210978276451
2013_04_PHI_DEN,DEN,0.5894495344260262,0.054568653943152315,16.48585715809384,0.29551818986265227,0.014912492888658467
2013_04_PHI_DEN,PHI,0.29551818986265227,0.014912492888658467,-7.269129637748964,0.5894495344260262,0.054568653943152315
2013_04_PIT_MIN,MIN,0.5760808789963849,0.18652678499105,-0.29278695583343506,0.24628224387755498,0.07932985425577499
2013_04_PIT_MIN,PIT,0.24628224387755498,0.07932985425577499,10.824667868462015,0.5760808789963849,0.18652678499105
2013_04_SEA_HOU,HOU,-0.053912376493890496,-0.1941518589408126,0.43242202729594953,-0.03142776277711306,-0.29996763755722594
2013_04_SEA_HOU,SEA,-0.03142776277711306,-0.29996763755722594,-10.567560468031013,-0.053912376493890496,-0.1941518589408126
2013_04_SF_STL,LA,-0.36191770298371684,-0.4002644425191204,-17.119507964064436,0.23648426889364296,-0.12342913012801546
2013_04_SF_STL,SF,0.23648426889364296,-0.12342913012801546,-0.9457836980405061,-0.36191770298371684,-0.4002644425191204
2013_04_WAS_OAK,LV,-0.39338879056012954,-0.27251738236219836,0.1104152761399746,-0.053802205261651095,-0.08176484540672391
2013_04_WAS_OAK,WAS,-0.053802205261651095,-0.08176484540672391,0.6023511804383377,-0.39338879056012954,-0.27251738236219836
2013_05_BAL_MIA,BAL,0.2602466979355723,-0.21897101104223352,0.128876231610775,-0.00350724099793629,-0.6431769017574631
2013_05_BAL_MIA,MIA,-0.00350724099793629,-0.6431769017574631,-3.8707811973596873,0.2602466979355723,-0.21897101104223352
2013_05_BUF_CLE,BUF,-0.11483982964703758,0.10424724787202043,-12.715480588376522,0.015431570965996146,-0.13335053382227974
2013_05_BUF_CLE,CLE,0.015431570965996146,-0.13335053382227974,-2.1967059799603055,-0.11483982964703758,0.10424724787202043
2013_05_CAR_ARI,ARI,-0.07011503335851194,-0.22291559103932404,10.640000082828381,-0.44222979852021277,-0.08444416078106899
2013_05_CAR_ARI,CAR,-0.44222979852021277,-0.08444416078106899,-5.515221153434954,-0.07011503335851194,-0.22291559103932404
2013_05_DEN_DAL,DAL,0.6227685431175886,-0.06261715755576733,11.67493121964591,0.6327981041013738,0.016963307579228
2013_05_DEN_DAL,DEN,0.6327981041013738,0.016963307579228,14.563522251640878,0.6227685431175886,-0.06261715755576733
2013_05_DET_GB,DET,-0.03950476406369968,-0.05972338175504572,-1.5801595896482468,0.3118807159499719,0.04792250956913146
2013_05_DET_GB,GB,0.3118807159499719,0.04792250956913146,8.419044778264801,-0.03950476406369968,-0.05972338175504572
2013_05_HOU_SF,HOU,-0.2919633404814359,-0.26081385216375275,-7.611720913495773,0.31924496190659757,0.05941649270243943
2013_05_HOU_SF,SF,0.31924496190659757,0.05941649270243943,-13.992009361584982,-0.2919633404814359,-0.26081385216375275
2013_05_JAX_STL,JAX,-0.3983005309000742,-0.12098413079559324,-10.07507611066103,0.10620886660126977,-0.03620171931012714
2013_05_JAX_STL,LA,0.10620886660126977,-0.03620171931012714,-8.901006947545444,-0.3983005309000742,-0.12098413079559324
2013_05_KC_TEN,KC,-0.07902699737572233,-0.10730283559476937,-7.637133277379549,-0.016901843659469742,-0.4556388443488686
2013_05_KC_TEN,TEN,-0.016901843659469742,-0.4556388443488686,-10.128836806227522,-0.07902699737572233,-0.10730283559476937
2013_05_NE_CIN,CIN,0.009076893651032295,-0.05421022474932085,6.809868801523138,-0.1366261721725417,-0.31623443850225563
2013_05_NE_CIN,NE,-0.1366261721725417,-0.31623443850225563,-8.986174729135302,0.009076893651032295,-0.05421022474932085
2013_05_NO_CHI,CHI,0.056762486715771554,0.006388167911455689,12.52566652767586,0.4215727553130922,-0.2576446063573276
2013_05_NO_CHI,NO,0.4215727553130922,-0.2576446063573276,19.183130124036005,0.056762486715771554,0.006388167911455689
2013_05_NYJ_ATL,ATL,0.24003822640386513,-0.333133608892398,15.580054988031803,0.379293112811692,-0.012505381417616946
2013_05_NYJ_ATL,NYJ,0.379293112811692,-0.012505381417616946,12.618121355772018,0.24003822640386513,-0.333133608892398
2013_05_PHI_NYG,NYG,-0.0036359805052845993,-0.3686092429141152,-9.37666005017806,0.39140929163697125,-0.14927113083253937
2013_05_PHI_NYG,PHI,0.39140929163697125,-0.14927113083253937,3.9395020653804145,-0.0036359805052845993,-0.3686092429141152
2013_05_SD_OAK,LAC,0.27947086694655665,-0.7150669680589712,12.074467477699121,0.12081179928559188,-0.058192008185370105
2013_05_SD_OAK,LV,0.12081179928559188,-0.058192008185370105,15.472272945486981,0.27947086694655665,-0.7150669680589712
2013_05_SEA_IND,IND,0.21209583890253805,0.03262657382822625,-6.51155895200269,0.3124222984531797,-0.056079695445877126
2013_05_SEA_IND,SEA,0.3124222984531797,-0.056079695445877126,-8.969913086583537,0.21209583890253805,0.03262657382822625
2013_06_ARI_SF,ARI,-0.1878289981373275,0.11626706805933888,1.6014598309993744,0.014640840072317238,-0.06843843083912542
2013_06_ARI_SF,SF,0.014640840072317238,-0.06843843083912542,-6.996842293903746,-0.1878289981373275,0.11626706805933888
2013_06_CAR_MIN,CAR,0.7278008823085463,-0.04225465247873217,7.6071496193225565,-0.19996418256386456,0.035905282313857846
2013_06_CAR_MIN,MIN,-0.19996418256386456,0.035905282313857846,4.647195000540126,0.7278008823085463,-0.04225465247873217
2013_06_CIN_BUF,BUF,-0.016924623267708678,0.15574523796870685,-4.7933910973370075,0.36252631298017385,-0.029529618502516636
2013_06_CIN_BUF,CIN,0.36252631298017385,-0.029529618502516636,0.3290374309588701,-0.016924623267708678,0.15574523796870685
2013_06_DET_CLE,CLE,-0.0813774690522016,0.15117430901706316,3.6499347992059663,0.32196787902139334,-0.002987068164377258
2013_06_DET_CLE,DET,0.32196787902139334,-0.002987068164377258,-2.564688893251641,-0.0813774690522016,0.15117430901706316
2013_06_GB_BAL,BAL,0.09841616745076985,-0.5227123251983854,-2.3087195613804985,0.1313397012974875,-0.07751884242419951
2013_06_GB_BAL,GB,0.1313397012974875,-0.07751884242419951,-8.730074483901262,0.09841616745076985,-0.5227123251983854
2013_06_IND_SD,IND,-0.09364403402886984,0.08094787842128426,1.374988000968407,0.23059994421823904,-0.05178903492334349
2013_06_IND_SD,LAC,0.23059994421823904,-0.05178903492334349,4.604270122945309,-0.09364403402886984,0.08094787842128426
2013_06_JAX_DEN,DEN,0.23369154065174214,-0.07330188887944031,2.4885759467170354,0.0015649063505260368,-0.2888141664581064
2013_06_JAX_DEN,JAX,0.0015649063505260368,-0.2888141664581064,3.4657337835856845,0.23369154065174214,-0.07330188887944031
2013_06_NO_NE,NE,0.12932872970717443,-0.10968409322073171,-1.4440545013972692,0.13602081290042284,0.07367720229551196
2013_06_NO_NE,NO,0.13602081290042284,0.07367720229551196,-10.055058201154074,0.12932872970717443,-0.10968409322073171
2013_06_NYG_CHI,CHI,0.27891485954945544,-0.16247003399702306,8.514861421925682,0.05468776961164882,0.08946349804710525
2013_06_NYG_CHI,NYG,0.05468776961164882,0.08946349804710525,0.2287476108624385,0.27891485954945544,-0.16247003399702306
2013_06_OAK_KC,KC,-0.26121093289536534,0.040516034795776555,-16.86301919920691,-0.2815772373566632,-0.25140769210178404
2013_06_OAK_KC,LV,-0.2815772373566632,-0.25140769210178404,-10.787175069837009,-0.26121093289536534,0.040516034795776555
2013_06_PHI_TB,PHI,0.5586446580743151,-0.14031624879493565,5.733932025970951,0.08852363972748226,-0.3327796649466158
2013_06_PHI_TB,TB,0.08852363972748226,-0.3327796649466158,5.4232235902395,0.5586446580743151,-0.14031624879493565
2013_06_PIT_NYJ,NYJ,-0.352010374083227,-0.06846331607666797,-3.701337558381698,0.26673038577521135,-0.2558787964261137
2013_06_PIT_NYJ,PIT,0.26673038577521135,-0.2558787964261137,13.416618589432009,-0.352010374083227,-0.06846331607666797
2013_06_STL_HOU,HOU,-0.26895777528516224,0.13898893795752276,2.519469120000538,0.9051510121089308,-0.1388458234553885
2013_06_STL_HOU,LA,0.9051510121089308,-0.1388458234553885,11.574964970350266,-0.26895777528516224,0.13898893795752276
2013_06_TEN_SEA,SEA,0.0918878583519245,-0.25510649303153815,8.224620719750723,-0.049492298383240485,-0.4751684927769626
2013_06_TEN_SEA,TEN,-0.049492298383240485,-0.4751684927769626,-1.312659467969622,0.0918878583519245,-0.25510649303153815
2013_06_WAS_DAL,DAL,-0.09279242262997173,0.021570528922893573,-4.044976419415967,-0.048745262371078533,0.0776171350679624
2013_06_WAS_DAL,WAS,-0.048745262371078533,0.0776171350679624,-16.333241211740596,-0.09279242262997173,0.021570528922893573
2013_07_BAL_PIT,BAL,0.33439242152884674,-0.19779671293486764,8.734949546701769,0.1450087295091566,0.04874305680598488
2013_07_BAL_PIT,PIT,0.1450087295091566,0.04874305680598488,9.564011641170667,0.33439242152884674,-0.19779671293486764
2013_07_BUF_MIA,BUF,-0.08144838230133072,-0.03897308921035673,3.196287527680397,-0.21469577468085252,0.0068485744250938296
2013_07_BUF_MIA,MIA,-0.21469577468085252,0.0068485744250938296,-7.73628658136806,-0.08144838230133072,-0.03897308921035673
2013_07_CHI_WAS,CHI,0.1541128442963035,0.2976810212260009,-1.3996822493416923,0.4147023155664743,0.11237342752716613
2013_07_CHI_WAS,WAS,0.4147023155664743,0.11237342752716613,0.4517566027312443,0.1541128442963035,0.2976810212260009
2013_07_CIN_DET,CIN,0.5707175302654561,-0.25840003599943073,12.496829312294722,0.37194614065572235,-0.24405730362050235
2013_07_CIN_DET,DET,0.37194614065572235,-0.24405730362050235,-0.9348914939530042,0.5707175302654561,-0.25840003599943073
2013_07_CLE_GB,CLE,-0.22738823894402121,0.06640218110433557,-14.614776894450188,0.371213260094148,-0.035751360976764075
2013_07_CLE_GB,GB,0.371213260094148,-0.035751360976764075,11.90142369631565,-0.22738823894402121,0.06640218110433557
2013_07_DAL_PHI,DAL,0.09751248713694713,-0.2086890293816712,-1.9390591281525633,-0.31979885221780163,-0.161266763511646
2013_07_DAL_PHI,PHI,-0.31979885221780163,-0.161266763511646,-14.595045894384384,0.09751248713694713,-0.2086890293816712
2013_07_DEN_IND,DEN,0.25458336128673176,-0.5110818147746613,3.8593595226605735,0.12587910755839363,-0.4030229022868702
2013_07_DEN_IND,IND,0.12587910755839363,-0.4030229022868702,-6.17826753541043,0.25458336128673176,-0.5110818147746613
2013_07_HOU_KC,HOU,0.06543112072399535,-0.22118332590306622,2.8387268781661987,0.21061596243777564,-0.220140461653784
2013_07_HOU_KC,KC,0.21061596243777564,-0.220140461653784,4.346638216691859,0.06543112072399535,-0.22118332590306622
2013_07_MIN_NYG,MIN,-0.28882396121273723,-0.3106617754154805,-18.031453823342044,0.10940841130746144,-0.39398139450543873
2013_07_MIN_NYG,NYG,0.10940841130746144,-0.39398139450543873,-3.5996931485640697,-0.28882396121273723,-0.3106617754154805
2013_07_NE_NYJ,NE,-0.16763308801718352,-0.004231068829540163,-12.452657520771027,0.04067574197721794,-0.16037218930132535
2013_07_NE_NYJ,NYJ,0.04067574197721794,-0.16037218930132535,-2.319780398498882,-0.16763308801718352,-0.004231068829540163
2013_07_SD_JAX,JAX,-0.1712327399712343,0.08870948898038478,-0.25776856475406223,0.5703021970921146,0.02654251640716039
2013_07_SD_JAX,LAC,0.5703021970921146,0.02654251640716039,17.000767359366783,-0.1712327399712343,0.08870948898038478
2013_07_SEA_ARI,ARI,-0.25299017535842777,-0.2666785298351897,5.352925306016749,0.0862284287533838,-0.011704477312942517
2013_07_SEA_ARI,SEA,0.0862284287533838,-0.011704477312942517,4.412397639504794,-0.25299017535842777,-0.2666785298351897
2013_07_SF_TEN,SF,0.46536019989826644,0.09345298547004835,5.683853512718564,0.12662860416665978,-0.27946512096483883
2013_07_SF_TEN,TEN,0.12662860416665978,-0.27946512096483883,0.24593974032053134,0.46536019989826644,0.09345298547004835
2013_07_STL_CAR,CAR,0.6457770960777526,-0.34979062521231263,26.32028285194846,-0.17757975413498236,-0.21482454547658564
2013_07_STL_CAR,LA,-0.17757975413498236,-0.21482454547658564,5.3796016994644615,0.6457770960777526,-0.34979062521231263
2013_07_TB_ATL,ATL,0.6091600807172954,-0.43178206789889373,10.904154539108276,0.04451072627743014,-0.08288360480427011
2013_07_TB_ATL,TB,0.04451072627743014,-0.08288360480427011,-5.493242361328819,0.6091600807172954,-0.43178206789889373
2013_08_ATL_ARI,ARI,0.09666871625378064,0.09002926946462443,10.84375348356035,-0.045248983869236835,-0.4496903512127964
2013_08_ATL_ARI,ATL,-0.045248983869236835,-0.4496903512127964,-6.862133135229854,0.09666871625378064,0.09002926946462443
2013_08_BUF_NO,BUF,-0.06293123376305536,-0.2395695942589858,-3.6344545773970776,0.2909355362248067,-0.021048303725282578
2013_08_BUF_NO,NO,0.2909355362248067,-0.021048303725282578,14.513840729540044,-0.06293123376305536,-0.2395695942589858
2013_08_CAR_TB,CAR,0.20786321253908505,0.24183481258972148,5.637203902006149,-0.11663581953826377,-0.3008821911122389
2013_08_CAR_TB,TB,-0.11663581953826377,-0.3008821911122389,-4.396021008491516,0.20786321253908505,0.24183481258972148
2013_08_CLE_KC,CLE,0.15022722680443726,-0.08343458140734583,2.3502295783587863,0.12458511601397164,-0.018205575414109346
2013_08_CLE_KC,KC,0.12458511601397164,-0.018205575414109346,2.4710350377219066,0.15022722680443726,-0.08343458140734583
2013_08_DAL_DET,DAL,0.04309541830680778,-0.22082142996283255,-14.739391108353933,0.04610867264281693,-0.08798772635158716
2013_08_DAL_DET,DET,0.04610867264281693,-0.08798772635158716,10.292859209908379,0.04309541830680778,-0.22082142996283255
2013_08_GB_MIN,GB,0.6764654322911913,0.08131708590430632,16.01008279570218,0.28193328856931804,0.19950094738354285
2013_08_GB_MIN,MIN,0.28193328856931804,0.19950094738354285,1.750459372997284,0.6764654322911913,0.08131708590430632
2013_08_MIA_NE,MIA,-0.06729665754016008,0.09185588861388776,-6.333858519792557,-0.07706379528877104,0.039977090268193495
2013_08_MIA_NE,NE,-0.07706379528877104,0.039977090268193495,-3.4446585036459423,-0.06729665754016008,0.09185588861388776
2013_08_NYG_PHI,NYG,0.060776275083890455,-0.36415605256016453,4.052990910254027,-0.37250793871583504,-0.1614954072995008
2013_08_NYG_PHI,PHI,-0.37250793871583504,-0.1614954072995008,1.56564440797357,0.060776275083890455,-0.36415605256016453
2013_08_NYJ_CIN,CIN,0.7782232548978011,-0.3507473888845804,7.135356614987056,-0.36030506222938596,-0.3671196371849094
2013_08_NYJ_CIN,NYJ,-0.36030506222938596,-0.3671196371849094,-1.0474381347497304,0.7782232548978011,-0.3507473888845804
2013_08_PIT_OAK,LV,-0.45232460021725274,0.03430971062163521,-10.604584295498697,-0.09153020067917005,-0.06110692545418677
2013_08_PIT_OAK,PIT,-0.09153020067917005,-0.06110692545418677,-0.09815943512049588,-0.45232460021725274,0.03430971062163521
2013_08_SEA_STL,LA,-0.3675412247488348,0.0618110884845789,-15.38881669121404,-0.16185146036358283,-0.35146568836353254
2013_08_SEA_STL,SEA,-0.16185146036358283,-0.35146568836353254,-7.304512461026509,-0.3675412247488348,0.0618110884845789
2013_08_SF_JAX,JAX,-0.04284724519971325,-0.18631136556009384,-1.86415606074863,0.7886036450165027,0.2592724482478973
2013_08_SF_JAX,SF,0.7886036450165027,0.2592724482478973,5.438560247421265,-0.04284724519971325,-0.18631136556009384
2013_08_WAS_DEN,DEN,0.020396121349245892,0.05138395639557031,3.964924744584344,-0.5577489755296088,-0.00028904519975185393
2013_08_WAS_DEN,WAS,-0.5577489755296088,-0.00028904519975185393,-5.031286905973386,0.020396121349245892,0.05138395639557031
2013_09_ATL_CAR,ATL,-0.2506363529258357,-0.20425931661156937,9.920004451716387,0.2318107999669706,0.008650676794891836
2013_09_ATL_CAR,CAR,0.2318107999669706,0.008650676794891836,4.5191240807374315,-0.2506363529258357,-0.20425931661156937
2013_09_BAL_CLE,BAL,0.07181005467509782,-0.3012918308202643,-0.4241078346967697,0.28212769930740417,-0.4433929278247489
2013_09_BAL_CLE,CLE,0.28212769930740417,-0.4433929278247489,1.7877812321121629,0.07181005467509782,-0.3012918308202643
2013_09_CHI_GB,CHI,0.25952608803385996,0.07232112313367467,-6.548831984400749,-0.3963164364562663,0.2791822050702259
2013_09_CHI_GB,GB,-0.3963164364562663,0.2791822050702259,-8.55492509546734,0.25952608803385996,0.07232112313367467
2013_09_CIN_MIA,CIN,-0.16420379726440296,0.22822427759397654,-2.772584557533264,0.043558641604161896,-0.11898517570419548
2013_09_CIN_MIA,MIA,0.043558641604161896,-0.11898517570419548,7.0538283458777835,-0.16420379726440296,0.22822427759397654
2013_09_IND_HOU,HOU,0.5120429331296421,-0.1795347933566518,1.8612254749644885,0.2360903092666697,-0.009305220807436853
2013_09_IND_HOU,IND,0.2360903092666697,-0.009305220807436853,-16.476542986929417,0.5120429331296421,-0.1795347933566518
2013_09_KC_BUF,BUF,-0.4183882886608954,0.18466448147147377,-15.10087373929146,-0.15136385265631921,0.003610489509843206
2013_09_KC_BUF,KC,-0.15136385265631921,0.003610489509843206,-0.4810787480452965,-0.4183882886608954,0.18466448147147377
2013_09_MIN_DAL,DAL,0.1036791467810652,-0.4882152682112064,-1.778794527053833,0.10777714768085968,-0.09640855252736369
2013_09_MIN_DAL,MIN,0.10777714768085968,-0.09640855252736369,3.457246720790863,0.1036791467810652,-0.4882152682112064
2013_09_NO_NYJ,NO,0.13299996662673907,-0.3013838982830445,-2.216619895953758,-0.11448934405828527,0.12183142835315067
2013_09_NO_NYJ,NYJ,-0.11448934405828527,0.12183142835315067,-22.31170102953911,0.13299996662673907,-0.3013838982830445
2013_09_PHI_OAK,LV,-0.048882134011076356,0.0754534824637058,-7.582067449887593,0.990797126547633,-0.03415694310784933
2013_09_PHI_OAK,PHI,0.990797126547633,-0.03415694310784933,20.42142927646637,-0.048882134011076356,0.0754534824637058
2013_09_PIT_NE,NE,0.656647759397185,0.14615327571077977,13.30288377675143,0.09626452493413296,0.016902118051228553
2013_09_PIT_NE,PIT,0.09626452493413296,0.016902118051228553,1.2056345120072365,0.656647759397185,0.14615327571077977
2013_09_SD_WAS,LAC,0.19549444991341897,-0.042041350613414706,-0.390708608471829,0.36381353092149726,0.13457441171200857
2013_09_SD_WAS,WAS,0.36381353092149726,0.13457441171200857,3.710919711738825,0.19549444991341897,-0.042041350613414706
2013_09_TB_SEA,SEA,0.304665050267643,0.21354353781263793,12.170683649870066,0.3017965366428449,0.09247222856437373
2013_09_TB_SEA,TB,0.3017965366428449,0.09247222856437373,25.20328958829244,0.304665050267643,0.21354353781263793
2013_09_TEN_STL,LA,0.12918916941951264,-0.12442362918180504,-6.6441350561731,0.0022190070223336205,0.26578493246506696
2013_09_TEN_STL,TEN,0.0022190070223336205,0.26578493246506696,-5.187875845215538,0.12918916941951264,-0.12442362918180504
2013_10_BUF_PIT,BUF,-0.23552857424610393,-0.09089287285751198,-7.098104138123362,-0.2510917736398959,0.002718619451942769
2013_10_BUF_PIT,PIT,-0.2510917736398959,0.002718619451942769,-1.1513193448384602,-0.23552857424610393,-0.09089287285751198
2013_10_CAR_SF,CAR,-0.14452862169537684,-0.15872051756429886,-11.037596315145493,-0.282446279268178,-0.4960159776622672
2013_10_CAR_SF,SF,-0.282446279268178,-0.4960159776622672,-12.92794726111672,-0.14452862169537684,-0.15872051756429886
2013_10_CIN_BAL,BAL,-0.18877596865485352,-0.25243497298907713,-7.5969065229098005,-0.20312623551891457,-0.0483082605663055
2013_10_CIN_BAL,CIN,-0.20312623551891457,-0.0483082605663055,-12.26914268732071,-0.18877596865485352,-0.25243497298907713
2013_10_DAL_NO,DAL,-0.19084717293040634,0.14664465216628741,-19.71421604571135,0.5345053472252818,0.5086783483469238
2013_10_DAL_NO,NO,0.5345053472252818,0.5086783483469238,17.730589509010315,-0.19084717293040634,0.14664465216628741
2013_10_DEN_SD,DEN,0.38519548466674197,-0.08892726694731126,6.148546934127808,0.17763342439102253,-0.0383882641076553
2013_10_DEN_SD,LAC,0.17763342439102253,-0.0383882641076553,5.103356571033083,0.38519548466674197,-0.08892726694731126
2013_10_DET_CHI,CHI,0.18094317931759393,-0.5617006727096053,-1.8232712332083254,0.1002445103267593,0.10902844110969453
2013_10_DET_CHI,DET,0.1002445103267593,0.10902844110969453,-6.877186468669346,0.18094317931759393,-0.5617006727096053
2013_10_HOU_ARI,ARI,0.07185366511557817,-0.2950131201983285,2.4189013627267655,-0.18776740689234434,-0.0612482432310581
2013_10_HOU_ARI,HOU,-0.18776740689234434,-0.0612482432310581,-5.429119562230459,0.07185366511557817,-0.2950131201983285
2013_10_JAX_TEN,JAX,-0.06883193369763571,-0.2906781785633517,1.4263042937154355,0.01522009548356352,-0.5010210857193064
2013_10_JAX_TEN,TEN,0.01522009548356352,-0.5010210857193064,-1.8151100192751204,-0.06883193369763571,-0.2906781785633517
2013_10_MIA_TB,MIA,0.07400517324957509,-0.4609256168436592,3.174490552572977,-0.020074866990940982,-0.08066156387920617
2013_10_MIA_TB,TB,-0.020074866990940982,-0.08066156387920617,0.01665176380248297,0.07400517324957509,-0.4609256168436592
2013_10_OAK_NYG,LV,-0.6925247520349693,0.08637518762575033,-21.88551475604375,-0.3474788900829507,-0.05457821525799643
2013_10_OAK_NYG,NYG,-0.3474788900829507,-0.05457821525799643,-6.669756228273565,-0.6925247520349693,0.08637518762575033
2013_10_PHI_GB,GB,0.0003535303865091726,-0.11651308568349729,2.282137220556086,0.4926431357790611,0.05574500726087767
2013_10_PHI_GB,PHI,0.4926431357790611,0.05574500726087767,6.714226802190145,0.0003535303865091726,-0.11651308568349729
2013_10_SEA_ATL,ATL,-0.02942752003656788,-0.1664549261600209,-7.010994023746914,0.6933715232680229,0.08681645240615915
2013_10_SEA_ATL,SEA,0.6933715232680229,0.08681645240615915,12.705113280277986,-0.02942752003656788,-0.1664549261600209
2013_10_STL_IND,IND,-0.2551164355897963,-0.8004668661386758,-2.9232326447963715,0.9122695903077127,-0.3182899875619189
2013_10_STL_IND,LA,0.9122695903077127,-0.3182899875619189,-8.63918773829937,-0.2551164355897963,-0.8004668661386758
2013_10_WAS_MIN,MIN,0.36695763393002956,0.11550064033751066,11.985338065359327,0.3203305926276211,0.06479444542330587
2013_10_WAS_MIN,WAS,0.3203305926276211,0.06479444542330587,2.5498430218015398,0.36695763393002956,0.11550064033751066
2013_11_ARI_JAX,ARI,0.37534362930206916,-0.27278406119772364,11.774362660035855,-0.1986479436668257,-0.19824582863293472
2013_11_ARI_JAX,JAX,-0.1986479436668257,-0.19824582863293472,-4.599120574338095,0.37534362930206916,-0.27278406119772364
2013_11_ATL_TB,ATL,-0.07929410889182396,0.45510100957749056,-8.757428963517034,0.2037383114914306,0.09655542314009692
2013_11_ATL_TB,TB,0.2037383114914306,0.09655542314009692,16.453936994075775,-0.07929410889182396,0.45510100957749056
2013_11_BAL_CHI,BAL,-0.04759151116028593,-0.04405444001030127,-9.539554676701945,0.18537952597847632,-0.12887456357928098
2013_11_BAL_CHI,CHI,0.18537952597847632,-0.12887456357928098,0.37621038575326243,-0.04759151116028593,-0.04405444001030127
2013_11_CLE_CIN,CIN,-0.5657144327892448,-0.18645199679511093,-6.2747648468724,-0.4936174485375763,0.14173003560924707
2013_11_CLE_CIN,CLE,-0.4936174485375763,0.14173003560924707,-13.705451840704137,-0.5657144327892448,-0.18645199679511093
2013_11_DET_PIT,DET,0.1418507108782913,-0.33857331248388317,-12.268729408582052,0.455564509927718,-0.4721719896752876
2013_11_DET_PIT,PIT,0.455564509927718,-0.4721719896752876,0.6805149714152018,0.1418507108782913,-0.33857331248388317
2013_11_GB_NYG,GB,-0.049369618858430386,-0.36691391811473295,11.365546379238367,-0.04730826185607405,0.14856564306208622
2013_11_GB_NYG,NYG,-0.04730826185607405,0.14856564306208622,6.0829165152141025,-0.049369618858430386,-0.36691391811473295
2013_11_IND_TEN,IND,0.20073222089365567,0.29925069011873207,-1.8134781055980258,0.3340096753830257,0.19476278269541494
2013_11_IND_TEN,TEN,0.3340096753830257,0.19476278269541494,11.591442674398422,0.20073222089365567,0.29925069011873207
2013_11_KC_DEN,DEN,0.3007984699202329,-0.24588800924448576,-7.095430567860603,-0.07602456039008261,-0.1284248272835476
2013_11_KC_DEN,KC,-0.07602456039008261,-0.1284248272835476,-14.382968978448348,0.3007984699202329,-0.24588800924448576
2013_11_MIN_SEA,MIN,-0.19469577361910226,-0.06620706068426971,-10.302729992305531,0.47908714709629335,-0.20359358010236733
2013_11_MIN_SEA,SEA,0.47908714709629335,-0.20359358010236733,15.706387162208557,-0.19469577361910226,-0.06620706068426971
2013_11_NE_CAR,CAR,0.5357988739663797,-0.1609749908617232,6.161880812474659,0.32114001475197435,-0.05642571701229407
2013_11_NE_CAR,NE,0.32114001475197435,-0.05642571701229407,8.38420145213604,0.5357988739663797,-0.1609749908617232
2013_11_NYJ_BUF,BUF,0.2678080460687392,-0.25231057032142606,11.447023121373993,-0.6318198860099659,0.11277145435831146
2013_11_NYJ_BUF,NYJ,-0.6318198860099659,0.11277145435831146,-13.73990070203255,0.2678080460687392,-0.25231057032142606
2013_11_OAK_HOU,HOU,-0.25459467894540805,-0.23366142099534737,-12.55993222196897,-0.035338376459354906,-0.008125291442528607
2013_11_OAK_HOU,LV,-0.035338376459354906,-0.008125291442528607,-3.61857688985765,-0.25459467894540805,-0.23366142099534737
2013_11_SD_MIA,LAC,0.022320830881304935,0.12559030938195065,6.649973762757851,0.05250100443498945,0.2801070866269237
2013_11_SD_MIA,MIA,0.05250100443498945,0.2801070866269237,-0.9197633607046944,0.022320830881304935,0.12559030938195065
2013_11_SF_NO,NO,0.020068251237250173,-0.021648392691208523,3.871873233999525,-0.0042823205994630496,-0.32462520689066304
2013_11_SF_NO,SF,-0.0042823205994630496,-0.32462520689066304,-2.9049614380145896,0.020068251237250173,-0.021648392691208523
2013_11_WAS_PHI,PHI,0.33494405875366856,-0.1458113146584545,9.112780451774597,0.005712668200588228,0.10786469824405331
2013_11_WAS_PHI,WAS,0.005712668200588228,0.10786469824405331,-5.340499588937471,0.33494405875366856,-0.1458113146584545
2013_12_CAR_MIA,CAR,-0.09987697059626346,0.121325179412961,-10.349039934776926,-0.009441080074439428,-0.5176352184227047
2013_12_CAR_MIA,MIA,-0.009441080074439428,-0.5176352184227047,8.535027976443128,-0.09987697059626346,0.121325179412961
2013_12_CHI_STL,CHI,0.20221407185202803,-0.4025491212475269,8.816087245941162,0.22352397108431696,0.5204674282778377
2013_12_CHI_STL,LA,0.22352397108431696,0.5204674282778377,-12.459020858461207,0.20221407185202803,-0.4025491212475269
2013_12_DAL_NYG,DAL,0.03964470849993328,0.16565201565390453,-4.969571687673268,-0.3174509338091735,0.19639052154103512
2013_12_DAL_NYG,NYG,-0.3174509338091735,0.19639052154103512,-6.351357797781627,0.03964470849993328,0.16565201565390453
2013_12_DEN_NE,DEN,-0.25738797246040557,0.2106240300094181,-5.748734228751239,0.15533605862091618,-0.561694890417134
2013_12_DEN_NE,NE,0.15533605862091618,-0.561694890417134,8.700749464333057,-0.25738797246040557,0.2106240300094181
2013_12_IND_ARI,ARI,0.529632685182213,-0.21234608135194263,10.439170212359041,-0.18568138165267162,-0.4988239467000732
2013_12_IND_ARI,IND,-0.18568138165267162,-0.4988239467000732,-9.645017197257594,0.529632685182213,-0.21234608135194263
2013_12_JAX_HOU,HOU,-0.3133306651480602,-0.1967969530101289,-11.267066560685635,0.053852615919559865,-0.07485406363498745
2013_12_JAX_HOU,JAX,0.053852615919559865,-0.07485406363498745,8.390186354517937,-0.3133306651480602,-0.1967969530101289
2013_12_MIN_GB,GB,0.08577283843120638,0.1503764528536302,-3.9989240923706366,0.0310587243662763,0.16368639689989367
2013_12_MIN_GB,MIN,0.0310587243662763,0.16368639689989367,7.367801566918691,0.08577283843120638,0.1503764528536302
2013_12_NO_ATL,ATL,0.08567894016464361,-0.000682357227196917,9.232356673792788,0.36962168973747733,-0.11405520863279336
2013_12_NO_ATL,NO,0.36962168973747733,-0.11405520863279336,6.589283410346869,0.08567894016464361,-0.000682357227196917
2013_12_NYJ_BAL,BAL,-0.0341767329359473,-0.30572098340734,3.24427032912219,-0.4307184760642218,-0.26443778587138067
2013_12_NYJ_BAL,NYJ,-0.4307184760642218,-0.26443778587138067,-16.16537533700466,-0.0341767329359473,-0.30572098340734
2013_12_PIT_CLE,CLE,-0.34006124510036256,-0.15977019196143374,-8.560087273900326,0.276266418436816,-0.3065750692290491
2013_12_PIT_CLE,PIT,0.276266418436816,-0.3065750692290491,1.2311151984966162,-0.34006124510036256,-0.15977019196143374
2013_12_SD_KC,KC,0.31541402868657015,0.13721630950749386,5.5140650755650285,0.5405668894747685,0.07070018103695475
2013_12_SD_KC,LAC,0.5405668894747685,0.07070018103695475,8.542600732583265,0.31541402868657015,0.13721630950749386
2013_12_SF_WAS,SF,0.3006466951983857,-0.270148743799207,7.066720599929492,-0.4979107668204343,-0.2352533650919213
2013_12_SF_WAS,WAS,-0.4979107668204343,-0.2352533650919213,-1.495212775010329,0.3006466951983857,-0.270148743799207
2013_12_TB_DET,DET,-0.17458553596139503,-0.07417308538686485,-7.434016077414803,0.38024917735733454,-0.43438290649051353
2013_12_TB_DET,TB,0.38024917735733454,-0.43438290649051353,8.156631290912628,-0.17458553596139503,-0.07417308538686485
2013_12_TEN_OAK,LV,0.0813419427139949,-0.11568258018550379,-4.9838196486234665,0.31011677778338737,-0.17930668839163935
2013_12_TEN_OAK,TEN,0.31011677778338737,-0.17930668839163935,11.639207746924424,0.0813419427139949,-0.11568258018550379
2013_13_ARI_PHI,ARI,-0.06502315074067155,0.058204787329569546,2.12819409079668,0.1873886993341869,-0.1917224887405492
2013_13_ARI_PHI,PHI,0.1873886993341869,-0.1917224887405492,1.9363348098362194,-0.06502315074067155,0.058204787329569546
2013_13_ATL_BUF,ATL,0.2067150692598031,-0.18255889799068156,-4.49326272974623,-0.03944493356752335,0.23996825182499984
2013_13_ATL_BUF,BUF,-0.03944493356752335,0.23996825182499984,-8.921716827899218,0.2067150692598031,-0.18255889799068156
2013_13_CHI_MIN,CHI,0.14639122280668768,-0.12439456651688764,3.68570830140795,-0.13766725425533297,0.15896664080080644
2013_13_CHI_MIN,MIN,-0.13766725425533297,0.15896664080080644,-0.965170797548796,0.14639122280668768,-0.12439456651688764
2013_13_CIN_SD,CIN,0.21294877890269512,-0.1007743906980307,-3.5208125006068838,-0.04799583419319084,-0.07125501799569263
2013_13_CIN_SD,LAC,-0.04799583419319084,-0.07125501799569263,-1.0062004956934187,0.21294877890269512,-0.1007743906980307
2013_13_DEN_KC,DEN,0.7729184109992229,-0.09138960365297473,6.770147851535252,0.0698517777887173,0.2450069586286025
2013_13_DEN_KC,KC,0.0698517777887173,0.2450069586286025,4.4780679592272135,0.7729184109992229,-0.09138960365297473
2013_13_GB_DET,DET,0.09738252836433918,0.15367665240489992,1.0371056549689348,-0.38289807897832245,-0.8340947354694696
2013_13_GB_DET,GB,-0.38289807897832245,-0.8340947354694696,-11.091118305921555,0.09738252836433918,0.15367665240489992
2013_13_JAX_CLE,CLE,0.10767272432737522,-0.00863172458524912,4.590354095666837,0.03553704971495144,0.06382172901439111
2013_13_JAX_CLE,JAX,0.03553704971495144,0.06382172901439111,-5.937988038470105,0.10767272432737522,-0.00863172458524912
2013_13_MIA_NYJ,MIA,0.2892842398909882,-0.22839359183711078,3.298537326710565,-0.5449007689809043,-0.2710581191501723
2013_13_MIA_NYJ,NYJ,-0.5449007689809043,-0.2710581191501723,-10.86181987609182,0.2892842398909882,-0.22839359183711078
2013_13_NE_HOU,HOU,0.08418168950977117,0.2350059097602584,-7.05662476164954,0.41848547185504187,-0.05539569117266823
2013_13_NE_HOU,NE,0.41848547185504187,-0.05539569117266823,7.292212073395892,0.08418168950977117,0.2350059097602584
2013_13_NO_SEA,NO,-0.34083811773479983,-0.10506920219995664,2.1548702528602197,0.4937498371908736,-0.21803592972785488
2013_13_NO_SEA,SEA,0.4937498371908736,-0.21803592972785488,18.178011733910132,-0.34083811773479983,-0.10506920219995664
2013_13_NYG_WAS,NYG,0.08602864517428704,-0.040361818802193736,15.435202206884112,-0.1089256091723219,-0.10128167169944693
2013_13_NYG_WAS,WAS,-0.1089256091723219,-0.10128167169944693,11.2764373421669,0.08602864517428704,-0.040361818802193736
2013_13_OAK_DAL,DAL,0.19635162876550788,0.13278133736966155,4.918104037642479,0.23140896046812146,-0.3860337461398255
2013_13_OAK_DAL,LV,0.23140896046812146,-0.3860337461398255,2.9863283038139343,0.19635162876550788,0.13278133736966155
2013_13_PIT_BAL,BAL,0.2933776143189705,-0.22007215682858378,6.12708466393607,0.3063624053119589,-0.19250227591392638
2013_13_PIT_BAL,PIT,0.3063624053119589,-0.19250227591392638,1.5928787263956936,0.2933776143189705,-0.22007215682858378
2013_13_STL_SF,LA,-0.1292080829015073,-0.08077644173854141,-6.403460235972154,0.4176982182543536,-0.4738850944488668
2013_13_STL_SF,SF,0.4176982182543536,-0.4738850944488668,3.3276837851319994,-0.1292080829015073,-0.08077644173854141
2013_13_TB_CAR,CAR,0.3364971672038615,-0.2067719703802559,3.96172148840768,-0.3400876969933452,-0.17645746157933517
2013_13_TB_CAR,TB,-0.3400876969933452,-0.17645746157933517,9.017406900723776,0.3364971672038615,-0.2067719703802559
2013_13_TEN_IND,IND,-0.1091877717680061,-0.05128748420538613,-8.014882449060678,-0.1635169110966164,-0.037853956621802354
2013_13_TEN_IND,TEN,-0.1635169110966164,-0.037853956621802354,-5.8859556913375854,-0.1091877717680061,-0.05128748420538613
2013_14_ATL_GB,ATL,0.018709182620521292,-0.02329108776504417,-5.584315692677217,-0.11837632753782511,-0.042512206058880245
2013_14_ATL_GB,GB,-0.11837632753782511,-0.042512206058880245,7.324154209345579,0.018709182620521292,-0.02329108776504417
2013_14_BUF_TB,BUF,-0.48208872774058903,-0.4050844859173392,-11.003140879399849,-0.23926032978371184,-0.16953609881683304
2013_14_BUF_TB,TB,-0.23926032978371184,-0.16953609881683304,-18.695699299375217,-0.48208872774058903,-0.4050844859173392
2013_14_CAR_NO,CAR,-0.08211867740422966,0.07939723454328487,-3.048058467752793,0.2991370352724238,-0.044840397770583094
2013_14_CAR_NO,NO,0.2991370352724238,-0.044840397770583094,7.493307760783604,-0.08211867740422966,0.07939723454328487
2013_14_CLE_NE,CLE,0.4779385045830223,-0.2239459656188806,6.298873041357313,0.15519163161628122,0.04333371271324259
2013_14_CLE_NE,NE,0.15519163161628122,0.04333371271324259,-2.4097918272018433,0.4779385045830223,-0.2239459656188806
2013_14_DAL_CHI,CHI,0.9108927856467925,-0.08757832339275605,15.025898317495981,0.09536060712007047,0.4933926128282177
2013_14_DAL_CHI,DAL,0.09536060712007047,0.4933926128282177,-6.552558183670044,0.9108927856467925,-0.08757832339275605
2013_14_DET_PHI,DET,0.06279247474838048,-0.6438017121005443,-18.998192250728607,0.023507913019106683,0.17473540879424074
2013_14_DET_PHI,PHI,0.023507913019106683,0.17473540879424074,-7.75128724900159,0.06279247474838048,-0.6438017121005443
2013_14_HOU_JAX,HOU,0.05944165892486968,-0.19342175990973107,-2.423534542322159,0.16412366194999778,0.027138800908853566
2013_14_HOU_JAX,JAX,0.16412366194999778,0.027138800908853566,-13.052726643426078,0.05944165892486968,-0.19342175990973107
2013_14_IND_CIN,CIN,0.4239955893656791,0.18046817214006647,10.870017608006796,0.3434396344387357,-0.24368656943552197
2013_14_IND_CIN,IND,0.3434396344387357,-0.24368656943552197,-0.984892637833305,0.4239955893656791,0.18046817214006647
2013_14_KC_WAS,KC,0.22677999563206985,0.09998489540885203,-3.7257396656533945,-0.3540842612238198,-0.5101798996100635
2013_14_KC_WAS,WAS,-0.3540842612238198,-0.5101798996100635,-15.557811972571582,0.22677999563206985,0.09998489540885203
2013_14_MIA_PIT,MIA,0.12857137083793296,0.08969704181580608,1.85895228024685,-0.006183153798338026,-0.07432578384344067
2013_14_MIA_PIT,PIT,-0.006183153798338026,-0.07432578384344067,-2.1606793770423303,0.12857137083793296,0.08969704181580608
2013_14_MIN_BAL,BAL,-0.01956688628212682,-0.29968619249713674,-4.019756280646032,0.1809351070773739,-0.300704671102576
2013_14_MIN_BAL,MIN,0.1809351070773739,-0.300704671102576,-15.30856667338191,-0.01956688628212682,-0.29968619249713674
2013_14_NYG_SD,LAC,0.5957857259481605,-0.07058906699272345,12.452624844653267,-0.15849895507396597,0.0013882853789255023
2013_14_NYG_SD,NYG,-0.15849895507396597,0.0013882853789255023,3.5441263068106865,0.5957857259481605,-0.07058906699272345
2013_14_OAK_NYJ,LV,0.2983956326756401,0.07903963464643592,-3.3051703539159565,0.36264612485375824,-0.07833445902797394
2013_14_OAK_NYJ,NYJ,0.36264612485375824,-0.07833445902797394,3.8288126587867737,0.2983956326756401,0.07903963464643592
2013_14_SEA_SF,SEA,0.12666567876838716,-0.10446307472074809,2.6888463497161865,-0.016713872468126365,-0.0830768563152333
2013_14_SEA_SF,SF,-0.016713872468126365,-0.0830768563152333,-9.24043244328992,0.12666567876838716,-0.10446307472074809
2013_14_STL_ARI,ARI,0.3035369452033352,-0.04363710077333024,17.267354391515255,-0.3971924296776824,0.004210949765466567
2013_14_STL_ARI,LA,-0.3971924296776824,0.004210949765466567,-4.164673001677902,0.3035369452033352,-0.04363710077333024
2013_14_TEN_DEN,DEN,0.395353172435787,0.3145094351162572,7.57314909634919,-0.07207944641621518,0.13430352339954962
2013_14_TEN_DEN,TEN,-0.07207944641621518,0.13430352339954962,-4.272167074183623,0.395353172435787,0.3145094351162572
2013_15_ARI_TEN,ARI,0.39340424994875595,-0.0015659149359566677,6.891220410664876,0.2448769582809279,-0.24998585366928536
2013_15_ARI_TEN,TEN,0.2448769582809279,-0.24998585366928536,4.871079108931801,0.39340424994875595,-0.0015659149359566677
2013_15_BAL_DET,BAL,0.02523412471225155,-0.30939054490345963,-6.087782155526312,-0.05277655709513131,-0.1048259419966834
2013_15_BAL_DET,DET,-0.05277655709513131,-0.1048259419966834,-7.43486530640546,0.02523412471225155,-0.30939054490345963
2013_15_BUF_JAX,BUF,0.06320248727817099,0.06608025361262997,6.520909443497658,-0.2048219106263919,-0.10487297531578625
2013_15_BUF_JAX,JAX,-0.2048219106263919,-0.10487297531578625,-4.101285710930824,0.06320248727817099,0.06608025361262997
2013_15_CHI_CLE,CHI,0.08511880872996214,0.132083136712779,13.998355452091463,-0.029407998500846758,-0.04065719827913734
2013_15_CHI_CLE,CLE,-0.029407998500846758,-0.04065719827913734,-2.0709635438145817,0.08511880872996214,0.132083136712779
2013_15_CIN_PIT,CIN,0.0523828036583656,-0.27221423400554895,-6.305892384329508,0.42794459835391796,-0.23131240785328877
2013_15_CIN_PIT,PIT,0.42794459835391796,-0.23131240785328877,15.079161524772644,0.0523828036583656,-0.27221423400554895
2013_15_GB_DAL,DAL,0.0376643853020938,0.17345071055521993,-1.7966797575354576,0.22495354300139353,0.19468113771290518
2013_15_GB_DAL,GB,0.22495354300139353,0.19468113771290518,5.879565348496309,0.0376643853020938,0.17345071055521993
2013_15_HOU_IND,HOU,-0.6414009434359313,-0.021062173128414612,-13.3354151950163,0.021483323361177097,-0.3086426614008815
2013_15_HOU_IND,IND,0.021483323361177097,-0.3086426614008815,-7.970919646322727,-0.6414009434359313,-0.021062173128414612
2013_15_KC_OAK,KC,0.6522502982142296,-0.02282296316116117,11.977015495300293,-0.0015943308572662423,-0.11438613191201126
2013_15_KC_OAK,LV,-0.0015943308572662423,-0.11438613191201126,-13.111026957631111,0.6522502982142296,-0.02282296316116117
2013_15_NE_MIA,MIA,0.36308650387083785,-0.21428538102190942,7.532664569648537,0.2287600372223879,0.06501011258329857
2013_15_NE_MIA,NE,0.2287600372223879,0.06501011258329857,-0.2789319665343673,0.36308650387083785,-0.21428538102190942
2013_15_NO_STL,LA,0.41775877190887173,0.01106565872171951,3.3432553708553314,0.05447899307297655,0.06925686395802491
2013_15_NO_STL,NO,0.05447899307297655,0.06925686395802491,2.972633019089699,0.41775877190887173,0.01106565872171951
2013_15_NYJ_CAR,CAR,0.3183609708059593,0.01217625228309771,7.727406141550644,0.007255207378454786,0.03310731296078302
2013_15_NYJ_CAR,NYJ,0.007255207378454786,0.03310731296078302,-4.688228666782379,0.3183609708059593,0.01217625228309771
2013_15_PHI_MIN,MIN,0.48103178597045015,-0.05052356545506469,11.030093942369733,0.20961669135963898,-0.6912904070286117
2013_15_PHI_MIN,PHI,0.20961669135963898,-0.6912904070286117,3.112421834722478,0.48103178597045015,-0.05052356545506469
2013_15_SD_DEN,DEN,0.23256637124254606,-0.3930797228504988,0.9667129778280491,0.6513136303187866,-0.064362923145719
2013_15_SD_DEN,LAC,0.6513136303187866,-0.064362923145719,2.8271766006946564,0.23256637124254606,-0.3930797228504988
2013_15_SEA_NYG,NYG,-0.5161508345403351,-0.48400047448740224,1.4133762461798531,0.13366912544842136,-0.12305484283050257
2013_15_SEA_NYG,SEA,0.13366912544842136,-0.12305484283050257,12.21198007978242,-0.5161508345403351,-0.48400047448740224
2013_15_SF_TB,SF,0.29448809703221235,-0.034661528877945755,4.359073782789296,-0.21418318038156844,-0.28790678241505074
2013_15_SF_TB,TB,-0.21418318038156844,-0.28790678241505074,-6.397682428359985,0.29448809703221235,-0.034661528877945755
2013_15_WAS_ATL,ATL,-0.17646295958402702,-0.3562365681032783,7.1585699915885925,0.07815079120964953,-0.540888750928198
2013_15_WAS_ATL,WAS,0.07815079120964953,-0.540888750928198,-0.8304914290254767,-0.17646295958402702,-0.3562365681032783
2013_16_ARI_SEA,ARI,-0.26194942748388084,-0.061846304903504026,-5.455870807170868,-0.322802587747446,-0.2520272543576236
2013_16_ARI_SEA,SEA,-0.322802587747446,-0.2520272543576236,-4.686071909964085,-0.26194942748388084,-0.061846304903504026
2013_16_ATL_SF,ATL,0.13981468943634726,-0.15036961824225728,14.772737709184488,0.32168241372229384,0.25183012079330575
2013_16_ATL_SF,SF,0.32168241372229384,0.25183012079330575,1.6188410066422962,0.13981468943634726,-0.15036961824225728
2013_16_CHI_PHI,CHI,-0.09950541095515592,-0.2855937197147047,1.33223757147789,0.3769903202337382,0.47332586720585823
2013_16_CHI_PHI,PHI,0.3769903202337382,0.47332586720585823,24.617103130921073,-0.09950541095515592,-0.2855937197147047
2013_16_CLE_NYJ,CLE,-0.20739594918293686,0.1295950271509355,-12.170438282191753,0.36414829248723446,-0.03781199789872127
2013_16_CLE_NYJ,NYJ,0.36414829248723446,-0.03781199789872127,-11.559410111324206,-0.20739594918293686,0.1295950271509355
2013_16_DAL_WAS,DAL,0.3056544248710675,-0.07587737245723308,6.32318020970733,0.040138117140801684,-0.04018349609603839
2013_16_DAL_WAS,WAS,0.040138117140801684,-0.04018349609603839,-1.4279588631221227,0.3056544248710675,-0.07587737245723308
2013_16_DEN_HOU,DEN,0.2894736955254814,-0.06908938607375603,2.790720439424702,-0.31947267486128444,-0.14819891386119147
2013_16_DEN_HOU,HOU,-0.31947267486128444,-0.14819891386119147,-12.448691493935055,0.2894736955254814,-0.06908938607375603
2013_16_IND_KC,IND,0.2851413958497657,-0.012508183639448393,8.970626061027115,-0.4091100527051215,0.062488416418679714
2013_16_IND_KC,KC,-0.4091100527051215,0.062488416418679714,-5.104226646599947,0.2851413958497657,-0.012508183639448393
2013_16_MIA_BUF,BUF,0.03599929047635155,-0.07797589190540088,2.051763415336609,-0.5359056386375978,-0.3787167442642385
2013_16_MIA_BUF,MIA,-0.5359056386375978,-0.3787167442642385,-19.185512056273797,0.03599929047635155,-0.07797589190540088
2013_16_MIN_CIN,CIN,0.39961979901168626,-0.1947629673540017,15.119009485115877,-0.8912826403044164,0.40979592415637206
2013_16_MIN_CIN,MIN,-0.8912826403044164,0.40979592415637206,-11.01989503260012,0.39961979901168626,-0.1947629673540017
2013_16_NE_BAL,BAL,-0.32604772592071657,-0.4828237356478348,-5.233913340738842,0.2031508681555113,0.04182049171423488
2013_16_NE_BAL,NE,0.2031508681555113,0.04182049171423488,-10.681474323456104,-0.32604772592071657,-0.4828237356478348
2013_16_NO_CAR,CAR,-0.2442659623073622,0.09192373335827142,2.588649023146856,-0.12366523999688343,-0.05880411294216675
2013_16_NO_CAR,NO,-0.12366523999688343,-0.05880411294216675,1.62363201379776,-0.2442659623073622,0.09192373335827142
2013_16_NYG_DET,DET,-0.1404342394413174,-0.20909312387505596,-6.251136340746066,0.14918931500790308,-0.6832677961743607
2013_16_NYG_DET,NYG,0.14918931500790308,-0.6832677961743607,-7.88406240088599,-0.1404342394413174,-0.20909312387505596
2013_16_OAK_SD,LAC,0.2648093040640893,-0.06854280820069206,-0.02674583731026485,-0.12104433188825245,0.016936930074734846
2013_16_OAK_SD,LV,-0.12104433188825245,0.016936930074734846,-5.178860409392251,0.2648093040640893,-0.06854280820069206
2013_16_PIT_GB,GB,-0.30615192362691723,0.2318710202574342,-8.832678237022497,0.1589327202687581,-0.02652194238492354
2013_16_PIT_GB,PIT,0.1589327202687581,-0.02652194238492354,-1.3957734765677616,-0.30615192362691723,0.2318710202574342
2013_16_TB_STL,LA,0.2326078044583176,-0.35002976428631977,13.83525013923645,-0.12676752088423665,-0.3249919007775252
2013_16_TB_STL,TB,-0.12676752088423665,-0.3249919007775252,0.5466834306716919,0.2326078044583176,-0.35002976428631977
2013_16_TEN_JAX,JAX,0.058854016711962095,-0.2853492059591438,6.407084535149967,0.09324300173625896,0.0819000772544092
2013_16_TEN_JAX,TEN,0.09324300173625896,0.0819000772544092,3.575148032261775,0.058854016711962095,-0.2853492059591438
2013_17_BAL_CIN,BAL,-0.3499172101610901,-0.04298196665185194,1.3429679907858372,0.008157178502138972,-0.027870172388955124
2013_17_BAL_CIN,CIN,0.008157178502138972,-0.027870172388955124,-4.408814344141218,-0.3499172101610901,-0.04298196665185194
2013_17_BUF_NE,BUF,0.14515707588349339,-0.08428273236153044,-2.701191497700555,-0.06963079226718029,0.27433768473981346
2013_17_BUF_NE,NE,-0.06963079226718029,0.27433768473981346,-9.890441969037056,0.14515707588349339,-0.08428273236153044
2013_17_CAR_ATL,ATL,-0.07461167291371659,-0.05309444110791542,3.5731925815343857,0.06782097237883136,-0.1543844862127393
2013_17_CAR_ATL,CAR,0.06782097237883136,-0.1543844862127393,-5.7217287796515,-0.07461167291371659,-0.05309444110791542
2013_17_CLE_PIT,CLE,-0.2006611282615821,-0.16810962408490013,-6.319017308514293,-0.06987374933006422,-0.037585338132115655
2013_17_CLE_PIT,PIT,-0.06987374933006422,-0.037585338132115655,1.7730961884221723,-0.2006611282615821,-0.16810962408490013
2013_17_DEN_OAK,DEN,0.41036138778399783,0.05490827457256744,16.118605398550265,0.15276235458782078,-1.0897958590940107
2013_17_DEN_OAK,LV,0.15276235458782078,-1.0897958590940107,-6.073895724196183,0.41036138778399783,0.05490827457256744
2013_17_DET_MIN,DET,-0.1297177654032699,-0.14195621327962726,-3.2913166098296642,-0.223376548173531,0.14511104607406786
2013_17_DET_MIN,MIN,-0.223376548173531,0.14511104607406786,-6.369342858141119,-0.1297177654032699,-0.14195621327962726
2013_17_GB_CHI,CHI,0.22577985284442548,0.16673937217395482,3.372721125682195,0.38140236122943055,0.07343281804280581
2013_17_GB_CHI,GB,0.38140236122943055,0.07343281804280581,4.376498132179945,0.22577985284442548,0.16673937217395482
2013_17_HOU_TEN,HOU,-0.009641002405217638,-0.30155331490095705,0.09686867980396047,0.029193915459885388,-0.12257061017424625
2013_17_HOU_TEN,TEN,0.029193915459885388,-0.12257061017424625,1.8140904605388641,-0.009641002405217638,-0.30155331490095705
2013_17_JAX_IND,IND,0.22178635949037803,-0.04598472678658356,9.924253672361374,-0.09463810293858373,-0.45198510416958015
2013_17_JAX_IND,JAX,-0.09463810293858373,-0.45198510416958015,-6.439748102304887,0.22178635949037803,-0.04598472678658356
2013_17_KC_SD,KC,0.26980769486409184,-0.07560291879099645,3.584018349647522,0.16102866483702885,0.05780402609363793
2013_17_KC_SD,LAC,0.16102866483702885,0.05780402609363793,5.204717395827174,0.26980769486409184,-0.07560291879099645
2013_17_NYJ_MIA,MIA,-0.08547908285485081,-0.3040565267216325,-9.660778443018595,0.2171426308556921,0.027895038727720766
2013_17_NYJ_MIA,NYJ,0.2171426308556921,0.027895038727720766,4.794579212154661,-0.08547908285485081,-0.3040565267216325
2013_17_PHI_DAL,DAL,0.02444914047448914,-0.42488606061156403,0.6363852796229449,0.13540027395995685,-0.07030248788760218
2013_17_PHI_DAL,PHI,0.13540027395995685,-0.07030248788760218,7.986895561218262,0.02444914047448914,-0.42488606061156403
2013_17_SF_ARI,ARI,0.1251178429027486,-0.2550051600683067,-0.5828816443681717,0.25548378792906545,-0.5070902030191584
2013_17_SF_ARI,SF,0.25548378792906545,-0.5070902030191584,4.618689743801951,0.1251178429027486,-0.2550051600683067
2013_17_STL_SEA,LA,-0.2989471546903537,-0.3356155232831952,7.320034901301066,0.028843812986439944,0.0012833298915211344
2013_17_STL_SEA,SEA,0.028843812986439944,0.0012833298915211344,8.541859899248395,-0.2989471546903537,-0.3356155232831952
2013_17_TB_NO,NO,0.8465768394561372,-0.20129727550166926,13.5005816336601,-0.06755069358546202,-0.25237437138437396
2013_17_TB_NO,TB,-0.06755069358546202,-0.25237437138437396,-6.418505311012268,0.8465768394561372,-0.20129727550166926
2013_17_WAS_NYG,NYG,-0.31745246485625933,-0.24119879655779541,-25.729525089263916,-0.4369036033985094,-0.4454962465798334
2013_17_WAS_NYG,WAS,-0.4369036033985094,-0.4454962465798334,-25.67206888149182,-0.31745246485625933,-0.24119879655779541
2014_01_BUF_CHI,BUF,-0.05696389760211259,0.18829938274367514,11.150597848675467,-0.062254657191688025,-0.0031048932255038787
2014_01_BUF_CHI,CHI,-0.062254657191688025,-0.0031048932255038787,2.8643311894669825,-0.05696389760211259,0.18829938274367514
2014_01_CAR_TB,CAR,0.2571673140452823,-0.2132906754995918,9.822589345276356,-0.15858523966602572,-0.05892822067641343
2014_01_CAR_TB,TB,-0.15858523966602572,-0.05892822067641343,0.5191910792799557,0.2571673140452823,-0.2132906754995918
2014_01_CIN_BAL,BAL,-0.020985722850042833,-0.1261291419454152,-11.889450540465694,0.21926021514647248,-0.19669194017170888
2014_01_CIN_BAL,CIN,0.21926021514647248,-0.19669194017170888,-2.0442196020954535,-0.020985722850042833,-0.1261291419454152
2014_01_CLE_PIT,CLE,0.15436250353851333,0.2360666192270951,-3.234241704146067,0.3193112726051851,-0.14228845477015872
2014_01_CLE_PIT,PIT,0.3193112726051851,-0.14228845477015872,9.60263516753912,0.15436250353851333,0.2360666192270951
2014_01_GB_SEA,GB,-0.08456532907574121,0.036812131094682794,4.980436780235984,0.3060197346263772,0.10403114649670897
2014_01_GB_SEA,SEA,0.3060197346263772,0.10403114649670897,9.486892342567444,-0.08456532907574121,0.036812131094682794
2014_01_IND_DEN,DEN,0.3477011687714934,-0.05208768367658429,-0.7976299358738793,0.1448800006873697,-0.4805437894802625
2014_01_IND_DEN,IND,0.1448800006873697,-0.4805437894802625,1.179318776670492,0.3477011687714934,-0.05208768367658429
2014_01_JAX_PHI,JAX,-0.24793501835811668,-0.20688972929466692,-6.731138910566058,-0.18410328784591035,-0.021893769780619077
2014_01_JAX_PHI,PHI,-0.18410328784591035,-0.021893769780619077,-1.086597889661789,-0.24793501835811668,-0.20688972929466692
2014_01_MIN_STL,LA,-0.48056132773916843,-0.11885976234440353,-0.5861510005262163,0.30123137405244527,-0.07946347314220568
2014_01_MIN_STL,MIN,0.30123137405244527,-0.07946347314220568,-0.4471174130837123,-0.48056132773916843,-0.11885976234440353
2014_01_NE_MIA,MIA,-0.09359005040266212,0.05568402595773391,-5.776944104582071,-0.23401827432083122,0.11276763216093448
2014_01_NE_MIA,NE,-0.23401827432083122,0.11276763216093448,-8.626335699643407,-0.09359005040266212,0.05568402595773391
2014_01_NO_ATL,ATL,0.3512154150084666,0.1039701897666832,6.128030234859104,0.27059437812425335,0.17226955769540467
2014_01_NO_ATL,NO,0.27059437812425335,0.17226955769540467,-0.2919774679910569,0.3512154150084666,0.1039701897666832
2014_01_NYG_DET,DET,0.5607571468162336,-0.21944939114081746,9.721963902314505,-0.19129392767698797,-0.31735356198094616
2014_01_NYG_DET,NYG,-0.19129392767698797,-0.31735356198094616,-10.554951336234808,0.5607571468162336,-0.21944939114081746
2014_01_OAK_NYJ,LV,-0.0552709572979979,-0.3957054054647285,-7.36868804500949,0.06524360516541824,-0.19379350621020422
2014_01_OAK_NYJ,NYJ,0.06524360516541824,-0.19379350621020422,9.772905501826056,-0.0552709572979979,-0.3957054054647285
2014_01_SD_ARI,ARI,0.2388960492659869,-0.40776631930075663,3.16006520556079,0.07225432112586293,-0.4010192673835579
2014_01_SD_ARI,LAC,0.07225432112586293,-0.4010192673835579,-6.609173988302548,0.2388960492659869,-0.40776631930075663
2014_01_SF_DAL,DAL,-0.12816481026350937,-0.08207561941969249,-0.9810671613023088,0.4186773184524749,-0.12451654484293027
2014_01_SF_DAL,SF,0.4186773184524749,-0.12451654484293027,3.9109071959619937,-0.12816481026350937,-0.08207561941969249
2014_01_TEN_KC,KC,-0.10446809544738164,-0.434146740337989,-2.7327111273100884,0.29713068847351526,-0.1627613699845016
2014_01_TEN_KC,TEN,0.29713068847351526,-0.1627613699845016,7.318833936005831,-0.10446809544738164,-0.434146740337989
2014_01_WAS_HOU,HOU,0.4708062414138112,-0.339021123141285,-2.8746291995048523,-0.09842013142905523,-0.11692581709410826
2014_01_WAS_HOU,WAS,-0.09842013142905523,-0.11692581709410826,14.79491148676191,0.4708062414138112,-0.339021123141285
2014_02_ARI_NYG,ARI,-0.014900443013568547,0.0024177154582352804,-7.342039687292917,0.10128520712643639,-0.31802962135295204
2014_02_ARI_NYG,NYG,0.10128520712643639,-0.31802962135295204,1.0000691964076116,-0.014900443013568547,0.0024177154582352804
2014_02_ATL_CIN,ATL,-0.2049439909438549,0.033909107948762965,-8.086377382278442,0.4549181497151704,0.022776306567142125
2014_02_ATL_CIN,CIN,0.4549181497151704,0.022776306567142125,7.678617860959924,-0.2049439909438549,0.033909107948762965
2014_02_CHI_SF,CHI,0.2588754873021654,-0.4187204384585269,6.563823933110518,-0.03410187481030391,-0.29538964196227685
2014_02_CHI_SF,SF,-0.03410187481030391,-0.29538964196227685,2.200363440947099,0.2588754873021654,-0.4187204384585269
2014_02_DAL_TEN,DAL,0.2157664519214142,-0.038364331216460254,1.2117666417154773,-0.27114402535968724,0.256059950386936
2014_02_DAL_TEN,TEN,-0.27114402535968724,0.256059950386936,-7.001471607124104,0.2157664519214142,-0.038364331216460254
2014_02_DET_CAR,CAR,0.14064187904031875,-0.3307240316336997,1.4779225868337296,-0.009984761869530878,-0.36091526918907596
2014_02_DET_CAR,DET,-0.009984761869530878,-0.36091526918907596,-6.270133207241694,0.14064187904031875,-0.3307240316336997
2014_02_HOU_OAK,HOU,0.5262562581464415,-0.006377100332397633,8.73526781797409,-0.28033117422213155,0.11384322580895112
2014_02_HOU_OAK,LV,-0.28033117422213155,0.11384322580895112,-1.114240785439809,0.5262562581464415,-0.006377100332397633
2014_02_JAX_WAS,JAX,-0.3967042209180376,-0.3643376684307845,-10.019965044089727,0.36797982981087873,0.0442839074463032
2014_02_JAX_WAS,WAS,0.36797982981087873,0.0442839074463032,8.393007972174221,-0.3967042209180376,-0.3643376684307845
2014_02_KC_DEN,DEN,0.43994241857018834,3.4914149804727027e-06,14.7049313554397,0.3218630507865576,-0.23216093455266673
2014_02_KC_DEN,KC,0.3218630507865576,-0.23216093455266673,0.22518564015626907,0.43994241857018834,3.4914149804727027e-06
2014_02_MIA_BUF,BUF,0.23793402588538318,-0.32363197745013544,-0.9381116582797124,-0.08674588813400912,-0.30459983910841404
2014_02_MIA_BUF,MIA,-0.08674588813400912,-0.30459983910841404,-4.015779920986721,0.23793402588538318,-0.32363197745013544
2014_02_NE_MIN,MIN,-0.31919947588185366,-0.1579322569339317,-11.948237237003115,0.1416149482777062,-0.13481891997442497
2014_02_NE_MIN,NE,0.1416149482777062,-0.13481891997442497,4.578319191932678,-0.31919947588185366,-0.1579322569339317
2014_02_NO_CLE,CLE,0.029161566459643306,0.029827073428808942,-2.7072577578265493,-0.0368557919001606,0.2935012914038872
2014_02_NO_CLE,NO,-0.0368557919001606,0.2935012914038872,4.598459754234705,0.029161566459643306,0.029827073428808942
2014_02_NYJ_GB,GB,0.3170138379219646,-0.65435028631438,2.733430811544744,0.022578961089633864,0.040264513778311084
2014_02_NYJ_GB,NYJ,0.022578961089633864,0.040264513778311084,-9.8555588722229,0.3170138379219646,-0.65435028631438
2014_02_PHI_IND,IND,0.12092870667137,-0.19751788026427247,-4.899309854954481,0.3516742808501985,0.06242112731135599
2014_02_PHI_IND,PHI,0.3516742808501985,0.06242112731135599,-7.630506238421878,0.12092870667137,-0.19751788026427247
2014_02_PIT_BAL,BAL,0.30966661384397276,-0.01747094084774809,6.589211883216069,-0.28866242945679954,0.03832652146989399
2014_02_PIT_BAL,PIT,-0.28866242945679954,0.03832652146989399,-10.182978978028169,0.30966661384397276,-0.01747094084774809
2014_02_SEA_SD,LAC,0.47079698443457413,-0.34794372117742506,16.8285665341786,0.14788977892724156,0.3436658477294259
2014_02_SEA_SD,SEA,0.14788977892724156,0.3436658477294259,11.932117966088382,0.47079698443457413,-0.34794372117742506
2014_02_STL_TB,LA,0.3944086677228482,-0.2076896336022181,12.24580530462594,0.2602516885022991,-0.004086184551279285
2014_02_STL_TB,TB,0.2602516885022991,-0.004086184551279285,14.422856569290161,0.3944086677228482,-0.2076896336022181
2014_03_BAL_CLE,BAL,0.21667642723346284,0.012668066856173438,1.9802551468213399,0.500808477695524,-0.13519610647425248
2014_03_BAL_CLE,CLE,0.500808477695524,-0.13519610647425248,10.962887525558472,0.21667642723346284,0.012668066856173438
2014_03_CHI_NYJ,CHI,0.07244400395503826,-0.20911843405701802,-3.5966201048148307,-0.09595625113268054,-0.1220845378056105
2014_03_CHI_NYJ,NYJ,-0.09595625113268054,-0.1220845378056105,-0.519034763177236,0.07244400395503826,-0.20911843405701802
2014_03_DAL_STL,DAL,0.5138822513016644,-0.23083954458102507,9.387737123862557,0.21167440880179295,-0.21807934629233106
2014_03_DAL_STL,LA,0.21167440880179295,-0.21807934629233106,6.5448490636689325,0.5138822513016644,-0.23083954458102507
2014_03_DEN_SEA,DEN,0.09710990793333028,-0.7041338577400893,1.725926250219345,0.06744398427335069,-0.11506902238683286
2014_03_DEN_SEA,SEA,0.06744398427335069,-0.11506902238683286,7.470883745135683,0.09710990793333028,-0.7041338577400893
2014_03_GB_DET,DET,0.04528886646692452,-0.11042932313648635,-0.9138261570649988,-0.03755844470241197,-0.5336897948661565
2014_03_GB_DET,GB,-0.03755844470241197,-0.5336897948661565,-6.622436421888846,0.04528886646692452,-0.11042932313648635
2014_03_HOU_NYG,HOU,-0.04961551968004642,-0.2975303886261018,-2.6575959780636955,0.04899541374510075,-0.04453485270330885
2014_03_HOU_NYG,NYG,0.04899541374510075,-0.04453485270330885,8.442222433430809,-0.04961551968004642,-0.2975303886261018
2014_03_IND_JAX,IND,0.565316679560039,-0.11778525020298183,13.431877313658248,-0.12223452407853061,-0.04329277105134679
2014_03_IND_JAX,JAX,-0.12223452407853061,-0.04329277105134679,-4.688004236067495,0.565316679560039,-0.11778525020298183
2014_03_KC_MIA,KC,0.26407186239112346,-0.07328732823516475,3.8720898628234863,-0.3037450610908067,-0.11470051796736441
2014_03_KC_MIA,MIA,-0.3037450610908067,-0.11470051796736441,-17.62455979058909,0.26407186239112346,-0.07328732823516475
2014_03_MIN_NO,MIN,0.07451003343629754,-0.2031698350839497,-14.933375120162964,0.5729560434992891,-0.2810744909445695
2014_03_MIN_NO,NO,0.5729560434992891,-0.2810744909445695,6.18714051587241,0.07451003343629754,-0.2031698350839497
2014_03_OAK_NE,LV,0.06427925761839698,-0.25779828387550713,-4.675783523741891,0.1709059053016428,-0.17146721611835905
2014_03_OAK_NE,NE,0.1709059053016428,-0.17146721611835905,0.3995076224610612,0.06427925761839698,-0.25779828387550713
2014_03_PIT_CAR,CAR,0.1166261183360101,-0.29644016006495805,6.739887304422332,0.17099733338301604,0.43755780974452413
2014_03_PIT_CAR,PIT,0.17099733338301604,0.43755780974452413,9.13520311487132,0.1166261183360101,-0.29644016006495805
2014_03_SD_BUF,BUF,-0.10774764771457837,-0.17679463664535433,-8.40086768835019,0.5713786844030448,-0.1977812344757175
2014_03_SD_BUF,LAC,0.5713786844030448,-0.1977812344757175,12.761387705802917,-0.10774764771457837,-0.17679463664535433
2014_03_SF_ARI,ARI,0.3935831263224301,-0.1057998780294535,0.7771287770832286,0.22650101420498142,-0.13710865183707532
2014_03_SF_ARI,SF,0.22650101420498142,-0.13710865183707532,15.131806646074567,0.3935831263224301,-0.1057998780294535
2014_03_TB_ATL,ATL,0.6330227870226467,-0.34614741232778345,22.18204970870699,-0.41620797343243476,-0.844615788965979
2014_03_TB_ATL,TB,-0.41620797343243476,-0.844615788965979,-1.7818884338651384,0.6330227870226467,-0.34614741232778345
2014_03_TEN_CIN,CIN,-0.0030268133205789884,0.08449975492793226,-4.761389471017397,-0.1897780356651474,0.04781694279168733
2014_03_TEN_CIN,TEN,-0.1897780356651474,0.04781694279168733,-9.222534931067264,-0.0030268133205789884,0.08449975492793226
2014_03_WAS_PHI,PHI,0.4794385342838894,-0.646754944649398,5.7501752202103775,0.379392736409133,-0.05941382589258461
2014_03_WAS_PHI,WAS,0.379392736409133,-0.05941382589258461,-0.10769603153069814,0.4794385342838894,-0.646754944649398
2014_04_ATL_MIN,ATL,0.13409195219218317,0.19778195291014744,0.542723536491394,0.5471457949587338,0.09582984729624582
2014_04_ATL_MIN,MIN,0.5471457949587338,0.09582984729624582,-3.178215523560842,0.13409195219218317,0.19778195291014744
2014_04_BUF_HOU,BUF,-0.30151391006304984,-0.08262384432600811,-12.085358382657517,-0.1960363065891439,-0.46225429380976363
2014_04_BUF_HOU,HOU,-0.1960363065891439,-0.46225429380976363,0.45077889352231415,-0.30151391006304984,-0.08262384432600811
2014_04_CAR_BAL,BAL,0.9172473735197855,-0.07169563917734896,7.708047330379486,0.39263250036747194,-0.5539031192387184
2014_04_CAR_BAL,CAR,0.39263250036747194,-0.5539031192387184,-2.1558890886166515,0.9172473735197855,-0.07169563917734896
2014_04_DET_NYJ,DET,0.2673525760145992,-0.12279586672894252,4.983135425683224,-0.11768486387720366,0.015810431004933047
2014_04_DET_NYJ,NYJ,-0.11768486387720366,0.015810431004933047,-13.377658300327532,0.2673525760145992,-0.12279586672894252
2014_04_GB_CHI,CHI,-0.10837387157126563,0.11494343833473977,2.5242922135761807,0.7420245470892235,-0.1372568899992314
2014_04_GB_CHI,GB,0.7420245470892235,-0.1372568899992314,19.493314091648376,-0.10837387157126563,0.11494343833473977
2014_04_JAX_SD,JAX,-0.008967079937324993,-0.3887111197351866,9.889703161186642,0.4987678209288524,-0.3700944965561748
2014_04_JAX_SD,LAC,0.4987678209288524,-0.3700944965561748,11.717729270458221,-0.008967079937324993,-0.3887111197351866
2014_04_MIA_OAK,LV,-0.2488400912998073,-0.845937673417211,-0.16372917696487072,0.4070572736067639,-0.2505234839876981
2014_04_MIA_OAK,MIA,0.4070572736067639,-0.2505234839876981,10.71426926120635,-0.2488400912998073,-0.845937673417211
2014_04_NE_KC,KC,0.4063714485950923,0.027614750943886227,6.691795014418089,-0.2595904833852889,-0.13317826176353265
2014_04_NE_KC,NE,-0.2595904833852889,-0.13317826176353265,-1.7969746390978496,0.4063714485950923,0.027614750943886227
2014_04_NO_DAL,DAL,0.4860518796039409,0.10913222603360942,11.49254389877977,0.049889567869257925,0.03176089952019258
2014_04_NO_DAL,NO,0.049889567869257925,0.03176089952019258,5.021042241291567,0.4860518796039409,0.10913222603360942
2014_04_NYG_WAS,NYG,0.431020963767298,-0.018194871652859115,10.445432632397383,-0.5562852605472546,-0.06065431106253527
2014_04_NYG_WAS,WAS,-0.5562852605472546,-0.06065431106253527,-6.633884527466514,0.431020963767298,-0.018194871652859115
2014_04_PHI_SF,PHI,-0.3372648093041944,-0.3483120658112547,-8.932121098041534,-0.09670208931079001,-0.01005044098688129
2014_04_PHI_SF,SF,-0.09670208931079001,-0.01005044098688129,-9.801988899707794,-0.3372648093041944,-0.3483120658112547
2014_04_TB_PIT,PIT,0.2577027493185552,-0.09005766990370691,13.260340541601181,0.10907367385436845,0.14284233351645526
2014_04_TB_PIT,TB,0.10907367385436845,0.14284233351645526,-4.224764236382076,0.2577027493185552,-0.09005766990370691
2014_04_TEN_IND,IND,0.6065309366586336,-0.19193943249181183,10.515661910176277,-0.17732789241371835,-0.041318128525745124
2014_04_TEN_IND,TEN,-0.17732789241371835,-0.041318128525745124,-6.1308402706075595,0.6065309366586336,-0.19193943249181183
2014_05_ARI_DEN,ARI,-0.08549245611999794,-0.37975328226763705,-22.710413485765457,0.25794075054811405,-0.09082299512509187
2014_05_ARI_DEN,DEN,0.25794075054811405,-0.09082299512509187,3.445481429708765,-0.08549245611999794,-0.37975328226763705
2014_05_ATL_NYG,ATL,0.03593754908156063,-0.17884537228250832,3.1601030466168427,0.2922208157295251,0.021441873303047032
2014_05_ATL_NYG,NYG,0.2922208157295251,0.021441873303047032,0.3044798970222473,0.03593754908156063,-0.17884537228250832
2014_05_BAL_IND,BAL,-0.37064380831286764,0.03787733993958682,-5.287592030233807,0.07800824637771084,-0.4802580192459013
2014_05_BAL_IND,IND,0.07800824637771084,-0.4802580192459013,6.463300991565623,-0.37064380831286764,0.03787733993958682
2014_05_BUF_DET,BUF,0.005183634852334739,-0.4197272594773035,1.8527313720348269,-0.18806540211270334,-0.27274553639452076
2014_05_BUF_DET,DET,-0.18806540211270334,-0.27274553639452076,-12.542824687496308,0.005183634852334739,-0.4197272594773035
2014_05_CHI_CAR,CAR,-0.19326036141095332,0.011761081136722603,-5.391298277037484,0.14524404802176166,-0.5440508638055173
2014_05_CHI_CAR,CHI,0.14524404802176166,-0.5440508638055173,6.4407548970646324,-0.19326036141095332,0.011761081136722603
2014_05_CIN_NE,CIN,0.009624787708539115,-0.19090636578990644,1.2606989720772053,0.23657621975281481,0.09272415982001113
2014_05_CIN_NE,NE,0.23657621975281481,0.09272415982001113,2.191406225456911,0.009624787708539115,-0.19090636578990644
2014_05_CLE_TEN,CLE,0.16082570701777346,0.16207628287601336,-1.3798551784979332,0.45717747089968597,-0.23286071203649045
2014_05_CLE_TEN,TEN,0.45717747089968597,-0.23286071203649045,2.6537020225077868,0.16082570701777346,0.16207628287601336
2014_05_HOU_DAL,DAL,0.2573490061596424,-0.16769813191123162,3.272778019309044,-0.25051320583429515,0.16886757230386137
2014_05_HOU_DAL,HOU,-0.25051320583429515,0.16886757230386137,1.0658213247855504,0.2573490061596424,-0.16769813191123162
2014_05_KC_SF,KC,0.1525079613683481,0.1530055465103176,-11.34586532910665,0.10909858970338082,0.017084515854631634
2014_05_KC_SF,SF,0.10909858970338082,0.017084515854631634,-4.326103351734303,0.1525079613683481,0.1530055465103176
2014_05_MIN_GB,GB,0.17541471652937338,0.07706682301876652,8.557805689898403,-0.3545916605440436,-0.09705028811125278
2014_05_MIN_GB,MIN,-0.3545916605440436,-0.09705028811125278,-9.62532325224443,0.17541471652937338,0.07706682301876652
2014_05_NYJ_SD,LAC,0.37515399882344064,-0.07414847219915828,13.004841186382153,-0.5208802744807479,-0.19707950707647556
2014_05_NYJ_SD,NYJ,-0.5208802744807479,-0.19707950707647556,-17.775759409213887,0.37515399882344064,-0.07414847219915828
2014_05_PIT_JAX,JAX,-0.26685118039326017,-0.23400013241553097,-3.4108748452530966,0.08120400181575531,-0.019910731062991543
2014_05_PIT_JAX,PIT,0.08120400181575531,-0.019910731062991543,5.7507303025987415,-0.26685118039326017,-0.23400013241553097
2014_05_SEA_WAS,SEA,0.1045668044915579,0.13695008214739518,11.624954268336296,0.18480247532939897,-0.5432672708372681
2014_05_SEA_WAS,WAS,0.18480247532939897,-0.5432672708372681,-9.65237095952034,0.1045668044915579,0.13695008214739518
2014_05_STL_PHI,LA,0.09672694605072601,-0.25073906062503476,-2.3513018437053845,-0.0005911979561449694,-0.1111484297453576
2014_05_STL_PHI,PHI,-0.0005911979561449694,-0.1111484297453576,0.8469761223406405,0.09672694605072601,-0.25073906062503476
2014_05_TB_NO,NO,0.021320666500176173,0.13928511133833257,-7.000309016023364,0.2532198148500291,-0.29394829057194083
2014_05_TB_NO,TB,0.2532198148500291,-0.29394829057194083,-2.637765184044838,0.021320666500176173,0.13928511133833257
2014_06_BAL_TB,BAL,0.9067706710073578,-0.09582825075391879,21.905884719811954,-0.14632489197104487,0.061964516007315576
2014_06_BAL_TB,TB,-0.14632489197104487,0.061964516007315576,-1.4236679131334478,0.9067706710073578,-0.09582825075391879
2014_06_CAR_CIN,CAR,0.32232383476847315,0.09387453071681331,3.3597658740149603,0.22727669307575174,0.08142863398974498
2014_06_CAR_CIN,CIN,0.22727669307575174,0.08142863398974498,13.870696032919534,0.32232383476847315,0.09387453071681331
2014_06_CHI_ATL,ATL,-0.17810282556569157,-0.13459439435973763,-14.361569119824303,0.3845602914978437,-0.008519465452991426
2014_06_CHI_ATL,CHI,0.3845602914978437,-0.008519465452991426,1.4196388815578662,-0.17810282556569157,-0.13459439435973763
2014_06_DAL_SEA,DAL,0.4155254591665587,-0.09389398307650676,5.915296915918589,-0.2223421401527766,0.006642160711207372
2014_06_DAL_SEA,SEA,-0.2223421401527766,0.006642160711207372,-6.8691966710267245,0.4155254591665587,-0.09389398307650676
2014_06_DEN_NYJ,DEN,0.2649144019597474,-0.09062337415691997,7.596694491803646,-0.14062601817758774,-0.4268288745287074
2014_06_DEN_NYJ,NYJ,-0.14062601817758774,-0.4268288745287074,-8.180096298456192,0.2649144019597474,-0.09062337415691997
2014_06_DET_MIN,DET,-0.0767703986049605,-0.09083772456506267,-10.535481662461251,-0.49867334238651057,-0.17215262982426793
2014_06_DET_MIN,MIN,-0.49867334238651057,-0.17215262982426793,-8.710502933811497,-0.0767703986049605,-0.09083772456506267
2014_06_GB_MIA,GB,0.2815734726288867,-0.11328498243736769,-2.781456708908081,0.21737085035503176,-0.18327098860375016
2014_06_GB_MIA,MIA,0.21737085035503176,-0.18327098860375016,0.9686537807987582,0.2815734726288867,-0.11328498243736769
2014_06_IND_HOU,HOU,-0.1401954018032073,0.06440712799303885,1.1740392964819204,0.39837745689919696,-0.5674845898218297
2014_06_IND_HOU,IND,0.39837745689919696,-0.5674845898218297,-4.913707856427539,-0.1401954018032073,0.06440712799303885
2014_06_JAX_TEN,JAX,0.024075770190095658,-0.1197909018752398,5.773993200725979,0.08297404040183362,-0.22894839200043035
2014_06_JAX_TEN,TEN,0.08297404040183362,-0.22894839200043035,-1.0044256846110027,0.024075770190095658,-0.1197909018752398
2014_06_NE_BUF,BUF,0.07229391912614887,-0.22159826408808483,2.0382472559025415,0.7046728559633972,-0.29083993101725353
2014_06_NE_BUF,NE,0.7046728559633972,-0.29083993101725353,8.058951513187305,0.07229391912614887,-0.22159826408808483
2014_06_NYG_PHI,NYG,-0.4437869036503668,-0.17324403919999234,-3.311881955180849,-0.02568213593267169,0.04355845347246421
2014_06_NYG_PHI,PHI,-0.02568213593267169,0.04355845347246421,-6.2475875896566055,-0.4437869036503668,-0.17324403919999234
2014_06_PIT_CLE,CLE,0.5395092576405818,-0.12822947949723293,-5.498452747569365,-0.1349036439001174,-0.10680612333540909
2014_06_PIT_CLE,PIT,-0.1349036439001174,-0.10680612333540909,-6.891077544007983,0.5395092576405818,-0.12822947949723293
2014_06_SD_OAK,LAC,0.40486487346376226,0.03765143165445148,6.0683436053139825,0.26782554138330794,0.04457615067007109
2014_06_SD_OAK,LV,0.26782554138330794,0.04457615067007109,-7.840603138461257,0.40486487346376226,0.03765143165445148
2014_06_SF_STL,LA,-0.23124446022964773,-0.06521395019397301,-13.828983381390572,0.3990870814020708,-0.5054020290283069
2014_06_SF_STL,SF,0.3990870814020708,-0.5054020290283069,-1.3917985132762365,-0.23124446022964773,-0.06521395019397301
2014_06_WAS_ARI,ARI,0.16115066295379554,-0.25202568864662445,-0.5410169561704,-0.14598392684056102,-0.14297550518462873
2014_06_WAS_ARI,WAS,-0.14598392684056102,-0.14297550518462873,-8.645773012387124,0.16115066295379554,-0.25202568864662445
2014_07_ARI_OAK,ARI,0.3164200082844074,-0.106804545089058,4.774979429860269,-0.10483506300209673,-0.09884030808119432
2014_07_ARI_OAK,LV,-0.10483506300209673,-0.09884030808119432,-6.357177879129138,0.3164200082844074,-0.106804545089058
2014_07_ATL_BAL,ATL,-0.24946481690396155,-0.24622204015395255,0.42243247682398016,0.3329315533639309,-0.17475008639725964
2014_07_ATL_BAL,BAL,0.3329315533639309,-0.17475008639725964,2.8942017555236816,-0.24946481690396155,-0.24622204015395255
2014_07_CAR_GB,CAR,0.035697068764536516,-0.3436304576018648,-5.614778093802623,0.46366632340114716,0.0844396202567926
2014_07_CAR_GB,GB,0.46366632340114716,0.0844396202567926,8.598261823256811,0.035697068764536516,-0.3436304576018648
2014_07_CIN_IND,CIN,-0.5210964658419305,-0.30795627901291783,-17.915910399622387,0.2003071796049081,-0.13827117506309772
2014_07_CIN_IND,IND,0.2003071796049081,-0.13827117506309772,-1.8100648373365402,-0.5210964658419305,-0.30795627901291783
2014_07_CLE_JAX,CLE,-0.48229492362924287,-0.3805221383367537,-22.57361542887804,-0.5324127574325257,0.10125071697485899
2014_07_CLE_JAX,JAX,-0.5324127574325257,0.10125071697485899,-9.708472317264926,-0.48229492362924287,-0.3805221383367537
2014_07_HOU_PIT,HOU,0.08269635533411118,-0.11787775906035676,8.61229095607996,0.23053182462590485,-0.23665277427856132
2014_07_HOU_PIT,PIT,0.23053182462590485,-0.23665277427856132,12.919348259182538,0.08269635533411118,-0.11787775906035676
2014_07_KC_SD,KC,0.3636440930111666,-0.054809727190230556,-1.3060731547219413,0.12263063872154609,-0.09519309761526529
2014_07_KC_SD,LAC,0.12263063872154609,-0.09519309761526529,0.6973741515990226,0.3636440930111666,-0.054809727190230556
2014_07_MIA_CHI,CHI,-0.33366106665926054,0.09265920825642891,-1.735648512840271,0.3498134354937569,0.047144650714471936
2014_07_MIA_CHI,MIA,0.3498134354937569,0.047144650714471936,14.772911033322734,-0.33366106665926054,0.09265920825642891
2014_07_MIN_BUF,BUF,-0.1279151365753153,-0.03699713037834348,10.86293026441481,-0.25825490003072266,-0.071334801649897
2014_07_MIN_BUF,MIN,-0.25825490003072266,-0.071334801649897,-3.132991378123944,-0.1279151365753153,-0.03699713037834348
2014_07_NO_DET,DET,0.030872931016897583,-0.07651420526646847,-2.627296671271324,0.10367500294605676,-0.42264456082325935
2014_07_NO_DET,NO,0.10367500294605676,-0.42264456082325935,-5.130032856356014,0.030872931016897583,-0.07651420526646847
2014_07_NYG_DAL,DAL,0.7549920786684827,-0.1297595679184872,18.728676827057548,0.2603279366563871,-0.23925740339793264
2014_07_NYG_DAL,NYG,0.2603279366563871,-0.23925740339793264,1.7109592445194721,0.7549920786684827,-0.1297595679184872
2014_07_NYJ_NE,NE,0.2396766386645341,-0.07361839659856545,-4.753439293967353,0.19840302137784424,0.06026508271737073
2014_07_NYJ_NE,NYJ,0.19840302137784424,0.06026508271737073,-4.006237198006023,0.2396766386645341,-0.07361839659856545
2014_07_SEA_STL,LA,0.5469344538692182,-0.13420192090637229,13.8298423517318,0.4757504261501518,-0.1542663498785933
2014_07_SEA_STL,SEA,0.4757504261501518,-0.1542663498785933,0.6139747384521697,0.5469344538692182,-0.13420192090637229
2014_07_SF_DEN,DEN,0.7017224883065865,0.04848184075555764,18.47219086355633,-0.012364861688560009,-0.11823705888430898
2014_07_SF_DEN,SF,-0.012364861688560009,-0.11823705888430898,-0.8536658209303151,0.7017224883065865,0.04848184075555764
2014_07_TEN_WAS,TEN,0.05376573682933511,-0.19356432190144676,2.766392953120745,0.0176917599366933,-0.11682758191600442
2014_07_TEN_WAS,WAS,0.0176917599366933,-0.11682758191600442,8.064266719988414,0.05376573682933511,-0.19356432190144676
2014_08_BAL_CIN,BAL,-0.20762132907132816,0.2381860371836275,-11.662296454111734,-0.07571092762526269,0.06861874251797631
2014_08_BAL_CIN,CIN,-0.07571092762526269,0.06861874251797631,11.169160736931694,-0.20762132907132816,0.2381860371836275
2014_08_BUF_NYJ,BUF,0.42268372891420686,-0.22876667989335292,3.1522344140445484,-0.43631777052140247,0.016602650210502203
2014_08_BUF_NYJ,NYJ,-0.43631777052140247,0.016602650210502203,-11.426392847146744,0.42268372891420686,-0.22876667989335292
2014_08_CHI_NE,CHI,-0.010472716095575763,0.17099555976948558,0.7580112985202244,0.8432432745967553,-0.22952087295871615
2014_08_CHI_NE,NE,0.8432432745967553,-0.22952087295871615,20.737031337461975,-0.010472716095575763,0.17099555976948558
2014_08_DET_ATL,ATL,0.23693053746579348,-0.1012396393099334,9.422760170239668,0.2142834940657034,-0.21650753696651562
2014_08_DET_ATL,DET,0.2142834940657034,-0.21650753696651562,-13.291130756789988,0.23693053746579348,-0.1012396393099334
2014_08_GB_NO,GB,0.16891125112336797,-0.21619502446778557,2.706724852323532,0.5154799309889768,-0.005680631038792912
2014_08_GB_NO,NO,0.5154799309889768,-0.005680631038792912,15.97487423568964,0.16891125112336797,-0.21619502446778557
2014_08_HOU_TEN,HOU,0.19732690868462638,0.06982180654411327,-7.471030269350324,-0.1757269319375437,-0.2830241792097222
2014_08_HOU_TEN,TEN,-0.1757269319375437,-0.2830241792097222,1.6244344595001965,0.19732690868462638,0.06982180654411327
2014_08_IND_PIT,IND,0.16864933255653342,0.22810866635492338,-0.6314600733193484,0.7606766279239673,-0.2898190107485844
2014_08_IND_PIT,PIT,0.7606766279239673,-0.2898190107485844,16.915633058061406,0.16864933255653342,0.22810866635492338
2014_08_MIA_JAX,JAX,-0.42068187101875687,0.13701251492378874,-10.958832327057333,-0.21652649183201414,0.2868650693385659
2014_08_MIA_JAX,MIA,-0.21652649183201414,0.2868650693385659,-6.256325388776845,-0.42068187101875687,0.13701251492378874
2014_08_MIN_TB,MIN,-0.008012355167186486,-0.06418316985391789,-3.4119037593283306,-0.39349607011178,-0.013410079104471066
2014_08_MIN_TB,TB,-0.39349607011178,-0.013410079104471066,5.084609666040966,-0.008012355167186486,-0.06418316985391789
2014_08_OAK_CLE,CLE,0.16292571411667123,-0.31161528401692823,-1.4381193688937597,-0.010264404355797119,-0.5106710001127794
2014_08_OAK_CLE,LV,-0.010264404355797119,-0.5106710001127794,-0.3402201028970572,0.16292571411667123,-0.31161528401692823
2014_08_PHI_ARI,ARI,0.1670376676533615,-0.2465757079214951,-12.330159768462181,-0.08065670258355354,-0.044391620557250364
2014_08_PHI_ARI,PHI,-0.08065670258355354,-0.044391620557250364,-1.7215414572570285,0.1670376676533615,-0.2465757079214951
2014_08_SD_DEN,DEN,0.5710090328922192,0.052003873901170054,4.678743141038077,0.25355655106613995,-0.4430128261176703
2014_08_SD_DEN,LAC,0.25355655106613995,-0.4430128261176703,11.486762798413999,0.5710090328922192,0.052003873901170054
2014_08_SEA_CAR,CAR,-0.26370832617760775,-0.16388145303674173,-10.180560567162253,0.14414351301867157,-0.2691237516652715
2014_08_SEA_CAR,SEA,0.14414351301867157,-0.2691237516652715,-1.690396387130022,-0.26370832617760775,-0.16388145303674173
2014_08_STL_KC,KC,0.38399018670651563,-0.17802068313079264,9.821311769814328,-0.3301610562794501,-0.08255394225448577
2014_08_STL_KC,LA,-0.3301610562794501,-0.08255394225448577,3.826826810836792,0.38399018670651563,-0.17802068313079264
2014_08_WAS_DAL,DAL,-0.042663269399503045,-0.012641751538030804,-5.575430754459266,0.13202642049065763,0.03415293441402951
2014_08_WAS_DAL,WAS,0.13202642049065763,0.03415293441402951,19.40879389643669,-0.042663269399503045,-0.012641751538030804
2014_09_ARI_DAL,ARI,0.17209609079468968,-0.08656009534024633,3.4725219011306763,-0.14733488052811283,-0.24431657856460792
2014_09_ARI_DAL,DAL,-0.14733488052811283,-0.24431657856460792,-9.693545554623459,0.17209609079468968,-0.08656009534024633
2014_09_BAL_PIT,BAL,-0.09064712754017362,-0.4746208112437131,1.4500310813838786,0.6399535591491202,-0.45198623557315354
2014_09_BAL_PIT,PIT,0.6399535591491202,-0.45198623557315354,3.8405560561128564,-0.09064712754017362,-0.4746208112437131
2014_09_DEN_NE,DEN,-0.013787762152122504,-0.617869861475329,-1.1939710169507747,0.1972560479731129,-0.30645445875590666
2014_09_DEN_NE,NE,0.1972560479731129,-0.30645445875590666,4.230451401399106,-0.013787762152122504,-0.617869861475329
2014_09_IND_NYG,IND,0.2759138216394027,-0.010700700603103122,-3.455022540357378,0.05403923711627335,-0.23262438634533042
2014_09_IND_NYG,NYG,0.05403923711627335,-0.23262438634533042,-7.281535446643829,0.2759138216394027,-0.010700700603103122
2014_09_JAX_CIN,CIN,0.08174351717006231,0.11561887308968888,-1.2535868152495353,-0.03892830851848948,0.07403067372506485
2014_09_JAX_CIN,JAX,-0.03892830851848948,0.07403067372506485,4.742306019320632,0.08174351717006231,0.11561887308968888
2014_09_NO_CAR,CAR,-0.2624273535630338,-0.1267227775395094,-20.214594794171198,0.16244603307523692,0.08286060841226786
2014_09_NO_CAR,NO,0.16244603307523692,0.08286060841226786,9.836338957150778,-0.2624273535630338,-0.1267227775395094
2014_09_NYJ_KC,KC,0.2865900629717505,0.10463454546639696,-0.0616517759138538,-0.1190310553550565,-0.004054904599749414
2014_09_NYJ_KC,NYJ,-0.1190310553550565,-0.004054904599749414,3.864994727902942,0.2865900629717505,0.10463454546639696
2014_09_OAK_SEA,LV,-0.12048535891810554,-0.4255406536212831,-5.602817088365555,0.02366689661721869,-0.0250133971858304
2014_09_OAK_SEA,SEA,0.02366689661721869,-0.0250133971858304,-12.314521652810713,-0.12048535891810554,-0.4255406536212831
2014_09_PHI_HOU,HOU,0.05933955385102096,-0.127573194029868,-9.910522401332855,0.037329168959103425,0.17673653531451955
2014_09_PHI_HOU,PHI,0.037329168959103425,0.17673653531451955,8.858618546615947,0.05933955385102096,-0.127573194029868
2014_09_SD_MIA,LAC,-0.5007664695675034,-0.47475436273962257,-10.415184956330519,0.46355426430296426,-0.22357837478835685
2014_09_SD_MIA,MIA,0.46355426430296426,-0.22357837478835685,6.005564446632679,-0.5007664695675034,-0.47475436273962257
2014_09_STL_SF,LA,-0.2218983059338694,-0.3015936944694086,-13.339502612749735,-0.0839837836842856,-0.32411942838225516
2014_09_STL_SF,SF,-0.0839837836842856,-0.32411942838225516,-0.6625285654356985,-0.2218983059338694,-0.3015936944694086
2014_09_TB_CLE,CLE,-0.18313908045989882,-0.2231396598329481,1.770408539211049,-0.0918549554830064,-0.06806071633521545
2014_09_TB_CLE,TB,-0.0918549554830064,-0.06806071633521545,-2.217390907533241,-0.18313908045989882,-0.2231396598329481
2014_09_WAS_MIN,MIN,0.20083066292461305,-0.013883890849959037,4.103687476544153,0.17977800044702671,0.02218190139906356
2014_09_WAS_MIN,WAS,0.17977800044702671,0.02218190139906356,3.63986108984266,0.20083066292461305,-0.013883890849959037
2014_10_ATL_TB,ATL,0.37670730510505934,-0.04141571766121613,4.892397771279017,0.1629869554459028,-0.33648573062382636
2014_10_ATL_TB,TB,0.1629869554459028,-0.33648573062382636,7.8608399847658665,0.37670730510505934,-0.04141571766121613
2014_10_CAR_PHI,CAR,-0.2776720535766799,-0.2898480735040115,2.43924617767334,0.15873672473317277,-0.23523718328674717
2014_10_CAR_PHI,PHI,0.15873672473317277,-0.23523718328674717,-8.556593706210455,-0.2776720535766799,-0.2898480735040115
2014_10_CHI_GB,CHI,-0.4225571859825155,-0.2903860353055114,-8.74927718192339,0.7109414746178893,-0.20776180448680834
2014_10_CHI_GB,GB,0.7109414746178893,-0.20776180448680834,-1.949278824031353,-0.4225571859825155,-0.2903860353055114
2014_10_CLE_CIN,CIN,-0.5285192280022514,-0.3432933904696256,-30.958453384605615,0.44269397325853105,-0.0637514548623901
2014_10_CLE_CIN,CLE,0.44269397325853105,-0.0637514548623901,2.0255309084187383,-0.5285192280022514,-0.3432933904696256
2014_10_DAL_JAX,DAL,0.2305775645156445,0.006459708603021378,12.727788090705872,0.07090355305960595,-0.38560411637603387
2014_10_DAL_JAX,JAX,0.07090355305960595,-0.38560411637603387,-9.50000133063342,0.2305775645156445,0.006459708603021378
2014_10_DEN_OAK,DEN,0.19850412233850556,-0.015596478225197642,1.9239148125052452,-0.30443327612569554,-0.37440069594110054
2014_10_DEN_OAK,LV,-0.30443327612569554,-0.37440069594110054,-2.0780657296595364,0.19850412233850556,-0.015596478225197642
2014_10_KC_BUF,BUF,-0.06105253702376105,-0.2279333949656575,-6.311425194144249,-0.08241228127888874,-0.04166071866537728
2014_10_KC_BUF,KC,-0.08241228127888874,-0.04166071866537728,-5.786230338030848,-0.06105253702376105,-0.2279333949656575
2014_10_MIA_DET,DET,0.10189127947291389,-0.3864057875193697,-0.6636308460700803,-0.0746895601760679,-0.669667463992179
2014_10_MIA_DET,MIA,-0.0746895601760679,-0.669667463992179,4.594455417749044,0.10189127947291389,-0.3864057875193697
2014_10_NYG_SEA,NYG,-0.043724492020070706,-0.23649871579761397,4.740247511586477,0.12216172872480606,0.43297624247852806
2014_10_NYG_SEA,SEA,0.12216172872480606,0.43297624247852806,2.7913850019959843,-0.043724492020070706,-0.23649871579761397
2014_10_PIT_NYJ,NYJ,0.15923353531254275,-0.1525968468932692,1.2371843059857686,-0.021184851942701498,-0.376809918478517
2014_10_PIT_NYJ,PIT,-0.021184851942701498,-0.376809918478517,12.413615388114279,0.15923353531254275,-0.1525968468932692
2014_10_SF_NO,NO,-0.058408701158434384,-0.025216876599006354,-5.416159960958693,-0.09665691660958356,0.08532962226114857
2014_10_SF_NO,SF,-0.09665691660958356,0.08532962226114857,-13.259508600458503,-0.058408701158434384,-0.025216876599006354
2014_10_STL_ARI,ARI,0.0020469283784826423,-0.36746398056550933,5.09321573303967,-0.6046104756362805,-0.08062646742037032
2014_10_STL_ARI,LA,-0.6046104756362805,-0.08062646742037032,-10.979692278237179,0.0020469283784826423,-0.36746398056550933
2014_10_TEN_BAL,BAL,0.1569559333417731,0.07604946119954548,-4.342829960363883,-0.19306573362061472,-0.3433819263750179
2014_10_TEN_BAL,TEN,-0.19306573362061472,-0.3433819263750179,-7.727554550877324,0.1569559333417731,0.07604946119954548
2014_11_ATL_CAR,ATL,0.06927049789775559,-0.2956321670767815,4.282131587917155,-0.08685857450643952,-0.0001137899116419394
2014_11_ATL_CAR,CAR,-0.08685857450643952,-0.0001137899116419394,0.08773731218801963,0.06927049789775559,-0.2956321670767815
2014_11_BUF_MIA,BUF,-0.12125085002955678,-0.22557913882580274,-10.581236136587043,0.13556191017202718,0.12191891671998588
2014_11_BUF_MIA,MIA,0.13556191017202718,0.12191891671998588,9.245055563309613,-0.12125085002955678,-0.22557913882580274
2014_11_CIN_NO,CIN,0.8355641193769837,-0.10739672992903491,13.394374739040028,0.17440104521819128,-0.2762563661346212
2014_11_CIN_NO,NO,0.17440104521819128,-0.2762563661346212,10.551619311658348,0.8355641193769837,-0.10739672992903491
2014_11_DEN_STL,DEN,-0.20482913355818572,-0.1075124281924218,-6.9915744993421765,-0.013060999544638227,-0.20167626258656243
2014_11_DEN_STL,LA,-0.013060999544638227,-0.20167626258656243,3.4007740431818467,-0.20482913355818572,-0.1075124281924218
2014_11_DET_ARI,ARI,0.15685510840100636,-0.27864788375217875,2.114714728668332,-0.1876909414268885,-0.1645561257640733
2014_11_DET_ARI,DET,-0.1876909414268885,-0.1645561257640733,-6.983149896065394,0.15685510840100636,-0.27864788375217875
2014_11_HOU_CLE,CLE,-0.21215314744564362,-0.3884456323867198,-19.454895615577698,0.2239999473511839,-0.018839101542128405
2014_11_HOU_CLE,HOU,0.2239999473511839,-0.018839101542128405,5.631114840507507,-0.21215314744564362,-0.3884456323867198
2014_11_MIN_CHI,CHI,0.22172835890917944,-0.08591748820015646,10.310172445552293,-0.11769586365208577,0.16430208560944135
2014_11_MIN_CHI,MIN,-0.11769586365208577,0.16430208560944135,-2.213531732559204,0.22172835890917944,-0.08591748820015646
2014_11_NE_IND,IND,0.013480024374273007,-0.3601836359510863,2.2792708229374243,0.42016644416889903,0.44783371779570785
2014_11_NE_IND,NE,0.42016644416889903,0.44783371779570785,4.4472587519678575,0.013480024374273007,-0.3601836359510863
2014_11_OAK_SD,LAC,-0.2133378890233498,-0.1894290427426864,-4.241357393124524,-0.23992658657079136,-0.44684491766077516
2014_11_OAK_SD,LV,-0.23992658657079136,-0.44684491766077516,-12.780885443542942,-0.2133378890233498,-0.1894290427426864
2014_11_PHI_GB,GB,0.5308547321011085,-0.18742229041942796,5.820849289496739,-0.00692049415069999,-0.6455743285356045
2014_11_PHI_GB,PHI,-0.00692049415069999,-0.6455743285356045,-4.8556316982616075,0.5308547321011085,-0.18742229041942796
2014_11_PIT_TEN,PIT,0.1529950995912636,0.18249845152546265,8.987341169267893,0.19287639504182152,-0.11908975671796584
2014_11_PIT_TEN,TEN,0.19287639504182152,-0.11908975671796584,3.7854687621196113,0.1529950995912636,0.18249845152546265
2014_11_SEA_KC,KC,0.12415902886358607,0.12220871571845494,0.5530460675557455,0.10622870982323467,-0.024404355623353753
2014_11_SEA_KC,SEA,0.10622870982323467,-0.024404355623353753,5.771262478083372,0.12415902886358607,0.12220871571845494
2014_11_SF_NYG,NYG,-0.30508307164779963,-0.34100606139760375,-11.070993377102745,0.16995278807721714,-0.21903923164107697
2014_11_SF_NYG,SF,0.16995278807721714,-0.21903923164107697,-10.753032565116882,-0.30508307164779963,-0.34100606139760375
2014_11_TB_WAS,TB,0.49204670488091945,-0.3036942928968194,10.934126960194629,-0.2617696715347579,-0.06918848713810023
2014_11_TB_WAS,WAS,-0.2617696715347579,-0.06918848713810023,-0.14945748262107372,0.49204670488091945,-0.3036942928968194
2014_12_ARI_SEA,ARI,-0.16445252105565106,-0.28195998350651386,-3.48467265184109,0.05892231382651232,-0.11069610588553284
2014_12_ARI_SEA,SEA,0.05892231382651232,-0.11069610588553284,16.59425887323561,-0.16445252105565106,-0.28195998350651386
2014_12_BAL_NO,BAL,0.4202160836080949,0.23807665678173034,11.754616317541704,0.20766002254307023,-0.17299619069995564
2014_12_BAL_NO,NO,0.20766002254307023,-0.17299619069995564,11.6309754550457,0.4202160836080949,0.23807665678173034
2014_12_CIN_HOU,CIN,0.05125381734841743,-0.14269762466127817,3.6554141555513655,-0.20637005877023334,-0.04957899793455573
2014_12_CIN_HOU,HOU,-0.20637005877023334,-0.04957899793455573,-15.589334313259569,0.05125381734841743,-0.14269762466127817
2014_12_CLE_ATL,ATL,0.04581300873403579,-0.1567170103856673,-1.0680022627808328,0.057630887963134196,0.13380448486262547
2014_12_CLE_ATL,CLE,0.057630887963134196,0.13380448486262547,-6.779528260231018,0.04581300873403579,-0.1567170103856673
2014_12_DAL_NYG,DAL,0.4783432814128878,0.11538590716130177,10.073994517326355,0.3477343606923352,-0.1334039241701248
2014_12_DAL_NYG,NYG,0.3477343606923352,-0.1334039241701248,9.666043441546591,0.4783432814128878,0.11538590716130177
2014_12_DET_NE,DET,-0.08292905720280529,-0.13507266345021146,-19.308096898926628,0.14052484006364802,-0.02375106007490434
2014_12_DET_NE,NE,0.14052484006364802,-0.02375106007490434,3.8576200323284797,-0.08292905720280529,-0.13507266345021146
2014_12_GB_MIN,GB,0.41766289196627326,-0.03951162993002476,4.477538682263473,-0.02963000399275395,0.05413111038797069
2014_12_GB_MIN,MIN,-0.02963000399275395,0.05413111038797069,-4.627031750149197,0.41766289196627326,-0.03951162993002476
2014_12_JAX_IND,IND,-0.1291332179653844,-0.05298206286873513,3.8601011969149113,-0.6409775085940407,-0.24911671986179004
2014_12_JAX_IND,JAX,-0.6409775085940407,-0.24911671986179004,-16.313162666779977,-0.1291332179653844,-0.05298206286873513
2014_12_KC_OAK,KC,-0.016146186889794027,-0.2084547551809616,-9.504181497237262,0.02375380643643262,0.19448523189833697
2014_12_KC_OAK,LV,0.02375380643643262,0.19448523189833697,-13.245435016495842,-0.016146186889794027,-0.2084547551809616
2014_12_MIA_DEN,DEN,0.458404289428203,0.23938893393770902,17.24832824298314,0.27844258432232893,0.20282093434348436
2014_12_MIA_DEN,MIA,0.27844258432232893,0.20282093434348436,8.77173220117887,0.458404289428203,0.23938893393770902
2014_12_NYJ_BUF,BUF,0.38351445205511825,-0.134546451142122,9.560194227003283,-0.5727987644470064,-0.02165236430785929
2014_12_NYJ_BUF,NYJ,-0.5727987644470064,-0.02165236430785929,-8.90589435895284,0.38351445205511825,-0.134546451142122
2014_12_STL_SD,LA,-0.19169570890412602,-0.04837642913965586,-6.929814389773777,-0.1408305745309043,0.09706320308274978
2014_12_STL_SD,LAC,-0.1408305745309043,0.09706320308274978,15.106306654034238,-0.19169570890412602,-0.04837642913965586
2014_12_TB_CHI,CHI,-0.44614235130597213,-0.07400649169209862,-10.569115038271304,-0.21059838968792816,-0.3866289381927345
2014_12_TB_CHI,TB,-0.21059838968792816,-0.3866289381927345,-6.5456425460676355,-0.44614235130597213,-0.07400649169209862
2014_12_TEN_PHI,PHI,0.11146591934169921,-0.11020813111336092,5.284003203823453,-0.056141765532402875,-0.45847967293383063
2014_12_TEN_PHI,TEN,-0.056141765532402875,-0.45847967293383063,-8.023441308423093,0.11146591934169921,-0.11020813111336092
2014_12_WAS_SF,SF,0.2624503581090167,-0.6675974488076146,9.902804935800619,-0.5160365004395762,0.002954167229198127
2014_12_WAS_SF,WAS,-0.5160365004395762,0.002954167229198127,-9.419911578297615,0.2624503581090167,-0.6675974488076146
2014_13_ARI_ATL,ARI,-0.21068100820923502,-0.10067997268075124,-0.16259344724508432,0.09224892211568436,-0.21109968774098206
2014_13_ARI_ATL,ATL,0.09224892211568436,-0.21109968774098206,4.396545232796088,-0.21068100820923502,-0.10067997268075124
2014_13_CAR_MIN,CAR,-0.16388615274810012,0.1591507693073557,-11.784242050988334,0.14222639981191607,-0.21159975116421847
2014_13_CAR_MIN,MIN,0.14222639981191607,-0.21159975116421847,4.9735672771930695,-0.16388615274810012,0.1591507693073557
2014_13_CHI_DET,CHI,-0.06107423715931161,-0.4783803552854806,-4.484408783415954,0.18267466289695974,-0.04180118707474321
2014_13_CHI_DET,DET,0.18267466289695974,-0.04180118707474321,7.45207741856575,-0.06107423715931161,-0.4783803552854806
2014_13_CIN_TB,CIN,-0.25034099832533463,0.015728346905369242,11.750392229468734,-0.12347171978658503,-0.31738691888055753
2014_13_CIN_TB,TB,-0.12347171978658503,-0.31738691888055753,-12.088893816388886,-0.25034099832533463,0.015728346905369242
2014_13_CLE_BUF,BUF,-0.24187277634776466,-0.1513164161278264,-7.385047773520152,-0.15027520494618526,-0.5464593420632203
2014_13_CLE_BUF,CLE,-0.15027520494618526,-0.5464593420632203,-3.9373773175316886,-0.24187277634776466,-0.1513164161278264
2014_13_DEN_KC,DEN,0.022115476311038485,0.026807251518281797,-6.016688048839569,-0.4563787859262321,-0.29749413551656867
2014_13_DEN_KC,KC,-0.4563787859262321,-0.29749413551656867,1.12939425136732,0.022115476311038485,0.026807251518281797
2014_13_MIA_NYJ,MIA,-0.11215970520344734,0.09639404610559148,9.779483675956726,-0.24172623225691325,0.060485452835840454
2014_13_MIA_NYJ,NYJ,-0.24172623225691325,0.060485452835840454,-9.025322244717525,-0.11215970520344734,0.09639404610559148
2014_13_NE_GB,GB,0.4167913475420319,-0.06551912184339016,4.531171761061016,0.3294611927042883,0.02243729048709878
2014_13_NE_GB,NE,0.3294611927042883,0.02243729048709878,2.4088001676968167,0.4167913475420319,-0.06551912184339016
2014_13_NO_PIT,NO,0.5702229482354596,0.010468649346596347,12.820812372060923,0.17382690514548096,0.038272652888933764
2014_13_NO_PIT,PIT,0.17382690514548096,0.038272652888933764,-3.6838462310177937,0.5702229482354596,0.010468649346596347
2014_13_NYG_JAX,JAX,-0.14137113426872225,-0.10339955698101366,-5.066779341016497,-0.1953556767486448,-0.00676776598912612
2014_13_NYG_JAX,NYG,-0.1953556767486448,-0.00676776598912612,6.027867162928862,-0.14137113426872225,-0.10339955698101366
2014_13_OAK_STL,LA,0.29206836933668706,0.14283031814265995,-11.894140782810393,-0.5237449610260604,-0.47542166022467425
2014_13_OAK_STL,LV,-0.5237449610260604,-0.47542166022467425,-11.377538926899433,0.29206836933668706,0.14283031814265995
2014_13_PHI_DAL,DAL,-0.31158740580311345,-0.1601426663934641,-0.6956295720462141,0.34784572555375165,0.03814065781916724
2014_13_PHI_DAL,PHI,0.34784572555375165,0.03814065781916724,5.486837748823495,-0.31158740580311345,-0.1601426663934641
2014_13_SD_BAL,BAL,0.4548193756225412,-0.09585547690403473,-2.5756037042986963,0.35858711785866826,0.02948402245528996
2014_13_SD_BAL,LAC,0.35858711785866826,0.02948402245528996,9.548585216204325,0.4548193756225412,-0.09585547690403473
2014_13_SEA_SF,SEA,0.24563740515822297,-0.11823028516442041,3.094747391614047,-0.29795932491969995,-0.28539741878194036
2014_13_SEA_SF,SF,-0.29795932491969995,-0.28539741878194036,-8.700706835450797,0.24563740515822297,-0.11823028516442041
2014_13_TEN_HOU,HOU,0.6321752994586455,-0.30485325469099545,10.078753666444259,-0.3129985782725271,-0.19280281666909682
2014_13_TEN_HOU,TEN,-0.3129985782725271,-0.19280281666909682,6.286007358181861,0.6321752994586455,-0.30485325469099545
2014_13_WAS_IND,IND,0.4519706025528121,-0.08615931632965312,19.133684287468594,0.03877165874149786,-0.36401527224701236
2014_13_WAS_IND,WAS,0.03877165874149786,-0.36401527224701236,1.4751153795615486,0.4519706025528121,-0.08615931632965312
2014_14_ATL_GB,ATL,0.5819162323397155,-0.06821626675140113,0.9451781327907856,0.503551004062641,0.13985401069042452
2014_14_ATL_GB,GB,0.503551004062641,0.13985401069042452,4.620109581285053,0.5819162323397155,-0.06821626675140113
2014_14_BAL_MIA,BAL,0.356935321170193,0.3091752501096818,17.68509606520335,-0.09784170811278699,-0.12121125555623262
2014_14_BAL_MIA,MIA,-0.09784170811278699,-0.12121125555623262,1.5477615323933689,0.356935321170193,0.3091752501096818
2014_14_BUF_DEN,BUF,-0.055972894232324516,0.13088096393553048,-0.5282948937332421,-0.18926378092421983,0.030383511453207272
2014_14_BUF_DEN,DEN,-0.18926378092421983,0.030383511453207272,7.250484824180603,-0.055972894232324516,0.13088096393553048
2014_14_CAR_NO,CAR,0.35210062091189614,0.19884503362424621,3.4937338482949043,-0.3605498983725351,0.10467688445714884
2014_14_CAR_NO,NO,-0.3605498983725351,0.10467688445714884,-8.193533960729837,0.35210062091189614,0.19884503362424621
2014_14_DAL_CHI,CHI,0.22816092229752233,-0.10220551025017631,6.338214291178661,0.5974984067617226,0.23867247902766675
2014_14_DAL_CHI,DAL,0.5974984067617226,0.23867247902766675,17.293050197454598,0.22816092229752233,-0.10220551025017631
2014_14_HOU_JAX,HOU,0.05470867349131314,0.11182826329681311,5.044853530432048,-0.1622447439168007,-0.19678608736737072
2014_14_HOU_JAX,JAX,-0.1622447439168007,-0.19678608736737072,-18.010308668017387,0.05470867349131314,0.11182826329681311
2014_14_IND_CLE,CLE,-0.3297276986494993,-0.10917891335169164,-13.558662186066309,-0.2567989404554035,0.12308924110451093
2014_14_IND_CLE,IND,-0.2567989404554035,0.12308924110451093,-12.4728040312821,-0.3297276986494993,-0.10917891335169164
2014_14_KC_ARI,ARI,0.2192141080922476,-0.10218395896349589,-7.683834844622119,-0.10883377738325495,0.17956132194958627
2014_14_KC_ARI,KC,-0.10883377738325495,0.17956132194958627,-4.246396296902707,0.2192141080922476,-0.10218395896349589
2014_14_NE_SD,LAC,-0.2204096515112125,-0.15534061941798427,-1.4972325527306758,0.04052313688653625,-0.27522022439426597
2014_14_NE_SD,NE,0.04052313688653625,-0.27522022439426597,2.2709642282941123,-0.2204096515112125,-0.15534061941798427
2014_14_NYG_TEN,NYG,-0.011611934881625223,0.029767648958243496,-1.3558975287846156,-0.5516096223420195,-0.27574061132459476
2014_14_NYG_TEN,TEN,-0.5516096223420195,-0.27574061132459476,-0.5223265716007778,-0.011611934881625223,0.029767648958243496
2014_14_NYJ_MIN,MIN,0.48927848135121604,-0.06176340302156929,9.976467159059313,0.19207542992964333,-0.2727771563642964
2014_14_NYJ_MIN,NYJ,0.19207542992964333,-0.2727771563642964,2.9434452796804496,0.48927848135121604,-0.06176340302156929
2014_14_PIT_CIN,CIN,0.15311142058427712,-0.44069659176258075,5.896737575531006,0.4809493733180885,0.10532833243562509
2014_14_PIT_CIN,PIT,0.4809493733180885,0.10532833243562509,0.760386769588177,0.15311142058427712,-0.44069659176258075
2014_14_SEA_PHI,PHI,-0.3560083606047556,-0.45956498837109566,-12.334742099046707,0.20028022450956937,-0.10303167933626554
2014_14_SEA_PHI,SEA,0.20028022450956937,-0.10303167933626554,8.037391711365093,-0.3560083606047556,-0.45956498837109566
2014_14_SF_OAK,LV,0.4058238296580174,-0.3600971977430163,15.360474905797414,-0.03173301511941559,-0.05748036166187376
2014_14_SF_OAK,SF,-0.03173301511941559,-0.05748036166187376,-7.07272905291933,0.4058238296580174,-0.3600971977430163
2014_14_STL_WAS,LA,0.35896171848573066,-0.09292601599396827,7.896206460215828,-0.29646217308084793,-0.5119428294177245
2014_14_STL_WAS,WAS,-0.29646217308084793,-0.5119428294177245,-6.546143607960807,0.35896171848573066,-0.09292601599396827
2014_14_TB_DET,DET,0.406844081007972,-0.37088075614259913,10.647893231362104,-0.030294553664573863,-0.870478179289917
2014_14_TB_DET,TB,-0.030294553664573863,-0.870478179289917,-8.07183165299265,0.406844081007972,-0.37088075614259913
2014_15_ARI_STL,ARI,-0.27428623277898434,-0.008293351346266365,-15.831822752952576,-0.26376237112490164,-0.5934023135001465
2014_15_ARI_STL,LA,-0.26376237112490164,-0.5934023135001465,-12.646202115636124,-0.27428623277898434,-0.008293351346266365
2014_15_CIN_CLE,CIN,-0.15618081501416128,0.34571472405514214,0.8284936348597208,-0.594695784729473,-0.252436304830813
2014_15_CIN_CLE,CLE,-0.594695784729473,-0.252436304830813,-8.199085791905722,-0.15618081501416128,0.34571472405514214
2014_15_DAL_PHI,DAL,0.5263487254365671,-0.1611451496137306,13.630000065112936,-0.02992132357945551,-0.04432359275630337
2014_15_DAL_PHI,PHI,-0.02992132357945551,-0.04432359275630337,-4.692273669772678,0.5263487254365671,-0.1611451496137306
2014_15_DEN_SD,DEN,0.6284845306286893,-0.25627648317191676,8.445248291605996,0.00948623298526536,-0.29437484598428304
2014_15_DEN_SD,LAC,0.00948623298526536,-0.29437484598428304,-6.13201767206192,0.6284845306286893,-0.25627648317191676
2014_15_GB_BUF,BUF,-0.3515160851006205,-0.06394134254209817,-14.546423819330004,-0.24849868208137157,0.06067605865488682
2014_15_GB_BUF,GB,-0.24849868208137157,0.06067605865488682,-21.58864990967076,-0.3515160851006205,-0.06394134254209817
2014_15_HOU_IND,HOU,-0.049120562165626325,-0.4672488081817344,-9.12136697769165,-0.2675703403815119,-0.12345902251959055
2014_15_HOU_IND,IND,-0.2675703403815119,-0.12345902251959055,-8.778874313130098,-0.049120562165626325,-0.4672488081817344
2014_15_JAX_BAL,BAL,0.16939397693828914,-0.23828115588062979,1.9619460900624592,-0.1907013214519498,-0.16737132362852042
2014_15_JAX_BAL,JAX,-0.1907013214519498,-0.16737132362852042,-3.8927906437924036,0.16939397693828914,-0.23828115588062979
2014_15_MIA_NE,MIA,-0.031226708189292393,-0.29167966831578457,2.541668586274411,0.3035962467245082,0.020791536936519184
2014_15_MIA_NE,NE,0.3035962467245082,0.020791536936519184,-0.713878699711391,-0.031226708189292393,-0.29167966831578457
2014_15_MIN_DET,DET,-0.1580586963841141,-0.15836640075680666,-8.062889942756065,-0.05924919350934493,-0.03398164205780057
2014_15_MIN_DET,MIN,-0.05924919350934493,-0.03398164205780057,5.719128709573012,-0.1580586963841141,-0.15836640075680666
2014_15_NO_CHI,CHI,-0.3314604555393637,-0.09341012817167212,-9.218603420642115,0.44260475088659174,-0.16482019866594996
2014_15_NO_CHI,NO,0.44260475088659174,-0.16482019866594996,17.90497948726018,-0.3314604555393637,-0.09341012817167212
2014_15_NYJ_TEN,NYJ,0.010581008609809667,-0.06829451689346959,-2.2063050557065895,-0.08339931681939361,-0.2961139870178886
2014_15_NYJ_TEN,TEN,-0.08339931681939361,-0.2961139870178886,-15.674712377436022,0.010581008609809667,-0.06829451689346959
2014_15_OAK_KC,KC,0.031499389138052614,-0.28927301939344036,-9.161017402525871,-0.23798648016544824,-0.3009471282369786
2014_15_OAK_KC,LV,-0.23798648016544824,-0.3009471282369786,-12.557061314582825,0.031499389138052614,-0.28927301939344036
2014_15_PIT_ATL,ATL,0.13787296407010924,-0.24646235832996252,0.41008583597234777,0.5136115247454964,-0.18385553126281592
2014_15_PIT_ATL,PIT,0.5136115247454964,-0.18385553126281592,12.311382591724396,0.13787296407010924,-0.24646235832996252
2014_15_SF_SEA,SEA,0.04164987586410585,0.11735239196568728,-0.40538803390834643,-0.1300872474675998,-0.07396361211732287
2014_15_SF_SEA,SF,-0.1300872474675998,-0.07396361211732287,-7.862082123756409,0.04164987586410585,0.11735239196568728
2014_15_TB_CAR,CAR,0.18064752361119013,-0.2731725201412136,5.9975844621658325,-0.14590246220946423,0.10879978660904314
2014_15_TB_CAR,TB,-0.14590246220946423,0.10879978660904314,-8.387662257466998,0.18064752361119013,-0.2731725201412136
2014_15_WAS_NYG,NYG,0.2548309775887061,-0.347601693123579,3.477422454777886,-0.08773264889366894,0.08263503628470724
2014_15_WAS_NYG,WAS,-0.08773264889366894,0.08263503628470724,0.7796012303408455,0.2548309775887061,-0.347601693123579
2014_16_ATL_NO,ATL,0.3773981038608246,-0.4435998950619782,8.316266536712646,-0.28327434958303527,-0.21455707569475635
2014_16_ATL_NO,NO,-0.28327434958303527,-0.21455707569475635,0.9317272901535034,0.3773981038608246,-0.4435998950619782
2014_16_BAL_HOU,BAL,-0.4012994529899463,-0.49421331148005265,-19.82840771476428,-0.11777511921928008,-0.25413975576137954
2014_16_BAL_HOU,HOU,-0.11777511921928008,-0.25413975576137954,-14.460182473773049,-0.4012994529899463,-0.49421331148005265
2014_16_BUF_OAK,BUF,0.08458721236932812,-0.5764421747465219,-1.719563104668442,0.04374144783145665,-0.13104956186383163
2014_16_BUF_OAK,LV,0.04374144783145665,-0.13104956186383163,-12.266123294830322,0.08458721236932812,-0.5764421747465219
2014_16_CLE_CAR,CAR,0.22993070356529913,-0.028202250932494153,-4.471377788051482,0.06006080251682359,-0.21250409312779084
2014_16_CLE_CAR,CLE,0.06006080251682359,-0.21250409312779084,-15.483271366073971,0.22993070356529913,-0.028202250932494153
2014_16_DEN_CIN,CIN,-0.16184233189276226,-0.053480426008771995,3.584035982688268,-0.21578730585060107,-0.015172055692681553
2014_16_DEN_CIN,DEN,-0.21578730585060107,-0.015172055692681553,0.46767517924308777,-0.16184233189276226,-0.053480426008771995
2014_16_DET_CHI,CHI,-0.06638930296784648,-0.3027495048212586,-0.4286906436869973,0.11653966751077346,0.25406047389101744
2014_16_DET_CHI,DET,0.11653966751077346,0.25406047389101744,-6.988885463812412,-0.06638930296784648,-0.3027495048212586
2014_16_GB_TB,GB,0.26288874863038086,-0.08931261273743264,11.317484453320503,-0.49642079999680844,-0.42915506861560665
2014_16_GB_TB,TB,-0.49642079999680844,-0.42915506861560665,-12.783789978577541,0.26288874863038086,-0.08931261273743264
2014_16_IND_DAL,DAL,1.1198612770045666,-0.3141352943391728,23.56832254500616,-0.2277293981312124,-0.6775551092228852
2014_16_IND_DAL,IND,-0.2277293981312124,-0.6775551092228852,0.9888570417057384,1.1198612770045666,-0.3141352943391728
2014_16_KC_PIT,KC,0.1251235912156091,-0.4567062434750066,3.0486360840175464,0.4060756738796406,0.0053660758289466185
2014_16_KC_PIT,PIT,0.4060756738796406,0.0053660758289466185,10.548948287963867,0.1251235912156091,-0.4567062434750066
2014_16_MIN_MIA,MIA,0.46890867684528026,-0.028693226250945728,9.554895568401255,0.2558484217847121,0.10484179916733875
2014_16_MIN_MIA,MIN,0.2558484217847121,0.10484179916733875,13.469520628452301,0.46890867684528026,-0.028693226250945728
2014_16_NE_NYJ,NE,-0.09955480892951606,0.13221878815804505,-1.9051152467727661,0.06202241110571874,-0.19701077938402312
2014_16_NE_NYJ,NYJ,0.06202241110571874,-0.19701077938402312,3.578928002604732,-0.09955480892951606,0.13221878815804505
2014_16_NYG_STL,LA,0.1389762680147087,-0.24099281620742244,7.207054179161787,0.7078723272371664,-0.16845750607458423
2014_16_NYG_STL,NYG,0.7078723272371664,-0.16845750607458423,14.639881998300552,0.1389762680147087,-0.24099281620742244
2014_16_PHI_WAS,PHI,0.2916530795997828,-0.11475255637764453,6.744996607303619,0.3413887434899265,-0.031798369802042724
2014_16_PHI_WAS,WAS,0.3413887434899265,-0.031798369802042724,8.88320998005245,0.2916530795997828,-0.11475255637764453
2014_16_SD_SF,LAC,0.08916863256405728,-0.0023319708625703837,1.7994954078285783,0.07773693682674696,-0.13706874789375648
2014_16_SD_SF,SF,0.07773693682674696,-0.13706874789375648,-4.032301592330138,0.08916863256405728,-0.0023319708625703837
2014_16_SEA_ARI,ARI,-0.30427124172866404,-0.24994110346169157,-20.155215130911934,0.5237229228082705,0.23659135273755377
2014_16_SEA_ARI,SEA,0.5237229228082705,0.23659135273755377,7.021294174523189,-0.30427124172866404,-0.24994110346169157
2014_16_TEN_JAX,JAX,0.04959950648638344,0.0676907756953204,-14.587466584311592,0.11375075232706364,-0.19244341554120184
2014_16_TEN_JAX,TEN,0.11375075232706364,-0.19244341554120184,6.975552877959083,0.04959950648638344,0.0676907756953204
2014_17_ARI_SF,ARI,0.16975845699116227,0.037276513484987214,-0.5588654428720474,0.32093614148786886,-0.03169296338008
2014_17_ARI_SF,SF,0.32093614148786886,-0.03169296338008,-4.553873378496903,0.16975845699116227,0.037276513484987214
2014_17_BUF_NE,BUF,0.1485702292465434,-0.04567020317922617,2.570838772732279,-0.17177504215180883,-0.14680165198439246
2014_17_BUF_NE,NE,-0.17177504215180883,-0.14680165198439246,-9.08671347424388,0.1485702292465434,-0.04567020317922617
2014_17_CAR_ATL,ATL,-0.5164190691692107,-0.39801027859793975,-7.274640621022975,0.1827962966283872,0.05936820348948235
2014_17_CAR_ATL,CAR,0.1827962966283872,0.05936820348948235,-0.24919547140598297,-0.5164190691692107,-0.39801027859793975
2014_17_CHI_MIN,CHI,-0.1063936385870633,0.03264913295003537,-5.133607155746883,0.009607756784256904,-0.23395826387072535
2014_17_CHI_MIN,MIN,0.009607756784256904,-0.23395826387072535,0.21007919311523438,-0.1063936385870633,0.03264913295003537
2014_17_CIN_PIT,CIN,-0.1598982889752544,-0.013285579194349272,7.299593718428361,0.1968939691713884,-0.7798889428619238
2014_17_CIN_PIT,PIT,0.1968939691713884,-0.7798889428619238,-0.10455972269961708,-0.1598982889752544,-0.013285579194349272
2014_17_CLE_BAL,BAL,0.21854011074187704,-0.20212900541722775,0.559383299615648,0.03803760799903334,-0.34609515134854096
2014_17_CLE_BAL,CLE,0.03803760799903334,-0.34609515134854096,-13.66518581552165,0.21854011074187704,-0.20212900541722775
2014_17_DAL_WAS,DAL,0.31797404523527206,0.1328911887020305,-0.6554035579457003,-0.2765762555844424,-0.1751561985473104
2014_17_DAL_WAS,WAS,-0.2765762555844424,-0.1751561985473104,-4.604933974219532,0.31797404523527206,0.1328911887020305
2014_17_DET_GB,DET,0.00636458356672412,-0.18249271708633752,-12.430771961808205,0.7084687674342393,-0.38650950592005084
2014_17_DET_GB,GB,0.7084687674342393,-0.38650950592005084,8.13149719134621,0.00636458356672412,-0.18249271708633752
2014_17_IND_TEN,IND,0.444913945987639,-0.4072147954407578,8.088532856532506,-0.4298212022366514,-0.19346565903979354
2014_17_IND_TEN,TEN,-0.4298212022366514,-0.19346565903979354,-19.801316459973652,0.444913945987639,-0.4072147954407578
2014_17_JAX_HOU,HOU,-0.05488219220854301,-0.09163574290737002,0.6554137808935983,-0.16217026796563755,-0.03494754515122622
2014_17_JAX_HOU,JAX,-0.16217026796563755,-0.03494754515122622,-22.797313332557678,-0.05488219220854301,-0.09163574290737002
2014_17_NO_TB,NO,0.13937591022042353,-0.07718147892129226,2.160681548871492,0.033771901270263464,-0.05027389522767503
2014_17_NO_TB,TB,0.033771901270263464,-0.05027389522767503,6.64406262692951,0.13937591022042353,-0.07718147892129226
2014_17_NYJ_MIA,MIA,-0.15264453938911937,0.3719869321407122,-5.047821769347558,0.9445396607909866,-0.4094257920169238
2014_17_NYJ_MIA,NYJ,0.9445396607909866,-0.4094257920169238,12.456201513608297,-0.15264453938911937,0.3719869321407122
2014_17_OAK_DEN,DEN,0.2742123730590732,-0.08207105064877507,-2.242445257993845,-0.33008212909505635,-0.2331257916178883
2014_17_OAK_DEN,LV,-0.33008212909505635,-0.2331257916178883,-13.950764636198679,0.2742123730590732,-0.08207105064877507
2014_17_PHI_NYG,NYG,0.047965830518928596,-0.19359351482708007,-4.369930276330912,0.14163759315498525,0.17374011100932527
2014_17_PHI_NYG,PHI,0.14163759315498525,0.17374011100932527,1.7398483223385282,0.047965830518928596,-0.19359351482708007
2014_17_SD_KC,KC,-0.22116662557582578,-0.00859581646276638,-4.338201990833989,-0.175505289878589,-0.15392310783150606
2014_17_SD_KC,LAC,-0.175505289878589,-0.15392310783150606,3.317664607482798,-0.22116662557582578,-0.00859581646276638
2014_17_STL_SEA,LA,-0.4698424687430442,-0.32894024802494404,0.6638531883557638,-0.29052982680160594,-0.0028180728453056267
2014_17_STL_SEA,SEA,-0.29052982680160594,-0.0028180728453056267,10.651600902730769,-0.4698424687430442,-0.32894024802494404
2015_01_BAL_DEN,BAL,-0.47579051524885657,-0.1896892752742928,-8.127490803599358,-0.2407818709017181,-0.2012145237652779
2015_01_BAL_DEN,DEN,-0.2407818709017181,-0.2012145237652779,-7.397209480404854,-0.47579051524885657,-0.1896892752742928
2015_01_CAR_JAX,CAR,-0.012959081121353367,-0.18148024419067635,-6.241384533143813,-0.44044499178279084,-0.01765605213586241
2015_01_CAR_JAX,JAX,-0.44044499178279084,-0.01765605213586241,-7.843474470652067,-0.012959081121353367,-0.18148024419067635
2015_01_CIN_OAK,CIN,0.3926403867243722,0.014176464046093835,11.322684323086458,-0.08752511715314332,-0.4248725686175021
2015_01_CIN_OAK,LV,-0.08752511715314332,-0.4248725686175021,-1.2397380762322003,0.3926403867243722,0.014176464046093835
2015_01_CLE_NYJ,CLE,-0.23739519946042603,-0.23621834731734867,-7.247921824455261,0.43025086765894693,-0.044048423438964944
2015_01_CLE_NYJ,NYJ,0.43025086765894693,-0.044048423438964944,3.724374994635582,-0.23739519946042603,-0.23621834731734867
2015_01_DET_SD,DET,-0.040509251220482254,0.08513998274611367,2.59214671594756,0.28857989914208776,-0.22722863506157107
2015_01_DET_SD,LAC,0.28857989914208776,-0.22722863506157107,14.00697500240512,-0.040509251220482254,0.08513998274611367
2015_01_GB_CHI,CHI,0.015069553962724939,0.20378544177764998,-8.88122294630323,0.5550857436349341,0.16739094623214137
2015_01_GB_CHI,GB,0.5550857436349341,0.16739094623214137,19.940839436921205,0.015069553962724939,0.20378544177764998
2015_01_IND_BUF,BUF,0.41960975759425095,-0.15594438995916232,5.194863990733498,0.01742561989381535,-0.02129778607049957
2015_01_IND_BUF,IND,0.01742561989381535,-0.02129778607049957,-7.125826849012959,0.41960975759425095,-0.15594438995916232
2015_01_KC_HOU,HOU,-0.09103066917952032,-0.23875570438976865,-7.9889245007349095,0.13078554358004915,-0.17671440509106365
2015_01_KC_HOU,KC,0.13078554358004915,-0.17671440509106365,1.3001065100392988,-0.09103066917952032,-0.23875570438976865
2015_01_MIA_WAS,MIA,0.0171527641312628,-0.3280655180398539,2.125527928857242,-0.026598831903774645,-0.12973670392430944
2015_01_MIA_WAS,WAS,-0.026598831903774645,-0.12973670392430944,4.767880132121425,0.0171527641312628,-0.3280655180398539
2015_01_MIN_SF,MIN,-0.42118669328783653,-0.006557855883979106,10.712609608327188,0.2038193087250451,0.13800295660298112
2015_01_MIN_SF,SF,0.2038193087250451,0.13800295660298112,1.4886906513800988,-0.42118669328783653,-0.006557855883979106
2015_01_NO_ARI,ARI,0.5117570987629942,-0.2883342164834334,-2.395354025065899,0.0609009815689119,-0.22223052258847192
2015_01_NO_ARI,NO,0.0609009815689119,-0.22223052258847192,-8.648963458836079,0.5117570987629942,-0.2883342164834334
2015_01_NYG_DAL,DAL,0.07102700871334246,-0.11037185688407837,8.768242928716871,0.04430497525396927,0.051106170390520005
2015_01_NYG_DAL,NYG,0.04430497525396927,0.051106170390520005,-7.593736323443326,0.07102700871334246,-0.11037185688407837
2015_01_PHI_ATL,ATL,0.0010966324131424852,-0.224373822627033,2.046970584813286,0.022966554401795288,-0.04758485913484609
2015_01_PHI_ATL,PHI,0.022966554401795288,-0.04758485913484609,-0.8756378522286048,0.0010966324131424852,-0.224373822627033
2015_01_PIT_NE,NE,0.5253537273351362,-0.06232782495499123,12.43072859942913,0.40009263540586526,0.012611832694049927
2015_01_PIT_NE,PIT,0.40009263540586526,0.012611832694049927,10.027081715433221,0.5253537273351362,-0.06232782495499123
2015_01_SEA_STL,LA,0.20251785745736592,-0.5041239692274337,1.4835737369678639,-0.06766889228633186,-0.0031854320332013954
2015_01_SEA_STL,SEA,-0.06766889228633186,-0.0031854320332013954,8.535313315507842,0.20251785745736592,-0.5041239692274337
2015_01_TEN_TB,TB,-0.19910332602803069,-0.4517643013750785,-12.999913638288325,1.155079115688568,-0.23263316494922037
2015_01_TEN_TB,TEN,1.155079115688568,-0.23263316494922037,21.860681176185608,-0.19910332602803069,-0.4517643013750785
2015_02_ARI_CHI,ARI,0.5987118979454473,0.037589606376261346,17.399143460004225,-0.20680156913001044,-0.1819591910106741
2015_02_ARI_CHI,CHI,-0.20680156913001044,-0.1819591910106741,2.9092539567500353,0.5987118979454473,0.037589606376261346
2015_02_ATL_NYG,ATL,0.3764838410523864,-0.06241962039811452,-1.2891672875570215,0.2160388596620333,-0.2277580050598308
2015_02_ATL_NYG,NYG,0.2160388596620333,-0.2277580050598308,3.0993691086769104,0.3764838410523864,-0.06241962039811452
2015_02_BAL_OAK,BAL,0.23656461946150958,0.20429855969044952,10.859636200798882,0.32762496877418734,0.12477976238975923
2015_02_BAL_OAK,LV,0.32762496877418734,0.12477976238975923,2.517847587233004,0.23656461946150958,0.20429855969044952
2015_02_DAL_PHI,DAL,0.024085293285986176,-0.23397061860023607,6.740229094729704,-0.09133030259019691,-0.9001902942819631
2015_02_DAL_PHI,PHI,-0.09133030259019691,-0.9001902942819631,-7.102690113557352,0.024085293285986176,-0.23397061860023607
2015_02_DEN_KC,DEN,-0.019183843715346392,-0.45121802139593375,-1.9662078883912828,-0.40017311299122293,-0.010730784429513194
2015_02_DEN_KC,KC,-0.40017311299122293,-0.010730784429513194,-6.368473410606384,-0.019183843715346392,-0.45121802139593375
2015_02_DET_MIN,DET,0.06805788797489025,-0.820771568845456,-3.4081818965765147,0.3409885880054954,-0.04180132028667662
2015_02_DET_MIN,MIN,0.3409885880054954,-0.04180132028667662,14.32469603088167,0.06805788797489025,-0.820771568845456
2015_02_HOU_CAR,CAR,-0.1099379897200093,0.059303361728130506,-12.413325019784876,-0.08988353379570888,-0.13838627627979883
2015_02_HOU_CAR,HOU,-0.08988353379570888,-0.13838627627979883,-16.523500126704835,-0.1099379897200093,0.059303361728130506
2015_02_MIA_JAX,JAX,0.2694463144935202,-0.18729122062758222,-6.13391123937838,0.2824040134015173,-0.46901908792642644
2015_02_MIA_JAX,MIA,0.2824040134015173,-0.46901908792642644,9.340638719325842,0.2694463144935202,-0.18729122062758222
2015_02_NE_BUF,BUF,-0.0846380744227852,0.14359315535927192,12.99050768216451,0.10313132081894624,0.07654653359639117
2015_02_NE_BUF,NE,0.10313132081894624,0.07654653359639117,1.830928861084631,-0.0846380744227852,0.14359315535927192
2015_02_NYJ_IND,IND,-0.12440847319334414,-0.4241528257206526,0.17280450889042445,0.20876059499889457,-0.24925336921481897
2015_02_NYJ_IND,NYJ,0.20876059499889457,-0.24925336921481897,3.946686229285072,-0.12440847319334414,-0.4241528257206526
2015_02_SD_CIN,CIN,0.3023257740961122,-0.26707364219146257,3.8075334082047143,0.04879473745578244,0.03623443415155634
2015_02_SD_CIN,LAC,0.04879473745578244,0.03623443415155634,12.266351511845222,0.3023257740961122,-0.26707364219146257
2015_02_SEA_GB,GB,0.18549108033857406,-0.05013649146029945,16.85972511768341,0.006200963597119551,-0.08607820272889166
2015_02_SEA_GB,SEA,0.006200963597119551,-0.08607820272889166,2.198899511633248,0.18549108033857406,-0.05013649146029945
2015_02_SF_PIT,PIT,0.8685783675323586,0.1009329077912428,18.954242821092958,0.16236987304731879,-0.1912269637483405
2015_02_SF_PIT,SF,0.16236987304731879,-0.1912269637483405,9.906629311001819,0.8685783675323586,0.1009329077912428
2015_02_STL_WAS,LA,-0.31865660598428225,-0.17767564680140752,-12.806109618395567,0.12465169603109275,-0.10610129967636357
2015_02_STL_WAS,WAS,0.12465169603109275,-0.10610129967636357,14.828488561842176,-0.31865660598428225,-0.17767564680140752
2015_02_TB_NO,NO,-0.21425395120594004,0.08295019983555764,-3.2324721154413725,0.16811831605289376,-0.2711171650062231
2015_02_TB_NO,TB,0.16811831605289376,-0.2711171650062231,4.653530745279221,-0.21425395120594004,0.08295019983555764
2015_02_TEN_CLE,CLE,0.18968900046375994,-0.18707778261935648,-2.3123850425084433,-0.00444147288288484,-0.08259185633609636
2015_02_TEN_CLE,TEN,-0.00444147288288484,-0.08259185633609636,-0.0495267880929483,0.18968900046375994,-0.18707778261935648
2015_03_ATL_DAL,ATL,0.3900510655100012,0.1743861371311747,0.9142214059829712,0.14857545513340512,0.12608889474094295
2015_03_ATL_DAL,DAL,0.14857545513340512,0.12608889474094295,12.61253677881681,0.3900510655100012,0.1743861371311747
2015_03_BUF_MIA,BUF,0.7294204812097349,-0.13591750857921825,14.199267738852008,-0.2933528274090193,0.24094904413297108
2015_03_BUF_MIA,MIA,-0.2933528274090193,0.24094904413297108,-5.407138199222331,0.7294204812097349,-0.13591750857921825
2015_03_CHI_SEA,CHI,-0.4357121556478722,-0.16900133418384938,-10.086929622818442,0.14482140422587914,-0.04886332710040733
2015_03_CHI_SEA,SEA,0.14482140422587914,-0.04886332710040733,15.291430399968075,-0.4357121556478722,-0.16900133418384938
2015_03_CIN_BAL,BAL,0.12502878558264324,-0.36907994009088724,-2.227316920955976,0.30454646507115646,-0.419368847302394
2015_03_CIN_BAL,CIN,0.30454646507115646,-0.419368847302394,5.4631054401397705,0.12502878558264324,-0.36907994009088724
2015_03_DEN_DET,DEN,0.14052908583438362,-0.22147523535194955,4.467155465057918,-0.1230366316377976,-0.34639609951481687
2015_03_DEN_DET,DET,-0.1230366316377976,-0.34639609951481687,-0.11278894212510851,0.14052908583438362,-0.22147523535194955
2015_03_IND_TEN,IND,-0.1783346630459747,0.4114295601159231,0.6758052110671997,0.010867719225192822,-0.14976897377886558
2015_03_IND_TEN,TEN,0.010867719225192822,-0.14976897377886558,2.821323275566101,-0.1783346630459747,0.4114295601159231
2015_03_JAX_NE,JAX,0.18893445320282337,-0.3787213268165942,-5.284690134453051,0.5378171908494629,0.2546127074233179
2015_03_JAX_NE,NE,0.5378171908494629,0.2546127074233179,10.093578114742186,0.18893445320282337,-0.3787213268165942
2015_03_KC_GB,GB,0.3774628746867174,-0.13289272742113098,4.079525215285165,-0.0017414048281498107,0.18804390833732518
2015_03_KC_GB,KC,-0.0017414048281498107,0.18804390833732518,-9.531789869070053,0.3774628746867174,-0.13289272742113098
2015_03_NO_CAR,CAR,0.3906137627664667,0.0899973528495797,5.402674309669003,0.19551381700020112,0.0247904808331066
2015_03_NO_CAR,NO,0.19551381700020112,0.0247904808331066,14.578750807988015,0.3906137627664667,0.0899973528495797
2015_03_OAK_CLE,CLE,0.18087272649924538,-0.34460151383453713,-1.048801139909394,0.3052424682937472,0.02032084275742818
2015_03_OAK_CLE,LV,0.3052424682937472,0.02032084275742818,-1.683354191482067,0.18087272649924538,-0.34460151383453713
2015_03_PHI_NYJ,NYJ,-0.27161681128969384,-0.13396592072760022,-1.7916763137126792,-0.057339502789796756,-0.21341403642307138
2015_03_PHI_NYJ,PHI,-0.057339502789796756,-0.21341403642307138,-13.747855595179967,-0.27161681128969384,-0.13396592072760022
2015_03_PIT_STL,LA,-0.2101253288969589,-0.26638540231053615,-2.105510851432537,0.09629791916505012,-0.3399712323765446
2015_03_PIT_STL,PIT,0.09629791916505012,-0.3399712323765446,13.243843714396158,-0.2101253288969589,-0.26638540231053615
2015_03_SD_MIN,LAC,-0.13172902254931007,-0.14796393206883554,4.969369135797024,-0.04195595463151303,0.11835348013943682
2015_03_SD_MIN,MIN,-0.04195595463151303,0.11835348013943682,-4.892943985760212,-0.13172902254931007,-0.14796393206883554
2015_03_SF_ARI,ARI,0.32959153828513177,0.1079171707156895,5.9882748511529735,-0.8848686503013596,-0.2066296744486317
2015_03_SF_ARI,SF,-0.8848686503013596,-0.2066296744486317,-18.361100711320574,0.32959153828513177,0.1079171707156895
2015_03_TB_HOU,HOU,0.12670573442938843,-0.08859273483264145,-3.924392354794038,-0.0614176638001714,-0.2608412306086393
2015_03_TB_HOU,TB,-0.0614176638001714,-0.2608412306086393,-8.296340959412712,0.12670573442938843,-0.08859273483264145
2015_03_WAS_NYG,NYG,0.46997672592857115,-0.2155668652640088,7.111373543739319,0.10633288658500713,-0.3860065086671966
2015_03_WAS_NYG,WAS,0.10633288658500713,-0.3860065086671966,0.08582363323289521,0.46997672592857115,-0.2155668652640088
2015_04_BAL_PIT,BAL,-0.30950114469272155,-0.06967707358182262,-1.7445932735096326,-0.4002515512169966,-0.0029783275254253385
2015_04_BAL_PIT,PIT,-0.4002515512169966,-0.0029783275254253385,6.264842817416558,-0.30950114469272155,-0.06967707358182262
2015_04_CAR_TB,CAR,0.16584778642749076,-0.008994806553736063,-5.535874448039315,-0.2194692222432329,-0.09691304783544703
2015_04_CAR_TB,TB,-0.2194692222432329,-0.09691304783544703,-0.7946596639912303,0.16584778642749076,-0.008994806553736063
2015_04_CLE_SD,CLE,0.23538089048531405,-0.11261253698136318,14.04882077127695,0.3837100706011119,-0.13780659674445078
2015_04_CLE_SD,LAC,0.3837100706011119,-0.13780659674445078,-5.389232087779689,0.23538089048531405,-0.11261253698136318
2015_04_DAL_NO,DAL,0.4569885397722486,-0.2124488299060613,1.3862324448732228,0.25351260449797547,-0.04948610061380874
2015_04_DAL_NO,NO,0.25351260449797547,-0.04948610061380874,5.624682438082811,0.4569885397722486,-0.2124488299060613
2015_04_DET_SEA,DET,-0.2176148197833922,-0.2607547394091901,0.7574366245950971,0.030086257102174847,-0.3906673028274478
2015_04_DET_SEA,SEA,0.030086257102174847,-0.3906673028274478,10.584823557963738,-0.2176148197833922,-0.2607547394091901
2015_04_GB_SF,GB,0.12434709848955061,0.038172812075279054,4.422260634601116,-0.23139708030312625,-0.3197338098427281
2015_04_GB_SF,SF,-0.23139708030312625,-0.3197338098427281,-11.978036880493164,0.12434709848955061,0.038172812075279054
2015_04_HOU_ATL,ATL,0.37695512865232583,-0.023044976207968852,-4.028144589176884,-0.10805223048371011,-0.45241058176098803
2015_04_HOU_ATL,HOU,-0.10805223048371011,-0.45241058176098803,-6.090306137737475,0.37695512865232583,-0.023044976207968852
2015_04_JAX_IND,IND,0.1423207827372004,-0.6219288429247999,-1.3554806404925408,0.08246909157318914,-0.16038587232535076
2015_04_JAX_IND,JAX,0.08246909157318914,-0.16038587232535076,-3.597636457453383,0.1423207827372004,-0.6219288429247999
2015_04_KC_CIN,CIN,0.7484156483035022,0.08930096311734437,9.782493114471436,0.07373213089165126,0.05683608818799257
2015_04_KC_CIN,KC,0.07373213089165126,0.05683608818799257,5.687369302261708,0.7484156483035022,0.08930096311734437
2015_04_MIN_DEN,DEN,-0.03420377757376114,0.03840952387595873,2.473100467964455,0.041170084761999175,0.0023262405434665693
2015_04_MIN_DEN,MIN,0.041170084761999175,0.0023262405434665693,5.127678920583027,-0.03420377757376114,0.03840952387595873
2015_04_NYG_BUF,BUF,-0.18713703148081456,-0.36078513228668546,5.451223644472304,-0.04097521929867393,-0.03934210859057826
2015_04_NYG_BUF,NYG,-0.04097521929867393,-0.03934210859057826,-9.806110433169774,-0.18713703148081456,-0.36078513228668546
2015_04_NYJ_MIA,MIA,-0.24123672239538455,0.08438096065074205,-14.083661139011383,0.30485467656142107,-0.02977530629788008
2015_04_NYJ_MIA,NYJ,0.30485467656142107,-0.02977530629788008,-6.474902814832227,-0.24123672239538455,0.08438096065074205
2015_04_OAK_CHI,CHI,0.2836020506917218,-0.6069750430173418,-0.9200527224429819,0.011332683228475224,-0.4282139751526973
2015_04_OAK_CHI,LV,0.011332683228475224,-0.4282139751526973,-8.38679192644177,0.2836020506917218,-0.6069750430173418
2015_04_PHI_WAS,PHI,0.3391399055973012,-0.48424123154070814,-3.45918812922069,0.19842603602573064,-0.16739660324237113
2015_04_PHI_WAS,WAS,0.19842603602573064,-0.16739660324237113,1.6738289076349009,0.3391399055973012,-0.48424123154070814
2015_04_STL_ARI,ARI,0.027779785968624078,0.008376167002077817,0.06364676687452528,0.1620320923557836,0.11531105329515412
2015_04_STL_ARI,LA,0.1620320923557836,0.11531105329515412,3.787242745359739,0.027779785968624078,0.008376167002077817
2015_05_ARI_DET,ARI,0.33141190781025215,0.32298478633906186,8.809961213005913,-0.1462242160189551,-0.4979745161008874
2015_05_ARI_DET,DET,-0.1462242160189551,-0.4979745161008874,-8.390820157878538,0.33141190781025215,0.32298478633906186
2015_05_BUF_TEN,BUF,0.0858376641629328,-0.10520652928833096,-2.0238093203968472,0.09764456703965123,-0.22598617772584678
2015_05_BUF_TEN,TEN,0.09764456703965123,-0.22598617772584678,0.8997195400297642,0.0858376641629328,-0.10520652928833096
2015_05_CHI_KC,CHI,0.053322645864049736,-0.21992420785827563,-5.190257761213514,-0.08553904480338621,0.012529203318990767
2015_05_CHI_KC,KC,-0.08553904480338621,0.012529203318990767,-14.737179577350616,0.053322645864049736,-0.21992420785827563
2015_05_CLE_BAL,BAL,0.027920499549534503,0.21099567068540637,-11.978634595870972,0.32396036075950735,-0.1132119216292007
2015_05_CLE_BAL,CLE,0.32396036075950735,-0.1132119216292007,5.224364937520495,0.027920499549534503,0.21099567068540637
2015_05_DEN_OAK,DEN,-0.09701586031110895,-0.37962489066477345,-0.6148013046809605,-0.2969527186650789,-0.14299174594227224
2015_05_DEN_OAK,LV,-0.2969527186650789,-0.14299174594227224,1.2114137411117554,-0.09701586031110895,-0.37962489066477345
2015_05_IND_HOU,HOU,0.2734399713284729,-0.29014397255897556,10.511659122094876,0.36556043572788205,0.058422940101341476
2015_05_IND_HOU,IND,0.36556043572788205,0.058422940101341476,0.6907753903290321,0.2734399713284729,-0.29014397255897556
2015_05_JAX_TB,JAX,0.2943716723819455,-0.5067402334568802,10.645149415358901,0.44384401680999475,-0.09496645765709717
2015_05_JAX_TB,TB,0.44384401680999475,-0.09496645765709717,9.778032037946913,0.2943716723819455,-0.5067402334568802
2015_05_NE_DAL,DAL,-0.3068458506295455,-0.18332202233300035,-1.4629399929291163,0.25737722639730043,-0.1309841459258046
2015_05_NE_DAL,NE,0.25737722639730043,-0.1309841459258046,4.42492111965462,-0.3068458506295455,-0.18332202233300035
2015_05_NO_PHI,NO,-0.24907177320631413,0.03448675316176377,0.38712544496669327,0.06810806344770456,0.15044429348528773
2015_05_NO_PHI,PHI,0.06810806344770456,0.15044429348528773,6.792288422584534,-0.24907177320631413,0.03448675316176377
2015_05_PIT_SD,LAC,0.06947373743862154,-0.46379856326860713,5.033516449232896,-0.0717440173352769,0.14169833791227296
2015_05_PIT_SD,PIT,-0.0717440173352769,0.14169833791227296,-3.2541136567791304,0.06947373743862154,-0.46379856326860713
2015_05_SEA_CIN,CIN,0.13684533542555682,-0.34396403257390895,1.972922266915787,-0.016783493704453343,0.1213402529906792
2015_05_SEA_CIN,SEA,-0.016783493704453343,0.1213402529906792,12.009954655712301,0.13684533542555682,-0.34396403257390895
2015_05_SF_NYG,NYG,0.37878419338254515,-0.21378804037291127,10.58554638106868,0.36708107162856074,0.08806061864457232
2015_05_SF_NYG,SF,0.36708107162856074,0.08806061864457232,0.2924034425190517,0.37878419338254515,-0.21378804037291127
2015_05_STL_GB,GB,-0.13228517119664296,-0.4078803811542457,-8.105632166067759,-0.555421602012097,-0.013109246281803481
2015_05_STL_GB,LA,-0.555421602012097,-0.013109246281803481,-14.891538589165128,-0.13228517119664296,-0.4078803811542457
2015_05_WAS_ATL,ATL,-0.13131255013967055,0.18994752002860574,-7.492526514189584,-0.16231205070309287,-0.1845456007819545
2015_05_WAS_ATL,WAS,-0.16231205070309287,-0.1845456007819545,-2.5648501701653004,-0.13131255013967055,0.18994752002860574
2015_06_ARI_PIT,ARI,0.010279221688662474,-0.26474121083151286,7.5220716947858985,0.3155145420269185,-0.2692818658609659
2015_06_ARI_PIT,PIT,0.3155145420269185,-0.2692818658609659,-2.374640703201294,0.010279221688662474,-0.26474121083151286
2015_06_ATL_NO,ATL,0.13745067274766581,-0.44751174342430505,0.30531508978023086,0.40645359815901383,-0.24616531321327956
2015_06_ATL_NO,NO,0.40645359815901383,-0.24616531321327956,6.64148177856054,0.13745067274766581,-0.44751174342430505
2015_06_BAL_SF,BAL,0.0856839141788802,-0.12099781983521428,2.8028050867410808,0.38366058994898095,-0.36169128219626145
2015_06_BAL_SF,SF,0.38366058994898095,-0.36169128219626145,-1.6337686114841037,0.0856839141788802,-0.12099781983521428
2015_06_CAR_SEA,CAR,0.0695916752902588,0.129508887409429,-3.815928484712328,0.042077543097076585,-0.28727805863891265
2015_06_CAR_SEA,SEA,0.042077543097076585,-0.28727805863891265,-1.4894881844520569,0.0695916752902588,0.129508887409429
2015_06_CHI_DET,CHI,0.24452223965737158,-0.2227901224096334,-0.029068531059637304,0.28585831766591785,-0.0950291040983674
2015_06_CHI_DET,DET,0.28585831766591785,-0.0950291040983674,2.9902702942490578,0.24452223965737158,-0.2227901224096334
2015_06_CIN_BUF,BUF,0.011450223897635522,0.08455122321902309,6.769593134522438,0.4794523121716636,0.01252558998665056
2015_06_CIN_BUF,CIN,0.4794523121716636,0.01252558998665056,1.2499555493846084,0.011450223897635522,0.08455122321902309
2015_06_DEN_CLE,CLE,-0.39616838407022237,-0.16727711208119628,-12.732226955584991,-0.23117586899194983,-0.04688738514703479
2015_06_DEN_CLE,DEN,-0.23117586899194983,-0.04688738514703479,-5.272661688479971,-0.39616838407022237,-0.16727711208119628
2015_06_HOU_JAX,HOU,0.43285242674940605,-0.1885599515870646,4.428894155555302,0.06873380915885718,-0.33125387213316143
2015_06_HOU_JAX,JAX,0.06873380915885718,-0.33125387213316143,-4.8756927814123765,0.43285242674940605,-0.1885599515870646
2015_06_KC_MIN,KC,0.06398818632464051,-0.7402969737413514,-5.1491577480290385,0.12289047068723676,-0.20002759280487226
2015_06_KC_MIN,MIN,0.12289047068723676,-0.20002759280487226,-5.337673569879224,0.06398818632464051,-0.7402969737413514
2015_06_MIA_TEN,MIA,0.2509231849019698,0.11624028589742791,11.33608746117559,-0.42497090062458254,-0.1429529652491005
2015_06_MIA_TEN,TEN,-0.42497090062458254,-0.1429529652491005,0.5484724044799805,0.2509231849019698,0.11624028589742791
2015_06_NE_IND,IND,0.11506869573349832,-0.27992898046795744,-1.164904609322548,0.172777599181394,0.1229839067951695
2015_06_NE_IND,NE,0.172777599181394,0.1229839067951695,-6.3931673765182495,0.11506869573349832,-0.27992898046795744
2015_06_NYG_PHI,NYG,-0.3475155036683883,-0.3380780457466079,-1.4726722406016455,-0.1635896196783773,0.03478915466728401
2015_06_NYG_PHI,PHI,-0.1635896196783773,0.03478915466728401,2.165620310886486,-0.3475155036683883,-0.3380780457466079
2015_06_SD_GB,GB,0.2732271266085392,0.21073202657086465,-3.7783007683425116,0.25124675092771964,-0.4446597271779042
2015_06_SD_GB,LAC,0.25124675092771964,-0.4446597271779042,8.429681842143719,0.2732271266085392,0.21073202657086465
2015_06_WAS_NYJ,NYJ,0.21313436833029212,-0.05200143966037889,8.80324416435682,-0.14350859680154215,-0.4526847217975923
2015_06_WAS_NYJ,WAS,-0.14350859680154215,-0.4526847217975923,-6.878094002604485,0.21313436833029212,-0.05200143966037889
2015_07_ATL_TEN,ATL,-0.106796142715534,-0.17338915578809314,-4.439937754681236,-0.4130545844366823,-0.08862014046462718
2015_07_ATL_TEN,TEN,-0.4130545844366823,-0.08862014046462718,-1.9542127847671509,-0.106796142715534,-0.17338915578809314
2015_07_BAL_ARI,ARI,0.3470795416305231,-0.00632556213855019,9.621033178908485,0.09407847058163292,-0.26460915444733796
2015_07_BAL_ARI,BAL,0.09407847058163292,-0.26460915444733796,-1.2251650675749168,0.3470795416305231,-0.00632556213855019
2015_07_BUF_JAX,BUF,-0.2786676773198871,0.06356565510993824,-5.881521212203162,0.022105054921537106,-0.10425569500824038
2015_07_BUF_JAX,JAX,0.022105054921537106,-0.10425569500824038,-12.763843248630392,-0.2786676773198871,0.06356565510993824
2015_07_CLE_STL,CLE,-0.22763880893359278,-0.32977359821035696,9.94727396302753,-0.2608882614066441,0.11425516481540399
2015_07_CLE_STL,LA,-0.2608882614066441,0.11425516481540399,-7.724259210669476,-0.22763880893359278,-0.32977359821035696
2015_07_DAL_NYG,DAL,-0.2623802413440696,0.2631436587040165,2.8107098407215543,0.05491314316360639,0.06184773341686066
2015_07_DAL_NYG,NYG,0.05491314316360639,0.06184773341686066,-12.386436884601912,-0.2623802413440696,0.2631436587040165
2015_07_HOU_MIA,HOU,-0.04149301637023122,-0.19376735098892822,-15.799776267032234,0.4579030558158863,0.023658874407110196
2015_07_HOU_MIA,MIA,0.4579030558158863,0.023658874407110196,22.854020297527313,-0.04149301637023122,-0.19376735098892822
2015_07_MIN_DET,DET,-0.0991924737101737,-0.10859163478926348,3.362053632736206,0.44775790785844427,-0.2594226685725837
2015_07_MIN_DET,MIN,0.44775790785844427,-0.2594226685725837,12.734987805871402,-0.0991924737101737,-0.10859163478926348
2015_07_NO_IND,IND,-0.14399635102621824,-0.010308590705972166,-10.574416573657546,-0.036936956005564965,0.12421632346795929
2015_07_NO_IND,NO,-0.036936956005564965,0.12421632346795929,2.071133730086413,-0.14399635102621824,-0.010308590705972166
2015_07_NYJ_NE,NE,0.1442848324745191,0.056913736916612834,-2.4482758508788214,0.32453772720300966,-0.15013070413144305
2015_07_NYJ_NE,NYJ,0.32453772720300966,-0.15013070413144305,-4.75774972866743,0.1442848324745191,0.056913736916612834
2015_07_OAK_SD,LAC,0.005723431891203468,0.0636057109674963,0.38743880662051117,0.380948247196356,-0.1452962477633264
2015_07_OAK_SD,LV,0.380948247196356,-0.1452962477633264,12.188664943941179,0.005723431891203468,0.0636057109674963
2015_07_PHI_CAR,CAR,-0.20528837819121012,0.16899260346732925,-3.533090278506279,-0.1917698525444014,0.16246752836094755
2015_07_PHI_CAR,PHI,-0.1917698525444014,0.16246752836094755,-11.382147669792175,-0.20528837819121012,0.16899260346732925
2015_07_PIT_KC,KC,0.15814228661657032,0.07600987193814977,3.44831193647077,-0.14785333347871213,0.078903640734295
2015_07_PIT_KC,PIT,-0.14785333347871213,0.078903640734295,-4.21953701547214,0.15814228661657032,0.07600987193814977
2015_07_SEA_SF,SEA,0.1380682410647993,0.0075306520982947505,12.827396082381407,-0.3771365169844607,-0.2437584667422925
2015_07_SEA_SF,SF,-0.3771365169844607,-0.2437584667422925,-11.830787857373556,0.1380682410647993,0.0075306520982947505
2015_07_TB_WAS,TB,0.3707191607520008,0.08264581978238691,10.518557655400244,0.1860160977481547,0.03472904774470306
2015_07_TB_WAS,WAS,0.1860160977481547,0.03472904774470306,17.6613612473011,0.3707191607520008,0.08264581978238691
2015_08_ARI_CLE,ARI,0.5856150037740858,-0.42059137044917505,11.113755284128962,0.104251489648722,-0.6618283113502377
2015_08_ARI_CLE,CLE,0.104251489648722,-0.6618283113502377,-6.042549721896648,0.5856150037740858,-0.42059137044917505
2015_08_CIN_PIT,CIN,-0.0015225589679324274,-0.31101780243695565,-2.75505047879721,-0.24778129791130535,0.08628437489678617
2015_08_CIN_PIT,PIT,-0.24778129791130535,0.08628437489678617,-2.2948251167933145,-0.0015225589679324274,-0.31101780243695565
2015_08_DET_KC,DET,-0.2723316403408717,0.13424575936873084,-6.869181127924668,0.4534033260950159,0.11098309168678329
2015_08_DET_KC,KC,0.4534033260950159,0.11098309168678329,-2.673979422875813,-0.2723316403408717,0.13424575936873084
2015_08_GB_DEN,DEN,0.39431589236692494,0.06130559596651713,8.644724508811688,-0.0634841113087649,-0.07871793017195734
2015_08_GB_DEN,GB,-0.0634841113087649,-0.07871793017195734,-2.2118443115191027,0.39431589236692494,0.06130559596651713
2015_08_IND_CAR,CAR,0.004967921122132491,-0.3567715074236998,-10.770064422062465,-0.12810444986890462,-0.362633129916962
2015_08_IND_CAR,IND,-0.12810444986890462,-0.362633129916962,-5.722314284907447,0.004967921122132491,-0.3567715074236998
2015_08_MIA_NE,MIA,-0.2033784365125138,-0.5197734002930312,2.811369785042696,0.2914131706175268,-0.08338079626264516
2015_08_MIA_NE,NE,0.2914131706175268,-0.08338079626264516,4.2910265687264895,-0.2033784365125138,-0.5197734002930312
2015_08_MIN_CHI,CHI,0.15582867080327256,-0.13268858424853533,6.4487731817996865,0.10658434333128501,-0.05482841064241482
2015_08_MIN_CHI,MIN,0.10658434333128501,-0.05482841064241482,-1.4947984899793352,0.15582867080327256,-0.13268858424853533
2015_08_NYG_NO,NO,0.4904880066089533,0.013458737260575785,10.297500491142273,0.5194064868812669,-0.1309982624741017
2015_08_NYG_NO,NYG,0.5194064868812669,-0.1309982624741017,6.316952371015781,0.4904880066089533,0.013458737260575785
2015_08_NYJ_OAK,LV,0.4637281974287109,-0.003806563067579797,-2.0029261708259583,0.21131592989461118,-0.4184756732714808
2015_08_NYJ_OAK,NYJ,0.21131592989461118,-0.4184756732714808,3.7736318529920374,0.4637281974287109,-0.003806563067579797
2015_08_SD_BAL,BAL,0.3211533520525022,-0.180379311528725,0.9241631707629642,0.4760298902844572,-0.12498613018676853
2015_08_SD_BAL,LAC,0.4760298902844572,-0.12498613018676853,13.877811117304695,0.3211533520525022,-0.180379311528725
2015_08_SEA_DAL,DAL,-0.12281764729447339,-0.11183700569327576,-20.148564932438042,0.10564405617055027,-0.10348325994397913
2015_08_SEA_DAL,SEA,0.10564405617055027,-0.10348325994397913,5.520724222577852,-0.12281764729447339,-0.11183700569327576
2015_08_SF_STL,LA,-0.16317598513096243,-0.015528428240590263,-3.3768375282702237,-0.30330964159179696,-0.5390118407522095
2015_08_SF_STL,SF,-0.30330964159179696,-0.5390118407522095,-18.681534652302904,-0.16317598513096243,-0.015528428240590263
2015_08_TB_ATL,ATL,0.22987728314600966,-0.5029566366802393,13.272644281387329,0.3333492110488682,-0.23592528227844364
2015_08_TB_ATL,TB,0.3333492110488682,-0.23592528227844364,-2.0201769368401887,0.22987728314600966,-0.5029566366802393
2015_08_TEN_HOU,HOU,-0.06434242870774316,-0.37180228774135077,1.3873325551257414,-0.5600162695555512,-0.06046805305522866
2015_08_TEN_HOU,TEN,-0.5600162695555512,-0.06046805305522866,6.056014568574967,-0.06434242870774316,-0.37180228774135077
2015_09_ATL_SF,ATL,-0.023107701810959308,-0.23862648224374944,1.279291245672438,0.2058054948851814,-0.1722048322290873
2015_09_ATL_SF,SF,0.2058054948851814,-0.1722048322290873,-0.581814692570613,-0.023107701810959308,-0.23862648224374944
2015_09_CHI_SD,CHI,0.185244918682833,0.053936782371502234,13.575012668182975,-0.028671933178965877,-0.1453276007835354
2015_09_CHI_SD,LAC,-0.028671933178965877,-0.1453276007835354,-4.078099167063122,0.185244918682833,0.053936782371502234
2015_09_CLE_CIN,CIN,0.5729472257345068,-0.03275217090974427,19.123411059379578,-0.08695769574302163,-0.17596125493023115
2015_09_CLE_CIN,CLE,-0.08695769574302163,-0.17596125493023115,-12.72056879419269,0.5729472257345068,-0.03275217090974427
2015_09_DEN_IND,DEN,0.12966408574146973,-0.3283208379039674,-0.6375711825158861,0.3397589434244959,-0.1718662746527972
2015_09_DEN_IND,IND,0.3397589434244959,-0.1718662746527972,-3.3177803243909563,0.12966408574146973,-0.3283208379039674
2015_09_GB_CAR,CAR,0.23961434381592536,-0.13232576007383964,-5.50194146304295,0.06959929543196178,-0.38863802727064467
2015_09_GB_CAR,GB,0.06959929543196178,-0.38863802727064467,-6.3030238263309,0.23961434381592536,-0.13232576007383964
2015_09_JAX_NYJ,JAX,0.05101154366238433,-0.2560335469825077,4.2742399126291275,0.18462935121926038,-0.32250772396704025
2015_09_JAX_NYJ,NYJ,0.18462935121926038,-0.32250772396704025,0.1598842880305122,0.05101154366238433,-0.2560335469825077
2015_09_MIA_BUF,BUF,0.5501969441136767,0.32909674063172334,28.47222884496053,0.11929970210944468,0.16528383949771525
2015_09_MIA_BUF,MIA,0.11929970210944468,0.16528383949771525,11.095521875790187,0.5501969441136767,0.32909674063172334
2015_09_NYG_TB,NYG,0.0375229439789479,-0.14350002300919262,2.166961580514908,-0.04957649352868302,-0.4685153998550959
2015_09_NYG_TB,TB,-0.04957649352868302,-0.4685153998550959,-6.058139643735355,0.0375229439789479,-0.14350002300919262
2015_09_OAK_PIT,LV,0.19589203087051157,-0.021382684918100258,-4.334738986058668,0.13672338838552447,0.1889567630904179
2015_09_OAK_PIT,PIT,0.13672338838552447,0.1889567630904179,-6.368152499198914,0.19589203087051157,-0.021382684918100258
2015_09_PHI_DAL,DAL,0.040353165529222856,0.08390298638343145,0.039457147185866896,0.10145328510019196,0.3226580506067394
2015_09_PHI_DAL,PHI,0.10145328510019196,0.3226580506067394,3.2568844656149545,0.040353165529222856,0.08390298638343145
2015_09_STL_MIN,LA,-0.17551959853375973,-0.03684055968774835,-3.8978930923246566,-0.09902894819998048,-0.01997383855334762
2015_09_STL_MIN,MIN,-0.09902894819998048,-0.01997383855334762,-5.139451446356596,-0.17551959853375973,-0.03684055968774835
2015_09_TEN_NO,NO,0.41994883169985925,-0.25983750811079515,6.671855770624601,0.6022660631251942,-0.31322611951616636
2015_09_TEN_NO,TEN,0.6022660631251942,-0.31322611951616636,5.152221138660725,0.41994883169985925,-0.25983750811079515
2015_09_WAS_NE,NE,0.16953457709407446,0.005309136067852882,-1.6322605120830047,-0.029658427721998438,-0.5899946869321866
2015_09_WAS_NE,WAS,-0.029658427721998438,-0.5899946869321866,-6.284240372478962,0.16953457709407446,0.005309136067852882
2015_10_ARI_SEA,ARI,0.12852736108322427,-0.06472774826106616,7.005128529336718,-0.09284550089564374,0.007745634316961514
2015_10_ARI_SEA,SEA,-0.09284550089564374,0.007745634316961514,-7.623798427758394,0.12852736108322427,-0.06472774826106616
2015_10_BUF_NYJ,BUF,-0.1941315214735302,-0.20307792990752205,0.7712625540219821,-0.17691045272881067,-0.3223061229615599
2015_10_BUF_NYJ,NYJ,-0.17691045272881067,-0.3223061229615599,-14.302318937638226,-0.1941315214735302,-0.20307792990752205
2015_10_CAR_TEN,CAR,0.2485143579912406,0.045612316402116986,22.11904799938202,0.07096863710366305,-0.4325330453790038
2015_10_CAR_TEN,TEN,0.07096863710366305,-0.4325330453790038,4.389690483609836,0.2485143579912406,0.045612316402116986
2015_10_CHI_STL,CHI,0.41860927010062265,-0.14474234422003585,9.520161524415016,-0.5110120912339043,-0.4758767784198584
2015_10_CHI_STL,LA,-0.5110120912339043,-0.4758767784198584,-19.88737333465267,0.41860927010062265,-0.14474234422003585
2015_10_CLE_PIT,CLE,0.01437544851351382,-0.6225944567122497,10.67951652738783,0.43675482429386947,-0.19341499571019086
2015_10_CLE_PIT,PIT,0.43675482429386947,-0.19341499571019086,6.236331446750744,0.01437544851351382,-0.6225944567122497
2015_10_DAL_TB,DAL,0.005050244952250072,-0.3257791771140355,5.544055785451617,0.05942602480148119,-0.12103314467356541
2015_10_DAL_TB,TB,0.05942602480148119,-0.12103314467356541,-0.6213072099183735,0.005050244952250072,-0.3257791771140355
2015_10_DET_GB,DET,0.09308100125270814,-0.3036912215886534,-4.948090173696217,0.0590115342214854,-0.2513811048484058
2015_10_DET_GB,GB,0.0590115342214854,-0.2513811048484058,-6.450118521849315,0.09308100125270814,-0.3036912215886534
2015_10_HOU_CIN,CIN,-0.14480396326194825,-0.18036529504522486,-5.967722519447929,0.07269550497111173,-0.37721779857053084
2015_10_HOU_CIN,HOU,0.07269550497111173,-0.37721779857053084,-10.025463275837176,-0.14480396326194825,-0.18036529504522486
2015_10_JAX_BAL,BAL,-0.08232235030859643,-0.08120894072344527,8.562249607510036,-0.006046088737392343,-0.2664721051725431
2015_10_JAX_BAL,JAX,-0.006046088737392343,-0.2664721051725431,-14.033238126171959,-0.08232235030859643,-0.08120894072344527
2015_10_KC_DEN,DEN,-0.2984065533928515,-0.2572021892187496,-16.629103311272555,-0.07973701641114112,-0.06800480959965492
2015_10_KC_DEN,KC,-0.07973701641114112,-0.06800480959965492,-8.378714899862967,-0.2984065533928515,-0.2572021892187496
2015_10_MIA_PHI,MIA,0.0465604378971297,-0.056561914396006614,-5.24824062983195,0.04202037885272973,-0.15552603446082464
2015_10_MIA_PHI,PHI,0.04202037885272973,-0.15552603446082464,4.012827078501384,0.0465604378971297,-0.056561914396006614
2015_10_MIN_OAK,LV,-0.06760422786960299,-0.06980826100676923,5.89268156668035,0.13312342471344993,0.3179498269613319
2015_10_MIN_OAK,MIN,0.13312342471344993,0.3179498269613319,-0.7161434207643781,-0.06760422786960299,-0.06980826100676923
2015_10_NE_NYG,NE,0.15814522139112838,-0.09351969152868894,1.1480774821304693,0.19946566962689077,-0.17755920492080887
2015_10_NE_NYG,NYG,0.19946566962689077,-0.17755920492080887,-6.252751838077199,0.15814522139112838,-0.09351969152868894
2015_10_NO_WAS,NO,-0.18331808529728733,-0.17711133904056622,1.6569557466677256,0.6134443844633586,0.12085721090045932
2015_10_NO_WAS,WAS,0.6134443844633586,0.12085721090045932,14.475965440273285,-0.18331808529728733,-0.17711133904056622
2015_11_BUF_NE,BUF,0.058659835082173754,-0.20890963985369093,-5.376964973078834,0.09928326559576496,-0.19221857823583338
2015_11_BUF_NE,NE,0.09928326559576496,-0.19221857823583338,-11.470518731757215,0.058659835082173754,-0.20890963985369093
2015_11_CIN_ARI,ARI,0.4445991448538053,-0.1557115280465223,2.7874978383382163,0.28796965977658234,-0.3187314502890028
2015_11_CIN_ARI,CIN,0.28796965977658234,-0.3187314502890028,-4.293744074992644,0.4445991448538053,-0.1557115280465223
2015_11_DAL_MIA,DAL,0.16000057030971884,-0.01216777152914897,6.854520365595818,-0.22534619708894751,-0.19690090231597424
2015_11_DAL_MIA,MIA,-0.22534619708894751,-0.19690090231597424,-8.71684888134832,0.16000057030971884,-0.01216777152914897
2015_11_DEN_CHI,CHI,0.003198333126457953,-0.17294261679900608,-0.792312016710639,0.16056669886458533,-0.029939584338160997
2015_11_DEN_CHI,DEN,0.16056669886458533,-0.029939584338160997,8.950601242206714,0.003198333126457953,-0.17294261679900608
2015_11_GB_MIN,GB,0.3642538882169549,-0.21699788239558543,-10.333650515359992,-0.03672987699261582,-0.45533761450399957
2015_11_GB_MIN,MIN,-0.03672987699261582,-0.45533761450399957,1.8445474875939858,0.3642538882169549,-0.21699788239558543
2015_11_IND_ATL,ATL,-0.009538654231229494,-0.45131337043636927,-9.612176016620968,0.09001856009947518,-0.5033865214672398
2015_11_IND_ATL,IND,0.09001856009947518,-0.5033865214672398,5.193402664735913,-0.009538654231229494,-0.45131337043636927
2015_11_KC_SD,KC,0.1555281993800829,0.21446933679032587,11.998433470726013,-0.3618256255884597,-0.36053263436770067
2015_11_KC_SD,LAC,-0.3618256255884597,-0.36053263436770067,-1.860718180735906,0.1555281993800829,0.21446933679032587
2015_11_NYJ_HOU,HOU,0.10585836509399331,-0.11476931282189018,-11.106270814643187,-0.2027182230195548,-0.07917373422374029
2015_11_NYJ_HOU,NYJ,-0.2027182230195548,-0.07917373422374029,-11.84796813206795,0.10585836509399331,-0.11476931282189018
2015_11_OAK_DET,DET,0.18000379265855898,-0.1727402055963736,-2.6674274136038387,0.09941439823960098,-0.24997807883413597
2015_11_OAK_DET,LV,0.09941439823960098,-0.24997807883413597,-14.728930234909058,0.18000379265855898,-0.1727402055963736
2015_11_SF_SEA,SEA,0.4824749666354141,0.11766370809882094,21.392450950763845,0.027811034654716172,-0.18050323281204328
2015_11_SF_SEA,SF,0.027811034654716172,-0.18050323281204328,6.962478431788358,0.4824749666354141,0.11766370809882094
2015_11_STL_BAL,BAL,-0.27084518389083334,-0.2857339482812035,-5.05058231741883,0.06491096990082149,-0.586812522962767
2015_11_STL_BAL,LA,0.06491096990082149,-0.586812522962767,-16.51757199030656,-0.27084518389083334,-0.2857339482812035
2015_11_TB_PHI,PHI,-0.20998751669808122,0.09633661631128884,-8.141170405760043,0.6685490488296169,0.12791266101880977
2015_11_TB_PHI,TB,0.6685490488296169,0.12791266101880977,15.775527698653084,-0.20998751669808122,0.09633661631128884
2015_11_TEN_JAX,JAX,0.03640146553145518,-0.44259606567404713,4.698676351578005,0.0024532328663013294,-0.16959239063617684
2015_11_TEN_JAX,TEN,0.0024532328663013294,-0.16959239063617684,3.265173507459236,0.03640146553145518,-0.44259606567404713
2015_11_WAS_CAR,CAR,0.3420739004772262,-0.11589415213392065,3.74723155708874,-0.448056262966323,-0.7817618997214595
2015_11_WAS_CAR,WAS,-0.448056262966323,-0.7817618997214595,6.825985113779704,0.3420739004772262,-0.11589415213392065
2015_12_ARI_SF,ARI,0.305257755674572,-0.32145716228114907,1.2797006964683533,0.044189583067356875,-0.18618597979730112
2015_12_ARI_SF,SF,0.044189583067356875,-0.18618597979730112,1.810544812017017,0.305257755674572,-0.32145716228114907
2015_12_BAL_CLE,BAL,0.025618565289764028,-0.055994991788195204,-3.4900981932878494,0.14391591169995385,-0.26956182723406974
2015_12_BAL_CLE,CLE,0.14391591169995385,-0.26956182723406974,-1.1472488971466714,0.025618565289764028,-0.055994991788195204
2015_12_BUF_KC,BUF,0.24306764247688709,-0.25603692346619655,-3.6511547471347607,0.3669480774049578,0.05391212671141451
2015_12_BUF_KC,KC,0.3669480774049578,0.05391212671141451,6.501037544674343,0.24306764247688709,-0.25603692346619655
2015_12_CAR_DAL,CAR,0.1043032978700894,-0.05634572021056316,-4.222733003121835,-0.36228758166339375,-0.2660239557105039
2015_12_CAR_DAL,DAL,-0.36228758166339375,-0.2660239557105039,-3.245857436405985,0.1043032978700894,-0.05634572021056316
2015_12_CHI_GB,CHI,0.18890245769972366,-0.23257188435400167,-3.0013096909369192,-0.21742432935162936,-0.11399197827093303
2015_12_CHI_GB,GB,-0.21742432935162936,-0.11399197827093303,-14.500130609024403,0.18890245769972366,-0.23257188435400167
2015_12_MIA_NYJ,MIA,-0.02936335887399412,-0.5633221064374083,-4.935998366824512,0.3402879349714134,-0.11102739918513903
2015_12_MIA_NYJ,NYJ,0.3402879349714134,-0.11102739918513903,1.9047721414952665,-0.02936335887399412,-0.5633221064374083
2015_12_MIN_ATL,ATL,0.12327136577740841,-0.4712294022865535,4.129262460816291,0.19250608566268693,0.18961866515778472
2015_12_MIN_ATL,MIN,0.19250608566268693,0.18961866515778472,1.9551923981419317,0.12327136577740841,-0.4712294022865535
2015_12_NE_DEN,DEN,-0.09100387390951456,0.17095270219777542,-7.693882144632793,0.010646398712320745,-0.37065687904760125
2015_12_NE_DEN,NE,0.010646398712320745,-0.37065687904760125,-5.248572677373886,-0.09100387390951456,0.17095270219777542
2015_12_NO_HOU,HOU,0.13967356455393093,-0.01562765089329332,9.086714519394768,-0.33448062876321427,-0.061562783794943246
2015_12_NO_HOU,NO,-0.33448062876321427,-0.061562783794943246,-7.032617580058963,0.13967356455393093,-0.01562765089329332
2015_12_NYG_WAS,NYG,-0.08738354753163136,-0.2967531087176342,-8.944961253334494,0.2971435382861136,-0.29169202746482703
2015_12_NYG_WAS,WAS,0.2971435382861136,-0.29169202746482703,5.514693465726129,-0.08738354753163136,-0.2967531087176342
2015_12_OAK_TEN,LV,0.370832846113173,-0.31779748939360225,3.3098616882374414,-0.05531689602337693,-0.17276210881262907
2015_12_OAK_TEN,TEN,-0.05531689602337693,-0.17276210881262907,-13.612786349323061,0.370832846113173,-0.31779748939360225
2015_12_PHI_DET,DET,0.5458156169746513,-0.16823776650387023,4.111669330220473,-0.08707390996960859,-0.3358854531593945
2015_12_PHI_DET,PHI,-0.08707390996960859,-0.3358854531593945,2.9232526267016374,0.5458156169746513,-0.16823776650387023
2015_12_PIT_SEA,PIT,0.06684282948998023,0.4605132842420558,1.6380764544010162,0.612189005742302,-0.1827323897657737
2015_12_PIT_SEA,SEA,0.612189005742302,-0.1827323897657737,11.451067184579783,0.06684282948998023,0.4605132842420558
2015_12_SD_JAX,JAX,-0.011501907495962659,-0.1081056723308463,-3.4645758113082574,0.2724085595497748,-0.19693277778735915
2015_12_SD_JAX,LAC,0.2724085595497748,-0.19693277778735915,5.875152418779773,-0.011501907495962659,-0.1081056723308463
2015_12_STL_CIN,CIN,0.15086415304204373,-0.008317721395448235,11.895953970296043,-0.27793474302182275,-0.061224967186503554
2015_12_STL_CIN,LA,-0.27793474302182275,-0.061224967186503554,1.0663485189653792,0.15086415304204373,-0.008317721395448235
2015_12_TB_IND,IND,0.23551189418016236,-0.3437209119121848,4.025747684332041,0.06731051936924971,-0.1632129718491342
2015_12_TB_IND,TB,0.06731051936924971,-0.1632129718491342,0.8442062884569168,0.23551189418016236,-0.3437209119121848
2015_13_ARI_STL,ARI,0.39048617788425866,0.05814986810384488,6.284967698156834,-0.4196545898407497,-0.3043609221304695
2015_13_ARI_STL,LA,-0.4196545898407497,-0.3043609221304695,-13.950501207043143,0.39048617788425866,0.05814986810384488
2015_13_ATL_TB,ATL,-0.004761131857447919,-0.011756886501744803,2.2643212229013443,0.2582283049945402,-0.017622478244661847
2015_13_ATL_TB,TB,0.2582283049945402,-0.017622478244661847,7.522796591122945,-0.004761131857447919,-0.011756886501744803
2015_13_BAL_MIA,BAL,-0.145340567422994,-0.2654103590692911,4.6656181414922075,-0.3121279425935687,-0.13780474058552472
2015_13_BAL_MIA,MIA,-0.3121279425935687,-0.13780474058552472,-13.975259975383157,-0.145340567422994,-0.2654103590692911
2015_13_CAR_NO,CAR,0.3692915174494071,-0.12342299474403262,6.808264777064323,0.042544304551962946,0.1712889787023887
2015_13_CAR_NO,NO,0.042544304551962946,0.1712889787023887,-9.085176230930701,0.3692915174494071,-0.12342299474403262
2015_13_CIN_CLE,CIN,0.4631006513315762,0.20508315999904456,11.482194336977871,-0.24247705773440972,-0.5107504144475302
2015_13_CIN_CLE,CLE,-0.24247705773440972,-0.5107504144475302,4.240877595212725,0.4631006513315762,0.20508315999904456
2015_13_DAL_WAS,DAL,0.06765155139520115,-0.4914518479464079,-8.621329814195633,0.0012416448815296467,-0.322053102753092
2015_13_DAL_WAS,WAS,0.0012416448815296467,-0.322053102753092,6.296280026435852,0.06765155139520115,-0.4914518479464079
2015_13_DEN_SD,DEN,-0.009810763400782262,-0.06664861755829456,1.3139490897838886,-0.37705175451453377,-0.3781467881781282
2015_13_DEN_SD,LAC,-0.37705175451453377,-0.3781467881781282,-8.691320410280516,-0.009810763400782262,-0.06664861755829456
2015_13_GB_DET,DET,-0.024412446838412295,-0.2467284574643903,0.2032325548284194,0.23855051659951523,-0.33956314267249155
2015_13_GB_DET,GB,0.23855051659951523,-0.33956314267249155,7.3952859214374,-0.024412446838412295,-0.2467284574643903
2015_13_HOU_BUF,BUF,0.12038538674083221,0.10984766090333561,-1.3547287100837344,0.0505427266105742,-0.07346558202957801
2015_13_HOU_BUF,HOU,0.0505427266105742,-0.07346558202957801,2.141490786574608,0.12038538674083221,0.10984766090333561
2015_13_IND_PIT,IND,-0.3605161897091711,-0.30876603721480933,-5.952036293113933,0.5349404876161882,-0.10283435923435415
2015_13_IND_PIT,PIT,0.5349404876161882,-0.10283435923435415,8.217060565948486,-0.3605161897091711,-0.30876603721480933
2015_13_JAX_TEN,JAX,0.4521101470122544,-0.31576082867250077,5.4064171181784735,0.5228649790446261,-0.13275063493675854
2015_13_JAX_TEN,TEN,0.5228649790446261,-0.13275063493675854,4.404600529835142,0.4521101470122544,-0.31576082867250077
2015_13_KC_OAK,KC,-0.1129391320728173,0.020859870540637832,0.47216997905211017,-0.37474131688739254,0.04524199288668266
2015_13_KC_OAK,LV,-0.37474131688739254,0.04524199288668266,-4.166913653413455,-0.1129391320728173,0.020859870540637832
2015_13_NYJ_NYG,NYG,0.06577716083372837,-0.3870983860898532,-10.58445905937868,0.2546325895503399,-0.45670705115404225
2015_13_NYJ_NYG,NYJ,0.2546325895503399,-0.45670705115404225,6.976801544427872,0.06577716083372837,-0.3870983860898532
2015_13_PHI_NE,NE,-0.028605496961741694,-0.03170027995087287,-6.860155612230301,0.02507145948766265,-0.13364209621249756
2015_13_PHI_NE,PHI,0.02507145948766265,-0.13364209621249756,-8.93641673028469,-0.028605496961741694,-0.03170027995087287
2015_13_SEA_MIN,MIN,-0.4825185146843511,-0.3149962842154006,-4.807908087968826,0.7873752438471486,-0.06126516844184759
2015_13_SEA_MIN,SEA,0.7873752438471486,-0.06126516844184759,11.026777220623833,-0.4825185146843511,-0.3149962842154006
2015_13_SF_CHI,CHI,-0.2726654166828504,-0.058317203420390214,-6.022124713467013,0.023830082991057575,-0.14799028857669327
2015_13_SF_CHI,SF,0.023830082991057575,-0.14799028857669327,-10.52372520789504,-0.2726654166828504,-0.058317203420390214
2015_14_ATL_CAR,ATL,-0.44286036805834206,-0.1309312028279237,-2.7075178012615297,0.5012208394247569,-0.07519884790939789
2015_14_ATL_CAR,CAR,0.5012208394247569,-0.07519884790939789,17.96289521914262,-0.44286036805834206,-0.1309312028279237
2015_14_BUF_PHI,BUF,0.1859779605459889,-0.06571624821831043,-6.773449608257839,-0.13707895251191757,0.011373835248377873
2015_14_BUF_PHI,PHI,-0.13707895251191757,0.011373835248377873,0.2953877320160737,0.1859779605459889,-0.06571624821831043
2015_14_DAL_GB,DAL,-0.5555272993121488,0.38859863167292336,-13.25512049453599,0.23921250019000498,0.04072089889086783
2015_14_DAL_GB,GB,0.23921250019000498,0.04072089889086783,-1.1216421018947254,-0.5555272993121488,0.38859863167292336
2015_14_DET_STL,DET,-0.2588029181105622,0.22993715050203414,-5.981421007050408,-0.1881642863535,0.13540151800511271
2015_14_DET_STL,LA,-0.1881642863535,0.13540151800511271,-0.41723088784651324,-0.2588029181105622,0.22993715050203414
2015_14_IND_JAX,IND,-0.5112288101956394,-0.11722356837429747,-16.156957731690518,0.1293963136626364,-0.12472003666431798
2015_14_IND_JAX,JAX,0.1293963136626364,-0.12472003666431798,-9.174905916055044,-0.5112288101956394,-0.11722356837429747
2015_14_MIN_ARI,ARI,0.36128153240338423,-0.09443241932044308,6.099430748394558,0.3170318565897715,-0.32374264240264894
2015_14_MIN_ARI,MIN,0.3170318565897715,-0.32374264240264894,7.194271683692932,0.36128153240338423,-0.09443241932044308
2015_14_NE_HOU,HOU,-0.6578389259600144,-0.2643622752511874,-7.3981280128161115,0.11011051127870863,-0.09650733813111566
2015_14_NE_HOU,NE,0.11011051127870863,-0.09650733813111566,5.4486991961797075,-0.6578389259600144,-0.2643622752511874
2015_14_NO_TB,NO,0.4406792652506803,-0.12709027489604938,12.31082583346018,0.17706614184757888,-0.11494390836314243
2015_14_NO_TB,TB,0.17706614184757888,-0.11494390836314243,-4.064775570746391,0.4406792652506803,-0.12709027489604938
2015_14_NYG_MIA,MIA,-0.1311022838852519,0.24599269961948844,1.0170049056774233,0.7460280326395077,-0.2657597826696777
2015_14_NYG_MIA,NYG,0.7460280326395077,-0.2657597826696777,23.807452859417086,-0.1311022838852519,0.24599269961948844
2015_14_OAK_DEN,DEN,-0.173217832312608,-0.36116172664915214,1.518097578310499,-0.2503752581122407,-0.423827668655002
2015_14_OAK_DEN,LV,-0.2503752581122407,-0.423827668655002,-16.247130673507165,-0.173217832312608,-0.36116172664915214
2015_14_PIT_CIN,CIN,-0.03110013254939801,-0.10427071574108246,6.896490603685379,0.26598503496443493,-0.032755690824706106
2015_14_PIT_CIN,PIT,0.26598503496443493,-0.032755690824706106,11.885612065854826,-0.03110013254939801,-0.10427071574108246
2015_14_SD_KC,KC,0.1127316654269847,0.009418569900541721,4.336613416671753,-0.02064471345289377,-0.4724441226183747
2015_14_SD_KC,LAC,-0.02064471345289377,-0.4724441226183747,-4.67469585793359,0.1127316654269847,0.009418569900541721
2015_14_SEA_BAL,BAL,-0.16274308026583062,-0.7796573071102147,0.03446806222200394,0.8564457849200283,-0.1370375502465322
2015_14_SEA_BAL,SEA,0.8564457849200283,-0.1370375502465322,10.303616614052743,-0.16274308026583062,-0.7796573071102147
2015_14_SF_CLE,CLE,0.28974233455786064,-0.016426461814470324,4.314420492418351,-0.29460730425821746,-0.07526032860706826
2015_14_SF_CLE,SF,-0.29460730425821746,-0.07526032860706826,2.0007807229246413,0.28974233455786064,-0.016426461814470324
2015_14_TEN_NYJ,NYJ,0.2706839849450275,0.024822402146288797,-5.652667416466607,-0.12222090544091538,-0.4331867098173296
2015_14_TEN_NYJ,TEN,-0.12222090544091538,-0.4331867098173296,-3.422575518488884,0.2706839849450275,0.024822402146288797
2015_14_WAS_CHI,CHI,0.09775389808651269,0.04079193456361637,2.3256299957152335,0.4283588616864238,-0.07510377746075392
2015_14_WAS_CHI,WAS,0.4283588616864238,-0.07510377746075392,12.389959346863531,0.09775389808651269,0.04079193456361637
2015_15_ARI_PHI,ARI,0.2882794060458487,0.2771776242282254,8.285138290375471,-0.08878908595545555,-0.4964490352339405
2015_15_ARI_PHI,PHI,-0.08878908595545555,-0.4964490352339405,4.614380619874814,0.2882794060458487,0.2771776242282254
2015_15_ATL_JAX,ATL,0.17111745601630815,-0.15745441284657583,-3.276603732790266,-0.0737436563400021,-0.196133103545221
2015_15_ATL_JAX,JAX,-0.0737436563400021,-0.196133103545221,-1.5142033229003082,0.17111745601630815,-0.15745441284657583
2015_15_BUF_WAS,BUF,0.10320159059483558,0.25069060532847565,1.6647239526112874,0.8174911545977618,-0.10323475813493133
2015_15_BUF_WAS,WAS,0.8174911545977618,-0.10323475813493133,13.986361452511378,0.10320159059483558,0.25069060532847565
2015_15_CAR_NYG,CAR,0.33579443569645256,-0.13491153510080445,-0.6199510291565297,0.03830934711375597,0.11250312175924101
2015_15_CAR_NYG,NYG,0.03830934711375597,0.11250312175924101,-2.2280499007966785,0.33579443569645256,-0.13491153510080445
2015_15_CHI_MIN,CHI,-0.28762171997190883,0.08815314679999244,6.331461916367213,0.7727840634024237,-0.07278579999951439
2015_15_CHI_MIN,MIN,0.7727840634024237,-0.07278579999951439,16.628914922475815,-0.28762171997190883,0.08815314679999244
2015_15_CIN_SF,CIN,0.21609700301680665,-0.48732124353005524,8.957196488266899,-0.3660235173790993,-0.01619955906062387
2015_15_CIN_SF,SF,-0.3660235173790993,-0.01619955906062387,-9.624449849128723,0.21609700301680665,-0.48732124353005524
2015_15_CLE_SEA,CLE,0.0454507985090831,0.06474960619016201,-5.239340855229285,0.5411160614784796,0.016520697812666185
2015_15_CLE_SEA,SEA,0.5411160614784796,0.016520697812666185,13.771492037279852,0.0454507985090831,0.06474960619016201
2015_15_DEN_PIT,DEN,0.06343226106009052,-0.3956998592596695,-10.1192484525117,0.07084724969430095,-0.30284268051868174
2015_15_DEN_PIT,PIT,0.07084724969430095,-0.30284268051868174,9.124830972265315,0.06343226106009052,-0.3956998592596695
2015_15_DET_NO,DET,0.478844896214044,0.06984504372286167,13.487996339797974,0.18030383356517612,-0.29158495644999977
2015_15_DET_NO,NO,0.18030383356517612,-0.29158495644999977,-1.956901985865373,0.478844896214044,0.06984504372286167
2015_15_GB_OAK,GB,0.08687552285920452,-0.2948231893480721,-0.8189288409132707,-0.2565242792499464,-0.06225844228968278
2015_15_GB_OAK,LV,-0.2565242792499464,-0.06225844228968278,-10.807595100808651,0.08687552285920452,-0.2948231893480721
2015_15_HOU_IND,HOU,-0.031226726464448584,-0.14249290220583874,-2.6411046584447226,-0.31332983777915335,-0.39946729652324897
2015_15_HOU_IND,IND,-0.31332983777915335,-0.39946729652324897,-3.073711128070437,-0.031226726464448584,-0.14249290220583874
2015_15_KC_BAL,BAL,-0.1816972528500834,-0.9395574009322445,-5.462138851483663,0.23339459503131396,-0.029647432333892464
2015_15_KC_BAL,KC,0.23339459503131396,-0.029647432333892464,13.31056272983551,-0.1816972528500834,-0.9395574009322445
2015_15_MIA_SD,LAC,0.4867955938345768,-0.10584973096863266,12.530398865540823,0.07271375778096577,-0.2553518377841867
2015_15_MIA_SD,MIA,0.07271375778096577,-0.2553518377841867,1.5266784737187047,0.4867955938345768,-0.10584973096863266
2015_15_NYJ_DAL,DAL,-0.46793816521083736,0.027186828429958867,-7.435391026158487,0.21170919872766028,-0.42480868102536945
2015_15_NYJ_DAL,NYJ,0.21170919872766028,-0.42480868102536945,1.9941731141163752,-0.46793816521083736,0.027186828429958867
2015_15_TB_STL,LA,0.6386318528736745,-0.22782440231330664,11.889955050805035,0.12780699343502938,-0.07963961526682531
2015_15_TB_STL,TB,0.12780699343502938,-0.07963961526682531,0.5118280649185181,0.6386318528736745,-0.22782440231330664
2015_15_TEN_NE,NE,0.2982498247162606,-0.2387306861201574,-1.7875596004373886,-0.2114472235352173,-0.40560758963110854
2015_15_TEN_NE,TEN,-0.2114472235352173,-0.40560758963110854,7.144807504885124,0.2982498247162606,-0.2387306861201574
2015_16_CAR_ATL,ATL,0.6126531946238608,-0.4487983042289773,8.944372781391802,-0.3239533306608268,0.45268203825819203
2015_16_CAR_ATL,CAR,-0.3239533306608268,0.45268203825819203,-10.218032130173274,0.6126531946238608,-0.4487983042289773
2015_16_CHI_TB,CHI,0.15969226589131263,0.0029404972972674162,4.929058088196649,0.16721964839689463,-0.293973545107947
2015_16_CHI_TB,TB,0.16721964839689463,-0.293973545107947,-4.698519940887179,0.15969226589131263,0.0029404972972674162
2015_16_CIN_DEN,CIN,0.26276079328406077,-0.19776785242526482,4.642635014127283,0.15464836204965904,-0.15681742054202213
2015_16_CIN_DEN,DEN,0.15464836204965904,-0.15681742054202213,5.0330794774569,0.26276079328406077,-0.19776785242526482
2015_16_CLE_KC,CLE,-0.3061695237662763,0.33738888047602295,-12.149572269669894,0.18663123990614477,-0.2739208852193163
2015_16_CLE_KC,KC,0.18663123990614477,-0.2739208852193163,5.973650108684193,-0.3061695237662763,0.33738888047602295
2015_16_DAL_BUF,BUF,-0.2516044674386605,0.232054481668456,14.153555863433414,-0.1473881997193825,0.006347129157802556
2015_16_DAL_BUF,DAL,-0.1473881997193825,0.006347129157802556,-17.003014783064526,-0.2516044674386605,0.232054481668456
2015_16_GB_ARI,ARI,0.09410000413384319,-0.14180326753557893,5.5652630549890025,-0.44430814121454515,-0.3795527566229187
2015_16_GB_ARI,GB,-0.44430814121454515,-0.3795527566229187,-5.119548378319576,0.09410000413384319,-0.14180326753557893
2015_16_HOU_TEN,HOU,0.3878392283202974,-0.18143491375131385,4.702166410592886,-0.2601129187540996,-0.9596427383949049
2015_16_HOU_TEN,TEN,-0.2601129187540996,-0.9596427383949049,-9.782577934218388,0.3878392283202974,-0.18143491375131385
2015_16_IND_MIA,IND,0.16001376290417588,0.014900554582354952,-8.988087958302991,0.062251995253400194,-0.17375755876128096
2015_16_IND_MIA,MIA,0.062251995253400194,-0.17375755876128096,4.772317409515381,0.16001376290417588,0.014900554582354952
2015_16_JAX_NO,JAX,0.34086899233027357,-0.3145541347003018,9.467431136540004,0.7239976774156108,-0.02422455942398364
2015_16_JAX_NO,NO,0.7239976774156108,-0.02422455942398364,8.110023438930511,0.34086899233027357,-0.3145541347003018
2015_16_NE_NYJ,NE,0.17339265242706917,-0.2776206957669707,5.599357139679693,0.11367999967257039,-0.03245518264324906
2015_16_NE_NYJ,NYJ,0.11367999967257039,-0.03245518264324906,6.387604773044586,0.17339265242706917,-0.2776206957669707
2015_16_NYG_MIN,MIN,-0.052645699921525964,0.20710078233028512,-1.6225746870040894,-0.45797334821823876,-0.1521059238667866
2015_16_NYG_MIN,NYG,-0.45797334821823876,-0.1521059238667866,-6.615747336079092,-0.052645699921525964,0.20710078233028512
2015_16_PIT_BAL,BAL,0.16827900231184964,-0.14431387843251287,2.657058537006378,0.00012441880074326857,0.04204179193184245
2015_16_PIT_BAL,PIT,0.00012441880074326857,0.04204179193184245,4.69695566331639,0.16827900231184964,-0.14431387843251287
2015_16_SD_OAK,LAC,-0.019120091768661803,-0.19378586914623155,-2.4233916153510413,-0.12808583465033313,-0.25330239452093584
2015_16_SD_OAK,LV,-0.12808583465033313,-0.25330239452093584,-4.687737532564111,-0.019120091768661803,-0.19378586914623155
2015_16_SF_DET,DET,0.21331520805693358,-0.09760730296450977,6.349737982492189,-0.09469199359875649,0.009436217713466083
2015_16_SF_DET,SF,-0.09469199359875649,0.009436217713466083,1.0719907103162822,0.21331520805693358,-0.09760730296450977
2015_16_STL_SEA,LA,0.051975958992827,0.03265358340771248,-7.383939235106759,0.20739969920365664,-1.1588721865739084
2015_16_STL_SEA,SEA,0.20739969920365664,-1.1588721865739084,-0.7027014344930649,0.051975958992827,0.03265358340771248
2015_16_WAS_PHI,PHI,-0.01955019860705506,-0.5287070132772593,0.1625603437423706,0.4010971237243425,-0.23235702561743726
2015_16_WAS_PHI,WAS,0.4010971237243425,-0.23235702561743726,7.7931514900663625,-0.01955019860705506,-0.5287070132772593
2015_17_BAL_CIN,BAL,-0.13112464522526532,-0.1956954608875094,-6.510752411904158,-0.0027660530930956675,0.14446617930196226
2015_17_BAL_CIN,CIN,-0.0027660530930956675,0.14446617930196226,5.11406697332859,-0.13112464522526532,-0.1956954608875094
2015_17_DET_CHI,CHI,-0.008523085955916932,-0.00700245473695838,16.429104105285976,0.2569659751102717,-0.04079441213616519
2015_17_DET_CHI,DET,0.2569659751102717,-0.04079441213616519,10.218691520201855,-0.008523085955916932,-0.00700245473695838
2015_17_JAX_HOU,HOU,-0.05276781384000888,0.05659391635708744,-3.9947612619981534,-0.67508510798639,-0.5916393262023727
2015_17_JAX_HOU,JAX,-0.67508510798639,-0.5916393262023727,-11.868894286453724,-0.05276781384000888,0.05659391635708744
2015_17_MIN_GB,GB,-0.18255120300600114,-0.16503986236057244,4.184024313161539,-0.41084873093392793,0.31692016542029494
2015_17_MIN_GB,MIN,-0.41084873093392793,0.31692016542029494,-3.1738737050224755,-0.18255120300600114,-0.16503986236057244
2015_17_NE_MIA,MIA,0.4104368716877357,-0.42493020372075335,9.671337392769361,-0.12403104615524008,-0.18327879128424232
2015_17_NE_MIA,NE,-0.12403104615524008,-0.18327879128424232,-10.34253704547882,0.4104368716877357,-0.42493020372075335
2015_17_NO_ATL,ATL,0.4072910352567186,-0.34212049824314555,0.9417742490768433,0.3438883169586513,-0.25543614500234746
2015_17_NO_ATL,NO,0.3438883169586513,-0.25543614500234746,9.44528739119685,0.4072910352567186,-0.34212049824314555
2015_17_NYJ_BUF,BUF,0.16214103445370562,-0.30023282491970876,0.9037736271108899,-0.13755605584599928,0.2790657064779225
2015_17_NYJ_BUF,NYJ,-0.13755605584599928,0.2790657064779225,-14.358456681172052,0.16214103445370562,-0.30023282491970876
2015_17_OAK_KC,KC,-0.1804019205053063,0.03743435519431988,1.1862244295037312,-0.14019675929601016,-0.16354683105866755
2015_17_OAK_KC,LV,-0.14019675929601016,-0.16354683105866755,-3.130845818668604,-0.1804019205053063,0.03743435519431988
2015_17_PHI_NYG,NYG,-0.0890863442493284,0.23007597416054104,-5.678278207778931,0.42405718198788234,-0.053487062996282475
2015_17_PHI_NYG,PHI,0.42405718198788234,-0.053487062996282475,10.352598209130136,-0.0890863442493284,0.23007597416054104
2015_17_PIT_CLE,CLE,-0.3729307635572563,-0.10928263957347636,-7.595193062139594,0.15195899139375263,-0.41075939581017284
2015_17_PIT_CLE,PIT,0.15195899139375263,-0.41075939581017284,9.858393710520533,-0.3729307635572563,-0.10928263957347636
2015_17_SD_DEN,DEN,-0.2534399086622657,0.08219278762055506,0.08622946277741463,-0.15337372827067483,-0.16982082133823684
2015_17_SD_DEN,LAC,-0.15337372827067483,-0.16982082133823684,-3.37862172297069,-0.2534399086622657,0.08219278762055506
2015_17_SEA_ARI,ARI,-0.23408985500342475,-0.10490091106531998,-14.455835763798204,0.4821042003492919,-0.011411229319803949
2015_17_SEA_ARI,SEA,0.4821042003492919,-0.011411229319803949,5.629058042541146,-0.23408985500342475,-0.10490091106531998
2015_17_STL_SF,LA,0.09086833573909812,-0.10629974507462969,-4.690608774360857,0.014076408309026567,-0.2611818805392668
2015_17_STL_SF,SF,0.014076408309026567,-0.2611818805392668,-1.919971609657461,0.09086833573909812,-0.10629974507462969
2015_17_TB_CAR,CAR,0.21792155079965447,0.1383664641994983,19.595198447887714,-0.10361468764556891,-0.1410734559962293
2015_17_TB_CAR,TB,-0.10361468764556891,-0.1410734559962293,0.4222558533891718,0.21792155079965447,0.1383664641994983
2015_17_TEN_IND,IND,-0.030057804811486483,-0.06727329715094701,-9.735386436050003,-0.4574150035960146,0.21453948774097414
2015_17_TEN_IND,TEN,-0.4574150035960146,0.21453948774097414,-8.614497423171997,-0.030057804811486483,-0.06727329715094701
2015_17_WAS_DAL,DAL,0.12453113632024994,-0.6035168456928659,5.1551871933043,0.7191405641313011,-0.10246213621659471
2015_17_WAS_DAL,WAS,0.7191405641313011,-0.10246213621659471,11.572875999487364,0.12453113632024994,-0.6035168456928659
2016_01_BUF_BAL,BAL,0.1494011938432285,-0.42162558598478894,2.273077145218849,-0.06814373792398047,-0.2942200295843317
2016_01_BUF_BAL,BUF,-0.06814373792398047,-0.2942200295843317,1.2188674374060198,0.1494011938432285,-0.42162558598478894
2016_01_CAR_DEN,CAR,0.02974880157513933,0.056687810516450554,-3.8962678563210273,0.008978721497442166,0.05133500682010587
2016_01_CAR_DEN,DEN,0.008978721497442166,0.05133500682010587,1.4673150502718413,0.02974880157513933,0.056687810516450554
2016_01_CHI_HOU,CHI,-0.10530748580365341,-0.33429381659661883,-1.1639477951186044,0.13222820701677376,-0.2065252445788835
2016_01_CHI_HOU,HOU,0.13222820701677376,-0.2065252445788835,2.352901143687112,-0.10530748580365341,-0.33429381659661883
2016_01_CIN_NYJ,CIN,0.2529373850937436,0.007293476053746417,10.99657416343689,0.058863105461365674,0.008781547758720547
2016_01_CIN_NYJ,NYJ,0.058863105461365674,0.008781547758720547,-9.438223786213818,0.2529373850937436,0.007293476053746417
2016_01_CLE_PHI,CLE,-0.2216398232520803,-0.4371825918910633,-11.63317016684092,0.10851524153892468,-0.050163635065213645
2016_01_CLE_PHI,PHI,0.10851524153892468,-0.050163635065213645,-2.234098073598501,-0.2216398232520803,-0.4371825918910633
2016_01_DET_IND,DET,0.5073123519188782,0.11574851552722976,14.34147470706218,0.3447620698229591,-0.0161828487419852
2016_01_DET_IND,IND,0.3447620698229591,-0.0161828487419852,7.2827547788619995,0.5073123519188782,0.11574851552722976
2016_01_GB_JAX,GB,0.30045362988086594,-0.021412239516601064,1.9887590498635264,0.17083383014876677,-0.19724992345884226
2016_01_GB_JAX,JAX,0.17083383014876677,-0.19724992345884226,-2.000102859276992,0.30045362988086594,-0.021412239516601064
2016_01_LA_SF,LA,-0.6290830908020815,-0.1957818530887986,-19.731399842670985,0.060040059172685935,0.010234318503838344
2016_01_LA_SF,SF,0.060040059172685935,0.010234318503838344,-4.000228984015329,-0.6290830908020815,-0.1957818530887986
2016_01_MIA_SEA,MIA,-0.1609772988038575,-0.22594457048835465,-2.264783669401098,-0.015061364007213309,-0.3667385605644555
2016_01_MIA_SEA,SEA,-0.015061364007213309,-0.3667385605644555,-1.8508321628337954,-0.1609772988038575,-0.22594457048835465
2016_01_MIN_TEN,MIN,0.2510515022301213,-0.34002339246321606,-4.868556694550947,0.039241666970732544,-0.8515716828326483
2016_01_MIN_TEN,TEN,0.039241666970732544,-0.8515716828326483,-1.0325431096844557,0.2510515022301213,-0.34002339246321606
2016_01_NE_ARI,ARI,0.18031377273619087,0.11045572745129711,2.4391827551094263,0.36326789769947426,-0.2559042214008514
2016_01_NE_ARI,NE,0.36326789769947426,-0.2559042214008514,5.30139243963993,0.18031377273619087,0.11045572745129711
2016_01_NYG_DAL,DAL,0.041279044077561895,-0.08697170055626581,-6.860260769378307,0.23887107874860145,-0.07617095716996118
2016_01_NYG_DAL,NYG,0.23887107874860145,-0.07617095716996118,1.6174618686948503,0.041279044077561895,-0.08697170055626581
2016_01_OAK_NO,LV,0.3883256273080086,0.0800286073040647,-1.9714167794665776,0.4303817960687369,-0.0857874987599086
2016_01_OAK_NO,NO,0.4303817960687369,-0.0857874987599086,3.7214875985414553,0.3883256273080086,0.0800286073040647
2016_01_PIT_WAS,PIT,0.39332928716310045,0.2118261662986258,8.954687215186453,0.04729695391599395,-0.2220922225074341
2016_01_PIT_WAS,WAS,0.04729695391599395,-0.2220922225074341,2.223034237706384,0.39332928716310045,0.2118261662986258
2016_01_SD_KC,KC,0.11898832247399717,0.13309955446611105,8.195341957939995,0.2598785777707219,0.10921648003386508
2016_01_SD_KC,LAC,0.2598785777707219,0.10921648003386508,6.622615208228429,0.11898832247399717,0.13309955446611105
2016_01_TB_ATL,ATL,0.18287433120562452,-0.36278149534651805,0.6110603087826779,0.5354089317177041,-0.2585589335514949
2016_01_TB_ATL,TB,0.5354089317177041,-0.2585589335514949,11.188650876283646,0.18287433120562452,-0.36278149534651805
2016_02_ATL_OAK,ATL,0.5818174866065842,0.09097949089628334,15.094708782785078,0.26964498669390424,0.02134742370340973
2016_02_ATL_OAK,LV,0.26964498669390424,0.02134742370340973,7.813736200332642,0.5818174866065842,0.09097949089628334
2016_02_BAL_CLE,BAL,0.13305084229667083,-0.31535749547334424,-2.9581152730517917,0.192450727841821,-0.1604019582205776
2016_02_BAL_CLE,CLE,0.192450727841821,-0.1604019582205776,3.7670699484420545,0.13305084229667083,-0.31535749547334424
2016_02_CIN_PIT,CIN,0.04354620006637626,-0.3692433872347465,-9.323525704719403,0.18800271003393093,-0.234923904826532
2016_02_CIN_PIT,PIT,0.18800271003393093,-0.234923904826532,-5.6771707695883675,0.04354620006637626,-0.3692433872347465
2016_02_DAL_WAS,DAL,0.49384432490960234,-0.22518292629633677,9.183789690335592,0.12195691092879034,-0.14292240707800374
2016_02_DAL_WAS,WAS,0.12195691092879034,-0.14292240707800374,5.649696358225563,0.49384432490960234,-0.22518292629633677
2016_02_GB_MIN,GB,0.10216667085012887,-0.4867729935212992,-9.529066996441948,0.20304011355134813,-0.46343007318985957
2016_02_GB_MIN,MIN,0.20304011355134813,-0.46343007318985957,5.964736976931172,0.10216667085012887,-0.4867729935212992
2016_02_IND_DEN,DEN,0.21291397625843106,-0.07881963446343926,0.7127973166379061,-0.18513701148933226,-0.08563893529703256
2016_02_IND_DEN,IND,-0.18513701148933226,-0.08563893529703256,-10.345529363705563,0.21291397625843106,-0.07881963446343926
2016_02_JAX_SD,JAX,-0.10396887419845881,-0.1339058257225487,-1.7650234455965004,0.2946200316227309,0.01593569263786776
2016_02_JAX_SD,LAC,0.2946200316227309,0.01593569263786776,6.768074929714203,-0.10396887419845881,-0.1339058257225487
2016_02_KC_HOU,HOU,0.003157961707858487,-0.3749231325140606,-2.9628909898526743,-0.1865104105205466,-0.7815039036489141
2016_02_KC_HOU,KC,-0.1865104105205466,-0.7815039036489141,-11.896677516602182,0.003157961707858487,-0.3749231325140606
2016_02_MIA_NE,MIA,0.24102565463544323,-0.74910204950235,12.14629818092693,0.30998290600006756,-0.022005163716086493
2016_02_MIA_NE,NE,0.30998290600006756,-0.022005163716086493,3.520981924874442,0.24102565463544323,-0.74910204950235
2016_02_NO_NYG,NO,-0.03923025739181548,-0.21705419537361845,1.6077019274234772,0.0571844966592085,-0.33922162426461
2016_02_NO_NYG,NYG,0.0571844966592085,-0.33922162426461,10.741348600969083,-0.03923025739181548,-0.21705419537361845
2016_02_NYJ_BUF,BUF,0.37940211505114657,-0.38555329026284574,2.1208431820074716,0.5220656949408451,-0.009419845839365249
2016_02_NYJ_BUF,NYJ,0.5220656949408451,-0.009419845839365249,11.049650740974089,0.37940211505114657,-0.38555329026284574
2016_02_PHI_CHI,CHI,-0.375645945779881,-0.24880200662300922,6.017755742730765,0.07818560489881683,-0.031150247986910733
2016_02_PHI_CHI,PHI,0.07818560489881683,-0.031150247986910733,0.506642551133127,-0.375645945779881,-0.24880200662300922
2016_02_SEA_LA,LA,0.08012930273481352,-0.19771594712074148,-0.2750445028831219,-0.04718856618281901,-0.1462814432701894
2016_02_SEA_LA,SEA,-0.04718856618281901,-0.1462814432701894,3.2925099985940114,0.08012930273481352,-0.19771594712074148
2016_02_SF_CAR,CAR,0.24162673300031406,-0.12555498916441826,0.6024427903004181,-0.12100950066782337,-0.5027856402411999
2016_02_SF_CAR,SF,-0.12100950066782337,-0.5027856402411999,-10.292614272662572,0.24162673300031406,-0.12555498916441826
2016_02_TB_ARI,ARI,0.3617800193155859,-0.10931872827738214,-3.8559098454082714,-0.3266327520475938,-0.11652997904133776
2016_02_TB_ARI,TB,-0.3266327520475938,-0.11652997904133776,-9.321895796878666,0.3617800193155859,-0.10931872827738214
2016_02_TEN_DET,DET,0.03617971439047058,-0.2096264185475218,-9.192870289851458,0.20551180064301236,0.08459514027102462
2016_02_TEN_DET,TEN,0.20551180064301236,0.08459514027102462,5.230433290654963,0.03617971439047058,-0.2096264185475218
2016_03_ARI_BUF,ARI,-0.20482047076496304,-0.4842667964757825,-7.551661193370819,-0.2649251022767611,0.12312460094255263
2016_03_ARI_BUF,BUF,-0.2649251022767611,0.12312460094255263,-7.785322368144989,-0.20482047076496304,-0.4842667964757825
2016_03_ATL_NO,ATL,0.456074443005382,0.4519962181889073,-0.7509392499923706,-0.037732477156573144,0.3128931190680672
2016_03_ATL_NO,NO,-0.037732477156573144,0.3128931190680672,-3.0499372279868937,0.456074443005382,0.4519962181889073
2016_03_BAL_JAX,BAL,-0.24731286121935964,0.012649783142842352,4.866472706198692,-0.20687642521409622,-0.29600293240655445
2016_03_BAL_JAX,JAX,-0.20687642521409622,-0.29600293240655445,-1.2408668273373653,-0.24731286121935964,0.012649783142842352
2016_03_CHI_DAL,CHI,-0.03012424735003151,-0.08354619187034237,2.3937697543038263,0.42800634528457676,0.011201520112361042
2016_03_CHI_DAL,DAL,0.42800634528457676,0.011201520112361042,14.594928175210953,-0.03012424735003151,-0.08354619187034237
2016_03_CLE_MIA,CLE,0.003709232361160103,0.13560833050905785,-3.469201138145045,-0.12731212227092964,0.004402678599581123
2016_03_CLE_MIA,MIA,-0.12731212227092964,0.004402678599581123,5.710723665025499,0.003709232361160103,0.13560833050905785
2016_03_DEN_CIN,CIN,-0.03633312015490315,-0.0310504672548268,10.493689881903785,0.35530050457462814,-0.42275339287186836
2016_03_DEN_CIN,DEN,0.35530050457462814,-0.42275339287186836,9.766631880227257,-0.03633312015490315,-0.0310504672548268
2016_03_DET_GB,DET,0.40262829520042714,-0.242870193750908,7.682448923587799,0.5449502241839619,-0.02074521677859593
2016_03_DET_GB,GB,0.5449502241839619,-0.02074521677859593,-0.05150797466437022,0.40262829520042714,-0.242870193750908
2016_03_HOU_NE,HOU,-0.3017856670013215,-0.16687734596556625,-6.483813598752022,-0.12927712575079783,0.02884116549560401
2016_03_HOU_NE,NE,-0.12927712575079783,0.02884116549560401,-7.9367962322737045,-0.3017856670013215,-0.16687734596556625
2016_03_LA_TB,LA,-0.07373717450983228,0.07300568463439122,-10.135469184472012,-0.05134522897251184,0.034796943475070986
2016_03_LA_TB,TB,-0.05134522897251184,0.034796943475070986,1.4008267406831707,-0.07373717450983228,0.07300568463439122
2016_03_MIN_CAR,CAR,-0.2897554792204849,-0.0619987269531487,2.7967654168605804,-0.02359220972514346,-0.17218697586908693
2016_03_MIN_CAR,MIN,-0.02359220972514346,-0.17218697586908693,0.3933729869978769,-0.2897554792204849,-0.0619987269531487
2016_03_NYJ_KC,KC,0.25260027888813724,-0.6429198206658475,5.631210587241433,-0.5860273377447871,0.12831305354219777
2016_03_NYJ_KC,NYJ,-0.5860273377447871,0.12831305354219777,-15.057767859914087,0.25260027888813724,-0.6429198206658475
2016_03_OAK_TEN,LV,0.054312134199643106,-0.08775194813400351,-3.705945611000061,-0.3537767306215123,0.10813181724294955
2016_03_OAK_TEN,TEN,-0.3537767306215123,0.10813181724294955,-9.123037103563547,0.054312134199643106,-0.08775194813400351
2016_03_PIT_PHI,PHI,0.6096107306522812,-0.04449687867697018,8.223232924938202,-0.21415049629987926,-0.22720058898751935
2016_03_PIT_PHI,PIT,-0.21415049629987926,-0.22720058898751935,-8.593879572369836,0.6096107306522812,-0.04449687867697018
2016_03_SD_IND,IND,-0.07658134456275933,-0.12114733331448709,2.7415716648101807,0.042813303614533615,-0.27066468987686676
2016_03_SD_IND,LAC,0.042813303614533615,-0.27066468987686676,2.2580224919963525,-0.07658134456275933,-0.12114733331448709
2016_03_SF_SEA,SEA,0.36746887841036185,-0.24360483951940895,10.437883337338766,-0.3136573678426782,0.06900618590444016
2016_03_SF_SEA,SF,-0.3136573678426782,0.06900618590444016,-9.2773197889328,0.36746887841036185,-0.24360483951940895
2016_03_WAS_NYG,NYG,0.0716250945735494,-0.04226237171805342,0.7859224551602414,0.36541616534188964,-0.17567913698081333
2016_03_WAS_NYG,WAS,0.36541616534188964,-0.17567913698081333,2.110509446689061,0.0716250945735494,-0.04226237171805342
2016_04_BUF_NE,BUF,0.23920686121098,-0.09945560069966385,7.640243909860912,-0.20853865293980756,-0.29688964783036637
2016_04_BUF_NE,NE,-0.20853865293980756,-0.29688964783036637,1.7806618853851601,0.23920686121098,-0.09945560069966385
2016_04_CAR_ATL,ATL,0.5857827353518058,-0.22673416270560626,11.867728185009312,0.11184415750134982,-0.2692781954947277
2016_04_CAR_ATL,CAR,0.11184415750134982,-0.2692781954947277,0.26726095626751584,0.5857827353518058,-0.22673416270560626
2016_04_CLE_WAS,CLE,0.15921014955097365,-0.22329799006951767,7.756373129392925,0.19124410254645893,0.11516130259481323
2016_04_CLE_WAS,WAS,0.19124410254645893,0.11516130259481323,7.4988175321508335,0.15921014955097365,-0.22329799006951767
2016_04_DAL_SF,DAL,0.31357694057754837,0.18920634519357313,7.0717246271669865,-0.023250354235507018,0.027123506737148598
2016_04_DAL_SF,SF,-0.023250354235507018,0.027123506737148598,7.899826117183851,0.31357694057754837,0.18920634519357313
2016_04_DEN_TB,DEN,0.29866937215774075,-0.22113046291827534,4.979286366893399,-0.19867299223066462,-0.5843337534355338
2016_04_DEN_TB,TB,-0.19867299223066462,-0.5843337534355338,-5.604375983987536,0.29866937215774075,-0.22113046291827534
2016_04_DET_CHI,CHI,0.3857865547496232,-0.3373299371408023,11.248296209507519,-0.013101610488314626,-0.40783940931230833
2016_04_DET_CHI,DET,-0.013101610488314626,-0.40783940931230833,-3.1668552921877966,0.3857865547496232,-0.3373299371408023
2016_04_IND_JAX,IND,0.08000036327839846,0.06082378166981719,1.3638272881507874,0.22114118625577872,-0.001125010708346963
2016_04_IND_JAX,JAX,0.22114118625577872,-0.001125010708346963,-6.851456020817612,0.08000036327839846,0.06082378166981719
2016_04_KC_PIT,KC,-0.017898989669676978,-0.25531320908339694,-5.336735808119482,0.6492419251621905,0.05007912817643955
2016_04_KC_PIT,PIT,0.6492419251621905,0.05007912817643955,18.975753143981652,-0.017898989669676978,-0.25531320908339694
2016_04_LA_ARI,ARI,-0.07291448454145098,-0.22658680556342006,0.49599341370842676,0.12553268079789076,-0.5086701042767215
2016_04_LA_ARI,LA,0.12553268079789076,-0.5086701042767215,-1.2780982358702297,-0.07291448454145098,-0.22658680556342006
2016_04_MIA_CIN,CIN,0.2478568960675443,-0.3299482176186178,8.599801457697346,-0.3455724803835995,-0.23419217000316297
2016_04_MIA_CIN,MIA,-0.3455724803835995,-0.23419217000316297,-5.228342413902283,0.2478568960675443,-0.3299482176186178
2016_04_NO_SD,LAC,0.11238178252531184,-0.355448824905166,4.623737203520398,0.22212503383343574,-0.16484326534930827
2016_04_NO_SD,NO,0.22212503383343574,-0.16484326534930827,-0.7795610361629062,0.11238178252531184,-0.355448824905166
2016_04_NYG_MIN,MIN,0.25883687798724353,-0.21724582648676005,1.8969793286588457,-0.2602573089964647,-0.11687398772337473
2016_04_NYG_MIN,NYG,-0.2602573089964647,-0.11687398772337473,-14.707311391830444,0.25883687798724353,-0.21724582648676005
2016_04_OAK_BAL,BAL,-0.10739896580091024,0.09027633347432129,-1.547864317893982,0.11221521938792788,-0.47876105273220065
2016_04_OAK_BAL,LV,0.11221521938792788,-0.47876105273220065,5.79318106174469,-0.10739896580091024,0.09027633347432129
2016_04_SEA_NYJ,NYJ,0.1251583687466975,-0.37535986391317455,-3.3914920033478158,0.48370116219874604,-0.18647988491151904
2016_04_SEA_NYJ,SEA,0.48370116219874604,-0.18647988491151904,11.449826508760452,0.1251583687466975,-0.37535986391317455
2016_04_TEN_HOU,HOU,0.08689816577938785,-0.227476429992142,4.427553547753228,-0.045663996691678824,0.028713131836286328
2016_04_TEN_HOU,TEN,-0.045663996691678824,0.028713131836286328,-12.374983727931976,0.08689816577938785,-0.227476429992142
2016_05_ARI_SF,ARI,-0.21093232841093487,0.15709337514459287,-14.481646705556798,-0.12068826736983883,-0.04030218163426334
2016_05_ARI_SF,SF,-0.12068826736983883,-0.04030218163426334,-8.008651002760857,-0.21093232841093487,0.15709337514459287
2016_05_ATL_DEN,ATL,0.04814933288989794,-0.022093085450251237,-6.820073404482433,-0.13651038677674235,0.16091549833991417
2016_05_ATL_DEN,DEN,-0.13651038677674235,0.16091549833991417,1.28012255710714,0.04814933288989794,-0.022093085450251237
2016_05_BUF_LA,BUF,0.028492107903051053,0.054852876882068816,-1.53824154819761,-0.2328291435227452,-0.13633378259255552
2016_05_BUF_LA,LA,-0.2328291435227452,-0.13633378259255552,-1.290604760569911,0.028492107903051053,0.054852876882068816
2016_05_CHI_IND,CHI,0.20839838315656853,0.10280990851951126,13.281741811007988,0.1632850151172914,-0.1283407757873647
2016_05_CHI_IND,IND,0.1632850151172914,-0.1283407757873647,9.820591517396876,0.20839838315656853,0.10280990851951126
2016_05_CIN_DAL,CIN,0.17899865102354187,0.031036192070071897,8.628250925968855,0.3308628109928044,0.29825229225389194
2016_05_CIN_DAL,DAL,0.3308628109928044,0.29825229225389194,7.606542358795802,0.17899865102354187,0.031036192070071897
2016_05_HOU_MIN,HOU,-0.22144870400966205,0.004641769179475627,-17.152772276174453,0.37810975246995554,-0.18458491958536846
2016_05_HOU_MIN,MIN,0.37810975246995554,-0.18458491958536846,6.868906617164612,-0.22144870400966205,0.004641769179475627
2016_05_NE_CLE,CLE,0.023037978464260783,-0.4043201217152129,-0.6944340467453003,0.5591647471284856,-0.2693834905458061
2016_05_NE_CLE,NE,0.5591647471284856,-0.2693834905458061,2.778427629936032,0.023037978464260783,-0.4043201217152129
2016_05_NYG_GB,GB,-0.008133549562630656,-0.00010444070169426225,-9.376572614366358,-0.22101426542406166,-0.1451756441217315
2016_05_NYG_GB,NYG,-0.22101426542406166,-0.1451756441217315,-14.15641337633133,-0.008133549562630656,-0.00010444070169426225
2016_05_NYJ_PIT,NYJ,0.012785816764391066,-0.06338029656762956,3.161621564312985,0.37057461573671335,-0.3861420451810219
2016_05_NYJ_PIT,PIT,0.37057461573671335,-0.3861420451810219,4.92590272680242,0.012785816764391066,-0.06338029656762956
2016_05_PHI_DET,DET,0.1504711507332084,-0.07011332973184914,9.250471773354903,0.11143535563938897,0.016416365743636908
2016_05_PHI_DET,PHI,0.11143535563938897,0.016416365743636908,8.89850091189146,0.1504711507332084,-0.07011332973184914
2016_05_SD_OAK,LAC,0.38415762367330675,-0.4941053022892447,13.388239641984304,0.18883105697848865,-0.08368831428985384
2016_05_SD_OAK,LV,0.18883105697848865,-0.08368831428985384,0.4202210368254246,0.38415762367330675,-0.4941053022892447
2016_05_TB_CAR,CAR,-0.15345626022377987,0.14189241917338222,2.1514016602720534,0.1448266729825116,-0.039469848745912674
2016_05_TB_CAR,TB,0.1448266729825116,-0.039469848745912674,2.851663132508596,-0.15345626022377987,0.14189241917338222
2016_05_TEN_MIA,MIA,-0.4077050248017713,-0.08113537506465542,0.27727435032526654,0.17647211512369043,0.146743549776913
2016_05_TEN_MIA,TEN,0.17647211512369043,0.146743549776913,9.26736912557057,-0.4077050248017713,-0.08113537506465542
2016_05_WAS_BAL,BAL,-0.18722006296985244,-0.060858891697716896,-1.302358698337636,0.10676723309964369,-0.3936616486957064
2016_05_WAS_BAL,WAS,0.10676723309964369,-0.3936616486957064,8.851960607064076,-0.18722006296985244,-0.060858891697716896
2016_06_ATL_SEA,ATL,0.0886091644375165,-0.07350956564033895,6.834905212972222,0.2504724367158571,-0.09538268037777882
2016_06_ATL_SEA,SEA,0.2504724367158571,-0.09538268037777882,-0.053670422898398504,0.0886091644375165,-0.07350956564033895
2016_06_BAL_NYG,BAL,0.056703990757141096,-0.048102754255523905,-11.597654006133476,0.2354160478134257,-0.4187575378626421
2016_06_BAL_NYG,NYG,0.2354160478134257,-0.4187575378626421,4.74528942419135,0.056703990757141096,-0.048102754255523905
2016_06_CAR_NO,CAR,0.23938143500039985,0.003153855537395709,1.8818576698717864,0.405761666631428,-0.17252729945665293
2016_06_CAR_NO,NO,0.405761666631428,-0.17252729945665293,3.5957497485140535,0.23938143500039985,0.003153855537395709
2016_06_CIN_NE,CIN,0.3316160026240903,-0.12442947290143028,9.599954755075517,0.5251394250999335,-0.12399183864244664
2016_06_CIN_NE,NE,0.5251394250999335,-0.12399183864244664,18.087644577026367,0.3316160026240903,-0.12442947290143028
2016_06_CLE_TEN,CLE,0.23563503347464845,-0.28809578354128423,6.190853601410275,0.3386194698607774,-0.049349311879707564
2016_06_CLE_TEN,TEN,0.3386194698607774,-0.049349311879707564,11.664239565531412,0.23563503347464845,-0.28809578354128423
2016_06_DAL_GB,DAL,0.2643717906363605,0.008422484533071947,5.403170375912278,0.06371971084839181,-0.6646792324217635
2016_06_DAL_GB,GB,0.06371971084839181,-0.6646792324217635,4.475429512205578,0.2643717906363605,0.008422484533071947
2016_06_DEN_SD,DEN,-0.26272780285081804,0.07002591340706739,0.18021042676682167,0.14610063020999492,-0.25625895692792255
2016_06_DEN_SD,LAC,0.14610063020999492,-0.25625895692792255,-2.6893433825723054,-0.26272780285081804,0.07002591340706739
2016_06_IND_HOU,HOU,0.12082697001922393,-0.037925589838057605,-0.5047772939388568,0.07694813109943413,-0.07990311358675913
2016_06_IND_HOU,IND,0.07694813109943413,-0.07990311358675913,0.5829727277159691,0.12082697001922393,-0.037925589838057605
2016_06_JAX_CHI,CHI,0.009938675473237565,-0.06319271634102161,-4.876039587721532,0.10396675519749321,-0.28265205524114306
2016_06_JAX_CHI,JAX,0.10396675519749321,-0.28265205524114306,1.3042499621709187,0.009938675473237565,-0.06319271634102161
2016_06_KC_OAK,KC,0.39043524048689304,0.19322286452998438,20.091896165500987,-0.27398544607058617,-0.10027239502718051
2016_06_KC_OAK,LV,-0.27398544607058617,-0.10027239502718051,1.9488500826286548,0.39043524048689304,0.19322286452998438
2016_06_LA_DET,DET,0.6492899333197361,-0.21279093957326206,4.3204892066217235,0.6451122551454893,-0.22663146603445056
2016_06_LA_DET,LA,0.6451122551454893,-0.22663146603445056,14.427756890654564,0.6492899333197361,-0.21279093957326206
2016_06_NYJ_ARI,ARI,0.3616255947730679,0.0747614171297755,4.440254654203143,-0.2807311964363121,-0.23042810406500044
2016_06_NYJ_ARI,NYJ,-0.2807311964363121,-0.23042810406500044,-12.79986331591735,0.3616255947730679,0.0747614171297755
2016_06_PHI_WAS,PHI,-0.15122874706169911,-0.10903957976088188,-10.062407769940116,0.1419205087389884,0.11110782104969985
2016_06_PHI_WAS,WAS,0.1419205087389884,0.11110782104969985,-2.6051294058561325,-0.15122874706169911,-0.10903957976088188
2016_06_PIT_MIA,MIA,0.2468026795710504,0.20561349850737473,9.440814331173897,-0.1799189421278547,0.21089299006416695
2016_06_PIT_MIA,PIT,-0.1799189421278547,0.21089299006416695,-8.58832333769117,0.2468026795710504,0.20561349850737473
2016_06_SF_BUF,BUF,0.2352398295340734,0.10174026382592274,0.032759904861450195,0.06353231506617865,-0.3915070426131327
2016_06_SF_BUF,SF,0.06353231506617865,-0.3915070426131327,-12.93453818985394,0.2352398295340734,0.10174026382592274
2016_07_BAL_NYJ,BAL,-0.35752895581979344,-0.5308261589591645,-3.4142299100410107,0.11520965255660116,-0.19539083391397358
2016_07_BAL_NYJ,NYJ,0.11520965255660116,-0.19539083391397358,-5.601553483442827,-0.35752895581979344,-0.5308261589591645
2016_07_BUF_MIA,BUF,0.10641195704291291,-0.0140604765383614,4.390020787715912,0.16768266045678462,0.1620312010985799
2016_07_BUF_MIA,MIA,0.16768266045678462,0.1620312010985799,0.32245099544525146,0.10641195704291291,-0.0140604765383614
2016_07_CHI_GB,CHI,-0.2952330412612485,-0.11925215374075752,-20.354246377944946,0.24254203955939738,-0.06738150022907316
2016_07_CHI_GB,GB,0.24254203955939738,-0.06738150022907316,4.782724061182567,-0.2952330412612485,-0.11925215374075752
2016_07_CLE_CIN,CIN,0.40094703993704534,0.4192992327482595,11.369018199352118,0.021060159844823945,0.08644822442904115
2016_07_CLE_CIN,CLE,0.021060159844823945,0.08644822442904115,3.672132376701601,0.40094703993704534,0.4192992327482595
2016_07_HOU_DEN,DEN,0.04608014014571899,0.052571785801487324,-3.1792410612106323,-0.27416475659688705,-0.14906230545117674
2016_07_HOU_DEN,HOU,-0.27416475659688705,-0.14906230545117674,-11.067252515292749,0.04608014014571899,0.052571785801487324
2016_07_IND_TEN,IND,0.38468893697612067,0.005791961704380811,6.335383118727268,0.1295321350331009,0.0708516775141886
2016_07_IND_TEN,TEN,0.1295321350331009,0.0708516775141886,-0.4887758857674069,0.38468893697612067,0.005791961704380811
2016_07_MIN_PHI,MIN,-0.43301694160239773,-0.1284909975455286,-0.1571159332226484,-0.22157883166637843,-0.49706877409919886
2016_07_MIN_PHI,PHI,-0.22157883166637843,-0.49706877409919886,-7.217106861727578,-0.43301694160239773,-0.1284909975455286
2016_07_NE_PIT,NE,0.2535019606810003,0.14236158893909306,5.25516070998632,-0.0637629092384554,-0.11083014230446323
2016_07_NE_PIT,PIT,-0.0637629092384554,-0.11083014230446323,-1.5028240888015083,0.2535019606810003,0.14236158893909306
2016_07_NO_KC,KC,0.42144683021120727,-0.04641164946833575,10.499878162923066,0.2461485466925546,-0.21788483394218772
2016_07_NO_KC,NO,0.2461485466925546,-0.21788483394218772,12.6064824931165,0.42144683021120727,-0.04641164946833575
2016_07_NYG_LA,LA,-0.24203468716210616,-0.031999287946382536,-3.469799917477828,-0.1842317806837474,-0.12578310941979806
2016_07_NYG_LA,NYG,-0.1842317806837474,-0.12578310941979806,-1.1257061281719722,-0.24203468716210616,-0.031999287946382536
2016_07_OAK_JAX,JAX,-0.11908673506252876,-0.060419310631308086,-10.070342622524084,0.026237966064527163,0.11503872180401231
2016_07_OAK_JAX,LV,0.026237966064527163,0.11503872180401231,-4.21226922724698,-0.11908673506252876,-0.060419310631308086
2016_07_SD_ATL,ATL,0.044174320897982254,-0.08861017594579607,2.3375478737494526,0.14440370613450904,-0.011387845928547904
2016_07_SD_ATL,LAC,0.14440370613450904,-0.011387845928547904,-2.6584555479613217,0.044174320897982254,-0.08861017594579607
2016_07_SEA_ARI,ARI,-0.014595889102766373,-0.23090511516324783,-2.452509865468862,-0.2577674109151209,-0.28062036787753525
2016_07_SEA_ARI,SEA,-0.2577674109151209,-0.28062036787753525,-1.9161351025104523,-0.014595889102766373,-0.23090511516324783
2016_07_TB_SF,SF,-0.14131051395728844,-0.06935946669419417,-13.41855674982071,0.43423815468840676,-0.032742955899377146
2016_07_TB_SF,TB,0.43423815468840676,-0.032742955899377146,14.51084916961604,-0.14131051395728844,-0.06935946669419417
2016_07_WAS_DET,DET,0.29523947529300515,-0.20138909817020337,-4.552954949181656,0.27984621282373534,-0.1825995708049018
2016_07_WAS_DET,WAS,0.27984621282373534,-0.1825995708049018,10.516253419411488,0.29523947529300515,-0.20138909817020337
2016_08_ARI_CAR,ARI,-0.0947213450982701,-0.30485101169059897,14.513455563121372,0.0872272045276207,-0.1323317363222534
2016_08_ARI_CAR,CAR,0.0872272045276207,-0.1323317363222534,-5.139062029344064,-0.0947213450982701,-0.30485101169059897
2016_08_DET_HOU,DET,0.007058936736872915,-0.1168392640372206,-3.241207032668881,0.025467840244608426,-0.06192518655584065
2016_08_DET_HOU,HOU,0.025467840244608426,-0.06192518655584065,3.723067353511679,0.007058936736872915,-0.1168392640372206
2016_08_GB_ATL,ATL,0.37735674601127794,0.05144259172885213,7.1298273120607645,0.3246855239873791,-0.027405716546061814
2016_08_GB_ATL,GB,0.3246855239873791,-0.027405716546061814,7.588387947333486,0.37735674601127794,0.05144259172885213
2016_08_JAX_TEN,JAX,0.17638999848439527,-0.27612258223101327,-2.790486757402067,0.6111277170372583,-0.025363126117736102
2016_08_JAX_TEN,TEN,0.6111277170372583,-0.025363126117736102,18.711365435434423,0.17638999848439527,-0.27612258223101327
2016_08_KC_IND,IND,-0.16422064497715375,-0.3347348885269769,-12.626776269504003,0.32270464509810787,-0.19160197469341547
2016_08_KC_IND,KC,0.32270464509810787,-0.19160197469341547,-0.07121406677292615,-0.16422064497715375,-0.3347348885269769
2016_08_MIN_CHI,CHI,0.24659152798351375,-0.018984930040980025,7.566074017555483,-0.006874172479589195,-0.18758388451533392
2016_08_MIN_CHI,MIN,-0.006874172479589195,-0.18758388451533392,-2.1645161751154305,0.24659152798351375,-0.018984930040980025
2016_08_NE_BUF,BUF,-0.03101029847858689,0.4511093117192407,-5.645318749623421,0.5668521268237244,-0.17058830458501523
2016_08_NE_BUF,NE,0.5668521268237244,-0.17058830458501523,5.0364613081469685,-0.03101029847858689,0.4511093117192407
2016_08_NYJ_CLE,CLE,0.1312844639933807,-0.16843182691263792,-8.531703142558827,0.21476109439402669,0.2260253472468321
2016_08_NYJ_CLE,NYJ,0.21476109439402669,0.2260253472468321,-12.189850649412941,0.1312844639933807,-0.16843182691263792
2016_08_OAK_TB,LV,0.2737852376169092,-0.04897995593724772,5.859621845442673,0.053901480434857145,-0.0961390920735236
2016_08_OAK_TB,TB,0.053901480434857145,-0.0961390920735236,-6.822598725557327,0.2737852376169092,-0.04897995593724772
2016_08_PHI_DAL,DAL,0.0716335625598549,0.08553905083499558,-8.549211099743843,0.032711842105435165,-0.24728571069426836
2016_08_PHI_DAL,PHI,0.032711842105435165,-0.24728571069426836,2.1267027001489294,0.0716335625598549,0.08553905083499558
2016_08_SD_DEN,DEN,-0.31636750973432665,-0.17560706902319603,-6.0350194573402405,-0.42573770754794327,-0.03600560177626364
2016_08_SD_DEN,LAC,-0.42573770754794327,-0.03600560177626364,-14.621906148062813,-0.31636750973432665,-0.17560706902319603
2016_08_SEA_NO,NO,0.2981777323302621,-0.3769865526362038,5.550014887537275,-0.020403511244228303,-0.0707738378473247
2016_08_SEA_NO,SEA,-0.020403511244228303,-0.0707738378473247,4.974849708378315,0.2981777323302621,-0.3769865526362038
2016_08_WAS_CIN,CIN,0.16737255490985561,0.10083630633958177,1.6205984921682448,0.40270136781362864,-0.15832227169613386
2016_08_WAS_CIN,WAS,0.40270136781362864,-0.15832227169613386,4.956785004053797,0.16737255490985561,0.10083630633958177
2016_09_ATL_TB,ATL,0.5142004042675481,0.06797931835171767,20.5584016354645,0.3797109666259535,-0.8384197188507077
2016_09_ATL_TB,TB,0.3797109666259535,-0.8384197188507077,5.752514488995075,0.5142004042675481,0.06797931835171767
2016_09_BUF_SEA,BUF,0.18054837799997625,0.07703329047258012,16.206498356426465,0.4138122776303744,-0.30297517340174335
2016_09_BUF_SEA,SEA,0.4138122776303744,-0.30297517340174335,20.620038360357285,0.18054837799997625,0.07703329047258012
2016_09_CAR_LA,CAR,0.035035808218743685,-0.18629092840274097,-2.489637304097414,-0.069048524086259,-0.27911290001151534
2016_09_CAR_LA,LA,-0.069048524086259,-0.27911290001151534,-4.855269906313523,0.035035808218743685,-0.18629092840274097
2016_09_DAL_CLE,CLE,-0.0334595715919013,-0.026048146770335734,10.70556154957524,0.87585608734216,0.039322875831156776
2016_09_DAL_CLE,DAL,0.87585608734216,0.039322875831156776,17.57521629333496,-0.0334595715919013,-0.026048146770335734
2016_09_DEN_OAK,DEN,0.04546163865548077,-0.2703990730903267,-13.278514643510183,0.12682793762205866,0.12669306004681857
2016_09_DEN_OAK,LV,0.12682793762205866,0.12669306004681857,3.161208381255468,0.04546163865548077,-0.2703990730903267
2016_09_DET_MIN,DET,0.03946829426900744,-0.12528203702997417,-1.7947087117603846,0.10996922507662289,-0.18515526726841927
2016_09_DET_MIN,MIN,0.10996922507662289,-0.18515526726841927,7.749152481555939,0.03946829426900744,-0.12528203702997417
2016_09_IND_GB,GB,0.12722620963363657,-0.06025773667663868,1.6461533095155443,0.0997092079908531,0.06595742494455012
2016_09_IND_GB,IND,0.0997092079908531,0.06595742494455012,1.5271486507521734,0.12722620963363657,-0.06025773667663868
2016_09_JAX_KC,JAX,0.07166480715085169,-0.4181380453332427,-2.648935690522194,-0.3733050893950112,-0.15101347495740475
2016_09_JAX_KC,KC,-0.3733050893950112,-0.15101347495740475,0.3322956236925992,0.07166480715085169,-0.4181380453332427
2016_09_NO_SF,NO,0.3615390815829185,0.29101183760285493,7.340852037454263,0.06369759725583511,-0.7525208593542629
2016_09_NO_SF,SF,0.06369759725583511,-0.7525208593542629,-6.8849352689889765,0.3615390815829185,0.29101183760285493
2016_09_NYJ_MIA,MIA,0.040084268943829174,-0.02129793881566354,-7.101711836354486,0.0854697772664284,0.06789230367091174
2016_09_NYJ_MIA,NYJ,0.0854697772664284,0.06789230367091174,0.8717660246224239,0.040084268943829174,-0.02129793881566354
2016_09_PHI_NYG,NYG,0.0018272303917910905,-0.2382999095081521,-5.025728129678303,-0.020404050764933644,-0.2719143346878879
2016_09_PHI_NYG,PHI,-0.020404050764933644,-0.2719143346878879,0.10562811760192221,0.0018272303917910905,-0.2382999095081521
2016_09_PIT_BAL,BAL,-0.15755777265169693,-0.369644389487803,-4.240682919820149,-0.09494370219809022,-0.4717743609593633
2016_09_PIT_BAL,PIT,-0.09494370219809022,-0.4717743609593633,-9.667157212441618,-0.15755777265169693,-0.369644389487803
2016_09_TEN_SD,LAC,0.4066461584092754,0.08263808089558462,8.793654225089334,0.15319593468567208,-0.22413713589921827
2016_09_TEN_SD,TEN,0.15319593468567208,-0.22413713589921827,4.292750855286916,0.4066461584092754,0.08263808089558462
2016_10_ATL_PHI,ATL,-0.037584243902841416,-0.1246847136465546,-1.893825973233869,0.11190607302368206,0.11019777176359319
2016_10_ATL_PHI,PHI,0.11190607302368206,0.11019777176359319,0.5392657385932075,-0.037584243902841416,-0.1246847136465546
2016_10_CHI_TB,CHI,-0.5893175756594158,-0.14688014764779886,-12.088874753179221,0.2998822571020975,-0.24502934270367405
2016_10_CHI_TB,TB,0.2998822571020975,-0.24502934270367405,6.438633985817432,-0.5893175756594158,-0.14688014764779886
2016_10_CIN_NYG,CIN,-0.05137974742799068,-0.2244560138813382,-4.278062071119036,-0.09391298309462714,0.035565082340326626
2016_10_CIN_NYG,NYG,-0.09391298309462714,0.035565082340326626,-2.856580777601762,-0.05137974742799068,-0.2244560138813382
2016_10_CLE_BAL,BAL,0.17110734431260818,-0.10640423742006533,8.557136803865433,-0.4163073242840206,-0.21487093867751986
2016_10_CLE_BAL,CLE,-0.4163073242840206,-0.21487093867751986,-12.90419880420931,0.17110734431260818,-0.10640423742006533
2016_10_DAL_PIT,DAL,0.3565482914845497,0.12872485128223318,1.8694628030061722,0.30796595449790515,-0.2814709215951887
2016_10_DAL_PIT,PIT,0.30796595449790515,-0.2814709215951887,15.494163917458575,0.3565482914845497,0.12872485128223318
2016_10_DEN_NO,DEN,0.08277028765352962,-0.19800230225011933,5.120236308951127,-0.19103907588553373,-0.13178055585885887
2016_10_DEN_NO,NO,-0.19103907588553373,-0.13178055585885887,11.322159808257531,0.08277028765352962,-0.19800230225011933
2016_10_GB_TEN,GB,0.10504457773246055,-0.24654327533477252,-3.846364427696575,0.710749908299285,-0.08691271764812349
2016_10_GB_TEN,TEN,0.710749908299285,-0.08691271764812349,16.862724776621217,0.10504457773246055,-0.24654327533477252
2016_10_HOU_JAX,HOU,-0.021112639777792715,0.09692973277102564,-11.23424095136148,0.1231758749215246,-0.5559885968687013
2016_10_HOU_JAX,JAX,0.1231758749215246,-0.5559885968687013,0.5337862944116398,-0.021112639777792715,0.09692973277102564
2016_10_KC_CAR,CAR,-0.03207746957384035,-0.03115015096785822,-2.1080165317184045,-0.13226306012207384,0.2968923888104869
2016_10_KC_CAR,KC,-0.13226306012207384,0.2968923888104869,0.6543326534722981,-0.03207746957384035,-0.03115015096785822
2016_10_LA_NYJ,LA,-0.03019989304742929,-0.15320145046377245,-4.619184980789821,-0.12281502864290295,-0.03455154310911894
2016_10_LA_NYJ,NYJ,-0.12281502864290295,-0.03455154310911894,-7.335024495278636,-0.03019989304742929,-0.15320145046377245
2016_10_MIA_SD,LAC,0.023793367477649496,-0.30412214127136394,-9.398909196967171,0.527979041508241,-0.13214091302665032
2016_10_MIA_SD,MIA,0.527979041508241,-0.13214091302665032,16.72060385994289,0.023793367477649496,-0.30412214127136394
2016_10_MIN_WAS,MIN,0.24893039106779422,-0.3682052658802025,12.350798025727272,0.2926905260563389,-0.1321592006888413
2016_10_MIN_WAS,WAS,0.2926905260563389,-0.1321592006888413,8.398646658117121,0.24893039106779422,-0.3682052658802025
2016_10_SEA_NE,NE,0.2938835205749114,-0.16531376839702716,8.051597326993942,0.4601627987459642,-0.0038771453371737154
2016_10_SEA_NE,SEA,0.4601627987459642,-0.0038771453371737154,10.240024824937185,0.2938835205749114,-0.16531376839702716
2016_10_SF_ARI,ARI,0.03540328727008983,-0.2748343417219156,0.2544064074754715,0.09144049334501268,-0.33267768427132344
2016_10_SF_ARI,SF,0.09144049334501268,-0.33267768427132344,-3.5940379897753396,0.03540328727008983,-0.2748343417219156
2016_11_ARI_MIN,ARI,-0.25887200567781804,0.06275637768407318,-7.108068466186523,-0.050990173362816915,-0.2115239654161522
2016_11_ARI_MIN,MIN,-0.050990173362816915,-0.2115239654161522,2.9767208865710666,-0.25887200567781804,0.06275637768407318
2016_11_BAL_DAL,BAL,0.1228485646441995,0.0995989268218788,-0.13714475291115896,0.4763912565954682,-0.1883622435317906
2016_11_BAL_DAL,DAL,0.4763912565954682,-0.1883622435317906,9.85858365893364,0.1228485646441995,0.0995989268218788
2016_11_BUF_CIN,BUF,-0.20834385065633293,0.15475085078602813,5.669638293760794,-0.17424068156548816,-0.031548759929137304
2016_11_BUF_CIN,CIN,-0.17424068156548816,-0.031548759929137304,-5.271429792046547,-0.20834385065633293,0.15475085078602813
2016_11_CHI_NYG,CHI,0.08232738944930516,-0.034314242051914336,-7.092067188230054,0.20440764615480608,-0.028580626733601094
2016_11_CHI_NYG,NYG,0.20440764615480608,-0.028580626733601094,-5.1356001860565605,0.08232738944930516,-0.034314242051914336
2016_11_GB_WAS,GB,0.32288511433953704,-0.2607034389272003,-4.1131276723950405,0.6983069989689826,0.1337755362313634
2016_11_GB_WAS,WAS,0.6983069989689826,0.1337755362313634,3.754854996999105,0.32288511433953704,-0.2607034389272003
2016_11_HOU_OAK,HOU,0.33578127093184995,-0.2104061617696237,1.908329664132534,0.5289260430031159,-0.2792893883856272
2016_11_HOU_OAK,LV,0.5289260430031159,-0.2792893883856272,2.1718998109140704,0.33578127093184995,-0.2104061617696237
2016_11_JAX_DET,DET,0.08597303544574081,-0.7221384371778666,-0.2020094430807865,-0.02485159275517898,-0.4340599312153817
2016_11_JAX_DET,JAX,-0.02485159275517898,-0.4340599312153817,-1.4170243910380773,0.08597303544574081,-0.7221384371778666
2016_11_MIA_LA,LA,-0.3572259611270439,-0.022267223922535776,-9.585672103125473,-0.19858535656905069,-0.07270372083035505
2016_11_MIA_LA,MIA,-0.19858535656905069,-0.07270372083035505,6.483909663032083,-0.3572259611270439,-0.022267223922535776
2016_11_NE_SF,NE,0.28672095779270707,0.1016883238134424,0.7442905714637355,0.07736606375544842,-0.15195511162048206
2016_11_NE_SF,SF,0.07736606375544842,-0.15195511162048206,-6.847845216592153,0.28672095779270707,0.1016883238134424
2016_11_NO_CAR,CAR,-0.05772975130417261,-0.16030405604181364,-14.343667309731245,0.06198434192328055,0.039520321995951235
2016_11_NO_CAR,NO,0.06198434192328055,0.039520321995951235,8.578080209818753,-0.05772975130417261,-0.16030405604181364
2016_11_PHI_SEA,PHI,-0.14393473711943564,-0.014376761720856078,-10.046273706988854,0.2056197348019837,-0.05030618588959138
2016_11_PHI_SEA,SEA,0.2056197348019837,-0.05030618588959138,3.6095494224179174,-0.14393473711943564,-0.014376761720856078
2016_11_PIT_CLE,CLE,-0.06327601121223211,-0.3820073258248158,-9.013623297214508,0.1370478901212921,0.15593618643470109
2016_11_PIT_CLE,PIT,0.1370478901212921,0.15593618643470109,1.6018169621626537,-0.06327601121223211,-0.3820073258248158
2016_11_TB_KC,KC,0.2707118154620231,-0.10914605677642517,12.428586713729366,0.4003988693866571,-0.2074235784811824
2016_11_TB_KC,TB,0.4003988693866571,-0.2074235784811824,4.809996562126355,0.2707118154620231,-0.10914605677642517
2016_11_TEN_IND,IND,0.33491517258680403,-0.2147525304379607,-5.344695917197636,0.2095659491290605,-0.41006142560043374
2016_11_TEN_IND,TEN,0.2095659491290605,-0.41006142560043374,4.503585398197174,0.33491517258680403,-0.2147525304379607
2016_12_ARI_ATL,ARI,0.02999806988508519,-0.28661794379974403,-6.65007396177812,0.2874846184096809,0.017580371987639374
2016_12_ARI_ATL,ATL,0.2874846184096809,0.017580371987639374,6.7569662224162705,0.02999806988508519,-0.28661794379974403
2016_12_CAR_OAK,CAR,-0.013260830459515812,0.13484680052001582,-6.665014794894627,0.222429866789825,-0.3477117432941731
2016_12_CAR_OAK,LV,0.222429866789825,-0.3477117432941731,5.304909144577227,-0.013260830459515812,0.13484680052001582
2016_12_CIN_BAL,BAL,-0.07798553952681966,-0.23728487343344437,5.608087416851159,0.0712519678587717,-0.4876378210513697
2016_12_CIN_BAL,CIN,0.0712519678587717,-0.4876378210513697,-10.890056858671473,-0.07798553952681966,-0.23728487343344437
2016_12_GB_PHI,GB,0.6091139735352951,-0.20934470853204198,12.545423131240042,0.007748655303920435,-0.007788677749756191
2016_12_GB_PHI,PHI,0.007748655303920435,-0.007788677749756191,1.9015011688073475,0.6091139735352951,-0.20934470853204198
2016_12_JAX_BUF,BUF,0.3318917898878712,0.026148269611299034,0.008191002739800347,0.17643585165976272,0.0061204647839379804
2016_12_JAX_BUF,JAX,0.17643585165976272,0.0061204647839379804,-8.53035044670105,0.3318917898878712,0.026148269611299034
2016_12_KC_DEN,DEN,0.4221878794013965,-0.2168481847295291,5.066420696675777,-0.09576168822720006,-0.044477978331717447
2016_12_KC_DEN,KC,-0.09576168822720006,-0.044477978331717447,-3.7919856426192493,0.4221878794013965,-0.2168481847295291
2016_12_LA_NO,LA,-0.22729297667475684,-0.26715630264131024,-4.045559129407329,0.39439044262690004,0.13822507441297852
2016_12_LA_NO,NO,0.39439044262690004,0.13822507441297852,15.541827423231942,-0.22729297667475684,-0.26715630264131024
2016_12_MIN_DET,DET,0.00945381581017372,-0.29232803913764654,-0.7861862714226181,-0.07548647422582541,-0.007369057469380398
2016_12_MIN_DET,MIN,-0.07548647422582541,-0.007369057469380398,9.785659114519754,0.00945381581017372,-0.29232803913764654
2016_12_NE_NYJ,NE,0.14350826386520668,0.11437395945217253,-5.688353657722473,-0.03472126872482602,-0.09460756252935555
2016_12_NE_NYJ,NYJ,-0.03472126872482602,-0.09460756252935555,7.794199355186954,0.14350826386520668,0.11437395945217253
2016_12_NYG_CLE,CLE,-0.28209484287064873,-0.38778323791034164,-2.6127343607503315,0.2059865191016191,-0.22792096911143744
2016_12_NYG_CLE,NYG,0.2059865191016191,-0.22792096911143744,4.7048099614955765,-0.28209484287064873,-0.38778323791034164
2016_12_PIT_IND,IND,-0.09192174407886121,-0.27001728166413325,3.295030626090797,0.4809993901745538,0.1828778972098183
2016_12_PIT_IND,PIT,0.4809993901745538,0.1828778972098183,11.78695403394245,-0.09192174407886121,-0.27001728166413325
2016_12_SD_HOU,HOU,-0.028654202803297,-0.4018702583655249,2.7013470445360457,0.2023837690812459,-0.12796326729169646
2016_12_SD_HOU,LAC,0.2023837690812459,-0.12796326729169646,10.248754968245825,-0.028654202803297,-0.4018702583655249
2016_12_SEA_TB,SEA,-0.40296560306788015,0.002209012243838515,-6.198361561153874,0.20532501714798782,-0.35137105358444387
2016_12_SEA_TB,TB,0.20532501714798782,-0.35137105358444387,17.54497183220727,-0.40296560306788015,0.002209012243838515
2016_12_SF_MIA,MIA,0.40611816342168056,-0.09921670771533779,6.578649481137593,0.11119237463197852,-0.02670721673348453
2016_12_SF_MIA,SF,0.11119237463197852,-0.02670721673348453,1.3615367147657607,0.40611816342168056,-0.09921670771533779
2016_12_TEN_CHI,CHI,0.11899209319789518,-0.255808776082552,-7.412822682548453,0.45416277216926526,-0.024355014903487075
2016_12_TEN_CHI,TEN,0.45416277216926526,-0.024355014903487075,9.942795012308205,0.11899209319789518,-0.255808776082552
2016_12_WAS_DAL,DAL,0.5011654347648457,0.10201825493781004,10.87487728699394,0.44127190788240067,-0.08041518324630727
2016_12_WAS_DAL,WAS,0.44127190788240067,-0.08041518324630727,13.682452968831333,0.5011654347648457,0.10201825493781004
2016_13_BUF_OAK,BUF,-0.15252226577317032,0.44826324911680004,-11.449199829782758,0.26949164852368623,-0.04386519947773636
2016_13_BUF_OAK,LV,0.26949164852368623,-0.04386519947773636,-8.71155321598053,-0.15252226577317032,0.44826324911680004
2016_13_CAR_SEA,CAR,-0.18612147747383764,-0.4513774980917912,-13.633621810004115,0.23534365979655253,0.2659832127327617
2016_13_CAR_SEA,SEA,0.23534365979655253,0.2659832127327617,9.746805852965304,-0.18612147747383764,-0.4513774980917912
2016_13_DAL_MIN,DAL,-0.10542515319671433,-0.3895051103795413,2.012244529194302,-0.03566674579902749,-0.2545792774487238
2016_13_DAL_MIN,MIN,-0.03566674579902749,-0.2545792774487238,2.4142219665202687,-0.10542515319671433,-0.3895051103795413
2016_13_DEN_JAX,DEN,-0.30832857336913416,-0.17229420213486818,-9.020899794995785,-0.46281041061026745,-0.1233070640236191
2016_13_DEN_JAX,JAX,-0.46281041061026745,-0.1233070640236191,-19.988717138767242,-0.30832857336913416,-0.17229420213486818
2016_13_DET_NO,DET,0.3528478097606239,-0.09616788984678837,7.17617186104379,-0.15972823645670073,-0.20089549611189536
2016_13_DET_NO,NO,-0.15972823645670073,-0.20089549611189536,4.63478174947557,0.3528478097606239,-0.09616788984678837
2016_13_HOU_GB,GB,0.24346164610538193,-0.39398041467696504,10.947727163632711,-0.012402624552210216,-0.11317354715720285
2016_13_HOU_GB,HOU,-0.012402624552210216,-0.11317354715720285,0.31888297625950407,0.24346164610538193,-0.39398041467696504
2016_13_IND_NYJ,IND,0.7662902341405352,-0.2902441726439386,16.471760231873084,-0.3009508497153337,-0.3892076606207851
2016_13_IND_NYJ,NYJ,-0.3009508497153337,-0.3892076606207851,-14.355862865576873,0.7662902341405352,-0.2902441726439386
2016_13_KC_ATL,ATL,0.0661453680693117,0.039708057586621076,1.9932256503538652,0.3566578241168625,0.20043097332818433
2016_13_KC_ATL,KC,0.3566578241168625,0.20043097332818433,15.0475594997406,0.0661453680693117,0.039708057586621076
2016_13_LA_NE,LA,-0.47397351023254125,-0.16428216816226873,-20.780203212052584,-0.019571551707850226,0.025851138696829177
2016_13_LA_NE,NE,-0.019571551707850226,0.025851138696829177,4.000594855650611,-0.47397351023254125,-0.16428216816226873
2016_13_MIA_BAL,BAL,0.12822844116382448,0.31470266434788596,6.604485337932904,-0.24524587715671392,-0.2738576040008209
2016_13_MIA_BAL,MIA,-0.24524587715671392,-0.2738576040008209,8.0089821265294,0.12822844116382448,0.31470266434788596
2016_13_NYG_PIT,NYG,-0.34248425691317685,0.11480392915948939,-2.266780382547623,0.23773364179948414,-0.3602889333006686
2016_13_NYG_PIT,PIT,0.23773364179948414,-0.3602889333006686,-2.001757754219903,-0.34248425691317685,0.11480392915948939
2016_13_PHI_CIN,CIN,0.5134166580170847,-0.17018793013918354,18.893738861741692,-0.020601298347751183,-0.17146643454450983
2016_13_PHI_CIN,PHI,-0.020601298347751183,-0.17146643454450983,-2.0645129731145957,0.5134166580170847,-0.17018793013918354
2016_13_SF_CHI,CHI,0.32554664919056925,-0.10985361369141075,4.821034934785631,-0.5919304673401159,-0.039954700734706056
2016_13_SF_CHI,SF,-0.5919304673401159,-0.039954700734706056,-29.213621020317078,0.32554664919056925,-0.10985361369141075
2016_13_TB_SD,LAC,-0.1197514807267323,0.10009178081897764,-0.7276851683855057,0.3485242279204167,-0.13192720512372186
2016_13_TB_SD,TB,0.3485242279204167,-0.13192720512372186,6.961983740329742,-0.1197514807267323,0.10009178081897764
2016_13_WAS_ARI,ARI,0.2620325257756989,0.03230136280383348,0.8404467688050381,0.02325535467744882,0.17984002927893444
2016_13_WAS_ARI,WAS,0.02325535467744882,0.17984002927893444,-3.550080253797419,0.2620325257756989,0.03230136280383348
2016_14_ARI_MIA,ARI,-0.13291593584327757,-0.220208223409897,-6.755706713055119,0.3169320073141315,-0.5817492274630005
2016_14_ARI_MIA,MIA,0.3169320073141315,-0.5817492274630005,9.193692326545715,-0.13291593584327757,-0.220208223409897
2016_14_ATL_LA,ATL,0.38959800040659803,-0.17430806701537221,-2.503903110822042,-0.43158160830368003,-0.12115795439382529
2016_14_ATL_LA,LA,-0.43158160830368003,-0.12115795439382529,-7.678441885041027,0.38959800040659803,-0.17430806701537221
2016_14_BAL_NE,BAL,0.07394278727700503,-0.2344561593956314,2.8611749410629272,0.28068139793079655,-0.09321665303566708
2016_14_BAL_NE,NE,0.28068139793079655,-0.09321665303566708,5.748859772811064,0.07394278727700503,-0.2344561593956314
2016_14_CHI_DET,CHI,0.11783729751796722,-0.0235062955578446,-6.2545714899897575,0.09569545211210351,-0.17912502950057388
2016_14_CHI_DET,DET,0.09569545211210351,-0.17912502950057388,-6.63606848786859,0.11783729751796722,-0.0235062955578446
2016_14_CIN_CLE,CIN,0.13180566016255987,0.11668348624496847,8.253063261508942,-0.3682491700582449,0.29467721595137847
2016_14_CIN_CLE,CLE,-0.3682491700582449,0.29467721595137847,-16.34207974587168,0.13180566016255987,0.11668348624496847
2016_14_DAL_NYG,DAL,-0.6079068663868634,0.06490319933276624,-16.582439477379257,-0.3591406503544003,-0.30508248841942986
2016_14_DAL_NYG,NYG,-0.3591406503544003,-0.30508248841942986,-7.200331453766141,-0.6079068663868634,0.06490319933276624
2016_14_DEN_TEN,DEN,0.0028638963379643244,-1.128182717029833,10.911584301636768,-0.4485359146070651,0.10516140398780212
2016_14_DEN_TEN,TEN,-0.4485359146070651,0.10516140398780212,-27.65884131193161,0.0028638963379643244,-1.128182717029833
2016_14_HOU_IND,HOU,-0.062089068571374605,0.01832302602169603,0.43425780275593634,-0.12614637329458367,0.19846688555941608
2016_14_HOU_IND,IND,-0.12614637329458367,0.19846688555941608,-10.438494993881745,-0.062089068571374605,0.01832302602169603
2016_14_MIN_JAX,JAX,0.11264224121502296,-0.18489261184797876,-3.3502749494604163,0.4289115403098017,-0.46601771190538643
2016_14_MIN_JAX,MIN,0.4289115403098017,-0.46601771190538643,5.369738708524143,0.11264224121502296,-0.18489261184797876
2016_14_NO_TB,NO,-0.136543127744805,-0.1739217713669253,-1.2259162780715198,0.21224181217186527,-0.24809646881282485
2016_14_NO_TB,TB,0.21224181217186527,-0.24809646881282485,0.42913464399484486,-0.136543127744805,-0.1739217713669253
2016_14_NYJ_SF,NYJ,-0.10799891997925616,0.22202201809169186,4.015396407672337,-0.2614023460550405,0.12385195241896091
2016_14_NYJ_SF,SF,-0.2614023460550405,0.12385195241896091,-10.892748144956736,-0.10799891997925616,0.22202201809169186
2016_14_OAK_KC,KC,-0.02181639170157723,-0.29817349875035387,1.4024754762649536,-0.38007834090458265,0.03429617484410604
2016_14_OAK_KC,LV,-0.38007834090458265,0.03429617484410604,-21.716630131733126,-0.02181639170157723,-0.29817349875035387
2016_14_PIT_BUF,BUF,0.054721839448676396,-0.1380498044527485,-1.9289816617965698,-0.19553983005161787,0.27052920681747267
2016_14_PIT_BUF,PIT,-0.19553983005161787,0.27052920681747267,-9.290208162799958,0.054721839448676396,-0.1380498044527485
2016_14_SD_CAR,CAR,-0.25858373520746347,-0.059611740803821006,-16.27190030283398,-0.1995267829807979,-0.1789268416527193
2016_14_SD_CAR,LAC,-0.1995267829807979,-0.1789268416527193,3.8622508860296674,-0.25858373520746347,-0.059611740803821006
2016_14_SEA_GB,GB,0.45009199768066516,-0.1088073416215165,12.677070498466492,-0.4453274110189038,-0.0446356632876529
2016_14_SEA_GB,SEA,-0.4453274110189038,-0.0446356632876529,-2.7066598335901895,0.45009199768066516,-0.1088073416215165
2016_14_WAS_PHI,PHI,0.099200132557284,-0.26748685178985,7.570304106111112,0.23719913430235262,0.24314716832595878
2016_14_WAS_PHI,WAS,0.23719913430235262,0.24314716832595878,9.086017523493085,0.099200132557284,-0.26748685178985
2016_15_CAR_WAS,CAR,0.08120800624621327,-0.010189939390881272,-3.617484441825322,-0.18978786064085604,-0.5461691182402623
2016_15_CAR_WAS,WAS,-0.18978786064085604,-0.5461691182402623,-2.0402595083764257,0.08120800624621327,-0.010189939390881272
2016_15_CLE_BUF,BUF,0.33093670817062615,0.17884632882916277,5.285604119300842,0.058237186592836034,-0.18071905285533932
2016_15_CLE_BUF,CLE,0.058237186592836034,-0.18071905285533932,-3.6130057992758573,0.33093670817062615,0.17884632882916277
2016_15_DET_NYG,DET,0.035953620039475415,-0.6276154587565757,0.9982402387418245,0.13522252346438352,-0.12617576326363522
2016_15_DET_NYG,NYG,0.13522252346438352,-0.12617576326363522,5.175570930753436,0.035953620039475415,-0.6276154587565757
2016_15_GB_CHI,CHI,0.13402755489319668,-0.03839170392457163,9.735823786535928,0.03557487734801701,0.49259590377221774
2016_15_GB_CHI,GB,0.03557487734801701,0.49259590377221774,9.268870006004969,0.13402755489319668,-0.03839170392457163
2016_15_IND_MIN,IND,0.5217046168828303,-0.09063087924263727,10.008791621242251,-0.2131224571105603,-0.8264796222016836
2016_15_IND_MIN,MIN,-0.2131224571105603,-0.8264796222016836,3.9055067158880687,0.5217046168828303,-0.09063087924263727
2016_15_JAX_HOU,HOU,-0.07643070290058053,-0.2883499876984518,-2.892531359449346,-0.36393945990236526,-0.2309292318807964
2016_15_JAX_HOU,JAX,-0.36393945990236526,-0.2309292318807964,-19.897699249642237,-0.07643070290058053,-0.2883499876984518
2016_15_LA_SEA,LA,-0.289433435463188,-0.4060610835577416,-9.261100419930049,0.4806484750592468,-0.12138352279837888
2016_15_LA_SEA,SEA,0.4806484750592468,-0.12138352279837888,16.83336216956377,-0.289433435463188,-0.4060610835577416
2016_15_MIA_NYJ,MIA,0.7901489410680369,-0.21300253031846036,15.738263375618878,-0.34359212844872855,-0.11686274611357865
2016_15_MIA_NYJ,NYJ,-0.34359212844872855,-0.11686274611357865,-8.421797421243456,0.7901489410680369,-0.21300253031846036
2016_15_NE_DEN,DEN,-0.36372456423506605,-0.25251283038147343,-0.4636724789937337,0.00859325083205966,-0.16145235676261896
2016_15_NE_DEN,NE,0.00859325083205966,-0.16145235676261896,-12.192587794796113,-0.36372456423506605,-0.25251283038147343
2016_15_NO_ARI,ARI,0.19530560909841768,0.4229302174280747,7.376280426979065,0.2955423492406783,0.11171668913411945
2016_15_NO_ARI,NO,0.2955423492406783,0.11171668913411945,10.278116104503473,0.19530560909841768,0.4229302174280747
2016_15_OAK_SD,LAC,0.07349399177193561,-0.3875844940299761,-1.4745383427060883,0.1947096375920959,-0.3391226669335758
2016_15_OAK_SD,LV,0.1947096375920959,-0.3391226669335758,-1.4536223808924358,0.07349399177193561,-0.3875844940299761
2016_15_PHI_BAL,BAL,-0.17897139803361442,0.1187000487698242,-10.17792245437359,-0.09124755786468118,0.024864422476372203
2016_15_PHI_BAL,PHI,-0.09124755786468118,0.024864422476372203,-13.182429188773746,-0.17897139803361442,0.1187000487698242
2016_15_PIT_CIN,CIN,0.01237140495425256,-0.02562351772004539,2.25093688653863,0.33747942471038794,-0.07502488822771099
2016_15_PIT_CIN,PIT,0.33747942471038794,-0.07502488822771099,1.2074799622808183,0.01237140495425256,-0.02562351772004539
2016_15_SF_ATL,ATL,0.9150698646605585,-0.05594937369779434,16.512043450189672,0.02212470741910187,-0.22391982930773674
2016_15_SF_ATL,SF,0.02212470741910187,-0.22391982930773674,-8.988002574805057,0.9150698646605585,-0.05594937369779434
2016_15_TB_DAL,DAL,0.030716648210284,0.024486435008810606,18.641904244820278,-0.03919081310723732,-0.27584956357819274
2016_15_TB_DAL,TB,-0.03919081310723732,-0.27584956357819274,-6.636156367533134,0.030716648210284,0.024486435008810606
2016_15_TEN_KC,KC,-0.04427898044926075,-0.07871736586093903,-10.349094548395701,-0.24419016744779784,0.2233793761936665
2016_15_TEN_KC,TEN,-0.24419016744779784,0.2233793761936665,2.9995387998120537,-0.04427898044926075,-0.07871736586093903
2016_16_ARI_SEA,ARI,0.3806031779333846,-0.17965116920270796,3.2818544794012,0.1579794802272174,-0.31883542448243435
2016_16_ARI_SEA,SEA,0.1579794802272174,-0.31883542448243435,7.399332557212222,0.3806031779333846,-0.17965116920270796
2016_16_ATL_CAR,ATL,0.2898658728554552,0.16232265561120585,20.14144081057924,-0.35235226226530775,0.2547093078457309
2016_16_ATL_CAR,CAR,-0.35235226226530775,0.2547093078457309,-15.31346315561339,0.2898658728554552,0.16232265561120585
2016_16_BAL_PIT,BAL,0.11889290772216904,0.0005701987775629041,-0.2405039288780906,0.1820214696577998,0.2458365733203079
2016_16_BAL_PIT,PIT,0.1820214696577998,0.2458365733203079,14.160145819187164,0.11889290772216904,0.0005701987775629041
2016_16_CIN_HOU,CIN,-0.12909849622593425,-0.1955211922898809,-0.6650785120522104,-0.1015480237113888,-0.19168431608957928
2016_16_CIN_HOU,HOU,-0.1015480237113888,-0.19168431608957928,-2.787752500895796,-0.12909849622593425,-0.1955211922898809
2016_16_DEN_KC,DEN,-0.3121905448705788,-0.025763112609274684,-19.950858056545258,0.15976653141039662,0.1473503023153171
2016_16_DEN_KC,KC,0.15976653141039662,0.1473503023153171,1.6474106021829553,-0.3121905448705788,-0.025763112609274684
2016_16_DET_DAL,DAL,0.7221388150145027,0.15250002065503004,13.031227248055595,-0.07533724461062931,0.26327166983683126
2016_16_DET_DAL,DET,-0.07533724461062931,0.26327166983683126,-7.016327049997118,0.7221388150145027,0.15250002065503004
2016_16_IND_OAK,IND,0.2956064750762749,-0.28289231183880476,7.029331038738119,0.34691465135332883,0.06836105169162952
2016_16_IND_OAK,LV,0.34691465135332883,0.06836105169162952,8.025577754685372,0.2956064750762749,-0.28289231183880476
2016_16_MIA_BUF,BUF,0.4267787127737985,-0.06717382089441849,9.982289030001713,0.24999850824280365,0.28049820961286903
2016_16_MIA_BUF,MIA,0.24999850824280365,0.28049820961286903,-9.34267311260618,0.4267787127737985,-0.06717382089441849
2016_16_MIN_GB,GB,0.308699036019477,-0.3651025108826746,12.363865933357141,0.11142557042203319,-0.29523083392510724
2016_16_MIN_GB,MIN,0.11142557042203319,-0.29523083392510724,3.450079083442688,0.308699036019477,-0.3651025108826746
2016_16_NYG_PHI,NYG,-0.05256330566261221,-0.0332942021285327,1.0752497684387934,0.220734284684791,-0.2918380005128431
2016_16_NYG_PHI,PHI,0.220734284684791,-0.2918380005128431,0.49516765967659326,-0.05256330566261221,-0.0332942021285327
2016_16_NYJ_NE,NE,0.5122211043144695,-0.1161005825364358,5.5745067267582336,-0.5429974891492966,-0.16582195156453444
2016_16_NYJ_NE,NYJ,-0.5429974891492966,-0.16582195156453444,-19.492153823375702,0.5122211043144695,-0.1161005825364358
2016_16_SD_CLE,CLE,0.09471977508144963,-0.07713749186279109,4.888267495802471,0.2569144295547315,-0.3146963750012219
2016_16_SD_CLE,LAC,0.2569144295547315,-0.3146963750012219,-8.014257184483789,0.09471977508144963,-0.07713749186279109
2016_16_SF_LA,LA,-0.282717956372747,-0.08036835130554175,-20.79331874847412,0.07358654007498928,-0.23149505559166966
2016_16_SF_LA,SF,0.07358654007498928,-0.23149505559166966,6.891776822708748,-0.282717956372747,-0.08036835130554175
2016_16_TB_NO,NO,0.23001642092992852,0.10143189998855814,0.5163210279801312,0.16691786561714803,0.026239051735804726
2016_16_TB_NO,TB,0.16691786561714803,0.026239051735804726,2.982128981281729,0.23001642092992852,0.10143189998855814
2016_16_TEN_JAX,JAX,0.31696037396955107,-0.2993433141136148,4.38405114870805,-0.1381001339775825,-0.24580201947461128
2016_16_TEN_JAX,TEN,-0.1381001339775825,-0.24580201947461128,-9.333193444070362,0.31696037396955107,-0.2993433141136148
2016_16_WAS_CHI,CHI,-0.10298057001602047,0.13903048092862053,0.43064042925834656,0.3758298511100035,0.38570697433897294
2016_16_WAS_CHI,WAS,0.3758298511100035,0.38570697433897294,10.788036424380083,-0.10298057001602047,0.13903048092862053
2016_17_ARI_LA,ARI,0.11162501376962355,-0.1088556826254353,-1.9186933480557942,-0.967631932609037,-0.333018199106648
2016_17_ARI_LA,LA,-0.967631932609037,-0.333018199106648,-11.436937004327774,0.11162501376962355,-0.1088556826254353
2016_17_BAL_CIN,BAL,-0.23623517204967875,0.17787884464892315,-1.7102433710682148,0.1448599072058955,0.1279947002955904
2016_17_BAL_CIN,CIN,0.1448599072058955,0.1279947002955904,7.143552839756012,-0.23623517204967875,0.17787884464892315
2016_17_BUF_NYJ,BUF,-0.38642764613090674,-0.4228940500000205,-13.716009259223938,0.17254075053984708,-0.4125196895284647
2016_17_BUF_NYJ,NYJ,0.17254075053984708,-0.4125196895284647,6.197986006736755,-0.38642764613090674,-0.4228940500000205
2016_17_CAR_TB,CAR,-0.2145615609658122,-0.08266655863298153,-2.538878398556863,-0.2229423578277689,-0.0800944995214443
2016_17_CAR_TB,TB,-0.2229423578277689,-0.0800944995214443,-4.713702116693769,-0.2145615609658122,-0.08266655863298153
2016_17_CHI_MIN,CHI,-0.3887803576664548,-0.17903842429419653,0.6507085263729095,0.28695592668991676,-0.0751616930331996
2016_17_CHI_MIN,MIN,0.28695592668991676,-0.0751616930331996,4.0432242786183075,-0.3887803576664548,-0.17903842429419653
2016_17_CLE_PIT,CLE,0.11360777135014981,-0.06398534141771961,8.421147502958775,0.22376884855154014,-0.22725103944685543
2016_17_CLE_PIT,PIT,0.22376884855154014,-0.22725103944685543,4.8291323152748316,0.11360777135014981,-0.06398534141771961
2016_17_DAL_PHI,DAL,-0.20665904681772387,-0.25809280522258227,-7.791394953216825,0.10979681923550796,-0.07581576020135705
2016_17_DAL_PHI,PHI,0.10979681923550796,-0.07581576020135705,0.7295781096746755,-0.20665904681772387,-0.25809280522258227
2016_17_GB_DET,DET,0.19834186779110202,-0.03599345952638292,-1.7230036055169455,0.3781863550398774,0.18177606016450393
2016_17_GB_DET,GB,0.3781863550398774,0.18177606016450393,3.1305929789176354,0.19834186779110202,-0.03599345952638292
2016_17_HOU_TEN,HOU,0.009348788807574743,-0.14892866083388948,-7.798492749954792,-0.058292448917388565,-0.07511986445544087
2016_17_HOU_TEN,TEN,-0.058292448917388565,-0.07511986445544087,1.763925313949585,0.009348788807574743,-0.14892866083388948
2016_17_JAX_IND,IND,0.012922321916365479,-0.19925745345175355,-1.9240987606537647,0.005901701098251233,0.07866054194892853
2016_17_JAX_IND,JAX,0.005901701098251233,0.07866054194892853,-1.452266100125435,0.012922321916365479,-0.19925745345175355
2016_17_KC_SD,KC,0.43231905444704527,-0.25315761721813707,10.707915148564748,0.07239171434659324,0.09473091327191259
2016_17_KC_SD,LAC,0.07239171434659324,0.09473091327191259,-3.370966701894193,0.43231905444704527,-0.25315761721813707
2016_17_NE_MIA,MIA,-0.08856605718777116,-0.29358338409171364,3.1998813152313232,0.4557416085614296,0.06990901992559947
2016_17_NE_MIA,NE,0.4557416085614296,0.06990901992559947,4.510953671791974,-0.08856605718777116,-0.29358338409171364
2016_17_NO_ATL,ATL,0.5473399659139121,0.07599865113363856,8.182894024584028,0.12264568476821615,0.2527897867518477
2016_17_NO_ATL,NO,0.12264568476821615,0.2527897867518477,-6.905650362676504,0.5473399659139121,0.07599865113363856
2016_17_NYG_WAS,NYG,-0.08522106435193512,-0.12973323056004232,-2.3574261711193967,-0.2901911227848012,-0.3835026903907419
2016_17_NYG_WAS,WAS,-0.2901911227848012,-0.3835026903907419,2.4075128576334786,-0.08522106435193512,-0.12973323056004232
2016_17_OAK_DEN,DEN,0.2808318826993122,-0.22631659018747413,-0.3318816975310997,-0.44136406719189525,-0.5178970616689185
2016_17_OAK_DEN,LV,-0.44136406719189525,-0.5178970616689185,-4.67146597802639,0.2808318826993122,-0.22631659018747413
2016_17_SEA_SF,SEA,0.15302374292869794,-0.01975071833691221,1.5913812292588723,0.10286326876817399,-0.4276903960252962
2016_17_SEA_SF,SF,0.10286326876817399,-0.4276903960252962,11.799389259381728,0.15302374292869794,-0.01975071833691221
2017_01_ARI_DET,ARI,-0.22794866902169308,-0.4651704965831919,-6.262744043735748,-0.008400052157962159,-0.37938316937166916
2017_01_ARI_DET,DET,-0.008400052157962159,-0.37938316937166916,5.45587081175584,-0.22794866902169308,-0.4651704965831919
2017_01_ATL_CHI,ATL,0.5357671590525037,-0.23803882032987733,5.759217292070389,-0.1419715689745765,0.34600597722746895
2017_01_ATL_CHI,CHI,-0.1419715689745765,0.34600597722746895,-0.905182883143425,0.5357671590525037,-0.23803882032987733
2017_01_BAL_CIN,BAL,0.07489126725113272,-0.09012938139229928,-9.848655322018791,-0.7771806958044181,-0.073197656875456
2017_01_BAL_CIN,CIN,-0.7771806958044181,-0.073197656875456,-10.868333228703204,0.07489126725113272,-0.09012938139229928
2017_01_CAR_SF,CAR,0.21866975146094494,-0.20052347046539748,-4.2553747072815895,-0.35542711412126665,-0.5008919746409554
2017_01_CAR_SF,SF,-0.35542711412126665,-0.5008919746409554,2.307926756995065,0.21866975146094494,-0.20052347046539748
2017_01_IND_LA,IND,-0.9489358331328794,-0.13393823747967623,-7.657432414236522,0.33964842535466944,-0.22401853196101598
2017_01_IND_LA,LA,0.33964842535466944,-0.22401853196101598,8.38815301656723,-0.9489358331328794,-0.13393823747967623
2017_01_JAX_HOU,HOU,-0.5256657231928267,-0.12208687752718106,-12.17234561012851,0.21759295229277728,0.0320815548917213
2017_01_JAX_HOU,JAX,0.21759295229277728,0.0320815548917213,-7.060036630857558,-0.5256657231928267,-0.12208687752718106
2017_01_KC_NE,KC,0.5023642751926672,0.12717361119110138,16.77856585558723,0.1298545090546157,-0.1564456955968709
2017_01_KC_NE,NE,0.1298545090546157,-0.1564456955968709,-9.088983345362875,0.5023642751926672,0.12717361119110138
2017_01_LAC_DEN,DEN,0.18577592676416255,-0.2465216298820451,0.5382161055292402,0.21864641182007377,-0.296398033602269
2017_01_LAC_DEN,LAC,0.21864641182007377,-0.296398033602269,1.7997049020998406,0.18577592676416255,-0.2465216298820451
2017_01_NO_MIN,MIN,0.6057115090326545,-0.0835474370396696,18.714463245123625,0.2850111451505199,-0.15536846444298072
2017_01_NO_MIN,NO,0.2850111451505199,-0.15536846444298072,7.353019069980931,0.6057115090326545,-0.0835474370396696
2017_01_NYG_DAL,DAL,0.18928420847855182,-0.09129673013681829,-2.1651968752083026,-0.1695719539246897,-0.11586856395958668
2017_01_NYG_DAL,NYG,-0.1695719539246897,-0.11586856395958668,2.7827607957940352,0.18928420847855182,-0.09129673013681829
2017_01_NYJ_BUF,BUF,0.26665374543004233,-0.08076997612132183,-5.435812914813006,-0.3256096908484102,0.006404852292810877
2017_01_NYJ_BUF,NYJ,-0.3256096908484102,0.006404852292810877,1.0423730078496432,0.26665374543004233,-0.08076997612132183
2017_01_OAK_TEN,LV,0.22550503404754701,0.04768738696239853,3.577689453959465,0.08900690368722518,-0.017727812871258086
2017_01_OAK_TEN,TEN,0.08900690368722518,-0.017727812871258086,-3.057836032495266,0.22550503404754701,0.04768738696239853
2017_01_PHI_WAS,PHI,0.1804579891849523,-0.6061271727530578,5.775572477202666,-0.2378330013986686,-0.24533076304110832
2017_01_PHI_WAS,WAS,-0.2378330013986686,-0.24533076304110832,-5.648928880691528,0.1804579891849523,-0.6061271727530578
2017_01_PIT_CLE,CLE,0.07848837994485762,-0.29063802077143414,5.500923345486323,0.15687138127395883,-0.3309912024278139
2017_01_PIT_CLE,PIT,0.15687138127395883,-0.3309912024278139,-1.7023915217982397,0.07848837994485762,-0.29063802077143414
2017_01_SEA_GB,GB,0.1088556921019448,-0.25442302781315945,0.2130257941427685,-0.21273092284200576,-0.30426008452195674
2017_01_SEA_GB,SEA,-0.21273092284200576,-0.30426008452195674,-3.6763403150770397,0.1088556921019448,-0.25442302781315945
2017_02_ARI_IND,ARI,0.033409552907482175,-0.16817699807089617,-2.523677796125412,-0.1508206731871153,-0.1779281203915296
2017_02_ARI_IND,IND,-0.1508206731871153,-0.1779281203915296,-8.874094982941946,0.033409552907482175,-0.16817699807089617
2017_02_BUF_CAR,BUF,-0.14286037823598496,-0.5287680016892196,4.8842772245407104,0.03960471239635044,-0.3737118934065802
2017_02_BUF_CAR,CAR,0.03960471239635044,-0.3737118934065802,1.7376719463256098,-0.14286037823598496,-0.5287680016892196
2017_02_CHI_TB,CHI,-0.18121402034982262,-0.5305324831788312,5.6819462113910255,0.17830463604401864,-0.15380640975799356
2017_02_CHI_TB,TB,0.17830463604401864,-0.15380640975799356,1.5330487201290746,-0.18121402034982262,-0.5305324831788312
2017_02_CLE_BAL,BAL,0.18524851041838078,-0.2894275416206989,8.243221586400812,-0.23112128721712,-0.13520932312274134
2017_02_CLE_BAL,CLE,-0.23112128721712,-0.13520932312274134,-9.531627808298383,0.18524851041838078,-0.2894275416206989
2017_02_DAL_DEN,DAL,-0.29415999494468503,-0.2977750361314975,-1.6981050068018388,0.18416295448627257,-0.043263978502687275
2017_02_DAL_DEN,DEN,0.18416295448627257,-0.043263978502687275,9.775439202785492,-0.29415999494468503,-0.2977750361314975
2017_02_DET_NYG,DET,0.04920797651297925,-0.28190267241552647,12.942000017279671,-0.22835340591169567,-0.39232459461996577
2017_02_DET_NYG,NYG,-0.22835340591169567,-0.39232459461996577,9.734596963971853,0.04920797651297925,-0.28190267241552647
2017_02_GB_ATL,ATL,0.2850904181967909,0.08495572050406526,5.912944784870854,0.0995462443915444,-0.07175405956721599
2017_02_GB_ATL,GB,0.0995462443915444,-0.07175405956721599,-2.533591705925611,0.2850904181967909,0.08495572050406526
2017_02_HOU_CIN,CIN,-0.2624227196782334,-0.3786826006665554,1.5942691795287594,0.04467335500960395,-0.29867873227434055
2017_02_HOU_CIN,HOU,0.04467335500960395,-0.29867873227434055,-1.298513263463974,-0.2624227196782334,-0.3786826006665554
2017_02_MIA_LAC,LAC,0.24528039264163973,-0.08216630074025634,13.778370733444508,0.23034562338306408,0.011567377432760212
2017_02_MIA_LAC,MIA,0.23034562338306408,0.011567377432760212,8.962748550316867,0.24528039264163973,-0.08216630074025634
2017_02_MIN_PIT,MIN,-0.290531185478878,-0.12562673568556254,-5.045850823322932,0.2396047101933418,-0.14795951492556353
2017_02_MIN_PIT,PIT,0.2396047101933418,-0.14795951492556353,3.2490419915744235,-0.290531185478878,-0.12562673568556254
2017_02_NE_NO,NE,0.6392078310241561,-0.11658809954496974,9.4631301286893,0.002777432840689684,-0.01200545982882271
2017_02_NE_NO,NO,0.002777432840689684,-0.01200545982882271,-1.7499463802034205,0.6392078310241561,-0.11658809954496974
2017_02_NYJ_OAK,LV,0.640048749156794,0.17499606072150137,12.581803968974523,0.10775646934611427,-0.01647089475083505
2017_02_NYJ_OAK,NYJ,0.10775646934611427,-0.01647089475083505,1.1130602409442265,0.640048749156794,0.17499606072150137
2017_02_PHI_KC,KC,0.1454332722308209,0.19639271195389002,10.646436170295432,0.19277594769161757,-0.22669290062913205
2017_02_PHI_KC,PHI,0.19277594769161757,-0.22669290062913205,-0.92215981748369,0.1454332722308209,0.19639271195389002
2017_02_SF_SEA,SEA,0.017163976885793002,-0.13563632921044094,-3.5868810537533884,-0.5485805431997469,0.16961753454233985
2017_02_SF_SEA,SF,-0.5485805431997469,0.16961753454233985,-13.75136891236672,0.017163976885793002,-0.13563632921044094
2017_02_TEN_JAX,JAX,-0.2791207703548579,-0.07015365513507277,-6.2873650999630195,0.05599495818073019,0.22018478945692016
2017_02_TEN_JAX,TEN,0.05599495818073019,0.22018478945692016,5.535593628883362,-0.2791207703548579,-0.07015365513507277
2017_02_WAS_LA,LA,0.09998031442742615,-0.21630544897083095,-5.582301020622253,0.20714026129083762,0.09204833186380804
2017_02_WAS_LA,WAS,0.20714026129083762,0.09204833186380804,0.5854496801341021,0.09998031442742615,-0.21630544897083095
2017_03_ATL_DET,ATL,-0.07374927869128267,0.18066405988065526,5.011489391326904,-0.052329028771971105,-0.2890144289806759
2017_03_ATL_DET,DET,-0.052329028771971105,-0.2890144289806759,-10.525921053356594,-0.07374927869128267,0.18066405988065526
2017_03_BAL_JAX,BAL,-0.5940492653665415,-0.27108315033605324,-12.583045882207376,0.4801994059488009,-0.035711000089632405
2017_03_BAL_JAX,JAX,0.4801994059488009,-0.035711000089632405,4.043385883172353,-0.5940492653665415,-0.27108315033605324
2017_03_CIN_GB,CIN,0.24515253998262057,-0.10360993345594131,16.554521711973045,0.023553129397810593,-0.19173869723296313
2017_03_CIN_GB,GB,0.023553129397810593,-0.19173869723296313,2.964911858240763,0.24515253998262057,-0.10360993345594131
2017_03_CLE_IND,CLE,-0.023592710689020652,0.09499139396425829,-12.698355835417043,0.21144551488005692,-0.16424822718060264
2017_03_CLE_IND,IND,0.21144551488005692,-0.16424822718060264,7.5510285794734955,-0.023592710689020652,0.09499139396425829
2017_03_DAL_ARI,ARI,0.03642181891656681,-0.12073231704363768,-2.198193781077862,0.22810059722091647,0.020213068646844478
2017_03_DAL_ARI,DAL,0.22810059722091647,0.020213068646844478,6.6616703238752155,0.03642181891656681,-0.12073231704363768
2017_03_DEN_BUF,BUF,0.1316873632332865,-0.30636217521793185,10.210266250830431,-0.06372033834332615,-0.040651457578254245
2017_03_DEN_BUF,DEN,-0.06372033834332615,-0.040651457578254245,0.8584713935852051,0.1316873632332865,-0.30636217521793185
2017_03_HOU_NE,HOU,0.23804399701501322,-0.05309282140861199,11.013130527554136,0.2841240264071152,-0.347614280603777
2017_03_HOU_NE,NE,0.2841240264071152,-0.347614280603777,12.837833336421422,0.23804399701501322,-0.05309282140861199
2017_03_KC_LAC,KC,-0.17054164509787473,0.2572467244369909,2.504162135578337,-0.1514706770292523,-0.0433770361020565
2017_03_KC_LAC,LAC,-0.1514706770292523,-0.0433770361020565,-7.261785597373278,-0.17054164509787473,0.2572467244369909
2017_03_LA_SF,LA,0.82450354705117,-0.07201068383257377,15.78572051865714,0.10486442373425707,-0.09482662896190594
2017_03_LA_SF,SF,0.10486442373425707,-0.09482662896190594,-0.7003379834664835,0.82450354705117,-0.07201068383257377
2017_03_MIA_NYJ,MIA,-0.228412718558684,-0.5407344369367431,-2.2012119823031955,0.17901861755212448,-0.28631371007149525
2017_03_MIA_NYJ,NYJ,0.17901861755212448,-0.28631371007149525,19.894403607948966,-0.228412718558684,-0.5407344369367431
2017_03_NO_CAR,CAR,-0.4354816588191211,0.25910436298276873,-7.819664478302002,0.37860040505108883,0.1167535393063826
2017_03_NO_CAR,NO,0.37860040505108883,0.1167535393063826,11.945005018135596,-0.4354816588191211,0.25910436298276873
2017_03_NYG_PHI,NYG,0.19802095813861262,-0.4372767325908439,8.828160927650776,-0.05863554985112461,0.14955063897003937
2017_03_NYG_PHI,PHI,-0.05863554985112461,0.14955063897003937,0.9769503147371353,0.19802095813861262,-0.4372767325908439
2017_03_OAK_WAS,LV,-0.53520164620844,-0.4490268383912432,-2.4842713276545205,0.5298917585323311,-0.3854838299714694
2017_03_OAK_WAS,WAS,0.5298917585323311,-0.3854838299714694,17.410855690638225,-0.53520164620844,-0.4490268383912432
2017_03_PIT_CHI,CHI,-0.28535094819861734,0.021964742272708414,1.3508193549655734,-0.03084613282685242,-0.04025163717839556
2017_03_PIT_CHI,PIT,-0.03084613282685242,-0.04025163717839556,-1.810178084251208,-0.28535094819861734,0.021964742272708414
2017_03_SEA_TEN,SEA,0.20480561398575917,-0.31479884540621084,4.447529216607411,0.12847780054691835,0.03251726382630736
2017_03_SEA_TEN,TEN,0.12847780054691835,0.03251726382630736,-2.083605864355641,0.20480561398575917,-0.31479884540621084
2017_03_TB_MIN,MIN,0.5892694680855975,-0.18148956543882377,11.439207828406131,0.03685721825199799,-0.2657217694504652
2017_03_TB_MIN,TB,0.03685721825199799,-0.2657217694504652,7.84662801772356,0.5892694680855975,-0.18148956543882377
2017_04_BUF_ATL,ATL,-0.1735327887745787,0.018778529976582924,-3.350205719470978,0.23405893015837423,-0.1360335261060448
2017_04_BUF_ATL,BUF,0.23405893015837423,-0.1360335261060448,5.9877026826143265,-0.1735327887745787,0.018778529976582924
2017_04_CAR_NE,CAR,0.6268391050237029,-0.048527430331001604,12.604770475420459,0.20077075869551897,0.1497749114059843
2017_04_CAR_NE,NE,0.20077075869551897,0.1497749114059843,5.153274138768514,0.6268391050237029,-0.048527430331001604
2017_04_CHI_GB,CHI,-0.16029917077237435,-0.11163916721852729,-0.14256518898588239,0.3306206080296467,0.039152391518101744
2017_04_CHI_GB,GB,0.3306206080296467,0.039152391518101744,7.268080115318298,-0.16029917077237435,-0.11163916721852729
2017_04_CIN_CLE,CIN,0.40306859830362574,-0.24377845427751219,14.535283048947653,-0.18084200386427948,-0.291301059829753
2017_04_CIN_CLE,CLE,-0.18084200386427948,-0.291301059829753,-13.15028900053443,0.40306859830362574,-0.24377845427751219
2017_04_DET_MIN,DET,-0.06106101299778174,-0.16654213666434176,-5.980539129626367,-0.15871045292373645,-0.5060666299607626
2017_04_DET_MIN,MIN,-0.15871045292373645,-0.5060666299607626,-6.076777279376984,-0.06106101299778174,-0.16654213666434176
2017_04_IND_SEA,IND,-0.34347047661334984,-0.0519646386213329,-2.8162369238478795,0.34195470878185286,0.1351740310337239
2017_04_IND_SEA,SEA,0.34195470878185286,0.1351740310337239,21.870107432970634,-0.34347047661334984,-0.0519646386213329
2017_04_JAX_NYJ,JAX,-0.19971859938795447,-0.023299403394857008,-19.081846475601196,-0.0735483063271982,-0.19597489956437186
2017_04_JAX_NYJ,NYJ,-0.0735483063271982,-0.19597489956437186,7.632725373391183,-0.19971859938795447,-0.023299403394857008
2017_04_LA_DAL,DAL,0.15266826140426307,0.2214990269090049,-4.1434497492653986,0.22709003549871648,0.1145635881543585
2017_04_LA_DAL,LA,0.22709003549871648,0.1145635881543585,-4.253779649734497,0.15266826140426307,0.2214990269090049
2017_04_NO_MIA,MIA,-0.29597325234374566,-0.27218576691880386,0.22699513605662755,0.3452571123778152,-0.18134140005487756
2017_04_NO_MIA,NO,0.3452571123778152,-0.18134140005487756,1.03193037211895,-0.29597325234374566,-0.27218576691880386
2017_04_NYG_TB,NYG,0.18068702870053877,-0.22511770641037204,-1.4054836667313868,0.15617474969248069,-0.07123140910468799
2017_04_NYG_TB,TB,0.15617474969248069,-0.07123140910468799,-2.482955902814865,0.18068702870053877,-0.22511770641037204
2017_04_OAK_DEN,DEN,0.05417584543351374,-0.13028911496599,5.16101348400116,-0.06839831213781382,-0.7728771365218563
2017_04_OAK_DEN,LV,-0.06839831213781382,-0.7728771365218563,-2.395532556942531,0.05417584543351374,-0.13028911496599
2017_04_PHI_LAC,LAC,0.31575230604617827,-0.04963735826850797,-6.800588643228686,0.41629159031254387,0.10663687042732464
2017_04_PHI_LAC,PHI,0.41629159031254387,0.10663687042732464,-3.352204958597819,0.31575230604617827,-0.04963735826850797
2017_04_PIT_BAL,BAL,-0.22766762493945147,-0.44569642043006025,-1.447103188392964,0.10125394416919872,0.02738799410161828
2017_04_PIT_BAL,PIT,0.10125394416919872,0.02738799410161828,0.8963225285212199,-0.22766762493945147,-0.44569642043006025
2017_04_SF_ARI,ARI,0.00525444757201307,-0.34027659152406675,2.614670816589804,-0.12093315597032012,-0.10333365874787516
2017_04_SF_ARI,SF,-0.12093315597032012,-0.10333365874787516,-15.088080428540707,0.00525444757201307,-0.34027659152406675
2017_04_TEN_HOU,HOU,0.6181502981637832,-0.0341345910344536,11.51916165562237,-1.069074818364408,0.06627080657118414
2017_04_TEN_HOU,TEN,-1.069074818364408,0.06627080657118414,-8.884041905403137,0.6181502981637832,-0.0341345910344536
2017_04_WAS_KC,KC,0.21811156895051176,0.1436540008164332,15.707308309418815,0.23085156802091872,-0.12767787778916034
2017_04_WAS_KC,WAS,0.23085156802091872,-0.12767787778916034,-1.0001454502344131,0.21811156895051176,0.1436540008164332
2017_05_ARI_PHI,ARI,-0.0903663486100124,-0.19094022060328694,1.8859448758038608,0.4995965341452276,-0.248392032062964
2017_05_ARI_PHI,PHI,0.4995965341452276,-0.248392032062964,5.595376292864482,-0.0903663486100124,-0.19094022060328694
2017_05_BAL_OAK,BAL,0.3458430091467694,0.09721310266422081,11.313766126449291,-0.29247048238837253,-0.06437903818674386
2017_05_BAL_OAK,LV,-0.29247048238837253,-0.06437903818674386,-5.494159579277039,0.3458430091467694,0.09721310266422081
2017_05_BUF_CIN,BUF,-0.1452873673269926,-0.16222641068209973,-7.687130911009652,0.07590256512569805,-0.16208124376894179
2017_05_BUF_CIN,CIN,0.07590256512569805,-0.16208124376894179,2.6483994196442997,-0.1452873673269926,-0.16222641068209973
2017_05_CAR_DET,CAR,0.37223844908105325,-0.41177645479911007,10.18597971309315,-0.09218568882232386,-0.22091704138802015
2017_05_CAR_DET,DET,-0.09218568882232386,-0.22091704138802015,-4.147005932671683,0.37223844908105325,-0.41177645479911007
2017_05_GB_DAL,DAL,0.23748781668607144,0.08373885128777615,5.3381914893786115,0.35215625574602,0.3512814373991984
2017_05_GB_DAL,GB,0.35215625574602,0.3512814373991984,7.770738857133048,0.23748781668607144,0.08373885128777615
2017_05_JAX_PIT,JAX,-0.0226779428536675,0.1490754652785641,-5.524622329643795,-0.33179429072489125,-0.12281785977048505
2017_05_JAX_PIT,PIT,-0.33179429072489125,-0.12281785977048505,-2.1877537171045938,-0.0226779428536675,0.1490754652785641
2017_05_KC_HOU,HOU,0.32486373718493855,-0.10232408528429965,-1.8178468120509181,0.6052693039223684,-0.2477157246138465
2017_05_KC_HOU,KC,0.6052693039223684,-0.2477157246138465,16.968071339903652,0.32486373718493855,-0.10232408528429965
2017_05_LAC_NYG,LAC,0.11012678785674992,-0.06397279660019127,-11.015696504286357,-0.23244720960428555,0.15294039475964383
2017_05_LAC_NYG,NYG,-0.23244720960428555,0.15294039475964383,-6.3896983034080925,0.11012678785674992,-0.06397279660019127
2017_05_MIN_CHI,CHI,-0.13262573805651767,-0.08538590899341066,-13.340279116080357,-0.010367341752949533,-0.030480690550332198
2017_05_MIN_CHI,MIN,-0.010367341752949533,-0.030480690550332198,4.761249478906393,-0.13262573805651767,-0.08538590899341066
2017_05_NE_TB,NE,0.055554644927694505,-0.11089117996986413,7.975985556840897,0.042905942266584715,-0.12569366042630958
2017_05_NE_TB,TB,0.042905942266584715,-0.12569366042630958,-0.14426049258973864,0.055554644927694505,-0.11089117996986413
2017_05_NYJ_CLE,CLE,0.09491269252648418,-0.29428283309642855,5.7065413643916445,0.05529002239493388,-0.39296194426424336
2017_05_NYJ_CLE,NYJ,0.05529002239493388,-0.39296194426424336,10.707449615001678,0.09491269252648418,-0.29428283309642855
2017_05_SEA_LA,LA,-0.0944479523422946,-0.4126271398826724,-12.46627135121304,-0.21965109369232114,-0.2709264586391371
2017_05_SEA_LA,SEA,-0.21965109369232114,-0.2709264586391371,5.221566718977851,-0.0944479523422946,-0.4126271398826724
2017_05_SF_IND,IND,-0.012471523705042308,0.04922461300039802,6.643500653180209,0.35423004894177607,-0.4167243437639073
2017_05_SF_IND,SF,0.35423004894177607,-0.4167243437639073,-1.3546646303600736,-0.012471523705042308,0.04922461300039802
2017_05_TEN_MIA,MIA,-0.4226486277234021,-0.3319661518225671,-16.979584441735195,-0.42962558831346725,-0.37834241294185633
2017_05_TEN_MIA,TEN,-0.42962558831346725,-0.37834241294185633,4.79543843576985,-0.4226486277234021,-0.3319661518225671
2017_06_CHI_BAL,BAL,-0.684333452933822,0.04126323224045336,-7.9449252384464915,0.10945075559279759,-0.22109200945195426
2017_06_CHI_BAL,CHI,0.10945075559279759,-0.22109200945195426,-2.5179036892950535,-0.684333452933822,0.04126323224045336
2017_06_CLE_HOU,CLE,-0.45996992338684933,0.07918746971929642,-9.940068506532246,0.006023646828597606,-0.13893660899221658
2017_06_CLE_HOU,HOU,0.006023646828597606,-0.13893660899221658,-7.718365665139823,-0.45996992338684933,0.07918746971929642
2017_06_DET_NO,DET,-0.3436300474210974,-0.36363021668482676,-17.94248714166529,-0.4018283723460033,0.0362191552696272
2017_06_DET_NO,NO,-0.4018283723460033,0.0362191552696272,-3.3263102173805237,-0.3436300474210974,-0.36363021668482676
2017_06_GB_MIN,GB,-0.357877385368943,-0.3876201162271647,-7.797427193538563,0.046303618025340915,-0.4363384555101455
2017_06_GB_MIN,MIN,0.046303618025340915,-0.4363384555101455,0.30533592734071946,-0.357877385368943,-0.3876201162271647
2017_06_IND_TEN,IND,-0.11138795582493033,-0.017103590776969213,-7.645748638444477,0.15565004919813158,0.1057861306680226
2017_06_IND_TEN,TEN,0.15565004919813158,0.1057861306680226,8.918363926932216,-0.11138795582493033,-0.017103590776969213
2017_06_LAC_OAK,LAC,0.07929510679956762,-0.04223564045969397,5.864211337433921,-0.217658371424577,0.019818102999124676
2017_06_LAC_OAK,LV,-0.217658371424577,0.019818102999124676,1.3040074706077576,0.07929510679956762,-0.04223564045969397
2017_06_LA_JAX,JAX,-0.17827322138289148,0.04078951556701213,-3.953505754470825,-0.325757089954383,-0.07624396367919657
2017_06_LA_JAX,LA,-0.325757089954383,-0.07624396367919657,-8.461807313419524,-0.17827322138289148,0.04078951556701213
2017_06_MIA_ATL,ATL,0.12702558342868464,-0.17770856923125172,1.9211581524680643,0.162064832674563,-0.042126792465569454
2017_06_MIA_ATL,MIA,0.162064832674563,-0.042126792465569454,-8.709772247256655,0.12702558342868464,-0.17770856923125172
2017_06_NE_NYJ,NE,0.3221625074159095,-0.13465758043179302,-4.6894089956032605,0.0934558292375229,-0.22909054812875443
2017_06_NE_NYJ,NYJ,0.0934558292375229,-0.22909054812875443,8.227320777045357,0.3221625074159095,-0.13465758043179302
2017_06_NYG_DEN,DEN,-0.12350201733933888,-0.44737788952625124,-6.0962318249468535,0.03855367492081394,-0.11627376784000316
2017_06_NYG_DEN,NYG,0.03855367492081394,-0.11627376784000316,-12.845461933236374,-0.12350201733933888,-0.44737788952625124
2017_06_PHI_CAR,CAR,-0.12145178655932162,-0.1830242228316972,-9.164218088755241,-0.049424977792563746,0.02879321165832031
2017_06_PHI_CAR,PHI,-0.049424977792563746,0.02879321165832031,-5.722931623458862,-0.12145178655932162,-0.1830242228316972
2017_06_PIT_KC,KC,-0.01983267594954025,-0.5835855206510482,-1.1862677987664938,0.1535551212106052,0.2146120260502877
2017_06_PIT_KC,PIT,0.1535551212106052,0.2146120260502877,9.450724969307581,-0.01983267594954025,-0.5835855206510482
2017_06_SF_WAS,SF,0.02891583152403527,0.16790431743414191,-8.822529113039057,0.34239274701194994,-0.3668759743985344
2017_06_SF_WAS,WAS,0.34239274701194994,-0.3668759743985344,5.144947436120775,0.02891583152403527,0.16790431743414191
2017_06_TB_ARI,ARI,0.19019070418597941,-0.07687548451499562,20.024133134971965,0.15664725994563436,-0.1972007515377232
2017_06_TB_ARI,TB,0.15664725994563436,-0.1972007515377232,6.261580756732395,0.19019070418597941,-0.07687548451499562
2017_07_ARI_LA,ARI,-0.41868525970965675,-0.30346311014503813,-15.175538416951895,0.10011494728489514,0.24785468640038744
2017_07_ARI_LA,LA,0.10011494728489514,0.24785468640038744,-4.867075423936586,-0.41868525970965675,-0.30346311014503813
2017_07_ATL_NE,ATL,0.1922361135376515,-0.19070764658681583,7.007870529637192,0.4719247302158553,-0.05022281545133536
2017_07_ATL_NE,NE,0.4719247302158553,-0.05022281545133536,5.386277313890128,0.1922361135376515,-0.19070764658681583
2017_07_BAL_MIN,BAL,-0.08007073135648457,-0.23743406342546222,-1.450951588459504,0.028376824133771864,-0.12258390725206096
2017_07_BAL_MIN,MIN,0.028376824133771864,-0.12258390725206096,-3.754631453944791,-0.08007073135648457,-0.23743406342546222
2017_07_CAR_CHI,CAR,-0.2681823916705292,-0.6838283447745758,0.7633042686125812,-0.31852155365296475,-0.3677401657863857
2017_07_CAR_CHI,CHI,-0.31852155365296475,-0.3677401657863857,-1.465820414679391,-0.2681823916705292,-0.6838283447745758
2017_07_CIN_PIT,CIN,-0.2780434250016697,0.006277735382484805,-3.6799169819930504,0.514371343528898,-0.1953088269284257
2017_07_CIN_PIT,PIT,0.514371343528898,-0.1953088269284257,5.539269208908081,-0.2780434250016697,0.006277735382484805
2017_07_DAL_SF,DAL,0.3625097107578803,0.328341205950781,-3.595789825474774,-0.3719934490504586,0.1628211532442947
2017_07_DAL_SF,SF,-0.3719934490504586,0.1628211532442947,-6.804020904205941,0.3625097107578803,0.328341205950781
2017_07_DEN_LAC,DEN,-0.4351805490515928,-0.17188112191198504,3.7428903579711914,0.12349079219969891,-0.3473037199087062
2017_07_DEN_LAC,LAC,0.12349079219969891,-0.3473037199087062,-9.696834683418274,-0.4351805490515928,-0.17188112191198504
2017_07_JAX_IND,IND,-0.27985500322778106,-0.36706964522454655,-8.233206699023375,0.5891164915334286,-0.09861481033860603
2017_07_JAX_IND,JAX,0.5891164915334286,-0.09861481033860603,7.069345149728987,-0.27985500322778106,-0.36706964522454655
2017_07_KC_OAK,KC,0.5945411904786482,-0.1202517243315621,6.0217401219738855,0.4230914761845439,-0.14368983263626606
2017_07_KC_OAK,LV,0.4230914761845439,-0.14368983263626606,-3.9730500143307905,0.5945411904786482,-0.1202517243315621
2017_07_NO_GB,GB,0.011952453880511993,0.16763725482054392,-16.752005696296692,0.36564983953941116,0.07311731735364232
2017_07_NO_GB,NO,0.36564983953941116,0.07311731735364232,4.172628804257042,0.011952453880511993,0.16763725482054392
2017_07_NYJ_MIA,MIA,0.1814705357746393,-0.33189500649873704,10.873907638920677,0.13355766317363305,-0.13423093248528187
2017_07_NYJ_MIA,NYJ,0.13355766317363305,-0.13423093248528187,-1.404979137273935,0.1814705357746393,-0.33189500649873704
2017_07_SEA_NYG,NYG,-0.3682610278795055,-0.07206724064684857,-14.45628749696832,0.31172959898827307,-0.36039340671188
2017_07_SEA_NYG,SEA,0.31172959898827307,-0.36039340671188,12.782798626938382,-0.3682610278795055,-0.07206724064684857
2017_07_TB_BUF,BUF,0.35088670158212654,-0.13281289353900125,4.980864282697439,0.3283309413664194,-0.3065339576793261
2017_07_TB_BUF,TB,0.3283309413664194,-0.3065339576793261,11.44739758561958,0.35088670158212654,-0.13281289353900125
2017_07_TEN_CLE,CLE,-0.25114358881483406,-0.2752749539616231,-4.758933225744649,-0.027058638925330974,-0.3200014683328963
2017_07_TEN_CLE,TEN,-0.027058638925330974,-0.3200014683328963,0.9656238205292645,-0.25114358881483406,-0.2752749539616231
2017_07_WAS_PHI,PHI,0.5045456678554776,-0.22498059453205205,11.65773069858551,0.12293568313333884,-0.11510574781095784
2017_07_WAS_PHI,WAS,0.12293568313333884,-0.11510574781095784,11.83836355805397,0.5045456678554776,-0.22498059453205205
2017_08_ATL_NYJ,ATL,0.3691428344012121,-0.44331308743357656,8.2162504946744,0.18415026841858792,-0.4410829466069117
2017_08_ATL_NYJ,NYJ,0.18415026841858792,-0.4410829466069117,15.012106532230973,0.3691428344012121,-0.44331308743357656
2017_08_CAR_TB,CAR,-0.0983791883132025,-0.11521867893420026,-0.9610241154829661,-0.40404519936883326,-0.11619949503801763
2017_08_CAR_TB,TB,-0.40404519936883326,-0.11619949503801763,-4.396421048376295,-0.0983791883132025,-0.11521867893420026
2017_08_CHI_NO,CHI,-0.15851663950503497,-0.09791019310118984,-17.484457325190306,0.13247094908814505,-0.3484407572694762
2017_08_CHI_NO,NO,0.13247094908814505,-0.3484407572694762,12.193024048098811,-0.15851663950503497,-0.09791019310118984
2017_08_DAL_WAS,DAL,-0.0017657828874222878,0.008133862137765391,-1.0739701038057154,-0.05789322997089866,-0.2204949092003517
2017_08_DAL_WAS,WAS,-0.05789322997089866,-0.2204949092003517,-1.884505916864444,-0.0017657828874222878,0.008133862137765391
2017_08_DEN_KC,DEN,-0.21637926395205137,-0.1188240742515612,-10.372141334745619,-0.20659840791604198,-0.30915300181368366
2017_08_DEN_KC,KC,-0.20659840791604198,-0.30915300181368366,-10.214364014822861,-0.21637926395205137,-0.1188240742515612
2017_08_HOU_SEA,HOU,0.3924488220612209,-0.09462084342357552,9.226539383331934,0.42338738186959096,-0.5670028240317205
2017_08_HOU_SEA,SEA,0.42338738186959096,-0.5670028240317205,14.657526443133483,0.3924488220612209,-0.09462084342357552
2017_08_IND_CIN,CIN,0.16397442428604866,-0.2955227008879822,-2.4241057889802113,-0.12027603637586935,0.03738924020823712
2017_08_IND_CIN,IND,-0.12027603637586935,0.03738924020823712,-0.5036159565574244,0.16397442428604866,-0.2955227008879822
2017_08_LAC_NE,LAC,0.04067730987666033,0.27200049926787395,-0.23513909043936893,0.21698662531037421,-0.2036843239174736
2017_08_LAC_NE,NE,0.21698662531037421,-0.2036843239174736,2.3736414440134737,0.04067730987666033,0.27200049926787395
2017_08_MIA_BAL,BAL,0.029217526505514915,0.08079620261821013,-5.595856621151879,-0.6694695772855895,-0.22490323617699018
2017_08_MIA_BAL,MIA,-0.6694695772855895,-0.22490323617699018,-10.349046506664969,0.029217526505514915,0.08079620261821013
2017_08_MIN_CLE,CLE,-0.31587886611292076,0.12865519282204332,-10.379329849691953,0.22517412465408143,-0.17116298870002508
2017_08_MIN_CLE,MIN,0.22517412465408143,-0.17116298870002508,-1.432587518248447,-0.31587886611292076,0.12865519282204332
2017_08_OAK_BUF,BUF,0.1337970442823241,-0.022911984838881634,12.30292640350483,-0.13920777866966091,-0.03342088483041152
2017_08_OAK_BUF,LV,-0.13920777866966091,-0.03342088483041152,-3.667616175145519,0.1337970442823241,-0.022911984838881634
2017_08_PIT_DET,DET,0.07715702092624899,-0.4539423000427444,-2.5358047087987265,0.3793038556133322,-0.3638276554217252
2017_08_PIT_DET,PIT,0.3793038556133322,-0.3638276554217252,-1.3215846111697536,0.07715702092624899,-0.4539423000427444
2017_08_SF_PHI,PHI,-0.013391860626978742,-0.026218861596385853,-5.1131051033735275,-0.29724363126864767,-0.3927452365904556
2017_08_SF_PHI,SF,-0.29724363126864767,-0.3927452365904556,-15.47484513786104,-0.013391860626978742,-0.026218861596385853
2017_09_ARI_SF,ARI,0.13387446549674104,-0.21261184278442047,-1.3043728368035679,-0.3983520064393597,-0.029499185368573915
2017_09_ARI_SF,SF,-0.3983520064393597,-0.029499185368573915,-15.964018305142721,0.13387446549674104,-0.21261184278442047
2017_09_ATL_CAR,ATL,-0.05541512274957724,-0.3901391794012549,5.332185489100379,0.00013114056358923935,-0.18936951202097893
2017_09_ATL_CAR,CAR,0.00013114056358923935,-0.18936951202097893,-5.334243437518245,-0.05541512274957724,-0.3901391794012549
2017_09_BAL_TEN,BAL,0.08617231821454505,-0.3186973326955922,1.7555473515620599,0.01121755825484934,-0.1323194053900232
2017_09_BAL_TEN,TEN,0.01121755825484934,-0.1323194053900232,9.459346532821655,0.08617231821454505,-0.3186973326955922
2017_09_BUF_NYJ,BUF,-0.06085848808658987,-0.37463834910449806,9.089787118136883,0.37017778653186784,-0.01299308486286153
2017_09_BUF_NYJ,NYJ,0.37017778653186784,-0.01299308486286153,3.4496349096298218,-0.06085848808658987,-0.37463834910449806
2017_09_CIN_JAX,CIN,-0.20899950871931983,-0.19352221431521077,-4.0750074035981125,0.38231849236328685,-0.1406276802952095
2017_09_CIN_JAX,JAX,0.38231849236328685,-0.1406276802952095,1.1295366126137811,-0.20899950871931983,-0.19352221431521077
2017_09_DEN_PHI,DEN,-0.1796350562056153,-0.31148705577255564,-10.41222524804038,0.42280222302167053,-0.022490501303192495
2017_09_DEN_PHI,PHI,0.42280222302167053,-0.022490501303192495,-1.924081998211997,-0.1796350562056153,-0.31148705577255564
2017_09_DET_GB,DET,0.9802452501874515,-0.4976641048443927,14.72400702310331,-0.15156934454457097,0.35628943078336306
2017_09_DET_GB,GB,-0.15156934454457097,0.35628943078336306,-0.1727052425083361,0.9802452501874515,-0.4976641048443927
2017_09_IND_HOU,HOU,-0.16597300423614988,-0.027243256926092065,-15.782470730218021,0.059583574503994256,-0.10813173224988322
2017_09_IND_HOU,IND,0.059583574503994256,-0.10813173224988322,-0.6498879194259644,-0.16597300423614988,-0.027243256926092065
2017_09_KC_DAL,DAL,0.40467538810672093,-0.024438421713621837,3.7335609236071186,0.08143770607477806,-0.018159604813263286
2017_09_KC_DAL,KC,0.08143770607477806,-0.018159604813263286,6.114010919224132,0.40467538810672093,-0.024438421713621837
2017_09_LA_NYG,LA,1.0044103280303047,-0.01159614804709457,1.410006731748581,-0.031196466060287233,-0.2367059750924818
2017_09_LA_NYG,NYG,-0.031196466060287233,-0.2367059750924818,-12.152672911945142,1.0044103280303047,-0.01159614804709457
2017_09_OAK_MIA,LV,0.36917485362864527,-0.07696740613251817,13.356545361979254,0.2406996342071966,-0.41428944223827086
2017_09_OAK_MIA,MIA,0.2406996342071966,-0.41428944223827086,14.006316916244787,0.36917485362864527,-0.07696740613251817
2017_09_TB_NO,NO,0.4282139875319756,-0.09107235741881274,11.377810548852992,-0.31236340165801113,-0.027807652643373745
2017_09_TB_NO,TB,-0.31236340165801113,-0.027807652643373745,-11.721368078832272,0.4282139875319756,-0.09107235741881274
2017_09_WAS_SEA,SEA,-0.0726958726068038,-0.09137901001875955,-1.80130248389593,0.037212862870030575,-0.4776981888013931
2017_09_WAS_SEA,WAS,0.037212862870030575,-0.4776981888013931,5.585014820098877,-0.0726958726068038,-0.09137901001875955
2017_10_CIN_TEN,CIN,-0.05682403365515072,-0.42799913792987354,-6.6985003211919,-0.06527313111698299,0.008882397248217946
2017_10_CIN_TEN,TEN,-0.06527313111698299,0.008882397248217946,-6.212205913933841,-0.05682403365515072,-0.42799913792987354
2017_10_CLE_DET,CLE,-0.17150912125066636,0.12027948385843172,-3.0832306314737368,0.1660001863246726,-0.13787802259492524
2017_10_CLE_DET,DET,0.1660001863246726,-0.13787802259492524,-0.7004680633544922,-0.17150912125066636,0.12027948385843172
2017_10_DAL_ATL,ATL,0.39572090223297984,-0.19537767736063175,14.241762778588704,-0.22337040628897703,-0.1468918232130818
2017_10_DAL_ATL,DAL,-0.22337040628897703,-0.1468918232130818,1.26163383324941,0.39572090223297984,-0.19537767736063175
2017_10_GB_CHI,CHI,-0.05034552123587016,-0.29691964359708917,-4.405689239501953,0.3332964638413027,0.0018504778397621738
2017_10_GB_CHI,GB,0.3332964638413027,0.0018504778397621738,13.585013647874197,-0.05034552123587016,-0.29691964359708917
2017_10_HOU_LA,HOU,-0.3226317911493967,-0.22943051247178423,-8.020770720073156,0.1632720675844658,-0.0841283926830246
2017_10_HOU_LA,LA,0.1632720675844658,-0.0841283926830246,5.028785020112991,-0.3226317911493967,-0.22943051247178423
2017_10_LAC_JAX,JAX,-0.11007128159879083,-0.1151370554883033,-8.753786951887841,0.020486990209468932,-0.3014445572565631
2017_10_LAC_JAX,LAC,0.020486990209468932,-0.3014445572565631,-6.352822317017449,-0.11007128159879083,-0.1151370554883033
2017_10_MIA_CAR,CAR,0.548065346600846,0.3938271595047006,-1.4090275764465332,0.1370633359049232,-0.09174931790403207
2017_10_MIA_CAR,MIA,0.1370633359049232,-0.09174931790403207,-3.0290134049750663,0.548065346600846,0.3938271595047006
2017_10_MIN_WAS,MIN,0.4957078848090115,-0.044212078383585825,11.121217032958722,0.09761888516743163,-0.07371710632175493
2017_10_MIN_WAS,WAS,0.09761888516743163,-0.07371710632175493,-4.014721579021877,0.4957078848090115,-0.044212078383585825
2017_10_NE_DEN,DEN,0.022193903762630012,-0.046147846573148854,-7.878153026103973,0.3519536284321313,-0.06725573085722955
2017_10_NE_DEN,NE,0.3519536284321313,-0.06725573085722955,15.27738015393953,0.022193903762630012,-0.046147846573148854
2017_10_NO_BUF,BUF,-0.33686354530149804,-0.3252770626792111,-4.826115678857874,0.32276360552358485,0.4331294896511825
2017_10_NO_BUF,NO,0.32276360552358485,0.4331294896511825,6.031060607536979,-0.33686354530149804,-0.3252770626792111
2017_10_NYG_SF,NYG,0.23201057756385401,-0.019132203800249846,13.72457476886543,0.5890024470706795,-0.04778585606431024
2017_10_NYG_SF,SF,0.5890024470706795,-0.04778585606431024,10.300700306892395,0.23201057756385401,-0.019132203800249846
2017_10_NYJ_TB,NYJ,-0.1393234083382898,-0.3878766554936666,-0.3695837962321746,0.025194894884470236,-0.2930516373115411
2017_10_NYJ_TB,TB,0.025194894884470236,-0.2930516373115411,-9.061886808451485,-0.1393234083382898,-0.3878766554936666
2017_10_PIT_IND,IND,-0.001853328675047842,-0.23916409842031836,-4.156431426172671,0.1640203239075204,-0.17675842922585522
2017_10_PIT_IND,PIT,0.1640203239075204,-0.17675842922585522,1.1483535170555115,-0.001853328675047842,-0.23916409842031836
2017_10_SEA_ARI,ARI,0.09543617608864279,-0.6206528238658591,-9.816225729090101,0.0805924100252544,-0.2954137836146401
2017_10_SEA_ARI,SEA,0.0805924100252544,-0.2954137836146401,6.27211461464564,0.09543617608864279,-0.6206528238658591
2017_11_ARI_HOU,ARI,0.040116553965007615,-0.6051926981274258,-1.562175592955421,0.05015823930964217,-0.006435336404882202
2017_11_ARI_HOU,HOU,0.05015823930964217,-0.006435336404882202,9.382859524339437,0.040116553965007615,-0.6051926981274258
2017_11_ATL_SEA,ATL,0.5811960856034809,-0.20207228994112109,9.46387830707762,-0.0006593743842182626,-0.0014590701406739432
2017_11_ATL_SEA,SEA,-0.0006593743842182626,-0.0014590701406739432,4.492354691028595,0.5811960856034809,-0.20207228994112109
2017_11_BAL_GB,BAL,-0.17380421874110166,-0.1930560258808127,14.412332006863185,-0.5736203986218796,-0.48991281705358153
2017_11_BAL_GB,GB,-0.5736203986218796,-0.48991281705358153,-1.5331520353044783,-0.17380421874110166,-0.1930560258808127
2017_11_BUF_LAC,BUF,-0.44645661747608917,0.2612961503022927,-3.826803962389628,0.35421838018313884,0.09646766678361018
2017_11_BUF_LAC,LAC,0.35421838018313884,0.09646766678361018,11.092913192179468,-0.44645661747608917,0.2612961503022927
2017_11_CIN_DEN,CIN,0.2469877967879915,-0.3544305747830852,-0.9072046726942062,-0.14553036815667544,-0.2581431068510057
2017_11_CIN_DEN,DEN,-0.14553036815667544,-0.2581431068510057,-6.244761347770691,0.2469877967879915,-0.3544305747830852
2017_11_DET_CHI,CHI,0.13544606794961603,0.027371202841875077,-4.626948734124501,0.27674310709370725,-0.1640490276774432
2017_11_DET_CHI,DET,0.27674310709370725,-0.1640490276774432,11.336965810868048,0.13544606794961603,0.027371202841875077
2017_11_JAX_CLE,CLE,-0.7973857005126774,-0.1899959173829605,-9.638143162573538,-0.16734749368521798,-0.24019759215378214
2017_11_JAX_CLE,JAX,-0.16734749368521798,-0.24019759215378214,-4.056586273785295,-0.7973857005126774,-0.1899959173829605
2017_11_KC_NYG,KC,-0.18703528382182727,-0.06286311585706873,1.946317079739693,-0.04536590103012163,-0.10098023020157901
2017_11_KC_NYG,NYG,-0.04536590103012163,-0.10098023020157901,-14.571268686226436,-0.18703528382182727,-0.06286311585706873
2017_11_LA_MIN,LA,-0.10246917351503812,-0.24376740289541582,-1.5086947215927973,0.3641448685326772,0.010594232766089217
2017_11_LA_MIN,MIN,0.3641448685326772,0.010594232766089217,2.3048127168103267,-0.10246917351503812,-0.24376740289541582
2017_11_NE_OAK,LV,-0.08909457922558177,0.15600284704677983,-2.6368327286778666,0.5297670100646883,-0.018512970329971894
2017_11_NE_OAK,NE,0.5297670100646883,-0.018512970329971894,17.162385744017524,-0.08909457922558177,0.15600284704677983
2017_11_PHI_DAL,DAL,-0.8136169213661332,-0.017368181883984316,-6.052909262718693,0.2679013675049934,0.28068706784349245
2017_11_PHI_DAL,PHI,0.2679013675049934,0.28068706784349245,-3.7241685275848093,-0.8136169213661332,-0.017368181883984316
2017_11_TB_MIA,MIA,0.04505095255819332,-0.41158982867522065,5.405030440953043,0.13673736877620513,-0.28537958955588416
2017_11_TB_MIA,TB,0.13673736877620513,-0.28537958955588416,0.023425370454788208,0.04505095255819332,-0.41158982867522065
2017_11_TEN_PIT,PIT,0.23244539879620327,-0.09633744301733232,9.197661413086784,-0.13538143440914271,-0.10865201237417448
2017_11_TEN_PIT,TEN,-0.13538143440914271,-0.10865201237417448,1.6646954146298496,0.23244539879620327,-0.09633744301733232
2017_11_WAS_NO,NO,0.20718103652323133,0.203964731086258,4.470809176564217,0.42117438427141524,0.04936096944373041
2017_11_WAS_NO,WAS,0.42117438427141524,0.04936096944373041,12.431238293647766,0.20718103652323133,0.203964731086258
2017_12_BUF_KC,BUF,0.11314622731619214,-0.33264302527752665,2.485887552129811,-0.23603076624549452,-0.46329033742658793
2017_12_BUF_KC,KC,-0.23603076624549452,-0.46329033742658793,-3.5371885980878557,0.11314622731619214,-0.33264302527752665
2017_12_CAR_NYJ,CAR,0.06698384881386926,-0.012355811751026393,-14.184315342988286,-0.016311966751291533,-0.18416132722049952
2017_12_CAR_NYJ,NYJ,-0.016311966751291533,-0.18416132722049952,-4.505691203204068,0.06698384881386926,-0.012355811751026393
2017_12_CHI_PHI,CHI,-0.300364342194938,-0.7570101454787489,-9.086924465373158,0.20328872885971025,-0.10785904665785243
2017_12_CHI_PHI,PHI,0.20328872885971025,-0.10785904665785243,1.9461309298490868,-0.300364342194938,-0.7570101454787489
2017_12_CLE_CIN,CIN,0.36083991753408035,0.03394368568842765,6.089335221510667,0.0130081191920685,0.22439859674061433
2017_12_CLE_CIN,CLE,0.0130081191920685,0.22439859674061433,3.6994696656862893,0.36083991753408035,0.03394368568842765
2017_12_DEN_OAK,DEN,-0.10608785512805399,-0.2159029460079702,-1.7643573091310614,0.29094051838936436,-0.14460706467151693
2017_12_DEN_OAK,LV,0.29094051838936436,-0.14460706467151693,11.71453632414341,-0.10608785512805399,-0.2159029460079702
2017_12_GB_PIT,GB,0.402120940582466,-0.04563096864022436,-0.8572324514389038,0.31223265633891695,-0.29331788000788284
2017_12_GB_PIT,PIT,0.31223265633891695,-0.29331788000788284,7.885418004459805,0.402120940582466,-0.04563096864022436
2017_12_HOU_BAL,BAL,-0.09911737360551758,0.07389392503586256,-2.6018629471460977,0.038699271218131895,-0.22774930528920287
2017_12_HOU_BAL,HOU,0.038699271218131895,-0.22774930528920287,-4.375253215029433,-0.09911737360551758,0.07389392503586256
2017_12_JAX_ARI,ARI,-0.046960586260946034,-0.17850100823069134,-6.2760486796095565,-0.11173443133021119,-0.21340822862641123
2017_12_JAX_ARI,JAX,-0.11173443133021119,-0.21340822862641123,-9.816036699339747,-0.046960586260946034,-0.17850100823069134
2017_12_LAC_DAL,DAL,-0.4186011667706565,0.021602538181468844,12.854873418807983,0.9992394701464042,-0.22449026300756517
2017_12_LAC_DAL,LAC,0.9992394701464042,-0.22449026300756517,18.113789775154807,-0.4186011667706565,0.021602538181468844
2017_12_MIA_NE,MIA,-0.13153387425547877,-0.4266022299484843,1.6717906251098171,0.32373128847261384,-0.0802589983556091
2017_12_MIA_NE,NE,0.32373128847261384,-0.0802589983556091,2.6581667363643646,-0.13153387425547877,-0.4266022299484843
2017_12_MIN_DET,DET,0.05272890320603414,-0.5583621857658727,-8.369624274117607,0.525817893845418,-0.12395362685398857
2017_12_MIN_DET,MIN,0.525817893845418,-0.12395362685398857,7.7669259905815125,0.05272890320603414,-0.5583621857658727
2017_12_NO_LA,LA,0.23131959474345953,-0.15806957539329727,3.3967494271522343,-0.04584644438732543,0.27458208865937195
2017_12_NO_LA,NO,-0.04584644438732543,0.27458208865937195,3.926689364016056,0.23131959474345953,-0.15806957539329727
2017_12_NYG_WAS,NYG,-0.576810747210736,-0.09342655801447108,-14.161788614896627,-0.16047951537986052,-0.1360462300498668
2017_12_NYG_WAS,WAS,-0.16047951537986052,-0.1360462300498668,-4.1755592823028564,-0.576810747210736,-0.09342655801447108
2017_12_SEA_SF,SEA,0.2178374935140871,-0.1884510914015118,3.84624157891129,-0.24286834134834215,-0.12798302479892631
2017_12_SEA_SF,SF,-0.24286834134834215,-0.12798302479892631,2.992571968781321,0.2178374935140871,-0.1884510914015118
2017_12_TB_ATL,ATL,0.6002623774909699,-0.1266809895958951,15.855339038021425,0.11617629579790588,-0.00810415890910441
2017_12_TB_ATL,TB,0.11617629579790588,-0.00810415890910441,-1.4265386895699934,0.6002623774909699,-0.1266809895958951
2017_12_TEN_IND,IND,-0.09586934801587929,-0.3214103103863359,-5.134113960795933,-0.0402695606550943,0.017277781864524715
2017_12_TEN_IND,TEN,-0.0402695606550943,0.017277781864524715,2.569018304347992,-0.09586934801587929,-0.3214103103863359
2017_13_CAR_NO,CAR,-0.008835714513347862,-0.08803429620041113,-7.902283860104425,0.03307838584269596,0.2523512913560686
2017_13_CAR_NO,NO,0.03307838584269596,0.2523512913560686,6.005889177322388,-0.008835714513347862,-0.08803429620041113
2017_13_CLE_LAC,CLE,0.06963781462984867,-0.21211861236397886,-8.267292566597462,0.31652770097079325,-0.1716859254393848
2017_13_CLE_LAC,LAC,0.31652770097079325,-0.1716859254393848,10.97462794115377,0.06963781462984867,-0.21211861236397886
2017_13_DEN_MIA,DEN,-0.5755675290374248,-0.12761747449456545,-16.111537851393223,-0.41030749481241746,-0.19760044644317531
2017_13_DEN_MIA,MIA,-0.41030749481241746,-0.19760044644317531,-3.344321856275201,-0.5755675290374248,-0.12761747449456545
2017_13_DET_BAL,BAL,0.19509463336236155,0.05333716686268767,-0.4813636342684428,0.01780661350753394,-0.2730925040708495
2017_13_DET_BAL,DET,0.01780661350753394,-0.2730925040708495,15.928371732725816,0.19509463336236155,0.05333716686268767
2017_13_HOU_TEN,HOU,0.22649845005960953,-0.2809783713733354,3.5984495965143046,0.22093593317633886,0.348140280150057
2017_13_HOU_TEN,TEN,0.22093593317633886,0.348140280150057,7.244612063680377,0.22649845005960953,-0.2809783713733354
2017_13_IND_JAX,IND,-0.12175949358647706,0.03149129681299779,-4.699092752793256,0.5470362390934829,-0.22630127685843035
2017_13_IND_JAX,JAX,0.5470362390934829,-0.22630127685843035,12.170011656624931,-0.12175949358647706,0.03149129681299779
2017_13_KC_NYJ,KC,0.60577456001577,-0.02881915187172126,0.6289126351475716,0.604222339640952,-0.08121069242012163
2017_13_KC_NYJ,NYJ,0.604222339640952,-0.08121069242012163,15.835067542160258,0.60577456001577,-0.02881915187172126
2017_13_LA_ARI,ARI,-0.39977425888035256,0.09443369111831998,-4.664932657033205,0.13405507775836548,-0.24381654194776295
2017_13_LA_ARI,LA,0.13405507775836548,-0.24381654194776295,-0.6584129987224456,-0.39977425888035256,0.09443369111831998
2017_13_MIN_ATL,ATL,-0.002329276019749818,-0.1425402549265255,-10.015777370025372,0.15720211094423361,-0.09631151073523958
2017_13_MIN_ATL,MIN,0.15720211094423361,-0.09631151073523958,11.850885252157846,-0.002329276019749818,-0.1425402549265255
2017_13_NE_BUF,BUF,-0.4761028899467833,0.24195855846416883,-16.599775061887854,0.3364526079504777,0.11483318402118717
2017_13_NE_BUF,NE,0.3364526079504777,0.11483318402118717,5.289278626441956,-0.4761028899467833,0.24195855846416883
2017_13_NYG_OAK,LV,0.1900962669858525,-0.3095667025793643,-3.122197304453169,-0.17820502306315353,-0.15113347386553264
2017_13_NYG_OAK,NYG,-0.17820502306315353,-0.15113347386553264,-2.915388887578791,0.1900962669858525,-0.3095667025793643
2017_13_PHI_SEA,PHI,0.07276176572446566,-0.25421933230478316,6.072707871596019,0.31556929037413706,-0.1030750980685616
2017_13_PHI_SEA,SEA,0.31556929037413706,-0.1030750980685616,10.366381428859851,0.07276176572446566,-0.25421933230478316
2017_13_PIT_CIN,CIN,0.10345050608642722,0.07859697251600058,-2.836181265967233,0.171379469115611,0.1680863808591808
2017_13_PIT_CIN,PIT,0.171379469115611,0.1680863808591808,-1.222984902560711,0.10345050608642722,0.07859697251600058
2017_13_SF_CHI,CHI,0.0072810476773329785,-0.29504313096549595,7.604246139526367,0.28853856144958023,-0.18578632840859322
2017_13_SF_CHI,SF,0.28853856144958023,-0.18578632840859322,4.815040085766767,0.0072810476773329785,-0.29504313096549595
2017_13_TB_GB,GB,-0.28064666273875594,0.342373283226043,-5.195265872911974,-0.027062030538109075,0.00732292660574769
2017_13_TB_GB,TB,-0.027062030538109075,0.00732292660574769,6.6438093315809965,-0.28064666273875594,0.342373283226043
2017_13_WAS_DAL,DAL,0.0985318971984372,0.06497882095266648,-11.111865802244706,-0.12645376168278066,-0.20622785381890615
2017_13_WAS_DAL,WAS,-0.12645376168278066,-0.20622785381890615,4.330449220207003,0.0985318971984372,0.06497882095266648
2017_14_BAL_PIT,BAL,0.3412732606503186,0.4144992140018775,-4.639222078463611,0.2961624727821949,0.05941896182140044
2017_14_BAL_PIT,PIT,0.2961624727821949,0.05941896182140044,5.9132729191333055,0.3412732606503186,0.4144992140018775
2017_14_CHI_CIN,CHI,0.3288398845010914,0.1895555670505289,14.5234408878511,-0.4095112425615875,0.07619109621737152
2017_14_CHI_CIN,CIN,-0.4095112425615875,0.07619109621737152,-11.466924349466959,0.3288398845010914,0.1895555670505289
2017_14_DAL_NYG,DAL,0.548358571600096,0.03474440939205054,1.8053481976191204,-0.18247276890968428,0.008633492271077226
2017_14_DAL_NYG,NYG,-0.18247276890968428,0.008633492271077226,-0.4254045693770699,0.548358571600096,0.03474440939205054
2017_14_DET_TB,DET,0.21282733013444788,-0.3078446082010201,12.965942953120578,-0.006597252704853996,-0.023436427291017026
2017_14_DET_TB,TB,-0.006597252704853996,-0.023436427291017026,7.806120208791785,0.21282733013444788,-0.3078446082010201
2017_14_GB_CLE,CLE,0.25313853753687,-4.3610832653939725e-05,13.33776552762304,0.30510561240404266,-0.050988662933535954
2017_14_GB_CLE,GB,0.30510561240404266,-0.050988662933535954,8.17622383651526,0.25313853753687,-4.3610832653939725e-05
2017_14_IND_BUF,BUF,-0.26998237379302736,-0.13854049099851787,-17.24858773606164,-0.12789595300833193,-0.14664419657585667
2017_14_IND_BUF,IND,-0.12789595300833193,-0.14664419657585667,-6.453022658824921,-0.26998237379302736,-0.13854049099851787
2017_14_MIN_CAR,CAR,-0.09107958472170005,0.21241019220398016,-4.731334681096285,-0.07272632237984492,-0.14543856499585672
2017_14_MIN_CAR,MIN,-0.07272632237984492,-0.14543856499585672,0.7172925527705702,-0.09107958472170005,0.21241019220398016
2017_14_NE_MIA,MIA,0.13209467888636653,-0.09094121848465875,8.625181983498965,-0.08413963008171421,-0.21342952093691564
2017_14_NE_MIA,NE,-0.08413963008171421,-0.21342952093691564,-4.202177139317117,0.13209467888636653,-0.09094121848465875
2017_14_NO_ATL,ATL,0.009697370363978917,-0.030872727344912063,-4.64286086735902,0.037316565263251625,-0.004476106585934758
2017_14_NO_ATL,NO,0.037316565263251625,-0.004476106585934758,6.1703139543533325,0.009697370363978917,-0.030872727344912063
2017_14_NYJ_DEN,DEN,0.15410397304392756,-0.2531882753746686,7.699398057801383,-0.7176215951371103,-0.2263175931002479
2017_14_NYJ_DEN,NYJ,-0.7176215951371103,-0.2263175931002479,-25.027830402056377,0.15410397304392756,-0.2531882753746686
2017_14_OAK_KC,KC,0.057643426007408696,0.0493651490279233,-2.908308102804072,-0.2232261813778468,0.1347885015323603
2017_14_OAK_KC,LV,-0.2232261813778468,0.1347885015323603,-4.083861374273533,0.057643426007408696,0.0493651490279233
2017_14_PHI_LA,LA,-0.1556295077682608,0.290910209329013,1.0983469486236572,0.29856226020212545,-0.10527284638702329
2017_14_PHI_LA,PHI,0.29856226020212545,-0.10527284638702329,-1.8091967292860442,-0.1556295077682608,0.290910209329013
2017_14_SEA_JAX,JAX,0.3786287850389089,0.015518642142780426,1.7036891645855374,-0.008591169961697176,0.03514032208741727
2017_14_SEA_JAX,SEA,-0.008591169961697176,0.03514032208741727,2.915837898336608,0.3786287850389089,0.015518642142780426
2017_14_SF_HOU,HOU,-0.056090472734778775,-0.31787073433155283,-6.100356901014173,0.3459837215213854,-0.3035188766539983
2017_14_SF_HOU,SF,0.3459837215213854,-0.3035188766539983,5.330920731648803,-0.056090472734778775,-0.31787073433155283
2017_14_TEN_ARI,ARI,-0.1968739550604408,-0.13095763971836416,-1.5067578508303716,-0.38203307269008957,-0.26426017330453283
2017_14_TEN_ARI,TEN,-0.38203307269008957,-0.26426017330453283,-9.492479697350532,-0.1968739550604408,-0.13095763971836416
2017_14_WAS_LAC,LAC,-0.05408749873694932,0.012332073441939428,-5.27190171620425,-0.31041628597754867,-0.314151150551257
2017_14_WAS_LAC,WAS,-0.31041628597754867,-0.314151150551257,-5.66721326775021,-0.05408749873694932,0.012332073441939428
2017_15_ARI_WAS,ARI,-0.3887844329914209,0.004131191626055947,-19.409595504403114,-0.008841195016885805,-0.34643477664212696
2017_15_ARI_WAS,WAS,-0.008841195016885805,-0.34643477664212696,5.292116220180805,-0.3887844329914209,0.004131191626055947
2017_15_ATL_TB,ATL,0.20951660492942964,0.2413117900650832,-1.4005355040232341,0.36845910951351035,-0.3305656590731815
2017_15_ATL_TB,TB,0.36845910951351035,-0.3305656590731815,20.955940810116854,0.20951660492942964,0.2413117900650832
2017_15_BAL_CLE,BAL,0.10269840123777417,-0.06088534126756713,0.8556317715417772,-0.4394296278506893,-0.039683374227024615
2017_15_BAL_CLE,CLE,-0.4394296278506893,-0.039683374227024615,-7.399999048258807,0.10269840123777417,-0.06088534126756713
2017_15_CHI_DET,CHI,-0.0892567444135364,-0.1480846363804577,-4.08337239338004,0.08178606463524377,-0.16299512626719662
2017_15_CHI_DET,DET,0.08178606463524377,-0.16299512626719662,3.8682021877982398,-0.0892567444135364,-0.1480846363804577
2017_15_CIN_MIN,CIN,-0.6044130689097074,-0.472636678777053,-18.51435559136527,0.05082914680852365,-0.08130460516774966
2017_15_CIN_MIN,MIN,0.05082914680852365,-0.08130460516774966,8.622260689735413,-0.6044130689097074,-0.472636678777053
2017_15_DAL_OAK,DAL,0.02345974569048756,0.13614782907806694,5.816853432743637,0.16218042988604175,-0.13254096847127325
2017_15_DAL_OAK,LV,0.16218042988604175,-0.13254096847127325,-5.328128918221123,0.02345974569048756,0.13614782907806694
2017_15_DEN_IND,DEN,0.49457637571796176,-0.029654635343873918,10.548298001289368,-0.03807381057445317,-0.1598294112653307
2017_15_DEN_IND,IND,-0.03807381057445317,-0.1598294112653307,-9.492213172571999,0.49457637571796176,-0.029654635343873918
2017_15_GB_CAR,CAR,0.4445141777533484,-0.15012225849674113,3.776879608631134,-0.0029115110551967385,0.3375684187589546
2017_15_GB_CAR,GB,-0.0029115110551967385,0.3375684187589546,-3.702540314474771,0.4445141777533484,-0.15012225849674113
2017_15_HOU_JAX,HOU,-0.4234786295176794,-0.008646224791716253,-17.4027226608375,0.716178670700419,-0.08289694498671452
2017_15_HOU_JAX,JAX,0.716178670700419,-0.08289694498671452,13.91542164178995,-0.4234786295176794,-0.008646224791716253
2017_15_LAC_KC,KC,0.12097315525796429,0.17547684528981336,5.848951041698456,-0.24359044570398206,0.1848453893193933
2017_15_LAC_KC,LAC,-0.24359044570398206,0.1848453893193933,-4.747702057162921,0.12097315525796429,0.17547684528981336
2017_15_LA_SEA,LA,-0.05512705636033502,0.1299135503826154,-5.224403091098951,-0.575516670161241,-0.3659033187674747
2017_15_LA_SEA,SEA,-0.575516670161241,-0.3659033187674747,-10.693278356834695,-0.05512705636033502,0.1299135503826154
2017_15_MIA_BUF,BUF,0.2101057681396404,-0.0797628556734148,-0.5575752151863915,-0.19436866187317287,0.17406008347461466
2017_15_MIA_BUF,MIA,-0.19436866187317287,0.17406008347461466,-6.426157878369701,0.2101057681396404,-0.0797628556734148
2017_15_NE_PIT,NE,0.259073445924532,0.29714552341850803,2.7766305208206177,0.34143808830811306,-0.08930358620202769
2017_15_NE_PIT,PIT,0.34143808830811306,-0.08930358620202769,11.006537477175394,0.259073445924532,0.29714552341850803
2017_15_NYJ_NO,NO,-0.06186521802722134,0.029656789086935722,1.7999317083093855,-0.11970008166254711,0.013817218218550639
2017_15_NYJ_NO,NYJ,-0.11970008166254711,0.013817218218550639,-13.975825119349691,-0.06186521802722134,0.029656789086935722
2017_15_PHI_NYG,NYG,0.18758138401132174,-0.13720926803374744,-0.6289752428991753,0.32973564138859796,-0.051026544835902035
2017_15_PHI_NYG,PHI,0.32973564138859796,-0.051026544835902035,7.016778636623073,0.18758138401132174,-0.13720926803374744
2017_15_TEN_SF,SF,0.34348594870277516,-0.29855205610122254,11.312274847711835,0.3119981096595656,-0.08008120341732188
2017_15_TEN_SF,TEN,0.3119981096595656,-0.08008120341732188,10.91324957934293,0.34348594870277516,-0.29855205610122254
2017_16_ATL_NO,ATL,0.09677507929687959,-0.859723625233164,-3.1487377200807845,-0.045990016171708704,-0.22461760020312216
2017_16_ATL_NO,NO,-0.045990016171708704,-0.22461760020312216,1.6746476292610168,0.09677507929687959,-0.859723625233164
2017_16_BUF_NE,BUF,-0.0666233377810518,-0.11015631847071962,-6.536385416984558,0.24580616052944088,0.2432900950276056
2017_16_BUF_NE,NE,0.24580616052944088,0.2432900950276056,8.16570296883583,-0.0666233377810518,-0.11015631847071962
2017_16_CLE_CHI,CHI,0.07224352027269025,-0.09127622517449449,-6.978305008100427,-0.47671471599269893,-0.12526516475726998
2017_16_CLE_CHI,CLE,-0.47671471599269893,-0.12526516475726998,-10.63784874147839,0.07224352027269025,-0.09127622517449449
2017_16_DEN_WAS,DEN,-0.46205080767192547,0.18153524341267677,-9.372777954952136,0.2736007047144667,-0.47556105684954675
2017_16_DEN_WAS,WAS,0.2736007047144667,-0.47556105684954675,-6.234600092913653,-0.46205080767192547,0.18153524341267677
2017_16_DET_CIN,CIN,0.06274885151532857,0.06802645695543932,1.1387335509061813,-0.08082999796959409,0.12317460521756272
2017_16_DET_CIN,DET,-0.08082999796959409,0.12317460521756272,-5.880503268802867,0.06274885151532857,0.06802645695543932
2017_16_IND_BAL,BAL,0.2787941917475444,-0.03526534973311105,5.375291328681143,0.2022949442619256,-0.15200321951595464
2017_16_IND_BAL,IND,0.2022949442619256,-0.15200321951595464,-16.45825758124843,0.2787941917475444,-0.03526534973311105
2017_16_JAX_SF,JAX,0.07975238909232239,-0.09559393285822947,-0.7469365298748016,0.3975001612368385,0.11066274189347909
2017_16_JAX_SF,SF,0.3975001612368385,0.11066274189347909,8.998839408159256,0.07975238909232239,-0.09559393285822947
2017_16_LAC_NYJ,LAC,0.20795835055621606,-0.1339945736145901,-5.8329404928745365,-0.30050394196862457,-0.19079110804833127
2017_16_LAC_NYJ,NYJ,-0.30050394196862457,-0.19079110804833127,-10.418895419154849,0.20795835055621606,-0.1339945736145901
2017_16_LA_TEN,LA,0.29969321620329936,-0.24939501447806833,-3.411532311063064,-0.02871250505774621,-0.15112085917644436
2017_16_LA_TEN,TEN,-0.02871250505774621,-0.15112085917644436,-2.533297925382047,0.29969321620329936,-0.24939501447806833
2017_16_MIA_KC,KC,0.34909795694569856,-0.2892836831197201,4.242096841335297,-0.14755992734973833,-0.17642349122238543
2017_16_MIA_KC,MIA,-0.14755992734973833,-0.17642349122238543,-9.385105725881216,0.34909795694569856,-0.2892836831197201
2017_16_MIN_GB,GB,-0.4813117208850986,-0.19297356968163512,-16.01384211331606,0.005768919648913181,-0.09393152021637514
2017_16_MIN_GB,MIN,0.005768919648913181,-0.09393152021637514,-2.0483810901641846,-0.4813117208850986,-0.19297356968163512
2017_16_NYG_ARI,ARI,-0.07377283885338744,-0.2958026973293662,-0.04625855123295503,-0.3911098493229544,-0.5868515667627001
2017_16_NYG_ARI,NYG,-0.3911098493229544,-0.5868515667627001,-6.4523992890661415,-0.07377283885338744,-0.2958026973293662
2017_16_OAK_PHI,LV,-0.5577420119784608,-0.35812527169435915,-11.284190682428223,-0.33197468532566526,-0.40181174202794984
2017_16_OAK_PHI,PHI,-0.33197468532566526,-0.40181174202794984,-11.64194428258472,-0.5577420119784608,-0.35812527169435915
2017_16_PIT_HOU,HOU,-0.6410212053692547,0.08083240460165633,-16.405382938683033,0.4855434091038209,-0.018053491830360143
2017_16_PIT_HOU,PIT,0.4855434091038209,-0.018053491830360143,-1.9994779427846272,-0.6410212053692547,0.08083240460165633
2017_16_SEA_DAL,DAL,-0.325882295853194,-0.037555214950959356,-7.352507289718179,0.09186576536220466,-0.27644778561863437
2017_16_SEA_DAL,SEA,0.09186576536220466,-0.27644778561863437,11.014301776885986,-0.325882295853194,-0.037555214950959356
2017_16_TB_CAR,CAR,-0.21882874828760573,0.1161398522007013,0.7030357535068805,0.2943021087130909,-0.48715248340423306
2017_16_TB_CAR,TB,0.2943021087130909,-0.48715248340423306,23.891429437531364,-0.21882874828760573,0.1161398522007013
2017_17_ARI_SEA,ARI,0.010388303751346514,-0.03695050198246408,-13.433184903679471,-0.013409525140694828,-0.22526488810260642
2017_17_ARI_SEA,SEA,-0.013409525140694828,-0.22526488810260642,-2.1909772285393307,0.010388303751346514,-0.03695050198246408
2017_17_BUF_MIA,BUF,0.35963208992365286,-0.12267104877882376,5.897398017070912,-0.06476435438817632,0.02896455082227476
2017_17_BUF_MIA,MIA,-0.06476435438817632,0.02896455082227476,3.2687756211258643,0.35963208992365286,-0.12267104877882376
2017_17_CAR_ATL,ATL,0.15286087186298172,-0.37531957150994943,-2.401757382211231,-0.32039867100980096,-0.2329292451946198
2017_17_CAR_ATL,CAR,-0.32039867100980096,-0.2329292451946198,-18.46084621819583,0.15286087186298172,-0.37531957150994943
2017_17_CHI_MIN,CHI,-0.4196501189770774,-0.33828414901966297,-9.972401294443342,0.11506958164449506,-0.10736455975954111
2017_17_CHI_MIN,MIN,0.11506958164449506,-0.10736455975954111,6.161864208323615,-0.4196501189770774,-0.33828414901966297
2017_17_CIN_BAL,BAL,-0.3149779906781178,0.05177276727940457,-13.632039820894281,0.11470603566047484,-0.1118886653566733
2017_17_CIN_BAL,CIN,0.11470603566047484,-0.1118886653566733,-8.958975570957834,-0.3149779906781178,0.05177276727940457
2017_17_CLE_PIT,CLE,0.1637433584694772,-0.3110381815958218,-6.881089508533478,-0.03905939111756461,-0.08161714364972862
2017_17_CLE_PIT,PIT,-0.03905939111756461,-0.08161714364972862,18.4272774943599,0.1637433584694772,-0.3110381815958218
2017_17_DAL_PHI,DAL,-0.0044388883791209475,-0.23508237920404618,-3.957177152236303,-0.47204083588298,-0.20468556994132492
2017_17_DAL_PHI,PHI,-0.47204083588298,-0.20468556994132492,0.33202713186090643,-0.0044388883791209475,-0.23508237920404618
2017_17_GB_DET,DET,0.34605643063137825,-0.27376400468416423,3.0461605252890753,-0.27246202089231547,-0.2637493206286588
2017_17_GB_DET,GB,-0.27246202089231547,-0.2637493206286588,-4.186219361520583,0.34605643063137825,-0.27376400468416423
2017_17_HOU_IND,HOU,0.08814011374169828,-0.209792783703261,-1.1472116345944612,0.11401908126417178,-0.00641166775078032
2017_17_HOU_IND,IND,0.11401908126417178,-0.00641166775078032,-4.179711391528447,0.08814011374169828,-0.209792783703261
2017_17_JAX_TEN,JAX,-0.40864389693947917,-0.11773782452413191,-17.437216639518738,-0.008894160189350868,-0.6564618211771761
2017_17_JAX_TEN,TEN,-0.008894160189350868,-0.6564618211771761,-10.029345892724537,-0.40864389693947917,-0.11773782452413191
2017_17_KC_DEN,DEN,-0.10901985553941962,-0.105526080834142,5.959233160941832,0.1921062380284362,-0.2836467180768501
2017_17_KC_DEN,KC,0.1921062380284362,-0.2836467180768501,1.0436793310301644,-0.10901985553941962,-0.105526080834142
2017_17_NO_TB,NO,0.2801494123847611,-0.08851083337665638,7.648808459440867,0.22653618984638904,-0.13816767616420597
2017_17_NO_TB,TB,0.22653618984638904,-0.13816767616420597,-2.7435524463653564,0.2801494123847611,-0.08851083337665638
2017_17_NYJ_NE,NE,0.0437022716037824,-0.049330296072232736,-14.78550930817922,-0.0476386596525579,-0.33744957523756763
2017_17_NYJ_NE,NYJ,-0.0476386596525579,-0.33744957523756763,-11.654307279321882,0.0437022716037824,-0.049330296072232736
2017_17_OAK_LAC,LAC,0.5439153016629592,-0.052719153614749235,12.120690196752548,-0.07331982237773499,-0.2980882874359271
2017_17_OAK_LAC,LV,-0.07331982237773499,-0.2980882874359271,5.737881638385631,0.5439153016629592,-0.052719153614749235
2017_17_SF_LA,LA,-0.3721682686387092,0.024354781492058046,-6.382789944901186,0.2768115636873522,0.052426949505128766
2017_17_SF_LA,SF,0.2768115636873522,0.052426949505128766,-4.597032070159912,-0.3721682686387092,0.024354781492058046
2017_17_WAS_NYG,NYG,-0.4055256781542966,0.16050832637189333,-27.560134338481085,-0.562100105876128,-0.015539779992061941
2017_17_WAS_NYG,WAS,-0.562100105876128,-0.015539779992061941,-15.401662443135235,-0.4055256781542966,0.16050832637189333
2018_01_ATL_PHI,ATL,-0.1698207825544052,-0.32531127451026504,-6.530203269078181,-0.20845864272065726,0.12119214810734485
2018_01_ATL_PHI,PHI,-0.20845864272065726,0.12119214810734485,-10.712069954190936,-0.1698207825544052,-0.32531127451026504
2018_01_BUF_BAL,BAL,0.16719761083185333,-0.0965731781084157,-0.15989107054633064,-0.5618650764019772,-0.7253678506212531
2018_01_BUF_BAL,BUF,-0.5618650764019772,-0.7253678506212531,-26.376404333859682,0.16719761083185333,-0.0965731781084157
2018_01_CHI_GB,CHI,-0.048225455370546684,0.08605658867357609,1.7377138137817383,0.03725639379720255,-0.21811570374890887
2018_01_CHI_GB,GB,0.03725639379720255,-0.21811570374890887,2.17717078824838,-0.048225455370546684,0.08605658867357609
2018_01_CIN_IND,CIN,0.09000774697200678,0.12470357470870526,3.8208620888846263,0.0047089200811091915,-0.32771467556745454
2018_01_CIN_IND,IND,0.0047089200811091915,-0.32771467556745454,3.1513434190016527,0.09000774697200678,0.12470357470870526
2018_01_DAL_CAR,CAR,-0.1159552095375736,-0.012287629689183089,-0.23475265502929688,-0.18110313550433124,-0.04335759387819685
2018_01_DAL_CAR,DAL,-0.18110313550433124,-0.04335759387819685,-2.709852929773002,-0.1159552095375736,-0.012287629689183089
2018_01_HOU_NE,HOU,-0.08828613385102008,-0.24816056346026016,-9.726795028237735,0.12426392871604926,-0.14999518621308125
2018_01_HOU_NE,NE,0.12426392871604926,-0.14999518621308125,2.0075062910715737,-0.08828613385102008,-0.24816056346026016
2018_01_JAX_NYG,JAX,-0.1558135596376254,0.07277380744926631,-12.03710554224072,-0.23680909194495187,-0.16721703659278955
2018_01_JAX_NYG,NYG,-0.23680909194495187,-0.16721703659278955,-4.550692521863514,-0.1558135596376254,0.07277380744926631
2018_01_KC_LAC,KC,0.4214485275120958,-0.08341504356828339,2.7567235231399536,0.28746157454600446,0.1179961610741144
2018_01_KC_LAC,LAC,0.28746157454600446,0.1179961610741144,3.6634639501571655,0.4214485275120958,-0.08341504356828339
2018_01_LA_OAK,LA,0.3176127883016545,0.062204196679562715,-9.469899715799274,-0.2813335607560082,-0.04295302947993269
2018_01_LA_OAK,LV,-0.2813335607560082,-0.04295302947993269,3.7176501594091715,0.3176127883016545,0.062204196679562715
2018_01_NYJ_DET,DET,-0.3995678719393834,-0.2709402549438752,-14.888146806221743,0.3148339910621871,-0.024650365597219247
2018_01_NYJ_DET,NYJ,0.3148339910621871,-0.024650365597219247,10.841637998819351,-0.3995678719393834,-0.2709402549438752
2018_01_PIT_CLE,CLE,-0.16688746262298082,-0.04318217939092597,-20.064728275725717,-0.08631420998124936,-0.2700646172349533
2018_01_PIT_CLE,PIT,-0.08631420998124936,-0.2700646172349533,-9.987981544762123,-0.16688746262298082,-0.04318217939092597
2018_01_SEA_DEN,DEN,-0.07653752696118515,-0.12593908438429935,-0.5649597981037238,0.0767259606742926,-0.6020006957560933
2018_01_SEA_DEN,SEA,0.0767259606742926,-0.6020006957560933,-3.1405018586100955,-0.07653752696118515,-0.12593908438429935
2018_01_SF_MIN,MIN,3.2452169482932207e-06,-0.4923790805457559,-12.685536061014448,-0.16534608357024907,-0.4339659429727665
2018_01_SF_MIN,SF,-0.16534608357024907,-0.4339659429727665,-17.559345392510295,3.2452169482932207e-06,-0.4923790805457559
2018_01_TB_NO,NO,0.388532494192357,-0.4713135013211208,13.136177171360362,0.8498473238862847,-0.14139995952542092
2018_01_TB_NO,TB,0.8498473238862847,-0.14139995952542092,12.812101202351707,0.388532494192357,-0.4713135013211208
2018_01_TEN_MIA,MIA,0.017701001056046606,-0.16106593708630404,6.357603200844356,-0.45510544699844396,-0.06860541265840377
2018_01_TEN_MIA,TEN,-0.45510544699844396,-0.06860541265840377,-15.042262014589811,0.017701001056046606,-0.16106593708630404
2018_01_WAS_ARI,ARI,-0.3426814416392814,0.17679908148756324,-12.7706939683241,0.3047394624327963,0.056267306355622194
2018_01_WAS_ARI,WAS,0.3047394624327963,0.056267306355622194,1.4246637451237645,-0.3426814416392814,0.17679908148756324
2018_02_ARI_LA,ARI,-0.5021966532221995,-0.24521185209353766,-6.852600419962847,0.4640634804665914,-0.10350727778616259
2018_02_ARI_LA,LA,0.4640634804665914,-0.10350727778616259,13.325680551990386,-0.5021966532221995,-0.24521185209353766
2018_02_BAL_CIN,BAL,-0.04456495206333704,-0.12288643947907812,-4.042226919588053,0.31341297283325914,-0.17925222020225934
2018_02_BAL_CIN,CIN,0.31341297283325914,-0.17925222020225934,-9.232658947386392,-0.04456495206333704,-0.12288643947907812
2018_02_CAR_ATL,ATL,0.5853876883100549,-0.12372656760198654,15.23579518709864,0.13024843009877213,0.14522742646901557
2018_02_CAR_ATL,CAR,0.13024843009877213,0.14522742646901557,1.457419991493225,0.5853876883100549,-0.12372656760198654
2018_02_CLE_NO,CLE,0.0877690692432567,-0.2081915502389893,2.5627615054448447,-0.056453460306561655,-0.21154335291192705
2018_02_CLE_NO,NO,-0.056453460306561655,-0.21154335291192705,9.31370837347848,0.0877690692432567,-0.2081915502389893
2018_02_DET_SF,DET,0.13884493928716682,-0.03027827811717201,1.6343089250417857,0.2344591919760182,0.07773956787579867
2018_02_DET_SF,SF,0.2344591919760182,0.07773956787579867,-0.4397122859954834,0.13884493928716682,-0.03027827811717201
2018_02_HOU_TEN,HOU,0.2243647469033066,-0.122377649288746,11.609108505710479,0.2942099966129338,-0.1571786823506375
2018_02_HOU_TEN,TEN,0.2942099966129338,-0.1571786823506375,-0.9035866884958177,0.2243647469033066,-0.122377649288746
2018_02_IND_WAS,IND,0.09137164158335723,0.05751186399720609,-1.6079029729289394,-0.06896796258457383,-0.26927435938047156
2018_02_IND_WAS,WAS,-0.06896796258457383,-0.26927435938047156,5.322354151444002,0.09137164158335723,0.05751186399720609
2018_02_KC_PIT,KC,0.702539460099901,0.034752511699307,22.41422693644251,0.31905427868457864,-0.279950860443271
2018_02_KC_PIT,PIT,0.31905427868457864,-0.279950860443271,0.6479359169801077,0.702539460099901,0.034752511699307
2018_02_LAC_BUF,BUF,-0.015973801961364276,-0.2396562569134403,-9.475358482450247,0.6049856596659651,-0.16523443215313213
2018_02_LAC_BUF,LAC,0.6049856596659651,-0.16523443215313213,16.434497248243403,-0.015973801961364276,-0.2396562569134403
2018_02_MIA_NYJ,MIA,-0.12224640199264254,-0.06054086177443553,4.548576085463814,-0.18948181551592383,-0.37968901433568036
2018_02_MIA_NYJ,NYJ,-0.18948181551592383,-0.37968901433568036,-3.6945704279876335,-0.12224640199264254,-0.06054086177443553
2018_02_MIN_GB,GB,0.08771303654302899,-0.1214591754270323,6.1724704576701654,0.28954379080977116,-0.22403682979862166
2018_02_MIN_GB,MIN,0.28954379080977116,-0.22403682979862166,3.654523193836212,0.08771303654302899,-0.1214591754270323
2018_02_NE_JAX,JAX,0.326403713102849,-0.20275687993044914,1.356976479291916,0.17955536342125436,-0.2734996524496554
2018_02_NE_JAX,NE,0.17955536342125436,-0.2734996524496554,1.7861839703151159,0.326403713102849,-0.20275687993044914
2018_02_NYG_DAL,DAL,-0.07922045711654116,0.24620309450013642,2.003083928771641,-0.15198288138953028,-0.0304678052163902
2018_02_NYG_DAL,NYG,-0.15198288138953028,-0.0304678052163902,4.430054466832768,-0.07922045711654116,0.24620309450013642
2018_02_OAK_DEN,DEN,-0.059809530348258186,0.2477780425084617,-6.393002587206223,0.3116517940601036,-0.21401612141876128
2018_02_OAK_DEN,LV,0.3116517940601036,-0.21401612141876128,20.019252505153418,-0.059809530348258186,0.2477780425084617
2018_02_PHI_TB,PHI,-0.06513475132864983,0.15086150157477948,8.376043178933733,0.38409489660324264,-0.341634374270639
2018_02_PHI_TB,TB,0.38409489660324264,-0.341634374270639,19.731841033155266,-0.06513475132864983,0.15086150157477948
2018_02_SEA_CHI,CHI,-0.017889457563394832,-0.16767973915921175,3.4000883207601658,-0.23140008998201334,-0.115933637419642
2018_02_SEA_CHI,SEA,-0.23140008998201334,-0.115933637419642,0.739206870396932,-0.017889457563394832,-0.16767973915921175
2018_03_BUF_MIN,BUF,0.3940785965113051,-0.31402015555229607,1.0275025259364734,-0.359874636662185,-0.5377101229038089
2018_03_BUF_MIN,MIN,-0.359874636662185,-0.5377101229038089,-1.5777197751131924,0.3940785965113051,-0.31402015555229607
2018_03_CHI_ARI,ARI,-0.1398932971395411,-0.3680827868212124,2.406915545463562,-0.06976927141860549,-0.027453774499008432
2018_03_CHI_ARI,CHI,-0.06976927141860549,-0.027453774499008432,0.8878734282084874,-0.1398932971395411,-0.3680827868212124
2018_03_CIN_CAR,CAR,0.13567702512524124,0.13827318734537153,-0.5229263255993525,0.08656606584858041,-0.03781616012953843
2018_03_CIN_CAR,CIN,0.08656606584858041,-0.03781616012953843,2.0095032453536987,0.13567702512524124,0.13827318734537153
2018_03_DAL_SEA,DAL,-0.32026707524152825,-0.07834798555919215,-12.368411001037149,0.35414762047689236,-0.19850293636316052
2018_03_DAL_SEA,SEA,0.35414762047689236,-0.19850293636316052,1.9074357748031616,-0.32026707524152825,-0.07834798555919215
2018_03_DEN_BAL,BAL,0.18955573843860843,-0.08824430090840905,-0.33231636411265325,-0.18827418309533536,0.019564929129555823
2018_03_DEN_BAL,DEN,-0.18827418309533536,0.019564929129555823,-2.6391519343151764,0.18955573843860843,-0.08824430090840905
2018_03_GB_WAS,GB,-0.15789876934380861,0.060035584830021596,-5.281338493029277,0.3915392859690373,-0.03779375038176463
2018_03_GB_WAS,WAS,0.3915392859690373,-0.03779375038176463,-3.20717453956604,-0.15789876934380861,0.060035584830021596
2018_03_IND_PHI,IND,-0.14964668503286893,-0.09219903580863804,-4.134945535078281,-0.005319988100700183,-0.018402428122829984
2018_03_IND_PHI,PHI,-0.005319988100700183,-0.018402428122829984,1.383531013050595,-0.14964668503286893,-0.09219903580863804
2018_03_LAC_LA,LA,0.3790775184200646,0.07283199766970938,14.280911598886762,0.060008104233080006,0.24106438540911768
2018_03_LAC_LA,LAC,0.060008104233080006,0.24106438540911768,-1.5053785840670268,0.3790775184200646,0.07283199766970938
2018_03_NE_DET,DET,0.1326045837235641,-0.08896945697736913,2.8406524658203125,-0.38821153308007134,-0.13954202563975998
2018_03_NE_DET,NE,-0.38821153308007134,-0.13954202563975998,-7.768022393186887,0.1326045837235641,-0.08896945697736913
2018_03_NO_ATL,ATL,0.5869798593016888,-0.5181692961348399,7.95794550110312,0.39973271505495095,0.09351500026066788
2018_03_NO_ATL,NO,0.39973271505495095,0.09351500026066788,6.4488347087587625,0.5869798593016888,-0.5181692961348399
2018_03_NYG_HOU,HOU,0.18897889682307067,-0.4743847413379366,3.629810166986365,0.4625770753693041,-0.12444321430386761
2018_03_NYG_HOU,NYG,0.4625770753693041,-0.12444321430386761,15.84835556046716,0.18897889682307067,-0.4743847413379366
2018_03_NYJ_CLE,CLE,0.028329206487521852,-0.17836014297014724,-0.05477445466177804,-0.2565886238450148,-0.01451404767188554
2018_03_NYJ_CLE,NYJ,-0.2565886238450148,-0.01451404767188554,-16.536962886651356,0.028329206487521852,-0.17836014297014724
2018_03_OAK_MIA,LV,0.2343822139139489,-0.1374242861609673,3.854389920046455,0.4674422579610109,-0.5374570322667502
2018_03_OAK_MIA,MIA,0.4674422579610109,-0.5374570322667502,8.902047077814737,0.2343822139139489,-0.1374242861609673
2018_03_PIT_TB,PIT,0.32793415358660083,-0.2633150449488312,12.645195062096054,0.032662396476579335,-0.3512098446842104
2018_03_PIT_TB,TB,0.032662396476579335,-0.3512098446842104,1.7738012373447418,0.32793415358660083,-0.2633150449488312
2018_03_SF_KC,KC,0.575340266867976,-0.0029184526216704397,0.45459156757906866,0.27573671600453675,0.2110562812117028
2018_03_SF_KC,SF,0.27573671600453675,0.2110562812117028,-0.8458844820658366,0.575340266867976,-0.0029184526216704397
2018_03_TEN_JAX,JAX,-0.19102354898683105,-0.20787679753951072,-12.795848355573767,0.05527561615219315,-0.1956739907297561
2018_03_TEN_JAX,TEN,0.05527561615219315,-0.1956739907297561,-9.62591100306738,-0.19102354898683105,-0.20787679753951072
2018_04_BAL_PIT,BAL,0.2621857684435129,-0.16790677165204762,3.789968267083168,-0.15766869858375798,-0.46469018914186483
2018_04_BAL_PIT,PIT,-0.15766869858375798,-0.46469018914186483,-9.714536627997523,0.2621857684435129,-0.16790677165204762
2018_04_BUF_GB,BUF,-0.4698065384886124,-0.2187627160545582,-16.57517904585058,0.0590608886533622,-0.20050267504471964
2018_04_BUF_GB,GB,0.0590608886533622,-0.20050267504471964,-9.542507603764534,-0.4698065384886124,-0.2187627160545582
2018_04_CIN_ATL,ATL,0.4086538647350492,-0.1308400393172633,12.540768792754726,0.2937131834355001,0.0798278912289312
2018_04_CIN_ATL,CIN,0.2937131834355001,0.0798278912289312,1.5354916453361511,0.4086538647350492,-0.1308400393172633
2018_04_CLE_OAK,CLE,-0.07117406246074211,0.07531533929250872,-11.388436359603231,0.0741881686465436,-0.1519191091454026
2018_04_CLE_OAK,LV,0.0741881686465436,-0.1519191091454026,-2.43534440440791,-0.07117406246074211,0.07531533929250872
2018_04_DET_DAL,DAL,0.24954018200155526,0.1641874468511122,-1.2260422662452415,0.47956091574329174,-0.07811588304757607
2018_04_DET_DAL,DET,0.47956091574329174,-0.07811588304757607,13.247987833516351,0.24954018200155526,0.1641874468511122
2018_04_HOU_IND,HOU,0.24862345536048439,-0.1721348290986057,5.681501403450966,0.1640384409023953,-0.9166118746370022
2018_04_HOU_IND,IND,0.1640384409023953,-0.9166118746370022,-2.4129770329741183,0.24862345536048439,-0.1721348290986057
2018_04_KC_DEN,DEN,-0.08594409682145197,0.35134452727189375,0.6356052377007224,0.17330957724683993,0.26140380936097546
2018_04_KC_DEN,KC,0.17330957724683993,0.26140380936097546,-1.037551462650299,-0.08594409682145197,0.35134452727189375
2018_04_MIA_NE,MIA,-0.15108778899359035,-0.7400987578568876,-5.688666224479675,0.45436262025648577,-0.04255941517140645
2018_04_MIA_NE,NE,0.45436262025648577,-0.04255941517140645,2.450175540787833,-0.15108778899359035,-0.7400987578568876
2018_04_MIN_LA,LA,0.7094253651254464,0.05209263887566825,13.393324794191303,0.26873130765303516,-0.2021971208996547
2018_04_MIN_LA,MIN,0.26873130765303516,-0.2021971208996547,4.100120493343899,0.7094253651254464,0.05209263887566825
2018_04_NO_NYG,NO,0.24046131739449825,0.24883699133301732,-6.0654492992343325,-0.03430510355665146,-0.09567768339599882
2018_04_NO_NYG,NYG,-0.03430510355665146,-0.09567768339599882,7.483294024700072,0.24046131739449825,0.24883699133301732
2018_04_NYJ_JAX,JAX,0.24445912213803622,-0.32200822900267667,5.081531483876078,-0.2515500389304249,-0.2598527291993378
2018_04_NYJ_JAX,NYJ,-0.2515500389304249,-0.2598527291993378,-11.20769562143268,0.24445912213803622,-0.32200822900267667
2018_04_PHI_TEN,PHI,0.06343137877439173,-0.02409276731525094,0.9004932641983032,0.3023589080489018,-0.35396312048801015
2018_04_PHI_TEN,TEN,0.3023589080489018,-0.35396312048801015,7.829044120652335,0.06343137877439173,-0.02409276731525094
2018_04_SEA_ARI,ARI,0.19864572484292342,-0.4275940112409683,-3.6474374532699585,0.0344301930836482,0.03294205632118162
2018_04_SEA_ARI,SEA,0.0344301930836482,0.03294205632118162,4.004510045051575,0.19864572484292342,-0.4275940112409683
2018_04_SF_LAC,LAC,-0.025610736844102165,0.034394184959334474,0.5736140828383597,-0.02603208807054734,-0.07095523266231313
2018_04_SF_LAC,SF,-0.02603208807054734,-0.07095523266231313,-3.2686626745594873,-0.025610736844102165,0.034394184959334474
2018_04_TB_CHI,CHI,0.9262920473263379,0.007063410895991273,12.728950725151943,-0.04637103749373502,-0.2889769278505507
2018_04_TB_CHI,TB,-0.04637103749373502,-0.2889769278505507,-0.7477526994127977,0.9262920473263379,0.007063410895991273
2018_05_ARI_SF,ARI,-0.08203033569993244,-0.1274695920670638,-18.18800555623096,-0.05970060545556849,-0.33148608478076885
2018_05_ARI_SF,SF,-0.05970060545556849,-0.33148608478076885,-7.624064385890961,-0.08203033569993244,-0.1274695920670638
2018_05_ATL_PIT,ATL,-0.01142548803006892,-0.22622239260205165,2.071878214677175,0.5426667014835402,0.07823062875670278
2018_05_ATL_PIT,PIT,0.5426667014835402,0.07823062875670278,3.277689115754489,-0.01142548803006892,-0.22622239260205165
2018_05_BAL_CLE,BAL,-0.20122867447732076,-0.00764547737223135,-12.466769678550854,-0.1002351688014187,-0.21325258088382082
2018_05_BAL_CLE,CLE,-0.1002351688014187,-0.21325258088382082,-2.827516872258413,-0.20122867447732076,-0.00764547737223135
2018_05_DAL_HOU,DAL,-0.11382508581533121,-0.19821205558643365,-6.877763995102474,0.1445118901673098,-0.4748110909671985
2018_05_DAL_HOU,HOU,0.1445118901673098,-0.4748110909671985,10.118366188781206,-0.11382508581533121,-0.19821205558643365
2018_05_DEN_NYJ,DEN,-0.05629929239255153,-0.09576158264443572,1.3107656263837628,0.1704744335364161,0.1674601119379268
2018_05_DEN_NYJ,NYJ,0.1704744335364161,0.1674601119379268,-19.37058608640324,-0.05629929239255153,-0.09576158264443572
2018_05_GB_DET,DET,0.14697304086853438,-0.12208095807539023,-13.678706953158745,0.25863528404340136,-0.023292496577293303
2018_05_GB_DET,GB,0.25863528404340136,-0.023292496577293303,-2.621383309364319,0.14697304086853438,-0.12208095807539023
2018_05_IND_NE,IND,-0.007593857019759006,-0.05578081513106424,-0.6098203739877475,0.219287002070069,0.11064735872390553
2018_05_IND_NE,NE,0.219287002070069,0.11064735872390553,5.335071073337034,-0.007593857019759006,-0.05578081513106424
2018_05_JAX_KC,JAX,-0.2366914300561321,0.21998151316462705,-6.034970796499096,0.23309636782893087,-0.20448718619165726
2018_05_JAX_KC,KC,0.23309636782893087,-0.20448718619165726,-3.1140683425797357,-0.2366914300561321,0.21998151316462705
2018_05_LA_SEA,LA,0.4065407706381704,0.06629504961150628,4.909884184598923,0.4051805101252071,0.10135017505929093
2018_05_LA_SEA,SEA,0.4051805101252071,0.10135017505929093,4.8726668483332585,0.4065407706381704,0.06629504961150628
2018_05_MIA_CIN,CIN,0.0942434423543945,-0.19504872175647228,0.7966795563697815,-0.412638866539055,0.04561824959402254
2018_05_MIA_CIN,MIA,-0.412638866539055,0.04561824959402254,-5.6544536894018,0.0942434423543945,-0.19504872175647228
2018_05_MIN_PHI,MIN,0.28101832643662544,-0.30673151519149544,15.8556300240594,0.02283329210061179,-0.36020097624804476
2018_05_MIN_PHI,PHI,0.02283329210061179,-0.36020097624804476,10.836436413228512,0.28101832643662544,-0.30673151519149544
2018_05_NYG_CAR,CAR,0.1377771497695461,-0.2710495732849111,-2.6489335824461544,0.21135134011164453,-0.2767578893544851
2018_05_NYG_CAR,NYG,0.21135134011164453,-0.2767578893544851,-0.29722041374928243,0.1377771497695461,-0.2710495732849111
2018_05_OAK_LAC,LAC,0.635904924943156,-0.12834863702009897,13.307025684760166,-0.027047913736705224,-0.021013323554749757
2018_05_OAK_LAC,LV,-0.027047913736705224,-0.021013323554749757,11.149207430501137,0.635904924943156,-0.12834863702009897
2018_05_TEN_BUF,BUF,-0.4110963297355115,-0.02267422951318004,-14.122285097837448,-0.23152069882735163,-0.34069067806315917
2018_05_TEN_BUF,TEN,-0.23152069882735163,-0.34069067806315917,-9.926928639411926,-0.4110963297355115,-0.02267422951318004
2018_05_WAS_NO,NO,0.6910316020825341,-0.006079368057642141,15.182734974499407,-0.2396695389101645,0.05642570768314828
2018_05_WAS_NO,WAS,-0.2396695389101645,0.05642570768314828,-4.837071090131192,0.6910316020825341,-0.006079368057642141
2018_06_ARI_MIN,ARI,-0.2870004810832185,-0.4662543100449035,-5.352686489782026,-0.3613716908694012,0.11182227535367323
2018_06_ARI_MIN,MIN,-0.3613716908694012,0.11182227535367323,0.9967137728967974,-0.2870004810832185,-0.4662543100449035
2018_06_BAL_TEN,BAL,0.24420367217503441,0.04436188549494974,4.173249489552266,-0.4665476227916467,-0.310900847078301
2018_06_BAL_TEN,TEN,-0.4665476227916467,-0.310900847078301,5.482169772897448,0.24420367217503441,0.04436188549494974
2018_06_BUF_HOU,BUF,-0.3425438756767272,-0.18991429739348267,-12.751137490930228,-0.29568833789493193,-0.2756952543410159
2018_06_BUF_HOU,HOU,-0.29568833789493193,-0.2756952543410159,-8.468945152484453,-0.3425438756767272,-0.18991429739348267
2018_06_CAR_WAS,CAR,0.13095017565672132,-0.1329492226863901,6.149078945855837,-0.16118056484746537,0.12768870500847698
2018_06_CAR_WAS,WAS,-0.16118056484746537,0.12768870500847698,-3.2593634995547207,0.13095017565672132,-0.1329492226863901
2018_06_CHI_MIA,CHI,0.29432752438275733,-0.0983829494079516,9.474283655484518,0.20194606017614267,-0.12360182527821356
2018_06_CHI_MIA,MIA,0.20194606017614267,-0.12360182527821356,0.6400444358587265,0.29432752438275733,-0.0983829494079516
2018_06_IND_NYJ,IND,-0.104377823443243,-0.08672882482906888,-8.93139959800811,0.17074050305995608,-0.22788622886896936
2018_06_IND_NYJ,NYJ,0.17074050305995608,-0.22788622886896936,13.975941209957517,-0.104377823443243,-0.08672882482906888
2018_06_JAX_DAL,DAL,0.17071522583466744,0.02675368603086099,1.682010293006897,-0.5783455422910441,-0.26404704729108797
2018_06_JAX_DAL,JAX,-0.5783455422910441,-0.26404704729108797,-6.921731852568113,0.17071522583466744,0.02675368603086099
2018_06_KC_NE,KC,0.204751366591185,0.1927579825714929,0.4668484131495158,0.21884597106562115,0.15100392420728606
2018_06_KC_NE,NE,0.21884597106562115,0.15100392420728606,4.000419889177595,0.204751366591185,0.1927579825714929
2018_06_LAC_CLE,CLE,-0.38852977617388323,-0.08700989609060343,-10.44405303722204,0.2529805409597941,0.24031937140638807
2018_06_LAC_CLE,LAC,0.2529805409597941,0.24031937140638807,-4.637500856603895,-0.38852977617388323,-0.08700989609060343
2018_06_LA_DEN,DEN,0.03997907039934489,-0.11151737689506262,-2.1242163502253018,-0.07212208499961431,0.4009524961322027
2018_06_LA_DEN,LA,-0.07212208499961431,0.4009524961322027,-16.697669987167632,0.03997907039934489,-0.11151737689506262
2018_06_PHI_NYG,NYG,-0.3287111354124097,0.2670860555841096,-8.571919244389202,0.49772027729102486,-0.16265810246863127
2018_06_PHI_NYG,PHI,0.49772027729102486,-0.16265810246863127,6.125218504005009,-0.3287111354124097,0.2670860555841096
2018_06_PIT_CIN,CIN,0.11277370039533707,-0.005719479238345789,-1.5349537134170532,0.3984420370188656,0.021946931332494226
2018_06_PIT_CIN,PIT,0.3984420370188656,0.021946931332494226,3.1273644500308566,0.11277370039533707,-0.005719479238345789
2018_06_SEA_OAK,LV,-0.1921480984433299,-0.37579337342450503,1.4368925491968791,0.5427217177735177,-0.06828719505008646
2018_06_SEA_OAK,SEA,0.5427217177735177,-0.06828719505008646,14.590133337870888,-0.1921480984433299,-0.37579337342450503
2018_06_SF_GB,GB,0.16477269330348607,0.007917202779531686,-5.795556035908786,0.2690891592335623,0.1497029738597143
2018_06_SF_GB,SF,0.2690891592335623,0.1497029738597143,0.612401184828385,0.16477269330348607,0.007917202779531686
2018_06_TB_ATL,ATL,0.46850125670741666,-0.2228552074732143,8.771451217372244,0.31714798098970803,0.03032730149639332
2018_06_TB_ATL,TB,0.31714798098970803,0.03032730149639332,12.331428453326225,0.46850125670741666,-0.2228552074732143
2018_07_BUF_IND,BUF,-0.8066839906992886,0.02742777776438743,-6.841459678065393,0.3318069837901189,0.14634527445218398
2018_07_BUF_IND,IND,0.3318069837901189,0.14634527445218398,0.7797059805496879,-0.8066839906992886,0.02742777776438743
2018_07_CAR_PHI,CAR,0.22872865305172488,0.33468784142034846,1.467048960763055,0.22817762577298512,-0.05142756371526048
2018_07_CAR_PHI,PHI,0.22817762577298512,-0.05142756371526048,16.837984645688856,0.22872865305172488,0.33468784142034846
2018_07_CIN_KC,CIN,-0.12919978625177278,-0.4679230648754655,-5.91511782258749,0.533183980630035,0.13956898885684227
2018_07_CIN_KC,KC,0.533183980630035,0.13956898885684227,11.130172179804909,-0.12919978625177278,-0.4679230648754655
2018_07_CLE_TB,CLE,-0.03608548764993126,-0.3353951559477972,4.298162370017081,-0.007994521674110302,-0.29113083184690347
2018_07_CLE_TB,TB,-0.007994521674110302,-0.29113083184690347,-1.8984857086951916,-0.03608548764993126,-0.3353951559477972
2018_07_DAL_WAS,DAL,-0.010868718797838588,-0.38651321378111947,-0.819096394947597,0.14586742850969062,-0.3217903232904823
2018_07_DAL_WAS,WAS,0.14586742850969062,-0.3217903232904823,-3.795908081034819,-0.010868718797838588,-0.38651321378111947
2018_07_DEN_ARI,ARI,-0.8051890851199108,-0.27431359751790296,-10.159547378619513,0.15042564938422567,-0.05884786371565757
2018_07_DEN_ARI,DEN,0.15042564938422567,-0.05884786371565757,12.907640400685763,-0.8051890851199108,-0.27431359751790296
2018_07_DET_MIA,DET,0.6383921046990402,0.14195220157534436,15.481726554307071,0.26454727753307183,0.005774363978869385
2018_07_DET_MIA,MIA,0.26454727753307183,0.005774363978869385,7.472737928231557,0.6383921046990402,0.14195220157534436
2018_07_HOU_JAX,HOU,0.017491089452090193,-0.04280110996813567,-9.827722484866777,-0.25222579128535044,-0.2955563680268824
2018_07_HOU_JAX,JAX,-0.25222579128535044,-0.2955563680268824,0.21571435034275055,0.017491089452090193,-0.04280110996813567
2018_07_LA_SF,LA,0.3465382362158812,-0.021344222137162472,10.133798172076544,-0.6156400451461829,-0.29298687433280673
2018_07_LA_SF,SF,-0.6156400451461829,-0.29298687433280673,-8.03501550798063,0.3465382362158812,-0.021344222137162472
2018_07_MIN_NYJ,MIN,0.0353569255108565,-0.18686551793418674,4.632629415927789,-0.5033429827158665,-0.3661391198972221
2018_07_MIN_NYJ,NYJ,-0.5033429827158665,-0.3661391198972221,-22.331995836326055,0.0353569255108565,-0.18686551793418674
2018_07_NE_CHI,CHI,0.15118556424960958,-0.27362009142816535,-7.982735522091389,0.37721437495868315,-0.21998880571314097
2018_07_NE_CHI,NE,0.37721437495868315,-0.21998880571314097,1.7592522927692957,0.15118556424960958,-0.27362009142816535
2018_07_NO_BAL,BAL,0.26987735713490857,0.04847963686662969,-2.5609059913738355,0.3374346875966219,0.10936484120917923
2018_07_NO_BAL,NO,0.3374346875966219,0.10936484120917923,12.835090394530978,0.26987735713490857,0.04847963686662969
2018_07_NYG_ATL,ATL,0.3322245583139026,-0.15303837737730264,16.860320667425793,0.27023616112951027,-0.1815204246314686
2018_07_NYG_ATL,NYG,0.27023616112951027,-0.1815204246314686,7.502962286407883,0.3322245583139026,-0.15303837737730264
2018_07_TEN_LAC,LAC,0.5658811151850581,-0.15322585625496382,13.659019112586975,0.22718692514090083,-0.04218190481866865
2018_07_TEN_LAC,TEN,0.22718692514090083,-0.04218190481866865,4.0326399728655815,0.5658811151850581,-0.15322585625496382
2018_08_BAL_CAR,BAL,-0.07332740365993232,0.18512568191478126,-3.1996657225218685,0.3085961780178466,0.12182914689431033
2018_08_BAL_CAR,CAR,0.3085961780178466,0.12182914689431033,14.775831169552273,-0.07332740365993232,0.18512568191478126
2018_08_CLE_PIT,CLE,-0.05402559256151169,-0.2117712216913258,1.385788077657873,0.09375371388677972,0.08323527202446712
2018_08_CLE_PIT,PIT,0.09375371388677972,0.08323527202446712,6.497777230811842,-0.05402559256151169,-0.2117712216913258
2018_08_DEN_KC,DEN,0.05867548970451241,0.05882538653898595,8.614120338902328,0.36391895926818707,-0.2183901382411611
2018_08_DEN_KC,KC,0.36391895926818707,-0.2183901382411611,11.217901495195203,0.05867548970451241,0.05882538653898595
2018_08_GB_LA,GB,0.18789354003676645,0.06749022086099589,-5.356444815794627,0.2024719917107631,-0.10143866204133467
2018_08_GB_LA,LA,0.2024719917107631,-0.10143866204133467,-0.5899830721318722,0.18789354003676645,0.06749022086099589
2018_08_IND_OAK,IND,0.5166906167719992,0.28482167807651865,6.326825291879715,0.41147812470544837,-0.15354340006306302
2018_08_IND_OAK,LV,0.41147812470544837,-0.15354340006306302,5.9831084949629645,0.5166906167719992,0.28482167807651865
2018_08_MIA_HOU,HOU,0.7459942712090336,-0.006346475273003858,14.123187065124512,-0.1276080309227988,0.008897933305706828
2018_08_MIA_HOU,MIA,-0.1276080309227988,0.008897933305706828,-1.2016793995192556,0.7459942712090336,-0.006346475273003858
2018_08_NE_BUF,BUF,-0.38735213896642146,-0.35734703093433073,-2.136729881167412,0.15252346221222512,-0.17412957772004037
2018_08_NE_BUF,NE,0.15252346221222512,-0.17412957772004037,2.4930295420856012,-0.38735213896642146,-0.35734703093433073
2018_08_NO_MIN,MIN,-0.034703811104312386,-0.21968524057835262,7.332370430231094,0.17810117746592424,-0.13720647069863773
2018_08_NO_MIN,NO,0.17810117746592424,-0.13720647069863773,6.928625832433286,-0.034703811104312386,-0.21968524057835262
2018_08_NYJ_CHI,CHI,0.30414564957469536,0.00551693230519775,-9.260650338797733,0.04022001564077396,-0.24661325198460624
2018_08_NYJ_CHI,NYJ,0.04022001564077396,-0.24661325198460624,-11.29302978515625,0.30414564957469536,0.00551693230519775
2018_08_PHI_JAX,JAX,-0.03758636595907277,-0.3101409657971726,-10.470637606411445,0.2944772248096166,0.010639771443410691
2018_08_PHI_JAX,PHI,0.2944772248096166,0.010639771443410691,8.678526282310486,-0.03758636595907277,-0.3101409657971726
2018_08_SEA_DET,DET,0.20222440867764044,-0.39808312032255344,-4.6957714435381765,0.8669756139570381,-0.07069192560050976
2018_08_SEA_DET,SEA,0.8669756139570381,-0.07069192560050976,24.112227033166324,0.20222440867764044,-0.39808312032255344
2018_08_SF_ARI,ARI,-0.007884234325286557,-0.1787495540767467,-2.5237169436046054,-0.12223617559310372,-0.1371662560215653
2018_08_SF_ARI,SF,-0.12223617559310372,-0.1371662560215653,-16.861858191313566,-0.007884234325286557,-0.1787495540767467
2018_08_TB_CIN,CIN,0.2263227953349997,-0.1758115466000163,-0.46618301421403885,0.12871398092407096,-0.035430056236994766
2018_08_TB_CIN,TB,0.12871398092407096,-0.035430056236994766,-1.7710272669792175,0.2263227953349997,-0.1758115466000163
2018_08_WAS_NYG,NYG,-0.08551946557373136,-0.26691271274882766,-2.7203118023665054,0.14259171874124718,-0.12596820981525525
2018_08_WAS_NYG,WAS,0.14259171874124718,-0.12596820981525525,-2.0575290726077173,-0.08551946557373136,-0.26691271274882766
2018_09_ATL_WAS,ATL,0.5010534303021628,0.23468433444698653,-1.6462491976248252,-0.05639176672923862,-0.056030765490140765
2018_09_ATL_WAS,WAS,-0.05639176672923862,-0.056030765490140765,-1.6614954339133368,0.5010534303021628,0.23468433444698653
2018_09_CHI_BUF,BUF,-0.3014803433263368,-0.24742449082955514,-5.480441355958898,0.16672838241252866,-0.2185467212863538
2018_09_CHI_BUF,CHI,0.16672838241252866,-0.2185467212863538,0.14554724097251892,-0.3014803433263368,-0.24742449082955514
2018_09_DET_MIN,DET,-0.2890365176712729,-0.009144314844715631,2.70491023274029,0.154250603335483,-0.3010474270128686
2018_09_DET_MIN,MIN,0.154250603335483,-0.3010474270128686,6.911841576749628,-0.2890365176712729,-0.009144314844715631
2018_09_GB_NE,GB,0.1285823271756507,-0.14811295514885822,-0.3799193180524386,0.15956795736489748,0.28508932595637076
2018_09_GB_NE,NE,0.15956795736489748,0.28508932595637076,-2.290197696004595,0.1285823271756507,-0.14811295514885822
2018_09_HOU_DEN,DEN,0.05615556990346453,-0.18019740316308058,-1.0609155422762822,0.3017883306884659,-0.3397655780364793
2018_09_HOU_DEN,HOU,0.3017883306884659,-0.3397655780364793,3.935810146124467,0.05615556990346453,-0.18019740316308058
2018_09_KC_CLE,CLE,0.07254672780336581,0.059117604014463726,2.5516705457554307,0.5987179610973387,0.16745308387180557
2018_09_KC_CLE,KC,0.5987179610973387,0.16745308387180557,8.821232376560088,0.07254672780336581,0.059117604014463726
2018_09_LAC_SEA,LAC,0.22600316249011831,0.158657852986256,-13.179981593902294,-0.13404798879084498,-0.022986268660792245
2018_09_LAC_SEA,SEA,-0.13404798879084498,-0.022986268660792245,4.030320128879032,0.22600316249011831,0.158657852986256
2018_09_LA_NO,LA,0.36953865539888825,-0.23875410721666412,0.9969558566808701,0.6952043196379918,-0.23424253239926626
2018_09_LA_NO,NO,0.6952043196379918,-0.23424253239926626,3.0308528906769223,0.36953865539888825,-0.23875410721666412
2018_09_NYJ_MIA,MIA,-0.29393694338652226,-0.3838104551451035,1.2072640386494724,-0.3541349333655517,-0.21733185749811432
2018_09_NYJ_MIA,NYJ,-0.3541349333655517,-0.21733185749811432,-11.800261979040346,-0.29393694338652226,-0.3838104551451035
2018_09_OAK_SF,LV,-0.17246474299550715,-0.16073842262267135,10.382574938592457,0.8445033446777483,-0.09247579982078206
2018_09_OAK_SF,SF,0.8445033446777483,-0.09247579982078206,6.977132233706388,-0.17246474299550715,-0.16073842262267135
2018_09_PIT_BAL,BAL,0.0953248989215715,-0.13092602336112832,-2.0561789338653154,0.3333998114493916,-0.07908948590361084
2018_09_PIT_BAL,PIT,0.3333998114493916,-0.07908948590361084,-4.172472007896589,0.0953248989215715,-0.13092602336112832
2018_09_TB_CAR,CAR,0.25962308084829067,0.20834021473700856,14.271807546416918,0.09306209200340342,-0.2664993205929504
2018_09_TB_CAR,TB,0.09306209200340342,-0.2664993205929504,0.03298237556364478,0.25962308084829067,0.20834021473700856
2018_09_TEN_DAL,DAL,-0.15486428064045002,-0.10870373872560724,-0.08759335164100893,0.401017134530691,-0.15752267092466354
2018_09_TEN_DAL,TEN,0.401017134530691,-0.15752267092466354,7.855298784044054,-0.15486428064045002,-0.10870373872560724
2018_10_ARI_KC,ARI,-0.20159067850166118,0.01044989139540121,-5.633662198040937,0.15340628238525061,-0.03646126769654941
2018_10_ARI_KC,KC,0.15340628238525061,-0.03646126769654941,6.960659793445042,-0.20159067850166118,0.01044989139540121
2018_10_ATL_CLE,ATL,0.09530082853027226,-0.25478452917270583,3.83242386228898,0.6210012786201938,0.028607135718360682
2018_10_ATL_CLE,CLE,0.6210012786201938,0.028607135718360682,12.014409757795788,0.09530082853027226,-0.25478452917270583
2018_10_BUF_NYJ,BUF,0.6725561927412663,0.023624129645410236,6.002094080814948,-0.5610878381869696,-0.07575723279539186
2018_10_BUF_NYJ,NYJ,-0.5610878381869696,-0.07575723279539186,-20.594136055671807,0.6725561927412663,0.023624129645410236
2018_10_CAR_PIT,CAR,-0.0694507771271414,0.13812195341928268,10.01034826040268,0.9353744413627365,-0.07553357577072112
2018_10_CAR_PIT,PIT,0.9353744413627365,-0.07553357577072112,14.041930988982871,-0.0694507771271414,0.13812195341928268
2018_10_DAL_PHI,DAL,0.16497006610066972,0.26685271760860424,9.150949734098772,0.0032415641894416496,-0.2353782670145544
2018_10_DAL_PHI,PHI,0.0032415641894416496,-0.2353782670145544,10.242808627527813,0.16497006610066972,0.26685271760860424
2018_10_DET_CHI,CHI,0.5890249024113625,-0.21074352379045672,12.769693235556284,0.008018207084183947,-0.3755201544251274
2018_10_DET_CHI,DET,0.008018207084183947,-0.3755201544251274,-4.838618707089197,0.5890249024113625,-0.21074352379045672
2018_10_JAX_IND,IND,0.41655082440334307,-0.013746870679653845,4.417013197109617,0.3963764255980619,-0.20730469167210686
2018_10_JAX_IND,JAX,0.3963764255980619,-0.20730469167210686,-5.522072472070393,0.41655082440334307,-0.013746870679653845
2018_10_LAC_OAK,LAC,0.2806034294743518,-0.10466091510520696,7.4712352110789375,-0.30070424026846004,0.08938294744002633
2018_10_LAC_OAK,LV,-0.30070424026846004,0.08938294744002633,-3.065470882824489,0.2806034294743518,-0.10466091510520696
2018_10_MIA_GB,GB,0.09822785367616992,0.5711892673555811,5.758047562379104,-0.2980425234461994,0.0043411334526077235
2018_10_MIA_GB,MIA,-0.2980425234461994,0.0043411334526077235,-5.934581243329578,0.09822785367616992,0.5711892673555811
2018_10_NE_TEN,NE,-0.07378975781582088,-0.2877616148616653,-9.668606966733932,0.37485841056815017,0.01779736515406209
2018_10_NE_TEN,TEN,0.37485841056815017,0.01779736515406209,12.735933562119802,-0.07378975781582088,-0.2877616148616653
2018_10_NO_CIN,CIN,-0.43334075986381826,0.31837133347289637,-2.4874261834404687,0.806049088305256,0.33642062027502107
2018_10_NO_CIN,NO,0.806049088305256,0.33642062027502107,14.30463934386218,-0.43334075986381826,0.31837133347289637
2018_10_NYG_SF,NYG,0.2548545871887855,-0.18072885169449443,1.6158537518593572,-0.01095020452088711,-0.017467174401584393
2018_10_NYG_SF,SF,-0.01095020452088711,-0.017467174401584393,8.718722888401576,0.2548545871887855,-0.18072885169449443
2018_10_SEA_LA,LA,0.2852027354455235,0.42961594095063355,9.913886870656695,0.22262409620744752,0.24946597684174776
2018_10_SEA_LA,SEA,0.22262409620744752,0.24946597684174776,12.36457312884538,0.2852027354455235,0.42961594095063355
2018_10_WAS_TB,TB,-0.05996306768651361,-0.2544012530096862,6.845319125710464,0.11907363989427078,-0.022528579910823073
2018_10_WAS_TB,WAS,0.11907363989427078,-0.022528579910823073,7.129022593681629,-0.05996306768651361,-0.2544012530096862
2018_11_CAR_DET,CAR,0.2612700084359486,-0.0718588565243408,0.9739957145742468,0.06251722920785269,-0.058413431600100645
2018_11_CAR_DET,DET,0.06251722920785269,-0.058413431600100645,-8.549932411738805,0.2612700084359486,-0.0718588565243408
2018_11_CIN_BAL,BAL,-0.2541475466856221,0.11547988956881687,4.89979883035024,0.1468035016520046,-0.3654835163054356
2018_11_CIN_BAL,CIN,0.1468035016520046,-0.3654835163054356,-12.013883474800322,-0.2541475466856221,0.11547988956881687
2018_11_DAL_ATL,ATL,0.0169301353096257,-0.04492699552793056,4.504390236209421,0.13405833669257775,0.11521190850980866
2018_11_DAL_ATL,DAL,0.13405833669257775,0.11521190850980866,0.4016522318124771,0.0169301353096257,-0.04492699552793056
2018_11_DEN_LAC,DEN,0.07439113400000173,0.139261402638664,-7.120563041779302,0.26987630596785683,-0.25679216600204813
2018_11_DEN_LAC,LAC,0.26987630596785683,-0.25679216600204813,-0.2823054097419561,0.07439113400000173,0.139261402638664
2018_11_GB_SEA,GB,0.27855013043907006,-0.16493356910247642,7.411613495185457,0.22170102604933492,-0.10475152649704031
2018_11_GB_SEA,SEA,0.22170102604933492,-0.10475152649704031,12.42559115434515,0.27855013043907006,-0.16493356910247642
2018_11_HOU_WAS,HOU,-0.12554841095585034,-0.036232665483193274,-2.5421050687630973,-0.25848223662432274,0.029348865042582318
2018_11_HOU_WAS,WAS,-0.25848223662432274,0.029348865042582318,-10.961188789871004,-0.12554841095585034,-0.036232665483193274
2018_11_KC_LA,KC,0.1449665925873999,-0.11139868763521689,7.644994621691496,0.2476802575739123,-0.21693671749351726
2018_11_KC_LA,LA,0.2476802575739123,-0.21693671749351726,5.6523772685424145,0.1449665925873999,-0.11139868763521689
2018_11_MIN_CHI,CHI,0.0824696850952584,-0.14627185832679032,0.36476582288742065,0.0512395124163093,-0.8351482079641965
2018_11_MIN_CHI,MIN,0.0512395124163093,-0.8351482079641965,2.6183818446265326,0.0824696850952584,-0.14627185832679032
2018_11_OAK_ARI,ARI,-0.3376647245869125,-0.14956077784700028,-21.645687128368177,0.008541187432080924,-0.03480197425610911
2018_11_OAK_ARI,LV,0.008541187432080924,-0.03480197425610911,2.8000545288835252,-0.3376647245869125,-0.14956077784700028
2018_11_PHI_NO,NO,0.9239997104274655,-0.028996841563502723,9.255125280469656,-0.48085759955500135,0.059832075416731335
2018_11_PHI_NO,PHI,-0.48085759955500135,0.059832075416731335,-10.50053004062537,0.9239997104274655,-0.028996841563502723
2018_11_PIT_JAX,JAX,-0.14077463294857603,-0.1976510893218206,-11.518036325772604,-0.15326715558190612,0.17268793277220207
2018_11_PIT_JAX,PIT,-0.15326715558190612,0.17268793277220207,-4.894096785121494,-0.14077463294857603,-0.1976510893218206
2018_11_TB_NYG,NYG,0.44418115737482355,0.17711218302235163,27.724675337473553,0.1992137990520395,0.16379659202842353
2018_11_TB_NYG,TB,0.1992137990520395,0.16379659202842353,5.365465581417084,0.44418115737482355,0.17711218302235163
2018_11_TEN_IND,IND,0.5572018493770445,0.0978168175520841,7.377375941723585,-0.1363410486232454,-0.32724449384598603
2018_11_TEN_IND,TEN,-0.1363410486232454,-0.32724449384598603,2.0731956794344146,0.5572018493770445,0.0978168175520841
2018_12_ARI_LAC,ARI,-0.4258730987445253,-0.16740452329152808,1.9054053460850435,0.28996350657754105,0.3233677107220564
2018_12_ARI_LAC,LAC,0.28996350657754105,0.3233677107220564,21.01990532490515,-0.4258730987445253,-0.16740452329152808
2018_12_ATL_NO,ATL,-0.016273239484668522,-0.6872032834715875,10.450184472063755,0.2078137016907761,0.08069834570158962
2018_12_ATL_NO,NO,0.2078137016907761,0.08069834570158962,7.526162673126567,-0.016273239484668522,-0.6872032834715875
2018_12_CHI_DET,CHI,0.006203716754508633,-0.3888121228441238,5.604027133238943,-0.27304863813545266,0.06626321052802571
2018_12_CHI_DET,DET,-0.27304863813545266,0.06626321052802571,0.025134714874061378,0.006203716754508633,-0.3888121228441238
2018_12_CLE_CIN,CIN,0.14436099183287834,-0.39224334673781414,-6.572987635930379,0.8020791841341027,-0.1750116754337796
2018_12_CLE_CIN,CLE,0.8020791841341027,-0.1750116754337796,12.492084860801697,0.14436099183287834,-0.39224334673781414
2018_12_GB_MIN,GB,-0.054048008439864174,-0.176444715323956,-3.2523074635752924,0.24093269924179486,-0.3352745453829433
2018_12_GB_MIN,MIN,0.24093269924179486,-0.3352745453829433,6.15926835988019,-0.054048008439864174,-0.176444715323956
2018_12_JAX_BUF,BUF,0.2046357543382328,-0.11313100923361888,-8.153273252879872,-0.18475820247867572,0.22658702409021583
2018_12_JAX_BUF,JAX,-0.18475820247867572,0.22658702409021583,-10.9409591013735,0.2046357543382328,-0.11313100923361888
2018_12_MIA_IND,IND,0.2627721379099815,-0.17547204695780336,12.318380490729684,0.12333909414957701,-0.024237562402655993
2018_12_MIA_IND,MIA,0.12333909414957701,-0.024237562402655993,-0.5630368987719218,0.2627721379099815,-0.17547204695780336
2018_12_NE_NYJ,NE,0.41747912253434694,0.1838363784041281,2.7827798326810202,0.006767709725508358,-0.19875224262404328
2018_12_NE_NYJ,NYJ,0.006767709725508358,-0.19875224262404328,-0.5592565710951642,0.41747912253434694,0.1838363784041281
2018_12_NYG_PHI,NYG,0.20445054524539077,0.032491962683187534,6.647994792139208,0.2406520936678969,-0.004537598950621676
2018_12_NYG_PHI,PHI,0.2406520936678969,-0.004537598950621676,3.9747348853519986,0.20445054524539077,0.032491962683187534
2018_12_OAK_BAL,BAL,-0.06745290062312348,0.2615793037592084,-8.939830462137857,-0.14830643833380014,-0.09024631994201199
2018_12_OAK_BAL,LV,-0.14830643833380014,-0.09024631994201199,-17.194005214806758,-0.06745290062312348,0.2615793037592084
2018_12_PIT_DEN,DEN,0.003939379717463233,0.06813611277309677,-7.248309999704361,0.034247233572777154,-0.01565316574332038
2018_12_PIT_DEN,PIT,0.034247233572777154,-0.01565316574332038,5.113643818888171,0.003939379717463233,0.06813611277309677
2018_12_SEA_CAR,CAR,0.43321871842759074,0.003341685405524204,14.977755012183353,0.6588928488775362,-0.12957296529202722
2018_12_SEA_CAR,SEA,0.6588928488775362,-0.12957296529202722,18.391382907118118,0.43321871842759074,0.003341685405524204
2018_12_SF_TB,SF,-0.12740210657610965,0.09356102005161422,-8.320005286124445,0.38096079150045925,-0.24355535548574364
2018_12_SF_TB,TB,0.38096079150045925,-0.24355535548574364,13.06378194376042,-0.12740210657610965,0.09356102005161422
2018_12_TEN_HOU,HOU,0.2507927940599897,0.19204636679255757,12.362516962963602,0.21448909317067205,-0.33672074571644006
2018_12_TEN_HOU,TEN,0.21448909317067205,-0.33672074571644006,19.493948635847673,0.2507927940599897,0.19204636679255757
2018_12_WAS_DAL,DAL,0.3068841142590924,-0.11995455046029141,-0.05387769591423773,-0.06279351503870605,-0.09633583144750446
2018_12_WAS_DAL,WAS,-0.06279351503870605,-0.09633583144750446,-4.256253258178108,0.3068841142590924,-0.11995455046029141
2018_13_ARI_GB,ARI,-0.02212940051779074,0.15704450430452457,-15.407142539819082,0.0938049029331489,-0.19644097347336356
2018_13_ARI_GB,GB,0.0938049029331489,-0.19644097347336356,-3.526871589322885,-0.02212940051779074,0.15704450430452457
2018_13_BAL_ATL,ATL,-0.27798129765171314,-0.547393201765282,-3.8194467624028525,-0.09591944146050332,0.0005678773549458461
2018_13_BAL_ATL,BAL,-0.09591944146050332,0.0005678773549458461,-7.326847970485687,-0.27798129765171314,-0.547393201765282
2018_13_BUF_MIA,BUF,0.21622899687502922,-0.16232055662952077,8.920029125043325,0.020723681104549717,-0.2225183924654795
2018_13_BUF_MIA,MIA,0.020723681104549717,-0.2225183924654795,4.112792139252027,0.21622899687502922,-0.16232055662952077
2018_13_CAR_TB,CAR,-0.18873051683259112,0.3663886098006247,4.179303348064423,0.3958754530425855,-0.6913459346662579
2018_13_CAR_TB,TB,0.3958754530425855,-0.6913459346662579,1.1402050654093425,-0.18873051683259112,0.3663886098006247
2018_13_CHI_NYG,CHI,-0.1474461675221072,-0.0033613523213012566,4.547960534691811,-0.030870184024600924,-0.20575147380523878
2018_13_CHI_NYG,NYG,-0.030870184024600924,-0.20575147380523878,-11.253266249384199,-0.1474461675221072,-0.0033613523213012566
2018_13_CLE_HOU,CLE,-0.14826960848003834,-0.1894256850529928,4.4268326461315155,0.18114737408351966,-0.07347687194979859
2018_13_CLE_HOU,HOU,0.18114737408351966,-0.07347687194979859,5.411956433592172,-0.14826960848003834,-0.1894256850529928
2018_13_DEN_CIN,CIN,-0.1767857248293088,-0.16308858558962433,-1.9703608420160081,0.18294745740849389,-0.04702706884329425
2018_13_DEN_CIN,DEN,0.18294745740849389,-0.04702706884329425,-4.655196321638007,-0.1767857248293088,-0.16308858558962433
2018_13_IND_JAX,IND,-0.22863763618782987,-0.775711219237807,0.6793063282966614,0.013707472757564934,-0.6813891086035813
2018_13_IND_JAX,JAX,0.013707472757564934,-0.6813891086035813,10.678217085925015,-0.22863763618782987,-0.775711219237807
2018_13_KC_OAK,KC,0.36946311753403177,0.16488000987980436,4.515178944613482,0.3451246978164217,-0.3717200194758648
2018_13_KC_OAK,LV,0.3451246978164217,-0.3717200194758648,12.863225630811742,0.36946311753403177,0.16488000987980436
2018_13_LAC_PIT,LAC,0.40462447618595,-0.05124427172863348,6.135410318771998,0.21170965652886692,-0.01247112050865932
2018_13_LAC_PIT,PIT,0.21170965652886692,-0.01247112050865932,-3.9266184303495617,0.40462447618595,-0.05124427172863348
2018_13_LA_DET,DET,-0.11674402602370612,-0.19875475873740514,-5.811684601234667,-0.08760410514318732,0.1950614436931249
2018_13_LA_DET,LA,-0.08760410514318732,0.1950614436931249,-11.80448168888688,-0.11674402602370612,-0.19875475873740514
2018_13_MIN_NE,MIN,-0.26411128538199624,0.1391653324660313,2.4652748622677545,0.35117006980443266,-0.06257976116523004
2018_13_MIN_NE,NE,0.35117006980443266,-0.06257976116523004,1.6265535727143288,-0.26411128538199624,0.1391653324660313
2018_13_NO_DAL,DAL,0.16212627031652102,-0.3683007015310328,13.74640017747879,-0.1681439474821024,-0.4016289130668156
2018_13_NO_DAL,NO,-0.1681439474821024,-0.4016289130668156,-9.38465627176421,0.16212627031652102,-0.3683007015310328
2018_13_NYJ_TEN,NYJ,-0.27490893785765824,-0.04057496978684397,-7.434587478637695,-0.10678900549989667,0.007364686994696968
2018_13_NYJ_TEN,TEN,-0.10678900549989667,0.007364686994696968,-2.038241064909733,-0.27490893785765824,-0.04057496978684397
2018_13_SF_SEA,SEA,0.6987676770581325,0.01803201638394967,2.5714948773384094,0.13017878308606917,-0.5195250723836133
2018_13_SF_SEA,SF,0.13017878308606917,-0.5195250723836133,4.944437032654172,0.6987676770581325,0.01803201638394967
2018_13_WAS_PHI,PHI,0.3308753697958159,-0.1922185527961621,5.928768688126614,-0.19299331402811842,0.04957708059989203
2018_13_WAS_PHI,WAS,-0.19299331402811842,0.04957708059989203,2.307297537724177,0.3308753697958159,-0.1922185527961621
2018_14_ATL_GB,ATL,0.09835471304542602,-0.25103961511922535,-0.3196050368604206,0.18381224474217336,0.032725555123761296
2018_14_ATL_GB,GB,0.18381224474217336,0.032725555123761296,-0.440989819265181,0.09835471304542602,-0.25103961511922535
2018_14_BAL_KC,BAL,0.10651559685912129,-0.01412608914726757,-9.944631847051474,0.22567128118561933,-0.03653605594210545
2018_14_BAL_KC,KC,0.22567128118561933,-0.03653605594210545,7.58478781208396,0.10651559685912129,-0.01412608914726757
2018_14_CAR_CLE,CAR,-0.021388973956538316,0.03863823308944477,-1.8501022387118566,-0.12666762103014131,0.1955584502062074
2018_14_CAR_CLE,CLE,-0.12666762103014131,0.1955584502062074,12.028938143149666,-0.021388973956538316,0.03863823308944477
2018_14_CIN_LAC,CIN,0.18792283517251632,-0.10578534340170483,4.859135329723358,0.13519062896239875,0.0028497207197114758
2018_14_CIN_LAC,LAC,0.13519062896239875,0.0028497207197114758,-0.6692750700588884,0.18792283517251632,-0.10578534340170483
2018_14_DEN_SF,DEN,-0.04660729965718929,-0.09468068266616446,-2.8462742504320646,0.26016626138613813,-0.15957579425482366
2018_14_DEN_SF,SF,0.26016626138613813,-0.15957579425482366,-3.971743304282427,-0.04660729965718929,-0.09468068266616446
2018_14_DET_ARI,ARI,-0.2840746162675362,-0.4279932535774562,-2.981058526329878,-0.2486555098319137,-0.08673895705353578
2018_14_DET_ARI,DET,-0.2486555098319137,-0.08673895705353578,-6.351693110032515,-0.2840746162675362,-0.4279932535774562
2018_14_IND_HOU,HOU,0.1410485080908984,-0.14076268598066896,-0.853987234203439,0.2560533010632693,-0.20253102983891344
2018_14_IND_HOU,IND,0.2560533010632693,-0.20253102983891344,-1.6703478246927261,0.1410485080908984,-0.14076268598066896
2018_14_JAX_TEN,JAX,-0.1776588145134441,-0.41031260756273313,-1.796622428952194,0.21837933050423275,0.2643935808202162
2018_14_JAX_TEN,TEN,0.21837933050423275,0.2643935808202162,5.951233953237534,-0.1776588145134441,-0.41031260756273313
2018_14_LA_CHI,CHI,-0.3045322593711454,-0.14139573984156042,-10.667411450828824,-0.4095349754697727,-0.10059403222840047
2018_14_LA_CHI,LA,-0.4095349754697727,-0.10059403222840047,-19.319999772448874,-0.3045322593711454,-0.14139573984156042
2018_14_MIN_SEA,MIN,-0.23773593569429338,-0.23687316453433596,-1.596058472510307,-0.22790832305915787,0.11127692221213549
2018_14_MIN_SEA,SEA,-0.22790832305915787,0.11127692221213549,2.21010260283947,-0.23773593569429338,-0.23687316453433596
2018_14_NE_MIA,MIA,0.27530326503242747,0.5543080937488758,10.930808437497992,0.5138605664442756,-0.22768897741195337
2018_14_NE_MIA,NE,0.5138605664442756,-0.22768897741195337,5.121291218659817,0.27530326503242747,0.5543080937488758
2018_14_NO_TB,NO,0.04077225277383785,-0.03230620331435623,11.054563426202343,0.04464238478968596,-0.30636317990750905
2018_14_NO_TB,TB,0.04464238478968596,-0.30636317990750905,-11.065746118893495,0.04077225277383785,-0.03230620331435623
2018_14_NYG_WAS,NYG,0.09677210263267585,0.1305154646388749,-8.484640144384825,-0.3388212491732979,-0.36287584935780615
2018_14_NYG_WAS,WAS,-0.3388212491732979,-0.36287584935780615,-12.460603693435932,0.09677210263267585,0.1305154646388749
2018_14_NYJ_BUF,BUF,0.02293616872592083,0.030429455828852953,-11.766733867781502,0.22583130648469635,-0.09038869259513398
2018_14_NYJ_BUF,NYJ,0.22583130648469635,-0.09038869259513398,2.000430474678675,0.02293616872592083,0.030429455828852953
2018_14_PHI_DAL,DAL,0.18303997759466886,-0.20908732274511363,11.201203825338832,0.1060641348209148,-0.5472718446712511
2018_14_PHI_DAL,PHI,0.1060641348209148,-0.5472718446712511,1.2736073695123196,0.18303997759466886,-0.20908732274511363
2018_14_PIT_OAK,LV,0.25022536120589606,-0.16844359711860307,12.504480686038733,0.3528871867272391,-0.4183053721854877
2018_14_PIT_OAK,PIT,0.3528871867272391,-0.4183053721854877,9.594261001896214,0.25022536120589606,-0.16844359711860307
2018_15_ARI_ATL,ARI,-0.378474119170123,-0.25846680511895104,-5.667872939790998,0.0783953349686456,0.2844686317817272
2018_15_ARI_ATL,ATL,0.0783953349686456,0.2844686317817272,-8.869113276402155,-0.378474119170123,-0.25846680511895104
2018_15_CLE_DEN,CLE,-0.014213669084595128,-0.09987540749393196,-2.0435601472854614,0.06358109110064519,-0.40027235587735455
2018_15_CLE_DEN,DEN,0.06358109110064519,-0.40027235587735455,-0.8647701806492276,-0.014213669084595128,-0.09987540749393196
2018_15_DAL_IND,DAL,-0.294421861920821,0.026543353509623557,-7.586203358675304,0.28543906266282004,-0.1090337324812933
2018_15_DAL_IND,IND,0.28543906266282004,-0.1090337324812933,-9.527446558842293,-0.294421861920821,0.026543353509623557
2018_15_DET_BUF,BUF,0.17840000498284952,-0.06496134725448703,-1.2192303719727888,0.08619913362533371,0.02427470414281393
2018_15_DET_BUF,DET,0.08619913362533371,0.02427470414281393,11.383266746997833,0.17840000498284952,-0.06496134725448703
2018_15_GB_CHI,CHI,0.4305306177293763,-0.5011411025256026,2.9572893466268266,-0.016418922139647702,-0.172342677393317
2018_15_GB_CHI,GB,-0.016418922139647702,-0.172342677393317,1.7279205471277237,0.4305306177293763,-0.5011411025256026
2018_15_HOU_NYJ,HOU,0.21388210550106168,-0.2773696650426184,23.709083978946392,0.23484631657286223,-0.5002094545821559
2018_15_HOU_NYJ,NYJ,0.23484631657286223,-0.5002094545821559,8.155655648027148,0.21388210550106168,-0.2773696650426184
2018_15_LAC_KC,KC,0.3430987096009111,-0.009849352994933724,2.623512026141672,0.2661708887238661,0.20291693619947182
2018_15_LAC_KC,LAC,0.2661708887238661,0.20291693619947182,8.023300531663393,0.3430987096009111,-0.009849352994933724
2018_15_MIA_MIN,MIA,-0.7308017933842966,0.17144115247739186,-19.026474719462186,0.01893556866471965,0.1546758580860976
2018_15_MIA_MIN,MIN,0.01893556866471965,0.1546758580860976,-1.4221839606761932,-0.7308017933842966,0.17144115247739186
2018_15_NE_PIT,NE,0.07748765343712875,-0.02677386802489586,5.891489071978463,0.18138955325093425,0.1083717218595363
2018_15_NE_PIT,PIT,0.18138955325093425,0.1083717218595363,6.935073390151516,0.07748765343712875,-0.02677386802489586
2018_15_NO_CAR,CAR,-0.18110597762944444,-0.15164171781824817,-12.574655125881064,-0.17735126599432757,-0.0480361626551096
2018_15_NO_CAR,NO,-0.17735126599432757,-0.0480361626551096,-1.4023628304986393,-0.18110597762944444,-0.15164171781824817
2018_15_OAK_CIN,CIN,0.03315846024661769,-0.012283728082871271,-16.527443130811054,-0.10130620574553774,-0.4128082042079768
2018_15_OAK_CIN,LV,-0.10130620574553774,-0.4128082042079768,0.19911735346823028,0.03315846024661769,-0.012283728082871271
2018_15_PHI_LA,LA,-0.12352370473375161,-0.017784976053007995,0.7641688281414556,0.22474370735538673,-0.1237746264212873
2018_15_PHI_LA,PHI,0.22474370735538673,-0.1237746264212873,9.915494966891504,-0.12352370473375161,-0.017784976053007995
2018_15_SEA_SF,SEA,0.19637855045901453,-0.02267336899043388,17.163550427981786,0.33040901660101746,-0.3791661572724796
2018_15_SEA_SF,SF,0.33040901660101746,-0.3791661572724796,4.915393837567033,0.19637855045901453,-0.02267336899043388
2018_15_TB_BAL,BAL,0.17293149841126162,-0.01774051453238686,-2.9698325054986134,-0.3093153143625544,0.01631234777146684
2018_15_TB_BAL,TB,-0.3093153143625544,0.01631234777146684,-11.722035527229309,0.17293149841126162,-0.01774051453238686
2018_15_TEN_NYG,NYG,-0.2217579690237026,-0.30220966370303787,-16.385206309231844,-0.06990151656516443,0.1511544550581179
2018_15_TEN_NYG,TEN,-0.06990151656516443,0.1511544550581179,-3.5425613820552826,-0.2217579690237026,-0.30220966370303787
2018_15_WAS_JAX,JAX,-0.49062520617401845,-0.1164135294357865,-10.080373883247375,0.14699192692569527,-0.2806352433394277
2018_15_WAS_JAX,WAS,0.14699192692569527,-0.2806352433394277,6.168306521747423,-0.49062520617401845,-0.1164135294357865
2018_16_ATL_CAR,ATL,0.22524980038342257,0.04644022654683795,-3.8444116711616516,-0.25681293708508585,0.04945998934722881
2018_16_ATL_CAR,CAR,-0.25681293708508585,0.04945998934722881,2.0997499606826087,0.22524980038342257,0.04644022654683795
2018_16_BAL_LAC,BAL,0.07318545591464885,-0.25185307853058764,-9.355064549229361,-0.47890138676304206,-0.26708027820089175
2018_16_BAL_LAC,LAC,-0.47890138676304206,-0.26708027820089175,-7.841321246491538,0.07318545591464885,-0.25185307853058764
2018_16_BUF_NE,BUF,-0.408707458267552,-0.12064507325703744,-10.533069558441639,-0.6767258852056263,0.10234476393189615
2018_16_BUF_NE,NE,-0.6767258852056263,0.10234476393189615,-18.65591121216615,-0.408707458267552,-0.12064507325703744
2018_16_CHI_SF,CHI,0.20582154316918713,-0.06863602986386805,17.02348281597269,-0.08666112828933939,-0.21039528700493432
2018_16_CHI_SF,SF,-0.08666112828933939,-0.21039528700493432,-2.665372072039424,0.20582154316918713,-0.06863602986386805
2018_16_CIN_CLE,CIN,0.11605230835569431,-0.06785847970604664,2.5661785351602653,0.4533610808724722,0.0784772360170989
2018_16_CIN_CLE,CLE,0.4533610808724722,0.0784772360170989,6.50923291319295,0.11605230835569431,-0.06785847970604664
2018_16_DEN_OAK,DEN,-0.03805702941709846,0.010854242546686335,-1.6428831550810072,0.21242469637940953,-0.07811833706364268
2018_16_DEN_OAK,LV,0.21242469637940953,-0.07811833706364268,2.7229463824859033,-0.03805702941709846,0.010854242546686335
2018_16_GB_NYJ,GB,0.35282889881316265,0.3624230526127439,4.018281878165479,0.47247228676650327,-0.21198503939244387
2018_16_GB_NYJ,NYJ,0.47247228676650327,-0.21198503939244387,10.084978447240943,0.35282889881316265,0.3624230526127439
2018_16_HOU_PHI,HOU,0.24177727616425357,-0.2666611637105234,11.430840492248535,0.3389699558047162,-0.4278085014695448
2018_16_HOU_PHI,PHI,0.3389699558047162,-0.4278085014695448,5.737516040704688,0.24177727616425357,-0.2666611637105234
2018_16_JAX_MIA,JAX,-0.10194686805841316,-0.08508495322365145,7.937082389126653,-0.2928033468130659,-0.5390837767530078
2018_16_JAX_MIA,MIA,-0.2928033468130659,-0.5390837767530078,-0.053222548393976124,-0.10194686805841316,-0.08508495322365145
2018_16_KC_SEA,KC,0.222548788553928,0.10593211658981026,-2.675736752840189,0.5548641105267991,0.02335516061450887
2018_16_KC_SEA,SEA,0.5548641105267991,0.02335516061450887,11.231282574159128,0.222548788553928,0.10593211658981026
2018_16_LA_ARI,ARI,-0.004578322457130257,-0.34440357535329114,-9.393709705721948,0.18334149995744428,0.38445724913810564
2018_16_LA_ARI,LA,0.18334149995744428,0.38445724913810564,13.388381056163622,-0.004578322457130257,-0.34440357535329114
2018_16_MIN_DET,DET,-0.2809350914075458,-0.44547083501126145,-15.87899632397152,0.29229148649025505,-0.34665215641440134
2018_16_MIN_DET,MIN,0.29229148649025505,-0.34665215641440134,8.028726599046163,-0.2809350914075458,-0.44547083501126145
2018_16_NYG_IND,IND,0.3178126782677639,-0.07174201187236966,3.3956837247718465,0.5436821863012432,-0.09831369781542369
2018_16_NYG_IND,NYG,0.5436821863012432,-0.09831369781542369,10.415984545984577,0.3178126782677639,-0.07174201187236966
2018_16_PIT_NO,NO,0.25037324226440205,-0.0318294044715769,0.701817335226597,0.30329339465565175,-0.5587763464245654
2018_16_PIT_NO,PIT,0.30329339465565175,-0.5587763464245654,3.8121775096776536,0.25037324226440205,-0.0318294044715769
2018_16_TB_DAL,DAL,0.10714127289231251,-0.21539991944471537,7.436427116394043,0.08862841277147014,-0.5578459684367535
2018_16_TB_DAL,TB,0.08862841277147014,-0.5578459684367535,4.760762769728899,0.10714127289231251,-0.21539991944471537
2018_16_WAS_TEN,TEN,0.27803193109684077,-0.11649144148171987,5.143420203872349,-0.054360245763623256,0.029395994375911814
2018_16_WAS_TEN,WAS,-0.054360245763623256,0.029395994375911814,-4.743943007096,0.27803193109684077,-0.11649144148171987
2018_17_ARI_SEA,ARI,-0.5407758585691531,-0.047789635474905376,-5.250452323393389,-0.309661706787891,0.04323945667676847
2018_17_ARI_SEA,SEA,-0.309661706787891,0.04323945667676847,-4.6228280663490295,-0.5407758585691531,-0.047789635474905376
2018_17_ATL_TB,ATL,0.3871816632595122,-0.156621367196311,8.207625081372816,0.3125685070550829,-0.15973148956836666
2018_17_ATL_TB,TB,0.3125685070550829,-0.15973148956836666,4.995001945644617,0.3871816632595122,-0.156621367196311
2018_17_CAR_NO,CAR,0.5610951916501566,-0.1929324464666965,-3.003819783528646,-0.3220781155604137,0.04439550786628388
2018_17_CAR_NO,NO,-0.3220781155604137,0.04439550786628388,-4.296968948273432,0.5610951916501566,-0.1929324464666965
2018_17_CHI_MIN,CHI,0.27619161654119534,-0.035602921307002315,0.3258928656578064,-0.4198397364643227,0.0017320983627411937
2018_17_CHI_MIN,MIN,-0.4198397364643227,0.0017320983627411937,-4.668648012222782,0.27619161654119534,-0.035602921307002315
2018_17_CIN_PIT,CIN,-0.30967601064130484,-0.020637793339761522,-12.781410048837246,-0.09227102075630418,-0.1642995091646703
2018_17_CIN_PIT,PIT,-0.09227102075630418,-0.1642995091646703,-0.7742324140336778,-0.30967601064130484,-0.020637793339761522
2018_17_CLE_BAL,BAL,0.11648060691104972,0.09188689281886543,-9.605195470478224,0.20401353680021667,-0.09783020936107883
2018_17_CLE_BAL,CLE,0.20401353680021667,-0.09783020936107883,-4.170338991211682,0.11648060691104972,0.09188689281886543
2018_17_DAL_NYG,DAL,0.4122485108564798,-0.22826473244870277,-0.08313170699186104,0.09483709581609777,0.1909100394531438
2018_17_DAL_NYG,NYG,0.09483709581609777,0.1909100394531438,-5.6485453477272625,0.4122485108564798,-0.22826473244870277
2018_17_DET_GB,DET,0.6349930371984024,-0.10860344874488778,-1.789260542753971,-0.32895006706214347,-0.5390769144804735
2018_17_DET_GB,GB,-0.32895006706214347,-0.5390769144804735,-13.569036953979069,0.6349930371984024,-0.10860344874488778
2018_17_IND_TEN,IND,0.16483312730634897,-0.10713438486952025,4.64394245828901,-0.557130814037688,0.0019329976930748671
2018_17_IND_TEN,TEN,-0.557130814037688,0.0019329976930748671,-8.029362251018656,0.16483312730634897,-0.10713438486952025
2018_17_JAX_HOU,HOU,0.0006531370269195026,-0.03959114533063257,1.6631677321025304,-0.4118725037949025,-0.5947670330836748
2018_17_JAX_HOU,JAX,-0.4118725037949025,-0.5947670330836748,-16.210472583770752,0.0006531370269195026,-0.03959114533063257
2018_17_LAC_DEN,DEN,-0.14660432898532422,-0.5397890972769043,-1.3825734562062202,-0.11331578000681475,-0.25269261826580425
2018_17_LAC_DEN,LAC,-0.11331578000681475,-0.25269261826580425,-7.426302134990692,-0.14660432898532422,-0.5397890972769043
2018_17_MIA_BUF,BUF,0.3706817203571589,0.039268143661991835,2.2228178878625235,-0.39775952600344305,-0.341839977731676
2018_17_MIA_BUF,MIA,-0.39775952600344305,-0.341839977731676,-3.7101380030314126,0.3706817203571589,0.039268143661991835
2018_17_NYJ_NE,NE,0.3887480801916986,-0.02834545582601126,11.846814583986998,-0.2334375937552466,-0.838065421527616
2018_17_NYJ_NE,NYJ,-0.2334375937552466,-0.838065421527616,-4.140613228082657,0.3887480801916986,-0.02834545582601126
2018_17_OAK_KC,KC,0.5790602824999951,-0.057527302231173964,-6.243009920473452,-0.476147145636142,-0.1882358582365198
2018_17_OAK_KC,LV,-0.476147145636142,-0.1882358582365198,3.3461185172200203,0.5790602824999951,-0.057527302231173964
2018_17_PHI_WAS,PHI,0.24470696596833075,0.10158730999137333,14.321583334137411,-0.44410819164310983,-0.6479592193870551
2018_17_PHI_WAS,WAS,-0.44410819164310983,-0.6479592193870551,-18.1195432389224,0.24470696596833075,0.10158730999137333
2018_17_SF_LA,LA,0.5714808614756831,-0.14055283384805078,0.18386432418116816,0.12471729095086921,-0.23154345058296
2018_17_SF_LA,SF,0.12471729095086921,-0.23154345058296,5.462559425469601,0.5714808614756831,-0.14055283384805078
2019_01_ATL_MIN,ATL,-0.035327966361977464,-0.5852229333831929,3.3820614549848766,0.7117345886321605,-0.0010145561914337246
2019_01_ATL_MIN,MIN,0.7117345886321605,-0.0010145561914337246,17.185257540808784,-0.035327966361977464,-0.5852229333831929
2019_01_BAL_MIA,BAL,1.3045079486109803,0.16407260726361225,28.640442609786987,-0.19493521298944783,-0.5387810465181246
2019_01_BAL_MIA,MIA,-0.19493521298944783,-0.5387810465181246,-7.941966596990824,1.3045079486109803,0.16407260726361225
2019_01_BUF_NYJ,BUF,-0.11252217762620549,-0.04310472554384938,2.8364402055740356,-0.09587988009007575,-0.2206382363649976
2019_01_BUF_NYJ,NYJ,-0.09587988009007575,-0.2206382363649976,-1.9246248210348733,-0.11252217762620549,-0.04310472554384938
2019_01_CIN_SEA,CIN,0.1761328317107773,-0.6864318060378615,3.138865986648871,-0.039413954337360335,-0.2892409222101075
2019_01_CIN_SEA,SEA,-0.039413954337360335,-0.2892409222101075,12.202661915829307,0.1761328317107773,-0.6864318060378615
2019_01_DEN_OAK,DEN,0.21272870301547556,-0.057005607888034625,4.530867536862691,0.6297285225376038,-0.052093441569097176
2019_01_DEN_OAK,LV,0.6297285225376038,-0.052093441569097176,15.2564688370778,0.21272870301547556,-0.057005607888034625
2019_01_DET_ARI,ARI,-0.1042989167630973,-0.04654863124596886,-9.874017708576643,0.22355874480048585,-0.29593749581908924
2019_01_DET_ARI,DET,0.22355874480048585,-0.29593749581908924,4.010775249178817,-0.1042989167630973,-0.04654863124596886
2019_01_GB_CHI,CHI,-0.28951234002070186,-0.3005958394690727,-8.312557366761295,-0.04684213940977409,-0.3531575227695468
2019_01_GB_CHI,GB,-0.04684213940977409,-0.3531575227695468,-0.9360205244134974,-0.28951234002070186,-0.3005958394690727
2019_01_HOU_NO,HOU,0.2936123344172701,0.17176375914435915,2.5812317585122995,0.2918478263479669,0.11691808421128974
2019_01_HOU_NO,NO,0.2918478263479669,0.11691808421128974,11.077493352767748,0.2936123344172701,0.17176375914435915
2019_01_IND_LAC,IND,0.2327004337567751,0.3006502524786488,10.547585509441516,0.1896759158722117,0.18526547796292497
2019_01_IND_LAC,LAC,0.1896759158722117,0.18526547796292497,6.993950991069569,0.2327004337567751,0.3006502524786488
2019_01_KC_JAX,JAX,0.29683106089487804,-0.2551551909564296,11.692364739649223,0.6126021669586872,-0.021907415798453327
2019_01_KC_JAX,KC,0.6126021669586872,-0.021907415798453327,7.578775023712831,0.29683106089487804,-0.2551551909564296
2019_01_LA_CAR,CAR,-0.21892861703088387,-0.007594566888396384,-1.815383418186291,-0.03501299143016305,0.09556727650924586
2019_01_LA_CAR,LA,-0.03501299143016305,0.09556727650924586,-4.55754689480129,-0.21892861703088387,-0.007594566888396384
2019_01_NYG_DAL,DAL,0.834089323250939,-0.24895748348984245,8.916627150028944,-0.037114755984107,0.551415718855181
2019_01_NYG_DAL,NYG,-0.037114755984107,0.551415718855181,2.9272496700286865,0.834089323250939,-0.24895748348984245
2019_01_PIT_NE,NE,0.48783617978214194,-0.13681499862965818,0.16495094106004043,-0.12164276386487888,-0.4519876089858978
2019_01_PIT_NE,PIT,-0.12164276386487888,-0.4519876089858978,-8.920097351074219,0.48783617978214194,-0.13681499862965818
2019_01_SF_TB,SF,0.07098149941869725,-0.2355183738497241,-3.1555440690782337,-0.47404938967670357,-0.0039602702017873526
2019_01_SF_TB,TB,-0.47404938967670357,-0.0039602702017873526,-6.335117580259547,0.07098149941869725,-0.2355183738497241
2019_01_TEN_CLE,CLE,-0.3977470701995154,-0.2870737042738421,-2.449152814714532,0.33259392314551395,0.03905021458864212
2019_01_TEN_CLE,TEN,0.33259392314551395,0.03905021458864212,-7.213039323687553,-0.3977470701995154,-0.2870737042738421
2019_01_WAS_PHI,PHI,0.4347459754300969,-0.09748047156211441,6.817475037697034,0.4542244747238574,-0.5423546097241342
2019_01_WAS_PHI,WAS,0.4542244747238574,-0.5423546097241342,3.6906943764797475,0.4347459754300969,-0.09748047156211441
2019_02_ARI_BAL,ARI,0.2428682849083233,-0.49033028587159194,4.409263303151002,0.30093095584376356,-0.15145705919512065
2019_02_ARI_BAL,BAL,0.30093095584376356,-0.15145705919512065,2.0765279020581926,0.2428682849083233,-0.49033028587159194
2019_02_BUF_NYG,BUF,0.22809417225653306,0.09279167338099796,1.4432819826262338,-0.2030227739368154,0.14926249630072908
2019_02_BUF_NYG,NYG,-0.2030227739368154,0.14926249630072908,-7.072964784773913,0.22809417225653306,0.09279167338099796
2019_02_CHI_DEN,CHI,0.05450568228798982,0.01181533340444747,-10.161098617094535,0.15724482874505133,-0.2078827310493216
2019_02_CHI_DEN,DEN,0.15724482874505133,-0.2078827310493216,-0.3790932297706604,0.05450568228798982,0.01181533340444747
2019_02_CLE_NYJ,CLE,0.11111809296472423,-0.14899067411897704,-5.063099227845669,-0.3630980738264043,-0.2299604137457328
2019_02_CLE_NYJ,NYJ,-0.3630980738264043,-0.2299604137457328,6.015680730342865,0.11111809296472423,-0.14899067411897704
2019_02_DAL_WAS,DAL,0.448096241732643,0.11275563938782879,18.402547041575115,0.15448483848012984,-0.1538467762824011
2019_02_DAL_WAS,WAS,0.15448483848012984,-0.1538467762824011,0.24764570030006203,0.448096241732643,0.11275563938782879
2019_02_IND_TEN,IND,0.024307201132713188,0.051103524153023175,-4.166824313310476,-0.02055330155752896,-0.07867608068442099
2019_02_IND_TEN,TEN,-0.02055330155752896,-0.07867608068442099,0.8536728528829721,0.024307201132713188,0.051103524153023175
2019_02_JAX_HOU,HOU,-0.18752570754496908,0.008189057773311756,-6.034504750679279,-0.10538270760312136,-0.3367353709319141
2019_02_JAX_HOU,JAX,-0.10538270760312136,-0.3367353709319141,-0.5678481224811438,-0.18752570754496908,0.008189057773311756
2019_02_KC_OAK,KC,0.46067714492377454,-0.47694126665980247,8.086409961635416,-0.18263177770131733,0.08108643108616762
2019_02_KC_OAK,LV,-0.18263177770131733,0.08108643108616762,-6.8694253225584285,0.46067714492377454,-0.47694126665980247
2019_02_LAC_DET,DET,0.16520818340048882,-0.21750133628553997,4.2574262619018555,0.11267060143713849,-0.2012982774831471
2019_02_LAC_DET,LAC,0.11267060143713849,-0.2012982774831471,-5.224092602729797,0.16520818340048882,-0.21750133628553997
2019_02_MIN_GB,GB,0.012337777996435761,-0.2524129629653709,7.408933197298357,-0.37412948551378167,0.23976748051175562
2019_02_MIN_GB,MIN,-0.37412948551378167,0.23976748051175562,-10.97261110941569,0.012337777996435761,-0.2524129629653709
2019_02_NE_MIA,MIA,-0.8461663151853523,-0.3541267970410575,-16.102393391804817,0.4488664777566338,-0.10914442644827753
2019_02_NE_MIA,NE,0.4488664777566338,-0.10914442644827753,9.017643119607653,-0.8461663151853523,-0.3541267970410575
2019_02_NO_LA,LA,0.146934144813613,0.04008129795399252,0.4796628441129412,-0.17247046236695018,-0.36631191035202293
2019_02_NO_LA,NO,-0.17247046236695018,-0.36631191035202293,-7.980340998619795,0.146934144813613,0.04008129795399252
2019_02_PHI_ATL,ATL,0.017540360359516744,-0.23238196947204415,-4.1968710200731145,-0.024373573173433465,-0.29578494017186574
2019_02_PHI_ATL,PHI,-0.024373573173433465,-0.29578494017186574,-5.263634850370123,0.017540360359516744,-0.23238196947204415
2019_02_SEA_PIT,PIT,-0.10335554346687155,0.04052127561226371,-9.072843194007874,0.33943084478534546,-0.430837963444807
2019_02_SEA_PIT,SEA,0.33943084478534546,-0.430837963444807,14.368046607289996,-0.10335554346687155,0.04052127561226371
2019_02_SF_CIN,CIN,0.04074776009053345,-0.3829553399670036,-4.143492167904263,0.6792416132974859,0.21084705665853107
2019_02_SF_CIN,SF,0.6792416132974859,0.21084705665853107,3.705585805269388,0.04074776009053345,-0.3829553399670036
2019_02_TB_CAR,CAR,-0.08752832510116483,-0.688192392531564,-10.600641491461774,0.1453405741616508,-0.1200577196224393
2019_02_TB_CAR,TB,0.1453405741616508,-0.1200577196224393,8.192164182662964,-0.08752832510116483,-0.688192392531564
2019_03_ATL_IND,ATL,0.4935813851555446,-0.06912568812840618,20.680713834184587,0.5234075457075864,-0.20489646239862355
2019_03_ATL_IND,IND,0.5234075457075864,-0.20489646239862355,6.688408801952998,0.4935813851555446,-0.06912568812840618
2019_03_BAL_KC,BAL,0.07917032567518717,0.3769673373909202,-8.35318839134172,0.4720238819599535,0.006945043776953674
2019_03_BAL_KC,KC,0.4720238819599535,0.006945043776953674,12.120127422469002,0.07917032567518717,0.3769673373909202
2019_03_CAR_ARI,ARI,-0.249215829519506,0.28969818991899954,-2.3444595081465587,0.45139070528715947,0.10265304656486436
2019_03_CAR_ARI,CAR,0.45139070528715947,0.10265304656486436,10.963582396507263,-0.249215829519506,0.28969818991899954
2019_03_CHI_WAS,CHI,0.28649323182716313,-0.1765140997383849,11.571194856397566,-0.17320468964774566,-0.4327142314519733
2019_03_CHI_WAS,WAS,-0.17320468964774566,-0.4327142314519733,1.0831825789951144,0.28649323182716313,-0.1765140997383849
2019_03_CIN_BUF,BUF,-0.0035534589150885815,-0.0990797144092334,6.324446381944599,-0.2391206485616384,-0.0706253982934868
2019_03_CIN_BUF,CIN,-0.2391206485616384,-0.0706253982934868,-8.083472357076758,-0.0035534589150885815,-0.0990797144092334
2019_03_DEN_GB,DEN,-0.3101881016248392,0.07916966084283902,0.5836401666913714,0.22141210374833353,0.03311254450489307
2019_03_DEN_GB,GB,0.22141210374833353,0.03311254450489307,-4.597572706363819,-0.3101881016248392,0.07916966084283902
2019_03_DET_PHI,DET,0.14361170289242228,-0.05735720199765638,-1.882411539554596,-0.01320051283664362,-0.2542387983681962
2019_03_DET_PHI,PHI,-0.01320051283664362,-0.2542387983681962,-8.22750449180603,0.14361170289242228,-0.05735720199765638
2019_03_HOU_LAC,HOU,0.5690265383715138,-0.6863424646326166,8.215736816911136,0.08132432391881005,-0.26473172761570024
2019_03_HOU_LAC,LAC,0.08132432391881005,-0.26473172761570024,5.018435742544091,0.5690265383715138,-0.6863424646326166
2019_03_LA_CLE,CLE,-0.10754517144578507,-0.2557293154660147,-11.179205687607036,0.11336113186921841,-0.08410723475919274
2019_03_LA_CLE,LA,0.11336113186921841,-0.08410723475919274,3.2522347412611308,-0.10754517144578507,-0.2557293154660147
2019_03_MIA_DAL,DAL,0.15604011000373819,0.18995195188825684,0.22066970666249594,-0.12240250168118423,-0.5202335449704585
2019_03_MIA_DAL,MIA,-0.12240250168118423,-0.5202335449704585,-14.905479841115998,0.15604011000373819,0.18995195188825684
2019_03_NO_SEA,NO,0.23752464759022449,-0.19794226285264543,-3.074580982879356,0.2787950249471275,-0.808954340782789
2019_03_NO_SEA,SEA,0.2787950249471275,-0.808954340782789,9.165917045396307,0.23752464759022449,-0.19794226285264543
2019_03_NYG_TB,NYG,0.26049139865674004,-0.21166237615034333,3.928691562679079,0.24490439447117326,0.0014526197796836135
2019_03_NYG_TB,TB,0.24490439447117326,0.0014526197796836135,6.677401976452933,0.26049139865674004,-0.21166237615034333
2019_03_NYJ_NE,NE,0.11966934922141566,-0.28371579886164944,1.3723275689191596,-0.6041820271018271,-0.6226136061479337
2019_03_NYJ_NE,NYJ,-0.6041820271018271,-0.6226136061479337,-14.250810037959706,0.11966934922141566,-0.28371579886164944
2019_03_OAK_MIN,LV,-0.03807084933414847,-0.14484117034298832,8.333533189513467,0.5455105468931042,0.04938138625635953
2019_03_OAK_MIN,MIN,0.5455105468931042,0.04938138625635953,-0.22574976086616516,-0.03807084933414847,-0.14484117034298832
2019_03_PIT_SF,PIT,-0.18682351317197704,-0.32993964770705336,-11.564812981165373,0.08934342051927363,-0.33664352243722273
2019_03_PIT_SF,SF,0.08934342051927363,-0.33664352243722273,10.573464535897777,-0.18682351317197704,-0.32993964770705336
2019_03_TEN_JAX,JAX,0.08202239819444476,-0.3649544661234626,-0.5998598535855612,-0.10648982231733888,-0.21795626435398488
2019_03_TEN_JAX,TEN,-0.10648982231733888,-0.21795626435398488,-0.7964262836857846,0.08202239819444476,-0.3649544661234626
2019_04_CAR_HOU,CAR,-0.07579523087537612,-0.2128702695744038,4.644393469348098,-0.44836863427426854,0.28354281501960943
2019_04_CAR_HOU,HOU,-0.44836863427426854,0.28354281501960943,-5.115081276744604,-0.07579523087537612,-0.2128702695744038
2019_04_CIN_PIT,CIN,-0.44982279822196986,0.06963318386503185,-10.234175705247456,0.37664495312128565,-0.32587402070556704
2019_04_CIN_PIT,PIT,0.37664495312128565,-0.32587402070556704,13.99305502573649,-0.44982279822196986,0.06963318386503185
2019_04_CLE_BAL,BAL,-0.03563490406676499,0.05038268989457616,5.740419752670057,0.4393556168943368,0.2668563415374655
2019_04_CLE_BAL,CLE,0.4393556168943368,0.2668563415374655,-2.3680252413595877,-0.03563490406676499,0.05038268989457616
2019_04_DAL_NO,DAL,0.010483038664578564,-0.4375725539192851,5.55915246407191,-0.19694655428162075,-0.07581614935770631
2019_04_DAL_NO,NO,-0.19694655428162075,-0.07581614935770631,3.235089977582296,0.010483038664578564,-0.4375725539192851
2019_04_JAX_DEN,DEN,0.14359807325211757,-0.1588162531804604,-2.4422803946903775,0.05216541271640263,0.15830370106711975
2019_04_JAX_DEN,JAX,0.05216541271640263,0.15830370106711975,-1.061476394534111,0.14359807325211757,-0.1588162531804604
2019_04_KC_DET,DET,0.1612520281483954,-0.4344538905116839,0.7547224871814251,0.2626015457576453,-0.1759224912384525
2019_04_KC_DET,KC,0.2626015457576453,-0.1759224912384525,-1.9214328282918685,0.1612520281483954,-0.4344538905116839
2019_04_LAC_MIA,LAC,0.6257187439152307,-0.1484595110654951,16.62592460711797,-0.06719508085933003,-0.16121419840783346
2019_04_LAC_MIA,MIA,-0.06719508085933003,-0.16121419840783346,1.1683835337559383,0.6257187439152307,-0.1484595110654951
2019_04_MIN_CHI,CHI,0.18094054225756492,-0.3205885229572232,3.5258500865011504,-0.3084089159194898,-0.04966593452991219
2019_04_MIN_CHI,MIN,-0.3084089159194898,-0.04966593452991219,3.063018662588937,0.18094054225756492,-0.3205885229572232
2019_04_NE_BUF,BUF,-0.2980562223203394,0.031348187464755026,-8.357022884415418,-0.2981749391240741,-0.02341775491076987
2019_04_NE_BUF,NE,-0.2981749391240741,-0.02341775491076987,-12.735606467022615,-0.2980562223203394,0.031348187464755026
2019_04_OAK_IND,IND,-0.02227775684980607,-0.1661821283278582,-13.341075117173402,0.2329683334549721,0.023224845564278264
2019_04_OAK_IND,LV,0.2329683334549721,0.023224845564278264,3.975843425307955,-0.02227775684980607,-0.1661821283278582
2019_04_PHI_GB,GB,0.3124247012766353,-0.28435963433391104,4.237663806701193,0.23747058083057676,0.3675286639873179
2019_04_PHI_GB,PHI,0.23747058083057676,0.3675286639873179,-3.460901865252742,0.3124247012766353,-0.28435963433391104
2019_04_SEA_ARI,ARI,-0.2216202542791386,0.03383582589560233,-1.0267870624860127,0.17569598980546106,0.06111141318643394
2019_04_SEA_ARI,SEA,0.17569598980546106,0.06111141318643394,16.65977129229793,-0.2216202542791386,0.03383582589560233
2019_04_TB_LA,LA,-0.029635171420783497,-0.14182677162832327,-1.8962477059925305,0.5487000815066275,-0.11935600433595633
2019_04_TB_LA,TB,0.5487000815066275,-0.11935600433595633,5.911615788936615,-0.029635171420783497,-0.14182677162832327
2019_04_TEN_ATL,ATL,-0.02665665331689885,-0.44957079511368647,-0.3000115156173706,0.2753729026804772,-0.10685029942507038
2019_04_TEN_ATL,TEN,0.2753729026804772,-0.10685029942507038,8.727136796171015,-0.02665665331689885,-0.44957079511368647
2019_04_WAS_NYG,NYG,0.18141165405263907,-0.34595420805712684,2.4253380875433646,-0.5796377990899101,-0.492476833522475
2019_04_WAS_NYG,WAS,-0.5796377990899101,-0.492476833522475,-7.416438827147851,0.18141165405263907,-0.34595420805712684
2019_05_ARI_CIN,ARI,0.2975076565155965,0.17691413472638323,3.0235531830018565,0.23411733059588533,-0.18012698439512556
2019_05_ARI_CIN,CIN,0.23411733059588533,-0.18012698439512556,4.9949601695344255,0.2975076565155965,0.17691413472638323
2019_05_ATL_HOU,ATL,0.0974807428672574,-0.07906328885777232,4.280298880555413,0.9845332425006773,-0.04572366867282921
2019_05_ATL_HOU,HOU,0.9845332425006773,-0.04572366867282921,17.85810391108195,0.0974807428672574,-0.07906328885777232
2019_05_BAL_PIT,BAL,-0.18815942069137975,0.011802140719648488,1.0024432625089372,-0.06230729815155156,-0.1827729425308967
2019_05_BAL_PIT,PIT,-0.06230729815155156,-0.1827729425308967,0.4060325026512146,-0.18815942069137975,0.011802140719648488
2019_05_BUF_TEN,BUF,-0.07550948735588463,-0.14539601155080495,6.829249447789685,-0.08759791918649668,-0.07560190967749804
2019_05_BUF_TEN,TEN,-0.08759791918649668,-0.07560190967749804,-8.732222659247261,-0.07550948735588463,-0.14539601155080495
2019_05_CHI_OAK,CHI,0.1365770404617682,-0.29718902974855155,6.339750786622365,0.11580831995288227,0.0010941453970429536
2019_05_CHI_OAK,LV,0.11580831995288227,0.0010941453970429536,8.409756819407145,0.1365770404617682,-0.29718902974855155
2019_05_CLE_SF,CLE,-0.8185461354432658,-0.04160879106752367,-18.547586012970317,0.1902972000567803,0.1649308626088896
2019_05_CLE_SF,SF,0.1902972000567803,0.1649308626088896,4.112773495061057,-0.8185461354432658,-0.04160879106752367
2019_05_DEN_LAC,DEN,-0.18505538121360274,0.10237195029707649,7.065889866728532,-0.18271053858045683,-0.4254038158687763
2019_05_DEN_LAC,LAC,-0.18271053858045683,-0.4254038158687763,-1.11869884573895,-0.18505538121360274,0.10237195029707649
2019_05_GB_DAL,DAL,0.061019965962192564,0.0019266815749385084,0.6564990395591372,0.12854344130650527,0.15743819038415005
2019_05_GB_DAL,GB,0.12854344130650527,0.15743819038415005,2.2718959277676,0.061019965962192564,0.0019266815749385084
2019_05_IND_KC,IND,-0.04877525918748502,0.12264366617005026,-1.3235653822238629,-0.02508306976719818,-0.35121580255112017
2019_05_IND_KC,KC,-0.02508306976719818,-0.35121580255112017,-3.6330120789038167,-0.04877525918748502,0.12264366617005026
2019_05_JAX_CAR,CAR,0.03286611199046216,0.4320976035915709,-7.093192211219242,0.0596874292231029,-0.20594391981789018
2019_05_JAX_CAR,JAX,0.0596874292231029,-0.20594391981789018,0.24358872324228287,0.03286611199046216,0.4320976035915709
2019_05_LA_SEA,LA,0.2674406547008025,-0.1983601788936778,-6.782583801113829,0.3412524312684996,-0.039307493623283035
2019_05_LA_SEA,SEA,0.3412524312684996,-0.039307493623283035,21.581130000677977,0.2674406547008025,-0.1983601788936778
2019_05_MIN_NYG,MIN,0.618136179701786,0.00197733708122067,23.43912435074647,-0.15033399766372174,-0.21999373636499514
2019_05_MIN_NYG,NYG,-0.15033399766372174,-0.21999373636499514,-5.14489577876197,0.618136179701786,0.00197733708122067
2019_05_NE_WAS,NE,0.2695066238803273,-0.08818095522561904,2.3803897202014923,-0.6943677957216907,-0.07027250289684162
2019_05_NE_WAS,WAS,-0.6943677957216907,-0.07027250289684162,-5.398119489351909,0.2695066238803273,-0.08818095522561904
2019_05_NYJ_PHI,NYJ,-0.9114704537616122,-0.11586790359579027,-7.548871040344238,-0.00024294297899455633,-0.29565673649388674
2019_05_NYJ_PHI,PHI,-0.00024294297899455633,-0.29565673649388674,-2.8345592044017933,-0.9114704537616122,-0.11586790359579027
2019_05_TB_NO,NO,0.29992517791879336,-0.11916521944714567,11.11135070814806,0.03665221891363827,0.04100776295251164
2019_05_TB_NO,TB,0.03665221891363827,0.04100776295251164,-8.203056683907143,0.29992517791879336,-0.11916521944714567
2019_06_ATL_ARI,ARI,0.5324426222853537,-0.20111217844279725,2.9018923214503696,0.47341977741540725,0.02543997921115395
2019_06_ATL_ARI,ATL,0.47341977741540725,0.02543997921115395,20.015229985994452,0.5324426222853537,-0.20111217844279725
2019_06_CAR_TB,CAR,0.1360841313817535,-0.2129563843402779,-0.4417701113608576,-0.22272424597866247,0.09106921471435843
2019_06_CAR_TB,TB,-0.22272424597866247,0.09106921471435843,-6.136433149759586,0.1360841313817535,-0.2129563843402779
2019_06_CIN_BAL,BAL,0.16240327648877972,0.11134484558416984,3.16457172919964,0.03691804563731948,-0.4483319741467802
2019_06_CIN_BAL,CIN,0.03691804563731948,-0.4483319741467802,-9.391269893259615,0.16240327648877972,0.11134484558416984
2019_06_DAL_NYJ,DAL,0.28109767188356616,-0.12909761721278878,7.236417822348765,0.30980783278607305,-0.21419984243887788
2019_06_DAL_NYJ,NYJ,0.30980783278607305,-0.21419984243887788,10.414451857407888,0.28109767188356616,-0.12909761721278878
2019_06_DET_GB,DET,0.06217521965579263,-0.13393186945015462,-4.730998165905476,0.069077870290104,-0.014143240376671628
2019_06_DET_GB,GB,0.069077870290104,-0.014143240376671628,1.0223272599672015,0.06217521965579263,-0.13393186945015462
2019_06_HOU_KC,HOU,0.3609175793367626,-0.016869317198870703,6.746404263235274,0.07192730143290173,0.041036447224905716
2019_06_HOU_KC,KC,0.07192730143290173,0.041036447224905716,-9.771668825830732,0.3609175793367626,-0.016869317198870703
2019_06_NO_JAX,JAX,-0.20512159527947219,-0.24945272276685995,-14.193674701231497,0.06514922689600972,-0.059217827937100086
2019_06_NO_JAX,NO,0.06514922689600972,-0.059217827937100086,1.1411932461401995,-0.20512159527947219,-0.24945272276685995
2019_06_NYG_NE,NE,0.025754882762521608,-0.13523398005936266,6.192062613440723,-0.651622006413698,-0.25502134234023593
2019_06_NYG_NE,NYG,-0.651622006413698,-0.25502134234023593,-9.64758365318693,0.025754882762521608,-0.13523398005936266
2019_06_PHI_MIN,MIN,0.6405736476611256,-0.36200320758258125,16.100991730179107,-0.06518874426321512,-0.21713784748377898
2019_06_PHI_MIN,PHI,-0.06518874426321512,-0.21713784748377898,-5.470748936257711,0.6405736476611256,-0.36200320758258125
2019_06_PIT_LAC,LAC,0.12089291575671646,-0.8088312808249611,0.8526923401015145,0.20294497307380627,-0.1372339125195544
2019_06_PIT_LAC,PIT,0.20294497307380627,-0.1372339125195544,8.360233589222556,0.12089291575671646,-0.8088312808249611
2019_06_SEA_CLE,CLE,-0.028384491315035596,-0.09352775655729188,-4.244952980015013,0.45735705168621343,-0.21760594714623582
2019_06_SEA_CLE,SEA,0.45735705168621343,-0.21760594714623582,11.864537931978703,-0.028384491315035596,-0.09352775655729188
2019_06_SF_LA,LA,-0.6480042939423584,-0.5044946164813485,-17.98527588446935,0.020303624656502706,-0.15399115380647077
2019_06_SF_LA,SF,0.020303624656502706,-0.15399115380647077,7.696398419718588,-0.6480042939423584,-0.5044946164813485
2019_06_TEN_DEN,DEN,-0.12414077769005157,-0.20009909379238788,0.24170417052048904,-0.34223737998647574,-0.5166933578212694
2019_06_TEN_DEN,TEN,-0.34223737998647574,-0.5166933578212694,-3.8358923979103565,-0.12414077769005157,-0.20009909379238788
2019_06_WAS_MIA,MIA,-0.24976579184752576,0.06512196203134527,-5.865089950107393,0.09303851901970346,-0.05520987776370959
2019_06_WAS_MIA,WAS,0.09303851901970346,-0.05520987776370959,-8.480294421315193,-0.24976579184752576,0.06512196203134527
2019_07_ARI_NYG,ARI,0.2339620781377197,-0.059953941596177174,-5.602323299362546,-0.19678143927714153,-0.18184234422515147
2019_07_ARI_NYG,NYG,-0.19678143927714153,-0.18184234422515147,-5.285032221249172,0.2339620781377197,-0.059953941596177174
2019_07_BAL_SEA,BAL,0.3613083638924642,-0.07506529298249444,-18.52101668715477,-0.21346293366186692,-0.1041662672185339
2019_07_BAL_SEA,SEA,-0.21346293366186692,-0.1041662672185339,-5.762966055619089,0.3613083638924642,-0.07506529298249444
2019_07_HOU_IND,HOU,0.03670510656268696,-0.12159081985521998,1.2562064510403257,0.4882197820571373,-0.7248765213997104
2019_07_HOU_IND,IND,0.4882197820571373,-0.7248765213997104,4.979097967346509,0.03670510656268696,-0.12159081985521998
2019_07_JAX_CIN,CIN,-0.18606200626535763,-0.5025150904208809,-12.088668630236672,0.11181861667189807,-0.10248999157207747
2019_07_JAX_CIN,JAX,0.11181861667189807,-0.10248999157207747,-10.889527627399989,-0.18606200626535763,-0.5025150904208809
2019_07_KC_DEN,DEN,-0.5158044552175431,-0.09850919966265263,-3.244084751967228,0.0656810103128268,-0.09661834924147968
2019_07_KC_DEN,KC,0.0656810103128268,-0.09661834924147968,-2.0857541725553315,-0.5158044552175431,-0.09850919966265263
2019_07_LAC_TEN,LAC,0.4178203442343392,-0.5534123377417147,6.553516758454813,0.4417600754767348,-0.21248731152445544
2019_07_LAC_TEN,TEN,0.4417600754767348,-0.21248731152445544,14.978376955821597,0.4178203442343392,-0.5534123377417147
2019_07_LA_ATL,ATL,-0.2927238717045434,-0.31287581749659565,-0.191206643075654,0.4807781181250891,-0.22300693572450625
2019_07_LA_ATL,LA,0.4807781181250891,-0.22300693572450625,-2.819472551345825,-0.2927238717045434,-0.31287581749659565
2019_07_MIA_BUF,BUF,0.2353976642873391,-0.018000578882962307,-0.35522520542144775,0.15322019523794783,-0.10412311713423997
2019_07_MIA_BUF,MIA,0.15322019523794783,-0.10412311713423997,6.392004121752346,0.2353976642873391,-0.018000578882962307
2019_07_MIN_DET,DET,0.25309314582669074,-0.08863462450625818,-2.04213109281328,0.7646053717478309,0.14564466841384824
2019_07_MIN_DET,MIN,0.7646053717478309,0.14564466841384824,7.9254527886708575,0.25309314582669074,-0.08863462450625818
2019_07_NE_NYJ,NE,0.17682662668089105,-0.09224959774292074,2.5185351570447287,-0.7380573075819197,-0.18637797985658316
2019_07_NE_NYJ,NYJ,-0.7380573075819197,-0.18637797985658316,-22.019503481926456,0.17682662668089105,-0.09224959774292074
2019_07_NO_CHI,CHI,-0.031946225617536295,-1.7343214333190449,-0.9010147230297911,0.3189202144427147,0.01590230640327968
2019_07_NO_CHI,NO,0.3189202144427147,0.01590230640327968,-3.0904025667243533,-0.031946225617536295,-1.7343214333190449
2019_07_OAK_GB,GB,0.9497910671099719,-0.1364241348055657,20.738749051916187,0.38582675039083797,-0.0943354792863829
2019_07_OAK_GB,LV,0.38582675039083797,-0.0943354792863829,15.051547654213444,0.9497910671099719,-0.1364241348055657
2019_07_PHI_DAL,DAL,0.3039712688068983,-0.05118078719307991,15.020567178726196,-0.2911255104943525,-0.3172286901949869
2019_07_PHI_DAL,PHI,-0.2911255104943525,-0.3172286901949869,-1.3566176891326904,0.3039712688068983,-0.05118078719307991
2019_07_SF_WAS,SF,0.15799386678007854,-0.2102072297424539,-7.552051246166229,0.06102596759860718,-0.47499915400664483
2019_07_SF_WAS,WAS,0.06102596759860718,-0.47499915400664483,-2.2731900215148926,0.15799386678007854,-0.2102072297424539
2019_08_ARI_NO,ARI,-0.2802565517590945,-0.4906657655162483,-9.68622574582696,0.26219374899265946,0.08224627803321238
2019_08_ARI_NO,NO,0.26219374899265946,0.08224627803321238,5.620945054431294,-0.2802565517590945,-0.4906657655162483
2019_08_CAR_SF,CAR,-0.6913418462747145,-0.06172517727896394,-16.35942378559628,0.17593412952192428,0.20362832121614902
2019_08_CAR_SF,SF,0.17593412952192428,0.20362832121614902,11.723527854139155,-0.6913418462747145,-0.06172517727896394
2019_08_CIN_LA,CIN,-0.0013885103440413524,0.11364293215973746,5.08067353318135,0.5989931071966594,-0.06917267992237332
2019_08_CIN_LA,LA,0.5989931071966594,-0.06917267992237332,-5.109368860721588,-0.0013885103440413524,0.11364293215973746
2019_08_CLE_NE,CLE,-0.2683669353876088,-0.37762680652252,-1.4104115962982178,0.1661176510827803,-0.24485342077516883
2019_08_CLE_NE,NE,0.1661176510827803,-0.24485342077516883,-4.479492735117674,-0.2683669353876088,-0.37762680652252
2019_08_DEN_IND,DEN,-0.017167722810045496,-0.16857251479485702,-4.626589088604368,-0.08516839795715375,-0.10980322622149961
2019_08_DEN_IND,IND,-0.08516839795715375,-0.10980322622149961,-6.542855501174927,-0.017167722810045496,-0.16857251479485702
2019_08_GB_KC,GB,0.41023795931686885,0.0313218510681985,11.89260184764862,0.22777234797500528,-0.09636933045265705
2019_08_GB_KC,KC,0.22777234797500528,-0.09636933045265705,0.028515798704964773,0.41023795931686885,0.0313218510681985
2019_08_LAC_CHI,CHI,-0.02804162200760592,-0.11199286312648792,2.8733578595248135,-0.08819962311226215,-0.29299608839911856
2019_08_LAC_CHI,LAC,-0.08819962311226215,-0.29299608839911856,3.7118192376761603,-0.02804162200760592,-0.11199286312648792
2019_08_MIA_PIT,MIA,-0.17259563477823464,-0.4226031454706875,-2.1494583198518464,0.14295010514288492,-0.09418374621964176
2019_08_MIA_PIT,PIT,0.14295010514288492,-0.09418374621964176,-2.4448869129021964,-0.17259563477823464,-0.4226031454706875
2019_08_NYG_DET,DET,0.3911817618119435,-0.4506118687640992,14.368705787966329,0.08072283869585498,-0.09336063486989588
2019_08_NYG_DET,NYG,0.08072283869585498,-0.09336063486989588,1.5275858342647552,0.3911817618119435,-0.4506118687640992
2019_08_NYJ_JAX,JAX,0.4161114452174136,-0.37963752267146983,3.1973091038790615,-0.23541584322100156,-0.21280858903316716
2019_08_NYJ_JAX,NYJ,-0.23541584322100156,-0.21280858903316716,4.729152445135446,0.4161114452174136,-0.37963752267146983
2019_08_OAK_HOU,HOU,0.278811031438576,0.007435302472138709,-0.6721160913768568,0.4431510301655984,-0.1610616219768417
2019_08_OAK_HOU,LV,0.4431510301655984,-0.1610616219768417,-7.5889502962430315,0.278811031438576,0.007435302472138709
2019_08_PHI_BUF,BUF,-0.08503497405642339,-0.4770817524367885,-13.226686273851703,0.23503430415380766,0.1540173770408759
2019_08_PHI_BUF,PHI,0.23503430415380766,0.1540173770408759,4.01826947927475,-0.08503497405642339,-0.4770817524367885
2019_08_SEA_ATL,ATL,0.20870085638389876,-0.28392489232808454,7.96753356651384,0.20317242029228857,0.03374384548195878
2019_08_SEA_ATL,SEA,0.20317242029228857,0.03374384548195878,9.365330785512924,0.20870085638389876,-0.28392489232808454
2019_08_TB_TEN,TB,0.13813929073081255,-0.4412527556951498,-5.927623335908099,0.1913387379446425,-0.7073188032227335
2019_08_TB_TEN,TEN,0.1913387379446425,-0.7073188032227335,2.581591136527784,0.13813929073081255,-0.4412527556951498
2019_08_WAS_MIN,MIN,0.22589732290944656,-0.212302623915126,17.27239191532135,-0.23427560347842388,-0.24706457671024562
2019_08_WAS_MIN,WAS,-0.23427560347842388,-0.24706457671024562,0.061998055094764346,0.22589732290944656,-0.212302623915126
2019_09_CHI_PHI,CHI,-0.23412145809968934,0.026217821752652526,-16.63930955387297,0.22765440527141934,-0.15669008548421257
2019_09_CHI_PHI,PHI,0.22765440527141934,-0.15669008548421257,-0.6977905065585406,-0.23412145809968934,0.026217821752652526
2019_09_CLE_DEN,CLE,0.24028179442464417,-0.4285664524060349,-3.105650246143341,0.09157485400716654,0.05026530585018918
2019_09_CLE_DEN,DEN,0.09157485400716654,0.05026530585018918,1.0491606261995103,0.24028179442464417,-0.4285664524060349
2019_09_DAL_NYG,DAL,0.19076170811711862,-0.003512906433134318,1.4324838624281042,-0.2981080737303924,-0.042763861587062774
2019_09_DAL_NYG,NYG,-0.2981080737303924,-0.042763861587062774,-4.558226902310441,0.19076170811711862,-0.003512906433134318
2019_09_DET_OAK,DET,0.3391808795260572,-0.25116501840371214,3.285415579633015,0.36285914999449786,0.09313529513585511
2019_09_DET_OAK,LV,0.36285914999449786,0.09313529513585511,11.382486864372536,0.3391808795260572,-0.25116501840371214
2019_09_GB_LAC,GB,-0.08393484451810813,0.010263494251634581,0.4264010664294748,0.21534318323651241,0.18758587447185407
2019_09_GB_LAC,LAC,0.21534318323651241,0.18758587447185407,15.032134262415079,-0.08393484451810813,0.010263494251634581
2019_09_HOU_JAX,HOU,0.44787960785312797,-0.16852583467789373,13.364372083118983,-0.34287708240893694,-0.03107969455463304
2019_09_HOU_JAX,JAX,-0.34287708240893694,-0.03107969455463304,-6.74657252701846,0.44787960785312797,-0.16852583467789373
2019_09_IND_PIT,IND,-0.13882523686262113,0.10874524787817094,1.7350903153419495,-0.04990333083582497,-0.28807796410877595
2019_09_IND_PIT,PIT,-0.04990333083582497,-0.28807796410877595,8.014598576461568,-0.13882523686262113,0.10874524787817094
2019_09_MIN_KC,KC,0.06527173436288919,0.19539086476556564,7.88270164938534,0.20963614511841933,-0.2664755221059615
2019_09_MIN_KC,MIN,0.20963614511841933,-0.2664755221059615,-12.136245297419059,0.06527173436288919,0.19539086476556564
2019_09_NE_BAL,BAL,0.5160762884565809,0.005563331217303671,2.550003062123838,-0.17688365519899552,-0.0036012502237013047
2019_09_NE_BAL,NE,-0.17688365519899552,-0.0036012502237013047,5.1376360945585295,0.5160762884565809,0.005563331217303671
2019_09_NYJ_MIA,MIA,0.3453386794684096,-0.4329537743620933,3.834524088435703,0.01595997648064732,-0.16608018574841876
2019_09_NYJ_MIA,NYJ,0.01595997648064732,-0.16608018574841876,10.647118836641312,0.3453386794684096,-0.4329537743620933
2019_09_SF_ARI,ARI,0.1581813097878979,0.19276463144215877,-2.6135154392408286,0.5824890917800076,-0.23737103572992574
2019_09_SF_ARI,SF,0.5824890917800076,-0.23737103572992574,7.743320916150068,0.1581813097878979,0.19276463144215877
2019_09_TB_SEA,SEA,0.4123286249986547,-0.13940157665117422,5.321017739384673,0.3037201474949553,-0.018252973307389765
2019_09_TB_SEA,TB,0.3037201474949553,-0.018252973307389765,4.281190453573715,0.4123286249986547,-0.13940157665117422
2019_09_TEN_CAR,CAR,0.08803033923835764,0.13547079978075893,-0.9084511796633402,0.19401722498131,-0.3242768867119019
2019_09_TEN_CAR,TEN,0.19401722498131,-0.3242768867119019,5.6145832345292375,0.08803033923835764,0.13547079978075893
2019_09_WAS_BUF,BUF,0.3378080576730525,-0.1082748641209845,12.025182396173477,-0.166582507452328,-0.06960898578732408
2019_09_WAS_BUF,WAS,-0.166582507452328,-0.06960898578732408,-1.496324891393835,0.3378080576730525,-0.1082748641209845
2019_10_ARI_TB,ARI,0.13874080501226682,-0.08675510411643807,4.917674147805502,0.09041480468589772,-0.05428587866723925
2019_10_ARI_TB,TB,0.09041480468589772,-0.05428587866723925,3.796355724334717,0.13874080501226682,-0.08675510411643807
2019_10_ATL_NO,ATL,0.16126549295273312,-0.1364451317503667,-6.421393435448408,-0.34742068799777925,0.04032626284011216
2019_10_ATL_NO,NO,-0.34742068799777925,0.04032626284011216,2.115999771790071,0.16126549295273312,-0.1364451317503667
2019_10_BAL_CIN,BAL,0.9074490106368498,0.1363962951540348,26.472212019420805,-0.6258879862372455,-0.05856288131562414
2019_10_BAL_CIN,CIN,-0.6258879862372455,-0.05856288131562414,-9.392333133467313,0.9074490106368498,0.1363962951540348
2019_10_BUF_CLE,BUF,0.0545342222910755,0.0006846926782080638,-2.9814399587802396,0.14756180322945323,-0.0824390539698167
2019_10_BUF_CLE,CLE,0.14756180322945323,-0.0824390539698167,3.53619048469945,0.0545342222910755,0.0006846926782080638
2019_10_CAR_GB,CAR,0.08090358568968088,-0.19584079149977437,8.71468617727882,0.1449650677555167,0.19136407277143846
2019_10_CAR_GB,GB,0.1449650677555167,0.19136407277143846,1.7674886518054538,0.08090358568968088,-0.19584079149977437
2019_10_DET_CHI,CHI,-0.054746284929217036,-0.059480894908673414,3.6575036204379536,-0.12296529517807549,-0.23254321874169956
2019_10_DET_CHI,DET,-0.12296529517807549,-0.23254321874169956,-5.209565994351409,-0.054746284929217036,-0.059480894908673414
2019_10_KC_TEN,KC,0.36792217004342953,-0.4395934150379617,5.991302582682396,0.01185048159211874,0.3190325351123512
2019_10_KC_TEN,TEN,0.01185048159211874,0.3190325351123512,9.81787074553339,0.36792217004342953,-0.4395934150379617
2019_10_LAC_OAK,LAC,-0.12563063376399902,0.12431783864514963,-3.249954600487986,0.10998248026367867,-0.13903238059453896
2019_10_LAC_OAK,LV,0.10998248026367867,-0.13903238059453896,0.5535690983136495,-0.12563063376399902,0.12431783864514963
2019_10_LA_PIT,LA,-0.43643040316830095,-0.29813369882079616,-16.21213434707551,0.02047946410576432,-0.8224939207450787
2019_10_LA_PIT,PIT,0.02047946410576432,-0.8224939207450787,-4.623717814683914,-0.43643040316830095,-0.29813369882079616
2019_10_MIA_IND,IND,-0.5072736062963611,-0.0989508390301597,-14.538165774100866,-0.18655991331367502,-0.4843066565109548
2019_10_MIA_IND,MIA,-0.18655991331367502,-0.4843066565109548,-8.315607905387878,-0.5072736062963611,-0.0989508390301597
2019_10_MIN_DAL,DAL,0.44240912738076704,-0.3815997242120581,0.9416612034494226,0.3627831152358524,0.13413365488522686
2019_10_MIN_DAL,MIN,0.3627831152358524,0.13413365488522686,8.855993420847001,0.44240912738076704,-0.3815997242120581
2019_10_NYG_NYJ,NYG,0.18563071605415707,-0.7526499939704081,1.2307152936333103,0.3005665932372053,-0.21467170068665706
2019_10_NYG_NYJ,NYJ,0.3005665932372053,-0.21467170068665706,4.201665410289058,0.18563071605415707,-0.7526499939704081
2019_10_SEA_SF,SEA,-0.3431326342681639,-0.23089811155567422,4.215433651750738,-0.2883884979413929,-0.2573740012290938
2019_10_SEA_SF,SF,-0.2883884979413929,-0.2573740012290938,-13.372400877150623,-0.3431326342681639,-0.23089811155567422
2019_11_ARI_SF,ARI,-0.04991594535370321,0.10054230181500316,0.3855270869804151,0.2408845843712884,-0.49330262596033925
2019_11_ARI_SF,SF,0.2408845843712884,-0.49330262596033925,8.735507117076354,-0.04991594535370321,0.10054230181500316
2019_11_ATL_CAR,ATL,0.3065742400069444,-0.19312298198230565,9.491044186776683,-0.32864984152699944,-0.33185464629958217
2019_11_ATL_CAR,CAR,-0.32864984152699944,-0.33185464629958217,-0.19843793929891385,0.3065742400069444,-0.19312298198230565
2019_11_BUF_MIA,BUF,0.4262135603059587,0.0740141222213424,1.4129094539150115,-0.18067164570960864,-0.29095288952409576
2019_11_BUF_MIA,MIA,-0.18067164570960864,-0.29095288952409576,4.667870429429141,0.4262135603059587,0.0740141222213424
2019_11_CHI_LA,CHI,-0.21047213163869138,-0.19571773130092365,-11.560696562131247,0.1329722844453795,-0.3259449734234236
2019_11_CHI_LA,LA,0.1329722844453795,-0.3259449734234236,1.796281710267067,-0.21047213163869138,-0.19571773130092365
2019_11_CIN_OAK,CIN,-0.451244754521285,0.2787077031476656,-25.225309034188587,0.2761977211450658,-0.29296665543612715
2019_11_CIN_OAK,LV,0.2761977211450658,-0.29296665543612715,21.29102966615132,-0.451244754521285,0.2787077031476656
2019_11_DAL_DET,DAL,0.45052428115282867,-0.17716744952849112,-1.4881087011761136,0.14171404800719273,-0.09988222828134895
2019_11_DAL_DET,DET,0.14171404800719273,-0.09988222828134895,-2.8653706113497415,0.45052428115282867,-0.17716744952849112
2019_11_DEN_MIN,DEN,-0.006679244398860457,-0.023050612972296103,-11.26401854885949,0.1821574315052395,-0.18895786974786055
2019_11_DEN_MIN,MIN,0.1821574315052395,-0.18895786974786055,10.629266926220485,-0.006679244398860457,-0.023050612972296103
2019_11_HOU_BAL,BAL,0.5882921930645532,0.16519674288558708,6.739908346423396,-0.43484718057757843,0.003951134955665718
2019_11_HOU_BAL,HOU,-0.43484718057757843,0.003951134955665718,-7.931170066197713,0.5882921930645532,0.16519674288558708
2019_11_JAX_IND,IND,0.08306575868293738,0.38284013891097857,3.815882546561105,-0.15542598213422645,-0.23995344863376683
2019_11_JAX_IND,JAX,-0.15542598213422645,-0.23995344863376683,1.9190195461978083,0.08306575868293738,0.38284013891097857
2019_11_KC_LAC,KC,0.11379163663487711,-0.09158552731842855,-6.175516080111265,-0.009226375751332335,-0.01546181670365561
2019_11_KC_LAC,LAC,-0.009226375751332335,-0.01546181670365561,-8.643322686354319,0.11379163663487711,-0.09158552731842855
2019_11_NE_PHI,NE,-0.011021417958160083,-0.1789206668270104,-5.602765248881446,-0.2017059989113179,-0.07763232130026962
2019_11_NE_PHI,PHI,-0.2017059989113179,-0.07763232130026962,-9.084139332959527,-0.011021417958160083,-0.1789206668270104
2019_11_NO_TB,NO,0.23300572352586502,0.02296086286618707,14.581312589785632,-0.1020176461238928,-0.4796029214630835
2019_11_NO_TB,TB,-0.1020176461238928,-0.4796029214630835,-2.513941149322354,0.23300572352586502,0.02296086286618707
2019_11_NYJ_WAS,NYJ,0.2949600318499455,-0.04782256860088444,7.47154780796596,-0.29099415680504154,-0.31362571524713484
2019_11_NYJ_WAS,WAS,-0.29099415680504154,-0.31362571524713484,-11.264139972627163,0.2949600318499455,-0.04782256860088444
2019_11_PIT_CLE,CLE,0.09706720049660486,-0.24400798954422284,-6.7508552471796675,-0.33934337408952825,-0.374908265133854
2019_11_PIT_CLE,PIT,-0.33934337408952825,-0.374908265133854,-10.324652458346167,0.09706720049660486,-0.24400798954422284
2019_12_BAL_LA,BAL,0.6951677906931185,0.29899932219070086,12.284082987091757,-0.1870158353425173,-0.13345334469987494
2019_12_BAL_LA,LA,-0.1870158353425173,-0.13345334469987494,7.501516160037783,0.6951677906931185,0.29899932219070086
2019_12_CAR_NO,CAR,0.3947578628915371,-0.15305378845992632,1.031042542308569,0.161923267932766,-0.15498051810151847
2019_12_CAR_NO,NO,0.161923267932766,-0.15498051810151847,10.08633100672772,0.3947578628915371,-0.15305378845992632
2019_12_DAL_NE,DAL,-0.26528504367830597,-0.019379555087070913,-9.22559117898345,-0.1400098900049906,-0.1297758681063827
2019_12_DAL_NE,NE,-0.1400098900049906,-0.1297758681063827,-12.760378548077174,-0.26528504367830597,-0.019379555087070913
2019_12_DEN_BUF,BUF,0.2512446012097408,-0.04347521572666199,-0.6111766804348339,-0.5722479121532252,0.031180126996546546
2019_12_DEN_BUF,DEN,-0.5722479121532252,0.031180126996546546,-27.232511217395466,0.2512446012097408,-0.04347521572666199
2019_12_DET_WAS,DET,-0.03257719335294406,-0.21410696373666346,0.7816840708255768,-0.2908848760269364,-0.21489774893658856
2019_12_DET_WAS,WAS,-0.2908848760269364,-0.21489774893658856,-12.093300860503625,-0.03257719335294406,-0.21410696373666346
2019_12_GB_SF,GB,-0.17469312127846148,-0.3318771353741694,-5.192499938938353,0.32981018272692547,-0.06879892743944022
2019_12_GB_SF,SF,0.32981018272692547,-0.06879892743944022,3.904183130515249,-0.17469312127846148,-0.3318771353741694
2019_12_IND_HOU,HOU,0.23480291795718405,-0.23088270391319662,6.158300382750375,-0.15673154850718088,0.1335356424161647
2019_12_IND_HOU,IND,-0.15673154850718088,0.1335356424161647,-2.929934859275818,0.23480291795718405,-0.23088270391319662
2019_12_JAX_TEN,JAX,0.02272620006629779,0.06221489274377326,6.257076358253306,0.7657611039661182,0.09297552874652736
2019_12_JAX_TEN,TEN,0.7657611039661182,0.09297552874652736,13.934524620280547,0.02272620006629779,0.06221489274377326
2019_12_MIA_CLE,CLE,0.4996419403361257,0.04508104117474321,9.889952341715494,0.0335049209581707,-0.2963758529471566
2019_12_MIA_CLE,MIA,0.0335049209581707,-0.2963758529471566,-10.024621455292953,0.4996419403361257,0.04508104117474321
2019_12_NYG_CHI,CHI,-0.05997268751158361,-0.3337919513827988,-2.9297256615103744,-0.30920046824556624,-0.09166499864902408
2019_12_NYG_CHI,NYG,-0.30920046824556624,-0.09166499864902408,-3.909869842669543,-0.05997268751158361,-0.3337919513827988
2019_12_OAK_NYJ,LV,-0.2500441044563482,-0.474234120846218,-10.14122673959443,0.41534838798174206,-0.1510083116116692
2019_12_OAK_NYJ,NYJ,0.41534838798174206,-0.1510083116116692,10.454232188371511,-0.2500441044563482,-0.474234120846218
2019_12_PIT_CIN,CIN,-0.3493258915808556,-0.260670343588572,-12.445871949195862,-0.15280201307617258,0.07655741757833201
2019_12_PIT_CIN,PIT,-0.15280201307617258,0.07655741757833201,-3.2662175595760345,-0.3493258915808556,-0.260670343588572
2019_12_SEA_PHI,PHI,-0.25697697961929217,-0.45653989474058404,4.479729466968113,-0.08798726863209705,-0.12501879355113488
2019_12_SEA_PHI,SEA,-0.08798726863209705,-0.12501879355113488,-0.30210730822189996,-0.25697697961929217,-0.45653989474058404
2019_12_TB_ATL,ATL,-0.1256429101595779,-0.16683462688363054,-14.539473799039733,0.43908722290808533,-0.15419983000790055
2019_12_TB_ATL,TB,0.43908722290808533,-0.15419983000790055,1.2915568219290838,-0.1256429101595779,-0.16683462688363054
2019_13_BUF_DAL,BUF,0.6122268750082853,-0.21176257627948578,12.205034613609314,-0.03642041666231789,0.03420115742483176
2019_13_BUF_DAL,DAL,-0.03642041666231789,0.03420115742483176,-3.643870718625127,0.6122268750082853,-0.21176257627948578
2019_13_CHI_DET,CHI,0.18535004438877165,-0.14423614839179208,7.298205949758229,0.08884137577834843,-0.19206148989263452
2019_13_CHI_DET,DET,0.08884137577834843,-0.19206148989263452,-9.19934105541971,0.18535004438877165,-0.14423614839179208
2019_13_CLE_PIT,CLE,-0.11800525834542855,0.015548367792507633,-8.024735522992684,0.3155278575525761,-0.15908876025047933
2019_13_CLE_PIT,PIT,0.3155278575525761,-0.15908876025047933,14.816979732778337,-0.11800525834542855,0.015548367792507633
2019_13_GB_NYG,GB,0.6198179812610539,-0.3224409991631877,-0.7988848469474099,-0.03639902175220446,-0.16879330176295929
2019_13_GB_NYG,NYG,-0.03639902175220446,-0.16879330176295929,-9.932934351869532,0.6198179812610539,-0.3224409991631877
2019_13_LAC_DEN,DEN,-0.06757022619181659,-0.32569043973855527,1.167879425562345,0.09069218258283254,-0.1161072892899593
2019_13_LAC_DEN,LAC,0.09069218258283254,-0.1161072892899593,6.509294467312949,-0.06757022619181659,-0.32569043973855527
2019_13_LA_ARI,ARI,-0.48593997565992386,-0.20382957346737385,-18.502963221434392,0.4670819112248339,-0.21719712646482814
2019_13_LA_ARI,LA,0.4670819112248339,-0.21719712646482814,8.105072233735061,-0.48593997565992386,-0.20382957346737385
2019_13_MIN_SEA,MIN,0.10628429928316727,-0.19096076858307545,-6.126470201545292,-0.05869724875657542,0.24488424664728106
2019_13_MIN_SEA,SEA,-0.05869724875657542,0.24488424664728106,3.340794097992682,0.10628429928316727,-0.19096076858307545
2019_13_NE_HOU,HOU,0.4408447059940954,-0.2993324040668085,2.011542939222776,0.08593478274890314,-0.005744241866133442
2019_13_NE_HOU,NE,0.08593478274890314,-0.005744241866133442,-8.641511930359734,0.4408447059940954,-0.2993324040668085
2019_13_NO_ATL,ATL,-0.14089415957163473,-0.18341055397953218,3.417630461936301,-0.04008597144746317,0.05012257403608058
2019_13_NO_ATL,NO,-0.04008597144746317,0.05012257403608058,-10.44440259193552,-0.14089415957163473,-0.18341055397953218
2019_13_NYJ_CIN,CIN,0.13578355160233951,-0.23785073944877477,-4.8279756473170385,-0.2286920201569966,-0.08677326972974697
2019_13_NYJ_CIN,NYJ,-0.2286920201569966,-0.08677326972974697,-3.2263108094533286,0.13578355160233951,-0.23785073944877477
2019_13_OAK_KC,KC,0.3972062717323459,-0.14831164626283916,-8.032090134090847,-0.16442743933179615,-0.040106387471799586
2019_13_OAK_KC,LV,-0.16442743933179615,-0.040106387471799586,4.419685072369045,0.3972062717323459,-0.14831164626283916
2019_13_PHI_MIA,MIA,0.42950271698811426,-0.21802503199428055,8.887623670773628,0.26169162186346717,-0.044611206541671174
2019_13_PHI_MIA,PHI,0.26169162186346717,-0.044611206541671174,-0.31267603238423664,0.42950271698811426,-0.21802503199428055
2019_13_SF_BAL,BAL,-0.006623084795165752,0.023346587564736215,-6.079932788143987,0.12459702262227397,0.13178166786329476
2019_13_SF_BAL,SF,0.12459702262227397,0.13178166786329476,2.986826783134824,-0.006623084795165752,0.023346587564736215
2019_13_TB_JAX,JAX,-0.5011579267640884,-0.2145160497566394,-8.818642324522921,0.04573784529756105,-0.18443169925157757
2019_13_TB_JAX,TB,0.04573784529756105,-0.18443169925157757,3.246775901678837,-0.5011579267640884,-0.2145160497566394
2019_13_TEN_IND,IND,-0.09360301406746152,-0.13186665588242855,-0.9896973500380645,-0.17433161185905643,-0.02729157352811084
2019_13_TEN_IND,TEN,-0.17433161185905643,-0.02729157352811084,8.936989733151027,-0.09360301406746152,-0.13186665588242855
2019_13_WAS_CAR,CAR,-0.021125090857302502,-0.3769179775947979,-1.582353059635606,-0.20446033016348195,0.4219364375395734
2019_13_WAS_CAR,WAS,-0.20446033016348195,0.4219364375395734,-7.239675521850586,-0.021125090857302502,-0.3769179775947979
2019_14_BAL_BUF,BAL,0.034032439459541826,-0.06971768563016667,5.643657109011775,-0.30648916867733966,0.016208707995247096
2019_14_BAL_BUF,BUF,-0.30648916867733966,0.016208707995247096,-16.995567848553527,0.034032439459541826,-0.06971768563016667
2019_14_CAR_ATL,ATL,0.20816100597658532,0.10983636126395376,-0.2537894633508498,-0.1316874050857786,0.17783193528076582
2019_14_CAR_ATL,CAR,-0.1316874050857786,0.17783193528076582,1.6016878932714462,0.20816100597658532,0.10983636126395376
2019_14_CIN_CLE,CIN,-0.09518586993666335,0.1058889447459175,4.020990781924304,0.09449819851351639,0.03350279167028175
2019_14_CIN_CLE,CLE,0.09449819851351639,0.03350279167028175,-11.28751202063127,-0.09518586993666335,0.1058889447459175
2019_14_DAL_CHI,CHI,0.3273599795787422,-0.240106118363248,7.730765881076936,0.0651172759136613,0.11686107235506088
2019_14_DAL_CHI,DAL,0.0651172759136613,0.11686107235506088,-6.189951300621033,0.3273599795787422,-0.240106118363248
2019_14_DEN_HOU,DEN,0.7139270774882661,-0.31903585968771947,13.791495782357675,-0.1328516563281428,0.2173443631581904
2019_14_DEN_HOU,HOU,-0.1328516563281428,0.2173443631581904,-9.949454792002415,0.7139270774882661,-0.31903585968771947
2019_14_DET_MIN,DET,-0.1599177187487976,-0.25633810526580253,-8.177127257773751,0.19362443879106842,-0.24302723909740484
2019_14_DET_MIN,MIN,0.19362443879106842,-0.24302723909740484,12.728838571186724,-0.1599177187487976,-0.25633810526580253
2019_14_IND_TB,IND,0.10673036401499568,-0.09854838352766819,-8.66866364247269,0.14449647586962622,-0.22229974328935065
2019_14_IND_TB,TB,0.14449647586962622,-0.22229974328935065,12.75857302877638,0.10673036401499568,-0.09854838352766819
2019_14_KC_NE,KC,-0.011538294348165223,-0.047381838832128174,-1.7066575013674223,-0.16253741182142847,-0.12347188013650223
2019_14_KC_NE,NE,-0.16253741182142847,-0.12347188013650223,-8.788219179425921,-0.011538294348165223,-0.047381838832128174
2019_14_LAC_JAX,JAX,-0.12170573099672778,-0.06778322841920373,-3.956983218321929,0.9871886655833357,0.2729956865981061
2019_14_LAC_JAX,LAC,0.9871886655833357,0.2729956865981061,11.918997535338768,-0.12170573099672778,-0.06778322841920373
2019_14_MIA_NYJ,MIA,0.1717307316171192,-0.20137194651970783,-0.8520971025739398,0.24247505460406155,-0.27550005171478037
2019_14_MIA_NYJ,NYJ,0.24247505460406155,-0.27550005171478037,-3.617493510246277,0.1717307316171192,-0.20137194651970783
2019_14_NYG_PHI,NYG,-0.057218153801300325,-0.18135767190190227,-10.348908243508175,0.09262108086143132,-0.14252280426444486
2019_14_NYG_PHI,PHI,0.09262108086143132,-0.14252280426444486,-0.8196525275707245,-0.057218153801300325,-0.18135767190190227
2019_14_PIT_ARI,ARI,-0.13288805972580459,-0.11456910926407497,1.203570035951478,0.3680749718868519,-0.33400869317528564
2019_14_PIT_ARI,PIT,0.3680749718868519,-0.33400869317528564,16.10105898645189,-0.13288805972580459,-0.11456910926407497
2019_14_SEA_LA,LA,0.165129387218063,0.028012276463965518,10.827748080094656,-0.1705690943021294,-0.09168847573649448
2019_14_SEA_LA,SEA,-0.1705690943021294,-0.09168847573649448,1.1875381072362263,0.165129387218063,0.028012276463965518
2019_14_SF_NO,NO,0.35025895535535484,-0.24497422099132435,-2.155224397415068,0.5323563134507274,0.07862172515094491
2019_14_SF_NO,SF,0.5323563134507274,0.07862172515094491,7.396389756883893,0.35025895535535484,-0.24497422099132435
2019_14_TEN_OAK,LV,-0.04981809767632513,-0.11369398706963031,12.04441100358963,0.6753605398501534,0.1425922036889523
2019_14_TEN_OAK,TEN,0.6753605398501534,0.1425922036889523,16.146721221782542,-0.04981809767632513,-0.11369398706963031
2019_14_WAS_GB,GB,-0.0781357922511953,0.2833191229524534,2.610676376907914,0.03444039715552369,-0.10773587827521842
2019_14_WAS_GB,WAS,0.03444039715552369,-0.10773587827521842,-4.720334250193376,-0.0781357922511953,0.2833191229524534
2019_15_ATL_SF,ATL,0.22813980818308993,-0.20266246089273085,0.3172938640301044,0.14537141374934662,-0.20281895474965075
2019_15_ATL_SF,SF,0.14537141374934662,-0.20281895474965075,-5.068399599104216,0.22813980818308993,-0.20266246089273085
2019_15_BUF_PIT,BUF,-0.07474274365531822,-0.20416443717006189,-6.385124226411183,-0.3756519791431031,-0.3679836277665077
2019_15_BUF_PIT,PIT,-0.3756519791431031,-0.3679836277665077,-1.849803411298328,-0.07474274365531822,-0.20416443717006189
2019_15_CHI_GB,CHI,-0.07411816400852944,-0.2500503800644462,-8.442620524004393,-0.09299809698940306,-0.15541495165519376
2019_15_CHI_GB,GB,-0.09299809698940306,-0.15541495165519376,-9.650534143050512,-0.07411816400852944,-0.2500503800644462
2019_15_CLE_ARI,ARI,0.3313051420405272,0.31204242952298955,12.010344215061354,0.05420406165463748,0.2777903017732093
2019_15_CLE_ARI,CLE,0.05420406165463748,0.2777903017732093,2.481791377067566,0.3313051420405272,0.31204242952298955
2019_15_DEN_KC,DEN,-0.19207822378682657,-0.21649659191025422,-19.36144806444645,0.323283063972592,-0.09441979666801424
2019_15_DEN_KC,KC,0.323283063972592,-0.09441979666801424,16.49242657072404,-0.19207822378682657,-0.21649659191025422
2019_15_HOU_TEN,HOU,0.2083485822295188,0.03744960040597606,12.014301896095276,0.07682869932429934,0.12794283884404986
2019_15_HOU_TEN,TEN,0.07682869932429934,0.12794283884404986,-0.4825340376959907,0.2083485822295188,0.03744960040597606
2019_15_IND_NO,IND,-0.11360980470490176,-0.21964644838590175,-10.318461241144123,0.6673882848277484,-0.20203149992545757
2019_15_IND_NO,NO,0.6673882848277484,-0.20203149992545757,24.77316031853358,-0.11360980470490176,-0.21964644838590175
2019_15_JAX_OAK,JAX,0.2253729067061336,-0.3420695805076608,-5.486641717808587,0.13855697940704628,-0.049124852532258956
2019_15_JAX_OAK,LV,0.13855697940704628,-0.049124852532258956,-1.0883559142389605,0.2253729067061336,-0.3420695805076608
2019_15_LA_DAL,DAL,0.31052504793677377,0.33745315511440516,-5.9796911748972805,-0.02714342882803176,-0.16553179943729526
2019_15_LA_DAL,LA,-0.02714342882803176,-0.16553179943729526,-5.320706379179861,0.31052504793677377,0.33745315511440516
2019_15_MIA_NYG,MIA,0.032193816693308605,-0.2472749432033327,-6.165113609011581,0.11691651866610353,0.06759616239331522
2019_15_MIA_NYG,NYG,0.11691651866610353,0.06759616239331522,6.357005957899423,0.032193816693308605,-0.2472749432033327
2019_15_MIN_LAC,LAC,-0.4141831023804382,-0.551531860997784,9.417843504955894,0.33963597837159804,-0.050964140863756516
2019_15_MIN_LAC,MIN,0.33963597837159804,-0.050964140863756516,12.49250757197539,-0.4141831023804382,-0.551531860997784
2019_15_NE_CIN,CIN,-0.37267784944913074,-0.07010660496082217,-7.483361610050859,-0.0368998647069912,0.16502242987432206
2019_15_NE_CIN,NE,-0.0368998647069912,0.16502242987432206,-12.37409668309348,-0.37267784944913074,-0.07010660496082217
2019_15_NYJ_BAL,BAL,0.723078679460992,0.19274168196216487,6.287033991380171,-0.2047712477776057,-0.12339312993445554
2019_15_NYJ_BAL,NYJ,-0.2047712477776057,-0.12339312993445554,1.2515223231808892,0.723078679460992,0.19274168196216487
2019_15_PHI_WAS,PHI,0.28056192740829344,0.20265653858573554,9.133770242333412,0.023344701083545614,0.05497806677885819
2019_15_PHI_WAS,WAS,0.023344701083545614,0.05497806677885819,1.8017583423190646,0.28056192740829344,0.20265653858573554
2019_15_SEA_CAR,CAR,-0.027084800612951918,0.09030953781213612,-5.682691320394858,0.5048528147659787,0.002395442164818044
2019_15_SEA_CAR,SEA,0.5048528147659787,0.002395442164818044,21.6046079993248,-0.027084800612951918,0.09030953781213612
2019_15_TB_DET,DET,-0.42776553431637415,-0.09476431113268648,-16.398853514083598,0.5726712905807325,-0.35208287437045427
2019_15_TB_DET,TB,0.5726712905807325,-0.35208287437045427,1.961100319536721,-0.42776553431637415,-0.09476431113268648
2019_16_ARI_SEA,ARI,0.1284787937941838,0.17687003594332826,-9.358868334028456,-0.257934604107398,-0.26283979235726046
2019_16_ARI_SEA,SEA,-0.257934604107398,-0.26283979235726046,-11.023914762612048,0.1284787937941838,0.17687003594332826
2019_16_BAL_CLE,BAL,0.37722922606988907,0.13784942469161857,0.28124839067459106,0.18115571714869663,-0.47752988990719636
2019_16_BAL_CLE,CLE,0.18115571714869663,-0.47752988990719636,-0.7825356908142567,0.37722922606988907,0.13784942469161857
2019_16_BUF_NE,BUF,0.09163911257827054,-0.11983820419118274,-8.455363718362955,0.09283986320893976,0.06404767570620606
2019_16_BUF_NE,NE,0.09283986320893976,0.06404767570620606,11.112626921385527,0.09163911257827054,-0.11983820419118274
2019_16_CAR_IND,CAR,-0.1412731281052381,-0.3310625149363962,-1.1450011815343584,-0.058162344979343854,0.386910148453483
2019_16_CAR_IND,IND,-0.058162344979343854,0.386910148453483,-7.643399760127068,-0.1412731281052381,-0.3310625149363962
2019_16_CIN_MIA,CIN,0.2461490670994279,-0.2992093985696455,0.06570051665659304,0.40827097321897254,-0.14827678454981758
2019_16_CIN_MIA,MIA,0.40827097321897254,-0.14827678454981758,0.15673216651467717,0.2461490670994279,-0.2992093985696455
2019_16_DAL_PHI,DAL,-0.10588550219878623,-0.3242224102606997,-7.313361493023959,0.1576811068630955,-0.17290846333064389
2019_16_DAL_PHI,PHI,0.1576811068630955,-0.17290846333064389,7.470913007855415,-0.10588550219878623,-0.3242224102606997
2019_16_DET_DEN,DEN,0.18455328011383673,0.12198281753105754,9.1625435387387,-0.16715897798539348,0.03476562814432241
2019_16_DET_DEN,DET,-0.16715897798539348,0.03476562814432241,-8.681197010952493,0.18455328011383673,0.12198281753105754
2019_16_GB_MIN,GB,-0.39475691445615013,0.17392808941979732,-3.885242891939063,-0.6738020670817729,-0.2700211073970422
2019_16_GB_MIN,MIN,-0.6738020670817729,-0.2700211073970422,-17.110080520311993,-0.39475691445615013,0.17392808941979732
2019_16_HOU_TB,HOU,-0.0987672844533818,-0.5004041550637339,-6.33238572627306,-0.08928267649712916,-0.5698664092945201
2019_16_HOU_TB,TB,-0.08928267649712916,-0.5698664092945201,-4.612541452367255,-0.0987672844533818,-0.5004041550637339
2019_16_JAX_ATL,ATL,0.23039030186054807,0.03297245602123439,6.65150991705961,-0.056093868710047685,0.013769198732507834
2019_16_JAX_ATL,JAX,-0.056093868710047685,0.013769198732507834,-21.413554587671833,0.23039030186054807,0.03297245602123439
2019_16_KC_CHI,CHI,-0.25251215866651583,-0.10541062120492348,-11.633806878870184,0.4379750392055874,-0.15570689592304549
2019_16_KC_CHI,KC,0.4379750392055874,-0.15570689592304549,5.683297216892242,-0.25251215866651583,-0.10541062120492348
2019_16_LA_SF,LA,0.09464968140110003,-0.06907270922820316,1.3756501368987255,-0.18539380727479873,0.15246031298911908
2019_16_LA_SF,SF,-0.18539380727479873,0.15246031298911908,-5.8684941795137195,0.09464968140110003,-0.06907270922820316
2019_16_NO_TEN,NO,0.19201599063295333,0.08077496513059097,2.6398950662368383,0.04216676017676946,0.03603241640778903
2019_16_NO_TEN,TEN,0.04216676017676946,0.03603241640778903,1.813304603099823,0.19201599063295333,0.08077496513059097
2019_16_NYG_WAS,NYG,0.5509291924544134,0.2674226053856293,6.155925377821311,0.4329601065087546,-0.19643967077834532
2019_16_NYG_WAS,WAS,0.4329601065087546,-0.19643967077834532,16.434290038572776,0.5509291924544134,0.2674226053856293
2019_16_OAK_LAC,LAC,0.1789705141837163,-0.17801403827252216,2.366999919350083,0.4926826326049837,-0.26972698789867405
2019_16_OAK_LAC,LV,0.4926826326049837,-0.26972698789867405,17.27986089114485,0.1789705141837163,-0.17801403827252216
2019_16_PIT_NYJ,NYJ,-0.07767574372650386,-0.2698697464725123,-3.1117684841156006,-0.11540605142269376,-0.2794397447554123
2019_16_PIT_NYJ,PIT,-0.11540605142269376,-0.2794397447554123,3.570337345202764,-0.07767574372650386,-0.2698697464725123
2019_17_ARI_LA,ARI,0.1692716594246145,-0.4476501985886393,5.213787158330281,0.3607276919937318,-0.27873136997434567
2019_17_ARI_LA,LA,0.3607276919937318,-0.27873136997434567,0.514428588477048,0.1692716594246145,-0.4476501985886393
2019_17_ATL_TB,ATL,-0.08068889616280013,-0.27476448460531955,-2.124594214061896,-0.25939765360034905,-0.13062614179527143
2019_17_ATL_TB,TB,-0.25939765360034905,-0.13062614179527143,-4.849745916283649,-0.08068889616280013,-0.27476448460531955
2019_17_CHI_MIN,CHI,-0.05445442496035029,0.0012708121843928342,2.7584026541028703,-0.12402478363381593,-0.16718960531633692
2019_17_CHI_MIN,MIN,-0.12402478363381593,-0.16718960531633692,-13.562365472316742,-0.05445442496035029,0.0012708121843928342
2019_17_CLE_CIN,CIN,0.3400144166381468,-0.0042132824932342786,-9.335248558609575,0.10108084901130915,-0.20138081135519315
2019_17_CLE_CIN,CLE,0.10108084901130915,-0.20138081135519315,-0.9175424774487814,0.3400144166381468,-0.0042132824932342786
2019_17_GB_DET,DET,-0.28690213439357765,0.11524430081320913,-23.591663714112908,0.10061600097598888,-0.0896752158504179
2019_17_GB_DET,GB,0.10061600097598888,-0.0896752158504179,-8.5296423346908,-0.28690213439357765,0.11524430081320913
2019_17_IND_JAX,IND,-0.4157134942089447,0.14136980690998222,-16.57822858542204,0.2818457969328032,-0.1370331212712795
2019_17_IND_JAX,JAX,0.2818457969328032,-0.1370331212712795,-0.6232021710811517,-0.4157134942089447,0.14136980690998222
2019_17_LAC_KC,KC,0.02137181982531343,0.5416587206449262,-5.23466169834137,0.17527797216558302,0.024427821932476945
2019_17_LAC_KC,LAC,0.17527797216558302,0.024427821932476945,4.401601715521379,0.02137181982531343,0.5416587206449262
2019_17_MIA_NE,MIA,0.2647125568448991,-0.21619385595241672,3.335085782137784,0.013216406321351034,0.07162883553731565
2019_17_MIA_NE,NE,0.013216406321351034,0.07162883553731565,-7.289281487464905,0.2647125568448991,-0.21619385595241672
2019_17_NO_CAR,CAR,-0.23408504557702184,-0.6276644540900763,-12.36219199336305,0.6817207796274862,-0.09290220313649174
2019_17_NO_CAR,NO,0.6817207796274862,-0.09290220313649174,4.0769352995116135,-0.23408504557702184,-0.6276644540900763
2019_17_NYJ_BUF,BUF,-0.3016592146369291,-0.18493590069754812,-14.245721239310045,0.086866581423595,-0.33431178559112035
2019_17_NYJ_BUF,NYJ,0.086866581423595,-0.33431178559112035,0.5112883719530973,-0.3016592146369291,-0.18493590069754812
2019_17_OAK_DEN,DEN,0.2000510631843404,-0.5956322904762015,-1.9666037880457365,0.09735825791208251,-0.28409579446782696
2019_17_OAK_DEN,LV,0.09735825791208251,-0.28409579446782696,5.599930664388145,0.2000510631843404,-0.5956322904762015
2019_17_PHI_NYG,NYG,-0.1075259897865154,-0.6089569563540863,-3.1126651992189123,0.1461493403783316,-0.06700770898746199
2019_17_PHI_NYG,PHI,0.1461493403783316,-0.06700770898746199,-9.137571081519127,-0.1075259897865154,-0.6089569563540863
2019_17_PIT_BAL,BAL,-0.18164121170087738,-0.028006695164287155,-9.689352810382843,-0.4540907460119161,-0.30882357102977537
2019_17_PIT_BAL,PIT,-0.4540907460119161,-0.30882357102977537,-18.748521506786346,-0.18164121170087738,-0.028006695164287155
2019_17_SF_SEA,SEA,0.23853081258586792,-0.15931558261913975,6.857464658586602,0.5230444011666802,0.1707359381665204
2019_17_SF_SEA,SF,0.5230444011666802,0.1707359381665204,10.205421664498068,0.23853081258586792,-0.15931558261913975
2019_17_TEN_HOU,HOU,-0.06750296230699557,0.03939886427979218,-4.193595238029957,0.7146963086185375,0.30420516566955486
2019_17_TEN_HOU,TEN,0.7146963086185375,0.30420516566955486,5.976809206463042,-0.06750296230699557,0.03939886427979218
2019_17_WAS_DAL,DAL,0.1430283353508456,0.15667493547246392,1.5340829268097878,-0.5226531583681049,-0.13528322706988546
2019_17_WAS_DAL,WAS,-0.5226531583681049,-0.13528322706988546,-15.757022755486625,0.1430283353508456,0.15667493547246392
2020_01_ARI_SF,ARI,0.2042209458734364,-0.12051246776432631,-2.2294087184442057,0.09581165598457153,-0.15234048863688562
2020_01_ARI_SF,SF,0.09581165598457153,-0.15234048863688562,-6.229403614997864,0.2042209458734364,-0.12051246776432631
2020_01_CHI_DET,CHI,0.12367159839723968,0.09288443877840809,-6.6956184804439545,0.09797868304711457,-0.20018522874818667
2020_01_CHI_DET,DET,0.09797868304711457,-0.20018522874818667,-8.616518538172652,0.12367159839723968,0.09288443877840809
2020_01_CLE_BAL,BAL,0.49667908416577755,-0.19346457690052274,21.383048057556152,-0.16475513938528388,-0.23005474071251228
2020_01_CLE_BAL,CLE,-0.16475513938528388,-0.23005474071251228,-4.231688593115125,0.49667908416577755,-0.19346457690052274
2020_01_DAL_LA,DAL,-0.05565457056013646,0.022214467159453005,-4.595372564083821,0.11526780612114845,-0.014223332996990445
2020_01_DAL_LA,LA,0.11526780612114845,-0.014223332996990445,-4.075566892113004,-0.05565457056013646,0.022214467159453005
2020_01_GB_MIN,GB,0.40657003255996194,0.14494956578052934,13.068196250171196,0.29498233845852273,0.33397886158055623
2020_01_GB_MIN,MIN,0.29498233845852273,0.33397886158055623,7.924916744232178,0.40657003255996194,0.14494956578052934
2020_01_HOU_KC,HOU,0.0869436493432103,0.3101354534429608,-1.2257502925011419,0.4758553506450639,0.009846423725709874
2020_01_HOU_KC,KC,0.4758553506450639,0.009846423725709874,8.087614737451077,0.0869436493432103,0.3101354534429608
2020_01_IND_JAX,IND,0.23920451479784524,-0.3475286030936885,10.472451409567958,0.32016542654688374,-0.08863148502714466
2020_01_IND_JAX,JAX,0.32016542654688374,-0.08863148502714466,20.487180650234222,0.23920451479784524,-0.3475286030936885
2020_01_LAC_CIN,CIN,-0.20074382275741073,-0.29665115876317333,-0.26735799653189524,0.014476682608821586,-0.1814086651586397
2020_01_LAC_CIN,LAC,0.014476682608821586,-0.1814086651586397,-2.4686184422723176,-0.20074382275741073,-0.29665115876317333
2020_01_LV_CAR,CAR,0.22592052730609252,0.04210893587039139,0.5456947228487801,0.4335551195830319,0.13865174526900745
2020_01_LV_CAR,LV,0.4335551195830319,0.13865174526900745,8.98731095450265,0.22592052730609252,0.04210893587039139
2020_01_MIA_NE,MIA,-0.03752704321964402,-0.06102550630445088,3.812964061896006,-0.09809508621085274,0.3222083351009367
2020_01_MIA_NE,NE,-0.09809508621085274,0.3222083351009367,4.251539707183838,-0.03752704321964402,-0.06102550630445088
2020_01_NYJ_BUF,BUF,0.4290822107458668,-0.5436207156399756,6.882114277945624,-0.17484997781754757,0.12084146973793394
2020_01_NYJ_BUF,NYJ,-0.17484997781754757,0.12084146973793394,-3.1593302885691323,0.4290822107458668,-0.5436207156399756
2020_01_PHI_WAS,PHI,-0.365624253835679,-0.05381838335340623,-6.444197715747924,-0.04913721155117818,-0.2818357522370324
2020_01_PHI_WAS,WAS,-0.04913721155117818,-0.2818357522370324,-6.566213468710582,-0.365624253835679,-0.05381838335340623
2020_01_PIT_NYG,NYG,0.060436643028817384,-0.6257930852989375,-0.06760901365524684,0.43985050291867633,-0.13445272722622445
2020_01_PIT_NYG,PIT,0.43985050291867633,-0.13445272722622445,1.5084351262738627,0.060436643028817384,-0.6257930852989375
2020_01_SEA_ATL,ATL,0.10463757256059576,-0.3335744766134374,4.676273923653823,0.5642309649142949,-0.11414020320578282
2020_01_SEA_ATL,SEA,0.5642309649142949,-0.11414020320578282,19.803182908466884,0.10463757256059576,-0.3335744766134374
2020_01_TB_NO,NO,0.15184636213654656,-0.45505609865405505,-7.131422360738118,-0.05568215455240162,0.013854833820369094
2020_01_TB_NO,TB,-0.05568215455240162,0.013854833820369094,-0.28671184006859274,0.15184636213654656,-0.45505609865405505
2020_01_TEN_DEN,DEN,-0.1786901635085301,0.04274328947183676,3.1575636006891727,0.3217374257656418,-0.07620023999444323
2020_01_TEN_DEN,TEN,0.3217374257656418,-0.07620023999444323,5.2987683564424515,-0.1786901635085301,0.04274328947183676
2020_02_ATL_DAL,ATL,0.32675128708577195,-0.14208585462183693,4.223051501644982,0.17621221654141547,-0.1409885571097184
2020_02_ATL_DAL,DAL,0.17621221654141547,-0.1409885571097184,2.917228100147653,0.32675128708577195,-0.14208585462183693
2020_02_BAL_HOU,BAL,0.16378462885559034,0.2572789504129285,11.150170150010482,-0.1669324653813713,-0.2608554780308623
2020_02_BAL_HOU,HOU,-0.1669324653813713,-0.2608554780308623,6.518315304728115,0.16378462885559034,0.2572789504129285
2020_02_BUF_MIA,BUF,0.5906177067477805,-0.023099205436301416,6.2755345446722846,0.15222338539352936,0.10094905720325187
2020_02_BUF_MIA,MIA,0.15222338539352936,0.10094905720325187,0.6332188196804213,0.5906177067477805,-0.023099205436301416
2020_02_CAR_TB,CAR,-0.13400256625684367,-0.10635572796571069,13.251714259386063,0.1610312804849858,-0.12764598615910433
2020_02_CAR_TB,TB,0.1610312804849858,-0.12764598615910433,-1.6294739076069422,-0.13400256625684367,-0.10635572796571069
2020_02_CIN_CLE,CIN,0.24124626560786322,-0.44756447567488067,-0.5680904044943341,0.5251988877656307,0.20785701740169316
2020_02_CIN_CLE,CLE,0.5251988877656307,0.20785701740169316,12.405915629296075,0.24124626560786322,-0.44756447567488067
2020_02_DEN_PIT,DEN,-0.1011989891836708,-0.09553032951662317,-6.109948103365145,0.026379221500108196,-0.4044979985025117
2020_02_DEN_PIT,PIT,0.026379221500108196,-0.4044979985025117,0.05126617303708705,-0.1011989891836708,-0.09553032951662317
2020_02_DET_GB,DET,-0.133318864756515,0.21671547005341077,-0.6086436410744985,0.3894821220685187,0.3477714211162529
2020_02_DET_GB,GB,0.3894821220685187,0.3477714211162529,-3.235314885775248,-0.133318864756515,0.21671547005341077
2020_02_JAX_TEN,JAX,0.2934826273539478,0.2101335691381246,5.712783065709201,0.7578918120679254,-0.1273550279768339
2020_02_JAX_TEN,TEN,0.7578918120679254,-0.1273550279768339,8.738362292448679,0.2934826273539478,0.2101335691381246
2020_02_KC_LAC,KC,0.13519613841818515,-0.04874365734576713,-9.294653601116604,0.0989828561506112,0.017712256188288603
2020_02_KC_LAC,LAC,0.0989828561506112,0.017712256188288603,4.750239749749501,0.13519613841818515,-0.04874365734576713
2020_02_LA_PHI,LA,0.6197172240383306,0.2056155842891552,16.22978838590475,-0.17531578230108608,0.09891861858229654
2020_02_LA_PHI,PHI,-0.17531578230108608,0.09891861858229654,-6.576794967418763,0.6197172240383306,0.2056155842891552
2020_02_MIN_IND,IND,0.2041614073000231,-0.05607249961926386,7.608343243598938,-0.2824068669942354,-0.07607955596661417
2020_02_MIN_IND,MIN,-0.2824068669942354,-0.07607955596661417,-16.517592253892317,0.2041614073000231,-0.05607249961926386
2020_02_NE_SEA,NE,0.47757499449187896,-0.39354906724094735,1.9209504820579706,0.35490352773843836,-0.036387725034728646
2020_02_NE_SEA,SEA,0.35490352773843836,-0.036387725034728646,17.11941349506378,0.47757499449187896,-0.39354906724094735
2020_02_NO_LV,LV,0.4484996464853142,-0.15998091207793863,8.532343629528494,0.08387911845457661,0.2569968069257725
2020_02_NO_LV,NO,0.08387911845457661,0.2569968069257725,-3.9237584616686845,0.4484996464853142,-0.15998091207793863
2020_02_NYG_CHI,CHI,0.09965623488083783,-0.1787632616924384,-1.8763190933636256,-0.15820720735380617,0.06078550830328216
2020_02_NYG_CHI,NYG,-0.15820720735380617,0.06078550830328216,-0.8721193505658044,0.09965623488083783,-0.1787632616924384
2020_02_SF_NYJ,NYJ,0.039701884522357976,-0.40365347939689106,-4.5271772891283035,0.2610374906835419,0.1041375032229418
2020_02_SF_NYJ,SF,0.2610374906835419,0.1041375032229418,16.720333695411682,0.039701884522357976,-0.40365347939689106
2020_02_WAS_ARI,ARI,0.03482789057635734,0.10386962872587845,7.48446978190366,-0.126816783187436,0.09628936427119576
2020_02_WAS_ARI,WAS,-0.126816783187436,0.09628936427119576,-10.982035506855357,0.03482789057635734,0.10386962872587845
2020_03_CAR_LAC,CAR,0.0627868295029786,-0.3550571673378718,5.607491621264705,-0.06500018663277171,-0.40067710306140636
2020_03_CAR_LAC,LAC,-0.06500018663277171,-0.40067710306140636,1.4173007259766262,0.0627868295029786,-0.3550571673378718
2020_03_CHI_ATL,ATL,-0.11806556725175367,0.21470478984701913,-11.126231323731574,0.03341755716891632,-0.07108394128259864
2020_03_CHI_ATL,CHI,0.03341755716891632,-0.07108394128259864,-1.6133372272763933,-0.11806556725175367,0.21470478984701913
2020_03_CIN_PHI,CIN,0.08882110284357408,-0.22668641800684033,12.29299150762104,0.01987888841701638,-0.141871168884644
2020_03_CIN_PHI,PHI,0.01987888841701638,-0.141871168884644,-4.119180887937546,0.08882110284357408,-0.22668641800684033
2020_03_DAL_SEA,DAL,0.12092627816526645,0.13009895828744286,1.3447187840938568,0.21627645802827708,-0.06625726792013406
2020_03_DAL_SEA,SEA,0.21627645802827708,-0.06625726792013406,6.241008796189961,0.12092627816526645,0.13009895828744286
2020_03_DET_ARI,ARI,-0.04050761007835181,0.11461217688898054,0.4712824568603978,0.22884906972298966,-0.15817406500225678
2020_03_DET_ARI,DET,0.22884906972298966,-0.15817406500225678,4.411231029418207,-0.04050761007835181,0.11461217688898054
2020_03_GB_NO,GB,0.4617723397710693,-0.07468727907447222,5.564638872941335,0.27167605599393857,-0.2227760158344417
2020_03_GB_NO,NO,0.27167605599393857,-0.2227760158344417,5.874905160495213,0.4617723397710693,-0.07468727907447222
2020_03_HOU_PIT,HOU,0.21481383212570412,-0.35911313511522686,10.637583390430168,0.3105012961132731,0.08134236604546616
2020_03_HOU_PIT,PIT,0.3105012961132731,0.08134236604546616,0.06934821605682373,0.21481383212570412,-0.35911313511522686
2020_03_KC_BAL,BAL,-0.2849132351169084,0.2719717257552677,-10.729061839757142,0.7532663628610358,-0.4350596738664468
2020_03_KC_BAL,KC,0.7532663628610358,-0.4350596738664468,9.40051184194844,-0.2849132351169084,0.2719717257552677
2020_03_LA_BUF,BUF,0.21058709722469424,0.13605300606355913,12.103408388793468,0.33425068936361757,0.27196880955943925
2020_03_LA_BUF,LA,0.33425068936361757,0.27196880955943925,6.4557671546936035,0.21058709722469424,0.13605300606355913
2020_03_LV_NE,LV,-0.0007023033408584294,-0.10554489679634571,9.892008546739817,-0.05706089355384936,0.3463103027753654
2020_03_LV_NE,NE,-0.05706089355384936,0.3463103027753654,-7.7354991010257175,-0.0007023033408584294,-0.10554489679634571
2020_03_MIA_JAX,JAX,-0.13297607222865246,-0.10921833130539328,4.118976067929041,0.5132248695385728,-0.0322258140791113
2020_03_MIA_JAX,MIA,0.5132248695385728,-0.0322258140791113,24.632155001163483,-0.13297607222865246,-0.10921833130539328
2020_03_NYJ_IND,IND,0.34913964745485776,-0.11672638527726109,2.430664539337158,-0.548620282827566,-0.1667861548718065
2020_03_NYJ_IND,NYJ,-0.548620282827566,-0.1667861548718065,-3.995301517156454,0.34913964745485776,-0.11672638527726109
2020_03_SF_NYG,NYG,-0.13157294244001816,-0.6223389009013772,-12.416558400277168,0.598804578033106,-0.08505736373315033
2020_03_SF_NYG,SF,0.598804578033106,-0.08505736373315033,8.32088121346065,-0.13157294244001816,-0.6223389009013772
2020_03_TB_DEN,DEN,-0.2407148712326108,-0.357757489332774,-3.4235847623724687,0.24186136509282236,-0.06439521291505788
2020_03_TB_DEN,TB,0.24186136509282236,-0.06439521291505788,5.413897997803158,-0.2407148712326108,-0.357757489332774
2020_03_TEN_MIN,MIN,0.16784855548638683,-0.08056734059760912,0.11379420757293701,-0.023757574215766887,0.013711915202293312
2020_03_TEN_MIN,TEN,-0.023757574215766887,0.013711915202293312,3.654222416155266,0.16784855548638683,-0.08056734059760912
2020_03_WAS_CLE,CLE,0.2971770920725471,-0.12111889930481179,7.970405708659779,-0.19299724579711133,-0.056794170692393724
2020_03_WAS_CLE,WAS,-0.19299724579711133,-0.056794170692393724,-3.3862386556232678,0.2971770920725471,-0.12111889930481179
2020_04_ARI_CAR,ARI,0.16343013478664845,-0.017412517828779527,11.059544355638566,0.49790343332046555,0.0017467843116416284
2020_04_ARI_CAR,CAR,0.49790343332046555,0.0017467843116416284,6.321653723716736,0.16343013478664845,-0.017412517828779527
2020_04_ATL_GB,ATL,0.15776814209271223,-0.02546864454432026,6.679522227018308,0.6744910057837652,-0.3738302707085192
2020_04_ATL_GB,GB,0.6744910057837652,-0.3738302707085192,17.18199442733418,0.15776814209271223,-0.02546864454432026
2020_04_BAL_WAS,BAL,0.36692128576955807,0.12922241948825983,8.281083599380825,-0.07482262948526396,0.11167722662503365
2020_04_BAL_WAS,WAS,-0.07482262948526396,0.11167722662503365,-0.7426154884425077,0.36692128576955807,0.12922241948825983
2020_04_BUF_LV,BUF,0.4844498830625387,-0.18632619122913835,5.269788019359112,0.15974565540994418,-0.4526012818536988
2020_04_BUF_LV,LV,0.15974565540994418,-0.4526012818536988,0.9346637614937716,0.4844498830625387,-0.18632619122913835
2020_04_CLE_DAL,CLE,0.33644060031043965,0.3700103488786576,13.540839002682613,0.16882001344435332,0.09227688937283758
2020_04_CLE_DAL,DAL,0.16882001344435332,0.09227688937283758,0.9307441012612705,0.33644060031043965,0.3700103488786576
2020_04_DEN_NYJ,DEN,0.24180404679036227,-0.005969369996039729,5.312967353633472,-0.07633492809660004,-0.3332537839363795
2020_04_DEN_NYJ,NYJ,-0.07633492809660004,-0.3332537839363795,-3.82884914098784,0.24180404679036227,-0.005969369996039729
2020_04_IND_CHI,CHI,0.0016579670068102854,-0.27009762264514575,-4.976501635142735,0.2684562944644746,-0.21555267164200742
2020_04_IND_CHI,IND,0.2684562944644746,-0.21555267164200742,-6.426460295915604,0.0016579670068102854,-0.27009762264514575
2020_04_JAX_CIN,CIN,0.2228173416576508,0.21812367987269132,7.845860208783831,0.24550402360520343,-0.057743407130290414
2020_04_JAX_CIN,JAX,0.24550402360520343,-0.057743407130290414,8.029858519633612,0.2228173416576508,0.21812367987269132
2020_04_LAC_TB,LAC,0.5004235509940751,-0.49796108043228743,14.04479205608368,0.26623933593356236,-0.06717360670678317
2020_04_LAC_TB,TB,0.26623933593356236,-0.06717360670678317,4.945294592115614,0.5004235509940751,-0.49796108043228743
2020_04_MIN_HOU,HOU,0.15530714014050062,-0.2031764874687803,-2.648951449701863,0.24801905017912418,0.19610377558274195
2020_04_MIN_HOU,MIN,0.24801905017912418,0.19610377558274195,19.21667257944743,0.15530714014050062,-0.2031764874687803
2020_04_NE_KC,KC,0.20324193162977064,-0.1224175827605102,-1.1538118124008179,-0.40373677202834835,0.08464725548489668
2020_04_NE_KC,NE,-0.40373677202834835,0.08464725548489668,-7.552256669316973,0.20324193162977064,-0.1224175827605102
2020_04_NO_DET,DET,0.24683307696068663,-0.05549830174173361,-6.430484553178151,0.3909187616232817,0.2158064574454329
2020_04_NO_DET,NO,0.3909187616232817,0.2158064574454329,10.891744136810303,0.24683307696068663,-0.05549830174173361
2020_04_NYG_LA,LA,-0.17049502779872702,0.018988413459737785,5.075920931994915,-0.20728540569537804,-0.12034549423366446
2020_04_NYG_LA,NYG,-0.20728540569537804,-0.12034549423366446,-8.144686619440714,-0.17049502779872702,0.018988413459737785
2020_04_PHI_SF,PHI,0.08083012593563912,-0.16227182699833065,1.3196244835853577,-0.1750621045845442,0.12275705992804087
2020_04_PHI_SF,SF,-0.1750621045845442,0.12275705992804087,9.365626878854705,0.08083012593563912,-0.16227182699833065
2020_04_SEA_MIA,MIA,0.08793877178835786,-0.07191537666879658,-4.179598225487603,0.36074804780983566,0.05273417020163668
2020_04_SEA_MIA,SEA,0.36074804780983566,0.05273417020163668,11.491226156552633,0.08793877178835786,-0.07191537666879658
2020_05_ARI_NYJ,ARI,0.3071235908632356,0.07831017999078854,10.006009425435748,0.0005425743885655186,-0.2688223336202403
2020_05_ARI_NYJ,NYJ,0.0005425743885655186,-0.2688223336202403,-5.3546319565465375,0.3071235908632356,0.07831017999078854
2020_05_BUF_TEN,BUF,-0.0008395241740870541,0.06021117258060258,-1.2753324376212225,0.6055699652488864,-0.04529916955380031
2020_05_BUF_TEN,TEN,0.6055699652488864,-0.04529916955380031,8.385337676320757,-0.0008395241740870541,0.06021117258060258
2020_05_CAR_ATL,ATL,-0.10444581060310769,0.1931562524032779,-8.624179703848702,0.40032991876248525,-0.018858236662345006
2020_05_CAR_ATL,CAR,0.40032991876248525,-0.018858236662345006,8.978259300484376,-0.10444581060310769,0.1931562524032779
2020_05_CIN_BAL,BAL,-0.10584249382106346,0.036645529779058925,-11.317660990688536,-0.5735209117155159,-0.26391659684688107
2020_05_CIN_BAL,CIN,-0.5735209117155159,-0.26391659684688107,-0.8415627068486707,-0.10584249382106346,0.036645529779058925
2020_05_IND_CLE,CLE,0.17157610973587095,-0.11180524179803576,-5.2338770345637675,-0.18947405761851527,0.19125822595863914
2020_05_IND_CLE,IND,-0.18947405761851527,0.19125822595863914,2.304903883486986,0.17157610973587095,-0.11180524179803576
2020_05_JAX_HOU,HOU,0.3657719055116695,-0.11269200357492082,4.72926778452737,-0.0012431866189414934,-0.1632503290379913
2020_05_JAX_HOU,JAX,-0.0012431866189414934,-0.1632503290379913,2.0950525999069214,0.3657719055116695,-0.11269200357492082
2020_05_LAC_NO,LAC,0.13094299660026892,-0.14836093597308112,1.1163637042045593,-0.03176993993669021,-0.09084647979110691
2020_05_LAC_NO,NO,-0.03176993993669021,-0.09084647979110691,-1.2218037818340546,0.13094299660026892,-0.14836093597308112
2020_05_LA_WAS,LA,0.5254572938879309,-0.24365634184869123,1.8319520457037564,-0.4755301389902841,-0.06131576951884199
2020_05_LA_WAS,WAS,-0.4755301389902841,-0.06131576951884199,-8.73860770038196,0.5254572938879309,-0.24365634184869123
2020_05_LV_KC,KC,0.13761769376832064,0.038402830747145345,-10.07483477393786,0.559721961131195,0.08234836800564903
2020_05_LV_KC,LV,0.559721961131195,0.08234836800564903,6.946101015613925,0.13761769376832064,0.038402830747145345
2020_05_MIA_SF,MIA,0.8828433779152497,-0.228857229840919,20.556472131499536,-0.35611710391305657,0.13699520379304886
2020_05_MIA_SF,SF,-0.35611710391305657,0.13699520379304886,-20.347331081117904,0.8828433779152497,-0.228857229840919
2020_05_MIN_SEA,MIN,0.21569660527957846,-0.11793461469642082,5.8779998045218615,0.08979537733052424,0.02476252033904364
2020_05_MIN_SEA,SEA,0.08979537733052424,0.02476252033904364,9.361420919497808,0.21569660527957846,-0.11793461469642082
2020_05_NYG_DAL,DAL,0.10827328558907316,-0.016643798588061583,2.383593356970585,-0.033788756482694575,0.0031657706950446248
2020_05_NYG_DAL,NYG,-0.033788756482694575,0.0031657706950446248,2.510379306201277,0.10827328558907316,-0.016643798588061583
2020_05_PHI_PIT,PHI,0.17637831718447106,0.17403709260023398,-1.6224469575617049,0.373776652754475,-0.00035887028394837773
2020_05_PHI_PIT,PIT,0.373776652754475,-0.00035887028394837773,10.47860217445037,0.17637831718447106,0.17403709260023398
2020_05_TB_CHI,CHI,-0.03260699797365593,-0.18825090149766766,3.01598459482193,-0.04662643986668222,0.03737348075665068
2020_05_TB_CHI,TB,-0.04662643986668222,0.03737348075665068,-3.4190087783627394,-0.03260699797365593,-0.18825090149766766
2020_06_ARI_DAL,ARI,0.15217744847119513,0.4733013658724303,-24.487389488653704,-0.1149596722618943,-0.2354979220603127
2020_06_ARI_DAL,DAL,-0.1149596722618943,-0.2354979220603127,-4.615444346116139,0.15217744847119513,0.4733013658724303
2020_06_ATL_MIN,ATL,0.6805574345731754,-0.4705149134175294,10.04410837147687,0.041137198079653554,-0.5410165181383491
2020_06_ATL_MIN,MIN,0.041137198079653554,-0.5410165181383491,3.08795120034899,0.6805574345731754,-0.4705149134175294
2020_06_BAL_PHI,BAL,0.0628173520355064,-0.05622708588934449,-4.677824139595032,0.05725263150092896,-0.2387127987779922
2020_06_BAL_PHI,PHI,0.05725263150092896,-0.2387127987779922,-2.8687865306169558,0.0628173520355064,-0.05622708588934449
2020_06_CHI_CAR,CAR,-0.06965905607826364,-0.2714376098095575,-6.5850542651282415,0.10131892370707529,-0.1189661878299722
2020_06_CHI_CAR,CHI,0.10131892370707529,-0.1189661878299722,-3.245800733566284,-0.06965905607826364,-0.2714376098095575
2020_06_CIN_IND,CIN,0.3065266403166833,0.05608476194793915,-4.57057440892244,0.22344558399789494,-0.04236299059578284
2020_06_CIN_IND,IND,0.22344558399789494,-0.04236299059578284,1.1358833029156639,0.3065266403166833,0.05608476194793915
2020_06_CLE_PIT,CLE,-0.5050464210960652,-0.4902673933677198,-12.774320176014534,0.014738196074106613,0.1769443472944926
2020_06_CLE_PIT,PIT,0.014738196074106613,0.1769443472944926,-1.3439288605814395,-0.5050464210960652,-0.4902673933677198
2020_06_DEN_NE,DEN,-0.16095234426228627,-0.053602538359177734,-10.86751309533914,-0.3866785686798669,-0.10999212751431729
2020_06_DEN_NE,NE,-0.3866785686798669,-0.10999212751431729,0.8028335041469998,-0.16095234426228627,-0.053602538359177734
2020_06_DET_JAX,DET,0.36127658424823145,0.09252227721830227,-0.3783218322261687,-0.034771326539524035,-0.2998204260948114
2020_06_DET_JAX,JAX,-0.034771326539524035,-0.2998204260948114,-5.090022832155228,0.36127658424823145,0.09252227721830227
2020_06_GB_TB,GB,-0.35725721191169996,-0.2053943535865983,-11.8845054218846,0.397664690333335,0.011069605411648809
2020_06_GB_TB,TB,0.397664690333335,0.011069605411648809,0.1250608099831475,-0.35725721191169996,-0.2053943535865983
2020_06_HOU_TEN,HOU,0.5328328071029179,-0.14427724301528472,11.226435851406407,0.45173623505891825,0.3379732761267981
2020_06_HOU_TEN,TEN,0.45173623505891825,0.3379732761267981,5.272560512147298,0.5328328071029179,-0.14427724301528472
2020_06_KC_BUF,BUF,0.16713329228215565,-0.1168805438087714,-6.524728894233704,0.507392344364568,0.1801610000284392
2020_06_KC_BUF,KC,0.507392344364568,0.1801610000284392,13.070534628171186,0.16713329228215565,-0.1168805438087714
2020_06_LA_SF,LA,0.006759579063186991,0.044375402656824964,-9.552657684764347,0.3603720985612778,-0.1775983597075942
2020_06_LA_SF,SF,0.3603720985612778,-0.1775983597075942,1.1193704791367054,0.006759579063186991,0.044375402656824964
2020_06_NYJ_MIA,MIA,-0.09511455023065962,-0.04599937146122102,2.688139060447956,-0.3666579512171396,-0.19801546616310423
2020_06_NYJ_MIA,NYJ,-0.3666579512171396,-0.19801546616310423,-9.851114413677118,-0.09511455023065962,-0.04599937146122102
2020_06_WAS_NYG,NYG,0.1375108749185031,-0.0982529281868083,-0.6864918602837456,0.04104177369979609,-0.06466904510085916
2020_06_WAS_NYG,WAS,0.04104177369979609,-0.06466904510085916,9.682427644729614,0.1375108749185031,-0.0982529281868083
2020_07_BUF_NYJ,BUF,0.15793037865834583,-0.0333969842065021,2.5454889710356547,-0.28050325608422183,-0.037782076934077355
2020_07_BUF_NYJ,NYJ,-0.28050325608422183,-0.037782076934077355,-10.246763342902774,0.15793037865834583,-0.0333969842065021
2020_07_CAR_NO,CAR,0.44985644646894024,-0.1484934549565272,10.936623590963858,0.37410743514137007,0.03428504847849173
2020_07_CAR_NO,NO,0.37410743514137007,0.03428504847849173,10.788835797991071,0.44985644646894024,-0.1484934549565272
2020_07_CHI_LA,CHI,-0.3590930474107785,-0.4001999832140023,7.022493724760256,0.1745639027140386,-0.3579616363130013
2020_07_CHI_LA,LA,0.1745639027140386,-0.3579616363130013,3.4428605148869176,-0.3590930474107785,-0.4001999832140023
2020_07_CLE_CIN,CIN,0.3532974817833137,-0.03542050669057062,11.813930754965924,0.8440596587521875,-0.07059648206147055
2020_07_CLE_CIN,CLE,0.8440596587521875,-0.07059648206147055,22.46671478663172,0.3532974817833137,-0.03542050669057062
2020_07_DAL_WAS,DAL,-0.30035915639928135,-0.2429378427294143,-15.760793004717145,0.393601688612223,-0.05957935278718724
2020_07_DAL_WAS,WAS,0.393601688612223,-0.05957935278718724,6.4698280323119395,-0.30035915639928135,-0.2429378427294143
2020_07_DET_ATL,ATL,0.2609943880364299,-0.23043875200070302,8.100752383470535,0.40061103179119906,-0.2864702957502397
2020_07_DET_ATL,DET,0.40061103179119906,-0.2864702957502397,13.293368462473154,0.2609943880364299,-0.23043875200070302
2020_07_GB_HOU,GB,0.5434184030371918,-0.02714064842206426,-2.4926432791878197,0.13897310513616618,-0.59558626629223
2020_07_GB_HOU,HOU,0.13897310513616618,-0.59558626629223,4.9149485010849805,0.5434184030371918,-0.02714064842206426
2020_07_JAX_LAC,JAX,-0.10171142606234226,-0.08878423250340468,-8.333837985992432,0.4129294093509786,-0.18958893390986378
2020_07_JAX_LAC,LAC,0.4129294093509786,-0.18958893390986378,-2.9528934331167314,-0.10171142606234226,-0.08878423250340468
2020_07_KC_DEN,DEN,-0.42257183538775,-0.04764496134135477,-5.953116087537063,-0.00724954449215413,0.17225487161838254
2020_07_KC_DEN,KC,-0.00724954449215413,0.17225487161838254,6.568430985013644,-0.42257183538775,-0.04764496134135477
2020_07_NYG_PHI,NYG,-0.03057904134188086,0.04378095029096585,6.335632183722088,0.20160443356330585,-0.3101344270695225
2020_07_NYG_PHI,PHI,0.20160443356330585,-0.3101344270695225,2.228755703786524,-0.03057904134188086,0.04378095029096585
2020_07_PIT_TEN,PIT,0.10243102838461646,0.060296132917283106,-1.6906202447657683,0.18508444544373134,-0.15142720582155997
2020_07_PIT_TEN,TEN,0.18508444544373134,-0.15142720582155997,-4.908812244733174,0.10243102838461646,0.060296132917283106
2020_07_SEA_ARI,ARI,0.2561978257338892,-0.15364710077182236,6.730102612213655,0.030759461196155767,0.2967705368157476
2020_07_SEA_ARI,SEA,0.030759461196155767,0.2967705368157476,4.719273683925469,0.2561978257338892,-0.15364710077182236
2020_07_SF_NE,NE,-0.40925886607932066,-0.028348237760119924,-2.2176397795026954,0.6249776225029267,0.10565881514404264
2020_07_SF_NE,SF,0.6249776225029267,0.10565881514404264,8.230234503746033,-0.40925886607932066,-0.028348237760119924
2020_07_TB_LV,LV,-0.0024829076980040876,-0.16577996297697115,-4.647334830628501,0.65670982143288,-0.11558662057272158
2020_07_TB_LV,TB,0.65670982143288,-0.11558662057272158,14.657552940089529,-0.0024829076980040876,-0.16577996297697115
2020_08_ATL_CAR,ATL,0.4721464512392187,-0.08284845183332343,4.754805068174998,0.01870063126628608,-0.0182252930632482
2020_08_ATL_CAR,CAR,0.01870063126628608,-0.0182252930632482,-3.642425055687244,0.4721464512392187,-0.08284845183332343
2020_08_DAL_PHI,DAL,-0.5191421550473334,-0.07117931089733782,-11.176704576140956,-0.29131174993916953,-0.12949967834224924
2020_08_DAL_PHI,PHI,-0.29131174993916953,-0.12949967834224924,-1.426143256517557,-0.5191421550473334,-0.07117931089733782
2020_08_IND_DET,DET,-0.11444743521133205,-0.5620702712913044,-9.794888645410538,0.5953790268379364,-0.08095190365450751
2020_08_IND_DET,IND,0.5953790268379364,-0.08095190365450751,-3.0509582071593315,-0.11444743521133205,-0.5620702712913044
2020_08_LAC_DEN,DEN,0.08758721174799505,0.0270976353858714,2.1891896661959196,0.09238403539152293,-0.030326018623064124
2020_08_LAC_DEN,LAC,0.09238403539152293,-0.030326018623064124,4.269013944126311,0.08758721174799505,0.0270976353858714
2020_08_LA_MIA,LA,-0.40598264147546814,0.0776391639454483,-6.503903395251224,-0.44510057626515237,-0.5740649452042513
2020_08_LA_MIA,MIA,-0.44510057626515237,-0.5740649452042513,-16.6520893573761,-0.40598264147546814,0.0776391639454483
2020_08_LV_CLE,CLE,-0.16524443237582315,0.12742675085380478,-18.0793137550354,0.11777601661088938,0.19895588166837114
2020_08_LV_CLE,LV,0.11777601661088938,0.19895588166837114,1.0999909856102683,-0.16524443237582315,0.12742675085380478
2020_08_MIN_GB,GB,0.17245214340889978,0.06041279972305832,5.623851442023327,0.8415952797481118,0.2019177289416
2020_08_MIN_GB,MIN,0.8415952797481118,0.2019177289416,-0.4309871367045811,0.17245214340889978,0.06041279972305832
2020_08_NE_BUF,BUF,-0.06264825373920489,0.29175811971617804,-1.838123963938819,0.10482237834893515,0.08481086510674586
2020_08_NE_BUF,NE,0.10482237834893515,0.08481086510674586,-5.677881707315859,-0.06264825373920489,0.29175811971617804
2020_08_NO_CHI,CHI,0.024486013043303778,-0.1582762954576933,-0.7796188680137076,0.19477905408567273,-0.09732274367291081
2020_08_NO_CHI,NO,0.19477905408567273,-0.09732274367291081,4.239559900469896,0.024486013043303778,-0.1582762954576933
2020_08_NYJ_KC,KC,0.6385978718543366,-0.5072560234431875,8.470123245361004,-0.25389895532012663,-0.16825849439261392
2020_08_NYJ_KC,NYJ,-0.25389895532012663,-0.16825849439261392,-3.5665076758180345,0.6385978718543366,-0.5072560234431875
2020_08_PIT_BAL,BAL,-0.23957965140027973,0.03111790600260498,-13.085684524132656,0.14959729405598263,-0.06551332796516363
2020_08_PIT_BAL,PIT,0.14959729405598263,-0.06551332796516363,-2.598362509161234,-0.23957965140027973,0.03111790600260498
2020_08_SF_SEA,SEA,0.44649781064590005,-0.027724416982285522,7.673329528835085,0.25749390167673614,0.030429953391748397
2020_08_SF_SEA,SF,0.25749390167673614,0.030429953391748397,6.478557959198952,0.44649781064590005,-0.027724416982285522
2020_08_TB_NYG,NYG,0.06930106217204154,-0.1664543192649338,-1.3076162192879655,0.1963954899182583,-0.1934754972604419
2020_08_TB_NYG,TB,0.1963954899182583,-0.1934754972604419,4.567484557628632,0.06930106217204154,-0.1664543192649338
2020_08_TEN_CIN,CIN,0.5097528438222486,0.034550577698786174,4.330442122050694,0.07254931266602832,0.38764825852870544
2020_08_TEN_CIN,TEN,0.07254931266602832,0.38764825852870544,0.45365537035054176,0.5097528438222486,0.034550577698786174
2020_09_BAL_IND,BAL,0.18262858071054022,-0.18598393163452798,3.966460020645805,-0.27029442546217614,-0.4449851495238753
2020_09_BAL_IND,IND,-0.27029442546217614,-0.4449851495238753,-10.428459867835045,0.18262858071054022,-0.18598393163452798
2020_09_CAR_KC,CAR,0.3903567595469579,0.033205362593556824,15.45813876119527,0.31524684275746534,-0.06245919387438335
2020_09_CAR_KC,KC,0.31524684275746534,-0.06245919387438335,5.58186254718087,0.3903567595469579,0.033205362593556824
2020_09_CHI_TEN,CHI,-0.0913170711564759,-0.29504945268548144,10.483493323021747,-0.04054057343685841,-0.14483387146070267
2020_09_CHI_TEN,TEN,-0.04054057343685841,-0.14483387146070267,-16.920687896864756,-0.0913170711564759,-0.29504945268548144
2020_09_DEN_ATL,ATL,0.37175322853438775,-0.2626442772372433,5.759760737419128,0.11543455525578575,-0.3779270814084157
2020_09_DEN_ATL,DEN,0.11543455525578575,-0.3779270814084157,-7.487761974334717,0.37175322853438775,-0.2626442772372433
2020_09_DET_MIN,DET,-0.11447915709953549,-0.03674429718647236,-2.270332385193218,0.3970675874099305,0.18441959031689395
2020_09_DET_MIN,MIN,0.3970675874099305,0.18441959031689395,-1.4553575217723846,-0.11447915709953549,-0.03674429718647236
2020_09_GB_SF,GB,0.6957791489803571,-0.12987412027677786,15.874266922473907,-0.022566920699162177,-0.15691991162327068
2020_09_GB_SF,SF,-0.022566920699162177,-0.15691991162327068,-4.740809430094326,0.6957791489803571,-0.12987412027677786
2020_09_HOU_JAX,HOU,0.4231958030804415,-0.4323904696764657,-1.757493204083936,0.14591804619634366,-0.15385997737310111
2020_09_HOU_JAX,JAX,0.14591804619634366,-0.15385997737310111,0.5584573275164554,0.4231958030804415,-0.4323904696764657
2020_09_LV_LAC,LAC,0.19802365945733377,0.009539558067293681,1.5231442887608597,0.11972808947475075,0.2452937187626958
2020_09_LV_LAC,LV,0.11972808947475075,0.2452937187626958,-7.400580074476159,0.19802365945733377,0.009539558067293681
2020_09_MIA_ARI,ARI,0.39427951476721423,-0.0385775670165458,12.906678250202766,0.4331665259894759,-0.2318085544888163
2020_09_MIA_ARI,MIA,0.4331665259894759,-0.2318085544888163,8.200815205390636,0.39427951476721423,-0.0385775670165458
2020_09_NE_NYJ,NE,0.40781807967240874,0.02225725791735075,14.235226985286264,0.6304168630803287,-0.05003377585348466
2020_09_NE_NYJ,NYJ,0.6304168630803287,-0.05003377585348466,16.11323120693366,0.40781807967240874,0.02225725791735075
2020_09_NO_TB,NO,0.36726474573306994,0.05816841558102639,20.188860770534067,-0.47734137284014094,-0.49421467194333674
2020_09_NO_TB,TB,-0.47734137284014094,-0.49421467194333674,-3.9144091509483956,0.36726474573306994,0.05816841558102639
2020_09_NYG_WAS,NYG,0.009241247212706994,0.033677689256640435,-0.6585567286520293,0.015179687342121738,-0.28000759198965336
2020_09_NYG_WAS,WAS,0.015179687342121738,-0.28000759198965336,1.968908768433791,0.009241247212706994,0.033677689256640435
2020_09_PIT_DAL,DAL,-0.17337971393059265,-0.06974997639066323,-6.425811712806289,0.2467411787245963,-0.5862181988880312
2020_09_PIT_DAL,PIT,0.2467411787245963,-0.5862181988880312,-2.84873710738288,-0.17337971393059265,-0.06974997639066323
2020_09_SEA_BUF,BUF,0.3278052356755772,-0.12646899566663286,16.16878564420499,0.11789441282435328,-0.043347886159608606
2020_09_SEA_BUF,SEA,0.11789441282435328,-0.043347886159608606,7.13582169264555,0.3278052356755772,-0.12646899566663286
2020_10_BAL_NE,BAL,0.11746573370502933,-0.1146088991202608,2.4570388829006866,0.35676248192639043,0.11024462985428604
2020_10_BAL_NE,NE,0.35676248192639043,0.11024462985428604,14.683075862772325,0.11746573370502933,-0.1146088991202608
2020_10_BUF_ARI,ARI,0.09865073115490224,-0.0224746830895092,-1.452840119600296,0.047321293596280026,-0.19014582475376485
2020_10_BUF_ARI,BUF,0.047321293596280026,-0.19014582475376485,1.2690566645728216,0.09865073115490224,-0.0224746830895092
2020_10_CIN_PIT,CIN,-0.37964215420840575,0.06070479350323281,-10.22907903319911,0.2644429385918017,-0.41782470662358473
2020_10_CIN_PIT,PIT,0.2644429385918017,-0.41782470662358473,-3.0110786142556565,-0.37964215420840575,0.06070479350323281
2020_10_DEN_LV,DEN,-0.3456589461937614,-0.15773300855193825,-16.77489976088206,0.1660630195441062,0.00642457595303989
2020_10_DEN_LV,LV,0.1660630195441062,0.00642457595303989,4.1435094042257825,-0.3456589461937614,-0.15773300855193825
2020_10_HOU_CLE,CLE,-0.053534888064841156,0.164037740295335,-2.232007368614799,0.06358536323347279,-0.10643408738819528
2020_10_HOU_CLE,HOU,0.06358536323347279,-0.10643408738819528,3.4428281443459645,-0.053534888064841156,0.164037740295335
2020_10_IND_TEN,IND,0.38574771062134733,-0.0004064405511599034,9.962106082174513,0.012958279091134733,0.0039386490379911265
2020_10_IND_TEN,TEN,0.012958279091134733,0.0039386490379911265,-10.787366165055168,0.38574771062134733,-0.0004064405511599034
2020_10_JAX_GB,GB,0.10705839705221694,-0.21742729471059813,1.8090725848169038,-0.2951281071829899,-0.07641406674170867
2020_10_JAX_GB,JAX,-0.2951281071829899,-0.07641406674170867,-19.404439628124237,0.10705839705221694,-0.21742729471059813
2020_10_LAC_MIA,LAC,-0.12951287843720316,0.08889252360453472,0.8155855350196362,0.28037045580526626,-0.35151604841979806
2020_10_LAC_MIA,MIA,0.28037045580526626,-0.35151604841979806,2.568999429543813,-0.12951287843720316,0.08889252360453472
2020_10_MIN_CHI,CHI,-0.48815838543157347,-0.32941985544675845,-5.065625032474255,0.09701749047301507,-0.29582641078056493
2020_10_MIN_CHI,MIN,0.09701749047301507,-0.29582641078056493,10.488579235970974,-0.48815838543157347,-0.32941985544675845
2020_10_PHI_NYG,NYG,0.2246040276872826,0.10859359957495097,10.526245193822044,-0.08884827095424988,0.37769218735715065
2020_10_PHI_NYG,PHI,-0.08884827095424988,0.37769218735715065,-6.462285998794767,0.2246040276872826,0.10859359957495097
2020_10_SEA_LA,LA,0.14361122584203045,0.03754804256604984,3.745227058728536,-0.07536377463327579,-0.3261144446713539
2020_10_SEA_LA,SEA,-0.07536377463327579,-0.3261144446713539,-2.3828056028911044,0.14361122584203045,0.03754804256604984
2020_10_SF_NO,NO,-0.06565107117499615,-0.15011315870259961,-11.669538979944976,0.02057112521758611,-0.5372223716851574
2020_10_SF_NO,SF,0.02057112521758611,-0.5372223716851574,-6.185493790186369,-0.06565107117499615,-0.15011315870259961
2020_10_TB_CAR,CAR,-0.2653683879955698,-0.060680430507860504,6.3743259225572855,0.48991876006946905,0.15476701662621714
2020_10_TB_CAR,TB,0.48991876006946905,0.15476701662621714,12.985255608433171,-0.2653683879955698,-0.060680430507860504
2020_10_WAS_DET,DET,0.2857053134655958,-0.03480340010442194,0.9982929565012455,0.23850576226784242,0.05003379236586625
2020_10_WAS_DET,WAS,0.23850576226784242,0.05003379236586625,1.8105671955988958,0.2857053134655958,-0.03480340010442194
2020_11_ARI_SEA,ARI,0.28279251424531565,-0.1663521711161593,7.496344966766162,0.27863548547125616,0.030759420352599893
2020_11_ARI_SEA,SEA,0.27863548547125616,0.030759420352599893,17.59396896318153,0.28279251424531565,-0.1663521711161593
2020_11_ATL_NO,ATL,-0.2724262286675874,-0.2016186378605198,-10.180523903930888,0.09340540573957326,-0.008794056479928258
2020_11_ATL_NO,NO,0.09340540573957326,-0.008794056479928258,7.486871921497842,-0.2724262286675874,-0.2016186378605198
2020_11_CIN_WAS,CIN,-0.13453247686995007,-0.21199510564474622,-7.059485465288162,-0.07895126548382822,0.04457891996393225
2020_11_CIN_WAS,WAS,-0.07895126548382822,0.04457891996393225,-0.21362528204917908,-0.13453247686995007,-0.21199510564474622
2020_11_DAL_MIN,DAL,0.06591517711536223,0.2991139956901557,1.9326360956315072,0.12554450432570385,-0.04955779624093945
2020_11_DAL_MIN,MIN,0.12554450432570385,-0.04955779624093945,13.148464794669833,0.06591517711536223,0.2991139956901557
2020_11_DET_CAR,CAR,-0.03948223172731242,-0.08080756139280575,-0.3111928701400757,-0.2846589908194762,-0.649180614152768
2020_11_DET_CAR,DET,-0.2846589908194762,-0.649180614152768,-12.213632930070162,-0.03948223172731242,-0.08080756139280575
2020_11_GB_IND,GB,0.1762685421902538,-0.3905324943577095,6.00023090839386,0.0840267088273126,-0.13905253842274917
2020_11_GB_IND,IND,0.0840267088273126,-0.13905253842274917,-2.904231463159834,0.1762685421902538,-0.3905324943577095
2020_11_KC_LV,KC,0.42472883233062503,0.11344727915812931,9.097102284431458,0.5543450148487953,-0.062113859835032294
2020_11_KC_LV,LV,0.5543450148487953,-0.062113859835032294,11.09118441055561,0.42472883233062503,0.11344727915812931
2020_11_LA_TB,LA,0.19462413660250605,-0.4820101259272333,8.91193479907756,-0.0811053880249935,-0.2152966996105129
2020_11_LA_TB,TB,-0.0811053880249935,-0.2152966996105129,-9.595186088947539,0.19462413660250605,-0.4820101259272333
2020_11_MIA_DEN,DEN,0.24928462497823012,-0.22161088006683927,-2.6945621768633523,-0.18495222148409324,-0.013177778957469855
2020_11_MIA_DEN,MIA,-0.18495222148409324,-0.013177778957469855,-2.7770942127382434,0.24928462497823012,-0.22161088006683927
2020_11_NE_HOU,HOU,0.43020201414016895,-0.5922448156634346,7.755755089424752,0.2264940589758063,-0.08882125353207812
2020_11_NE_HOU,NE,0.2264940589758063,-0.08882125353207812,-3.48518231981679,0.43020201414016895,-0.5922448156634346
2020_11_NYJ_LAC,LAC,0.3146211437996535,-0.4017830782540841,4.19921949505806,0.08523748385266879,-0.009562209607911822
2020_11_NYJ_LAC,NYJ,0.08523748385266879,-0.009562209607911822,-5.6497082114219666,0.3146211437996535,-0.4017830782540841
2020_11_PHI_CLE,CLE,0.10278635740434429,-0.2962220934805977,7.825880580478245,-0.15070444962958213,-0.23709708163049073
2020_11_PHI_CLE,PHI,-0.15070444962958213,-0.23709708163049073,0.7571782259380117,0.10278635740434429,-0.2962220934805977
2020_11_PIT_JAX,JAX,-0.6570145365217303,0.0928603473944617,-13.932828650330052,0.2232709577829336,-0.007712473064505805
2020_11_PIT_JAX,PIT,0.2232709577829336,-0.007712473064505805,5.865232063376385,-0.6570145365217303,0.0928603473944617
2020_11_TEN_BAL,BAL,0.1681305559828049,0.05659112155165834,-4.7897224979741235,0.44866427649144214,-0.004953995230149305
2020_11_TEN_BAL,TEN,0.44866427649144214,-0.004953995230149305,8.034423645585775,0.1681305559828049,0.05659112155165834
2020_12_ARI_NE,ARI,0.06843034147040332,-0.09791914707866228,1.4202564078218796,-0.45356297747441005,0.013475998857757077
2020_12_ARI_NE,NE,-0.45356297747441005,0.013475998857757077,-16.93467953625847,0.06843034147040332,-0.09791914707866228
2020_12_BAL_PIT,BAL,-0.6126205322006717,-0.2053082071776901,-19.208802696731354,-0.04455089703960554,-0.1265005892384675
2020_12_BAL_PIT,PIT,-0.04455089703960554,-0.1265005892384675,2.7096420526504517,-0.6126205322006717,-0.2053082071776901
2020_12_CAR_MIN,CAR,0.08194595415225273,-0.07401957314309235,-9.496747981756926,0.1562554750538545,-0.44081470867811456
2020_12_CAR_MIN,MIN,0.1562554750538545,-0.44081470867811456,11.832429988439692,0.08194595415225273,-0.07401957314309235
2020_12_CHI_GB,CHI,-0.023748456294623927,0.2897294793006343,-5.111760104244405,0.5235804420645405,0.155213195985804
2020_12_CHI_GB,GB,0.5235804420645405,0.155213195985804,5.5271799194401705,-0.023748456294623927,0.2897294793006343
2020_12_CLE_JAX,CLE,0.23289529227024253,0.1414404611287248,7.07927147547404,0.1646400047991986,0.20521930743940175
2020_12_CLE_JAX,JAX,0.1646400047991986,0.20521930743940175,-1.9526506012136287,0.23289529227024253,0.1414404611287248
2020_12_HOU_DET,DET,0.018054717051306367,-0.46836555662267876,-3.486891942364829,0.5744506459354737,-0.4678366212722133
2020_12_HOU_DET,HOU,0.5744506459354737,-0.4678366212722133,11.003568898076596,0.018054717051306367,-0.46836555662267876
2020_12_KC_TB,KC,0.3860199667809807,-0.24923813436793066,16.31534773370494,0.1662716242617459,-0.0012195410045723503
2020_12_KC_TB,TB,0.1662716242617459,-0.0012195410045723503,1.7078172142912702,0.3860199667809807,-0.24923813436793066
2020_12_LAC_BUF,BUF,0.2500183098881768,-0.2530701469132227,11.432711531718573,0.13417571296514078,-0.47777807108306236
2020_12_LAC_BUF,LAC,0.13417571296514078,-0.47777807108306236,-9.183847378281985,0.2500183098881768,-0.2530701469132227
2020_12_LV_ATL,ATL,0.05386291154866684,-0.15771107613830226,-6.0915738344192505,-0.5632295669994465,-1.0684511608518992
2020_12_LV_ATL,LV,-0.5632295669994465,-1.0684511608518992,-5.275621285309663,0.05386291154866684,-0.15771107613830226
2020_12_MIA_NYJ,MIA,0.21779405836176224,-0.3856138463091591,-6.199688407090994,-0.3855918421884735,-0.35822503410634543
2020_12_MIA_NYJ,NYJ,-0.3855918421884735,-0.35822503410634543,-3.791267783553512,0.21779405836176224,-0.3856138463091591
2020_12_NO_DEN,DEN,-1.1741312091630376,-0.5644893386851685,-36.17246262729168,-0.49043878987413403,0.3125510745837043
2020_12_NO_DEN,NO,-0.49043878987413403,0.3125510745837043,-3.3244181956563676,-1.1741312091630376,-0.5644893386851685
2020_12_NYG_CIN,CIN,-0.5066605332921557,0.13680960851100585,-5.741162211806686,0.019654775948103873,0.02964559780624132
2020_12_NYG_CIN,NYG,0.019654775948103873,0.02964559780624132,-6.755321211106068,-0.5066605332921557,0.13680960851100585
2020_12_SEA_PHI,PHI,-0.17099991062798517,0.087309887687307,-3.1956163900239125,0.010639103948057244,-0.047658913493819226
2020_12_SEA_PHI,SEA,0.010639103948057244,-0.047658913493819226,9.10454124212265,-0.17099991062798517,0.087309887687307
2020_12_SF_LA,LA,-0.7111334216846263,-0.1407837605535557,-4.8423611124356585,-0.09269849907223511,-0.5277552710150999
2020_12_SF_LA,SF,-0.09269849907223511,-0.5277552710150999,-3.7804880562950585,-0.7111334216846263,-0.1407837605535557
2020_12_TEN_IND,IND,0.130052004964148,-0.14995013877850724,-12.758228821413857,0.514557712025215,0.2746157475231421
2020_12_TEN_IND,TEN,0.514557712025215,0.2746157475231421,-7.509794980287552,0.130052004964148,-0.14995013877850724
2020_12_WAS_DAL,DAL,-0.42810282318096,-0.5608661894974134,2.455917702001684,-0.09246765694023794,0.2968920379464501
2020_12_WAS_DAL,WAS,-0.09246765694023794,0.2968920379464501,10.448294753829638,-0.42810282318096,-0.5608661894974134
2020_13_BUF_SF,BUF,0.5369076381919348,-0.3767837914506247,18.151942298219012,0.34601260496986885,-0.28121628239473684
2020_13_BUF_SF,SF,0.34601260496986885,-0.28121628239473684,-1.653627172494546,0.5369076381919348,-0.3767837914506247
2020_13_CIN_MIA,CIN,-0.28336354360097743,-0.07383663252146695,-4.353241788016425,0.21052118452066051,-0.2776298522309798
2020_13_CIN_MIA,MIA,0.21052118452066051,-0.2776298522309798,2.797254841578634,-0.28336354360097743,-0.07383663252146695
2020_13_CLE_TEN,CLE,0.7409139910893447,-0.2983627348797329,15.698766242712736,0.30784608318096546,-0.4722953599382774
2020_13_CLE_TEN,TEN,0.30784608318096546,-0.4722953599382774,5.833856974329267,0.7409139910893447,-0.2983627348797329
2020_13_DAL_BAL,BAL,0.10522551004899096,0.4253428239208006,1.4624762184479658,0.16167844628352887,-0.20073920805069584
2020_13_DAL_BAL,DAL,0.16167844628352887,-0.20073920805069584,5.451000730196635,0.10522551004899096,0.4253428239208006
2020_13_DEN_KC,DEN,0.13339642727679724,0.06631176527519005,-7.429561018943787,0.16047888184058273,0.12117667229904328
2020_13_DEN_KC,KC,0.16047888184058273,0.12117667229904328,-0.7085268944501877,0.13339642727679724,0.06631176527519005
2020_13_DET_CHI,CHI,0.17427304855128137,-0.05366592417100734,5.821553866068522,0.4156242217344698,-0.12162405736506282
2020_13_DET_CHI,DET,0.4156242217344698,-0.12162405736506282,4.125990991185351,0.17427304855128137,-0.05366592417100734
2020_13_IND_HOU,HOU,0.053225689725117535,-0.3198670826157987,3.8058346187746204,0.26307634825622006,-0.13707247988869703
2020_13_IND_HOU,IND,0.26307634825622006,-0.13707247988869703,3.8493705647332326,0.053225689725117535,-0.3198670826157987
2020_13_JAX_MIN,JAX,-0.14903869719267862,0.0011000388552454988,-1.3056911346389026,-0.0005289636440858357,-0.249429921752859
2020_13_JAX_MIN,MIN,-0.0005289636440858357,-0.249429921752859,0.8098752051591873,-0.14903869719267862,0.0011000388552454988
2020_13_LA_ARI,ARI,-0.17767560443534947,0.015107244285172784,-12.157736139165031,0.3594091994670731,-0.11029078003799132
2020_13_LA_ARI,LA,0.3594091994670731,-0.11029078003799132,10.23254475810311,-0.17767560443534947,0.015107244285172784
2020_13_LV_NYJ,LV,0.20747299584451578,-0.16851946336986579,0.32329854110012884,-0.0367998027703492,0.22461680656761018
2020_13_LV_NYJ,NYJ,-0.0367998027703492,0.22461680656761018,3.838510662317276,0.20747299584451578,-0.16851946336986579
2020_13_NE_LAC,LAC,-0.5105708576222362,0.08695873373289942,-20.57789982511447,0.14641116030031331,0.0857520671593978
2020_13_NE_LAC,NE,0.14641116030031331,0.0857520671593978,-2.3944034462883357,-0.5105708576222362,0.08695873373289942
2020_13_NO_ATL,ATL,-0.1859957486238027,-0.094313849894596,-11.691119864180282,0.14348012962145731,-0.04005220390425882
2020_13_NO_ATL,NO,0.14348012962145731,-0.04005220390425882,4.703803964563318,-0.1859957486238027,-0.094313849894596
2020_13_NYG_SEA,NYG,-0.28649030240195594,0.17025101964827627,-6.431802836331454,-0.20022486978057824,-0.2922446819866309
2020_13_NYG_SEA,SEA,-0.20022486978057824,-0.2922446819866309,-3.1914292312249906,-0.28649030240195594,0.17025101964827627
2020_13_PHI_GB,GB,0.42899407387382105,0.1295934367596849,15.533535368740559,-0.08765217299974902,-0.1359520557728645
2020_13_PHI_GB,PHI,-0.08765217299974902,-0.1359520557728645,-16.91740792989731,0.42899407387382105,0.1295934367596849
2020_13_WAS_PIT,PIT,-0.01293920369052733,-0.5763441469171084,-6.6385751625276965,0.02586733901780761,-0.2910542132213565
2020_13_WAS_PIT,WAS,0.02586733901780761,-0.2910542132213565,0.724722377278588,-0.01293920369052733,-0.5763441469171084
2020_14_ARI_NYG,ARI,0.16314980601387716,-0.11328482451598086,4.665933828800917,-0.5426154852357286,-0.050209144551498705
2020_14_ARI_NYG,NYG,-0.5426154852357286,-0.050209144551498705,-8.7308997909228,0.16314980601387716,-0.11328482451598086
2020_14_ATL_LAC,ATL,0.045643986279713625,-0.052363656528637205,1.269289292395115,0.13101207550819413,-0.08327562786413116
2020_14_ATL_LAC,LAC,0.13101207550819413,-0.08327562786413116,8.562954582951285,0.045643986279713625,-0.052363656528637205
2020_14_BAL_CLE,BAL,0.5038193228406711,0.36135960074431,-0.21838624226419548,0.34538451810852056,0.19118911667433364
2020_14_BAL_CLE,CLE,0.34538451810852056,0.19118911667433364,2.268522537567399,0.5038193228406711,0.36135960074431
2020_14_DAL_CIN,CIN,0.14675984754995985,-0.8610798865135213,3.1836738711909245,0.5094158167548334,-0.19060077977822706
2020_14_DAL_CIN,DAL,0.5094158167548334,-0.19060077977822706,10.1293299685825,0.14675984754995985,-0.8610798865135213
2020_14_DEN_CAR,CAR,-0.002252549814602378,0.24343698569818548,6.499334329213852,0.38590184448835807,-0.03705445514176972
2020_14_DEN_CAR,DEN,0.38590184448835807,-0.03705445514176972,12.18762199083964,-0.002252549814602378,0.24343698569818548
2020_14_GB_DET,DET,0.1961812306996265,-0.02078023636713624,-2.7606852744754993,0.6100467048496572,-0.05901871232479742
2020_14_GB_DET,GB,0.6100467048496572,-0.05901871232479742,10.93509283757979,0.1961812306996265,-0.02078023636713624
2020_14_HOU_CHI,CHI,0.2579499095362026,0.20651551729921871,2.8221805890401206,-0.1294025621079426,-0.3462141229625558
2020_14_HOU_CHI,HOU,-0.1294025621079426,-0.3462141229625558,11.284953355789185,0.2579499095362026,0.20651551729921871
2020_14_IND_LV,IND,0.6094067784364191,0.21204512373321507,1.8752581543392606,0.06254338985508563,-0.14038795237138402
2020_14_IND_LV,LV,0.06254338985508563,-0.14038795237138402,0.5491381221347384,0.6094067784364191,0.21204512373321507
2020_14_KC_MIA,KC,0.09234631675398494,-0.12428400943330913,5.734019770341761,0.05037297666674237,-0.05009326047891389
2020_14_KC_MIA,MIA,0.05037297666674237,-0.05009326047891389,-3.9784980856853984,0.09234631675398494,-0.12428400943330913
2020_14_MIN_TB,MIN,0.15415941282297183,0.20785447010809247,1.74387412411826,0.5396582590735931,0.04622945083057224
2020_14_MIN_TB,TB,0.5396582590735931,0.04622945083057224,4.652446643872694,0.15415941282297183,0.20785447010809247
2020_14_NE_LA,LA,-0.14439984768615646,0.030031577540960697,-6.603904937704404,-0.8240366993226131,-0.22291338955759643
2020_14_NE_LA,NE,-0.8240366993226131,-0.22291338955759643,-10.999686303346053,-0.14439984768615646,0.030031577540960697
2020_14_NO_PHI,NO,0.09681702498790992,-0.05422447667018894,10.298263785001394,0.16918629797764545,-0.09299668496047768
2020_14_NO_PHI,PHI,0.16918629797764545,-0.09299668496047768,-4.139877741153423,0.09681702498790992,-0.05422447667018894
2020_14_NYJ_SEA,NYJ,-0.13584548569808527,-0.5198676227856512,0.40723681449890137,0.5166958907195034,-0.020732093449614547
2020_14_NYJ_SEA,SEA,0.5166958907195034,-0.020732093449614547,10.555646196007729,-0.13584548569808527,-0.5198676227856512
2020_14_PIT_BUF,BUF,0.011128785283259716,-0.06833967032245077,-4.899376240514574,-0.30376705152047795,-0.1898428857607274
2020_14_PIT_BUF,PIT,-0.30376705152047795,-0.1898428857607274,-9.88752044535972,0.011128785283259716,-0.06833967032245077
2020_14_TEN_JAX,JAX,-0.09757216849855545,-0.25079929110610727,-1.8760900412287032,0.19915440008572752,0.1987315529834069
2020_14_TEN_JAX,TEN,0.19915440008572752,0.1987315529834069,19.086562680161517,-0.09757216849855545,-0.25079929110610727
2020_14_WAS_SF,SF,-0.4652138819057529,-0.17168377104098909,-16.00999960845167,-0.49297337959342,-0.02375571696514574
2020_14_WAS_SF,WAS,-0.49297337959342,-0.02375571696514574,-19.039003191323115,-0.4652138819057529,-0.17168377104098909
2020_15_BUF_DEN,BUF,0.5539598242263309,0.05078015472568856,12.08677025217759,-0.2907296800304532,0.17470021046998832
2020_15_BUF_DEN,DEN,-0.2907296800304532,0.17470021046998832,-11.169419437646866,0.5539598242263309,0.05078015472568856
2020_15_CAR_GB,CAR,0.1401054084682813,-0.33547595709145145,-6.816353605074041,-0.046476235531386384,0.38277475937249383
2020_15_CAR_GB,GB,-0.046476235531386384,0.38277475937249383,4.436206129881052,0.1401054084682813,-0.33547595709145145
2020_15_CHI_MIN,CHI,0.2733431961179298,0.04214345874942323,6.10476519380297,0.16479863134261655,-0.11737797176931053
2020_15_CHI_MIN,MIN,0.16479863134261655,-0.11737797176931053,9.603641430536905,0.2733431961179298,0.04214345874942323
2020_15_CLE_NYG,CLE,0.6200053859177778,-0.23756889932977582,23.180288076400757,0.01567054952363627,-0.2468754811684209
2020_15_CLE_NYG,NYG,0.01567054952363627,-0.2468754811684209,-0.557358842343092,0.6200053859177778,-0.23756889932977582
2020_15_DET_TEN,DET,0.46239517228285104,-0.3820238677598536,10.535606661358395,0.8188758313599274,0.24088788474619258
2020_15_DET_TEN,TEN,0.8188758313599274,0.24088788474619258,15.422773705079006,0.46239517228285104,-0.3820238677598536
2020_15_HOU_IND,HOU,0.19497088054878708,-0.01381190539349949,16.392975731899863,0.26805554346898547,0.2525951013561677
2020_15_HOU_IND,IND,0.26805554346898547,0.2525951013561677,5.55871581209117,0.19497088054878708,-0.01381190539349949
2020_15_JAX_BAL,BAL,0.49493538825796646,0.21887169992688166,9.815628883930353,0.1818451589332088,-0.39567952215882196
2020_15_JAX_BAL,JAX,0.1818451589332088,-0.39567952215882196,17.085987826188404,0.49493538825796646,0.21887169992688166
2020_15_KC_NO,KC,0.10727610025613706,0.031886493389694286,-5.980328470468521,-0.07686550710633346,-0.17927879626821616
2020_15_KC_NO,NO,-0.07686550710633346,-0.17927879626821616,-24.554645202376626,0.10727610025613706,0.031886493389694286
2020_15_LAC_LV,LAC,0.7387940878491186,-0.19651219953686513,5.656840931624174,0.4186795085581534,-0.1649808511229869
2020_15_LAC_LV,LV,0.4186795085581534,-0.1649808511229869,-1.7501325408617656,0.7387940878491186,-0.19651219953686513
2020_15_NE_MIA,MIA,0.017928645540288946,0.28168305487261247,6.8293644189834595,-0.11190067352317108,0.03157555043580942
2020_15_NE_MIA,NE,-0.11190067352317108,0.03157555043580942,1.5724858045578003,0.017928645540288946,0.28168305487261247
2020_15_NYJ_LA,LA,-0.20901942656579836,-0.23706508506285517,1.299952765305837,0.11414255354754917,-0.1696228922183554
2020_15_NYJ_LA,NYJ,0.11414255354754917,-0.1696228922183554,8.807483867362693,-0.20901942656579836,-0.23706508506285517
2020_15_PHI_ARI,ARI,0.11726987778954623,-0.19246177670512615,7.879480800113162,0.25224886818413605,-0.325950029744901
2020_15_PHI_ARI,PHI,0.25224886818413605,-0.325950029744901,-4.84622448682785,0.11726987778954623,-0.19246177670512615
2020_15_PIT_CIN,CIN,-0.053504242378297956,-0.14140868885769264,1.3051207248981183,-0.2284505524624224,-0.3568792391915023
2020_15_PIT_CIN,PIT,-0.2284505524624224,-0.3568792391915023,-8.750386536121368,-0.053504242378297956,-0.14140868885769264
2020_15_SEA_WAS,SEA,0.05816942638287668,0.156878917544548,-1.905000668305617,0.03197738931597008,-0.09558347656678719
2020_15_SEA_WAS,WAS,0.03197738931597008,-0.09558347656678719,1.947335420914416,0.05816942638287668,0.156878917544548
2020_15_SF_DAL,DAL,-0.0004257658161885602,0.013954551998176612,-8.337556850165129,0.16873865843946856,-0.03143159216058236
2020_15_SF_DAL,SF,0.16873865843946856,-0.03143159216058236,-5.097022870691811,-0.0004257658161885602,0.013954551998176612
2020_15_TB_ATL,ATL,0.12928713052279564,-0.41897603022031643,2.3138293996453285,0.32341277806139135,0.007923377299448475
2020_15_TB_ATL,TB,0.32341277806139135,0.007923377299448475,1.7794227184251297,0.12928713052279564,-0.41897603022031643
2020_16_ATL_KC,ATL,0.17613997657020874,-0.1612719613549416,14.796186019392575,0.010246540337265278,0.05737098979524388
2020_16_ATL_KC,KC,0.010246540337265278,0.05737098979524388,-8.282211281004406,0.17613997657020874,-0.1612719613549416
2020_16_BUF_NE,BUF,0.5633631776395622,0.13682141746547616,16.326483927275007,-0.1572967451268134,0.004375381879402663
2020_16_BUF_NE,NE,-0.1572967451268134,0.004375381879402663,-18.22338087691201,0.5633631776395622,0.13682141746547616
2020_16_CAR_WAS,CAR,-0.09492115274598986,-0.13167308424880472,1.6271772129195077,-0.18013296802432555,0.07864402257473557
2020_16_CAR_WAS,WAS,-0.18013296802432555,0.07864402257473557,-9.649854549702178,-0.09492115274598986,-0.13167308424880472
2020_16_CHI_JAX,CHI,0.432009041869799,0.10639023066775327,2.6091814041137695,-0.1586474369146283,-0.15150814547258265
2020_16_CHI_JAX,JAX,-0.1586474369146283,-0.15150814547258265,-2.9858254724078708,0.432009041869799,0.10639023066775327
2020_16_CIN_HOU,CIN,0.5081996066652709,0.044596712950119376,8.342486933657998,0.21804839076603577,0.3277252468022717
2020_16_CIN_HOU,HOU,0.21804839076603577,0.3277252468022717,7.623643450664751,0.5081996066652709,0.044596712950119376
2020_16_CLE_NYJ,CLE,-0.09867243769466513,-0.11206381566712241,-11.067951500415802,0.08925786244877355,-0.1606623112914219
2020_16_CLE_NYJ,NYJ,0.08925786244877355,-0.1606623112914219,-1.3033548636095864,-0.09867243769466513,-0.11206381566712241
2020_16_DEN_LAC,DEN,0.003997369975747329,0.050726876056824736,-8.824952327927878,0.0943644661663066,-0.2730206243674426
2020_16_DEN_LAC,LAC,0.0943644661663066,-0.2730206243674426,-5.95898474707748,0.003997369975747329,0.050726876056824736
2020_16_IND_PIT,IND,-0.12675736501682322,0.23618913656849014,0.452252258272732,0.14947214450566443,-0.2908336439334865
2020_16_IND_PIT,PIT,0.14947214450566443,-0.2908336439334865,0.9580330581081157,-0.12675736501682322,0.23618913656849014
2020_16_LA_SEA,LA,-0.0760513729566277,-0.26627570759583685,-9.213966640030465,0.09003595375715963,-0.14881762688905423
2020_16_LA_SEA,SEA,0.09003595375715963,-0.14881762688905423,3.523129173393907,-0.0760513729566277,-0.26627570759583685
2020_16_MIA_LV,LV,0.09714139317584741,-0.013987537832387412,0.6235765417416891,0.16938115245917404,-0.05501404297641946
2020_16_MIA_LV,MIA,0.16938115245917404,-0.05501404297641946,5.333965140230515,0.09714139317584741,-0.013987537832387412
2020_16_MIN_NO,MIN,0.18730985743032294,0.22771536630085287,0.995396901118128,0.39550585615501394,0.3946224771870495
2020_16_MIN_NO,NO,0.39550585615501394,0.3946224771870495,6.970822491816112,0.18730985743032294,0.22771536630085287
2020_16_NYG_BAL,BAL,0.4101483879565855,0.0983966388701351,9.131739839263584,-0.10235599919565871,0.22577960276976228
2020_16_NYG_BAL,NYG,-0.10235599919565871,0.22577960276976228,-7.385578097366706,0.4101483879565855,0.0983966388701351
2020_16_PHI_DAL,DAL,0.4885837450379376,-0.011948169920386812,10.063733259836832,-0.09109158584463978,0.13547934984292268
2020_16_PHI_DAL,PHI,-0.09109158584463978,0.13547934984292268,-6.244368851184845,0.4885837450379376,-0.011948169920386812
2020_16_SF_ARI,ARI,-0.256328080250106,0.06801533553384202,-1.8339169414147087,0.05946727893013621,0.2510175498553893
2020_16_SF_ARI,SF,0.05946727893013621,0.2510175498553893,-9.275492032368978,-0.256328080250106,0.06801533553384202
2020_16_TB_DET,DET,-0.5308248346659522,-0.5688789746408085,-1.9098156690597534,0.6374453852246162,-0.07068024145672097
2020_16_TB_DET,TB,0.6374453852246162,-0.07068024145672097,9.941384559724389,-0.5308248346659522,-0.5688789746408085
2020_16_TEN_GB,GB,0.44256124169041866,0.28029532741648006,19.53655555844307,-0.3184509701735806,0.14510384930996223
2020_16_TEN_GB,TEN,-0.3184509701735806,0.14510384930996223,-19.561912298202515,0.44256124169041866,0.28029532741648006
2020_17_ARI_LA,ARI,-0.383444777627596,-0.2757450639414053,-0.6733572041546857,0.037244685313114534,-0.3205040505150867
2020_17_ARI_LA,LA,0.037244685313114534,-0.3205040505150867,-5.844884385933748,-0.383444777627596,-0.2757450639414053
2020_17_ATL_TB,ATL,0.23533765366053586,-0.14648849595463476,3.63349776442458,0.5396153917657671,0.1566827830020985
2020_17_ATL_TB,TB,0.5396153917657671,0.1566827830020985,8.41979396186377,0.23533765366053586,-0.14648849595463476
2020_17_BAL_CIN,BAL,0.4332903722000386,0.2801755114325917,-1.1601305321643227,-0.9864523549222705,0.04905912944262749
2020_17_BAL_CIN,CIN,-0.9864523549222705,0.04905912944262749,-35.33124655485153,0.4332903722000386,0.2801755114325917
2020_17_DAL_NYG,DAL,-0.1025815884876205,0.02998336012059392,-6.238963658159429,0.12464138766732955,-0.22694587749962616
2020_17_DAL_NYG,NYG,0.12464138766732955,-0.22694587749962616,4.192970275878906,-0.1025815884876205,0.02998336012059392
2020_17_GB_CHI,CHI,-0.14071330277764985,-0.06079374015906364,9.688391336580603,0.7984300061320287,0.023530034073499136
2020_17_GB_CHI,GB,0.7984300061320287,0.023530034073499136,14.176719759901365,-0.14071330277764985,-0.06079374015906364
2020_17_JAX_IND,IND,0.10060633898227064,0.14527922147577035,-6.986495852470398,-0.2625004955334589,-0.25041919637142734
2020_17_JAX_IND,JAX,-0.2625004955334589,-0.25041919637142734,-6.115481480956078,0.10060633898227064,0.14527922147577035
2020_17_LAC_KC,KC,0.35376466579974575,-0.27170677699819756,3.7043261912561234,0.6441414737595295,0.05008165581872867
2020_17_LAC_KC,LAC,0.6441414737595295,0.05008165581872867,6.807798345883687,0.35376466579974575,-0.27170677699819756
2020_17_LV_DEN,DEN,0.21404184611039354,-0.18681371703496552,-3.165733814239502,0.03313528325299008,-0.0032139462874392452
2020_17_LV_DEN,LV,0.03313528325299008,-0.0032139462874392452,3.5895530666623796,0.21404184611039354,-0.18681371703496552
2020_17_MIA_BUF,BUF,0.40980860391428,-0.062216096033807844,1.733177900314331,-0.1284556961615073,-0.06670654268883583
2020_17_MIA_BUF,MIA,-0.1284556961615073,-0.06670654268883583,-6.552862615908607,0.40980860391428,-0.062216096033807844
2020_17_MIN_DET,DET,0.1940206195749675,0.315944999565545,0.3907550727167437,0.45047345777371184,0.10037366180525471
2020_17_MIN_DET,MIN,0.45047345777371184,0.10037366180525471,1.858804414146825,0.1940206195749675,0.315944999565545
2020_17_NO_CAR,CAR,-0.5297754511614817,-0.027638828463080387,-7.831921097305086,0.17964039556340228,0.14429960871971811
2020_17_NO_CAR,NO,0.17964039556340228,0.14429960871971811,8.181578845813357,-0.5297754511614817,-0.027638828463080387
2020_17_NYJ_NE,NE,0.3123067517396218,0.10507409732812888,2.789974808692932,-0.03419016124098562,0.1042870619497262
2020_17_NYJ_NE,NYJ,-0.03419016124098562,0.1042870619497262,2.859334783120589,0.3123067517396218,0.10507409732812888
2020_17_PIT_CLE,CLE,0.22388378239585802,0.10724165786478597,1.1455922172619746,0.13468052397317312,0.0068288118399506895
2020_17_PIT_CLE,PIT,0.13468052397317312,0.0068288118399506895,0.6022710530530839,0.22388378239585802,0.10724165786478597
2020_17_SEA_SF,SEA,0.05448506560073163,0.14421007455331908,-1.3012854382395744,0.16639830128295466,-0.2977121136136702
2020_17_SEA_SF,SF,0.16639830128295466,-0.2977121136136702,2.938149571418762,0.05448506560073163,0.14421007455331908
2020_17_TEN_HOU,HOU,0.2687290956094385,0.2110079845920804,8.9738230407238,0.3469270801971974,0.21408882498857026
2020_17_TEN_HOU,TEN,0.3469270801971974,0.21408882498857026,6.013469894727071,0.2687290956094385,0.2110079845920804
2020_17_WAS_PHI,PHI,-0.19949676315752893,-0.28014061273121194,-18.350683101292315,-0.2356493115289647,-0.2136214571842824
2020_17_WAS_PHI,WAS,-0.2356493115289647,-0.2136214571842824,4.193983098556256,-0.19949676315752893,-0.28014061273121194
2021_01_ARI_TEN,ARI,0.40524175779719046,-0.031101258912857192,5.081949103623629,-0.3099050454764552,-0.3322698177071288
2021_01_ARI_TEN,TEN,-0.3099050454764552,-0.3322698177071288,-5.518666985962126,0.40524175779719046,-0.031101258912857192
2021_01_BAL_LV,BAL,0.08807802747716469,-0.2123349237781777,-4.228473429022165,0.1994917507139217,-0.4469998510917538
2021_01_BAL_LV,LV,0.1994917507139217,-0.4469998510917538,-3.3904613783726325,0.08807802747716469,-0.2123349237781777
2021_01_CHI_LA,CHI,-0.20888750177627016,0.11641525603287543,-3.515295684337616,0.6146027129725324,0.02085092924971832
2021_01_CHI_LA,LA,0.6146027129725324,0.02085092924971832,8.26362818479538,-0.20888750177627016,0.11641525603287543
2021_01_CLE_KC,CLE,0.34777396848199493,0.07151173820225866,14.24678486806375,0.5111299672859023,-0.16084052296031992
2021_01_CLE_KC,KC,0.5111299672859023,-0.16084052296031992,15.946578278261072,0.34777396848199493,0.07151173820225866
2021_01_DAL_TB,DAL,0.222191439062477,-0.29159140112820064,6.468299554105391,0.15555249923963943,-0.283465682521152
2021_01_DAL_TB,TB,0.15555249923963943,-0.283465682521152,3.231738739543491,0.222191439062477,-0.29159140112820064
2021_01_DEN_NYG,DEN,0.4726978906035121,-0.032224863676819954,15.41972313608442,0.02575199362234509,0.0007698872010223568
2021_01_DEN_NYG,NYG,0.02575199362234509,0.0007698872010223568,-3.498949400252766,0.4726978906035121,-0.032224863676819954
2021_01_GB_NO,GB,-0.36947722749146716,-0.29034538182168035,-3.0294795379494177,0.908513186588919,-0.10753542719259193
2021_01_GB_NO,NO,0.908513186588919,-0.10753542719259193,11.732475087046623,-0.36947722749146716,-0.29034538182168035
2021_01_JAX_HOU,HOU,0.4403805222733249,-0.1543086028572902,1.7178318463265896,-0.0754045944410017,0.007264501349709462
2021_01_JAX_HOU,JAX,-0.0754045944410017,0.007264501349709462,-11.99381411075592,0.4403805222733249,-0.1543086028572902
2021_01_LAC_WAS,LAC,0.18073698196893068,-0.07773519404313098,3.578228665434796,0.06741908870122071,-0.18844895746558904
2021_01_LAC_WAS,WAS,0.06741908870122071,-0.18844895746558904,7.211837917566299,0.18073698196893068,-0.07773519404313098
2021_01_MIA_NE,MIA,0.01791320705300974,-0.00916411284457094,-4.562319428832443,0.15241042601075352,-0.19515408686129376
2021_01_MIA_NE,NE,0.15241042601075352,-0.19515408686129376,7.5724271567244275,0.01791320705300974,-0.00916411284457094
2021_01_MIN_CIN,CIN,0.20229934195012877,-0.16615381208652658,11.101111769676208,0.18165198294785417,-0.3461879021474901
2021_01_MIN_CIN,MIN,0.18165198294785417,-0.3461879021474901,7.790857553482056,0.20229934195012877,-0.16615381208652658
2021_01_NYJ_CAR,CAR,0.03835031018487223,-0.15779667874085135,10.441611752365574,-0.13726078013227444,-0.1866897238046176
2021_01_NYJ_CAR,NYJ,-0.13726078013227444,-0.1866897238046176,-9.881454623407787,0.03835031018487223,-0.15779667874085135
2021_01_PHI_ATL,ATL,-0.3815475351693346,-0.10708534296739984,-9.304779587369977,0.2959817075403407,-0.02801101134263669
2021_01_PHI_ATL,PHI,0.2959817075403407,-0.02801101134263669,11.62283318117261,-0.3815475351693346,-0.10708534296739984
2021_01_PIT_BUF,BUF,-0.12417622126783563,-0.15348480218017357,-3.3895724142591157,0.07905203185902569,-0.14309117435272234
2021_01_PIT_BUF,PIT,0.07905203185902569,-0.14309117435272234,-10.494156181812286,-0.12417622126783563,-0.15348480218017357
2021_01_SEA_IND,IND,0.057961618917806795,-0.358067516723728,1.0806869609015328,0.45791008181324033,-0.13655425769276916
2021_01_SEA_IND,SEA,0.45791008181324033,-0.13655425769276916,19.510269732702348,0.057961618917806795,-0.358067516723728
2021_01_SF_DET,DET,-0.026074858404726516,0.014945383072786388,-3.690992615052632,0.6802647126942702,-0.19606235724551851
2021_01_SF_DET,SF,0.6802647126942702,-0.19606235724551851,7.501110304956851,-0.026074858404726516,0.014945383072786388
2021_02_ATL_TB,ATL,-0.18366594251898943,-0.44809051658448296,4.211119388012176,0.12738637747021303,-0.023957646833474025
2021_02_ATL_TB,TB,0.12738637747021303,-0.023957646833474025,4.938580904688154,-0.18366594251898943,-0.44809051658448296
2021_02_BUF_MIA,BUF,0.09254142126820875,0.250845634482595,-2.4845292855953347,-0.4363620819803736,-0.3459389341878705
2021_02_BUF_MIA,MIA,-0.4363620819803736,-0.3459389341878705,-11.114905845551263,0.09254142126820875,0.250845634482595
2021_02_CIN_CHI,CHI,-0.05524601121474467,-0.3870244325080421,1.75185721853505,-0.4308169588417922,-0.19294132880750112
2021_02_CIN_CHI,CIN,-0.4308169588417922,-0.19294132880750112,-0.09083398457231193,-0.05524601121474467,-0.3870244325080421
2021_02_DAL_LAC,DAL,-0.013906137515362425,0.2529607327921148,12.981340841010764,0.03364155290912599,0.0037141079628840055
2021_02_DAL_LAC,LAC,0.03364155290912599,0.0037141079628840055,7.443461641669273,-0.013906137515362425,0.2529607327921148
2021_02_DEN_JAX,DEN,0.3132250417128382,0.009621204928003458,14.666219756883734,-0.11703014341106213,-0.13858782913303003
2021_02_DEN_JAX,JAX,-0.11703014341106213,-0.13858782913303003,-18.21541226271427,0.3132250417128382,0.009621204928003458
2021_02_DET_GB,DET,0.06871167082446765,-0.20979530723868972,8.651309524263654,0.6324306636574745,-0.12656440272761615
2021_02_DET_GB,GB,0.6324306636574745,-0.12656440272761615,15.813947386211819,0.06871167082446765,-0.20979530723868972
2021_02_HOU_CLE,CLE,0.11294652806627083,0.14820846649722585,19.58218812942505,0.4774582475511043,-0.2668455796837979
2021_02_HOU_CLE,HOU,0.4774582475511043,-0.2668455796837979,-2.784750929900578,0.11294652806627083,0.14820846649722585
2021_02_KC_BAL,BAL,0.027936798521887147,0.25048267315198647,4.488721251487732,0.5360147574260323,-0.22750668476672015
2021_02_KC_BAL,KC,0.5360147574260323,-0.22750668476672015,10.413580238819122,0.027936798521887147,0.25048267315198647
2021_02_LA_IND,IND,-0.07326419081467793,-0.09480947833175637,-3.380904027393886,0.3785413163814614,-0.2696442335560795
2021_02_LA_IND,LA,0.3785413163814614,-0.2696442335560795,-4.286829664789397,-0.07326419081467793,-0.09480947833175637
2021_02_LV_PIT,LV,0.48640784462014025,-0.3448627786594973,9.811868458180815,0.06445328367995119,-0.18683413026571674
2021_02_LV_PIT,PIT,0.06445328367995119,-0.18683413026571674,4.301578179001808,0.48640784462014025,-0.3448627786594973
2021_02_MIN_ARI,ARI,0.18709064440500375,-0.09555268405852581,14.5863859092488,0.280481989236582,0.03316955632180907
2021_02_MIN_ARI,MIN,0.280481989236582,0.03316955632180907,-1.5238265506923199,0.18709064440500375,-0.09555268405852581
2021_02_NE_NYJ,NE,-0.06143336414980785,0.05381183684107804,5.422724676983697,-0.45693885113132615,-0.06430999248094378
2021_02_NE_NYJ,NYJ,-0.45693885113132615,-0.06430999248094378,-7.356933933315855,-0.06143336414980785,0.05381183684107804
2021_02_NO_CAR,CAR,0.2960769029192937,-0.20126594168723688,2.8339953933443343,-0.4122559148546619,-0.6850081107471712
2021_02_NO_CAR,NO,-0.4122559148546619,-0.6850081107471712,-10.570498591377621,0.2960769029192937,-0.20126594168723688
2021_02_NYG_WAS,NYG,0.17802250536703337,0.12570637013064698,4.384123161435127,0.01308405728278163,0.3150749158751416
2021_02_NYG_WAS,WAS,0.01308405728278163,0.3150749158751416,7.708903131159869,0.17802250536703337,0.12570637013064698
2021_02_SF_PHI,PHI,0.24951940718325144,-0.20485665543416778,-7.179300859570503,0.25902278119568056,-0.05782424835515022
2021_02_SF_PHI,SF,0.25902278119568056,-0.05782424835515022,0.06508866945902507,0.24951940718325144,-0.20485665543416778
2021_02_TEN_SEA,SEA,0.22544095977878034,-0.00480180257363827,6.518148510686813,0.25079843879152414,0.06169055411424456
2021_02_TEN_SEA,TEN,0.25079843879152414,0.06169055411424456,5.3749431402255325,0.22544095977878034,-0.00480180257363827
2021_03_ARI_JAX,ARI,0.23399294495978337,0.08214748596785487,14.001407693414126,-0.3886474229482701,0.12131265141673524
2021_03_ARI_JAX,JAX,-0.3886474229482701,0.12131265141673524,2.814815007150173,0.23399294495978337,0.08214748596785487
2021_03_ATL_NYG,ATL,0.20649748084081404,-0.19902430667960871,4.188301331467098,0.13115701621015458,-0.13467270349032934
2021_03_ATL_NYG,NYG,0.13115701621015458,-0.13467270349032934,0.30179500579833984,0.20649748084081404,-0.19902430667960871
2021_03_BAL_DET,BAL,0.18034878759599718,-0.31520469702149195,5.4869828400788485,0.10254467392385574,-0.14409194890464644
2021_03_BAL_DET,DET,0.10254467392385574,-0.14409194890464644,4.892223647662571,0.18034878759599718,-0.31520469702149195
2021_03_CAR_HOU,CAR,0.3652424109174146,-0.029431660470938117,-0.2808139179692124,-0.07375468132547844,-0.3579913069169331
2021_03_CAR_HOU,HOU,-0.07375468132547844,-0.3579913069169331,6.143577337265015,0.3652424109174146,-0.029431660470938117
2021_03_CHI_CLE,CHI,-0.5027529494567484,-0.3392395929730629,-38.76054361462593,0.03232397468830721,0.011458838349289069
2021_03_CHI_CLE,CLE,0.03232397468830721,0.011458838349289069,0.5530040839622761,-0.5027529494567484,-0.3392395929730629
2021_03_CIN_PIT,CIN,0.3206401208703053,-0.15504461183974688,12.103925810919868,-0.09564640378174502,-0.4335485439260083
2021_03_CIN_PIT,PIT,-0.09564640378174502,-0.4335485439260083,-5.367709465067962,0.3206401208703053,-0.15504461183974688
2021_03_GB_SF,GB,0.37868820721128127,-0.012601342678535729,15.732246060525217,0.15695054053236274,0.10016939803608693
2021_03_GB_SF,SF,0.15695054053236274,0.10016939803608693,-2.11975927415647,0.37868820721128127,-0.012601342678535729
2021_03_IND_TEN,IND,-0.13032044531397577,0.3320978675079609,-7.691875626059139,0.15333026876487582,-0.01644624139032984
2021_03_IND_TEN,TEN,0.15333026876487582,-0.01644624139032984,1.1694467984713042,-0.13032044531397577,0.3320978675079609
2021_03_LAC_KC,KC,0.1119225648819909,-0.045751367518767856,1.1871366947889328,0.424264935927265,-0.0975540455730975
2021_03_LAC_KC,LAC,0.424264935927265,-0.0975540455730975,7.954505937440055,0.1119225648819909,-0.045751367518767856
2021_03_MIA_LV,LV,0.11588510768729259,-0.18741933454978554,-1.7658206075429916,0.08226427113418192,-0.2850132432760715
2021_03_MIA_LV,MIA,0.08226427113418192,-0.2850132432760715,-3.732958879876644,0.11588510768729259,-0.18741933454978554
2021_03_NO_NE,NE,-0.2827712368250583,-0.17142901053884999,-1.0197966998698664,0.19028631924043615,-0.03624871805836683
2021_03_NO_NE,NO,0.19028631924043615,-0.03624871805836683,2.9806333780288696,-0.2827712368250583,-0.17142901053884999
2021_03_NYJ_DEN,DEN,0.5208552184999236,-0.4017998986345873,12.745461612939835,-0.6031827892463586,-0.22974336995796946
2021_03_NYJ_DEN,NYJ,-0.6031827892463586,-0.22974336995796946,-8.85535225723729,0.5208552184999236,-0.4017998986345873
2021_03_PHI_DAL,DAL,0.2890975828872927,-0.11564435534819495,16.84191632270813,-0.2709545923851624,-0.1828972363146022
2021_03_PHI_DAL,PHI,-0.2709545923851624,-0.1828972363146022,-3.8280412554740906,0.2890975828872927,-0.11564435534819495
2021_03_SEA_MIN,MIN,0.5116262495520802,-0.109078978825294,6.371265492941204,0.014953323808465124,0.3694020702658842
2021_03_SEA_MIN,SEA,0.014953323808465124,0.3694020702658842,13.776618561574391,0.5116262495520802,-0.109078978825294
2021_03_TB_LA,LA,0.46017874428489064,-0.17695645571538163,1.0004189453626935,0.1898622881367323,-0.01671802125003358
2021_03_TB_LA,TB,0.1898622881367323,-0.01671802125003358,3.7769604612279823,0.46017874428489064,-0.17695645571538163
2021_03_WAS_BUF,BUF,0.448094349707672,-0.09671412740890109,13.97438250308813,-0.07515108082032598,-0.447581473752507
2021_03_WAS_BUF,WAS,-0.07515108082032598,-0.447581473752507,-6.3279880831638975,0.448094349707672,-0.09671412740890109
2021_04_ARI_LA,ARI,0.4285361153867813,0.10754447785010046,10.477124000417776,0.10996590049631207,-0.15696499478362966
2021_04_ARI_LA,LA,0.10996590049631207,-0.15696499478362966,-2.1908100785278695,0.4285361153867813,0.10754447785010046
2021_04_BAL_DEN,BAL,0.20556675453473391,-0.1329921319692706,0.7875307968684605,-0.36305115828012774,0.10543348132769632
2021_04_BAL_DEN,DEN,-0.36305115828012774,0.10543348132769632,-12.267853037731067,0.20556675453473391,-0.1329921319692706
2021_04_CAR_DAL,CAR,0.04618002579259919,0.20375618482781152,-0.2542535463968913,0.35583282361579716,0.14174166309553377
2021_04_CAR_DAL,DAL,0.35583282361579716,0.14174166309553377,-6.230046396905726,0.04618002579259919,0.20375618482781152
2021_04_CLE_MIN,CLE,-0.14085214086528694,0.03452505455021998,-18.150971012730754,-0.2382982898154296,-0.25465060382183374
2021_04_CLE_MIN,MIN,-0.2382982898154296,-0.25465060382183374,-11.322205927636888,-0.14085214086528694,0.03452505455021998
2021_04_DET_CHI,CHI,0.27609689074152555,0.16821954096990843,9.237158123184653,0.14199544551554433,-0.2897292538085215
2021_04_DET_CHI,DET,0.14199544551554433,-0.2897292538085215,0.985149435094885,0.27609689074152555,0.16821954096990843
2021_04_HOU_BUF,BUF,0.08879151429373093,0.14297590508811986,5.484958810191,-1.107514655799605,-0.3575725304579143
2021_04_HOU_BUF,HOU,-1.107514655799605,-0.3575725304579143,-15.85621252655983,0.08879151429373093,0.14297590508811986
2021_04_IND_MIA,IND,0.30166601129556264,-0.025789166904360172,13.50082354620099,0.032524957911592524,-0.3923137223339706
2021_04_IND_MIA,MIA,0.032524957911592524,-0.3923137223339706,1.0528072714805603,0.30166601129556264,-0.025789166904360172
2021_04_JAX_CIN,CIN,0.4806330143245681,-0.005680953052333925,10.651934472844005,0.30986388155932737,0.08828137101331127
2021_04_JAX_CIN,JAX,0.30986388155932737,0.08828137101331127,11.046365174380215,0.4806330143245681,-0.005680953052333925
2021_04_KC_PHI,KC,0.6452281695452066,0.2402020977679058,17.037482857704163,0.23531265078917357,0.289438999958414
2021_04_KC_PHI,PHI,0.23531265078917357,0.289438999958414,8.67996866052801,0.6452281695452066,0.2402020977679058
2021_04_LV_LAC,LAC,0.06030067737308508,0.05515480172653042,-1.4554632337469804,-0.1341842083901835,-0.29258365792338736
2021_04_LV_LAC,LV,-0.1341842083901835,-0.29258365792338736,-2.3570751771330833,0.06030067737308508,0.05515480172653042
2021_04_NYG_NO,NO,0.28974815236945867,-0.06226080881641814,-0.6876872136042669,0.3023145074500576,-0.08568406930660714
2021_04_NYG_NO,NYG,0.3023145074500576,-0.08568406930660714,8.72557188073794,0.28974815236945867,-0.06226080881641814
2021_04_PIT_GB,GB,0.1249897649268045,-0.07523032234263761,-6.735802718571255,-0.1896279400292642,0.08592340574421756
2021_04_PIT_GB,PIT,-0.1896279400292642,0.08592340574421756,1.441426422351446,0.1249897649268045,-0.07523032234263761
2021_04_SEA_SF,SEA,0.10761136608974388,-0.10443732838029973,4.3352463028647685,0.14873328691311768,-0.1194093424268246
2021_04_SEA_SF,SF,0.14873328691311768,-0.1194093424268246,-6.790771087010701,0.10761136608974388,-0.10443732838029973
2021_04_TB_NE,NE,0.04891885182349955,-0.6019061986589804,9.320718830540066,0.08159911880181359,0.12431786728512424
2021_04_TB_NE,TB,0.08159911880181359,0.12431786728512424,-10.716984438341717,0.04891885182349955,-0.6019061986589804
2021_04_TEN_NYJ,NYJ,0.2833538098269484,-0.2615323057631613,-4.0895570726955635,0.04617423104608284,0.011389247869007557
2021_04_TEN_NYJ,TEN,0.04617423104608284,0.011389247869007557,-2.352424787015331,0.2833538098269484,-0.2615323057631613
2021_04_WAS_ATL,ATL,0.4030666156603821,-0.20080347426227052,-1.8137887120246887,0.5323028488012747,-0.27273633990807383
2021_04_WAS_ATL,WAS,0.5323028488012747,-0.27273633990807383,3.524913029237227,0.4030666156603821,-0.20080347426227052
2021_05_BUF_KC,BUF,0.6021603002245222,-0.06964435896423476,3.4765582531690598,0.061226087705468044,-0.45424192345490155
2021_05_BUF_KC,KC,0.061226087705468044,-0.45424192345490155,-3.647564113140106,0.6021603002245222,-0.06964435896423476
2021_05_CHI_LV,CHI,0.2630957657471299,-0.1381536245721823,0.5429640412330627,-0.21814217216044368,-0.10434832386506189
2021_05_CHI_LV,LV,-0.21814217216044368,-0.10434832386506189,-6.847838078226362,0.2630957657471299,-0.1381536245721823
2021_05_CLE_LAC,CLE,0.3066654796817453,0.2655345236725064,9.510231531899551,0.4334391585618767,0.1784173081527863
2021_05_CLE_LAC,LAC,0.4334391585618767,0.1784173081527863,-6.022803982098897,0.3066654796817453,0.2655345236725064
2021_05_DEN_PIT,DEN,0.15380981750651151,-0.015850743309676868,6.298909868512835,0.44813996191375755,-0.09047324121085633
2021_05_DEN_PIT,PIT,0.44813996191375755,-0.09047324121085633,-7.362532258033752,0.15380981750651151,-0.015850743309676868
2021_05_DET_MIN,DET,-0.2979092570793021,0.04447186743467076,-1.671061881126896,0.10210190282873138,-0.41869390218775593
2021_05_DET_MIN,MIN,0.10210190282873138,-0.41869390218775593,6.463513258964785,-0.2979092570793021,0.04447186743467076
2021_05_GB_CIN,CIN,0.006078497420361434,-0.05293530920433148,2.501934686222592,0.2171844392332063,0.040146106095725866
2021_05_GB_CIN,GB,0.2171844392332063,0.040146106095725866,15.069372568811689,0.006078497420361434,-0.05293530920433148
2021_05_IND_BAL,BAL,0.6742530018362305,-0.7996638532655901,17.77243066665738,0.38453700504352617,0.14495164092186752
2021_05_IND_BAL,IND,0.38453700504352617,0.14495164092186752,4.16779710965998,0.6742530018362305,-0.7996638532655901
2021_05_LA_SEA,LA,0.369884966715625,0.00482852014861617,9.665229746273585,0.1788762482833876,-0.36106800835907715
2021_05_LA_SEA,SEA,0.1788762482833876,-0.36106800835907715,4.329277714714408,0.369884966715625,0.00482852014861617
2021_05_MIA_TB,MIA,0.05907638408487416,-0.035224449122324586,1.0801989298600416,0.7435453146220542,0.09309450870551657
2021_05_MIA_TB,TB,0.7435453146220542,0.09309450870551657,15.150119222345806,0.05907638408487416,-0.035224449122324586
2021_05_NE_HOU,HOU,0.5360267650411513,-0.29411930126904434,9.29164864398815,0.37553671761601437,-0.2995062836124112
2021_05_NE_HOU,NE,0.37553671761601437,-0.2995062836124112,12.931793608835765,0.5360267650411513,-0.29411930126904434
2021_05_NO_WAS,NO,0.27054356640770233,-0.05704262426588684,-4.662448433893068,-0.16318552597094346,-0.06922075202552756
2021_05_NO_WAS,WAS,-0.16318552597094346,-0.06922075202552756,-12.051729167379984,0.27054356640770233,-0.05704262426588684
2021_05_NYG_DAL,DAL,0.3843172348458553,0.013214166559732687,4.593505058437586,-0.031544709019231204,-0.2673749533889403
2021_05_NYG_DAL,NYG,-0.031544709019231204,-0.2673749533889403,-5.849406364801768,0.3843172348458553,0.013214166559732687
2021_05_NYJ_ATL,ATL,0.37039751405169646,-0.04047717026800716,6.355959309471978,-0.026656724622783238,0.19684505109976538
2021_05_NYJ_ATL,NYJ,-0.026656724622783238,0.19684505109976538,-4.121632970148517,0.37039751405169646,-0.04047717026800716
2021_05_PHI_CAR,CAR,-0.4056419055058652,-0.14244361993367155,-4.699736351475996,-0.37037074817021415,0.05774117718254657
2021_05_PHI_CAR,PHI,-0.37037074817021415,0.05774117718254657,-4.92633721407722,-0.4056419055058652,-0.14244361993367155
2021_05_SF_ARI,ARI,0.013434162755810566,-0.02483082678372739,10.798075369426183,-0.0781291787290097,-0.3671632342674356
2021_05_SF_ARI,SF,-0.0781291787290097,-0.3671632342674356,-10.71907441530909,0.013434162755810566,-0.02483082678372739
2021_05_TEN_JAX,JAX,-0.15838792101383714,0.1339959989106449,4.986912463650559,0.42807244924467547,0.12395188042727248
2021_05_TEN_JAX,TEN,0.42807244924467547,0.12395188042727248,0.21375744115738643,-0.15838792101383714,0.1339959989106449
2021_06_ARI_CLE,ARI,0.542931766411253,-0.030491334881766568,9.54547609601702,-0.3223519429957378,-0.26045714235729783
2021_06_ARI_CLE,CLE,-0.3223519429957378,-0.26045714235729783,-3.0412482638512888,0.542931766411253,-0.030491334881766568
2021_06_BUF_TEN,BUF,0.3281246001064315,-0.3036806710617384,13.914751807848612,0.1930481360220035,0.26656562370286946
2021_06_BUF_TEN,TEN,0.1930481360220035,0.26656562370286946,2.605725646018982,0.3281246001064315,-0.3036806710617384
2021_06_CIN_DET,CIN,0.38689926834563143,-0.03491303079187803,-1.6105563476167877,-0.18160927023471463,-0.16058954092167207
2021_06_CIN_DET,DET,-0.18160927023471463,-0.16058954092167207,-2.7894046826240344,0.38689926834563143,-0.03491303079187803
2021_06_DAL_NE,DAL,0.3741997113666605,-0.3651895987923126,10.073629873139518,-0.13738518219514606,0.10468346050707623
2021_06_DAL_NE,NE,-0.13738518219514606,0.10468346050707623,6.942570493334816,0.3741997113666605,-0.3651895987923126
2021_06_GB_CHI,CHI,-0.02439653443080039,0.10981808343918105,-0.3452732563018799,0.3263146340982017,0.14847492919303476
2021_06_GB_CHI,GB,0.3263146340982017,0.14847492919303476,12.779448429743448,-0.02439653443080039,0.10981808343918105
2021_06_HOU_IND,HOU,-0.21356435597181408,-0.24968023348732718,-1.9808316514605568,0.2626237380745237,0.30218096710935544
2021_06_HOU_IND,IND,0.2626237380745237,0.30218096710935544,-1.0693922638893127,-0.21356435597181408,-0.24968023348732718
2021_06_KC_WAS,KC,0.279994909945273,-0.23990490003256126,5.13447708553738,-0.1546517381792544,-0.2129044417769795
2021_06_KC_WAS,WAS,-0.1546517381792544,-0.2129044417769795,-6.753901869822771,0.279994909945273,-0.23990490003256126
2021_06_LAC_BAL,BAL,-0.07996309466940098,0.16064063941816772,5.374659873821117,-0.3270762771536182,-0.3480949189715003
2021_06_LAC_BAL,LAC,-0.3270762771536182,-0.3480949189715003,-12.39349100834284,-0.07996309466940098,0.16064063941816772
2021_06_LA_NYG,LA,0.43150953194375946,-0.1398146758318205,6.266175111134847,-0.21879409060749327,-0.3857872606364681
2021_06_LA_NYG,NYG,-0.21879409060749327,-0.3857872606364681,-9.59306936711073,0.43150953194375946,-0.1398146758318205
2021_06_LV_DEN,DEN,0.009965713679184598,-0.035494146641047504,10.12416835874319,0.5721311516015677,-0.07747118804400088
2021_06_LV_DEN,LV,0.5721311516015677,-0.07747118804400088,9.725380420684814,0.009965713679184598,-0.035494146641047504
2021_06_MIA_JAX,JAX,0.21291372476822001,-0.3238352053051226,-5.38277342915535,0.2449018533038024,-0.3075209609297518
2021_06_MIA_JAX,MIA,0.2449018533038024,-0.3075209609297518,6.545283439311575,0.21291372476822001,-0.3238352053051226
2021_06_MIN_CAR,CAR,-0.2347062856184363,-0.024529776361305267,-20.30991506882203,0.1663336608984286,-0.06626626026493154
2021_06_MIN_CAR,MIN,0.1663336608984286,-0.06626626026493154,9.551076789697012,-0.2347062856184363,-0.024529776361305267
2021_06_SEA_PIT,PIT,-0.09955780200619754,0.03937801937392014,5.8404324146417474,-0.2340709988292595,0.15672704528292847
2021_06_SEA_PIT,SEA,-0.2340709988292595,0.15672704528292847,0.5111885647619924,-0.09955780200619754,0.03937801937392014
2021_06_TB_PHI,PHI,0.08907295641193554,0.17941316084969522,-11.024804537494978,0.3272257795866016,0.14178376509968577
2021_06_TB_PHI,TB,0.3272257795866016,0.14178376509968577,12.943631197725024,0.08907295641193554,0.17941316084969522
2021_07_ATL_MIA,ATL,0.18541623624059256,-0.036676285157323275,-3.2796098253665824,0.1667232925525828,-0.08938779300121867
2021_07_ATL_MIA,MIA,0.1667232925525828,-0.08938779300121867,12.371470555663109,0.18541623624059256,-0.036676285157323275
2021_07_CAR_NYG,CAR,-0.4752340761360136,-0.07612364728265675,-18.0362111643741,-0.058538248008525334,-0.2112432785922966
2021_07_CAR_NYG,NYG,-0.058538248008525334,-0.2112432785922966,2.1968526370597607,-0.4752340761360136,-0.07612364728265675
2021_07_CHI_TB,CHI,-0.6483982443606645,-0.05976208665709815,2.3665262806800103,0.2486077732520437,0.01041305194303277
2021_07_CHI_TB,TB,0.2486077732520437,0.01041305194303277,-8.669511553568718,-0.6483982443606645,-0.05976208665709815
2021_07_CIN_BAL,BAL,-0.2264258408202795,0.0698861725427883,-15.23332704858082,0.5182728938451556,-0.03993156352225924
2021_07_CIN_BAL,CIN,0.5182728938451556,-0.03993156352225924,3.7635995695988336,-0.2264258408202795,0.0698861725427883
2021_07_DEN_CLE,CLE,0.19495425149221607,0.15295559294378003,-1.416087057441473,0.16859821175522585,-0.06579822634895598
2021_07_DEN_CLE,DEN,0.16859821175522585,-0.06579822634895598,4.9864016473293304,0.19495425149221607,0.15295559294378003
2021_07_DET_LA,DET,0.06129037756272546,-0.018846965594176743,-3.4689984284341335,0.4164964714722011,-0.2613529639990888
2021_07_DET_LA,LA,0.4164964714722011,-0.2613529639990888,0.6953697379042463,0.06129037756272546,-0.018846965594176743
2021_07_HOU_ARI,ARI,0.3696210927715596,-0.11988472323162783,2.485248340027673,-0.5107447344702802,-0.5610382464330863
2021_07_HOU_ARI,HOU,-0.5107447344702802,-0.5610382464330863,0.11796047610621299,0.3696210927715596,-0.11988472323162783
2021_07_IND_SF,IND,0.17927718001913037,-0.1788556009811476,-0.5118339107586787,-0.4734050570159246,-0.05309421317044483
2021_07_IND_SF,SF,-0.4734050570159246,-0.05309421317044483,-5.680618352360195,0.17927718001913037,-0.1788556009811476
2021_07_KC_TEN,KC,-0.12132090863840334,-0.14733734725242748,-2.638811649133762,0.6181013710079745,-0.22318342295087254
2021_07_KC_TEN,TEN,0.6181013710079745,-0.22318342295087254,16.525231356974,-0.12132090863840334,-0.14733734725242748
2021_07_NO_SEA,NO,-0.038699183521580784,-0.23842356250733482,-6.902514351531863,-0.1209899744987736,-0.12809852081943043
2021_07_NO_SEA,SEA,-0.1209899744987736,-0.12809852081943043,-1.3869822025299072,-0.038699183521580784,-0.23842356250733482
2021_07_NYJ_NE,NE,0.6282362310251879,0.22911603112717988,2.6595848362620282,0.022589389178814725,-0.3073967149041495
2021_07_NYJ_NE,NYJ,0.022589389178814725,-0.3073967149041495,-5.918255811784325,0.6282362310251879,0.22911603112717988
2021_07_PHI_LV,LV,0.420405271223131,-0.09588728790705016,17.77816642733181,0.18505967497682518,-0.2091687536082679
2021_07_PHI_LV,PHI,0.18505967497682518,-0.2091687536082679,-7.157785181076296,0.420405271223131,-0.09588728790705016
2021_07_WAS_GB,GB,0.32977300433229323,-0.6641572664125955,10.260813113521127,-0.09670462044185736,-0.040355732588542866
2021_07_WAS_GB,WAS,-0.09670462044185736,-0.040355732588542866,3.7890334096219807,0.32977300433229323,-0.6641572664125955
2021_08_CAR_ATL,ATL,-0.14882452263207674,-0.1341522992649851,5.241757189785993,0.22382229368451192,-0.08672019968732704
2021_08_CAR_ATL,CAR,0.22382229368451192,-0.08672019968732704,-15.881909181674322,-0.14882452263207674,-0.1341522992649851
2021_08_CIN_NYJ,CIN,0.0807434984574996,-0.11155539791798219,2.8723083874758553,0.11032476945451021,0.023032368194738712
2021_08_CIN_NYJ,NYJ,0.11032476945451021,0.023032368194738712,6.7891623900861156,0.0807434984574996,-0.11155539791798219
2021_08_DAL_MIN,DAL,0.08515023820940122,-0.11403992933818423,-3.723044148305567,-0.17375464883368902,-0.17637776337902655
2021_08_DAL_MIN,MIN,-0.17375464883368902,-0.17637776337902655,-3.581852172360276,0.08515023820940122,-0.11403992933818423
2021_08_GB_ARI,ARI,0.08954423095416039,0.03014916391985025,1.2751713875801332,0.05712040492730808,0.12718849366228824
2021_08_GB_ARI,GB,0.05712040492730808,0.12718849366228824,-8.141895958355494,0.08954423095416039,0.03014916391985025
2021_08_JAX_SEA,JAX,-0.11413371186615129,-0.2201584878939149,-6.360381096601486,0.26893634560338425,-0.20294365470545017
2021_08_JAX_SEA,SEA,0.26893634560338425,-0.20294365470545017,26.00255378267982,-0.11413371186615129,-0.2201584878939149
2021_08_LA_HOU,HOU,-0.17064982047694152,-0.014105953062418852,8.359576844506794,0.4631371413141123,0.02960234446518664
2021_08_LA_HOU,LA,0.4631371413141123,0.02960234446518664,-4.512513297445634,-0.17064982047694152,-0.014105953062418852
2021_08_MIA_BUF,BUF,0.2462302225369369,-0.3883696987431691,0.949006909277381,0.003937584554656852,-0.29129151195382136
2021_08_MIA_BUF,MIA,0.003937584554656852,-0.29129151195382136,-9.259412520461613,0.2462302225369369,-0.3883696987431691
2021_08_NE_LAC,LAC,-0.21669351696121603,0.2771333581584163,-15.137394912102643,-0.002151545376893552,-0.08483083202421816
2021_08_NE_LAC,NE,-0.002151545376893552,-0.08483083202421816,-10.950329812134013,-0.21669351696121603,0.2771333581584163
2021_08_NYG_KC,KC,-0.027660602964830784,0.040910724373534324,-0.758996328642202,0.005774070351548029,-0.10238975616650553
2021_08_NYG_KC,NYG,0.005774070351548029,-0.10238975616650553,-0.4888522805589618,-0.027660602964830784,0.040910724373534324
2021_08_PHI_DET,DET,-0.49700580350803886,-0.15608404560685707,7.860989775508642,0.4023169065653878,0.17596823929707284
2021_08_PHI_DET,PHI,0.4023169065653878,0.17596823929707284,0.16726776957511902,-0.49700580350803886,-0.15608404560685707
2021_08_PIT_CLE,CLE,0.01313387164594109,-0.2258513888889204,-3.045808019176606,0.052040115529605926,0.009704083065598217
2021_08_PIT_CLE,PIT,0.052040115529605926,0.009704083065598217,-2.6199179036276683,0.01313387164594109,-0.2258513888889204
2021_08_SF_CHI,CHI,0.33787117821721036,-0.27822349016371717,4.782187221226869,0.5209863042607038,0.3548452879940681
2021_08_SF_CHI,SF,0.5209863042607038,0.3548452879940681,-4.724467904479416,0.33787117821721036,-0.27822349016371717
2021_08_TB_NO,NO,0.18910427583251102,-0.08319603384869104,-7.103834407670157,-0.01980923956596396,-0.19756394977320452
2021_08_TB_NO,TB,-0.01980923956596396,-0.19756394977320452,-1.171354476998492,0.18910427583251102,-0.08319603384869104
2021_08_TEN_IND,IND,-0.08082736196794052,0.019242974296156762,-9.481089375913143,0.15239603405122254,-0.08109359720291437
2021_08_TEN_IND,TEN,0.15239603405122254,-0.08109359720291437,2.5307124480605125,-0.08082736196794052,0.019242974296156762
2021_08_WAS_DEN,DEN,0.11345554353104594,-0.026012171401155436,5.233701944351196,-0.009062451028168281,0.007404879618780283
2021_08_WAS_DEN,WAS,-0.009062451028168281,0.007404879618780283,-4.154521871257472,0.11345554353104594,-0.026012171401155436
2021_09_ARI_SF,ARI,0.5916943579086364,-0.03452390736844642,14.802005084661337,-0.07718839333134948,-0.15873850075004156
2021_09_ARI_SF,SF,-0.07718839333134948,-0.15873850075004156,4.836726188659668,0.5916943579086364,-0.03452390736844642
2021_09_ATL_NO,ATL,0.4872810562613109,-0.6921942965505877,14.783300658067068,-0.017917395612241076,-0.14690814549820166
2021_09_ATL_NO,NO,-0.017917395612241076,-0.14690814549820166,-3.300414624668303,0.4872810562613109,-0.6921942965505877
2021_09_BUF_JAX,BUF,-0.0985982853990491,-0.6923025755836121,-0.37040412425994873,0.02351707073136433,-0.33918826902559623
2021_09_BUF_JAX,JAX,0.02351707073136433,-0.33918826902559623,-3.736488134772689,-0.0985982853990491,-0.6923025755836121
2021_09_CHI_PIT,CHI,0.034188617650745434,0.0925647843867496,6.150931119918823,0.24142832611547002,-0.09923867023498072
2021_09_CHI_PIT,PIT,0.24142832611547002,-0.09923867023498072,9.382173750135633,0.034188617650745434,0.0925647843867496
2021_09_CLE_CIN,CIN,-0.37845844418873453,-0.08143656604282558,7.419657852591538,0.5201088647890983,0.09775007816854393
2021_09_CLE_CIN,CLE,0.5201088647890983,0.09775007816854393,14.438657854732714,-0.37845844418873453,-0.08143656604282558
2021_09_DEN_DAL,DAL,-0.2054159823050925,-0.07233105395606254,-13.952580400002308,0.3235684535130798,0.00801525004078159
2021_09_DEN_DAL,DEN,0.3235684535130798,0.00801525004078159,7.361533120274544,-0.2054159823050925,-0.07233105395606254
2021_09_GB_KC,GB,0.006678902238624652,-0.043720010443146086,-3.590501379221678,-0.16141829187931367,-0.021520438070064814
2021_09_GB_KC,KC,-0.16141829187931367,-0.021520438070064814,-11.350725673966938,0.006678902238624652,-0.043720010443146086
2021_09_HOU_MIA,HOU,-0.37369804305075266,-0.21282175203668885,-4.558415487408638,-0.01189710647570383,-0.4696240769396536
2021_09_HOU_MIA,MIA,-0.01189710647570383,-0.4696240769396536,1.0560223460197449,-0.37369804305075266,-0.21282175203668885
2021_09_LAC_PHI,LAC,0.5839628215910724,-0.25455721688250865,16.776630604589307,0.44676057095066213,0.06044207654441848
2021_09_LAC_PHI,PHI,0.44676057095066213,0.06044207654441848,9.566432796418667,0.5839628215910724,-0.25455721688250865
2021_09_LV_NYG,LV,-0.14876213991496792,0.17568698386021425,-3.1629569504572,0.016844181530580125,-0.07394778640095696
2021_09_LV_NYG,NYG,0.016844181530580125,-0.07394778640095696,12.80276527007421,-0.14876213991496792,0.17568698386021425
2021_09_MIN_BAL,BAL,0.017339197742503813,0.2966171027612411,-0.20043828138491002,0.32518548925988583,0.019236430490855126
2021_09_MIN_BAL,MIN,0.32518548925988583,0.019236430490855126,-2.2124706634453366,0.017339197742503813,0.2966171027612411
2021_09_NE_CAR,CAR,-0.6960419307064005,-0.17888878023118845,-14.503077494687048,-0.15805081054744152,0.04015143120478889
2021_09_NE_CAR,NE,-0.15805081054744152,0.04015143120478889,-1.2873550256093342,-0.6960419307064005,-0.17888878023118845
2021_09_NYJ_IND,IND,0.4591414705497759,0.4086578777631595,7.5679909566353105,0.4003368082415254,-0.407752238066065
2021_09_NYJ_IND,NYJ,0.4003368082415254,-0.407752238066065,-2.443633113916104,0.4591414705497759,0.4086578777631595
2021_09_TEN_LA,LA,-0.29225498116336857,-0.08598052957386244,-7.167803543679257,-0.03312737844862568,-0.0007550974539481104
2021_09_TEN_LA,TEN,-0.03312737844862568,-0.0007550974539481104,0.4182046422591576,-0.29225498116336857,-0.08598052957386244
2021_10_ATL_DAL,ATL,-0.7782186373715653,-0.13119313609786332,-27.708621323108673,0.6289330181323936,-0.3746794958511567
2021_10_ATL_DAL,DAL,0.6289330181323936,-0.3746794958511567,11.804632345835367,-0.7782186373715653,-0.13119313609786332
2021_10_BAL_MIA,BAL,-0.249980525205807,-0.14258449080424676,-3.917815336366979,-0.0533081323312646,-0.1281928636522743
2021_10_BAL_MIA,MIA,-0.0533081323312646,-0.1281928636522743,-1.7100667252260096,-0.249980525205807,-0.14258449080424676
2021_10_BUF_NYJ,BUF,0.5538395618470486,0.12575184404877723,16.767841364656174,-0.0891640926002911,-0.22479756855987942
2021_10_BUF_NYJ,NYJ,-0.0891640926002911,-0.22479756855987942,-8.261513904384945,0.5538395618470486,0.12575184404877723
2021_10_CAR_ARI,ARI,-0.5303720974616775,-0.5558539123798255,-11.360102275322223,0.14896319411737877,-0.16089921231242477
2021_10_CAR_ARI,CAR,0.14896319411737877,-0.16089921231242477,3.2365690916776657,-0.5303720974616775,-0.5558539123798255
2021_10_CLE_NE,CLE,-0.22433966991957277,-0.0451650983071886,-5.637432298352642,0.7919167881930328,0.15265965786988311
2021_10_CLE_NE,NE,0.7919167881930328,0.15265965786988311,20.91612482070923,-0.22433966991957277,-0.0451650983071886
2021_10_DET_PIT,DET,-0.37382931058118896,0.1276531193154404,-13.728446637590727,-0.1360418661979376,-0.10329425449137865
2021_10_DET_PIT,PIT,-0.1360418661979376,-0.10329425449137865,-6.981722189455616,-0.37382931058118896,0.1276531193154404
2021_10_JAX_IND,IND,-0.10356008251671937,-0.03710769217927009,-5.702848597006365,-0.1155679119339354,0.17473012044155484
2021_10_JAX_IND,JAX,-0.1155679119339354,0.17473012044155484,-18.286577463150024,-0.10356008251671937,-0.03710769217927009
2021_10_KC_LV,KC,0.5671289728643779,-0.05287919390199628,5.95342634866635,-0.09921937619151851,-0.25686782106376166
2021_10_KC_LV,LV,-0.09921937619151851,-0.25686782106376166,1.3522879165761612,0.5671289728643779,-0.05287919390199628
2021_10_LA_SF,LA,-0.2418855793955266,0.09916422910302775,-0.9745250145594279,0.7157011772309531,-0.0814206382030692
2021_10_LA_SF,SF,0.7157011772309531,-0.0814206382030692,8.033540688062969,-0.2418855793955266,0.09916422910302775
2021_10_MIN_LAC,LAC,-0.05354770605718689,-0.014087651384114806,-10.624325907591617,0.12491510780164325,0.009216061154747325
2021_10_MIN_LAC,MIN,0.12491510780164325,0.009216061154747325,3.092934148652213,-0.05354770605718689,-0.014087651384114806
2021_10_NO_TEN,NO,0.13597768674054878,0.037421114690091815,-3.0316775185721263,0.13784829693958506,-0.19527837691591987
2021_10_NO_TEN,TEN,0.13784829693958506,-0.19527837691591987,2.648323001684966,0.13597768674054878,0.037421114690091815
2021_10_PHI_DEN,DEN,-0.08125344773185499,-0.48290787271398583,-4.505766139310949,0.27306589652171637,0.03125677931233924
2021_10_PHI_DEN,PHI,0.27306589652171637,0.03125677931233924,12.886255302212454,-0.08125344773185499,-0.48290787271398583
2021_10_SEA_GB,GB,0.06592321448299661,0.046963144266497225,-5.424084833690098,-0.3652801042806823,0.10619508803144774
2021_10_SEA_GB,SEA,-0.3652801042806823,0.10619508803144774,-9.241379875885812,0.06592321448299661,0.046963144266497225
2021_10_TB_WAS,TB,-0.11392626792607428,0.1552943955265129,-1.1320946794567686,0.18053580136715094,-0.09565194724245521
2021_10_TB_WAS,WAS,0.18053580136715094,-0.09565194724245521,12.28446513414383,-0.11392626792607428,0.1552943955265129
2021_11_ARI_SEA,ARI,0.4086200135501726,-0.09186680479756286,8.462148159742355,-0.16225871866883262,-0.042987853593474845
2021_11_ARI_SEA,SEA,-0.16225871866883262,-0.042987853593474845,-5.585222959518433,0.4086200135501726,-0.09186680479756286
2021_11_BAL_CHI,BAL,-0.060590676577413995,-0.05656140895485669,-0.8468917674488492,0.03035496609918773,-0.12801877850326096
2021_11_BAL_CHI,CHI,0.03035496609918773,-0.12801877850326096,-15.735504798816912,-0.060590676577413995,-0.05656140895485669
2021_11_CIN_LV,CIN,0.2270688156171992,-0.087608812863879,1.9257845623152596,-0.3067385719214006,-0.2245475116198779
2021_11_CIN_LV,LV,-0.3067385719214006,-0.2245475116198779,3.2595343589782715,0.2270688156171992,-0.087608812863879
2021_11_DAL_KC,DAL,-0.2903048146515066,-0.07792653548312956,1.6221109600294203,-0.2152969334117956,0.09191781093382319
2021_11_DAL_KC,KC,-0.2152969334117956,0.09191781093382319,-1.8618392221855395,-0.2903048146515066,-0.07792653548312956
2021_11_DET_CLE,CLE,-0.0206030394869361,-0.03278601169057021,-11.797905074698585,-0.5038261568709277,0.04602123984655546
2021_11_DET_CLE,DET,-0.5038261568709277,0.04602123984655546,-7.246493515761002,-0.0206030394869361,-0.03278601169057021
2021_11_GB_MIN,GB,0.5755418766041249,-0.09491105655701283,7.037921682480843,0.6436459607965597,-0.07784528914375032
2021_11_GB_MIN,MIN,0.6436459607965597,-0.07784528914375032,5.005391818635604,0.5755418766041249,-0.09491105655701283
2021_11_HOU_TEN,HOU,0.23561143483496066,-0.3601959909103564,-8.934508847153705,-0.18498115012685215,-0.16599722195062966
2021_11_HOU_TEN,TEN,-0.18498115012685215,-0.16599722195062966,3.7905019872328816,0.23561143483496066,-0.3601959909103564
2021_11_IND_BUF,BUF,-0.11665173440768559,0.32423726231411387,-4.6613335609436035,0.4331523082940072,0.21616795342082504
2021_11_IND_BUF,IND,0.4331523082940072,0.21616795342082504,-14.311645179986954,-0.11665173440768559,0.32423726231411387
2021_11_MIA_NYJ,MIA,0.4285777887853895,-0.11242525856716619,10.820034672232236,0.014993741267123516,0.10541828838823777
2021_11_MIA_NYJ,NYJ,0.014993741267123516,0.10541828838823777,2.751285433769226,0.4285777887853895,-0.11242525856716619
2021_11_NE_ATL,ATL,-0.5933668857461797,-0.46793837784207426,-6.985980656839186,-0.0006063867595904743,-0.0877808366612158
2021_11_NE_ATL,NE,-0.0006063867595904743,-0.0877808366612158,12.21656845166133,-0.5933668857461797,-0.46793837784207426
2021_11_NO_PHI,NO,-0.12443547463907434,-0.2648954454343766,-4.547902858919567,0.02462068332749963,-0.034391988772179125
2021_11_NO_PHI,PHI,0.02462068332749963,-0.034391988772179125,-5.518909900084786,-0.12443547463907434,-0.2648954454343766
2021_11_NYG_TB,NYG,-0.44125237170139275,0.029048340927277292,-2.4254601952191948,0.14083448628897524,-0.012724943340193326
2021_11_NYG_TB,TB,0.14083448628897524,-0.012724943340193326,0.11110337490731097,-0.44125237170139275,0.029048340927277292
2021_11_PIT_LAC,LAC,0.44074439578898306,-0.24083723312651273,-1.8667252325430148,0.11540973966586282,-0.1038341842035556
2021_11_PIT_LAC,PIT,0.11540973966586282,-0.1038341842035556,-4.192207144065336,0.44074439578898306,-0.24083723312651273
2021_11_SF_JAX,JAX,-0.02683775369335763,-0.20410461448676262,-0.7881174484888712,0.46804688802547695,0.08958710690332339
2021_11_SF_JAX,SF,0.46804688802547695,0.08958710690332339,16.25323846936226,-0.02683775369335763,-0.20410461448676262
2021_11_WAS_CAR,CAR,0.13167915717048315,0.0869396157518384,8.549128196857593,0.5872540759090852,-0.05093236782196899
2021_11_WAS_CAR,WAS,0.5872540759090852,-0.05093236782196899,23.248279690742493,0.13167915717048315,0.0869396157518384
2021_12_ATL_JAX,ATL,0.1856033608692087,0.04554127356655394,-2.0617247692176273,-0.02677763401294706,-0.042711056860363375
2021_12_ATL_JAX,JAX,-0.02677763401294706,-0.042711056860363375,-5.491491934148277,0.1856033608692087,0.04554127356655394
2021_12_BUF_NO,BUF,0.3765201239794962,-0.21570474729898187,15.621771491490877,-0.25878564024605677,-0.46163563682879927
2021_12_BUF_NO,NO,-0.25878564024605677,-0.46163563682879927,-10.577137129647392,0.3765201239794962,-0.21570474729898187
2021_12_CAR_MIA,CAR,-0.5207897047968455,0.01746250387268925,-28.783399251199537,0.11846459100412458,-0.043035868237661014
2021_12_CAR_MIA,MIA,0.11846459100412458,-0.043035868237661014,13.822654658748258,-0.5207897047968455,0.01746250387268925
2021_12_CHI_DET,CHI,0.23081583396668642,-0.365668237973612,-2.3008205600686975,0.014960608259705757,-0.21478792039190672
2021_12_CHI_DET,DET,0.014960608259705757,-0.21478792039190672,11.182868838310242,0.23081583396668642,-0.365668237973612
2021_12_CLE_BAL,BAL,-0.2023583062194066,-0.05673331928020973,-5.181697849184275,-0.09414781380610343,-0.2697510975755422
2021_12_CLE_BAL,CLE,-0.09414781380610343,-0.2697510975755422,-11.145477698129767,-0.2023583062194066,-0.05673331928020973
2021_12_LAC_DEN,DEN,0.17876035158406012,0.02894924101747165,-4.465129971504211,-0.047798617863762174,-0.16074591966417545
2021_12_LAC_DEN,LAC,-0.047798617863762174,-0.16074591966417545,-3.436387736688961,0.17876035158406012,0.02894924101747165
2021_12_LA_GB,GB,0.1596240538682526,-0.1123237612473531,0.048739259893243965,-0.06493807979159366,-0.23408810980614111
2021_12_LA_GB,LA,-0.06493807979159366,-0.23408810980614111,-9.031683435806862,0.1596240538682526,-0.1123237612473531
2021_12_LV_DAL,DAL,0.17774993444077042,-0.153041564729863,-1.9007327074700213,0.4729052696235985,-0.27652375772674065
2021_12_LV_DAL,LV,0.4729052696235985,-0.27652375772674065,-2.2476026886387874,0.17774993444077042,-0.153041564729863
2021_12_MIN_SF,MIN,0.06048264664895455,-0.42139019265111227,-2.003396861255169,0.1186571125832995,0.0987380826842595
2021_12_MIN_SF,SF,0.1186571125832995,0.0987380826842595,-0.08706737023133498,0.06048264664895455,-0.42139019265111227
2021_12_NYJ_HOU,HOU,-0.2753285014634579,-0.17532254661099336,-1.8919529823156505,-0.24811615418511998,0.11457248745405016
2021_12_NYJ_HOU,NYJ,-0.24811615418511998,0.11457248745405016,-13.48236021788224,-0.2753285014634579,-0.17532254661099336
2021_12_PHI_NYG,NYG,0.13723369309420955,-0.28759531449516845,-3.1002715743821243,-0.5273609432504813,0.13730292539366928
2021_12_PHI_NYG,PHI,-0.5273609432504813,0.13730292539366928,-14.274625634324961,0.13723369309420955,-0.28759531449516845
2021_12_PIT_CIN,CIN,0.09238755068144607,0.23275040308898928,16.58851734052102,-0.3321279802094465,-0.2453201007291985
2021_12_PIT_CIN,PIT,-0.3321279802094465,-0.2453201007291985,-5.366267569554158,0.09238755068144607,0.23275040308898928
2021_12_SEA_WAS,SEA,0.009903979047524951,-0.2796158042355356,0.8915780052062003,0.1845058514529634,-0.10642830765608517
2021_12_SEA_WAS,WAS,0.1845058514529634,-0.10642830765608517,7.29413628578186,0.009903979047524951,-0.2796158042355356
2021_12_TB_IND,IND,-0.07056963931746238,0.15232567301589167,-5.040932256121968,0.05352316086477501,0.33868972005870157
2021_12_TB_IND,TB,0.05352316086477501,0.33868972005870157,1.0039639823576982,-0.07056963931746238,0.15232567301589167
2021_12_TEN_NE,NE,0.3924074332105692,-0.03808035166255887,8.334733173251152,-0.3112544679851472,0.09089717579061268
2021_12_TEN_NE,TEN,-0.3112544679851472,0.09089717579061268,-13.227096199989319,0.3924074332105692,-0.03808035166255887
2021_13_ARI_CHI,ARI,0.5045789848483022,-0.09880526073316802,1.5958410501480103,-0.2561358499512402,0.12157215629905785
2021_13_ARI_CHI,CHI,-0.2561358499512402,0.12157215629905785,-5.638889595866203,0.5045789848483022,-0.09880526073316802
2021_13_BAL_PIT,BAL,0.20517011300027752,-0.12539160509080316,-5.9131008547705575,0.29850754819523073,-0.11837965952266434
2021_13_BAL_PIT,PIT,0.29850754819523073,-0.11837965952266434,4.361720780531566,0.20517011300027752,-0.12539160509080316
2021_13_DAL_NO,DAL,-0.22893117876438945,0.08153208360696833,-2.622123062610626,-0.41679900069167514,0.002642512871799144
2021_13_DAL_NO,NO,-0.41679900069167514,0.002642512871799144,-23.64623132275372,-0.22893117876438945,0.08153208360696833
2021_13_DEN_KC,DEN,-0.25305513088317927,0.010750433515308291,-9.189270105626848,-0.14554177933120782,-0.0070264757901895795
2021_13_DEN_KC,KC,-0.14554177933120782,-0.0070264757901895795,-16.95121846817158,-0.25305513088317927,0.010750433515308291
2021_13_IND_HOU,HOU,-0.7626439633014662,-0.2719921544659883,-28.067254447020016,0.0793395557866943,0.19829430577681503
2021_13_IND_HOU,IND,0.0793395557866943,0.19829430577681503,5.407805063507774,-0.7626439633014662,-0.2719921544659883
2021_13_JAX_LA,JAX,0.004289609382491714,-0.8399557635420933,-19.66786331364087,0.3219878915158616,0.1039043791633364
2021_13_JAX_LA,LA,0.3219878915158616,0.1039043791633364,1.9276465113098558,0.004289609382491714,-0.8399557635420933
2021_13_LAC_CIN,CIN,-0.15127358779562328,-0.67262124216591,0.7497760810350117,0.0018774564818733858,-0.05546257188999217
2021_13_LAC_CIN,LAC,0.0018774564818733858,-0.05546257188999217,13.986943278993879,-0.15127358779562328,-0.67262124216591
2021_13_MIN_DET,DET,0.11463388993797369,-0.32904470852345497,-3.4241157142739547,0.09953503173399689,-0.11735626672502159
2021_13_MIN_DET,MIN,0.09953503173399689,-0.11735626672502159,5.248082192932687,0.11463388993797369,-0.32904470852345497
2021_13_NE_BUF,BUF,-0.09383531657502853,-0.4117590511991044,-8.719914456208548,0.011864912075301012,-0.021343961805994575
2021_13_NE_BUF,NE,0.011864912075301012,-0.021343961805994575,-5.489613612492879,-0.09383531657502853,-0.4117590511991044
2021_13_NYG_MIA,MIA,0.08615781129290294,-0.25475556738472177,4.333198724723443,-0.2604073889669945,0.13224460829994367
2021_13_NYG_MIA,NYG,-0.2604073889669945,0.13224460829994367,-4.330275639107353,0.08615781129290294,-0.25475556738472177
2021_13_PHI_NYJ,NYJ,0.05478643940544755,-0.041513279586069984,-3.4014044536484613,0.6077920865729747,-0.008309665067214181
2021_13_PHI_NYJ,PHI,0.6077920865729747,-0.008309665067214181,21.18088575926694,0.05478643940544755,-0.041513279586069984
2021_13_SF_SEA,SEA,-0.142580049062802,0.11940468931454234,14.153592087127066,0.04145569283681716,-0.11033792064525187
2021_13_SF_SEA,SF,0.04145569283681716,-0.11033792064525187,-2.3061081767082214,-0.142580049062802,0.11940468931454234
2021_13_TB_ATL,ATL,-0.10435026667380387,0.019803543190143748,4.758420363068581,0.32204724240336174,-0.19109055257740043
2021_13_TB_ATL,TB,0.32204724240336174,-0.19109055257740043,2.9474947966781317,-0.10435026667380387,0.019803543190143748
2021_13_WAS_LV,LV,0.06316101967510289,-0.13755457889471603,6.1734668082661095,0.2931396416907601,-0.15541143012014064
2021_13_WAS_LV,WAS,0.2931396416907601,-0.15541143012014064,7.5005436937014265,0.06316101967510289,-0.13755457889471603
2021_14_ATL_CAR,ATL,0.18943279576363023,-0.0989659523741076,8.379148774676853,-0.10161575580311294,-0.2282751148485113
2021_14_ATL_CAR,CAR,-0.10161575580311294,-0.2282751148485113,-6.896479981286185,0.18943279576363023,-0.0989659523741076
2021_14_BAL_CLE,BAL,-0.11301433321066856,-0.2872021126824551,10.88051363825798,0.14071645733551444,-0.2226328127249144
2021_14_BAL_CLE,CLE,0.14071645733551444,-0.2226328127249144,2.9665846978464434,-0.11301433321066856,-0.2872021126824551
2021_14_BUF_TB,BUF,-0.019589799655208094,0.47509415833701496,3.281713233274572,0.27012487571328575,0.05516923596849665
2021_14_BUF_TB,TB,0.27012487571328575,0.05516923596849665,-2.182419533314912,-0.019589799655208094,0.47509415833701496
2021_14_CHI_GB,CHI,-0.1238135093211496,-0.03458791238178189,-7.297878013923764,0.39613092795151833,0.13069627145887353
2021_14_CHI_GB,GB,0.39613092795151833,0.13069627145887353,17.14767975466592,-0.1238135093211496,-0.03458791238178189
2021_14_DAL_WAS,DAL,-0.1823487008723356,-0.05427736595010695,-13.422094170863812,-0.7071715591658191,0.20775341809869166
2021_14_DAL_WAS,WAS,-0.7071715591658191,0.20775341809869166,-17.442206812627386,-0.1823487008723356,-0.05427736595010695
2021_14_DET_DEN,DEN,0.41790448826806686,0.16613919149385764,4.454859733581543,-0.15431719851324793,-0.150616659150858
2021_14_DET_DEN,DET,-0.15431719851324793,-0.150616659150858,-4.087698851761065,0.41790448826806686,0.16613919149385764
2021_14_JAX_TEN,JAX,-0.4122441539038072,-0.7038874099671375,-1.7923768307711627,0.19643137295224952,-0.22442074015094673
2021_14_JAX_TEN,TEN,0.19643137295224952,-0.22442074015094673,-3.091073830922445,-0.4122441539038072,-0.7038874099671375
2021_14_LA_ARI,ARI,-0.04363954986697212,-0.20207961396012894,0.22556018464419306,0.36658146666692826,-0.13123488863320312
2021_14_LA_ARI,LA,0.36658146666692826,-0.13123488863320312,8.758894801139832,-0.04363954986697212,-0.20207961396012894
2021_14_LV_KC,KC,0.5745734974055866,0.07687148168746256,18.569001284512606,-0.16235564872719385,-0.5992803828065427
2021_14_LV_KC,LV,-0.16235564872719385,-0.5992803828065427,5.1539295634558036,0.5745734974055866,0.07687148168746256
2021_14_NO_NYJ,NO,0.22459255375293785,0.09587498779832718,-1.3436023678098405,-0.29591294220772785,-0.20773765061032742
2021_14_NO_NYJ,NYJ,-0.29591294220772785,-0.20773765061032742,-20.982488244771957,0.22459255375293785,0.09587498779832718
2021_14_NYG_LAC,LAC,0.46432669121487063,-0.03924313187775569,8.219281633694967,-0.2464734615645003,0.2900676743889747
2021_14_NYG_LAC,NYG,-0.2464734615645003,0.2900676743889747,-17.425195434514215,0.46432669121487063,-0.03924313187775569
2021_14_PIT_MIN,MIN,-0.23832969701015638,0.20943801697770445,-18.474202675204122,-0.02176315935295827,-0.07485977513209471
2021_14_PIT_MIN,PIT,-0.02176315935295827,-0.07485977513209471,2.5914306824023905,-0.23832969701015638,0.20943801697770445
2021_14_SEA_HOU,HOU,-0.09588010081155884,-0.26991707212194643,-3.5227648292978606,0.5290463645849942,0.09571621079209527
2021_14_SEA_HOU,SEA,0.5290463645849942,0.09571621079209527,-0.6723815841334206,-0.09588010081155884,-0.26991707212194643
2021_14_SF_CIN,CIN,0.2809856425078718,-0.1371814918020391,5.468755697502809,0.09346945732823667,0.06978621767749163
2021_14_SF_CIN,SF,0.09346945732823667,0.06978621767749163,7.460293616797473,0.2809856425078718,-0.1371814918020391
2021_15_ARI_DET,ARI,-0.25279984830549634,0.06558130585318922,-10.825320209066073,0.5662720705276872,-0.33513137451056224
2021_15_ARI_DET,DET,0.5662720705276872,-0.33513137451056224,6.934120104863093,-0.25279984830549634,0.06558130585318922
2021_15_ATL_SF,ATL,-0.1252577842736272,-0.3580567198483837,3.531962384780248,0.5340280903728847,0.1412983009868185
2021_15_ATL_SF,SF,0.5340280903728847,0.1412983009868185,9.866681570808092,-0.1252577842736272,-0.3580567198483837
2021_15_CAR_BUF,BUF,0.22717187394925653,-0.16111430975545843,-3.6301913761323497,-0.23484189816281043,-0.0016383435332848275
2021_15_CAR_BUF,CAR,-0.23484189816281043,-0.0016383435332848275,-15.913794851965374,0.22717187394925653,-0.16111430975545843
2021_15_CIN_DEN,CIN,-0.028801915481030515,-0.07872144810556035,1.6485990512938726,-0.13711056712549605,-0.11981457248541781
2021_15_CIN_DEN,DEN,-0.13711056712549605,-0.11981457248541781,-8.77627357840538,-0.028801915481030515,-0.07872144810556035
2021_15_DAL_NYG,DAL,0.021014684344060206,0.05920201330962332,7.003465697572038,-0.3614479900346351,-0.20750518419872782
2021_15_DAL_NYG,NYG,-0.3614479900346351,-0.20750518419872782,-9.930109481016794,0.021014684344060206,0.05920201330962332
2021_15_GB_BAL,BAL,0.18401384479987723,0.26805562253438814,3.3616760602364173,0.5799957881989181,0.024686423505911426
2021_15_GB_BAL,GB,0.5799957881989181,0.024686423505911426,13.844950833628255,0.18401384479987723,0.26805562253438814
2021_15_HOU_JAX,HOU,0.11301517526762345,-0.22290525592273167,-2.166117231051127,-0.1446654491159515,-0.008486487679572292
2021_15_HOU_JAX,JAX,-0.1446654491159515,-0.008486487679572292,-7.78416461414761,0.11301517526762345,-0.22290525592273167
2021_15_KC_LAC,KC,0.2572826363773556,-0.02330089801826569,-0.9988990094926622,-0.032909547964917754,0.03280955555399285
2021_15_KC_LAC,LAC,-0.032909547964917754,0.03280955555399285,-7.070275013511245,0.2572826363773556,-0.02330089801826569
2021_15_LV_CLE,CLE,0.10495815149415057,-0.1800190724618733,4.743573069572449,0.034498585576228195,-0.09336385938783039
2021_15_LV_CLE,LV,0.034498585576228195,-0.09336385938783039,2.298285315434138,0.10495815149415057,-0.1800190724618733
2021_15_MIN_CHI,CHI,0.016597759135097583,-0.5322755618908559,5.905497488048342,-0.13251411642452662,0.011139937210828066
2021_15_MIN_CHI,MIN,-0.13251411642452662,0.011139937210828066,-3.923179480162534,0.016597759135097583,-0.5322755618908559
2021_15_NE_IND,IND,-0.4823245825331141,0.1913763580668425,-25.48204908768336,-0.010325453364016541,-0.33706326428862093
2021_15_NE_IND,NE,-0.010325453364016541,-0.33706326428862093,-4.482229799032211,-0.4823245825331141,0.1913763580668425
2021_15_NO_TB,NO,-0.14080935336997222,-0.44616506448308485,-12.97401773929596,-0.3370180462718885,-0.0903007169807097
2021_15_NO_TB,TB,-0.3370180462718885,-0.0903007169807097,-14.404374671479067,-0.14080935336997222,-0.44616506448308485
2021_15_NYJ_MIA,MIA,0.03400865865596697,-0.06087588817762161,1.6387863801075861,-0.32611783769638136,0.12931311810167417
2021_15_NYJ_MIA,NYJ,-0.32611783769638136,0.12931311810167417,-13.656569069082087,0.03400865865596697,-0.06087588817762161
2021_15_SEA_LA,LA,-0.0035023128022313925,-0.0943896153140314,-0.24981046545094457,-0.25631200100686446,-0.10926141102598715
2021_15_SEA_LA,SEA,-0.25631200100686446,-0.10926141102598715,-3.261537104845047,-0.0035023128022313925,-0.0943896153140314
2021_15_TEN_PIT,PIT,-0.14513279678033952,-0.18781590360777045,-7.275545835494995,-0.46081454779511405,-0.00043531657244851133
2021_15_TEN_PIT,TEN,-0.46081454779511405,-0.00043531657244851133,5.219791177660227,-0.14513279678033952,-0.18781590360777045
2021_15_WAS_PHI,PHI,0.1535046897508163,0.07032204612455405,11.264994855110462,-0.012103912876422951,-0.202772625199508
2021_15_WAS_PHI,WAS,-0.012103912876422951,-0.202772625199508,0.7595975697040558,0.1535046897508163,0.07032204612455405
2021_16_BAL_CIN,BAL,0.3202402374054972,-0.5914500792685431,7.337764952633832,0.6370486017466551,-0.07311864441289799
2021_16_BAL_CIN,CIN,0.6370486017466551,-0.07311864441289799,14.204991835614909,0.3202402374054972,-0.5914500792685431
2021_16_BUF_NE,BUF,0.4219982345886431,-0.03487040267209522,4.663865580115208,-0.02050034173626978,0.3033146306843264
2021_16_BUF_NE,NE,-0.02050034173626978,0.3033146306843264,-18.908702317745455,0.4219982345886431,-0.03487040267209522
2021_16_CHI_SEA,CHI,0.2563599089128449,-0.09618241822657486,2.477973358971732,0.05822632808461917,0.20491118293769736
2021_16_CHI_SEA,SEA,0.05822632808461917,0.20491118293769736,-3.6240980581001,0.2563599089128449,-0.09618241822657486
2021_16_CLE_GB,CLE,-0.028516950101129413,0.4520873599141613,-6.900944312413533,0.14398448712771805,0.1544152219708928
2021_16_CLE_GB,GB,0.14398448712771805,0.1544152219708928,3.7608586690005135,-0.028516950101129413,0.4520873599141613
2021_16_DEN_LV,DEN,-0.05754501326545966,-0.4723791344052491,2.0009857687083157,-0.06271961523897521,-0.07371751233170341
2021_16_DEN_LV,LV,-0.06271961523897521,-0.07371751233170341,5.258914828300476,-0.05754501326545966,-0.4723791344052491
2021_16_DET_ATL,ATL,0.20963711914894193,-0.20951674063690007,9.006221456961198,0.14171396971028308,0.02538572595759041
2021_16_DET_ATL,DET,0.14171396971028308,0.02538572595759041,2.124321460723877,0.20963711914894193,-0.20951674063690007
2021_16_IND_ARI,ARI,-0.06914208879883724,0.2728116026929846,-1.4457933413676727,0.2568688979945875,-0.18171481352539792
2021_16_IND_ARI,IND,0.2568688979945875,-0.18171481352539792,-2.7662033481257304,-0.06914208879883724,0.2728116026929846
2021_16_JAX_NYJ,JAX,0.22528366896546903,0.024037075888596382,11.122535296848842,0.3179768797977571,0.008839322688855287
2021_16_JAX_NYJ,NYJ,0.3179768797977571,0.008839322688855287,-2.9957136937550137,0.22528366896546903,0.024037075888596382
2021_16_LAC_HOU,HOU,0.6009539759449981,0.07674209060417991,7.640280215828507,0.22694688292644818,-0.32735439603775734
2021_16_LAC_HOU,LAC,0.22694688292644818,-0.32735439603775734,8.031348358182345,0.6009539759449981,0.07674209060417991
2021_16_LA_MIN,LA,-0.23706378185803598,0.19671007267262985,-10.124524904263986,0.05540420264226162,-0.32498607299241583
2021_16_LA_MIN,MIN,0.05540420264226162,-0.32498607299241583,6.911881651197161,-0.23706378185803598,0.19671007267262985
2021_16_MIA_NO,MIA,0.04245708053897902,-0.25873175271666576,2.9962813624968896,-0.9898308104978153,-0.17533798697903485
2021_16_MIA_NO,NO,-0.9898308104978153,-0.17533798697903485,-7.278274496396382,0.04245708053897902,-0.25873175271666576
2021_16_NYG_PHI,NYG,-0.38591071167732327,-0.24650167762755645,-12.83613632364971,0.028094246121283917,-0.03596045790812799
2021_16_NYG_PHI,PHI,0.028094246121283917,-0.03596045790812799,-3.9427203791482106,-0.38591071167732327,-0.24650167762755645
2021_16_PIT_KC,KC,0.500468655542143,-0.05393021443573974,15.115441227781362,-0.25666160506413355,-0.10658012966693302
2021_16_PIT_KC,PIT,-0.25666160506413355,-0.10658012966693302,-3.16392814829236,0.500468655542143,-0.05393021443573974
2021_16_SF_TEN,SF,0.03254863986089518,0.05212697772991045,3.1378369671957835,0.21558976303507932,-0.29822999217760077
2021_16_SF_TEN,TEN,0.21558976303507932,-0.29822999217760077,10.267255107561747,0.03254863986089518,0.05212697772991045
2021_16_TB_CAR,CAR,-0.3568659678119867,-0.11658114377253999,-14.30924936782482,0.28942754362466017,0.0761908198655874
2021_16_TB_CAR,TB,0.28942754362466017,0.0761908198655874,1.1182377050662864,-0.3568659678119867,-0.11658114377253999
2021_16_WAS_DAL,DAL,0.553019513625607,-0.0520981966459658,6.1573565733142015,-0.40802184583008055,-0.05049471618717929
2021_16_WAS_DAL,WAS,-0.40802184583008055,-0.05049471618717929,-18.20244789123535,0.553019513625607,-0.0520981966459658
2021_17_ARI_DAL,ARI,0.27451296718870627,-0.024943951188886006,7.748634348044524,0.1941611540399445,-0.46340028023114427
2021_17_ARI_DAL,DAL,0.1941611540399445,-0.46340028023114427,-7.062691920682004,0.27451296718870627,-0.024943951188886006
2021_17_ATL_BUF,ATL,-0.2863904242725342,0.10721311818342656,-0.3589223325252533,-0.04823236267879191,0.2622841989269128
2021_17_ATL_BUF,BUF,-0.04823236267879191,0.2622841989269128,-14.019111295541128,-0.2863904242725342,0.10721311818342656
2021_17_CAR_NO,CAR,-0.3948960968567923,-0.06424201381392777,-4.741552968819936,0.04306372450858523,-0.39091822235125373
2021_17_CAR_NO,NO,0.04306372450858523,-0.39091822235125373,5.67818037841631,-0.3948960968567923,-0.06424201381392777
2021_17_CLE_PIT,CLE,-0.20120988665696452,-0.150561670755269,-20.18674591349231,-0.32378266209143214,0.3437136238014015
2021_17_CLE_PIT,PIT,-0.32378266209143214,0.3437136238014015,-15.945428868998652,-0.20120988665696452,-0.150561670755269
2021_17_DEN_LAC,DEN,-0.029758681918210177,-0.20630135222374252,2.1379527118470936,0.4857872825166624,-0.183271813661122
2021_17_DEN_LAC,LAC,0.4857872825166624,-0.183271813661122,2.493530511856079,-0.029758681918210177,-0.20630135222374252
2021_17_DET_SEA,DET,0.2573999232844006,-0.38624590529996733,-5.487140599224302,0.5121191779887487,0.31523860114110586
2021_17_DET_SEA,SEA,0.5121191779887487,0.31523860114110586,5.382387233631952,0.2573999232844006,-0.38624590529996733
2021_17_HOU_SF,HOU,-0.2336543724939426,-0.10227598069468513,1.2184575200080872,0.3621319257975787,-0.19435278305358658
2021_17_HOU_SF,SF,0.3621319257975787,-0.19435278305358658,8.538916577463565,-0.2336543724939426,-0.10227598069468513
2021_17_JAX_NE,JAX,-0.3357415989860225,-0.12498815625076531,-4.292667943697709,0.6685870610957697,0.13961770842474652
2021_17_JAX_NE,NE,0.6685870610957697,0.13961770842474652,8.225655284794895,-0.3357415989860225,-0.12498815625076531
2021_17_KC_CIN,CIN,0.5984022450732618,-0.22794193176216343,12.98804322355672,0.34953200178492566,0.3268647844102123
2021_17_KC_CIN,KC,0.34953200178492566,0.3268647844102123,12.122092834290337,0.5984022450732618,-0.22794193176216343
2021_17_LA_BAL,BAL,-0.07443271740579534,0.019954590354069705,0.6735737981467411,0.16310799200786918,-0.09817273558874148
2021_17_LA_BAL,LA,0.16310799200786918,-0.09817273558874148,3.866031680788313,-0.07443271740579534,0.019954590354069705
2021_17_LV_IND,IND,-0.1931262872562174,0.15162542297800358,-1.9679541389147441,0.14988788473662826,-0.052079491503985595
2021_17_LV_IND,LV,0.14988788473662826,-0.052079491503985595,8.536315336823463,-0.1931262872562174,0.15162542297800358
2021_17_MIA_TEN,MIA,-0.3440585575177041,-0.20328723859434714,-18.756243664967386,0.18954054988551478,0.01173182410053485
2021_17_MIA_TEN,TEN,0.18954054988551478,0.01173182410053485,6.76713420285119,-0.3440585575177041,-0.20328723859434714
2021_17_MIN_GB,GB,0.2775926802468753,0.15283504913635884,5.304434895515442,-0.29151275031507334,-0.21498737090732903
2021_17_MIN_GB,MIN,-0.29151275031507334,-0.21498737090732903,-5.4557418903789,0.2775926802468753,0.15283504913635884
2021_17_NYG_CHI,CHI,-0.15975246173493204,-0.09685831265111726,-10.4994869593418,-1.8466743442455908,-0.07556266944144721
2021_17_NYG_CHI,NYG,-1.8466743442455908,-0.07556266944144721,-29.181054776365105,-0.15975246173493204,-0.09685831265111726
2021_17_PHI_WAS,PHI,0.3540340046327984,-0.019437401486004913,6.680278778076172,-0.06894476116376551,0.1171091848606011
2021_17_PHI_WAS,WAS,-0.06894476116376551,0.1171091848606011,7.001299279577592,0.3540340046327984,-0.019437401486004913
2021_17_TB_NYJ,NYJ,0.2573785264215361,-0.011422571433985677,-4.6225788195927935,0.4352102916728784,-0.18788919725457462
2021_17_TB_NYJ,TB,0.4352102916728784,-0.18788919725457462,10.025564991697973,0.2573785264215361,-0.011422571433985677
2021_18_CAR_TB,CAR,-0.16737264798285012,-0.2872576542547904,0.45654780807949247,0.3918066944475612,0.09520543622018426
2021_18_CAR_TB,TB,0.3918066944475612,0.09520543622018426,9.978025681094119,-0.16737264798285012,-0.2872576542547904
2021_18_CHI_MIN,CHI,-0.3291594120876962,-0.07681258713031032,0.5460868711056917,0.2715115483249769,-0.16251836730156183
2021_18_CHI_MIN,MIN,0.2715115483249769,-0.16251836730156183,4.1834665196282526,-0.3291594120876962,-0.07681258713031032
2021_18_CIN_CLE,CIN,-0.2569330468695955,0.04199834478296045,-16.51341483510774,-0.11337735983370631,0.06691636444041874
2021_18_CIN_CLE,CLE,-0.11337735983370631,0.06691636444041874,2.8572207937637963,-0.2569330468695955,0.04199834478296045
2021_18_DAL_PHI,DAL,0.8333009087371718,0.39473949662803126,14.878533461264201,0.014857592131870191,0.15001545069972053
2021_18_DAL_PHI,PHI,0.014857592131870191,0.15001545069972053,-8.700645232901854,0.8333009087371718,0.39473949662803126
2021_18_GB_DET,DET,0.3855341529849758,-0.13266172949838276,6.721893158452264,-0.07048522327340456,0.16223701572688654
2021_18_GB_DET,GB,-0.07048522327340456,0.16223701572688654,-3.462606498173305,0.3855341529849758,-0.13266172949838276
2021_18_IND_JAX,IND,-0.2770439974948082,-0.3374913936240773,-4.762984915026303,0.21412320954105105,-0.13234599280508177
2021_18_IND_JAX,JAX,0.21412320954105105,-0.13234599280508177,4.482356645166874,-0.2770439974948082,-0.3374913936240773
2021_18_KC_DEN,DEN,0.3171465537049973,-0.3101660538595752,-6.384942928949992,0.30668742755013645,0.024929146440466864
2021_18_KC_DEN,KC,0.30668742755013645,0.024929146440466864,-3.055672347545624,0.3171465537049973,-0.3101660538595752
2021_18_LAC_LV,LAC,0.25717659895920086,-0.28396970655913245,-12.732660351321101,0.07831172589116349,0.00651974709380201
2021_18_LAC_LV,LV,0.07831172589116349,0.00651974709380201,-5.3537162867459385,0.25717659895920086,-0.28396970655913245
2021_18_NE_MIA,MIA,0.2670728056867085,-0.07153799825195725,1.420521168481736,-0.07869221100790433,0.10994491421216582
2021_18_NE_MIA,NE,-0.07869221100790433,0.10994491421216582,-1.8380134304364522,0.2670728056867085,-0.07153799825195725
2021_18_NO_ATL,ATL,-0.3534607827461295,0.1369172995275056,1.1204079274208314,0.49036666718404615,-0.0489441030974265
2021_18_NO_ATL,NO,0.49036666718404615,-0.0489441030974265,7.464185616244441,-0.3534607827461295,0.1369172995275056
2021_18_NYJ_BUF,BUF,0.13955519636699204,-0.18968815644173168,-7.8308319383197365,-0.5684386148876804,-0.41611782599162933
2021_18_NYJ_BUF,NYJ,-0.5684386148876804,-0.41611782599162933,-31.188570041405526,0.13955519636699204,-0.18968815644173168
2021_18_PIT_BAL,BAL,-0.32185817121760485,-0.06812956519623863,-14.089116547256708,0.0390645541983363,-0.2749183258933633
2021_18_PIT_BAL,PIT,0.0390645541983363,-0.2749183258933633,-0.6906401704658162,-0.32185817121760485,-0.06812956519623863
2021_18_SEA_ARI,ARI,-0.1337023178985432,0.025604684412805695,0.6918743634835268,0.13413581669427416,0.18072499455800944
2021_18_SEA_ARI,SEA,0.13413581669427416,0.18072499455800944,0.3849747089239267,-0.1337023178985432,0.025604684412805695
2021_18_SF_LA,LA,0.3568863367897133,-0.3688718186199872,-1.976138912141323,0.16752412076782588,0.030746290188593168
2021_18_SF_LA,SF,0.16752412076782588,0.030746290188593168,6.508750282227993,0.3568863367897133,-0.3688718186199872
2021_18_TEN_HOU,HOU,0.23771965584591478,0.053259464658742005,6.786826159805059,0.6410793402332254,-0.13147802492039773
2021_18_TEN_HOU,TEN,0.6410793402332254,-0.13147802492039773,7.87210101261735,0.23771965584591478,0.053259464658742005
2021_18_WAS_NYG,NYG,-0.33377504443112566,-0.5849250969741578,-16.412039697170258,-0.35675033777118903,0.18179367541407027
2021_18_WAS_NYG,WAS,-0.35675033777118903,0.18179367541407027,-8.703857309678021,-0.33377504443112566,-0.5849250969741578
2022_01_BAL_NYJ,BAL,0.22361598185449766,-0.2727495804030791,-3.64747181020934,-0.12096002765223432,-0.29062319459303076
2022_01_BAL_NYJ,NYJ,-0.12096002765223432,-0.29062319459303076,-4.062917201142562,0.22361598185449766,-0.2727495804030791
2022_01_BUF_LA,BUF,0.5296341536589432,-0.5332257784198431,11.333648764318035,-0.3083286265297971,-0.08393605328028035
2022_01_BUF_LA,LA,-0.3083286265297971,-0.08393605328028035,-0.5920314934195542,0.5296341536589432,-0.5332257784198431
2022_01_CLE_CAR,CAR,0.08364287455250242,-0.013476555893472696,-9.173728984135847,-0.04969088375530972,0.22754873561893854
2022_01_CLE_CAR,CLE,-0.04969088375530972,0.22754873561893854,-2.9308709502220154,0.08364287455250242,-0.013476555893472696
2022_01_DEN_SEA,DEN,0.4256842532529285,-0.4922002778192492,7.822624539456716,0.18799226914518372,-0.223858793364343
2022_01_DEN_SEA,SEA,0.18799226914518372,-0.223858793364343,12.449767302583766,0.4256842532529285,-0.4922002778192492
2022_01_GB_MIN,GB,-0.2844756793215527,0.03807389793698402,-0.07905210767473493,0.2174615271697105,-0.051046406187067205
2022_01_GB_MIN,MIN,0.2174615271697105,-0.051046406187067205,5.163186596285913,-0.2844756793215527,0.03807389793698402
2022_01_IND_HOU,HOU,-0.031736164223489814,-0.2438368672625914,-6.728735069433848,0.10035819609885374,-0.15047738608942987
2022_01_IND_HOU,IND,0.10035819609885374,-0.15047738608942987,-4.770667577276424,-0.031736164223489814,-0.2438368672625914
2022_01_JAX_WAS,JAX,0.0571403606500442,0.07018615808920003,2.682269364595413,0.2322417714844655,-0.2582029648606708
2022_01_JAX_WAS,WAS,0.2322417714844655,-0.2582029648606708,-0.1603639707332704,0.0571403606500442,0.07018615808920003
2022_01_KC_ARI,ARI,0.025349857763306276,-0.03972045931732282,-1.55948292877939,0.6984040436798679,-0.010893305558756065
2022_01_KC_ARI,KC,0.6984040436798679,-0.010893305558756065,11.784186730018028,0.025349857763306276,-0.03972045931732282
2022_01_LV_LAC,LAC,0.4400292413660558,-0.4122264585395377,6.435642172308529,-0.1621671766383447,-0.050536642760002554
2022_01_LV_LAC,LV,-0.1621671766383447,-0.050536642760002554,-2.382502555847168,0.4400292413660558,-0.4122264585395377
2022_01_NE_MIA,MIA,0.16267586745634008,-0.13067851945048792,8.032114563449737,-0.21071347438264637,-0.18535862513817847
2022_01_NE_MIA,NE,-0.21071347438264637,-0.18535862513817847,2.9488237698872886,0.16267586745634008,-0.13067851945048792
2022_01_NO_ATL,ATL,0.045938203866419496,-0.045576966389281943,-6.941740773618221,0.005712745554281751,0.38625339232002825
2022_01_NO_ATL,NO,0.005712745554281751,0.38625339232002825,7.236052863299847,0.045938203866419496,-0.045576966389281943
2022_01_NYG_TEN,NYG,-0.21382131202926394,0.26286091857363375,13.360895287422906,0.3357328591991983,-0.34071690936868365
2022_01_NYG_TEN,TEN,0.3357328591991983,-0.34071690936868365,-0.14203359042444536,-0.21382131202926394,0.26286091857363375
2022_01_PHI_DET,DET,0.03681043998505806,0.270605888628375,-11.99930358577419,0.2917892407385166,0.22959886365112783
2022_01_PHI_DET,PHI,0.2917892407385166,0.22959886365112783,-10.007202728041287,0.03681043998505806,0.270605888628375
2022_01_PIT_CIN,CIN,-0.1354698195843376,-0.22747147328657868,-0.7078968691376021,-0.08637370055097744,-0.18603774670382814
2022_01_PIT_CIN,PIT,-0.08637370055097744,-0.18603774670382814,-7.084987453512244,-0.1354698195843376,-0.22747147328657868
2022_01_SF_CHI,CHI,0.10234226143317453,-0.08614284093041093,-16.01456929655636,-0.30481624752080705,-0.06559244047490541
2022_01_SF_CHI,SF,-0.30481624752080705,-0.06559244047490541,-18.238767981529236,0.10234226143317453,-0.08614284093041093
2022_01_TB_DAL,DAL,-0.4062576238153464,-0.1450511430998126,-17.343835096533706,0.03623632947497419,-0.007423769800775777
2022_01_TB_DAL,TB,0.03623632947497419,-0.007423769800775777,3.290234671698676,-0.4062576238153464,-0.1450511430998126
2022_02_ARI_LV,ARI,0.051936698091658365,0.13458087812251013,-5.577398804908103,0.008959933846467084,-0.15747846458512155
2022_02_ARI_LV,LV,0.008959933846467084,-0.15747846458512155,-5.870755284260481,0.051936698091658365,0.13458087812251013
2022_02_ATL_LA,ATL,0.14583659652664985,-0.416863082934959,1.291427731513977,0.0372759872707707,-0.025463236910022367
2022_02_ATL_LA,LA,0.0372759872707707,-0.025463236910022367,7.881441542080471,0.14583659652664985,-0.416863082934959
2022_02_CAR_NYG,CAR,-0.30205247145010866,0.47824398306935717,-15.719078205249927,-0.029327611720200753,-0.32060521718580276
2022_02_CAR_NYG,NYG,-0.029327611720200753,-0.32060521718580276,-1.638153102248907,-0.30205247145010866,0.47824398306935717
2022_02_CHI_GB,CHI,-0.4713227876563906,0.17613094856974812,-1.7208876934918491,0.4797039867949315,-0.009775300927120386
2022_02_CHI_GB,GB,0.4797039867949315,-0.009775300927120386,4.686913371086121,-0.4713227876563906,0.17613094856974812
2022_02_CIN_DAL,CIN,0.15594792356225043,-0.22439000292268413,-2.2513983930860246,0.11779784832716972,-0.0911338843770164
2022_02_CIN_DAL,DAL,0.11779784832716972,-0.0911338843770164,-6.370207866032918,0.15594792356225043,-0.22439000292268413
2022_02_HOU_DEN,DEN,0.11408377588957726,-0.08171260644642947,-12.60143518447876,-0.27341422430524154,0.09484570964640524
2022_02_HOU_DEN,HOU,-0.27341422430524154,0.09484570964640524,-13.692901907740412,0.11408377588957726,-0.08171260644642947
2022_02_IND_JAX,IND,-0.5799986896179488,-0.006013151850701044,-5.6293871896020296,0.5624481385975572,-0.2824467259518937
2022_02_IND_JAX,JAX,0.5624481385975572,-0.2824467259518937,14.291357398033142,-0.5799986896179488,-0.006013151850701044
2022_02_LAC_KC,KC,0.14841216021772938,-0.029418118956527906,4.277011752128601,0.006658802741533869,0.06895107263699174
2022_02_LAC_KC,LAC,0.006658802741533869,0.06895107263699174,4.18819441743519,0.14841216021772938,-0.029418118956527906
2022_02_MIA_BAL,BAL,0.6646073285809313,-0.25748657782848267,6.943367781310246,0.4728883164742619,0.22441225244579577
2022_02_MIA_BAL,MIA,0.4728883164742619,0.22441225244579577,3.1503377556800842,0.6646073285809313,-0.25748657782848267
2022_02_MIN_PHI,MIN,-0.2403976286575646,0.0036895887007833356,-7.50509950849745,0.17017612593310016,0.15423732205332877
2022_02_MIN_PHI,PHI,0.17017612593310016,0.15423732205332877,15.000109903274044,-0.2403976286575646,0.0036895887007833356
2022_02_NE_PIT,NE,0.09060444362998232,0.14013904059072957,-5.1140595008345215,-0.12041583745335252,0.042021609632120954
2022_02_NE_PIT,PIT,-0.12041583745335252,0.042021609632120954,-4.909001290798187,0.09060444362998232,0.14013904059072957
2022_02_NYJ_CLE,CLE,0.49293993228705413,0.09085191132246771,15.041757292217678,0.32408766950340623,-0.08101108034898061
2022_02_NYJ_CLE,NYJ,0.32408766950340623,-0.08101108034898061,0.9876313944195592,0.49293993228705413,0.09085191132246771
2022_02_SEA_SF,SEA,-0.28766735194533666,-0.2710678133901508,11.902240812778473,0.35839037865195456,0.02215171255817248
2022_02_SEA_SF,SF,0.35839037865195456,0.02215171255817248,-3.375514099995295,-0.28766735194533666,-0.2710678133901508
2022_02_TB_NO,NO,-0.41682480019746915,-0.2792861791033494,-2.2543680667877197,0.13738954305831472,-0.6777320943531647
2022_02_TB_NO,TB,0.13738954305831472,-0.6777320943531647,-13.116214401794203,-0.41682480019746915,-0.2792861791033494
2022_02_TEN_BUF,BUF,0.42320566017888017,-0.09789617953356355,0.6582037760661199,-0.4825979734111267,-0.2972394788834768
2022_02_TEN_BUF,TEN,-0.4825979734111267,-0.2972394788834768,-15.225819401119066,0.42320566017888017,-0.09789617953356355
2022_02_WAS_DET,DET,0.032987381680208004,0.10385608633621057,-6.575407087802887,0.09487268883597783,-0.07753426905133222
2022_02_WAS_DET,WAS,0.09487268883597783,-0.07753426905133222,0.4541925408623435,0.032987381680208004,0.10385608633621057
2022_03_ATL_SEA,ATL,0.544171591439721,0.06724287128222554,12.668762708965101,0.22529668733236907,0.02012465663574403
2022_03_ATL_SEA,SEA,0.22529668733236907,0.02012465663574403,9.71766391938383,0.544171591439721,0.06724287128222554
2022_03_BAL_NE,BAL,0.08886702443019769,0.42833800983763387,4.0227853589587745,-0.07728247097132784,0.06896231062758791
2022_03_BAL_NE,NE,-0.07728247097132784,0.06896231062758791,6.43150620162487,0.08886702443019769,0.42833800983763387
2022_03_BUF_MIA,BUF,0.16932724644513758,-0.15211961586273423,4.33328768663239,0.35333977808244527,-0.0876740100437827
2022_03_BUF_MIA,MIA,0.35333977808244527,-0.0876740100437827,-3.547494113445282,0.16932724644513758,-0.15211961586273423
2022_03_CIN_NYJ,CIN,0.31805902787236007,-0.3348656792781767,4.036683227334704,-0.4078061966325105,-0.04845390743284952
2022_03_CIN_NYJ,NYJ,-0.4078061966325105,-0.04845390743284952,-4.26085302606225,0.31805902787236007,-0.3348656792781767
2022_03_DAL_NYG,DAL,0.10926111541496725,0.2002749341735316,4.315011004606883,-0.06622603861130985,0.12418161547328863
2022_03_DAL_NYG,NYG,-0.06622603861130985,0.12418161547328863,-6.584755703806877,0.10926111541496725,0.2002749341735316
2022_03_DET_MIN,DET,0.17864640667883205,-0.09554841030530634,-1.3211958311699532,0.06882272516442453,-0.014871524560779411
2022_03_DET_MIN,MIN,0.06882272516442453,-0.014871524560779411,-4.949590724867743,0.17864640667883205,-0.09554841030530634
2022_03_GB_TB,GB,0.03136476616192659,-0.28054099625054124,10.921984735657187,-0.13717319490543384,-0.3772639725669121
2022_03_GB_TB,TB,-0.13717319490543384,-0.3772639725669121,4.887816309928894,0.03136476616192659,-0.28054099625054124
2022_03_HOU_CHI,CHI,-0.13433921127698667,0.050971265207297584,-18.994330801069736,-0.09823806443040002,-0.014952699497900391
2022_03_HOU_CHI,HOU,-0.09823806443040002,-0.014952699497900391,-2.3164170403634348,-0.13433921127698667,0.050971265207297584
2022_03_JAX_LAC,JAX,0.3450722683713092,0.058448348832881136,2.213003917744285,-0.20416261683880355,-0.6584327986029993
2022_03_JAX_LAC,LAC,-0.20416261683880355,-0.6584327986029993,-6.741548202386716,0.3450722683713092,0.058448348832881136
2022_03_KC_IND,IND,-0.09318480469010032,-0.2669235211540945,2.017368624607722,0.1619677929265096,-0.2156438633583572
2022_03_KC_IND,KC,0.1619677929265096,-0.2156438633583572,-6.757246364246715,-0.09318480469010032,-0.2669235211540945
2022_03_LA_ARI,ARI,-0.11024725696653194,0.10473230488278204,-5.4510592872446235,0.40569157165336334,-0.16947929267955356
2022_03_LA_ARI,LA,0.40569157165336334,-0.16947929267955356,6.151381611824036,-0.11024725696653194,0.10473230488278204
2022_03_LV_TEN,LV,0.2212887345877952,-0.054072469806723186,6.291560465242805,0.3440442557601879,-0.09164551619883067
2022_03_LV_TEN,TEN,0.3440442557601879,-0.09164551619883067,6.321289447637705,0.2212887345877952,-0.054072469806723186
2022_03_NO_CAR,CAR,-0.170876383563994,-0.1224610610629461,-19.410808011889458,0.13345175577023194,-0.5856692392616938
2022_03_NO_CAR,NO,0.13345175577023194,-0.5856692392616938,4.1905217827894745,-0.170876383563994,-0.1224610610629461
2022_03_PHI_WAS,PHI,0.42391043303657444,-0.5230491508974228,4.08487955436987,-0.31212488094024393,-0.16127309504908657
2022_03_PHI_WAS,WAS,-0.31212488094024393,-0.16127309504908657,-7.614117647920336,0.42391043303657444,-0.5230491508974228
2022_03_PIT_CLE,CLE,-0.001688891735292591,0.17018778403105803,-0.775478636064837,-0.21101189956978428,0.2845738884114491
2022_03_PIT_CLE,PIT,-0.21101189956978428,0.2845738884114491,0.1488775946199894,-0.001688891735292591,0.17018778403105803
2022_03_SF_DEN,DEN,-0.24122332024036866,-0.18909818786239527,-4.8573266714811325,-0.2911160736909574,-0.3326845087521222
2022_03_SF_DEN,SF,-0.2911160736909574,-0.3326845087521222,-6.491429024729236,-0.24122332024036866,-0.18909818786239527
2022_04_ARI_CAR,ARI,0.0013618941230729487,-0.15370158702452583,5.536934060435141,-0.34271335234728273,-0.8572059994688831
2022_04_ARI_CAR,CAR,-0.34271335234728273,-0.8572059994688831,-10.249755448765224,0.0013618941230729487,-0.15370158702452583
2022_04_BUF_BAL,BAL,-0.16029298774513515,0.10750788550425429,-0.1654899546078273,0.19104682085617175,-0.300695601609833
2022_04_BUF_BAL,BUF,0.19104682085617175,-0.300695601609833,-11.103929403950186,-0.16029298774513515,0.10750788550425429
2022_04_CHI_NYG,CHI,0.038533078950027604,-0.2501990099444061,-7.758471965789795,0.260814023183999,-0.028013373907407307
2022_04_CHI_NYG,NYG,0.260814023183999,-0.028013373907407307,-5.74501911799113,0.038533078950027604,-0.2501990099444061
2022_04_CLE_ATL,ATL,-0.25671529046374697,0.22007022033200851,-20.022118588288624,-0.15969345688740844,0.22459868708657185
2022_04_CLE_ATL,CLE,-0.15969345688740844,0.22459868708657185,-5.525882158960615,-0.25671529046374697,0.22007022033200851
2022_04_DEN_LV,DEN,-0.07584785082548816,-0.5671968096696005,0.2783467769622803,0.004682605964568143,0.08913311057911029
2022_04_DEN_LV,LV,0.004682605964568143,0.08913311057911029,-0.26650379101435345,-0.07584785082548816,-0.5671968096696005
2022_04_JAX_PHI,JAX,-0.29409032663638107,-0.332854617243069,-20.709057217058927,-0.25687943910916133,0.11894726812680985
2022_04_JAX_PHI,PHI,-0.25687943910916133,0.11894726812680985,-2.771796410282453,-0.29409032663638107,-0.332854617243069
2022_04_KC_TB,KC,0.27137549350327356,0.18285770002290114,1.5372101874912487,0.18174471332978676,-0.2254790450762292
2022_04_KC_TB,TB,0.18174471332978676,-0.2254790450762292,5.98216698719905,0.27137549350327356,0.18285770002290114
2022_04_LAC_HOU,HOU,-0.20797773168988384,0.3656427430812203,5.257619874817984,0.40593787902200584,-0.012373979043914005
2022_04_LAC_HOU,LAC,0.40593787902200584,-0.012373979043914005,4.195729542422939,-0.20797773168988384,0.3656427430812203
2022_04_LA_SF,LA,-0.2092697336494367,-0.18059382367050011,-1.5725785866379738,0.4112069091054399,-0.13274961224206808
2022_04_LA_SF,SF,0.4112069091054399,-0.13274961224206808,-8.402827501296997,-0.2092697336494367,-0.18059382367050011
2022_04_MIA_CIN,CIN,0.41401366045823274,-0.36888598784230525,3.331374190747738,0.07784123885910772,-0.2034611722946548
2022_04_MIA_CIN,MIA,0.07784123885910772,-0.2034611722946548,-0.2802039600080914,0.41401366045823274,-0.36888598784230525
2022_04_MIN_NO,MIN,0.17386429408180393,-0.07937294945930104,6.674367019108364,0.22236171717436398,0.06034122785786167
2022_04_MIN_NO,NO,0.22236171717436398,0.06034122785786167,8.306271476405007,0.17386429408180393,-0.07937294945930104
2022_04_NE_GB,GB,-0.08697734751310442,0.12738346739271883,0.5234921351075172,-0.2754214748052313,0.2482504079869779
2022_04_NE_GB,NE,-0.2754214748052313,0.2482504079869779,4.656888395547867,-0.08697734751310442,0.12738346739271883
2022_04_NYJ_PIT,NYJ,0.016287519636149425,0.01720732860418071,-5.157012379530705,-0.15649006946491362,0.0002893872528888837
2022_04_NYJ_PIT,PIT,-0.15649006946491362,0.0002893872528888837,7.1144691705703735,0.016287519636149425,0.01720732860418071
2022_04_SEA_DET,DET,0.21698274012653396,0.19550816219831063,3.0753419185296083,0.5851382064259162,0.3947394189774059
2022_04_SEA_DET,SEA,0.5851382064259162,0.3947394189774059,13.11806399246742,0.21698274012653396,0.19550816219831063
2022_04_TEN_IND,IND,0.24054568663633447,-0.6440885088889879,4.664951645665699,0.03421493359324579,0.08481625174728992
2022_04_TEN_IND,TEN,0.03421493359324579,0.08481625174728992,9.470296189898537,0.24054568663633447,-0.6440885088889879
2022_04_WAS_DAL,DAL,0.2726032775614668,-0.41479212110737407,-7.8718271393042345,-0.37516081182820277,-0.09390512149332574
2022_04_WAS_DAL,WAS,-0.37516081182820277,-0.09390512149332574,-6.166894398629665,0.2726032775614668,-0.41479212110737407
2022_05_ATL_TB,ATL,-0.04025466154602009,0.15172750006654653,-6.350860744714737,0.3051613088989228,-0.21006406113571888
2022_05_ATL_TB,TB,0.3051613088989228,-0.21006406113571888,0.7075718641281128,-0.04025466154602009,0.15172750006654653
2022_05_CHI_MIN,CHI,0.2547090522558539,-0.36450586039864113,2.3953582559313094,0.36616811334695876,0.027101779483049978
2022_05_CHI_MIN,MIN,0.36616811334695876,0.027101779483049978,7.591836880414914,0.2547090522558539,-0.36450586039864113
2022_05_CIN_BAL,BAL,-0.13968918558380403,0.11627989492003665,4.638587379897082,-0.06410009647986949,0.14736434009197788
2022_05_CIN_BAL,CIN,-0.06410009647986949,0.14736434009197788,-1.5256566159865435,-0.13968918558380403,0.11627989492003665
2022_05_DAL_LA,DAL,-0.35092655338551476,-0.050641242481905095,-5.060111545026302,-0.2740595928103086,-0.40978362225723686
2022_05_DAL_LA,LA,-0.2740595928103086,-0.40978362225723686,-1.3363451475188846,-0.35092655338551476,-0.050641242481905095
2022_05_DET_NE,DET,-0.49862219769047667,-0.24814421634800965,0.6835004975718837,0.373971904585703,-0.0693370238781982
2022_05_DET_NE,NE,0.373971904585703,-0.0693370238781982,13.202619552612305,-0.49862219769047667,-0.24814421634800965
2022_05_HOU_JAX,HOU,-0.07044394031112343,-0.050106607273620464,-1.7401573558648427,-0.12207630053951174,-0.12677276299243956
2022_05_HOU_JAX,JAX,-0.12207630053951174,-0.12677276299243956,-10.698282752524722,-0.07044394031112343,-0.050106607273620464
2022_05_IND_DEN,DEN,-0.21295482254867795,-0.17815085584181362,-8.439243428016963,-0.2804152526898174,-0.12382598416073821
2022_05_IND_DEN,IND,-0.2804152526898174,-0.12382598416073821,2.9908047782050238,-0.21295482254867795,-0.17815085584181362
2022_05_LAC_CLE,CLE,0.2984039734950521,0.04698250814870899,4.218448605388403,0.1983756168193425,0.3952800920213059
2022_05_LAC_CLE,LAC,0.1983756168193425,0.3952800920213059,0.2662697524735422,0.2984039734950521,0.04698250814870899
2022_05_LV_KC,KC,0.3022847046580853,-0.06342343160649762,1.9614888798622858,0.33638504995855795,-0.038940543764977686
2022_05_LV_KC,LV,0.33638504995855795,-0.038940543764977686,8.01311124254156,0.3022847046580853,-0.06342343160649762
2022_05_MIA_NYJ,MIA,-0.27862827669046447,0.14502613598705028,-3.210231475532055,0.218343195300644,0.14502581743484674
2022_05_MIA_NYJ,NYJ,0.218343195300644,0.14502581743484674,0.6028362682887486,-0.27862827669046447,0.14502613598705028
2022_05_NYG_GB,GB,0.16318692098693638,0.05757554295123555,-2.4850547313690186,0.4827567854141769,-0.0020289624305475863
2022_05_NYG_GB,NYG,0.4827567854141769,-0.0020289624305475863,11.300029548314901,0.16318692098693638,0.05757554295123555
2022_05_PHI_ARI,ARI,0.16554517693603735,-0.051039273579730295,1.829055108522114,0.12475311875282144,0.0885232561568339
2022_05_PHI_ARI,PHI,0.12475311875282144,0.0885232561568339,1.075596406179316,0.16554517693603735,-0.051039273579730295
2022_05_PIT_BUF,BUF,0.4516663338240008,0.14735494167633498,-0.3224215573734707,-0.06499153623198253,-0.3125659858487779
2022_05_PIT_BUF,PIT,-0.06499153623198253,-0.3125659858487779,1.3903942178277409,0.4516663338240008,0.14735494167633498
2022_05_SEA_NO,NO,0.005848866543359021,0.16239341089419673,-0.5623552799224854,0.09967912141475155,-0.12953136421805517
2022_05_SEA_NO,SEA,0.09967912141475155,-0.12953136421805517,2.2066564609607062,0.005848866543359021,0.16239341089419673
2022_05_SF_CAR,CAR,-0.26258745829935065,-0.04494445608686166,-4.763588681817055,0.4552972642093811,0.044631374224471596
2022_05_SF_CAR,SF,0.4552972642093811,0.044631374224471596,-5.8723051349322,-0.26258745829935065,-0.04494445608686166
2022_05_TEN_WAS,TEN,-0.059059029241325334,0.02339278573955169,5.1537783897441365,0.05143509841241695,-0.3188033836191693
2022_05_TEN_WAS,WAS,0.05143509841241695,-0.3188033836191693,1.469611155020224,-0.059059029241325334,0.02339278573955169
2022_06_ARI_SEA,ARI,-0.25940981848094996,-0.09338562908912233,0.5603321724467807,-0.046809239571571376,-0.2921126926343755
2022_06_ARI_SEA,SEA,-0.046809239571571376,-0.2921126926343755,-2.9719106356302896,-0.25940981848094996,-0.09338562908912233
2022_06_BAL_NYG,BAL,0.02139382426968275,0.2430612364816783,-7.810871158876727,0.31493382389993224,-0.09814241762311819
2022_06_BAL_NYG,NYG,0.31493382389993224,-0.09814241762311819,9.880761504173279,0.02139382426968275,0.2430612364816783
2022_06_BUF_KC,BUF,0.3065215144792335,-0.14217142320838042,5.17005371420007,0.1331372110778493,-0.27180134043945664
2022_06_BUF_KC,KC,0.1331372110778493,-0.27180134043945664,1.8451128687177385,0.3065215144792335,-0.14217142320838042
2022_06_CAR_LA,CAR,-0.5629362244995187,-0.10874694728991016,-16.345901432491484,0.08645591226397532,-0.12650867212089775
2022_06_CAR_LA,LA,0.08645591226397532,-0.12650867212089775,8.306047608775478,-0.5629362244995187,-0.10874694728991016
2022_06_CIN_NO,CIN,0.3180279559982345,0.16418632711495526,6.43404804997974,0.06872068333148117,0.11758221833288725
2022_06_CIN_NO,NO,0.06872068333148117,0.11758221833288725,-6.358889995082732,0.3180279559982345,0.16418632711495526
2022_06_DAL_PHI,DAL,-0.19492153674760604,0.16378239527917826,-17.277889879974158,0.1500087128331264,-0.06772325560962923
2022_06_DAL_PHI,PHI,0.1500087128331264,-0.06772325560962923,-5.299765142527494,-0.19492153674760604,0.16378239527917826
2022_06_DEN_LAC,DEN,-0.0862825628781209,-0.12921240928963842,-4.908023715019226,-0.10851155192946807,-0.09021387023788591
2022_06_DEN_LAC,LAC,-0.10851155192946807,-0.09021387023788591,-5.2796947956085205,-0.0862825628781209,-0.12921240928963842
2022_06_JAX_IND,IND,0.3073100681479599,-0.059127851003287914,3.612009116581508,0.16041342251429394,0.3387155871286297
2022_06_JAX_IND,JAX,0.16041342251429394,0.3387155871286297,15.334389291026376,0.3073100681479599,-0.059127851003287914
2022_06_MIN_MIA,MIA,-0.07675880538161789,-0.47451298528865565,0.26320066716935897,-0.09287810125309291,-0.057007476908620444
2022_06_MIN_MIA,MIN,-0.09287810125309291,-0.057007476908620444,1.3035392122609275,-0.07675880538161789,-0.47451298528865565
2022_06_NE_CLE,CLE,-0.20003732300930116,-0.4217764282363624,-9.05688859167553,0.3193055035144369,0.03419690729114572
2022_06_NE_CLE,NE,0.3193055035144369,0.03419690729114572,9.834722357411538,-0.20003732300930116,-0.4217764282363624
2022_06_NYJ_GB,GB,-0.24256474959250812,-0.3618071616810787,-4.37310818921436,-0.2764790720006464,0.2108133640664164
2022_06_NYJ_GB,NYJ,-0.2764790720006464,0.2108133640664164,-9.774994674850912,-0.24256474959250812,-0.3618071616810787
2022_06_SF_ATL,ATL,0.37510322630834325,-0.015583428028875437,19.393275465284074,0.02678841087811937,-0.6874258496798575
2022_06_SF_ATL,SF,0.02678841087811937,-0.6874258496798575,-0.6857507112549572,0.37510322630834325,-0.015583428028875437
2022_06_TB_PIT,PIT,0.26008288258424117,-0.2909974408976268,4.984492615417198,0.1880906803670911,-0.14755669437969723
2022_06_TB_PIT,TB,0.1880906803670911,-0.14755669437969723,0.7883790779758144,0.26008288258424117,-0.2909974408976268
2022_06_WAS_CHI,CHI,-0.18050136643254922,0.050408595577917166,-6.0833086761144495,-0.21318317669578218,0.07743017823278048
2022_06_WAS_CHI,WAS,-0.21318317669578218,0.07743017823278048,-16.338907317681745,-0.18050136643254922,0.050408595577917166
2022_07_ATL_CIN,ATL,0.05682175705580795,0.0014214326499943407,3.7149044374624887,0.5688711336654105,0.017966962326318024
2022_07_ATL_CIN,CIN,0.5688711336654105,0.017966962326318024,14.742475748062134,0.05682175705580795,0.0014214326499943407
2022_07_CHI_NE,CHI,0.1612499116990247,0.12067703534278393,-1.2561982586270286,-0.23857462470186874,-0.338850515615195
2022_07_CHI_NE,NE,-0.23857462470186874,-0.338850515615195,-6.938516987221582,0.1612499116990247,0.12067703534278393
2022_07_CLE_BAL,BAL,-0.1186428707293393,-0.014324369620270573,-10.159978084266186,0.035939340694426544,0.18137775935677133
2022_07_CLE_BAL,CLE,0.035939340694426544,0.18137775935677133,17.50530183315277,-0.1186428707293393,-0.014324369620270573
2022_07_DET_DAL,DAL,0.21579591140917112,-0.11975949257843821,10.018054008483887,-0.2768599355067668,-0.3612230390896842
2022_07_DET_DAL,DET,-0.2768599355067668,-0.3612230390896842,9.261988878250122,0.21579591140917112,-0.11975949257843821
2022_07_GB_WAS,GB,0.004467462137108668,-0.17701111276311657,-4.4859800374869145,-0.00574340975110146,-0.06189495220774246
2022_07_GB_WAS,WAS,-0.00574340975110146,-0.06189495220774246,-2.3917144164443016,0.004467462137108668,-0.17701111276311657
2022_07_HOU_LV,HOU,0.07315500426058975,0.029002906893805157,-0.011628270149230957,0.438752390919113,0.199778573482763
2022_07_HOU_LV,LV,0.438752390919113,0.199778573482763,7.707030268815847,0.07315500426058975,0.029002906893805157
2022_07_IND_TEN,IND,-0.2951770880210656,0.02157135456582182,9.611333288797518,0.18545455957901535,-0.27768522062976164
2022_07_IND_TEN,TEN,0.18545455957901535,-0.27768522062976164,-0.6211115419864655,-0.2951770880210656,0.02157135456582182
2022_07_KC_SF,KC,0.6228752927864505,0.22895864391772958,5.961306919069851,0.024537825896143266,-0.007026124659681781
2022_07_KC_SF,SF,0.024537825896143266,-0.007026124659681781,-3.720387103764907,0.6228752927864505,0.22895864391772958
2022_07_NO_ARI,ARI,0.19494792521315002,0.14564269554467008,-1.190057294122104,0.10464038760898736,-0.12971792185433312
2022_07_NO_ARI,NO,0.10464038760898736,-0.12971792185433312,0.12050342300663823,0.19494792521315002,0.14564269554467008
2022_07_NYG_JAX,JAX,0.2259476366468334,-0.16521858809391657,-11.598086703655332,0.18938256506115292,0.1808751324843217
2022_07_NYG_JAX,NYG,0.18938256506115292,0.1808751324843217,-2.6526078067976853,0.2259476366468334,-0.16521858809391657
2022_07_NYJ_DEN,DEN,-0.19419624037127672,0.02984169507519631,-9.252744581964281,-0.22646209838869727,-0.0010328152906310766
2022_07_NYJ_DEN,NYJ,-0.22646209838869727,-0.0010328152906310766,-4.238654608311861,-0.19419624037127672,0.02984169507519631
2022_07_PIT_MIA,MIA,0.1304597621459384,-0.3016885591660748,-6.210083961486816,-0.13937653981957274,-0.16542813416295263
2022_07_PIT_MIA,PIT,-0.13937653981957274,-0.16542813416295263,8.455490462836766,0.1304597621459384,-0.3016885591660748
2022_07_SEA_LAC,LAC,-0.1418912348483484,-0.6386115391214844,-4.893636645055285,0.27921641921062035,0.02508281533664558
2022_07_SEA_LAC,SEA,0.27921641921062035,0.02508281533664558,10.882069285099323,-0.1418912348483484,-0.6386115391214844
2022_07_TB_CAR,CAR,0.2290815000027499,0.05612238521765297,10.714196165402731,-0.07154775728203054,-0.48482573333506784
2022_07_TB_CAR,TB,-0.07154775728203054,-0.48482573333506784,-1.9431795924901962,0.2290815000027499,0.05612238521765297
2022_08_ARI_MIN,ARI,-0.007325551188582625,-0.16234026476360516,-1.3574132392572802,-0.03340499067909677,0.03527153091703507
2022_08_ARI_MIN,MIN,-0.03340499067909677,0.03527153091703507,7.679807274572311,-0.007325551188582625,-0.16234026476360516
2022_08_BAL_TB,BAL,0.02265563375721922,0.30197311099015584,11.111223872970132,0.15080764638015948,-0.013762611504830416
2022_08_BAL_TB,TB,0.15080764638015948,-0.013762611504830416,-4.528051685719263,0.02265563375721922,0.30197311099015584
2022_08_CAR_ATL,ATL,0.20232182108091673,-0.1131167239738858,6.40126360314233,0.0024256060036370016,0.12480581861486974
2022_08_CAR_ATL,CAR,0.0024256060036370016,0.12480581861486974,-9.84184423254596,0.20232182108091673,-0.1131167239738858
2022_08_CHI_DAL,CHI,-0.10647862090917519,0.15029781993773833,10.81644542839216,0.5259174032377943,0.36456499906489626
2022_08_CHI_DAL,DAL,0.5259174032377943,0.36456499906489626,10.861051082611084,-0.10647862090917519,0.15029781993773833
2022_08_CIN_CLE,CIN,-0.15789638688742286,0.05049313362687826,2.927129496546353,0.40495614250237744,0.06663034637668712
2022_08_CIN_CLE,CLE,0.40495614250237744,0.06663034637668712,22.263013422489166,-0.15789638688742286,0.05049313362687826
2022_08_DEN_JAX,DEN,0.12791298332312556,-0.12145173701775583,3.5436955782083364,-0.3097917351706702,0.19096082876168305
2022_08_DEN_JAX,JAX,-0.3097917351706702,0.19096082876168305,-8.473132124968938,0.12791298332312556,-0.12145173701775583
2022_08_GB_BUF,BUF,0.2241990950339251,0.017362556129228324,-9.546531200408936,-0.013799711318162163,0.13555377740995028
2022_08_GB_BUF,GB,-0.013799711318162163,0.13555377740995028,-0.26813277910495625,0.2241990950339251,0.017362556129228324
2022_08_LV_NO,LV,-0.2761042150721716,-0.6104240076134114,-8.479898633101048,0.3650347972438207,-0.006397114702849649
2022_08_LV_NO,NO,0.3650347972438207,-0.006397114702849649,1.9774014751116435,-0.2761042150721716,-0.6104240076134114
2022_08_MIA_DET,DET,0.23586085482680552,0.08448849595458198,1.0714886961756527,0.5322534875529102,-0.06304044117290608
2022_08_MIA_DET,MIA,0.5322534875529102,-0.06304044117290608,19.852678214802463,0.23586085482680552,0.08448849595458198
2022_08_NE_NYJ,NE,-0.03741453171289683,-0.2693845266029169,2.238911669701338,-0.053722497017373194,-0.3374347587232478
2022_08_NE_NYJ,NYJ,-0.053722497017373194,-0.3374347587232478,-5.108054332873401,-0.03741453171289683,-0.2693845266029169
2022_08_NYG_SEA,NYG,0.010130301282558919,-0.23114126293337903,-12.806823561268468,-0.07796887091758427,-0.08180423864872534
2022_08_NYG_SEA,SEA,-0.07796887091758427,-0.08180423864872534,6.508180047526504,0.010130301282558919,-0.23114126293337903
2022_08_PIT_PHI,PHI,0.40703022710092934,0.24336709892959335,1.654232144355774,-0.2515961214359035,0.4277997938566841
2022_08_PIT_PHI,PIT,-0.2515961214359035,0.4277997938566841,0.970374271273613,0.40703022710092934,0.24336709892959335
2022_08_SF_LA,LA,0.08956541085468703,-0.31718744836306495,-5.46603687107563,0.6317568607169123,0.0004401547072726923
2022_08_SF_LA,SF,0.6317568607169123,0.0004401547072726923,14.751210923378284,0.08956541085468703,-0.31718744836306495
2022_08_TEN_HOU,HOU,-0.38098906950631595,-0.30376286472164793,-12.061013380686441,-0.729738921710243,0.32078475691378117
2022_08_TEN_HOU,TEN,-0.729738921710243,0.32078475691378117,1.7016205936670303,-0.38098906950631595,-0.30376286472164793
2022_08_WAS_IND,IND,0.01647792708301436,-0.2660781151414252,7.889848299648451,0.040192391527756686,-0.24142063233075137
2022_08_WAS_IND,WAS,0.040192391527756686,-0.24142063233075137,4.313149452209473,0.01647792708301436,-0.2660781151414252
2022_09_BAL_NO,BAL,0.16851283133481168,0.1206352036842429,-13.601844012737274,-0.10427039583387238,-0.34112264279198523
2022_09_BAL_NO,NO,-0.10427039583387238,-0.34112264279198523,1.1593669652938843,0.16851283133481168,0.1206352036842429
2022_09_BUF_NYJ,BUF,-0.207999394634005,0.36224440583931994,-8.34578749808398,0.05262816683457763,0.07758041374355314
2022_09_BUF_NYJ,NYJ,0.05262816683457763,0.07758041374355314,4.715212931235631,-0.207999394634005,0.36224440583931994
2022_09_CAR_CIN,CAR,-0.03303171253446635,0.02092800774399246,-10.028708775838217,0.3222910033090688,0.4589805105910322
2022_09_CAR_CIN,CIN,0.3222910033090688,0.4589805105910322,13.49350760380427,-0.03303171253446635,0.02092800774399246
2022_09_GB_DET,DET,0.05042365970740352,-0.21133097143001214,-17.65383134285609,-0.13630591459817615,-0.12253706723207697
2022_09_GB_DET,GB,-0.13630591459817615,-0.12253706723207697,-4.740061014890671,0.05042365970740352,-0.21133097143001214
2022_09_IND_NE,IND,-0.5888357115853753,-0.5863216776601298,-16.17114863225392,-0.37729776866704445,-0.28518132057693685
2022_09_IND_NE,NE,-0.37729776866704445,-0.28518132057693685,-0.6701986337530201,-0.5888357115853753,-0.5863216776601298
2022_09_LAC_ATL,ATL,-0.31243136261983057,0.21946193052709156,-7.1926044381183125,0.08547382269424676,-0.14310877120118334
2022_09_LAC_ATL,LAC,0.08547382269424676,-0.14310877120118334,-1.4344064995299939,-0.31243136261983057,0.21946193052709156
2022_09_LA_TB,LA,-0.09767348621014374,-0.23929738537430098,-13.508521306973238,-0.05381735862813931,-0.4459427625880719
2022_09_LA_TB,TB,-0.05381735862813931,-0.4459427625880719,-5.422011613845825,-0.09767348621014374,-0.23929738537430098
2022_09_LV_JAX,JAX,0.5296847655426973,-0.17577682598760305,17.857373891205622,0.18057517469364512,-0.2733406549989013
2022_09_LV_JAX,LV,0.18057517469364512,-0.2733406549989013,-7.807883620262146,0.5296847655426973,-0.17577682598760305
2022_09_MIA_CHI,CHI,0.2754608065524658,0.08519355001953954,-3.722935363098427,0.7190732193493304,-0.19675741132079183
2022_09_MIA_CHI,MIA,0.7190732193493304,-0.19675741132079183,10.105677719773917,0.2754608065524658,0.08519355001953954
2022_09_MIN_WAS,MIN,0.05154189517769217,-0.26754245844446684,-1.1756671544833062,-0.24231367065564224,0.07617875182096703
2022_09_MIN_WAS,WAS,-0.24231367065564224,0.07617875182096703,-9.450863416378315,0.05154189517769217,-0.26754245844446684
2022_09_PHI_HOU,HOU,-0.18745121722286318,0.023081800194882693,-5.676218299638657,0.230988742423316,0.15639341460597436
2022_09_PHI_HOU,PHI,0.230988742423316,0.15639341460597436,15.391002774238586,-0.18745121722286318,0.023081800194882693
2022_09_SEA_ARI,ARI,-0.07909986270630422,-0.1907089532566412,1.0584137656471946,0.039552364500578835,0.14880184154608286
2022_09_SEA_ARI,SEA,0.039552364500578835,0.14880184154608286,7.3150658048689365,-0.07909986270630422,-0.1907089532566412
2022_09_TEN_KC,KC,0.09646711366227043,-0.3201747467437526,-1.2164290393552473,-0.27424482647936954,0.07649669778953712
2022_09_TEN_KC,TEN,-0.27424482647936954,0.07649669778953712,-21.826747059822083,0.09646711366227043,-0.3201747467437526
2022_10_ARI_LA,ARI,0.12992026196332604,-0.11466541444177207,3.446721604892186,-0.34008329112519986,0.06974525198700184
2022_10_ARI_LA,LA,-0.34008329112519986,0.06974525198700184,-3.544796640808518,0.12992026196332604,-0.11466541444177207
2022_10_ATL_CAR,ATL,-0.10274871422887755,-0.20489492823253386,6.704985376062064,-0.08451880004630621,0.0811060182344642
2022_10_ATL_CAR,CAR,-0.08451880004630621,0.0811060182344642,-6.534609384834766,-0.10274871422887755,-0.20489492823253386
2022_10_CLE_MIA,CLE,0.002950459946615247,-0.2048245808968204,0.8335589486009934,0.5345953099197449,0.2618049165825101
2022_10_CLE_MIA,MIA,0.5345953099197449,0.2618049165825101,9.004691785032099,0.002950459946615247,-0.2048245808968204
2022_10_DAL_GB,DAL,-0.10457517161907162,0.15451136985740793,-4.478565603494644,0.33641175421900243,0.1477088589974875
2022_10_DAL_GB,GB,0.33641175421900243,0.1477088589974875,11.04288775669901,-0.10457517161907162,0.15451136985740793
2022_10_DEN_TEN,DEN,-0.022305023491334258,-0.16446017644921085,-9.95285961872492,0.13360680852646145,-0.5016891217568297
2022_10_DEN_TEN,TEN,0.13360680852646145,-0.5016891217568297,-15.691849340995153,-0.022305023491334258,-0.16446017644921085
2022_10_DET_CHI,CHI,-0.05932398393525983,0.1341723754175642,3.110443221198188,0.5912085575649535,-0.2866098803019018
2022_10_DET_CHI,DET,0.5912085575649535,-0.2866098803019018,4.153426885604858,-0.05932398393525983,0.1341723754175642
2022_10_HOU_NYG,HOU,0.08991556100498642,-0.24411008802646966,-5.360804216281788,0.5671491150424117,-0.09690969436560846
2022_10_HOU_NYG,NYG,0.5671491150424117,-0.09690969436560846,3.765855817233815,0.08991556100498642,-0.24411008802646966
2022_10_IND_LV,IND,0.13543542610110426,0.14932333953882374,2.2048806702649153,0.04047309885308443,-0.31393236280732356
2022_10_IND_LV,LV,0.04047309885308443,-0.31393236280732356,-8.722468191071561,0.13543542610110426,0.14932333953882374
2022_10_JAX_KC,JAX,0.10175863088712744,-0.19799570782253376,6.4788268162654,0.5890432540384098,-0.3305726501386657
2022_10_JAX_KC,KC,0.5890432540384098,-0.3305726501386657,6.86005345412663,0.10175863088712744,-0.19799570782253376
2022_10_LAC_SF,LAC,-0.10380436845169207,-0.14150315142303174,-6.497187614440918,0.12214134726608021,-0.00828596955600761
2022_10_LAC_SF,SF,0.12214134726608021,-0.00828596955600761,-2.3674067642007555,-0.10380436845169207,-0.14150315142303174
2022_10_MIN_BUF,BUF,0.1605178467265468,-0.5930227412634691,6.338263212180719,0.08612080191797047,-0.011164051070491869
2022_10_MIN_BUF,MIN,0.08612080191797047,-0.011164051070491869,-2.5901591181755066,0.1605178467265468,-0.5930227412634691
2022_10_NO_PIT,NO,-0.07854547701894947,-0.7294258532929234,-5.348950411592211,0.14860837051613748,0.0551191473534441
2022_10_NO_PIT,PIT,0.14860837051613748,0.0551191473534441,3.52344810962677,-0.07854547701894947,-0.7294258532929234
2022_10_SEA_TB,SEA,0.1422764434721933,-0.519739369628951,5.530775857694222,0.3631167321715097,0.018649654607686802
2022_10_SEA_TB,TB,0.3631167321715097,0.018649654607686802,8.543969228349884,0.1422764434721933,-0.519739369628951
2022_10_WAS_PHI,PHI,-0.2606514508932315,0.09249187747038723,-0.8244115114212036,0.05825578771620464,0.06359438544124081
2022_10_WAS_PHI,WAS,0.05825578771620464,0.06359438544124081,6.85555362701416,-0.2606514508932315,0.09249187747038723
2022_11_CAR_BAL,BAL,-0.2377135100710381,-0.02980102067170986,0.20126765593886375,-0.3855074306106474,-0.3506100009117896
2022_11_CAR_BAL,CAR,-0.3855074306106474,-0.3506100009117896,-3.007736225281992,-0.2377135100710381,-0.02980102067170986
2022_11_CHI_ATL,ATL,0.051889386938158845,-0.03394248173348247,-0.8762429157892863,0.17237791839424116,-0.10855117064122138
2022_11_CHI_ATL,CHI,0.17237791839424116,-0.10855117064122138,5.972134596423099,0.051889386938158845,-0.03394248173348247
2022_11_CIN_PIT,CIN,0.29306761867091896,-0.05138286286735086,-1.1195956049738705,-0.006102360781300238,-0.0546570025361143
2022_11_CIN_PIT,PIT,-0.006102360781300238,-0.0546570025361143,2.6883854677802637,0.29306761867091896,-0.05138286286735086
2022_11_CLE_BUF,BUF,0.19206365557484306,-0.0030340838852644103,2.9397120078404746,0.44217372505598657,-0.7022088904367675
2022_11_CLE_BUF,CLE,0.44217372505598657,-0.7022088904367675,5.770698801065103,0.19206365557484306,-0.0030340838852644103
2022_11_DAL_MIN,DAL,0.5886971230630991,-0.0100753601675791,12.897963722546896,-0.39277789918238826,-0.22704554914483144
2022_11_DAL_MIN,MIN,-0.39277789918238826,-0.22704554914483144,-9.277403780392238,0.5886971230630991,-0.0100753601675791
2022_11_DET_NYG,DET,0.11948890828480101,0.1163125253703637,-0.2765929698944092,-0.045665541481025196,-0.0017278679224546067
2022_11_DET_NYG,NYG,-0.045665541481025196,-0.0017278679224546067,1.2188779562711716,0.11948890828480101,0.1163125253703637
2022_11_KC_LAC,KC,0.3650357045282366,0.04129715392898246,0.7358161672469108,0.11107822002187338,0.051293693333198984
2022_11_KC_LAC,LAC,0.11107822002187338,0.051293693333198984,10.825358999186548,0.3650357045282366,0.04129715392898246
2022_11_LA_NO,LA,-0.03876674979291872,-0.04231991506552462,-6.634884741571215,0.28312018214615786,-0.1364023495597117
2022_11_LA_NO,NO,0.28312018214615786,-0.1364023495597117,11.194828373414499,-0.03876674979291872,-0.04231991506552462
2022_11_LV_DEN,DEN,0.17205539189537497,-0.16251924975626203,16.559728873627527,0.19951713986464778,-0.07158246317854253
2022_11_LV_DEN,LV,0.19951713986464778,-0.07158246317854253,-3.1477324060491614,0.17205539189537497,-0.16251924975626203
2022_11_NYJ_NE,NE,-0.08216962964117298,-0.3050689543727866,9.806888081409314,-0.3073779248128024,-0.5251759760285495
2022_11_NYJ_NE,NYJ,-0.3073779248128024,-0.5251759760285495,-22.353370189666748,-0.08216962964117298,-0.3050689543727866
2022_11_PHI_IND,IND,-0.09681424986412748,-0.2909927545957284,0.5957802457194175,-0.29426259102900243,0.04691161801043387
2022_11_PHI_IND,PHI,-0.29426259102900243,0.04691161801043387,9.174620846043462,-0.09681424986412748,-0.2909927545957284
2022_11_SF_ARI,ARI,-0.14403503140767387,-0.2126099334603747,3.672127425670624,0.5145170704546405,0.16198346308038497
2022_11_SF_ARI,SF,0.5145170704546405,0.16198346308038497,0.4171449562598919,-0.14403503140767387,-0.2126099334603747
2022_11_TEN_GB,GB,0.06609960167950531,-0.2656425682303961,-0.4999771311476424,0.5526981529358582,-0.09108163939752809
2022_11_TEN_GB,TEN,0.5526981529358582,-0.09108163939752809,24.324086749995196,0.06609960167950531,-0.2656425682303961
2022_11_WAS_HOU,HOU,-0.35577627181307847,-0.5046431411442777,-8.35101818665862,0.05835111658081896,-0.1377978515251695
2022_11_WAS_HOU,WAS,0.05835111658081896,-0.1377978515251695,1.1930285588554714,-0.35577627181307847,-0.5046431411442777
2022_12_ATL_WAS,ATL,-0.18154902927939334,0.17228164364989365,-4.430620496471723,0.03554540537502623,0.10100696638408846
2022_12_ATL_WAS,WAS,0.03554540537502623,0.10100696638408846,-2.758466520092704,-0.18154902927939334,0.17228164364989365
2022_12_BAL_JAX,BAL,0.2806728175512643,-0.11858206359864844,-6.156898190577825,0.3539566666864618,-0.6027224020707715
2022_12_BAL_JAX,JAX,0.3539566666864618,-0.6027224020707715,11.614100916965588,0.2806728175512643,-0.11858206359864844
2022_12_BUF_DET,BUF,0.09828258426835158,0.1859125854168113,-4.1862397621839476,0.17535051866657655,-0.03427244352690565
2022_12_BUF_DET,DET,0.17535051866657655,-0.03427244352690565,-3.1907149723597934,0.09828258426835158,0.1859125854168113
2022_12_CHI_NYJ,CHI,-0.2570797927478248,0.09630244760358307,-6.454069415728251,0.4851421655667544,-0.01580952722360962
2022_12_CHI_NYJ,NYJ,0.4851421655667544,-0.01580952722360962,8.604693306343895,-0.2570797927478248,0.09630244760358307
2022_12_CIN_TEN,CIN,0.1701063258936625,-0.1308643080673868,-7.248658852444755,0.184593454794613,-0.2341772406055641
2022_12_CIN_TEN,TEN,0.184593454794613,-0.2341772406055641,0.39948943783255186,0.1701063258936625,-0.1308643080673868
2022_12_DEN_CAR,CAR,0.252149630978435,-0.027798448715883994,4.99993036775028,-0.24899085809041813,-0.07029280289122344
2022_12_DEN_CAR,DEN,-0.24899085809041813,-0.07029280289122344,-1.1943898629397154,0.252149630978435,-0.027798448715883994
2022_12_GB_PHI,GB,0.2693936976766972,0.07724388339556754,0.8728744983673096,0.06777682919780653,0.31337397334419276
2022_12_GB_PHI,PHI,0.06777682919780653,0.31337397334419276,-2.8015947341918945,0.2693936976766972,0.07724388339556754
2022_12_HOU_MIA,HOU,-0.4804188029345497,-0.05387125429897928,-4.851921451719184,0.0980763109718046,-0.5193890538463496
2022_12_HOU_MIA,MIA,0.0980763109718046,-0.5193890538463496,-2.7267325865594962,-0.4804188029345497,-0.05387125429897928
2022_12_LAC_ARI,ARI,0.3425756521353419,-0.2681535664571333,0.21860069698757595,0.08769250148062517,-0.152709008124657
2022_12_LAC_ARI,LAC,0.08769250148062517,-0.152709008124657,4.8910407943928496,0.3425756521353419,-0.2681535664571333
2022_12_LA_KC,KC,0.2472696816792611,-0.09744335997094623,4.81120863476315,-0.2155185121499623,-0.24227971589808808
2022_12_LA_KC,LA,-0.2155185121499623,-0.24227971589808808,-8.92526643971602,0.2472696816792611,-0.09744335997094623
2022_12_LV_SEA,LV,0.3635997030382546,0.04809509795010823,3.606137881676356,0.24561148262442944,-0.42399681397655514
2022_12_LV_SEA,SEA,0.24561148262442944,-0.42399681397655514,6.15445077419281,0.3635997030382546,0.04809509795010823
2022_12_NE_MIN,MIN,0.30546911980225194,-0.3120055350110096,10.386603506835732,0.147687338347525,-0.1705374958154817
2022_12_NE_MIN,NE,0.147687338347525,-0.1705374958154817,10.886459691183907,0.30546911980225194,-0.3120055350110096
2022_12_NO_SF,NO,-0.07756525315404034,-0.47521636138521395,-3.3994355301062265,0.06238234513473225,-0.13764293026981939
2022_12_NO_SF,SF,0.06238234513473225,-0.13764293026981939,4.2597243914733065,-0.07756525315404034,-0.47521636138521395
2022_12_NYG_DAL,DAL,0.422071724649868,-0.07059629996800508,13.259651897282437,-0.10062477091131453,0.0605061610972154
2022_12_NYG_DAL,NYG,-0.10062477091131453,0.0605061610972154,4.485398119893567,0.422071724649868,-0.07059629996800508
2022_12_PIT_IND,IND,-0.05426998001301481,-0.27027251157889387,-1.1660978198051453,0.061995625935326155,0.14208622988503936
2022_12_PIT_IND,PIT,0.061995625935326155,0.14208622988503936,-0.2720495419842856,-0.05426998001301481,-0.27027251157889387
2022_12_TB_CLE,CLE,-0.0829552968761187,0.11496419658016582,0.29156352910730576,-0.03018349898795392,-0.02461728720809333
2022_12_TB_CLE,TB,-0.03018349898795392,-0.02461728720809333,1.6063595811525981,-0.0829552968761187,0.11496419658016582
2022_13_BUF_NE,BUF,0.33021344023298965,-0.022030257901567363,3.5062553304614443,0.013578144010830327,-0.14547205626373538
2022_13_BUF_NE,NE,0.013578144010830327,-0.14547205626373538,-5.07390674422769,0.33021344023298965,-0.022030257901567363
2022_13_CLE_HOU,CLE,-0.41980910284439893,-0.11265265498170882,-13.512844698769706,-0.4607013621139988,-0.3157168365357234
2022_13_CLE_HOU,HOU,-0.4607013621139988,-0.3157168365357234,-13.480829145457294,-0.41980910284439893,-0.11265265498170882
2022_13_DEN_BAL,BAL,-0.16605696415915072,0.008710806588748132,12.869968016942343,0.07443591591829887,-0.3312302789354981
2022_13_DEN_BAL,DEN,0.07443591591829887,-0.3312302789354981,15.959630977539788,-0.16605696415915072,0.008710806588748132
2022_13_GB_CHI,CHI,-0.09877855353031992,0.33005897372948845,14.459285616874695,0.2139178184732227,0.23263796854459134
2022_13_GB_CHI,GB,0.2139178184732227,0.23263796854459134,-3.1375948091348014,-0.09877855353031992,0.33005897372948845
2022_13_IND_DAL,DAL,0.1905827334262713,0.3084043004433624,-4.5279282331466675,-0.3916226368737128,-0.1119017764857095
2022_13_IND_DAL,IND,-0.3916226368737128,-0.1119017764857095,-10.391912971224103,0.1905827334262713,0.3084043004433624
2022_13_JAX_DET,DET,0.473065122700344,-0.03412750007037234,4.645472764968872,-0.054386229312084214,-0.17448480600796756
2022_13_JAX_DET,JAX,-0.054386229312084214,-0.17448480600796756,-10.038588354081819,0.473065122700344,-0.03412750007037234
2022_13_KC_CIN,CIN,0.4416083035528363,-0.07949788720621395,10.63936420025364,0.2062235387359732,0.2605862919906782
2022_13_KC_CIN,KC,0.2062235387359732,0.2605862919906782,5.602088246656501,0.4416083035528363,-0.07949788720621395
2022_13_LAC_LV,LAC,-0.1790281014729256,0.14777234143663295,-4.323235485288832,-0.192796518814555,0.09115707438342788
2022_13_LAC_LV,LV,-0.192796518814555,0.09115707438342788,-5.605456343403569,-0.1790281014729256,0.14777234143663295
2022_13_MIA_SF,MIA,-0.3868142039246369,-0.136506581472026,-9.637133777141571,0.08713498322972384,-0.08471646413370552
2022_13_MIA_SF,SF,0.08713498322972384,-0.08471646413370552,-1.385098323225975,-0.3868142039246369,-0.136506581472026
2022_13_NO_TB,NO,0.1966961431874736,-0.29430058527970687,9.831101873091288,0.04257141644451058,-0.09881319265987258
2022_13_NO_TB,TB,0.04257141644451058,-0.09881319265987258,-2.015012783824273,0.1966961431874736,-0.29430058527970687
2022_13_NYJ_MIN,MIN,0.02764863368694428,0.013834666686598211,-2.874636017914974,-0.12468638428895222,0.1798477462788983
2022_13_NYJ_MIN,NYJ,-0.12468638428895222,0.1798477462788983,-9.750625057653947,0.02764863368694428,0.013834666686598211
2022_13_PIT_ATL,ATL,-0.19961480245791297,0.11538362167855917,-5.318248892823855,0.3228845457138961,0.04594549208096313
2022_13_PIT_ATL,PIT,0.3228845457138961,0.04594549208096313,-4.90620908913789,-0.19961480245791297,0.11538362167855917
2022_13_SEA_LA,LA,-0.2275490218095047,0.23923748599501332,-8.309257507324219,0.2764019034789328,-0.0528999015718
2022_13_SEA_LA,SEA,0.2764019034789328,-0.0528999015718,6.301695833335051,-0.2275490218095047,0.23923748599501332
2022_13_TEN_PHI,PHI,0.5170047586124502,-0.02361493396973755,13.171682075450295,-0.14046698255061363,-0.3482467970032686
2022_13_TEN_PHI,TEN,-0.14046698255061363,-0.3482467970032686,-4.796221733093262,0.5170047586124502,-0.02361493396973755
2022_13_WAS_NYG,NYG,0.02089331603170607,-0.3194835071990383,15.672382818801063,0.028762410345550937,0.04216522322126871
2022_13_WAS_NYG,WAS,0.028762410345550937,0.04216522322126871,2.7126332372426987,0.02089331603170607,-0.3194835071990383
2022_14_BAL_PIT,BAL,0.002099354692756234,0.08292429095119527,-0.3272661391426535,0.13040855938958212,-0.16231443992001005
2022_14_BAL_PIT,PIT,0.13040855938958212,-0.16231443992001005,8.866123230226579,0.002099354692756234,0.08292429095119527
2022_14_CAR_SEA,CAR,0.018220977586561382,0.2645433269198336,3.074020743370056,0.0388217893877832,-0.4064884280881167
2022_14_CAR_SEA,SEA,0.0388217893877832,-0.4064884280881167,-1.3608242902490828,0.018220977586561382,0.2645433269198336
2022_14_CLE_CIN,CIN,0.014969034584162691,0.13400963621236206,-13.681080378592014,-0.12091832327494488,-0.2637966533075087
2022_14_CLE_CIN,CLE,-0.12091832327494488,-0.2637966533075087,0.2939701844484378,0.014969034584162691,0.13400963621236206
2022_14_HOU_DAL,DAL,-0.09230110282758404,0.07739581847584175,-8.40201354943789,0.27653750385713766,-0.5448851157374092
2022_14_HOU_DAL,HOU,0.27653750385713766,-0.5448851157374092,10.63373846312364,-0.09230110282758404,0.07739581847584175
2022_14_JAX_TEN,JAX,0.4199729696925715,-0.31531659588450567,4.483326134227571,-0.12557672164287456,-0.16274658590861546
2022_14_JAX_TEN,TEN,-0.12557672164287456,-0.16274658590861546,0.9431239021451849,0.4199729696925715,-0.31531659588450567
2022_14_KC_DEN,DEN,-0.025858731269441444,-0.12028321461366431,-6.080751155698022,0.1310647195765325,0.0582094916857646
2022_14_KC_DEN,KC,0.1310647195765325,0.0582094916857646,-1.525842079094478,-0.025858731269441444,-0.12028321461366431
2022_14_LV_LA,LA,0.0906391326225315,-0.4546067954246322,-6.157718335880952,-0.08083645244546594,0.08367119574422263
2022_14_LV_LA,LV,-0.08083645244546594,0.08367119574422263,-9.319402826459784,0.0906391326225315,-0.4546067954246322
2022_14_MIA_LAC,LAC,0.1282173138160403,-0.06004620672320016,7.909726972381274,-0.12561968872933416,0.10471898850846628
2022_14_MIA_LAC,MIA,-0.12561968872933416,0.10471898850846628,-24.503363917271297,0.1282173138160403,-0.06004620672320016
2022_14_MIN_DET,DET,0.41479212310833724,-0.13626231782474343,2.157139447000292,0.3447951309425766,-0.6334444098071853
2022_14_MIN_DET,MIN,0.3447951309425766,-0.6334444098071853,14.037563055753708,0.41479212310833724,-0.13626231782474343
2022_14_NE_ARI,ARI,-0.42699943018728426,0.06268999555408407,-1.4774499869928128,-0.10613683193155274,0.2201467479403965
2022_14_NE_ARI,NE,-0.10613683193155274,0.2201467479403965,-2.56124193018133,-0.42699943018728426,0.06268999555408407
2022_14_NYJ_BUF,BUF,-0.062079608457077384,-0.23624564086441519,-8.224605630945277,-0.1050791897737927,-0.35033056067312945
2022_14_NYJ_BUF,NYJ,-0.1050791897737927,-0.35033056067312945,-3.536998683756048,-0.062079608457077384,-0.23624564086441519
2022_14_PHI_NYG,NYG,-0.04342181999850501,-0.15309458794799866,3.7943615578114986,0.23254166337229862,0.6493019360240051
2022_14_PHI_NYG,PHI,0.23254166337229862,0.6493019360240051,3.9132163889946474,-0.04342181999850501,-0.15309458794799866
2022_14_TB_SF,SF,0.3830481799439959,0.026903563557425514,5.277717790820382,-0.235093762559764,-0.10301293020294157
2022_14_TB_SF,TB,-0.235093762559764,-0.10301293020294157,-1.4297288422491037,0.3830481799439959,0.026903563557425514
2022_15_ARI_DEN,ARI,-0.40545803364527544,-0.021768353798451,-13.734205237456731,-0.18194080045847996,0.07092333458165419
2022_15_ARI_DEN,DEN,-0.18194080045847996,0.07092333458165419,10.410424035329084,-0.40545803364527544,-0.021768353798451
2022_15_ATL_NO,ATL,-0.23154720025505576,0.31750173675121207,-19.467167670910175,0.5653816455964088,-0.2741729334705848
2022_15_ATL_NO,NO,0.5653816455964088,-0.2741729334705848,0.07509793105878328,-0.23154720025505576,0.31750173675121207
2022_15_BAL_CLE,BAL,-0.36909226304818543,0.09107420673916293,-8.991580669369016,0.05801552017151639,0.010815765239119661
2022_15_BAL_CLE,CLE,0.05801552017151639,0.010815765239119661,-2.0421498096906223,-0.36909226304818543,0.09107420673916293
2022_15_CIN_TB,CIN,0.1197577349622927,-0.25127021381845943,5.800935233894148,0.0714049029804918,-0.4344603712562713
2022_15_CIN_TB,TB,0.0714049029804918,-0.4344603712562713,5.479845688456581,0.1197577349622927,-0.25127021381845943
2022_15_DAL_JAX,DAL,0.12464477605535491,0.009813843820302282,14.195391635100046,0.15071401872393245,0.05433692725375295
2022_15_DAL_JAX,JAX,0.15071401872393245,0.05433692725375295,2.3501629509576936,0.12464477605535491,0.009813843820302282
2022_15_DET_NYJ,DET,0.3083944170652105,-0.3534894671601554,-5.361349301205741,0.04415003630299065,-0.2470391832334413
2022_15_DET_NYJ,NYJ,0.04415003630299065,-0.2470391832334413,-2.3851659368066227,0.3083944170652105,-0.3534894671601554
2022_15_IND_MIN,IND,-0.07135202800823444,-0.2783442733665154,-8.639787185576655,0.04090550954711755,-0.4642177303346967
2022_15_IND_MIN,MIN,0.04090550954711755,-0.4642177303346967,-7.3536607402342336,-0.07135202800823444,-0.2783442733665154
2022_15_KC_HOU,HOU,0.09542882258429039,-0.17296659332350828,-13.307717552891484,0.3219585572295504,-0.15604712739761373
2022_15_KC_HOU,KC,0.3219585572295504,-0.15604712739761373,14.864623546600342,0.09542882258429039,-0.17296659332350828
2022_15_LA_GB,GB,0.15931088619842335,0.09268825773506251,7.012476346322468,-0.060292772036572094,-0.05458658975069685
2022_15_LA_GB,LA,-0.060292772036572094,-0.05458658975069685,-7.582630217075348,0.15931088619842335,0.09268825773506251
2022_15_MIA_BUF,BUF,0.25693067289951915,0.08432362084932225,6.374444930176986,-0.04029115175171771,0.45729662132119603
2022_15_MIA_BUF,MIA,-0.04029115175171771,0.45729662132119603,-7.522146105766296,0.25693067289951915,0.08432362084932225
2022_15_NE_LV,LV,-0.10113966131492923,-0.062243473119451664,-3.4378410317003727,-0.1381793891420777,-0.011114569841279488
2022_15_NE_LV,NE,-0.1381793891420777,-0.011114569841279488,-23.693105677763622,-0.10113966131492923,-0.062243473119451664
2022_15_NYG_WAS,NYG,0.0371389507975196,0.07192343838280067,-2.8325477242469788,-0.23439131569710164,0.014548456247471872
2022_15_NYG_WAS,WAS,-0.23439131569710164,0.014548456247471872,2.9318614690392106,0.0371389507975196,0.07192343838280067
2022_15_PHI_CHI,CHI,-0.024528135424000484,-0.32541277128621005,-3.8532867318107966,-0.033248791216340626,0.09073121936620113
2022_15_PHI_CHI,PHI,-0.033248791216340626,0.09073121936620113,-1.259778399725218,-0.024528135424000484,-0.32541277128621005
2022_15_PIT_CAR,CAR,0.40021717158446657,-0.5473668270969194,12.193118898492111,0.45058985184321343,0.11394940982136993
2022_15_PIT_CAR,PIT,0.45058985184321343,0.11394940982136993,14.834241356168475,0.40021717158446657,-0.5473668270969194
2022_15_SF_SEA,SEA,-0.23018508441300672,-0.17252215994701076,2.830714786924967,0.18859889915384903,0.16102982873174673
2022_15_SF_SEA,SF,0.18859889915384903,0.16102982873174673,-4.985644496404207,-0.23018508441300672,-0.17252215994701076
2022_15_TEN_LAC,LAC,-0.1752837544055139,0.12830203502380755,2.654037036393818,-0.23036186802205397,0.017757506646578096
2022_15_TEN_LAC,TEN,-0.23036186802205397,0.017757506646578096,-3.874301451903123,-0.1752837544055139,0.12830203502380755
2022_16_ATL_BAL,ATL,-0.06282061369578183,-0.24230437800837804,2.680270133479949,-0.09797663692473842,0.07669500460155729
2022_16_ATL_BAL,BAL,-0.09797663692473842,0.07669500460155729,-1.1046318337321281,-0.06282061369578183,-0.24230437800837804
2022_16_BUF_CHI,BUF,0.021435513905695695,0.2791094499469701,1.0400665998458862,-0.22518812340675023,-0.6113117579801904
2022_16_BUF_CHI,CHI,-0.22518812340675023,-0.6113117579801904,3.194993495941162,0.021435513905695695,0.2791094499469701
2022_16_CIN_NE,CIN,0.10294218763079808,-0.14468998760578689,14.426674161638532,0.08077136954503396,-0.4092883295127346
2022_16_CIN_NE,NE,0.08077136954503396,-0.4092883295127346,4.01503280285866,0.10294218763079808,-0.14468998760578689
2022_16_DEN_LA,DEN,-0.38703065742398723,-0.15899201882711572,-8.514102241572212,0.5014995366233913,0.1298852253914921
2022_16_DEN_LA,LA,0.5014995366233913,0.1298852253914921,8.814085594245366,-0.38703065742398723,-0.15899201882711572
2022_16_DET_CAR,CAR,0.6011662413236094,0.2797719122588335,2.9012867382594516,0.3593670922361231,-0.6031904185010644
2022_16_DET_CAR,DET,0.3593670922361231,-0.6031904185010644,-2.2911272397855433,0.6011662413236094,0.2797719122588335
2022_16_GB_MIA,GB,0.08187566404030827,-0.26255747237626037,-1.46220495042048,-0.03403215804734192,-0.2168845594139947
2022_16_GB_MIA,MIA,-0.03403215804734192,-0.2168845594139947,3.5345652451117835,0.08187566404030827,-0.26255747237626037
2022_16_HOU_TEN,HOU,0.08898084197608719,-0.3450231567382746,6.8786683781393645,-0.5837323621642005,0.021347606381823425
2022_16_HOU_TEN,TEN,-0.5837323621642005,0.021347606381823425,-3.7674638628959656,0.08898084197608719,-0.3450231567382746
2022_16_JAX_NYJ,JAX,0.13380776670729952,-0.019477725139950053,-2.459257940451304,-0.2586172675275927,-0.33359843141321716
2022_16_JAX_NYJ,NYJ,-0.2586172675275927,-0.33359843141321716,-2.5203837983069883,0.13380776670729952,-0.019477725139950053
2022_16_LAC_IND,IND,-0.6452683899418684,-0.3182850431418046,-8.058896235057286,-0.1110346073994699,0.004590927627370027
2022_16_LAC_IND,LAC,-0.1110346073994699,0.004590927627370027,10.88557630777359,-0.6452683899418684,-0.3182850431418046
2022_16_LV_PIT,LV,-0.1482666229500755,-0.28911343954839847,-13.670488198598227,0.018511850332170718,-0.14703321444936956
2022_16_LV_PIT,PIT,0.018511850332170718,-0.14703321444936956,1.773406316836675,-0.1482666229500755,-0.28911343954839847
2022_16_NO_CLE,CLE,-0.4521105305474031,-0.04591550943202011,-4.66964288994118,-0.3341695574965949,-0.028123524599123383
2022_16_NO_CLE,NO,-0.3341695574965949,-0.028123524599123383,-11.565055165972028,-0.4521105305474031,-0.04591550943202011
2022_16_NYG_MIN,MIN,-0.020320284660589414,-0.003610769246925453,2.33890027441877,-0.04595042659832084,0.22709801478092284
2022_16_NYG_MIN,NYG,-0.04595042659832084,0.22709801478092284,2.7340944947266,-0.020320284660589414,-0.003610769246925453
2022_16_PHI_DAL,DAL,0.2478778396528135,-0.1404995565972058,8.145496249198914,0.38987122527677287,-0.48007290157989635
2022_16_PHI_DAL,PHI,0.38987122527677287,-0.48007290157989635,6.818172510932474,0.2478778396528135,-0.1404995565972058
2022_16_SEA_KC,KC,0.12156763166883579,-0.20165614009601995,-8.979162904951307,-0.27355780272099317,-0.019978503329310053
2022_16_SEA_KC,SEA,-0.27355780272099317,-0.019978503329310053,0.5896191847951788,0.12156763166883579,-0.20165614009601995
2022_16_TB_ARI,ARI,-0.2900979614678583,-0.1939364314678608,-10.241630673408508,-0.02919140728271187,-0.1969334548801142
2022_16_TB_ARI,TB,-0.02919140728271187,-0.1969334548801142,-6.739622044066588,-0.2900979614678583,-0.1939364314678608
2022_16_WAS_SF,SF,0.17444954754620648,0.010377750298939645,2.4397858551570346,0.19504961467203566,-0.4974939702421098
2022_16_WAS_SF,WAS,0.19504961467203566,-0.4974939702421098,11.552246177897734,0.17444954754620648,0.010377750298939645
2022_17_ARI_ATL,ARI,0.09300553225057424,-0.05226931294041256,-2.337812436254401,-0.017454040199850005,-0.16396358772838157
2022_17_ARI_ATL,ATL,-0.017454040199850005,-0.16396358772838157,3.5152565240859985,0.09300553225057424,-0.05226931294041256
2022_17_CAR_TB,CAR,0.2550637770442801,-0.5334676036796909,12.205344438552856,0.21122431616174808,-0.12898329950287007
2022_17_CAR_TB,TB,0.21122431616174808,-0.12898329950287007,12.219110698927016,0.2550637770442801,-0.5334676036796909
2022_17_CHI_DET,CHI,-0.5981636577517633,0.22233291819510567,-28.605930507183075,0.2998255893041353,0.21244199331138386
2022_17_CHI_DET,DET,0.2998255893041353,0.21244199331138386,-1.1313899837691208,-0.5981636577517633,0.22233291819510567
2022_17_CLE_WAS,CLE,0.1896004447752888,0.09809850306080009,-7.75594525039196,-0.20982571779255774,-0.1046940744757497
2022_17_CLE_WAS,WAS,-0.20982571779255774,-0.1046940744757497,-9.525130902017866,0.1896004447752888,0.09809850306080009
2022_17_DAL_TEN,DAL,0.39771975383306835,-0.3729504201477011,3.654417540968918,-0.19087840499302408,-0.11488127579365898
2022_17_DAL_TEN,TEN,-0.19087840499302408,-0.11488127579365898,-10.08478128596356,0.39771975383306835,-0.3729504201477011
2022_17_DEN_KC,DEN,-0.1368198682937328,0.019126829838015787,-0.47043172849549186,0.19847046641685473,-0.2505432738991055
2022_17_DEN_KC,KC,0.19847046641685473,-0.2505432738991055,5.376290548138503,-0.1368198682937328,0.019126829838015787
2022_17_IND_NYG,IND,-0.23085676981945272,-0.052754428586922586,-7.101850818704675,0.3447256785049109,0.061266351044383445
2022_17_IND_NYG,NYG,0.3447256785049109,0.061266351044383445,12.194179322408592,-0.23085676981945272,-0.052754428586922586
2022_17_JAX_HOU,HOU,-0.4995145449195964,-0.45347236747559355,-8.3575135185605,-0.08314713716775367,0.045741435889042274
2022_17_JAX_HOU,JAX,-0.08314713716775367,0.045741435889042274,6.412538034575326,-0.4995145449195964,-0.45347236747559355
2022_17_LA_LAC,LA,-0.410665038543169,0.2363043030086176,-3.5445161991649203,0.373911244334586,0.11085014755195571
2022_17_LA_LAC,LAC,0.373911244334586,0.11085014755195571,7.819910107120391,-0.410665038543169,0.2363043030086176
2022_17_MIA_NE,MIA,-0.035473358792877836,-0.05211107014445588,-4.546665474772453,0.049807464493864445,-0.2044920288577774
2022_17_MIA_NE,NE,0.049807464493864445,-0.2044920288577774,-2.4362278170883656,-0.035473358792877836,-0.05211107014445588
2022_17_MIN_GB,GB,0.15201446619928524,0.06209375687649299,2.01056284400133,-0.20201268388414473,-0.18989893569428334
2022_17_MIN_GB,MIN,-0.20201268388414473,-0.18989893569428334,-0.9391176700592041,0.15201446619928524,0.06209375687649299
2022_17_NO_PHI,NO,-0.18825225700301426,0.012411983112945231,16.189536711444024,-0.3120301710604842,-0.3117862288854667
2022_17_NO_PHI,PHI,-0.3120301710604842,-0.3117862288854667,-10.353635717183352,-0.18825225700301426,0.012411983112945231
2022_17_NYJ_SEA,NYJ,-0.3707225547222132,-0.16100274266414893,-15.510605838563707,-0.06201516732564348,0.03504856671630874
2022_17_NYJ_SEA,SEA,-0.06201516732564348,0.03504856671630874,4.068438389471599,-0.3707225547222132,-0.16100274266414893
2022_17_PIT_BAL,BAL,0.10668220743610707,-0.14323970430064947,4.445981681346893,0.14341833566296447,0.16082887061071607
2022_17_PIT_BAL,PIT,0.14341833566296447,0.16082887061071607,-1.4824074727517587,0.10668220743610707,-0.14323970430064947
2022_17_SF_LV,LV,0.2581781063236565,-0.16710482362915563,8.878851402550936,0.25626588392732846,0.3533647892936305
2022_17_SF_LV,SF,0.25626588392732846,0.3533647892936305,-3.836891405722674,0.2581781063236565,-0.16710482362915563
2022_18_ARI_SF,ARI,-0.4723765754024498,-0.17870932466375003,3.976570235358344,0.23925993891638828,-0.07175916606744674
2022_18_ARI_SF,SF,0.23925993891638828,-0.07175916606744674,4.3082694709300995,-0.4723765754024498,-0.17870932466375003
2022_18_BAL_CIN,BAL,-0.3618352041755066,-0.17767001307012315,-21.050172050793964,-0.15475135020625513,-0.2909969708416611
2022_18_BAL_CIN,CIN,-0.15475135020625513,-0.2909969708416611,-5.097121670842171,-0.3618352041755066,-0.17767001307012315
2022_18_CAR_NO,CAR,-0.5076439588114486,-0.03474153861026728,-21.38125652616674,-0.2673333675985605,-0.0992966979286972
2022_18_CAR_NO,NO,-0.2673333675985605,-0.0992966979286972,-9.881164073944092,-0.5076439588114486,-0.03474153861026728
2022_18_CLE_PIT,CLE,-0.04631974292620409,0.030730295991388094,1.0548692058633875,0.360380601762583,-0.12693764205161845
2022_18_CLE_PIT,PIT,0.360380601762583,-0.12693764205161845,-12.973319100482124,-0.04631974292620409,0.030730295991388094
2022_18_DAL_WAS,DAL,-0.4224254474921022,-0.627628358474467,-24.287835591369205,-0.04510174261429245,-0.2277518326227299
2022_18_DAL_WAS,WAS,-0.04510174261429245,-0.2277518326227299,-4.900194704532623,-0.4224254474921022,-0.627628358474467
2022_18_DET_GB,DET,0.13489653117075304,0.06606576007375818,-0.04961544817144221,-0.09362984613833178,-0.12114967929880584
2022_18_DET_GB,GB,-0.09362984613833178,-0.12114967929880584,3.502120994604551,0.13489653117075304,0.06606576007375818
2022_18_HOU_IND,HOU,0.17151855880285624,-0.5335895640018862,-0.4011672970495726,-0.18414528451576112,0.13701325788667115
2022_18_HOU_IND,IND,-0.18414528451576112,0.13701325788667115,0.22743545910891363,0.17151855880285624,-0.5335895640018862
2022_18_KC_LV,KC,0.1729760891961991,0.44413246134111733,6.710937122503917,-0.11406594981965454,-0.22783949231961742
2022_18_KC_LV,LV,-0.11406594981965454,-0.22783949231961742,-2.8275529251379123,0.1729760891961991,0.44413246134111733
2022_18_LAC_DEN,DEN,0.1653347455246177,0.18948638318353472,1.0726186362179844,0.2520644159569854,-0.41633957628801
2022_18_LAC_DEN,LAC,0.2520644159569854,-0.41633957628801,-0.9402612393552606,0.1653347455246177,0.18948638318353472
2022_18_LA_SEA,LA,-0.3092869924383299,0.1482382809268669,-10.30342144270738,-0.07664343846958886,-0.1333781370598758
2022_18_LA_SEA,SEA,-0.07664343846958886,-0.1333781370598758,0.5824434970106397,-0.3092869924383299,0.1482382809268669
2022_18_MIN_CHI,CHI,-0.30257202095714125,0.09411240183140358,-16.501080769079703,0.6474839163589712,-0.11190336850128177
2022_18_MIN_CHI,MIN,0.6474839163589712,-0.11190336850128177,20.46362916007638,-0.30257202095714125,0.09411240183140358
2022_18_NE_BUF,BUF,0.20865931383938202,-0.18310969843725233,0.9201243039100401,-0.08348360335692215,0.01041003407001318
2022_18_NE_BUF,NE,-0.08348360335692215,0.01041003407001318,0.484739587857173,0.20865931383938202,-0.18310969843725233
2022_18_NYG_PHI,NYG,-0.11220535449859786,0.2599604819735855,-6.994058034921947,-0.11660123873735662,0.1554177183380279
2022_18_NYG_PHI,PHI,-0.11660123873735662,0.1554177183380279,-4.519238587348692,-0.11220535449859786,0.2599604819735855
2022_18_NYJ_MIA,MIA,-0.2387625426373934,0.058927254384008136,7.642220733342348,0.032152052075830384,-0.38699708581970615
2022_18_NYJ_MIA,NYJ,0.032152052075830384,-0.38699708581970615,-6.617344170808792,-0.2387625426373934,0.058927254384008136
2022_18_TB_ATL,ATL,0.12103511114114285,-0.05083473705418316,6.780356700931277,-0.1919019674515927,-0.16211653241961796
2022_18_TB_ATL,TB,-0.1919019674515927,-0.16211653241961796,-1.1274734229752512,0.12103511114114285,-0.05083473705418316
2022_18_TEN_JAX,JAX,0.14205792725139177,-0.7611447202846952,3.769606454619046,0.0015091384093868653,-0.2246690187235608
2022_18_TEN_JAX,TEN,0.0015091384093868653,-0.2246690187235608,10.348027282290989,0.14205792725139177,-0.7611447202846952
2023_01_ARI_WAS,ARI,-0.2814401072907314,-0.4471718241041526,2.0314213633537292,-0.1625539727977905,-0.32603612681065114
2023_01_ARI_WAS,WAS,-0.1625539727977905,-0.32603612681065114,-6.89905296111929,-0.2814401072907314,-0.4471718241041526
2023_01_BUF_NYJ,BUF,0.020305064691416862,-0.35550406249563415,7.830620079468458,-0.1405572690653686,0.08962899532752111
2023_01_BUF_NYJ,NYJ,-0.1405572690653686,0.08962899532752111,6.418682138125102,0.020305064691416862,-0.35550406249563415
2023_01_CAR_ATL,ATL,-0.23330848010300542,-0.051822554008084026,6.426090333196852,-0.23396435435097854,-0.2953337398019709
2023_01_CAR_ATL,CAR,-0.23396435435097854,-0.2953337398019709,-5.514065777101824,-0.23330848010300542,-0.051822554008084026
2023_01_CIN_CLE,CIN,-0.49726972407880266,-0.2397980320513145,-18.79459100384866,-0.25561853405548873,-0.047429741138234165
2023_01_CIN_CLE,CLE,-0.25561853405548873,-0.047429741138234165,-6.878151616145825,-0.49726972407880266,-0.2397980320513145
2023_01_DAL_NYG,DAL,0.239863771882426,0.057273556522947425,-11.235527753829956,-0.507376173903424,-0.239766669625258
2023_01_DAL_NYG,NYG,-0.507376173903424,-0.239766669625258,-11.623894397554727,0.239863771882426,0.057273556522947425
2023_01_DET_KC,DET,0.07045290136496381,-0.0258764176959953,-0.11570891365408897,-0.0457057251149863,-0.32392125911257397
2023_01_DET_KC,KC,-0.0457057251149863,-0.32392125911257397,-6.2199960286552844,0.07045290136496381,-0.0258764176959953
2023_01_GB_CHI,CHI,-0.13923432086723175,-0.2584786657098397,-7.785577906502618,0.5538515030128164,-0.2424487891723402
2023_01_GB_CHI,GB,0.5538515030128164,-0.2424487891723402,-5.516260862350464,-0.13923432086723175,-0.2584786657098397
2023_01_HOU_BAL,BAL,-0.057111177523063945,-0.019779263135013655,11.384226026989165,-0.2582356137293518,-0.3966693962769656
2023_01_HOU_BAL,HOU,-0.2582356137293518,-0.3966693962769656,-4.56968767698421,-0.057111177523063945,-0.019779263135013655
2023_01_JAX_IND,IND,-0.19305915972788115,-0.7566043188765078,-10.716709647423182,-0.25790043887779274,-0.2282090549210754
2023_01_JAX_IND,JAX,-0.25790043887779274,-0.2282090549210754,5.192238278687,-0.19305915972788115,-0.7566043188765078
2023_01_LA_SEA,LA,0.5384398512851934,-0.03812128661341859,-0.42592617305549413,-0.03256799261527215,-0.04747252376845983
2023_01_LA_SEA,SEA,-0.03256799261527215,-0.04747252376845983,-1.2529852489630382,0.5384398512851934,-0.03812128661341859
2023_01_LV_DEN,DEN,0.19825171021217822,-0.165193029840752,14.956555236130953,0.5384111459566733,-0.3361533648896274
2023_01_LV_DEN,LV,0.5384111459566733,-0.3361533648896274,13.071728211182814,0.19825171021217822,-0.165193029840752
2023_01_MIA_LAC,LAC,0.06413614429091337,0.29950540516033974,2.5835440043480165,0.6396297613886174,-0.4439471945418821
2023_01_MIA_LAC,MIA,0.6396297613886174,-0.4439471945418821,0.7247561080889269,0.06413614429091337,0.29950540516033974
2023_01_PHI_NE,NE,-0.20650920582963625,-0.1865643130676333,-3.112151832492263,-0.09073636450419571,-0.2140939135881132
2023_01_PHI_NE,PHI,-0.09073636450419571,-0.2140939135881132,8.096699515978495,-0.20650920582963625,-0.1865643130676333
2023_01_SF_PIT,PIT,-0.32986444894900935,-0.09236148103890526,2.07611083984375,0.265351651632852,-0.02332429833252043
2023_01_SF_PIT,SF,0.265351651632852,-0.02332429833252043,3.140392473765782,-0.32986444894900935,-0.09236148103890526
2023_01_TB_MIN,MIN,0.04186309368094835,-0.5212003713058948,4.992012476379221,-0.014204819908889952,-0.2314929541165906
2023_01_TB_MIN,TB,-0.014204819908889952,-0.2314929541165906,-2.990890759974718,0.04186309368094835,-0.5212003713058948
2023_01_TEN_NO,NO,0.14345149578003563,-0.4105858744985354,6.1527174530607285,-0.2480883359818526,-0.023080357623985037
2023_01_TEN_NO,TEN,-0.2480883359818526,-0.023080357623985037,-19.289592360005233,0.14345149578003563,-0.4105858744985354
2023_02_BAL_CIN,BAL,0.28103771185701026,0.1369988041429381,5.829548022963784,0.05556450657576476,0.01584587201747733
2023_02_BAL_CIN,CIN,0.05556450657576476,0.01584587201747733,2.3667219357612805,0.28103771185701026,0.1369988041429381
2023_02_CHI_TB,CHI,-0.22356194802591614,-0.042824876168742775,-10.542447865009308,0.3350502378168901,0.005840971119080981
2023_02_CHI_TB,TB,0.3350502378168901,0.005840971119080981,15.592158678919077,-0.22356194802591614,-0.042824876168742775
2023_02_CLE_PIT,CLE,-0.32545385587321624,-0.06523315702547719,-7.523954510688782,-0.4203947338345967,-0.344085523197697
2023_02_CLE_PIT,PIT,-0.4203947338345967,-0.344085523197697,-15.314657112647748,-0.32545385587321624,-0.06523315702547719
2023_02_GB_ATL,ATL,0.07087000301928398,0.12472819635788746,-4.0856218338012695,0.405068656408251,-0.11820957793388516
2023_02_GB_ATL,GB,0.405068656408251,-0.11820957793388516,-11.872460126876831,0.07087000301928398,0.12472819635788746
2023_02_IND_HOU,HOU,0.0816778609680007,-0.17284067774286355,1.6159686931343966,0.2360880013979983,0.22107171993203728
2023_02_IND_HOU,IND,0.2360880013979983,0.22107171993203728,6.7277966007109615,0.0816778609680007,-0.17284067774286355
2023_02_KC_JAX,JAX,-0.2858356522168811,-0.15745870393792366,-12.099692225456238,0.11345007488033061,0.07071339381764119
2023_02_KC_JAX,KC,0.11345007488033061,0.07071339381764119,3.813619501888752,-0.2858356522168811,-0.15745870393792366
2023_02_LAC_TEN,LAC,0.19982506797762378,-0.2014624900434033,7.6770969690420685,0.19139246110688435,-0.02313086238553866
2023_02_LAC_TEN,TEN,0.19139246110688435,-0.02313086238553866,16.433273628354073,0.19982506797762378,-0.2014624900434033
2023_02_LV_BUF,BUF,0.3753308699753169,0.24163610478659844,15.094337943527433,-0.050380667785386635,-0.5530263464689986
2023_02_LV_BUF,LV,-0.050380667785386635,-0.5530263464689986,3.0552818723346875,0.3753308699753169,0.24163610478659844
2023_02_MIA_NE,MIA,0.3716696364567059,-0.019434448023321314,7.973508793732216,-0.08266028601983662,-0.05615587244392373
2023_02_MIA_NE,NE,-0.08266028601983662,-0.05615587244392373,7.4425337215264635,0.3716696364567059,-0.019434448023321314
2023_02_MIN_PHI,MIN,0.23074686369141184,-0.7300742741079174,8.187004646589589,-0.0019878212642652215,0.17189252981120975
2023_02_MIN_PHI,PHI,-0.0019878212642652215,0.17189252981120975,13.259256427938288,0.23074686369141184,-0.7300742741079174
2023_02_NO_CAR,CAR,-0.12129738327582257,-0.06872336716171251,3.4188852194816834,0.016004588189493983,0.10532309203934405
2023_02_NO_CAR,NO,0.016004588189493983,0.10532309203934405,-1.1415773454834433,-0.12129738327582257,-0.06872336716171251
2023_02_NYG_ARI,ARI,0.32016899203123944,0.03694757608640226,4.662621637870526,0.21951372578168166,0.16064544671108807
2023_02_NYG_ARI,NYG,0.21951372578168166,0.16064544671108807,6.072517377989633,0.32016899203123944,0.03694757608640226
2023_02_NYJ_DAL,DAL,0.40281936480338354,-0.21551784159466272,11.732454235489303,-0.32687457376484064,-0.7377766491408693
2023_02_NYJ_DAL,NYJ,-0.32687457376484064,-0.7377766491408693,-18.78376817703247,0.40281936480338354,-0.21551784159466272
2023_02_SEA_DET,DET,0.16642942344311243,-0.32012447225969043,13.078247624285082,0.2714300150269348,0.10283928423252126
2023_02_SEA_DET,SEA,0.2714300150269348,0.10283928423252126,15.731876927453118,0.16642942344311243,-0.32012447225969043
2023_02_SF_LA,LA,-0.11643930516982022,0.06782149369399504,-9.849129158716936,0.17442518514174696,0.10307971139012932
2023_02_SF_LA,SF,0.17442518514174696,0.10307971139012932,1.6733539601167042,-0.11643930516982022,0.06782149369399504
2023_02_WAS_DEN,DEN,0.14412360730306814,0.10413841050606043,2.543591349213212,0.2323959994127383,0.18836032838457983
2023_02_WAS_DEN,WAS,0.2323959994127383,0.18836032838457983,8.928142488002777,0.14412360730306814,0.10413841050606043
2023_03_ATL_DET,ATL,-0.25744411306460435,-0.3451905644845528,-14.160722494125366,0.06004378377279552,-0.19434921425709034
2023_03_ATL_DET,DET,0.06004378377279552,-0.19434921425709034,3.2565460089714295,-0.25744411306460435,-0.3451905644845528
2023_03_BUF_WAS,BUF,0.23854316197698855,0.04905334272812719,-3.0964242294430733,-0.7035513534704116,-0.005641586447242075
2023_03_BUF_WAS,WAS,-0.7035513534704116,-0.005641586447242075,0.02140485007187416,0.23854316197698855,0.04905334272812719
2023_03_CAR_SEA,CAR,0.13859225471616904,-0.18054566024175772,-5.506343590585809,0.1524070311465027,0.2224121329394014
2023_03_CAR_SEA,SEA,0.1524070311465027,0.2224121329394014,3.2385456562042236,0.13859225471616904,-0.18054566024175772
2023_03_CHI_KC,CHI,-0.636982305976098,0.14031981629986232,0.20127862691879272,0.35581139674456214,0.05242352032655617
2023_03_CHI_KC,KC,0.35581139674456214,0.05242352032655617,6.9553026476421875,-0.636982305976098,0.14031981629986232
2023_03_DAL_ARI,ARI,0.16602226809105028,0.27501958594560455,10.503742382639931,-0.034693022517436514,0.20205509135379426
2023_03_DAL_ARI,DAL,-0.034693022517436514,0.20205509135379426,-3.3040616157892586,0.16602226809105028,0.27501958594560455
2023_03_DEN_MIA,DEN,-0.25930178486331146,-0.29998072842136025,3.9460239311059317,1.0409971923940686,0.331540532157686
2023_03_DEN_MIA,MIA,1.0409971923940686,0.331540532157686,18.271142882960184,-0.25930178486331146,-0.29998072842136025
2023_03_HOU_JAX,HOU,0.49397237081544665,-0.11943722157424215,6.139893470139339,-0.005849064749527344,-0.05068615944008343
2023_03_HOU_JAX,JAX,-0.005849064749527344,-0.05068615944008343,2.7926620841026306,0.49397237081544665,-0.11943722157424215
2023_03_IND_BAL,BAL,-0.20929373691467035,-0.06417112080998777,0.8391693234443665,-0.17180296386101626,-0.12967596297841555
2023_03_IND_BAL,IND,-0.17180296386101626,-0.12967596297841555,-3.2286529739697776,-0.20929373691467035,-0.06417112080998777
2023_03_LAC_MIN,LAC,0.4009560630691313,-0.7202295830793446,15.428810194134712,0.028418358666264323,-0.017180194585816936
2023_03_LAC_MIN,MIN,0.028418358666264323,-0.017180194585816936,0.5094700182477633,0.4009560630691313,-0.7202295830793446
2023_03_LA_CIN,CIN,-0.10605425182375716,-0.01073787517088931,-12.58437568726747,-0.15796560258697973,-0.07567454307718435
2023_03_LA_CIN,LA,-0.15796560258697973,-0.07567454307718435,-6.314455438405275,-0.10605425182375716,-0.01073787517088931
2023_03_NE_NYJ,NE,0.14735713067781767,-0.18006505660237832,-4.92865917859254,-0.349781967881393,-0.27780823512806646
2023_03_NE_NYJ,NYJ,-0.349781967881393,-0.27780823512806646,-5.833315423556736,0.14735713067781767,-0.18006505660237832
2023_03_NO_GB,GB,0.06574405972372273,-0.1339262287282119,-7.622924724290537,-0.06434271834602058,-0.09516024844639975
2023_03_NO_GB,NO,-0.06434271834602058,-0.09516024844639975,2.370156873674954,0.06574405972372273,-0.1339262287282119
2023_03_NYG_SF,NYG,-0.24276966145148537,-0.09258634721045382,-0.7377738133072853,0.4406586299777823,-0.06791827562217903
2023_03_NYG_SF,SF,0.4406586299777823,-0.06791827562217903,2.9220708152827095,-0.24276966145148537,-0.09258634721045382
2023_03_PHI_TB,PHI,0.06627218575225349,0.10681026231031865,1.6636091470718384,-0.0319270751669304,-0.4212309538033878
2023_03_PHI_TB,TB,-0.0319270751669304,-0.4212309538033878,-2.469452917575836,0.06627218575225349,0.10681026231031865
2023_03_PIT_LV,LV,-0.08487842256416485,-0.19409167942810907,-4.357039386575872,0.28590980609404426,-0.23322252073669283
2023_03_PIT_LV,PIT,0.28590980609404426,-0.23322252073669283,-10.126239944387365,-0.08487842256416485,-0.19409167942810907
2023_03_TEN_CLE,CLE,0.38428088257737586,-0.19784750781099547,19.465619421774342,-0.387373136407631,-0.3789048342111831
2023_03_TEN_CLE,TEN,-0.387373136407631,-0.3789048342111831,-5.90042769908905,0.38428088257737586,-0.19784750781099547
2023_04_ARI_SF,ARI,0.18319376516392533,0.05350037575535395,5.279429002505977,1.0378112645472963,0.0922706575114842
2023_04_ARI_SF,SF,1.0378112645472963,0.0922706575114842,27.244574683053152,0.18319376516392533,0.05350037575535395
2023_04_ATL_JAX,ATL,-0.5104135318102341,0.08505770374765798,-1.6478418310483296,0.2600438419751389,-0.297971907410186
2023_04_ATL_JAX,JAX,0.2600438419751389,-0.297971907410186,6.139653027057648,-0.5104135318102341,0.08505770374765798
2023_04_BAL_CLE,BAL,0.1443435670065308,-0.11238140447651325,19.553625252511765,-0.5113725206430105,-0.28987031215960585
2023_04_BAL_CLE,CLE,-0.5113725206430105,-0.28987031215960585,-9.803169352166792,0.1443435670065308,-0.11238140447651325
2023_04_CIN_TEN,CIN,-0.2832173049068337,0.009238189918162748,6.549795247890331,0.4180167735605873,-0.00016764232855019792
2023_04_CIN_TEN,TEN,0.4180167735605873,-0.00016764232855019792,12.05881776717993,-0.2832173049068337,0.009238189918162748
2023_04_DEN_CHI,CHI,0.24521669228480003,-0.07276744890460295,21.063219383358955,0.47818659410337677,0.09918572914830293
2023_04_DEN_CHI,DEN,0.47818659410337677,0.09918572914830293,13.636157604364248,0.24521669228480003,-0.07276744890460295
2023_04_DET_GB,DET,0.070034088014924,0.13398076737039014,3.6853973512296325,-0.2551791446901754,-0.04029160977201537
2023_04_DET_GB,GB,-0.2551791446901754,-0.04029160977201537,3.3552409094922684,0.070034088014924,0.13398076737039014
2023_04_KC_NYJ,KC,0.20141923497918365,0.08059553980249269,-4.36406043069116,0.07131127046866666,-0.1585423423939501
2023_04_KC_NYJ,NYJ,0.07131127046866666,-0.1585423423939501,7.951877285272647,0.20141923497918365,0.08059553980249269
2023_04_LA_IND,IND,0.31983942883089855,-0.3028229167591365,-16.39948623875777,0.31850642191697903,-0.062498764156146636
2023_04_LA_IND,LA,0.31850642191697903,-0.062498764156146636,1.6056166245387151,0.31983942883089855,-0.3028229167591365
2023_04_LV_LAC,LAC,0.059555086471261065,-0.09759503208001011,-7.29840820034345,-0.22350738321900343,-0.056827630151625876
2023_04_LV_LAC,LV,-0.22350738321900343,-0.056827630151625876,-8.070814766381917,0.059555086471261065,-0.09759503208001011
2023_04_MIA_BUF,BUF,0.8021323010052446,0.02118986821733415,19.293058276176453,-0.09165212313521733,0.13951373045630236
2023_04_MIA_BUF,MIA,-0.09165212313521733,0.13951373045630236,6.37251953868305,0.8021323010052446,0.02118986821733415
2023_04_MIN_CAR,CAR,-0.27791895996599886,-0.16365957573650342,5.108372530629558,-0.4118200924107805,0.1780544099772511
2023_04_MIN_CAR,MIN,-0.4118200924107805,0.1780544099772511,2.7518909838464527,-0.27791895996599886,-0.16365957573650342
2023_04_NE_DAL,DAL,0.16408072077500896,0.010343434215776125,13.738907542493608,-0.500047057698005,-0.4424004487837443
2023_04_NE_DAL,NE,-0.500047057698005,-0.4424004487837443,-15.677876410813168,0.16408072077500896,0.010343434215776125
2023_04_PIT_HOU,HOU,0.46430224230781914,-0.13870668715713286,-1.7617562302836665,-0.3357868243881444,-0.12125800414824728
2023_04_PIT_HOU,PIT,-0.3357868243881444,-0.12125800414824728,-1.2855465765352603,0.46430224230781914,-0.13870668715713286
2023_04_SEA_NYG,NYG,-0.5167130252538709,-0.3303806661405479,8.162377122789621,-0.22251219876380732,-0.07103207653441738
2023_04_SEA_NYG,SEA,-0.22251219876380732,-0.07103207653441738,-9.81594272530996,-0.5167130252538709,-0.3303806661405479
2023_04_TB_NO,NO,-0.30422925778169113,-0.34580286811037425,-8.068859734033284,0.2650616158524973,-0.24856488833640403
2023_04_TB_NO,TB,0.2650616158524973,-0.24856488833640403,12.746586402257284,-0.30422925778169113,-0.34580286811037425
2023_04_WAS_PHI,PHI,0.2807567041748834,0.01694883727216533,10.497407921973396,0.2530687144789895,0.14016992371034576
2023_04_WAS_PHI,WAS,0.2530687144789895,0.14016992371034576,10.372384503865854,0.2807567041748834,0.01694883727216533
2023_05_BAL_PIT,BAL,-0.38989664132589236,0.09014815329472818,-3.431467829566253,0.07125822984493876,-0.18166626703896327
2023_05_BAL_PIT,PIT,0.07125822984493876,-0.18166626703896327,-5.963685435633505,-0.38989664132589236,0.09014815329472818
2023_05_CAR_DET,CAR,0.08023014418071854,-0.26397160349828797,2.1979341336659024,0.19238993644248695,0.3200248767777036
2023_05_CAR_DET,DET,0.19238993644248695,0.3200248767777036,3.1071547004911633,0.08023014418071854,-0.26397160349828797
2023_05_CHI_WAS,CHI,0.3805731412535565,0.23270009236628622,1.9222137928009033,-0.0179550447376417,-0.4457385630583657
2023_05_CHI_WAS,WAS,-0.0179550447376417,-0.4457385630583657,11.745180624226728,0.3805731412535565,0.23270009236628622
2023_05_CIN_ARI,ARI,-0.447186678757758,-0.05240630918044851,-14.58431750535965,0.19102408043687708,-0.3770842179344202
2023_05_CIN_ARI,CIN,0.19102408043687708,-0.3770842179344202,9.69220142472874,-0.447186678757758,-0.05240630918044851
2023_05_DAL_SF,DAL,-0.45368310816508406,-0.43500742499230693,-2.2637854401881876,0.6550941214654207,-0.10453725980842137
2023_05_DAL_SF,SF,0.6550941214654207,-0.10453725980842137,6.030826568603516,-0.45368310816508406,-0.43500742499230693
2023_05_GB_LV,GB,-0.4088660408751023,0.11348475024114242,-15.986551601311255,-0.0663864103118364,-0.09826180485776112
2023_05_GB_LV,LV,-0.0663864103118364,-0.09826180485776112,0.24694790100229197,-0.4088660408751023,0.11348475024114242
2023_05_HOU_ATL,ATL,0.25764940132617153,-0.36240925179000066,8.262903125662552,0.09478775195457467,-0.31076308584295953
2023_05_HOU_ATL,HOU,0.09478775195457467,-0.31076308584295953,-7.727622985839844,0.25764940132617153,-0.36240925179000066
2023_05_JAX_BUF,BUF,0.19632483135410683,-0.24847698347664185,13.410272200902304,0.2985357804282103,0.054656305329601224
2023_05_JAX_BUF,JAX,0.2985357804282103,0.054656305329601224,2.1478876068785384,0.19632483135410683,-0.24847698347664185
2023_05_KC_MIN,KC,0.4373103872076258,-0.24838954320611348,9.968654543925554,-0.04135471164646257,0.1704942121480902
2023_05_KC_MIN,MIN,-0.04135471164646257,0.1704942121480902,-3.3723169370837836,0.4373103872076258,-0.24838954320611348
2023_05_NO_NE,NE,-0.6980108464854771,-0.7499545543197248,-15.9181002647646,0.1509541828483053,-0.10199247924519066
2023_05_NO_NE,NO,0.1509541828483053,-0.10199247924519066,10.194663524627686,-0.6980108464854771,-0.7499545543197248
2023_05_NYG_MIA,MIA,-0.0653194214992841,0.33778702563999796,9.305503964424133,0.06668370475108495,-0.38768650644191505
2023_05_NYG_MIA,NYG,0.06668370475108495,-0.38768650644191505,8.444876174132029,-0.0653194214992841,0.33778702563999796
2023_05_NYJ_DEN,DEN,-0.1503990750920304,-0.3613532512168545,3.7973156681767217,-0.21485025484861653,0.19773952575051226
2023_05_NYJ_DEN,NYJ,-0.21485025484861653,0.19773952575051226,7.1817849691097555,-0.1503990750920304,-0.3613532512168545
2023_05_PHI_LA,LA,-0.07923676321903865,0.1705913925751312,-7.522155782755683,0.2935430216113822,-0.010780468311823149
2023_05_PHI_LA,PHI,0.2935430216113822,-0.010780468311823149,3.891612677013173,-0.07923676321903865,0.1705913925751312
2023_05_TEN_IND,IND,0.3313050097465637,0.09057370261734068,13.059070830543837,0.23919623008010862,-0.1697895066740568
2023_05_TEN_IND,TEN,0.23919623008010862,-0.1697895066740568,1.6199775478419136,0.3313050097465637,0.09057370261734068
2023_06_ARI_LA,ARI,-0.2581884495424987,-0.29220221105859034,-10.085994867902054,0.11928700815460583,0.09657867851013657
2023_06_ARI_LA,LA,0.11928700815460583,0.09657867851013657,3.344295847983587,-0.2581884495424987,-0.29220221105859034
2023_06_BAL_TEN,BAL,0.17874468288066897,-0.16356069981985188,4.923478179964526,-0.045574588452618546,-0.04999439444024271
2023_06_BAL_TEN,TEN,-0.045574588452618546,-0.04999439444024271,-0.46641141176223755,0.17874468288066897,-0.16356069981985188
2023_06_CAR_MIA,CAR,-0.29114259913886725,0.12797211287543178,3.643042274883815,0.23189088379149325,0.15691212327275875
2023_06_CAR_MIA,MIA,0.23189088379149325,0.15691212327275875,4.002660711606343,-0.29114259913886725,0.12797211287543178
2023_06_DAL_LAC,DAL,0.2401503750277074,-0.2632791665382683,1.7032557725906372,-0.0169154875027353,-0.4071007667501506
2023_06_DAL_LAC,LAC,-0.0169154875027353,-0.4071007667501506,-6.066871655953897,0.2401503750277074,-0.2632791665382683
2023_06_DEN_KC,DEN,-0.5142513917901763,0.12884119082273293,-11.65861812504855,0.16859733543112387,-0.46612584227252574
2023_06_DEN_KC,KC,0.16859733543112387,-0.46612584227252574,4.613428008862031,-0.5142513917901763,0.12884119082273293
2023_06_DET_TB,DET,0.3942815679816312,-0.5106181360254941,2.9949380130302616,-0.24593626891193057,-0.25047649402404204
2023_06_DET_TB,TB,-0.24593626891193057,-0.25047649402404204,-10.475925376286378,0.3942815679816312,-0.5106181360254941
2023_06_IND_JAX,IND,-0.19620241385594617,-0.18981432855750124,-4.13220811348695,-0.0027545140337870144,-0.08051352494742385
2023_06_IND_JAX,JAX,-0.0027545140337870144,-0.08051352494742385,6.424733251333237,-0.19620241385594617,-0.18981432855750124
2023_06_MIN_CHI,CHI,-0.6377652693252801,0.04766280373542006,-2.4088567743698754,-0.17554823921292576,-0.28486475975527853
2023_06_MIN_CHI,MIN,-0.17554823921292576,-0.28486475975527853,1.3472096125284831,-0.6377652693252801,0.04766280373542006
2023_06_NE_LV,LV,0.2923947634633861,-0.3705225158013373,-4.267637864235909,-0.08671799542990705,0.18412330953142372
2023_06_NE_LV,NE,-0.08671799542990705,0.18412330953142372,1.7433119397009573,0.2923947634633861,-0.3705225158013373
2023_06_NO_HOU,HOU,0.1253656289053161,-0.044327894125358556,-10.150206709901491,0.08528147585802832,-0.10119738098001108
2023_06_NO_HOU,NO,0.08528147585802832,-0.10119738098001108,5.8580124183841376,0.1253656289053161,-0.044327894125358556
2023_06_NYG_BUF,BUF,-0.04589715419880275,0.031035755114215944,-2.1649902236872705,-0.00161042163340268,-0.311589488242793
2023_06_NYG_BUF,NYG,-0.00161042163340268,-0.311589488242793,9.364541019162823,-0.04589715419880275,0.031035755114215944
2023_06_PHI_NYJ,NYJ,-0.1709211100339341,0.0824452613760773,-9.012882456634983,-0.1888811238789926,0.0322231222235132
2023_06_PHI_NYJ,PHI,-0.1888811238789926,0.0322231222235132,-3.045431888380716,-0.1709211100339341,0.0824452613760773
2023_06_SEA_CIN,CIN,-0.05717835689355851,-0.18239998212084174,-1.3560199737548828,-0.06669987140321677,-0.07774430087275422
2023_06_SEA_CIN,SEA,-0.06669987140321677,-0.07774430087275422,13.73439068729813,-0.05717835689355851,-0.18239998212084174
2023_06_SF_CLE,CLE,-0.3763879932307592,0.05193014192095685,-11.441265001441494,-0.25329872380408014,0.014939773823776559
2023_06_SF_CLE,SF,-0.25329872380408014,0.014939773823776559,-14.019419997930527,-0.3763879932307592,0.05193014192095685
2023_06_WAS_ATL,ATL,-0.039061738994175615,-0.2779154028815184,-3.167097270488739,-0.028637222079974538,-0.02920054186956565
2023_06_WAS_ATL,WAS,-0.028637222079974538,-0.02920054186956565,1.8501571246555872,-0.039061738994175615,-0.2779154028815184
2023_07_ARI_SEA,ARI,-0.3384963540389307,-0.005337280956155155,-9.778644099380031,0.3636501087534258,-0.35034362290351617
2023_07_ARI_SEA,SEA,0.3636501087534258,-0.35034362290351617,12.151968230803808,-0.3384963540389307,-0.005337280956155155
2023_07_ATL_TB,ATL,0.36237970058831126,-0.342844715483195,15.261376163233882,0.06469229695181779,-0.40792651516676415
2023_07_ATL_TB,TB,0.06469229695181779,-0.40792651516676415,-1.9462544016721772,0.36237970058831126,-0.342844715483195
2023_07_BUF_NE,BUF,0.23892086171869995,-0.022268502188602553,6.709449986616771,0.2772437733710892,-0.02698673454861041
2023_07_BUF_NE,NE,0.2772437733710892,-0.02698673454861041,9.503167569637299,0.23892086171869995,-0.022268502188602553
2023_07_CLE_IND,CLE,-0.1740540863292074,-0.07417766035768725,-22.18230996813093,0.11841730259191928,-0.22881026842593644
2023_07_CLE_IND,IND,0.11841730259191928,-0.22881026842593644,0.3849927674640309,-0.1740540863292074,-0.07417766035768725
2023_07_DET_BAL,BAL,0.626479401124163,0.012140596509947617,9.35576930642128,-0.23534900222100377,0.13102848293991493
2023_07_DET_BAL,DET,-0.23534900222100377,0.13102848293991493,-1.7652698925563268,0.626479401124163,0.012140596509947617
2023_07_GB_DEN,DEN,0.22552466997327994,-0.07846141514834017,14.976602047681808,0.33862337238960105,-0.07878829369417809
2023_07_GB_DEN,GB,0.33862337238960105,-0.07878829369417809,4.822959750890732,0.22552466997327994,-0.07846141514834017
2023_07_JAX_NO,JAX,0.21992363773172,-0.41662191911018454,-2.7865907549858093,-0.27782423412459817,0.1799306494982115
2023_07_JAX_NO,NO,-0.27782423412459817,0.1799306494982115,-7.428219577051559,0.21992363773172,-0.41662191911018454
2023_07_LAC_KC,KC,0.4799529700169735,-0.3938994755573933,12.674711644649506,0.0248725293374742,0.08281099488522159
2023_07_LAC_KC,LAC,0.0248725293374742,0.08281099488522159,-3.7643265227476754,0.4799529700169735,-0.3938994755573933
2023_07_LV_CHI,CHI,0.22216767868798978,0.09367548138672849,-1.4100888679767478,-0.045897414235293914,-0.3178632038917082
2023_07_LV_CHI,LV,-0.045897414235293914,-0.3178632038917082,-7.058991061316596,0.22216767868798978,0.09367548138672849
2023_07_MIA_PHI,MIA,-0.15604963861339907,-0.1708909544055738,6.344408914446831,0.1682658584108331,0.12015274232270319
2023_07_MIA_PHI,PHI,0.1682658584108331,0.12015274232270319,10.153937538464865,-0.15604963861339907,-0.1708909544055738
2023_07_PIT_LA,LA,-0.023496475739878016,-0.06422915182473031,-19.66190547854812,-0.007834309721970419,0.064043783263769
2023_07_PIT_LA,PIT,-0.007834309721970419,0.064043783263769,4.62054765742758,-0.023496475739878016,-0.06422915182473031
2023_07_SF_MIN,MIN,0.32696630691238027,-0.18661325569647116,9.525347934212796,0.30287289863158506,-0.29981782777529015
2023_07_SF_MIN,SF,0.30287289863158506,-0.29981782777529015,1.5154245598562832,0.32696630691238027,-0.18661325569647116
2023_07_WAS_NYG,NYG,0.12303472464028005,-0.3060721970037915,0.6105470436590689,-0.2527323492230058,-0.15749883874147935
2023_07_WAS_NYG,WAS,-0.2527323492230058,-0.15749883874147935,-3.2171597911251917,0.12303472464028005,-0.3060721970037915
2023_08_ATL_TEN,ATL,-0.12713194382565166,0.1060983882211572,-2.9038954864848745,0.1265516958476784,-0.05209530573665688
2023_08_ATL_TEN,TEN,0.1265516958476784,-0.05209530573665688,11.46144987298892,-0.12713194382565166,0.1060983882211572
2023_08_BAL_ARI,ARI,-0.11621358237111284,-0.16031993154460383,2.6523532966772714,-0.035650764652135264,0.2737168748011485
2023_08_BAL_ARI,BAL,-0.035650764652135264,0.2737168748011485,-0.9215315947165856,-0.11621358237111284,-0.16031993154460383
2023_08_CHI_LAC,CHI,-0.24741029520409646,-0.0749247699714033,-4.375041900454341,0.3190628795200127,-0.5701176097184847
2023_08_CHI_LAC,LAC,0.3190628795200127,-0.5701176097184847,6.85146678435175,-0.24741029520409646,-0.0749247699714033
2023_08_CIN_SF,CIN,0.32539100086259354,0.12231478952731856,17.564267851412296,0.07794896878590482,-0.2961444185532041
2023_08_CIN_SF,SF,0.07794896878590482,-0.2961444185532041,7.749614119529724,0.32539100086259354,0.12231478952731856
2023_08_CLE_SEA,CLE,0.015840214787151273,-0.05664478765401008,-3.5034939646720886,0.04814305110337506,0.10287161960150115
2023_08_CLE_SEA,SEA,0.04814305110337506,0.10287161960150115,-0.40511803494559395,0.015840214787151273,-0.05664478765401008
2023_08_HOU_CAR,CAR,0.099721262923613,-0.49595588311073546,1.5682128167921496,-0.13579699035847945,0.04410850718529124
2023_08_HOU_CAR,HOU,-0.13579699035847945,0.04410850718529124,-1.0741612563530605,0.099721262923613,-0.49595588311073546
2023_08_JAX_PIT,JAX,0.1117436487965437,-0.29793136465790493,6.580767594277859,-0.19182160649951238,-0.19851686876791064
2023_08_JAX_PIT,PIT,-0.19182160649951238,-0.19851686876791064,-1.8260271102190018,0.1117436487965437,-0.29793136465790493
2023_08_KC_DEN,DEN,-0.08336613652994143,-0.006509927552935944,2.674481603834364,-0.2732508231528124,-0.2477884698054578
2023_08_KC_DEN,KC,-0.2732508231528124,-0.2477884698054578,-4.1856791924785925,-0.08336613652994143,-0.006509927552935944
2023_08_LA_DAL,DAL,0.3463800486314305,-0.10784825818662189,9.84399090794956,-0.26410857419962425,0.009099591660065742
2023_08_LA_DAL,LA,-0.26410857419962425,0.009099591660065742,-12.776074837893248,0.3463800486314305,-0.10784825818662189
2023_08_LV_DET,DET,-0.11786452490282173,-0.10545793142842336,1.699475768734427,-0.7770596359784169,0.05233583186739398
2023_08_LV_DET,LV,-0.7770596359784169,0.05233583186739398,-17.41186806133815,-0.11786452490282173,-0.10545793142842336
2023_08_MIN_GB,GB,-0.17880765843168506,-0.32916529656878474,-3.9750339090824127,0.4704132522053186,-0.17197180313607013
2023_08_MIN_GB,MIN,0.4704132522053186,-0.17197180313607013,10.955220811507282,-0.17880765843168506,-0.32916529656878474
2023_08_NE_MIA,MIA,0.3146588923627535,-0.4280946849473327,-0.744538889689879,-0.2922372099244591,-0.07164526164936098
2023_08_NE_MIA,NE,-0.2922372099244591,-0.07164526164936098,-0.6692311061280114,0.3146588923627535,-0.4280946849473327
2023_08_NO_IND,IND,0.005312054366401955,0.20906659272683706,-10.002287438041286,0.5771676331191444,0.11042219198966449
2023_08_NO_IND,NO,0.5771676331191444,0.11042219198966449,5.061662813712811,0.005312054366401955,0.20906659272683706
2023_08_NYJ_NYG,NYG,-0.715857402989298,-0.0846635418861961,-23.493606845537823,-0.28066012746980784,-0.5581296988376906
2023_08_NYJ_NYG,NYJ,-0.28066012746980784,-0.5581296988376906,-16.82802999720854,-0.715857402989298,-0.0846635418861961
2023_08_PHI_WAS,PHI,0.7209440461755927,-0.7480137567863016,15.330001030649457,0.08823380584158656,-0.10302832496818155
2023_08_PHI_WAS,WAS,0.08823380584158656,-0.10302832496818155,8.419225379532458,0.7209440461755927,-0.7480137567863016
2023_08_TB_BUF,BUF,0.0660306907687826,0.1342316347528884,10.10723297412579,0.14249882253101612,-0.20510042074602097
2023_08_TB_BUF,TB,0.14249882253101612,-0.20510042074602097,-2.5577255548574986,0.0660306907687826,0.1342316347528884
2023_09_ARI_CLE,ARI,-1.0087580525021835,-0.28280731923330354,-17.27859318256378,0.08354519519601167,-0.22437332963690515
2023_09_ARI_CLE,CLE,0.08354519519601167,-0.22437332963690515,0.4897461405822209,-1.0087580525021835,-0.28280731923330354
2023_09_BUF_CIN,BUF,0.030049142392558844,0.17949295067228377,12.625141814351082,0.2943318216353416,-0.11115500384120322
2023_09_BUF_CIN,CIN,0.2943318216353416,-0.11115500384120322,6.038427210989452,0.030049142392558844,0.17949295067228377
2023_09_CHI_NO,CHI,-0.09768356844151896,-0.2566626758298612,-2.2869138763501096,0.12837759548593713,-0.29505820451304315
2023_09_CHI_NO,NO,0.12837759548593713,-0.29505820451304315,6.02160319685936,-0.09768356844151896,-0.2566626758298612
2023_09_DAL_PHI,DAL,0.2478274352125849,-0.19238429022030645,5.908740108663386,0.39007528648611955,0.04914066989268004
2023_09_DAL_PHI,PHI,0.39007528648611955,0.04914066989268004,14.767008877935863,0.2478274352125849,-0.19238429022030645
2023_09_IND_CAR,CAR,-0.4375468850729278,-0.008510191269401137,-7.474460956212637,0.1581154434458168,-0.2824010557154767
2023_09_IND_CAR,IND,0.1581154434458168,-0.2824010557154767,1.5546535452206929,-0.4375468850729278,-0.008510191269401137
2023_09_LAC_NYJ,LAC,-0.1196144865294711,-0.08963612155639566,-10.302193356411797,-0.36376314498109985,-0.2804854752307403
2023_09_LAC_NYJ,NYJ,-0.36376314498109985,-0.2804854752307403,0.4365762074788411,-0.1196144865294711,-0.08963612155639566
2023_09_LA_GB,GB,0.12129919710579964,-0.1877475742516882,11.559046745300293,-0.336201331923498,-0.49697092654814307
2023_09_LA_GB,LA,-0.336201331923498,-0.49697092654814307,-17.60801374912262,0.12129919710579964,-0.1877475742516882
2023_09_MIA_KC,KC,0.033500193814305884,-0.07512741792628444,0.29194727540016174,-0.21257635445487344,-0.06016265309616839
2023_09_MIA_KC,MIA,-0.21257635445487344,-0.06016265309616839,-1.7402586611834439,0.033500193814305884,-0.07512741792628444
2023_09_MIN_ATL,ATL,-0.03342212131923175,-0.33115608812062025,-7.074726767399731,0.15335906926696313,-0.33691278320964096
2023_09_MIN_ATL,MIN,0.15335906926696313,-0.33691278320964096,2.2128957509994507,-0.03342212131923175,-0.33115608812062025
2023_09_NYG_LV,LV,0.3041219455867245,-0.2481081074035633,-6.526519482334455,-0.4688751562298817,-0.22090305948804598
2023_09_NYG_LV,NYG,-0.4688751562298817,-0.22090305948804598,-5.019075192254165,0.3041219455867245,-0.2481081074035633
2023_09_SEA_BAL,BAL,-0.01355982201171054,0.41027014512090115,14.448739122599363,-0.40964357784520045,-0.5398229581603248
2023_09_SEA_BAL,SEA,-0.40964357784520045,-0.5398229581603248,-13.332615733146667,-0.01355982201171054,0.41027014512090115
2023_09_TB_HOU,HOU,0.42266106071055626,-0.36685418152918575,13.61880427912662,0.37443928166851526,-0.09276701095373498
2023_09_TB_HOU,TB,0.37443928166851526,-0.09276701095373498,2.689001659552256,0.42266106071055626,-0.36685418152918575
2023_09_TEN_PIT,PIT,0.18714282714257197,0.14217181325536862,-3.244352648998129,0.0036406357547884294,0.09699168779729009
2023_09_TEN_PIT,TEN,0.0036406357547884294,0.09699168779729009,0.270626150272988,0.18714282714257197,0.14217181325536862
2023_09_WAS_NE,NE,-0.08395716178662252,0.053081316971656634,-12.06822630970977,0.1552820834017471,-0.18403401505201267
2023_09_WAS_NE,WAS,0.1552820834017471,-0.18403401505201267,1.7407659102569928,-0.08395716178662252,0.053081316971656634
2023_10_ATL_ARI,ARI,-0.13412171486438207,0.16221843802850344,-8.249509526837256,0.07570743916730131,-0.021764290366646538
2023_10_ATL_ARI,ATL,0.07570743916730131,-0.021764290366646538,-3.6590143253928735,-0.13412171486438207,0.16221843802850344
2023_10_CAR_CHI,CAR,-0.07228841375678889,-0.41522535372328445,-7.9701959210283615,-0.10344007785470698,-0.06269604467524914
2023_10_CAR_CHI,CHI,-0.10344007785470698,-0.06269604467524914,-4.023586492985487,-0.07228841375678889,-0.41522535372328445
2023_10_CLE_BAL,BAL,0.02895491096433031,-0.0914575469592819,-7.449269813040028,0.024536339836150816,0.1812221816703838
2023_10_CLE_BAL,CLE,0.024536339836150816,0.1812221816703838,1.428074948489666,0.02895491096433031,-0.0914575469592819
2023_10_DEN_BUF,BUF,-0.28001804565378174,0.1452085564332083,-5.25529670715332,0.11297950301817201,-0.1488427677575499
2023_10_DEN_BUF,DEN,0.11297950301817201,-0.1488427677575499,13.29304760900037,-0.28001804565378174,0.1452085564332083
2023_10_DET_LAC,DET,0.41737248659400006,0.4425440534724437,1.3152116909623146,0.49013846444322823,-0.10366403493875016
2023_10_DET_LAC,LAC,0.49013846444322823,-0.10366403493875016,-2.181691527366638,0.41737248659400006,0.4425440534724437
2023_10_GB_PIT,GB,0.11901975138916975,-0.05837170388390818,-4.211193323135376,-0.06072811452796037,0.1708461224034961
2023_10_GB_PIT,PIT,-0.06072811452796037,0.1708461224034961,-6.903415511954915,0.11901975138916975,-0.05837170388390818
2023_10_HOU_CIN,CIN,0.0875881870434604,-0.21602720385756888,4.261310283954327,0.2313372140569506,0.02038373675719468
2023_10_HOU_CIN,HOU,0.2313372140569506,0.02038373675719468,0.7072235529239361,0.0875881870434604,-0.21602720385756888
2023_10_IND_NE,IND,0.031763179523896484,-0.13463155726436526,2.328082345999204,-0.09537161386442172,0.08003261350095273
2023_10_IND_NE,NE,-0.09537161386442172,0.08003261350095273,0.22212438858472383,0.031763179523896484,-0.13463155726436526
2023_10_NO_MIN,MIN,0.30319019618878473,-0.26781401874955163,1.948162354528904,-0.09034569580332041,0.13496767743731683
2023_10_NO_MIN,NO,-0.09034569580332041,0.13496767743731683,-3.4735116362571716,0.30319019618878473,-0.26781401874955163
2023_10_NYG_DAL,DAL,0.4407999310035635,0.0682548990836949,12.237278338183057,-0.26990454671389275,-0.16833544962505317
2023_10_NYG_DAL,NYG,-0.26990454671389275,-0.16833544962505317,-12.776603607031015,0.4407999310035635,0.0682548990836949
2023_10_NYJ_LV,LV,-0.39169480421247893,-0.05116675898920248,-8.571783065795898,-0.06712988072539233,-0.48996179614608226
2023_10_NYJ_LV,NYJ,-0.06712988072539233,-0.48996179614608226,-8.43874981274476,-0.39169480421247893,-0.05116675898920248
2023_10_SF_JAX,JAX,-0.44003873614967287,-0.12737356902410588,-8.964667589433732,0.39299027243773776,0.1353570055669277
2023_10_SF_JAX,SF,0.39299027243773776,0.1353570055669277,6.871286696857876,-0.44003873614967287,-0.12737356902410588
2023_10_TEN_TB,TB,0.2658293426106729,-0.2600751231484874,2.645555755187725,-0.19020446703395733,-0.2714462601834384
2023_10_TEN_TB,TEN,-0.19020446703395733,-0.2714462601834384,-10.525981470560415,0.2658293426106729,-0.2600751231484874
2023_10_WAS_SEA,SEA,0.16587947678055692,0.029888821475906296,3.148102334567479,0.2480514342164986,-0.35713525287740466
2023_10_WAS_SEA,WAS,0.2480514342164986,-0.35713525287740466,-2.8182913150106157,0.16587947678055692,0.029888821475906296
2023_11_ARI_HOU,ARI,-0.10174334083877298,-0.015369023657425056,-0.8564833937020138,0.04918855120558789,-0.23149872219316117
2023_11_ARI_HOU,HOU,0.04918855120558789,-0.23149872219316117,6.365352712179485,-0.10174334083877298,-0.015369023657425056
2023_11_CHI_DET,CHI,0.2511133352370782,-0.11431032510513714,6.211722709915855,0.016200364273029844,0.21878309085843198
2023_11_CHI_DET,DET,0.016200364273029844,0.21878309085843198,0.6292197853326797,0.2511133352370782,-0.11431032510513714
2023_11_CIN_BAL,BAL,0.2894035139573989,0.015195120483667795,7.041422439658123,0.1093370857120956,0.07107843503440057
2023_11_CIN_BAL,CIN,0.1093370857120956,0.07107843503440057,-4.991767339168057,0.2894035139573989,0.015195120483667795
2023_11_DAL_CAR,CAR,-0.5092803538055446,0.08098946744853276,-4.0239210312183085,0.24879097945676878,0.09882272274868835
2023_11_DAL_CAR,DAL,0.24879097945676878,0.09882272274868835,1.731889322400093,-0.5092803538055446,0.08098946744853276
2023_11_LAC_GB,GB,0.2859879488581453,-0.15701817612716948,3.686133419212542,0.22669980389094982,-0.4281290348975317
2023_11_LAC_GB,LAC,0.22669980389094982,-0.4281290348975317,-3.714466094970703,0.2859879488581453,-0.15701817612716948
2023_11_LV_MIA,LV,-0.24388838192224052,-0.3621886593858054,-2.0938247442245483,-0.028044839742022182,-0.1926416974003789
2023_11_LV_MIA,MIA,-0.028044839742022182,-0.1926416974003789,9.020697491036522,-0.24388838192224052,-0.3621886593858054
2023_11_MIN_DEN,DEN,0.004375648824551764,-0.2813070190977596,14.733181521296501,0.09094426617216765,-0.18680196818519001
2023_11_MIN_DEN,MIN,0.09094426617216765,-0.18680196818519001,2.8343650801428435,0.004375648824551764,-0.2813070190977596
2023_11_NYG_WAS,NYG,0.07168853303379807,-0.2578385970727729,3.4734366031793447,-0.09339848184104492,-0.13473303447356627
2023_11_NYG_WAS,WAS,-0.09339848184104492,-0.13473303447356627,4.618571237439201,0.07168853303379807,-0.2578385970727729
2023_11_NYJ_BUF,BUF,0.32759695860610893,-0.17136224234196662,-3.406895234667022,-0.3987838960253352,-0.0901880141813308
2023_11_NYJ_BUF,NYJ,-0.3987838960253352,-0.0901880141813308,-16.275580546685628,0.32759695860610893,-0.17136224234196662
2023_11_PHI_KC,KC,-0.1587344895798686,0.043193529103658736,-3.401135252072261,-0.13556982056082537,0.1367225990600317
2023_11_PHI_KC,PHI,-0.13556982056082537,0.1367225990600317,-4.693772537367685,-0.1587344895798686,0.043193529103658736
2023_11_PIT_CLE,CLE,-0.22882036173304,-0.015897302614965674,-14.049368806001617,-0.36074041994031764,0.22827393793486983
2023_11_PIT_CLE,PIT,-0.36074041994031764,0.22827393793486983,-8.489424705505371,-0.22882036173304,-0.015897302614965674
2023_11_SEA_LA,LA,-0.008525223993453094,-0.17208313144510612,-14.200245820242783,-0.02687453082333035,-0.07824826213803189
2023_11_SEA_LA,SEA,-0.02687453082333035,-0.07824826213803189,-4.1472484406672026,-0.008525223993453094,-0.17208313144510612
2023_11_TB_SF,SF,0.5883662502977761,-0.2309237501624291,16.42533230781555,-0.09331699238402576,0.08831535553840428
2023_11_TB_SF,TB,-0.09331699238402576,0.08831535553840428,2.39638838657113,0.5883662502977761,-0.2309237501624291
2023_11_TEN_JAX,JAX,0.6130392333476303,-0.1488819800639605,15.629862008556243,0.24002085823502223,-0.1721325346516096
2023_11_TEN_JAX,TEN,0.24002085823502223,-0.1721325346516096,9.365911343518425,0.6130392333476303,-0.1488819800639605
2023_12_BAL_LAC,BAL,-0.15300889672913773,0.18394704898057498,-12.732666035493216,-0.389446704487023,-0.0032337028921271362
2023_12_BAL_LAC,LAC,-0.389446704487023,-0.0032337028921271362,-2.1281682863468077,-0.15300889672913773,0.18394704898057498
2023_12_BUF_PHI,BUF,0.2726050069977473,-0.09281893670891544,-4.21230677439242,0.12075033433492777,-0.0301383685951945
2023_12_BUF_PHI,PHI,0.12075033433492777,-0.0301383685951945,-4.9350389412471225,0.2726050069977473,-0.09281893670891544
2023_12_CAR_TEN,CAR,0.0478560595773648,-0.3030199763171064,2.6182062923908234,-0.015581412792796203,0.11665934888463068
2023_12_CAR_TEN,TEN,-0.015581412792796203,0.11665934888463068,2.7413260053705284,0.0478560595773648,-0.3030199763171064
2023_12_CHI_MIN,CHI,-0.2330146857123837,0.11393685327077817,7.090439647436142,-0.44188177776188853,-0.15679927146993577
2023_12_CHI_MIN,MIN,-0.44188177776188853,-0.15679927146993577,2.5576364000638327,-0.2330146857123837,0.11393685327077817
2023_12_CLE_DEN,CLE,-0.1621551968245087,-0.32466434943754313,-14.672402464426481,0.1697501180481465,-0.06293294017336287
2023_12_CLE_DEN,DEN,0.1697501180481465,-0.06293294017336287,-3.947574325970241,-0.1621551968245087,-0.32466434943754313
2023_12_GB_DET,DET,-0.13939737045994366,-0.036035511870185534,1.1248145075071425,0.284458886060141,-0.16852931581961456
2023_12_GB_DET,GB,0.284458886060141,-0.16852931581961456,5.422210097312927,-0.13939737045994366,-0.036035511870185534
2023_12_JAX_HOU,HOU,0.08274648611932901,-0.1470382051417031,3.5959993799527488,0.46163637470631796,-0.4007936431808723
2023_12_JAX_HOU,JAX,0.46163637470631796,-0.4007936431808723,-4.53356907174394,0.08274648611932901,-0.1470382051417031
2023_12_KC_LV,KC,0.32221721468082815,0.028749997887643985,7.6843819580972195,0.09997954629690337,-0.21877070907857674
2023_12_KC_LV,LV,0.09997954629690337,-0.21877070907857674,-2.8051313012838364,0.32221721468082815,0.028749997887643985
2023_12_LA_ARI,ARI,-0.1926583218936162,0.1550600030192743,-7.6162517748095775,0.3731410797929418,0.24564538562359908
2023_12_LA_ARI,LA,0.3731410797929418,0.24564538562359908,12.770867828399904,-0.1926583218936162,0.1550600030192743
2023_12_MIA_NYJ,MIA,0.16594468418506278,-0.009312456425478947,5.249866736786706,-0.35819705295095144,-0.2485262875095941
2023_12_MIA_NYJ,NYJ,-0.35819705295095144,-0.2485262875095941,0.6833224660820432,0.16594468418506278,-0.009312456425478947
2023_12_NE_NYG,NE,-0.44121807560362425,0.16705087905012997,-13.582830769675118,-0.10012450593488205,-0.5997098431091419
2023_12_NE_NYG,NYG,-0.10012450593488205,-0.5997098431091419,0.5052311966816584,-0.44121807560362425,0.16705087905012997
2023_12_NO_ATL,ATL,0.04350253124721348,0.055945051975465225,-4.02973398566246,0.02034445689346513,-0.20781541619466484
2023_12_NO_ATL,NO,0.02034445689346513,-0.20781541619466484,-1.4370798259168058,0.04350253124721348,0.055945051975465225
2023_12_PIT_CIN,CIN,-0.1259706007572112,-0.538743778390603,2.2768441438674927,0.26956413980107974,-0.23396388903035717
2023_12_PIT_CIN,PIT,0.26956413980107974,-0.23396388903035717,9.157597925513983,-0.1259706007572112,-0.538743778390603
2023_12_SF_SEA,SEA,-0.30454696891744126,-0.20561222848788785,3.9770634086043746,0.041694672105287295,0.22639983128174207
2023_12_SF_SEA,SF,0.041694672105287295,0.22639983128174207,8.11605324347814,-0.30454696891744126,-0.20561222848788785
2023_12_TB_IND,IND,0.03656347526357746,0.09644266398502693,-12.460697963833809,-0.1745369623552218,0.06626914264343213
2023_12_TB_IND,TB,-0.1745369623552218,0.06626914264343213,-1.5849843621253967,0.03656347526357746,0.09644266398502693
2023_12_WAS_DAL,DAL,0.5861225077680603,0.05924062071349717,8.557102736085653,-0.1972567330653754,-0.2333323706966789
2023_12_WAS_DAL,WAS,-0.1972567330653754,-0.2333323706966789,-5.953905189579183,0.5861225077680603,0.05924062071349717
2023_13_ARI_PIT,ARI,0.249724018536876,-0.0776220273649361,-8.427785142608311,0.28378508002105474,-0.4840612983268862
2023_13_ARI_PIT,PIT,0.28378508002105474,-0.4840612983268862,3.918598426712884,0.249724018536876,-0.0776220273649361
2023_13_ATL_NYJ,ATL,-0.08794740645673128,-0.3035086648220279,-11.241740643978119,-0.2558496049195981,-0.48253348838867777
2023_13_ATL_NYJ,NYJ,-0.2558496049195981,-0.48253348838867777,-12.846453819009993,-0.08794740645673128,-0.3035086648220279
2023_13_CAR_TB,CAR,-0.16192206982806376,-0.026294421831508583,-2.8173455825218787,-0.08269793011148817,0.04467571011292211
2023_13_CAR_TB,TB,-0.08269793011148817,0.04467571011292211,-11.673572549113521,-0.16192206982806376,-0.026294421831508583
2023_13_CIN_JAX,CIN,0.3144984396157581,0.04514674337643032,17.315895412419295,0.22809386598083703,0.03350211257665334
2023_13_CIN_JAX,JAX,0.22809386598083703,0.03350211257665334,16.140670272020195,0.3144984396157581,0.04514674337643032
2023_13_CLE_LA,CLE,-0.1729903754121328,0.05087445998999655,-8.884730062833647,0.22138959432483094,0.0782162230259209
2023_13_CLE_LA,LA,0.22138959432483094,0.0782162230259209,-5.124801747939166,-0.1729903754121328,0.05087445998999655
2023_13_DEN_HOU,DEN,-0.33417461428705697,0.04120370208756472,2.523505687713623,-0.07658598212177355,-0.12139196488564706
2023_13_DEN_HOU,HOU,-0.07658598212177355,-0.12139196488564706,-3.853099544843038,-0.33417461428705697,0.04120370208756472
2023_13_DET_NO,DET,0.28340132140263097,0.03496327441410228,-1.558992624282837,0.1941592852667635,-0.24027453573487167
2023_13_DET_NO,NO,0.1941592852667635,-0.24027453573487167,0.019305944442749023,0.28340132140263097,0.03496327441410228
2023_13_IND_TEN,IND,0.016161291261037134,-0.01581845523573325,-1.4529744299446665,0.0724763734544725,-0.003911502528708519
2023_13_IND_TEN,TEN,0.0724763734544725,-0.003911502528708519,-12.784817092346422,0.016161291261037134,-0.01581845523573325
2023_13_KC_GB,GB,0.38273618289523037,0.11066891638377759,5.586837700435093,0.09532073024919702,0.19497937224008668
2023_13_KC_GB,KC,0.09532073024919702,0.19497937224008668,1.0594687859217327,0.38273618289523037,0.11066891638377759
2023_13_LAC_NE,LAC,0.03066475736702885,-0.470920853530212,-4.233139836125904,-0.34041373178992856,-0.16251127026445264
2023_13_LAC_NE,NE,-0.34041373178992856,-0.16251127026445264,-11.213893940051397,0.03066475736702885,-0.470920853530212
2023_13_MIA_WAS,MIA,0.7760222028123137,0.10936615144933708,8.763271927833557,-0.31614720416520325,-0.009228881247108802
2023_13_MIA_WAS,WAS,-0.31614720416520325,-0.009228881247108802,-8.225234665653922,0.7760222028123137,0.10936615144933708
2023_13_SEA_DAL,DAL,0.37895543179418756,-0.00699447050330139,4.5521315187215805,0.4860093505183691,-0.2620872020516323
2023_13_SEA_DAL,SEA,0.4860093505183691,-0.2620872020516323,-7.525035738945007,0.37895543179418756,-0.00699447050330139
2023_13_SF_PHI,PHI,0.13695547676482647,-0.19164083888216948,3.195567216191973,0.7482644234623876,0.26444069451491276
2023_13_SF_PHI,SF,0.7482644234623876,0.26444069451491276,6.429905414581299,0.13695547676482647,-0.19164083888216948
2023_14_BUF_KC,BUF,-0.057932606999671156,0.12389861080927127,-1.3965810338656108,-0.17490530428460097,0.11569545293949839
2023_14_BUF_KC,KC,-0.17490530428460097,0.11569545293949839,-3.5850714032466593,-0.057932606999671156,0.12389861080927127
2023_14_CAR_NO,CAR,-0.5823005503237204,0.008119465191460526,-21.205578558146954,-0.35420873506771616,0.0007288477170969481
2023_14_CAR_NO,NO,-0.35420873506771616,0.0007288477170969481,8.525597100908106,-0.5823005503237204,0.008119465191460526
2023_14_DEN_LAC,DEN,-0.042334413118555514,-0.08655446925398859,-1.2121571103731792,-0.5356894634053472,-0.2546374381054193
2023_14_DEN_LAC,LAC,-0.5356894634053472,-0.2546374381054193,-15.096277616372923,-0.042334413118555514,-0.08655446925398859
2023_14_DET_CHI,CHI,0.20634128783265188,-0.2815877472021384,-3.433679391940435,-0.19055313843291072,-0.12361573440769764
2023_14_DET_CHI,DET,-0.19055313843291072,-0.12361573440769764,-10.701989733120975,0.20634128783265188,-0.2815877472021384
2023_14_GB_NYG,GB,0.035293709208353126,-0.09067003773350268,1.139618926926663,0.24841683489855754,-0.1878250610373942
2023_14_GB_NYG,NYG,0.24841683489855754,-0.1878250610373942,15.555140227079391,0.035293709208353126,-0.09067003773350268
2023_14_HOU_NYJ,HOU,-0.6254073797168236,-0.10081337745099231,-24.218343363867866,0.07879932778014033,-0.15287464690464936
2023_14_HOU_NYJ,NYJ,0.07879932778014033,-0.15287464690464936,10.181872844696045,-0.6254073797168236,-0.10081337745099231
2023_14_IND_CIN,CIN,0.20003905133538258,-0.03869536396668402,3.9460662603378296,0.015731203347902085,-0.2858227540434907
2023_14_IND_CIN,IND,0.015731203347902085,-0.2858227540434907,-2.82020733544701,0.20003905133538258,-0.03869536396668402
2023_14_JAX_CLE,CLE,-0.17806918502170405,-0.09675834036226241,-7.408119356909464,-0.136760087355875,-0.20810573665521054
2023_14_JAX_CLE,JAX,-0.136760087355875,-0.20810573665521054,-2.8460220414765027,-0.17806918502170405,-0.09675834036226241
2023_14_LA_BAL,BAL,0.2900991284657139,-0.21823622492100933,-1.6914812475442886,0.16887620114398216,0.06527058607577507
2023_14_LA_BAL,LA,0.16887620114398216,0.06527058607577507,0.2627488130178207,0.2900991284657139,-0.21823622492100933
2023_14_MIN_LV,LV,-0.6601180150788019,-0.11270162782360178,-6.525680628316156,-0.2530032589257086,-0.06331026925120682
2023_14_MIN_LV,MIN,-0.2530032589257086,-0.06331026925120682,-12.107166738221139,-0.6601180150788019,-0.11270162782360178
2023_14_NE_PIT,NE,0.016943157873089042,-0.2610449606891843,4.395516789876497,-0.27312240282123434,-0.17745218742082058
2023_14_NE_PIT,PIT,-0.27312240282123434,-0.17745218742082058,-5.314468996865409,0.016943157873089042,-0.2610449606891843
2023_14_PHI_DAL,DAL,0.10685117755573775,-0.006030865855664924,-9.764121434627436,-0.1487513305362064,-0.2715400406329233
2023_14_PHI_DAL,PHI,-0.1487513305362064,-0.2715400406329233,0.4739835858345032,0.10685117755573775,-0.006030865855664924
2023_14_SEA_SF,SEA,0.05615286802605814,-0.2568345223690438,0.7781254668389598,0.26612447138365,0.19754345730230535
2023_14_SEA_SF,SF,0.26612447138365,0.19754345730230535,6.3059619179478394,0.05615286802605814,-0.2568345223690438
2023_14_TB_ATL,ATL,0.026116196577450422,-0.0076146088692861475,-3.3004270914273386,0.057798325471345544,-0.0947557960058071
2023_14_TB_ATL,TB,0.057798325471345544,-0.0947557960058071,-17.7605966041828,0.026116196577450422,-0.0076146088692861475
2023_14_TEN_MIA,MIA,-0.1310251657218743,0.1523737421092251,2.09240633429903,0.27016849839609625,-0.30911261493046943
2023_14_TEN_MIA,TEN,0.27016849839609625,-0.30911261493046943,3.0465668274296656,-0.1310251657218743,0.1523737421092251
2023_15_ATL_CAR,ATL,0.1561708801984258,-0.6045516228076504,-2.93274114006444,-0.03661601371667963,-0.28329468603442365
2023_15_ATL_CAR,CAR,-0.03661601371667963,-0.28329468603442365,13.577988743782043,0.1561708801984258,-0.6045516228076504
2023_15_BAL_JAX,BAL,-0.02503535494729569,0.08582419917682926,3.1668916992519214,-0.22214425891033457,-0.18188341188943014
2023_15_BAL_JAX,JAX,-0.22214425891033457,-0.18188341188943014,-4.495673165434883,-0.02503535494729569,0.08582419917682926
2023_15_CHI_CLE,CHI,-0.2944436407516197,-0.29629220700791425,-7.541950770786831,-0.3212938445068492,-0.5269880543318872
2023_15_CHI_CLE,CLE,-0.3212938445068492,-0.5269880543318872,-1.7772142860022457,-0.2944436407516197,-0.29629220700791425
2023_15_DAL_BUF,BUF,0.21407899171629635,0.244348710258004,-10.162527973835285,-0.1588894850465665,0.0716334733479016
2023_15_DAL_BUF,DAL,-0.1588894850465665,0.0716334733479016,-4.110100958496332,0.21407899171629635,0.244348710258004
2023_15_DEN_DET,DEN,0.05347055151651148,-0.2403570981248299,-9.143541101366282,0.4377396487964418,0.15244554229289423
2023_15_DEN_DET,DET,0.4377396487964418,0.15244554229289423,8.09455318376422,0.05347055151651148,-0.2403570981248299
2023_15_HOU_TEN,HOU,-0.02968402692483709,-0.20158557839923522,0.4695285769069896,-0.11087475932031844,-0.2765874385960121
2023_15_HOU_TEN,TEN,-0.11087475932031844,-0.2765874385960121,7.8930244995997505,-0.02968402692483709,-0.20158557839923522
2023_15_KC_NE,KC,0.06731525617606411,-0.2585519454065327,10.565665023667473,-0.42480977144798376,-0.20386024981886777
2023_15_KC_NE,NE,-0.42480977144798376,-0.20386024981886777,1.4648669189022434,0.06731525617606411,-0.2585519454065327
2023_15_LAC_LV,LAC,-0.2603423340321594,-0.5744557509273623,1.9826508337451565,0.34459393353532314,0.1377466098548701
2023_15_LAC_LV,LV,0.34459393353532314,0.1377466098548701,-4.615045032080482,-0.2603423340321594,-0.5744557509273623
2023_15_MIN_CIN,CIN,0.13935383024522016,0.09634080000832909,4.540070667862892,0.28519327311165876,-0.05112704018081006
2023_15_MIN_CIN,MIN,0.28519327311165876,-0.05112704018081006,15.623572003096342,0.13935383024522016,0.09634080000832909
2023_15_NYG_NO,NO,0.41224044925512154,-0.2610287799508552,8.754136626209531,-0.33741336333187655,-0.22195349316267918
2023_15_NYG_NO,NYG,-0.33741336333187655,-0.22195349316267918,-9.470215878065895,0.41224044925512154,-0.2610287799508552
2023_15_NYJ_MIA,MIA,0.2108218483567354,-0.1322158444361713,13.44032367834678,-0.47658558777576493,-0.718447132237578
2023_15_NYJ_MIA,NYJ,-0.47658558777576493,-0.718447132237578,-9.25966663794084,0.2108218483567354,-0.1322158444361713
2023_15_PHI_SEA,PHI,0.16027042104601483,0.06120279129526039,-8.002129644155502,0.19357789349968715,0.0033985044093519127
2023_15_PHI_SEA,SEA,0.19357789349968715,0.0033985044093519127,-1.1112026870250702,0.16027042104601483,0.06120279129526039
2023_15_PIT_IND,IND,0.05865038038332866,0.15670069319746205,-2.7802215682135687,-0.34675553305458057,-0.3830850993654167
2023_15_PIT_IND,PIT,-0.34675553305458057,-0.3830850993654167,2.0443823475104113,0.05865038038332866,0.15670069319746205
2023_15_SF_ARI,ARI,-0.11358521820084293,0.23108638649918484,-0.9985235960860002,0.6802579231426987,0.15882674706401304
2023_15_SF_ARI,SF,0.6802579231426987,0.15882674706401304,5.580190855723161,-0.11358521820084293,0.23108638649918484
2023_15_TB_GB,GB,0.11079261019667863,-0.13265584865803248,11.514439930518469,0.716414590921424,-0.09303814624901861
2023_15_TB_GB,TB,0.716414590921424,-0.09303814624901861,14.231521553463406,0.11079261019667863,-0.13265584865803248
2023_15_WAS_LA,LA,0.11947549285169644,-0.11237870663525285,6.267043296247721,-0.014094787373985375,-0.43690301574636525
2023_15_WAS_LA,WAS,-0.014094787373985375,-0.43690301574636525,-8.62210857517579,0.11947549285169644,-0.11237870663525285
2023_16_ARI_CHI,ARI,-0.1164186603249818,-0.10522570231761266,-5.654622654657106,0.006748212410270781,0.2341116952368886
2023_16_ARI_CHI,CHI,0.006748212410270781,0.2341116952368886,2.1331640689269356,-0.1164186603249818,-0.10522570231761266
2023_16_BAL_SF,BAL,0.21804442707787233,-0.14023553290525856,-1.7495675998575546,-0.26354740387985776,0.14366730387486956
2023_16_BAL_SF,SF,-0.26354740387985776,0.14366730387486956,-7.852102003314278,0.21804442707787233,-0.14023553290525856
2023_16_BUF_LAC,BUF,0.2373026737589568,-0.21392464897230354,7.967484139260792,-0.05798100983446945,-0.19902871510108794
2023_16_BUF_LAC,LAC,-0.05798100983446945,-0.19902871510108794,1.0746738873422146,0.2373026737589568,-0.21392464897230354
2023_16_CIN_PIT,CIN,-0.14565995256613146,-0.33579970938444603,-0.0488368421792984,0.33138150909289954,0.080792336149647
2023_16_CIN_PIT,PIT,0.33138150909289954,0.080792336149647,4.5137619972229,-0.14565995256613146,-0.33579970938444603
2023_16_CLE_HOU,CLE,0.30820437613191864,-0.19044598237268656,3.5232202951298204,-0.16414957755211118,-0.32210566650610417
2023_16_CLE_HOU,HOU,-0.16414957755211118,-0.32210566650610417,-15.354486368596554,0.30820437613191864,-0.19044598237268656
2023_16_DAL_MIA,DAL,0.35503153595455184,-0.2606271537608171,-1.7844375222921371,0.197051216673483,-0.2112465204417613
2023_16_DAL_MIA,MIA,0.197051216673483,-0.2112465204417613,1.949867523378796,0.35503153595455184,-0.2606271537608171
2023_16_DET_MIN,DET,0.3462286363498229,-0.020862694401704872,1.6395857700934777,0.1596212878428501,-0.3436143659229856
2023_16_DET_MIN,MIN,0.1596212878428501,-0.3436143659229856,6.212427360670907,0.3462286363498229,-0.020862694401704872
2023_16_GB_CAR,CAR,0.36465519487952336,-0.0621286189887859,9.52161643654108,0.44913417760417984,0.12300940336814163
2023_16_GB_CAR,GB,0.44913417760417984,0.12300940336814163,-0.43881845015745896,0.36465519487952336,-0.0621286189887859
2023_16_IND_ATL,ATL,0.24391667831000147,-0.001668322420839057,-0.5230485461652279,-0.08204526668434421,-0.4270472643589268
2023_16_IND_ATL,IND,-0.08204526668434421,-0.4270472643589268,-9.389863439968654,0.24391667831000147,-0.001668322420839057
2023_16_JAX_TB,JAX,-0.0612602184321429,-0.6913729661998028,-0.7021615451032465,0.43088615986110684,-0.32753465711815105
2023_16_JAX_TB,TB,0.43088615986110684,-0.32753465711815105,7.176178864070347,-0.0612602184321429,-0.6913729661998028
2023_16_LV_KC,KC,-0.01590125634279434,-0.9627260348097479,-0.21083013313572582,-0.45133961171864073,0.14766219934919433
2023_16_LV_KC,LV,-0.45133961171864073,0.14766219934919433,-16.423138034971135,-0.01590125634279434,-0.9627260348097479
2023_16_NE_DEN,DEN,-0.11823146645379069,-0.14992715908606027,6.024155531610761,0.03867216895919312,-0.3593157425591053
2023_16_NE_DEN,NE,0.03867216895919312,-0.3593157425591053,13.425820873629663,-0.11823146645379069,-0.14992715908606027
2023_16_NO_LA,LA,0.4704018652988531,-0.10297701049730125,7.561840768903494,0.03282664683932142,-0.3586162170395255
2023_16_NO_LA,NO,0.03282664683932142,-0.3586162170395255,-2.9914775490760803,0.4704018652988531,-0.10297701049730125
2023_16_NYG_PHI,NYG,-0.08132900362858782,-0.012060409978143873,-4.745049388320358,0.09833761589882263,0.09045485759887731
2023_16_NYG_PHI,PHI,0.09833761589882263,0.09045485759887731,-3.788493573665619,-0.08132900362858782,-0.012060409978143873
2023_16_SEA_TEN,SEA,0.33298172459283615,-0.15060148738618745,4.425435099336836,0.15500055201603877,0.11266746556704058
2023_16_SEA_TEN,TEN,0.15500055201603877,0.11266746556704058,5.650866985321045,0.33298172459283615,-0.15060148738618745
2023_16_WAS_NYJ,NYJ,-0.23325591051176808,-0.15631634609391248,-12.557573053571913,-0.2689388697835966,0.24300054571497076
2023_16_WAS_NYJ,WAS,-0.2689388697835966,0.24300054571497076,-21.306343376636505,-0.23325591051176808,-0.15631634609391248
2023_17_ARI_PHI,ARI,0.3667144074555171,0.20229089485693316,11.02451552306452,0.5224773505538011,-0.07199118647501261
2023_17_ARI_PHI,PHI,0.5224773505538011,-0.07199118647501261,18.843515541242517,0.3667144074555171,0.20229089485693316
2023_17_ATL_CHI,ATL,-0.08510666472888098,-0.04860261237772647,-22.894468065351248,0.2097641090319576,-0.025444325398626354
2023_17_ATL_CHI,CHI,0.2097641090319576,-0.025444325398626354,4.6213529507319135,-0.08510666472888098,-0.04860261237772647
2023_17_CAR_JAX,CAR,-0.5816565960353145,-0.1426360978356873,-4.28607915678332,0.26049657229458656,-0.011657190782720938
2023_17_CAR_JAX,JAX,0.26049657229458656,-0.011657190782720938,8.485415966614433,-0.5816565960353145,-0.1426360978356873
2023_17_CIN_KC,CIN,0.20056296368006823,-0.3645139176687398,-4.470585959572946,0.03781610923228295,0.0835687244285105
2023_17_CIN_KC,KC,0.03781610923228295,0.0835687244285105,6.8755791655608585,0.20056296368006823,-0.3645139176687398
2023_17_DET_DAL,DAL,0.1385131988123197,-0.37511619324989925,4.549378156661987,0.07133591301768817,-0.17720517973911257
2023_17_DET_DAL,DET,0.07133591301768817,-0.17720517973911257,-5.131956376135349,0.1385131988123197,-0.37511619324989925
2023_17_GB_MIN,GB,0.47520566614275533,0.1003973454950794,8.245715849539813,-0.4634958349652756,0.02979562376052714
2023_17_GB_MIN,MIN,-0.4634958349652756,0.02979562376052714,-7.746804625757279,0.47520566614275533,0.1003973454950794
2023_17_LAC_DEN,DEN,0.18399972237933043,-0.2406036557588927,-1.8947114050388336,0.031250716671975806,-0.42592181666097156
2023_17_LAC_DEN,LAC,0.031250716671975806,-0.42592181666097156,-3.309791877463057,0.18399972237933043,-0.2406036557588927
2023_17_LA_NYG,LA,-0.06891311169452727,0.18881443324393,1.1267706751823425,-0.057859259717854473,-0.25706074811597845
2023_17_LA_NYG,NYG,-0.057859259717854473,-0.25706074811597845,1.4849945520743346,-0.06891311169452727,0.18881443324393
2023_17_LV_IND,IND,0.45793810482913005,-0.16068819099785156,4.840033203363419,0.21256374628448443,-0.1141410988336429
2023_17_LV_IND,LV,0.21256374628448443,-0.1141410988336429,-1.251034827336021,0.45793810482913005,-0.16068819099785156
2023_17_MIA_BAL,BAL,1.1738220634439063,-0.06932166922446673,25.35446069457314,-0.07636429761013512,-0.2738763069956685
2023_17_MIA_BAL,MIA,-0.07636429761013512,-0.2738763069956685,-5.064082973533207,1.1738220634439063,-0.06932166922446673
2023_17_NE_BUF,BUF,-0.0972704580575393,0.003341599191116984,-6.945825581039701,-0.41643938076731546,-0.08549445277700822
2023_17_NE_BUF,NE,-0.41643938076731546,-0.08549445277700822,1.7590479304393132,-0.0972704580575393,0.003341599191116984
2023_17_NO_TB,NO,0.278239447899914,-0.1505697145639715,2.0718619227409363,0.14487263775190803,-0.7390852011740208
2023_17_NO_TB,TB,0.14487263775190803,-0.7390852011740208,-0.9205076730612552,0.278239447899914,-0.1505697145639715
2023_17_NYJ_CLE,CLE,0.05830194769441732,-0.1805787041274395,-0.6283982046719255,-0.30938268079681436,0.2202501476123488
2023_17_NYJ_CLE,NYJ,-0.30938268079681436,0.2202501476123488,1.332301307808269,0.05830194769441732,-0.1805787041274395
2023_17_PIT_SEA,PIT,0.3760763451100814,0.20375172240495554,22.025899660019647,0.21565032634357104,-0.16424764542413564
2023_17_PIT_SEA,SEA,0.21565032634357104,-0.16424764542413564,6.84879386063778,0.3760763451100814,0.20375172240495554
2023_17_SF_WAS,SF,0.39974635817031434,0.11348470515568389,13.217743348192286,-0.30070391778447103,0.1254315336471856
2023_17_SF_WAS,WAS,-0.30070391778447103,0.1254315336471856,-0.9813267451066238,0.39974635817031434,0.11348470515568389
2023_17_TEN_HOU,HOU,0.09197014615127914,-0.11009759907466526,4.450982039974582,-0.38741973064419266,-0.5081720829697415
2023_17_TEN_HOU,TEN,-0.38741973064419266,-0.5081720829697415,5.147597670555115,0.09197014615127914,-0.11009759907466526
2023_18_ATL_NO,ATL,-0.0801648598209872,-0.6545348650845699,2.775878766003777,0.48484962752160676,-0.0188523738049441
2023_18_ATL_NO,NO,0.48484962752160676,-0.0188523738049441,19.39998972415924,-0.0801648598209872,-0.6545348650845699
2023_18_BUF_MIA,BUF,0.17185310891490307,-0.10796419301186688,18.165839926616567,-0.011912168304045354,0.07001343151620988
2023_18_BUF_MIA,MIA,-0.011912168304045354,0.07001343151620988,0.5169715042467471,0.17185310891490307,-0.10796419301186688
2023_18_CHI_GB,CHI,0.015634057767070386,-0.2547322194339991,2.934085577726364,0.31906661701772754,0.11808355474446823
2023_18_CHI_GB,GB,0.31906661701772754,0.11808355474446823,15.490503143519163,0.015634057767070386,-0.2547322194339991
2023_18_CLE_CIN,CIN,0.002083931357086653,0.01507826782887735,3.8264287369591847,-0.30877821655121807,-0.1671244879020378
2023_18_CLE_CIN,CLE,-0.30877821655121807,-0.1671244879020378,-10.962532877922058,0.002083931357086653,0.01507826782887735
2023_18_DAL_WAS,DAL,0.5363639123827519,0.03081023032621791,16.841496378183365,-0.207985979974376,-0.500747516809497
2023_18_DAL_WAS,WAS,-0.207985979974376,-0.500747516809497,1.0782451501914434,0.5363639123827519,0.03081023032621791
2023_18_DEN_LV,DEN,-0.04898115231827389,-0.1476448541345437,-5.414971336722374,0.31448972771092093,-0.09760534600978385
2023_18_DEN_LV,LV,0.31448972771092093,-0.09760534600978385,6.781735133241724,-0.04898115231827389,-0.1476448541345437
2023_18_HOU_IND,HOU,0.4538898681018201,-0.3186186317269368,8.344965141553145,-0.0758931091866616,0.07363944906594115
2023_18_HOU_IND,IND,-0.0758931091866616,0.07363944906594115,-11.321539982505467,0.4538898681018201,-0.3186186317269368
2023_18_JAX_TEN,JAX,0.08924003170393636,-0.3125471388370677,3.6891773343086243,0.04022917847808761,0.26501195475904515
2023_18_JAX_TEN,TEN,0.04022917847808761,0.26501195475904515,-2.185346530033992,0.08924003170393636,-0.3125471388370677
2023_18_KC_LAC,KC,-0.16695339656679029,-0.10827924134806625,-17.813840919527514,-0.10781431176216018,-0.3910268403362478
2023_18_KC_LAC,LAC,-0.10781431176216018,-0.3910268403362478,-9.676382144292196,-0.16695339656679029,-0.10827924134806625
2023_18_LA_SF,LA,0.31325979379346997,-0.05892313390053929,6.663065241730732,0.19053215158120668,0.083508373510475
2023_18_LA_SF,SF,0.19053215158120668,0.083508373510475,0.7337979078292847,0.31325979379346997,-0.05892313390053929
2023_18_MIN_DET,DET,0.3609991498425648,-0.12980318409340133,3.2193384824260587,0.0724966161655232,-0.14302342700433324
2023_18_MIN_DET,MIN,0.0724966161655232,-0.14302342700433324,2.991414278052574,0.3609991498425648,-0.12980318409340133
2023_18_NYJ_NE,NE,-0.7538142905880653,-0.16057446792623714,-21.351823210716248,-0.4520927049007266,-0.08752348957221609
2023_18_NYJ_NE,NYJ,-0.4520927049007266,-0.08752348957221609,-14.7411091460122,-0.7538142905880653,-0.16057446792623714
2023_18_PHI_NYG,NYG,0.1342562770607862,-0.03286847639246844,10.6074090115726,-0.4998476858768957,0.14339013545726298
2023_18_PHI_NYG,PHI,-0.4998476858768957,0.14339013545726298,-3.2154025453509707,0.1342562770607862,-0.03286847639246844
2023_18_PIT_BAL,BAL,-0.1356923137543559,-0.6057847012578148,-13.409593472113976,-0.10461773604544325,-0.04561862378594933
2023_18_PIT_BAL,PIT,-0.10461773604544325,-0.04561862378594933,15.419963896274567,-0.1356923137543559,-0.6057847012578148
2023_18_SEA_ARI,ARI,0.5276719685114865,-0.05027080519763599,4.080497601936603,0.2095940887410212,-0.005103259461263761
2023_18_SEA_ARI,SEA,0.2095940887410212,-0.005103259461263761,-9.98410158432447,0.5276719685114865,-0.05027080519763599
2023_18_TB_CAR,CAR,-0.4556295991895982,-0.16384150184915466,-8.012080358134376,-0.19019908579748035,0.03325697248995615
2023_18_TB_CAR,TB,-0.19019908579748035,0.03325697248995615,-3.7214643532230007,-0.4556295991895982,-0.16384150184915466
2024_01_ARI_BUF,ARI,0.15898132209390173,-0.10187228512166714,1.196628136019553,0.5300736523866493,-0.15260859793436463
2024_01_ARI_BUF,BUF,0.5300736523866493,-0.15260859793436463,9.891941625138987,0.15898132209390173,-0.10187228512166714
2024_01_BAL_KC,BAL,-0.04436584937212021,0.25950666747733275,-3.6868176609277725,0.4180005352988223,-0.20689507468341617
2024_01_BAL_KC,KC,0.4180005352988223,-0.20689507468341617,4.191296409677576,-0.04436584937212021,0.25950666747733275
2024_01_CAR_NO,CAR,-0.3357187777997037,-0.7684812226832625,-17.186285349829443,0.341233320729292,0.1089326342047769
2024_01_CAR_NO,NO,0.341233320729292,0.1089326342047769,10.192334651947021,-0.3357187777997037,-0.7684812226832625
2024_01_DAL_CLE,CLE,-0.3645758147055555,-0.06694100159984373,-7.962810612002085,-0.16644561830584262,-0.009678221814773189
2024_01_DAL_CLE,DAL,-0.16644561830584262,-0.009678221814773189,-6.60680647819273,-0.3645758147055555,-0.06694100159984373
2024_01_DEN_SEA,DEN,-0.3585417883181376,-0.19478937197709456,-5.089776430811201,-0.05530108681866674,-0.07980002246692712
2024_01_DEN_SEA,SEA,-0.05530108681866674,-0.07980002246692712,5.264541029930115,-0.3585417883181376,-0.19478937197709456
2024_01_GB_PHI,GB,0.09038253771844788,0.19931782663043587,-12.177564110606909,0.36223275965312496,-0.28668114366173153
2024_01_GB_PHI,PHI,0.36223275965312496,-0.28668114366173153,1.2434781625353057,0.09038253771844788,0.19931782663043587
2024_01_HOU_IND,HOU,0.24570353228884806,0.0992991249906906,9.766073092337578,0.15686389809008688,-0.07035187979417387
2024_01_HOU_IND,IND,0.15686389809008688,-0.07035187979417387,-14.212923379320847,0.24570353228884806,0.0992991249906906
2024_01_JAX_MIA,JAX,0.23172764829286432,-0.42774071176805034,-0.24127536698391563,0.16507222490315243,-0.23137143770568586
2024_01_JAX_MIA,MIA,0.16507222490315243,-0.23137143770568586,-7.655266424020131,0.23172764829286432,-0.42774071176805034
2024_01_LA_DET,DET,-0.10319176975825081,0.3217101626078753,-7.549819988863809,0.1603748648664887,-0.1041777160719634
2024_01_LA_DET,LA,0.1603748648664887,-0.1041777160719634,0.36535002291202545,-0.10319176975825081,0.3217101626078753
2024_01_LV_LAC,LAC,-0.16235388609115425,-0.010507421570941804,-0.6245571374893188,-0.09474748148811704,-0.8017593360273167
2024_01_LV_LAC,LV,-0.09474748148811704,-0.8017593360273167,1.0440231300890446,-0.16235388609115425,-0.010507421570941804
2024_01_MIN_NYG,MIN,0.3193807779462077,-0.004116787391607291,16.69979872910873,-0.4257494982516452,-0.16012815759811355
2024_01_MIN_NYG,NYG,-0.4257494982516452,-0.16012815759811355,-10.65615580270165,0.3193807779462077,-0.004116787391607291
2024_01_NE_CIN,CIN,-0.2285087472253057,0.1952082755832145,-0.0967869470859396,0.0463360092576981,-0.055143760835562716
2024_01_NE_CIN,NE,0.0463360092576981,-0.055143760835562716,1.1327047710833342,-0.2285087472253057,0.1952082755832145
2024_01_NYJ_SF,NYJ,0.04192283963448426,-0.2116500986812688,-2.0668061128978072,0.19788442993407454,0.051893085705362156
2024_01_NYJ_SF,SF,0.19788442993407454,0.051893085705362156,1.2239474674751019,0.04192283963448426,-0.2116500986812688
2024_01_PIT_ATL,ATL,-0.3171815607441643,-0.3232812671491917,-1.9854866940042246,-0.03440220528167952,-0.1973939374102311
2024_01_PIT_ATL,PIT,-0.03440220528167952,-0.1973939374102311,4.855539581992409,-0.3171815607441643,-0.3232812671491917
2024_01_TEN_CHI,CHI,-0.28186635371040275,-0.20269290011952093,-19.838386362996594,-0.38922580760364517,-0.0604311305785086
2024_01_TEN_CHI,TEN,-0.38922580760364517,-0.0604311305785086,4.881221000795011,-0.28186635371040275,-0.20269290011952093
2024_01_WAS_TB,TB,0.6890775746760046,-0.2157282323355321,12.67606407403946,0.23258792490888341,0.036852427205303684
2024_01_WAS_TB,WAS,0.23258792490888341,0.036852427205303684,-3.183149794737498,0.6890775746760046,-0.2157282323355321
2024_02_ATL_PHI,ATL,0.2628339471085147,0.018302633581915872,2.912838602888173,0.14103121386074494,0.019992321251214227
2024_02_ATL_PHI,PHI,0.14103121386074494,0.019992321251214227,13.684329287759189,0.2628339471085147,0.018302633581915872
2024_02_BUF_MIA,BUF,0.5411838519268977,-0.05152709153083957,4.1978740029864845,-0.3442820041925059,-0.1878812665509031
2024_02_BUF_MIA,MIA,-0.3442820041925059,-0.1878812665509031,0.4691132822552243,0.5411838519268977,-0.05152709153083957
2024_02_CHI_HOU,CHI,-0.22224838347240355,-0.13714966184569574,-1.2981588787892286,0.02425364334285147,-0.504268946774703
2024_02_CHI_HOU,HOU,0.02425364334285147,-0.504268946774703,-3.270298593184527,-0.22224838347240355,-0.13714966184569574
2024_02_CIN_KC,CIN,0.059195339473932525,-0.04499663662863895,4.934283477418563,-0.19007844780712774,0.10048943234392868
2024_02_CIN_KC,KC,-0.19007844780712774,0.10048943234392868,4.608933692393095,0.059195339473932525,-0.04499663662863895
2024_02_CLE_JAX,CLE,0.03059570419959177,-0.09015370029374026,-0.4586526841828317,-0.04230057841576538,0.011358159509989875
2024_02_CLE_JAX,JAX,-0.04230057841576538,0.011358159509989875,-9.224460191196865,0.03059570419959177,-0.09015370029374026
2024_02_IND_GB,GB,0.4418844655554187,-0.21078746650182872,20.778585626528812,-0.11970767317210002,-0.048405015903439576
2024_02_IND_GB,IND,-0.11970767317210002,-0.048405015903439576,-8.146408392537024,0.4418844655554187,-0.21078746650182872
2024_02_LAC_CAR,CAR,-0.7579521568034528,-0.04089411718579119,-6.463729188992427,0.13601451915854992,0.08368349244510893
2024_02_LAC_CAR,LAC,0.13601451915854992,0.08368349244510893,7.658471088660391,-0.7579521568034528,-0.04089411718579119
2024_02_LA_ARI,ARI,0.8420860500198496,-0.0278503522142553,17.547060478301276,-0.34873726973695585,-0.12592977283493384
2024_02_LA_ARI,LA,-0.34873726973695585,-0.12592977283493384,1.4067500829696655,0.8420860500198496,-0.0278503522142553
2024_02_LV_BAL,BAL,0.020350534164541238,-0.07909960729254333,-0.5573773576367286,0.082739295897185,-0.45828804331897566
2024_02_LV_BAL,LV,0.082739295897185,-0.45828804331897566,15.884126391675737,0.020350534164541238,-0.07909960729254333
2024_02_NO_DAL,DAL,-0.20943502516266063,-0.046552984497975555,-2.2104173535253944,0.7835279257759746,0.2406582961549135
2024_02_NO_DAL,NO,0.7835279257759746,0.2406582961549135,3.058287501335144,-0.20943502516266063,-0.046552984497975555
2024_02_NYG_WAS,NYG,0.22632582434436135,-0.053680106622936284,-3.1380215176829585,0.2496180486059853,0.09771272779451523
2024_02_NYG_WAS,WAS,0.2496180486059853,0.09771272779451523,6.406155536914694,0.22632582434436135,-0.053680106622936284
2024_02_NYJ_TEN,NYJ,0.11949001152258046,0.02882134549277411,-8.622287779018796,-0.08111920253845471,-0.04188630439946645
2024_02_NYJ_TEN,TEN,-0.08111920253845471,-0.04188630439946645,6.956701587747644,0.11949001152258046,0.02882134549277411
2024_02_PIT_DEN,DEN,-0.233659584736127,-0.2546594585668679,-4.336511275985024,0.14675112492450104,-0.3005504179774992
2024_02_PIT_DEN,PIT,0.14675112492450104,-0.3005504179774992,7.404281198978424,-0.233659584736127,-0.2546594585668679
2024_02_SEA_NE,NE,0.05654509111701852,0.04366380490329383,-4.117939248681068,0.23785282962718138,-0.466287014992513
2024_02_SEA_NE,SEA,0.23785282962718138,-0.466287014992513,8.508058134899583,0.05654509111701852,0.04366380490329383
2024_02_SF_MIN,MIN,-0.11869640618100279,0.07633482270502585,0.7061239331960678,-0.02333926420000022,-0.16516393815136443
2024_02_SF_MIN,SF,-0.02333926420000022,-0.16516393815136443,8.449785163005194,-0.11869640618100279,0.07633482270502585
2024_02_TB_DET,DET,-0.16427275297037955,0.11728665184077378,-3.196951522017425,0.07129591311243073,-0.1838576646190823
2024_02_TB_DET,TB,0.07129591311243073,-0.1838576646190823,-7.936860071985345,-0.16427275297037955,0.11728665184077378
2024_03_BAL_DAL,BAL,0.51522183535336,0.2296002481910122,4.3970902760823565,0.10156700825185602,-0.12814550102120847
2024_03_BAL_DAL,DAL,0.10156700825185602,-0.12814550102120847,-10.795586943626404,0.51522183535336,0.2296002481910122
2024_03_CAR_LV,CAR,0.2937764357773088,0.054264413676396055,-2.452292474540504,0.06988349310257459,-0.5121922425692901
2024_03_CAR_LV,LV,0.06988349310257459,-0.5121922425692901,-2.8649824552046947,0.2937764357773088,0.054264413676396055
2024_03_CHI_IND,CHI,-0.0628501295897241,-0.3331735500692518,2.7320085714260736,-0.46178445737535617,-0.050760294252540916
2024_03_CHI_IND,IND,-0.46178445737535617,-0.050760294252540916,-9.81645037730535,-0.0628501295897241,-0.3331735500692518
2024_03_DEN_TB,DEN,0.15385973027610417,-0.02008846966297521,4.943022394881529,-0.5258381088348049,0.12628064375167014
2024_03_DEN_TB,TB,-0.5258381088348049,0.12628064375167014,3.9307611994445324,0.15385973027610417,-0.02008846966297521
2024_03_DET_ARI,ARI,-0.0030766716224344443,-0.571330085145148,-1.6049121232593762,0.2541742314933799,-0.09132695921434789
2024_03_DET_ARI,DET,0.2541742314933799,-0.09132695921434789,10.704039985483343,-0.0030766716224344443,-0.571330085145148
2024_03_GB_TEN,GB,0.26833236107428876,-0.09767650250295126,-1.1954061294856824,-0.3787941472113339,-0.1864388489112672
2024_03_GB_TEN,TEN,-0.3787941472113339,-0.1864388489112672,5.6994156802401825,0.26833236107428876,-0.09767650250295126
2024_03_HOU_MIN,HOU,-0.2005838544156173,-0.34111968063834036,-5.398112535476685,0.13764980952083006,0.04324448988039943
2024_03_HOU_MIN,MIN,0.13764980952083006,0.04324448988039943,0.974176287651062,-0.2005838544156173,-0.34111968063834036
2024_03_JAX_BUF,BUF,0.6398082391201503,0.0694575067536789,12.893429348866144,-0.4840790975283827,0.6004004573656453
2024_03_JAX_BUF,JAX,-0.4840790975283827,0.6004004573656453,-7.019093903628263,0.6398082391201503,0.0694575067536789
2024_03_KC_ATL,ATL,0.17141856652782714,-0.3445753100895672,6.606726182831658,0.11900395892769998,0.08798444843112915
2024_03_KC_ATL,KC,0.11900395892769998,0.08798444843112915,1.2870259582996368,0.17141856652782714,-0.3445753100895672
2024_03_LAC_PIT,LAC,-0.12862655845891016,-0.26815625390736386,6.364506483078003,0.2198417126651751,-0.026056983608527685
2024_03_LAC_PIT,PIT,0.2198417126651751,-0.026056983608527685,10.247888295881209,-0.12862655845891016,-0.26815625390736386
2024_03_MIA_SEA,MIA,-0.38018778638731343,-0.47886845639195424,-0.16044484030815861,-0.035259609457745325,-0.08179860153783618
2024_03_MIA_SEA,SEA,-0.035259609457745325,-0.08179860153783618,6.669553482171261,-0.38018778638731343,-0.47886845639195424
2024_03_NE_NYJ,NE,-0.31188908012829497,-0.29704572380824873,-3.532356396317482,0.4058810956608748,-0.05559584947380548
2024_03_NE_NYJ,NYJ,0.4058810956608748,-0.05559584947380548,12.662459734608145,-0.31188908012829497,-0.29704572380824873
2024_03_NYG_CLE,CLE,-0.2938487109394735,-0.4971352337937181,-7.4693291527884345,0.1966300808928237,-0.19494614705180321
2024_03_NYG_CLE,NYG,0.1966300808928237,-0.19494614705180321,5.554602601948907,-0.2938487109394735,-0.4971352337937181
2024_03_PHI_NO,NO,0.016208382969714243,-0.42924214246536224,-6.90611341725225,-0.06666927404416036,0.17743446924049533
2024_03_PHI_NO,PHI,-0.06666927404416036,0.17743446924049533,9.86737600631184,0.016208382969714243,-0.42924214246536224
2024_03_SF_LA,LA,0.23707498789985335,0.1415130496345392,2.0764472691909126,0.4208986876720153,-0.09437336918591298
2024_03_SF_LA,SF,0.4208986876720153,-0.09437336918591298,8.349133332570394,0.23707498789985335,0.1415130496345392
2024_03_WAS_CIN,CIN,0.44870344638678206,0.3110459046239205,9.191212136494485,0.7746076817178819,0.1961622741890516
2024_03_WAS_CIN,WAS,0.7746076817178819,0.1961622741890516,28.35012991791186,0.44870344638678206,0.3110459046239205
2024_04_BUF_BAL,BAL,0.4093841019216184,0.15939937044417352,12.691443496280247,-0.31207936964550653,0.06873883896683966
2024_04_BUF_BAL,BUF,-0.31207936964550653,0.06873883896683966,0.4121263821919759,0.4093841019216184,0.15939937044417352
2024_04_CIN_CAR,CAR,0.026697708990413824,0.015486722726983806,-3.9688724279403687,0.2982518599593378,-0.002071212647947371
2024_04_CIN_CAR,CIN,0.2982518599593378,-0.002071212647947371,3.6830759048461914,0.026697708990413824,0.015486722726983806
2024_04_CLE_LV,CLE,-0.19632734684047728,0.02956473300776755,4.124236479401588,-0.07092963665765978,-0.2026425513821388
2024_04_CLE_LV,LV,-0.07092963665765978,-0.2026425513821388,-13.652257869640986,-0.19632734684047728,0.02956473300776755
2024_04_DAL_NYG,DAL,0.2025341919711878,-0.06384902580482806,13.090057556445782,0.07968290464048552,-0.3180793348659316
2024_04_DAL_NYG,NYG,0.07968290464048552,-0.3180793348659316,10.309940184417524,0.2025341919711878,-0.06384902580482806
2024_04_DEN_NYJ,DEN,-0.5443497407470894,0.024999502925424116,-14.79930990934372,-0.21378060203809174,-0.29092669889048406
2024_04_DEN_NYJ,NYJ,-0.21378060203809174,-0.29092669889048406,-7.390321900204914,-0.5443497407470894,0.024999502925424116
2024_04_JAX_HOU,HOU,0.30854740788005197,-0.32914826917597867,1.5790648949451935,-0.03542916362593319,0.021509771558075128
2024_04_JAX_HOU,JAX,-0.03542916362593319,0.021509771558075128,-7.820608094334602,0.30854740788005197,-0.32914826917597867
2024_04_KC_LAC,KC,-0.07579133566913039,-0.20042277011353607,-6.731149341378893,-0.09481271975264738,-0.4322200694660147
2024_04_KC_LAC,LAC,-0.09481271975264738,-0.4322200694660147,-6.547607426290159,-0.07579133566913039,-0.20042277011353607
2024_04_LA_CHI,CHI,0.11903678414938722,0.0863833224676245,10.312128879807211,-0.060834333693144275,0.17981728352912996
2024_04_LA_CHI,LA,-0.060834333693144275,0.17981728352912996,-0.008961044508835366,0.11903678414938722,0.0863833224676245
2024_04_MIN_GB,GB,-0.09380415457060966,-0.10098747099982575,-1.3447275868168584,0.34897696857414146,-0.31127639341063734
2024_04_MIN_GB,MIN,0.34897696857414146,-0.31127639341063734,10.92310161502273,-0.09380415457060966,-0.10098747099982575
2024_04_NE_SF,NE,-0.38413918395444996,-0.5120669629530842,-8.48247641697526,0.2884667973765524,-0.0823449758735175
2024_04_NE_SF,SF,0.2884667973765524,-0.0823449758735175,2.7807365243251505,-0.38413918395444996,-0.5120669629530842
2024_04_NO_ATL,ATL,-0.07535810746387112,0.08619397637085058,-6.778501763063319,-0.03775705438740239,0.1544083608728904
2024_04_NO_ATL,NO,-0.03775705438740239,0.1544083608728904,4.909755786259969,-0.07535810746387112,0.08619397637085058
2024_04_PHI_TB,PHI,-0.26147850606541495,0.31061186733616825,-3.572190424491619,0.30164382496300807,0.10887468651587066
2024_04_PHI_TB,TB,0.30164382496300807,0.10887468651587066,-5.938815816919854,-0.26147850606541495,0.31061186733616825
2024_04_PIT_IND,IND,0.3859098864116872,-0.13427673398983545,6.097733229398727,0.1070184538961215,-0.2130017467917731
2024_04_PIT_IND,PIT,0.1070184538961215,-0.2130017467917731,1.2370032258331776,0.3859098864116872,-0.13427673398983545
2024_04_SEA_DET,DET,0.7548021065958892,0.0902894569198207,25.5992696473473,0.08299647587242931,0.2989019920042826
2024_04_SEA_DET,SEA,0.08299647587242931,0.2989019920042826,-0.8045807761966057,0.7548021065958892,0.0902894569198207
2024_04_TEN_MIA,MIA,-0.3560294173759543,-0.4793139458409357,-2.985490078017825,-0.1721187470928082,-0.0037322727688287706
2024_04_TEN_MIA,TEN,-0.1721187470928082,-0.0037322727688287706,-4.525705840852526,-0.3560294173759543,-0.4793139458409357
2024_04_WAS_ARI,ARI,-0.2624356294150597,0.04152758908833588,0.4131769592111761,0.4393096758228543,0.39171842149878594
2024_04_WAS_ARI,WAS,0.4393096758228543,0.39171842149878594,14.327281812826792,-0.2624356294150597,0.04152758908833588
2024_05_ARI_SF,ARI,-0.005806983995010737,0.30920616514998656,-2.24483589331309,0.04261561565599493,-0.2730794231933744
2024_05_ARI_SF,SF,0.04261561565599493,-0.2730794231933744,-2.797040715813637,-0.005806983995010737,0.30920616514998656
2024_05_BAL_CIN,BAL,0.4170724217022966,0.040846472961525125,-0.4828714742893126,0.5257542926781091,-0.2418299790009835
2024_05_BAL_CIN,CIN,0.5257542926781091,-0.2418299790009835,11.79546771141199,0.4170724217022966,0.040846472961525125
2024_05_BUF_HOU,BUF,0.04167392742532289,-0.1191651043011986,-27.194740032327587,0.1670095945077572,-0.4523199180951521
2024_05_BUF_HOU,HOU,0.1670095945077572,-0.4523199180951521,5.94450763293675,0.04167392742532289,-0.1191651043011986
2024_05_CAR_CHI,CAR,-0.4410028013390488,0.3022077394827433,-0.46261693492080225,0.4160099860704824,-0.11468065860663046
2024_05_CAR_CHI,CHI,0.4160099860704824,-0.11468065860663046,2.837016752787999,-0.4410028013390488,0.3022077394827433
2024_05_CLE_WAS,CLE,-0.380202794320355,-0.08601681519454966,-7.754831973995481,0.12720904281898035,0.003454436305187771
2024_05_CLE_WAS,WAS,0.12720904281898035,0.003454436305187771,-7.970546241159792,-0.380202794320355,-0.08601681519454966
2024_05_DAL_PIT,DAL,0.27556987027300583,-0.08163516747164036,3.099747838043585,-0.028727086303661054,0.17561439275590776
2024_05_DAL_PIT,PIT,-0.028727086303661054,0.17561439275590776,-0.740804924414708,0.27556987027300583,-0.08163516747164036
2024_05_GB_LA,GB,0.08863410883190041,-0.022833050810731947,-12.448083758354187,-0.14698636427887582,0.050889849222714785
2024_05_GB_LA,LA,-0.14698636427887582,0.050889849222714785,-5.189737412664625,0.08863410883190041,-0.022833050810731947
2024_05_IND_JAX,IND,0.30898368214977723,0.10918682169803004,8.592811889118618,0.3396498861855694,0.10448763811376269
2024_05_IND_JAX,JAX,0.3396498861855694,0.10448763811376269,11.406061228583841,0.30898368214977723,0.10918682169803004
2024_05_LV_DEN,DEN,-0.0013965839037919571,0.04576274853995225,2.392657559651595,-0.2716769873682556,-0.07996111807066093
2024_05_LV_DEN,LV,-0.2716769873682556,-0.07996111807066093,-3.082332925664054,-0.0013965839037919571,0.04576274853995225
2024_05_MIA_NE,MIA,0.024293979133401398,-0.08556326347897994,-6.814700365066528,-0.2690595054491551,0.12571729332618267
2024_05_MIA_NE,NE,-0.2690595054491551,0.12571729332618267,-4.381044904390971,0.024293979133401398,-0.08556326347897994
2024_05_NO_KC,KC,0.17934861050856704,0.0847025699269008,10.07432981449015,-0.08492053475660774,-0.13029179063076818
2024_05_NO_KC,NO,-0.08492053475660774,-0.13029179063076818,3.235814766958356,0.17934861050856704,0.0847025699269008
2024_05_NYG_SEA,NYG,0.24546619287241958,-0.2794417474017959,4.769680769212784,-0.10768439323069727,-0.006091300464634385
2024_05_NYG_SEA,SEA,-0.10768439323069727,-0.006091300464634385,-0.4964416607832297,0.24546619287241958,-0.2794417474017959
2024_05_NYJ_MIN,MIN,-0.019893075198901232,-0.36074191308996106,-6.356002922569003,-0.2540796370531275,-0.5479411870848188
2024_05_NYJ_MIN,NYJ,-0.2540796370531275,-0.5479411870848188,-7.652243153721678,-0.019893075198901232,-0.36074191308996106
2024_05_TB_ATL,ATL,0.33810580156206843,-0.2528185607719934,6.72654233596943,0.3264459358384731,-0.15040139907588518
2024_05_TB_ATL,TB,0.3264459358384731,-0.15040139907588518,6.2360314031442,0.33810580156206843,-0.2528185607719934
2024_06_ARI_GB,ARI,-0.06062825647404752,-0.29329697661236614,-1.0782554745674133,0.5308025132291253,-0.017127896225942737
2024_06_ARI_GB,GB,0.5308025132291253,-0.017127896225942737,4.1647218888805755,-0.06062825647404752,-0.29329697661236614
2024_06_ATL_CAR,ATL,0.29004117172356847,0.3206250395651275,0.867050680620917,-0.09567988793412767,-0.06833349430235103
2024_06_ATL_CAR,CAR,-0.09567988793412767,-0.06833349430235103,2.3560120447261914,0.29004117172356847,0.3206250395651275
2024_06_BUF_NYJ,BUF,0.33484141516754723,0.19277629222571185,18.946687553239904,0.2997210962823629,-0.07078449887392874
2024_06_BUF_NYJ,NYJ,0.2997210962823629,-0.07078449887392874,-0.4692192463313832,0.33484141516754723,0.19277629222571185
2024_06_CIN_NYG,CIN,0.23449540358080045,-0.4986352440832621,11.06732137825178,-0.1828980897840792,0.11077325160918658
2024_06_CIN_NYG,NYG,-0.1828980897840792,0.11077325160918658,-8.31601901186837,0.23449540358080045,-0.4986352440832621
2024_06_CLE_PHI,CLE,0.005618281231810541,-0.18323785581910626,-0.5168279875879702,0.2747583637089966,0.0871960888052854
2024_06_CLE_PHI,PHI,0.2747583637089966,0.0871960888052854,2.2574149072170258,0.005618281231810541,-0.18323785581910626
2024_06_DET_DAL,DAL,-0.536165700991895,-0.14247039777910686,-7.944402167963427,0.41672762177445233,0.2580517181459072
2024_06_DET_DAL,DET,0.41672762177445233,0.2580517181459072,6.047889590263367,-0.536165700991895,-0.14247039777910686
2024_06_HOU_NE,HOU,0.16283782486214518,0.16483522620938645,1.2386372973842006,-0.226878385232865,-0.39165213539464666
2024_06_HOU_NE,NE,-0.226878385232865,-0.39165213539464666,-3.2566384923073555,0.16283782486214518,0.16483522620938645
2024_06_IND_TEN,IND,0.1884510911218547,-0.2624172150841964,-4.214818278948466,-0.13810469252424312,0.12831421485036396
2024_06_IND_TEN,TEN,-0.13810469252424312,0.12831421485036396,-3.8641067566695035,0.1884510911218547,-0.2624172150841964
2024_06_JAX_CHI,CHI,0.52841125118385,-0.018369626092419156,15.892489598347591,0.00633921406989106,-0.10225972233627759
2024_06_JAX_CHI,JAX,0.00633921406989106,-0.10225972233627759,6.896072796412876,0.52841125118385,-0.018369626092419156
2024_06_LAC_DEN,DEN,0.04869752116295549,-0.507691910713523,-5.980653362348676,0.20960669947639393,-0.03672410834919634
2024_06_LAC_DEN,LAC,0.20960669947639393,-0.03672410834919634,1.4173978759396462,0.04869752116295549,-0.507691910713523
2024_06_PIT_LV,LV,-0.1238624319246949,-0.582400662750986,-2.3128253382605477,0.14903308601256496,-0.03086601342947688
2024_06_PIT_LV,PIT,0.14903308601256496,-0.03086601342947688,-6.723664636197298,-0.1238624319246949,-0.582400662750986
2024_06_SF_SEA,SEA,0.07021823646182462,-0.17306926994933747,0.5843202273050944,0.39138106184235516,0.19301611799775292
2024_06_SF_SEA,SF,0.39138106184235516,0.19301611799775292,1.1455574521312006,0.07021823646182462,-0.17306926994933747
2024_06_TB_NO,NO,-0.4070534001143147,-0.278847215200956,-12.420791073849326,0.0875883520771103,0.3425745610038575
2024_06_TB_NO,TB,0.0875883520771103,0.3425745610038575,-6.708218488428328,-0.4070534001143147,-0.278847215200956
2024_06_WAS_BAL,BAL,0.46428662106693647,0.0003773246179368923,15.832777500152588,0.30126643809754033,-0.39982227099632534
2024_06_WAS_BAL,WAS,0.30126643809754033,-0.39982227099632534,9.232230800570864,0.46428662106693647,0.0003773246179368923
2024_07_BAL_TB,BAL,0.9611255756679855,-0.23991387839584302,15.367380990868522,0.1382196378795628,0.0676125268591568
2024_07_BAL_TB,TB,0.1382196378795628,0.0676125268591568,3.6437843905554876,0.9611255756679855,-0.23991387839584302
2024_07_CAR_WAS,CAR,-0.8723718315956094,-0.0756183047584879,1.1494035229963415,0.47771885097216527,0.02623942989250996
2024_07_CAR_WAS,WAS,0.47771885097216527,0.02623942989250996,15.859420657157898,-0.8723718315956094,-0.0756183047584879
2024_07_CIN_CLE,CIN,-0.03642880253429557,-0.36176756434252366,-1.0590435316165288,-0.18241700078489365,-0.0684215580964514
2024_07_CIN_CLE,CLE,-0.18241700078489365,-0.0684215580964514,-3.867685670653979,-0.03642880253429557,-0.36176756434252366
2024_07_DEN_NO,DEN,-0.045307353871288765,0.2451118698421245,-7.986245036125183,-0.4397581394185449,-0.002895700361798791
2024_07_DEN_NO,NO,-0.4397581394185449,-0.002895700361798791,0.2631637530449109,-0.045307353871288765,0.2451118698421245
2024_07_DET_MIN,DET,0.5144102324165629,-0.3954402378467084,15.493188738822937,-0.01620248997019453,-0.03460349520216422
2024_07_DET_MIN,MIN,-0.01620248997019453,-0.03460349520216422,13.547658576415134,0.5144102324165629,-0.3954402378467084
2024_07_HOU_GB,GB,0.05875921077265752,-0.18791982276015914,6.107306570717783,-0.28310410577941036,0.0009448700166727966
2024_07_HOU_GB,HOU,-0.28310410577941036,0.0009448700166727966,-14.842326703824495,0.05875921077265752,-0.18791982276015914
2024_07_KC_SF,KC,0.05539623688320827,0.027367810665496758,-2.5463162660598755,-0.16365300139943564,-0.11111441647875023
2024_07_KC_SF,SF,-0.16365300139943564,-0.11111441647875023,-9.561323446612205,0.05539623688320827,0.027367810665496758
2024_07_LAC_ARI,ARI,0.26426191617464345,-0.10685126962440943,-17.45451855659485,0.1296730413113288,-0.14008097105834166
2024_07_LAC_ARI,LAC,0.1296730413113288,-0.14008097105834166,4.839166837769586,0.26426191617464345,-0.10685126962440943
2024_07_LV_LA,LA,-0.22000320076268068,-0.2885187163246209,-9.64047908782959,-0.46347613494349077,-0.10906045660921072
2024_07_LV_LA,LV,-0.46347613494349077,-0.10906045660921072,-9.93633074419839,-0.22000320076268068,-0.2885187163246209
2024_07_MIA_IND,IND,-0.1559991310240423,-0.22567342309538685,-18.677556921135295,-0.02965361970952818,-0.4163906575188004
2024_07_MIA_IND,MIA,-0.02965361970952818,-0.4163906575188004,-4.632330618121407,-0.1559991310240423,-0.22567342309538685
2024_07_NE_JAX,JAX,0.6277796443026964,0.029162598144275284,4.5551784336566925,0.17800874182788134,-0.29026437589033904
2024_07_NE_JAX,NE,0.17800874182788134,-0.29026437589033904,5.197230229775111,0.6277796443026964,0.029162598144275284
2024_07_NYJ_PIT,NYJ,0.002066371693640001,-0.14141971257777186,-5.390798510649265,0.28659360377072196,0.05752217663601706
2024_07_NYJ_PIT,PIT,0.28659360377072196,0.05752217663601706,-1.5767191295270566,0.002066371693640001,-0.14141971257777186
2024_07_PHI_NYG,NYG,-0.5283855655889612,-0.1130741122586187,-6.331663882290876,0.06842007299976262,0.18585062965506777
2024_07_PHI_NYG,PHI,0.06842007299976262,0.18585062965506777,5.691056485686984,-0.5283855655889612,-0.1130741122586187
2024_07_SEA_ATL,ATL,-0.19445657912954126,0.03675709444571346,2.1638853682412043,0.3718919100120003,-0.11348566332162591
2024_07_SEA_ATL,SEA,0.3718919100120003,-0.11348566332162591,8.8192810437509,-0.19445657912954126,0.03675709444571346
2024_07_TEN_BUF,BUF,0.3626960536580525,-0.015075153451471123,2.8062133118510246,0.010632548932255017,-0.5189755164050999
2024_07_TEN_BUF,TEN,0.010632548932255017,-0.5189755164050999,-1.8629993263043856,0.3626960536580525,-0.015075153451471123
2024_08_ARI_MIA,ARI,0.4400707141294284,-0.06271287054172572,11.936877532438798,0.23212267300190964,0.07990008123912655
2024_08_ARI_MIA,MIA,0.23212267300190964,0.07990008123912655,3.882307049475218,0.4400707141294284,-0.06271287054172572
2024_08_ATL_TB,ATL,0.5151637751725732,-0.06661993920712675,12.709072870867592,0.14848412704720992,-0.20633882022520994
2024_08_ATL_TB,TB,0.14848412704720992,-0.20633882022520994,11.459890591061633,0.5151637751725732,-0.06661993920712675
2024_08_BAL_CLE,BAL,0.2711544682486833,-0.15010699107660913,4.343510099819729,0.27005704555655513,-0.17044854958186295
2024_08_BAL_CLE,CLE,0.27005704555655513,-0.17044854958186295,2.923211600722336,0.2711544682486833,-0.15010699107660913
2024_08_BUF_SEA,BUF,0.3566456559241511,0.16831809619543492,7.419146038591862,0.0199922815720693,-0.7861657895659196
2024_08_BUF_SEA,SEA,0.0199922815720693,-0.7861657895659196,3.1261357996198864,0.3566456559241511,0.16831809619543492
2024_08_CAR_DEN,CAR,-0.18238762478920928,-0.17227079181530927,3.8625919818878174,0.08894669143289018,0.005041239775406817
2024_08_CAR_DEN,DEN,0.08894669143289018,0.005041239775406817,14.790402039101249,-0.18238762478920928,-0.17227079181530927
2024_08_CHI_WAS,CHI,-0.16308610120530107,0.011395464697021193,-9.360745903991518,0.2164388936146767,-0.25476935116547306
2024_08_CHI_WAS,WAS,0.2164388936146767,-0.25476935116547306,-0.8673688944648293,-0.16308610120530107,0.011395464697021193
2024_08_DAL_SF,DAL,0.07878451754582669,-0.10936937990320278,6.314246638401134,0.2884214515031657,0.056811838695049695
2024_08_DAL_SF,SF,0.2884214515031657,0.056811838695049695,2.9021987915039062,0.07878451754582669,-0.10936937990320278
2024_08_GB_JAX,GB,0.3394203689559767,-0.006955551740247756,4.375940395726098,0.08517381456871469,-0.03393523166150205
2024_08_GB_JAX,JAX,0.08517381456871469,-0.03393523166150205,6.624977687994639,0.3394203689559767,-0.006955551740247756
2024_08_IND_HOU,HOU,0.14153327069269808,-0.31323582781284737,1.6954836746056874,-0.2002575914739761,0.06002564514675586
2024_08_IND_HOU,IND,-0.2002575914739761,0.06002564514675586,-24.750743662157365,0.14153327069269808,-0.31323582781284737
2024_08_KC_LV,KC,0.28017282087816325,-0.13940662149572744,6.305332439286368,0.1719080695643549,-0.5366459026914335
2024_08_KC_LV,LV,0.1719080695643549,-0.5366459026914335,17.072379147564924,0.28017282087816325,-0.13940662149572744
2024_08_MIN_LA,LA,0.5303012893239681,-0.14279456254986017,4.542004799141603,0.2965074955604395,-0.16536506872507745
2024_08_MIN_LA,MIN,0.2965074955604395,-0.16536506872507745,11.819898823033208,0.5303012893239681,-0.14279456254986017
2024_08_NO_LAC,LAC,0.14109675824814455,-0.19381104056490586,-3.142394026120504,-0.2273073801189794,-0.18587495580071672
2024_08_NO_LAC,NO,-0.2273073801189794,-0.18587495580071672,-14.638553481352957,0.14109675824814455,-0.19381104056490586
2024_08_NYG_PIT,NYG,-0.0890823646861335,0.152707047869917,3.2617968481940194,0.057995860328805604,0.022537838417338207
2024_08_NYG_PIT,PIT,0.057995860328805604,0.022537838417338207,11.759595517758969,-0.0890823646861335,0.152707047869917
2024_08_NYJ_NE,NE,0.122979893218033,-0.09429230618947518,-2.4742226148473807,0.2745047399116536,0.05702064431638324
2024_08_NYJ_NE,NYJ,0.2745047399116536,0.05702064431638324,8.291159391403198,0.122979893218033,-0.09429230618947518
2024_08_PHI_CIN,CIN,0.11939129673411061,-0.2840464919367257,6.127413196696176,0.6701229336913174,0.13156207532548242
2024_08_PHI_CIN,PHI,0.6701229336913174,0.13156207532548242,19.492408946940774,0.11939129673411061,-0.2840464919367257
2024_08_TEN_DET,DET,-0.1071982444037521,0.23173999512558416,9.463893539375729,-0.29467794364516403,-0.25815985296202565
2024_08_TEN_DET,TEN,-0.29467794364516403,-0.25815985296202565,-6.420687703709853,-0.1071982444037521,0.23173999512558416
2024_09_CHI_ARI,ARI,-0.3174178347044611,0.06496636768554848,-0.09226799011230469,-0.2785241992192007,-0.1420883831298469
2024_09_CHI_ARI,CHI,-0.2785241992192007,-0.1420883831298469,-4.824049936400519,-0.3174178347044611,0.06496636768554848
2024_09_DAL_ATL,ATL,0.2760863714712431,-0.10912932012745712,11.640510708093643,-0.08553579394334475,0.13484498218780286
2024_09_DAL_ATL,DAL,-0.08553579394334475,0.13484498218780286,-6.370274039606254,0.2760863714712431,-0.10912932012745712
2024_09_DEN_BAL,BAL,0.8409964802884741,0.03134876241438178,16.471140792495326,-0.05453456124151577,-0.320013928017579
2024_09_DEN_BAL,DEN,-0.05453456124151577,-0.320013928017579,-2.8138420347011452,0.8409964802884741,0.03134876241438178
2024_09_DET_GB,DET,0.31457202625736685,-0.019158305619688083,18.08717370033264,-0.0339315488873465,0.0909363123935505
2024_09_DET_GB,GB,-0.0339315488873465,0.0909363123935505,-0.19076776665610237,0.31457202625736685,-0.019158305619688083
2024_09_HOU_NYJ,HOU,-0.09067355594978226,0.0365536712721223,-15.74665364520303,0.2602989572009796,-0.23805437092613874
2024_09_HOU_NYJ,NYJ,0.2602989572009796,-0.23805437092613874,-1.2533576227724552,-0.09067355594978226,0.0365536712721223
2024_09_IND_MIN,IND,-0.29776237689661633,-0.3823929960269352,-10.534667637613085,-0.06547830159170384,-0.032183758512837814
2024_09_IND_MIN,MIN,-0.06547830159170384,-0.032183758512837814,20.28606479818171,-0.29776237689661633,-0.3823929960269352
2024_09_JAX_PHI,JAX,-0.14794871167012638,-0.12946653697484484,-9.405368467171987,0.20291684329537366,-0.207422399776658
2024_09_JAX_PHI,PHI,0.20291684329537366,-0.207422399776658,12.363064807394277,-0.14794871167012638,-0.12946653697484484
2024_09_LAC_CLE,CLE,-0.32333479568743345,-0.16001304892124607,-8.498814507671025,-0.006904924480878297,0.027056003591860646
2024_09_LAC_CLE,LAC,-0.006904924480878297,0.027056003591860646,8.326609088824345,-0.32333479568743345,-0.16001304892124607
2024_09_LA_SEA,LA,0.20881237655834528,-0.3226501043950702,-3.025500760191963,-0.0746220012770209,-0.4488276002605656
2024_09_LA_SEA,SEA,-0.0746220012770209,-0.4488276002605656,0.48076685737161073,0.20881237655834528,-0.3226501043950702
2024_09_LV_CIN,CIN,0.18790393006021122,-0.055341724348961306,5.959195865167154,-0.13180904286464948,-0.35800581432753176
2024_09_LV_CIN,LV,-0.13180904286464948,-0.35800581432753176,1.6680337488651276,0.18790393006021122,-0.055341724348961306
2024_09_MIA_BUF,BUF,0.2752339587859007,-0.05722205576545377,-2.3320183985763125,0.6818582888850588,-0.06670529404782946
2024_09_MIA_BUF,MIA,0.6818582888850588,-0.06670529404782946,21.28305611787019,0.2752339587859007,-0.05722205576545377
2024_09_NE_TEN,NE,-0.01686562620282745,-0.3667001885852577,5.798991597615755,0.20876950215755938,-0.19798699354307386
2024_09_NE_TEN,TEN,0.20876950215755938,-0.19798699354307386,9.53728457291921,-0.01686562620282745,-0.3667001885852577
2024_09_NO_CAR,CAR,0.11969492524067155,-0.07151511980000098,1.6594239821036656,0.07986977212153316,0.14944771700677284
2024_09_NO_CAR,NO,0.07986977212153316,0.14944771700677284,-0.8838789803641183,0.11969492524067155,-0.07151511980000098
2024_09_TB_KC,KC,0.2625263995735958,-0.03834725829844555,12.385161646774836,0.2254424285422595,0.041255416597575985
2024_09_TB_KC,TB,0.2254424285422595,0.041255416597575985,3.162274725975529,0.2625263995735958,-0.03834725829844555
2024_09_WAS_NYG,NYG,0.0183971028518381,0.2618998875337032,8.956627547740936,0.5396135715911418,0.1325188086630078
2024_09_WAS_NYG,WAS,0.5396135715911418,0.1325188086630078,11.927927481500726,0.0183971028518381,0.2618998875337032
2024_10_ATL_NO,ATL,0.03448335316583002,0.17212677294018625,-2.8615681706248104,0.22400021609314102,-0.2853169621026609
2024_10_ATL_NO,NO,0.22400021609314102,-0.2853169621026609,5.747485160827637,0.03448335316583002,0.17212677294018625
2024_10_BUF_IND,BUF,-0.12188949685297018,0.18367609711713156,-8.717984301703316,-0.2821678233689957,-0.13072062948380003
2024_10_BUF_IND,IND,-0.2821678233689957,-0.13072062948380003,6.362825376646859,-0.12188949685297018,0.18367609711713156
2024_10_CIN_BAL,BAL,0.48258874504543386,-0.08048536962229233,12.541617173701525,0.30390457806656507,-0.33057847917007166
2024_10_CIN_BAL,CIN,0.30390457806656507,-0.33057847917007166,0.7067556182543436,0.48258874504543386,-0.08048536962229233
2024_10_DEN_KC,DEN,0.1826529282159559,-0.19529706717364903,12.60621143238885,0.12057110219464003,-0.2856351687600288
2024_10_DEN_KC,KC,0.12057110219464003,-0.2856351687600288,2.3141591250896454,0.1826529282159559,-0.19529706717364903
2024_10_DET_HOU,DET,-0.04457373292997591,-0.18999556265503614,-2.5819130862752595,-0.06650935398090217,-0.3845318534258212
2024_10_DET_HOU,HOU,-0.06650935398090217,-0.3845318534258212,-8.771794103085995,-0.04457373292997591,-0.18999556265503614
2024_10_MIA_LA,LA,-0.15214623495091645,-0.5016468791669467,0.9773179888725281,-0.049395208359731296,-0.22595663216253298
2024_10_MIA_LA,MIA,-0.049395208359731296,-0.22595663216253298,-3.2841948526246205,-0.15214623495091645,-0.5016468791669467
2024_10_MIN_JAX,JAX,-0.25913052256302244,-0.41430060243146727,-0.9985215607143584,0.009378456501588457,-0.012375524008370942
2024_10_MIN_JAX,MIN,0.009378456501588457,-0.012375524008370942,0.48370151906400116,-0.25913052256302244,-0.41430060243146727
2024_10_NE_CHI,CHI,-0.43419835307338156,-0.23123635243973695,-8.30952009329429,-0.08780546589607878,0.02608062877248126
2024_10_NE_CHI,NE,-0.08780546589607878,0.02608062877248126,5.2154577296713125,-0.43419835307338156,-0.23123635243973695
2024_10_NYG_CAR,CAR,-0.20288355429867042,0.10317251119252195,-5.691631078720093,-0.16022759104210194,-0.0016057928951340728
2024_10_NYG_CAR,NYG,-0.16022759104210194,-0.0016057928951340728,0.6589838303625584,-0.20288355429867042,0.10317251119252195
2024_10_NYJ_ARI,ARI,0.7320129482419135,0.0974475423741575,18.128554647167523,-0.2044720623444599,0.13204908669200344
2024_10_NYJ_ARI,NYJ,-0.2044720623444599,0.13204908669200344,-2.59637146285086,0.7320129482419135,0.0974475423741575
2024_10_PHI_DAL,DAL,-0.7451051918480479,-0.5080091070927603,-10.889085510681415,-0.03664813127389008,-0.02196756594923339
2024_10_PHI_DAL,PHI,-0.03664813127389008,-0.02196756594923339,16.53276562690735,-0.7451051918480479,-0.5080091070927603
2024_10_PIT_WAS,PIT,0.2524063372450958,-0.20329919259093004,-4.671380611566397,-0.14804999581813094,0.043375054952617655
2024_10_PIT_WAS,WAS,-0.14804999581813094,0.043375054952617655,-12.735867593437433,0.2524063372450958,-0.20329919259093004
2024_10_SF_TB,SF,0.48949545397662125,-0.21441126873186375,8.745181735824136,0.006820606213108362,-0.043070759984267945
2024_10_SF_TB,TB,0.006820606213108362,-0.043070759984267945,-8.468727099484411,0.48949545397662125,-0.21441126873186375
2024_10_TEN_LAC,LAC,0.4399755280365609,0.06877050823823083,8.564060926437378,0.062472898984244934,0.17169307596934508
2024_10_TEN_LAC,TEN,0.062472898984244934,0.17169307596934508,10.900350757267164,0.4399755280365609,0.06877050823823083
2024_11_ATL_DEN,ATL,-0.09929905731404078,-0.50291562763265,-0.005888527837292901,0.5937780491506351,-0.04591558996225313
2024_11_ATL_DEN,DEN,0.5937780491506351,-0.04591558996225313,13.406086899340153,-0.09929905731404078,-0.50291562763265
2024_11_BAL_PIT,BAL,-0.18539816452706195,-0.03511149957609762,-10.669385137096528,-0.28446332504293026,-0.24959662034719562
2024_11_BAL_PIT,PIT,-0.28446332504293026,-0.24959662034719562,1.6661654226481915,-0.18539816452706195,-0.03511149957609762
2024_11_CIN_LAC,CIN,0.18039117650134695,-0.05329538117739898,-2.4864448801330896,0.04154357775128738,0.03996356326388195
2024_11_CIN_LAC,LAC,0.04154357775128738,0.03996356326388195,-11.721016331152482,0.18039117650134695,-0.05329538117739898
2024_11_CLE_NO,CLE,0.18923202000811662,-0.36464576592276754,-0.6989147265752157,0.09109545516924211,0.4077851457404904
2024_11_CLE_NO,NO,0.09109545516924211,0.4077851457404904,7.352812162467411,0.18923202000811662,-0.36464576592276754
2024_11_GB_CHI,CHI,0.15418770566671558,0.17019733944663035,6.727697099408796,0.5136981316992949,-0.01247140152174372
2024_11_GB_CHI,GB,0.5136981316992949,-0.01247140152174372,12.591090623070212,0.15418770566671558,0.17019733944663035
2024_11_HOU_DAL,DAL,-0.27441881412830504,-0.4115965776693295,-11.431058634210515,0.18276341596473897,0.14591409191210836
2024_11_HOU_DAL,HOU,0.18276341596473897,0.14591409191210836,-5.342165899999214,-0.27441881412830504,-0.4115965776693295
2024_11_IND_NYJ,IND,0.26335479336046386,-0.23534719839757004,7.280991758619036,-0.024306113748850687,-0.23423684078060383
2024_11_IND_NYJ,NYJ,-0.024306113748850687,-0.23423684078060383,3.4641989346208244,0.26335479336046386,-0.23534719839757004
2024_11_JAX_DET,DET,1.0176920264763978,0.10365252048284627,16.5980109284001,-0.3892852353145332,-0.28722944968467345
2024_11_JAX_DET,JAX,-0.3892852353145332,-0.28722944968467345,-3.79737349493163,1.0176920264763978,0.10365252048284627
2024_11_KC_BUF,BUF,0.31411836804797627,-0.1219814406625422,4.212929857404609,0.11233870042288847,0.0314818797787131
2024_11_KC_BUF,KC,0.11233870042288847,0.0314818797787131,9.59431754965936,0.31411836804797627,-0.1219814406625422
2024_11_LA_NE,LA,0.5777560770174007,0.16061621323682457,10.003946445606372,0.24561733208167047,-0.16413208540429228
2024_11_LA_NE,NE,0.24561733208167047,-0.16413208540429228,8.931581957920178,0.5777560770174007,0.16061621323682457
2024_11_LV_MIA,LV,0.1020214270704668,-0.06016129029203174,1.973721919915615,0.6607682905199452,-0.1749492200658467
2024_11_LV_MIA,MIA,0.6607682905199452,-0.1749492200658467,10.625237226486206,0.1020214270704668,-0.06016129029203174
2024_11_MIN_TEN,MIN,0.3667026708277076,-0.3639274760404782,3.762033780415853,0.005368883987165864,-0.6174299533110267
2024_11_MIN_TEN,TEN,0.005368883987165864,-0.6174299533110267,-4.830432349237903,0.3667026708277076,-0.3639274760404782
2024_11_SEA_SF,SEA,0.1133483785158964,-0.19011618019569487,15.981026426438362,0.1152516267649112,-0.12063636438921094
2024_11_SEA_SF,SF,0.1152516267649112,-0.12063636438921094,1.9846969417163305,0.1133483785158964,-0.19011618019569487
2024_11_WAS_PHI,PHI,0.08911719584589964,0.2819940790714702,2.902256727218628,0.1059822348453038,-0.34894277176742133
2024_11_WAS_PHI,WAS,0.1059822348453038,-0.34894277176742133,-4.182541556656361,0.08911719584589964,0.2819940790714702
2024_12_ARI_SEA,ARI,-0.16191178824277366,-0.4082181490957737,3.2054416397038628,0.05665887991945522,-0.27628856219021536
2024_12_ARI_SEA,SEA,0.05665887991945522,-0.27628856219021536,8.89170446566173,-0.16191178824277366,-0.4082181490957737
2024_12_BAL_LAC,BAL,0.2914311766268986,0.24658850130524385,10.642230084964208,0.0935641490071645,-0.15773484879173338
2024_12_BAL_LAC,LAC,0.0935641490071645,-0.15773484879173338,-7.958391805489858,0.2914311766268986,0.24658850130524385
2024_12_DAL_WAS,DAL,0.23102911982842844,-0.38652604665077345,3.6089149303734303,-0.2000604370758568,0.2287285216810461
2024_12_DAL_WAS,WAS,-0.2000604370758568,0.2287285216810461,6.7942919100032135,0.23102911982842844,-0.38652604665077345
2024_12_DEN_LV,DEN,0.2208585668115245,-0.36430194919260567,-7.331833166953845,-0.21354871950939971,-0.06644682678666171
2024_12_DEN_LV,LV,-0.21354871950939971,-0.06644682678666171,-7.043177083782528,0.2208585668115245,-0.36430194919260567
2024_12_DET_IND,DET,0.2124338037645818,0.07762945239101687,7.087433338165283,-0.2853745285694725,-0.1605304670734576
2024_12_DET_IND,IND,-0.2853745285694725,-0.1605304670734576,-14.439787030220032,0.2124338037645818,0.07762945239101687
2024_12_KC_CAR,CAR,0.2364514950870513,0.21337156637808258,3.449292526100621,0.2789609080235302,0.19865083158682947
2024_12_KC_CAR,KC,0.2789609080235302,0.19865083158682947,7.734522720177968,0.2364514950870513,0.21337156637808258
2024_12_MIN_CHI,CHI,0.10801365924045855,-0.17198200935415706,0.8924696039646229,0.3566576417585939,-0.3247506685632781
2024_12_MIN_CHI,MIN,0.3566576417585939,-0.3247506685632781,7.214974146336317,0.10801365924045855,-0.17198200935415706
2024_12_NE_MIA,MIA,0.31777763301800427,-0.6274470336901048,3.4430599212646484,-0.23550396005297078,-0.0692852431823629
2024_12_NE_MIA,NE,-0.23550396005297078,-0.0692852431823629,-7.784552630540487,0.31777763301800427,-0.6274470336901048
2024_12_PHI_LA,LA,0.1651998102500832,-0.35731322900049717,-0.6476984304540297,0.3226361324830439,0.31242957767972257
2024_12_PHI_LA,PHI,0.3226361324830439,0.31242957767972257,9.468399850945724,0.1651998102500832,-0.35731322900049717
2024_12_PIT_CLE,CLE,-0.08385084076805012,0.08989938073853383,2.491182971883703,0.26631466842221735,-0.3088189726713057
2024_12_PIT_CLE,PIT,0.26631466842221735,-0.3088189726713057,24.30560600757599,-0.08385084076805012,0.08989938073853383
2024_12_SF_GB,GB,0.3208731673988478,-0.02331621976190945,-2.2414302961392836,-0.5242600624762176,-0.17505907458507863
2024_12_SF_GB,SF,-0.5242600624762176,-0.17505907458507863,-3.87514210664309,0.3208731673988478,-0.02331621976190945
2024_12_TB_NYG,NYG,-0.09722877396636123,-0.6164283696659064,3.6010189851125083,0.7273384571058809,-0.1907838824810393
2024_12_TB_NYG,TB,0.7273384571058809,-0.1907838824810393,12.603810032208761,-0.09722877396636123,-0.6164283696659064
2024_12_TEN_HOU,HOU,-0.1658294414090441,-0.512402424688584,-4.694335018434832,0.0424124374276086,-0.2033883300061137
2024_12_TEN_HOU,TEN,0.0424124374276086,-0.2033883300061137,3.1566489934921265,-0.1658294414090441,-0.512402424688584
2024_13_ARI_MIN,ARI,0.14712436782965987,-0.04430784613640641,1.8765363582344943,-0.02363962747870309,-0.0241947551892901
2024_13_ARI_MIN,MIN,-0.02363962747870309,-0.0241947551892901,1.8609395623207092,0.14712436782965987,-0.04430784613640641
2024_13_CHI_DET,CHI,0.02523292217387987,-0.10140405779450455,-8.339647203683853,0.027888730014787113,0.07721746861866183
2024_13_CHI_DET,DET,0.027888730014787113,0.07721746861866183,-2.6257007352767454,0.02523292217387987,-0.10140405779450455
2024_13_CLE_DEN,CLE,0.014989083914963175,-0.1245217251019891,-3.323599434735482,0.15958967673991978,-0.01999704403351643
2024_13_CLE_DEN,DEN,0.15958967673991978,-0.01999704403351643,-4.456171008848375,0.014989083914963175,-0.1245217251019891
2024_13_HOU_JAX,HOU,0.07466680272503061,0.08867164678231347,-0.9996484174872889,0.1815903319800063,-0.17263061422905276
2024_13_HOU_JAX,JAX,0.1815903319800063,-0.17263061422905276,-5.457790479773567,0.07466680272503061,0.08867164678231347
2024_13_IND_NE,IND,0.060016783612278815,0.18083286804110377,-2.8272340074181557,0.2130769490572669,-0.03996920796731818
2024_13_IND_NE,NE,0.2130769490572669,-0.03996920796731818,10.442079404989878,0.060016783612278815,0.18083286804110377
2024_13_LAC_ATL,ATL,-0.17409754741096817,-0.15313895472699138,-5.574062701902892,-0.26349436819640265,-0.3349994052051833
2024_13_LAC_ATL,LAC,-0.26349436819640265,-0.3349994052051833,1.7222641656796138,-0.17409754741096817,-0.15313895472699138
2024_13_LA_NO,LA,0.07465403629854943,0.23779608548782696,-3.9009533498598183,0.04586690404063885,-0.10692462432601015
2024_13_LA_NO,NO,0.04586690404063885,-0.10692462432601015,-2.425239366643569,0.07465403629854943,0.23779608548782696
2024_13_LV_KC,KC,0.062860532107728,-0.28229218077155693,-7.405790223015679,0.19216871344077097,-0.21634338811586182
2024_13_LV_KC,LV,0.19216871344077097,-0.21634338811586182,-1.6114120974260218,0.062860532107728,-0.28229218077155693
2024_13_MIA_GB,GB,0.4592402892126727,-0.0593656524673251,7.048316512789045,0.2162505761419542,-0.4653366082930006
2024_13_MIA_GB,MIA,0.2162505761419542,-0.4653366082930006,8.362988933272984,0.4592402892126727,-0.0593656524673251
2024_13_NYG_DAL,DAL,0.03539953315402261,-0.14708970135243069,-10.956784254974789,-0.31465544125341605,-0.011753301997992417
2024_13_NYG_DAL,NYG,-0.31465544125341605,-0.011753301997992417,-1.0404309918803554,0.03539953315402261,-0.14708970135243069
2024_13_PHI_BAL,BAL,0.11272929500811342,-0.1357234030578251,2.6518843855176653,-0.06980303194849631,0.12614602845297346
2024_13_PHI_BAL,PHI,-0.06980303194849631,0.12614602845297346,-2.1838782464756683,0.11272929500811342,-0.1357234030578251
2024_13_PIT_CIN,CIN,0.07118425335295153,0.10263708259355134,9.534757604470125,0.4279407780715129,0.0964336989627159
2024_13_PIT_CIN,PIT,0.4279407780715129,0.0964336989627159,12.303564035230213,0.07118425335295153,0.10263708259355134
2024_13_SEA_NYJ,NYJ,-0.2627255587579889,-0.17599816042307595,-10.200396964424534,0.1252812315907491,0.06848390936906867
2024_13_SEA_NYJ,SEA,0.1252812315907491,0.06848390936906867,3.1439537632054297,-0.2627255587579889,-0.17599816042307595
2024_13_SF_BUF,BUF,0.5630559879922657,0.21985500434373434,10.330582989586723,-0.287041603092259,-0.15205277179675872
2024_13_SF_BUF,SF,-0.287041603092259,-0.15205277179675872,-8.11993164174697,0.5630559879922657,0.21985500434373434
2024_13_TB_CAR,CAR,0.13055072330488843,-0.36151501156038796,3.0217899781901663,-0.12129561694194967,0.11812861446405148
2024_13_TB_CAR,TB,-0.12129561694194967,0.11812861446405148,-1.841087726985707,0.13055072330488843,-0.36151501156038796
2024_13_TEN_WAS,TEN,0.08921715174725801,-0.7000962779664949,-10.168080031871796,0.29047249046688445,0.2899467137432386
2024_13_TEN_WAS,WAS,0.29047249046688445,0.2899467137432386,10.918841858704885,0.08921715174725801,-0.7000962779664949
2024_14_ATL_MIN,ATL,0.017250186277031065,0.15284592595100446,-7.056578913250485,0.6578299577325529,0.09420084675851588
2024_14_ATL_MIN,MIN,0.6578299577325529,0.09420084675851588,13.238312623330525,0.017250186277031065,0.15284592595100446
2024_14_BUF_LA,BUF,0.676267760841357,0.0898737463382228,-5.569160870603613,0.7802516602434265,-0.0951994620914948
2024_14_BUF_LA,LA,0.7802516602434265,-0.0951994620914948,7.788136104742686,0.676267760841357,0.0898737463382228
2024_14_CAR_PHI,CAR,0.09314577546387608,-0.12545123624692492,-2.415657178922133,0.03334095315259482,0.22148452228274462
2024_14_CAR_PHI,PHI,0.03334095315259482,0.22148452228274462,4.765796661376953,0.09314577546387608,-0.12545123624692492
2024_14_CHI_SF,CHI,-0.16575470142732102,-0.1349469748521714,4.425336793065071,0.7295945686650921,0.12474357235896605
2024_14_CHI_SF,SF,0.7295945686650921,0.12474357235896605,14.974684325548319,-0.16575470142732102,-0.1349469748521714
2024_14_CIN_DAL,CIN,0.1485463671030754,-0.04173298132509979,8.007676795471546,-0.1475779361487566,0.2185248319833825
2024_14_CIN_DAL,DAL,-0.1475779361487566,0.2185248319833825,-15.949321081561427,0.1485463671030754,-0.04173298132509979
2024_14_CLE_PIT,CLE,-0.1908475662929397,-0.08642748697893694,0.41211883764009216,0.03203178953758116,-0.23169330024575174
2024_14_CLE_PIT,PIT,0.03203178953758116,-0.23169330024575174,-1.6888598601023357,-0.1908475662929397,-0.08642748697893694
2024_14_GB_DET,DET,0.29908844947549873,-0.2880202879562132,5.4888784140348434,0.2311887717839576,0.06746654068543152
2024_14_GB_DET,GB,0.2311887717839576,0.06746654068543152,2.4581989175394963,0.29908844947549873,-0.2880202879562132
2024_14_JAX_TEN,JAX,0.08134232336708645,-0.09501781173647665,7.800992528597514,-0.2536984437781452,-0.01816646571274357
2024_14_JAX_TEN,TEN,-0.2536984437781452,-0.01816646571274357,-9.17725139297545,0.08134232336708645,-0.09501781173647665
2024_14_LAC_KC,KC,0.1344273414184649,-0.07522022078878113,0.12174327340390947,0.213936674364193,-0.11249849002402193
2024_14_LAC_KC,LAC,0.213936674364193,-0.11249849002402193,8.471399083219726,0.1344273414184649,-0.07522022078878113
2024_14_LV_TB,LV,-0.14935253432336043,-0.15319247443087236,-3.3002787828445435,0.1694495089866809,0.09615324664628133
2024_14_LV_TB,TB,0.1694495089866809,0.09615324664628133,-2.2952554481370107,-0.14935253432336043,-0.15319247443087236
2024_14_NO_NYG,NO,0.08281485992148882,-0.22174236655337154,-0.4914562548360517,-0.10273756938690065,-0.2641882516084782
2024_14_NO_NYG,NYG,-0.10273756938690065,-0.2641882516084782,-18.134550750255585,0.08281485992148882,-0.22174236655337154
2024_14_NYJ_MIA,MIA,0.42763342373991436,-0.31117767122632356,3.317307233810425,0.37972408873267455,-0.021579069389111322
2024_14_NYJ_MIA,NYJ,0.37972408873267455,-0.021579069389111322,2.229306560296279,0.42763342373991436,-0.31117767122632356
2024_14_SEA_ARI,ARI,-0.1288253631084612,-0.04492969354727994,-7.175682014540622,0.21295089160251116,0.040742386388360974
2024_14_SEA_ARI,SEA,0.21295089160251116,0.040742386388360974,10.457863581591639,-0.1288253631084612,-0.04492969354727994
2024_15_ATL_LV,ATL,-0.2979793791559087,-0.11025544762388274,-2.542591094970703,-0.16905591117928973,-0.5312956940370465
2024_15_ATL_LV,LV,-0.16905591117928973,-0.5312956940370465,-2.841654682860655,-0.2979793791559087,-0.11025544762388274
2024_15_BAL_NYG,BAL,0.849435150490849,0.037092335881456606,24.185896664857864,0.08416801864404988,-0.22873108469311296
2024_15_BAL_NYG,NYG,0.08416801864404988,-0.22873108469311296,-2.8588685042717876,0.849435150490849,0.037092335881456606
2024_15_BUF_DET,BUF,0.5570320399096016,0.29330757177241534,5.222825892269611,0.3300109954010486,-0.28573836156955135
2024_15_BUF_DET,DET,0.3300109954010486,-0.28573836156955135,-1.2860852811071608,0.5570320399096016,0.29330757177241534
2024_15_CHI_MIN,CHI,-0.25068893074931203,-0.31514705225293127,-5.187511732501369,0.11938902828916545,-0.057743221819900284
2024_15_CHI_MIN,MIN,0.11938902828916545,-0.057743221819900284,-4.460069778803232,-0.25068893074931203,-0.31514705225293127
2024_15_CIN_TEN,CIN,0.3086817276068828,0.1247133206709771,8.357773167746407,0.04491774169251916,-0.2127740153321065
2024_15_CIN_TEN,TEN,0.04491774169251916,-0.2127740153321065,7.105986894787969,0.3086817276068828,0.1247133206709771
2024_15_DAL_CAR,CAR,-0.16263957863113665,-0.20970610766044745,0.712244157437925,0.3510178783622368,0.04151491519369301
2024_15_DAL_CAR,DAL,0.3510178783622368,0.04151491519369301,-4.050084150263241,-0.16263957863113665,-0.20970610766044745
2024_15_GB_SEA,GB,0.5077051976814394,-0.22471055211088456,13.332672703724642,-0.452582685591134,-0.014843276399187744
2024_15_GB_SEA,SEA,-0.452582685591134,-0.014843276399187744,-2.4669439561905397,0.5077051976814394,-0.22471055211088456
2024_15_IND_DEN,DEN,-0.3109722542155466,-0.24889205738491865,-9.10781305283308,-0.4533954785212237,-0.4146578535534597
2024_15_IND_DEN,IND,-0.4533954785212237,-0.4146578535534597,-16.09303400748306,-0.3109722542155466,-0.24889205738491865
2024_15_KC_CLE,CLE,-0.6031093699316126,-0.22212479505752628,-4.921455774456263,-0.020903086845508023,-0.1540041355233002
2024_15_KC_CLE,KC,-0.020903086845508023,-0.1540041355233002,-6.804695529373069,-0.6031093699316126,-0.22212479505752628
2024_15_LA_SF,LA,-0.13667476211238444,-0.06449742683899612,-4.3446435378148,-0.3312730426421038,-0.23869791337321536
2024_15_LA_SF,SF,-0.3312730426421038,-0.23869791337321536,-19.976582738660998,-0.13667476211238444,-0.06449742683899612
2024_15_MIA_HOU,HOU,-0.23658321918933387,-0.1719730882711398,3.934816002845764,-0.2097994376225504,-0.2410688611470457
2024_15_MIA_HOU,MIA,-0.2097994376225504,-0.2410688611470457,-0.8495230705310137,-0.23658321918933387,-0.1719730882711398
2024_15_NE_ARI,ARI,0.25553931562047866,0.0899044015407396,6.694846191713887,0.1999075672106199,-0.20923387038849547
2024_15_NE_ARI,NE,0.1999075672106199,-0.20923387038849547,12.042970761008885,0.25553931562047866,0.0899044015407396
2024_15_NYJ_JAX,JAX,0.13986580208161828,0.07271327421431824,1.767873625422633,0.5276589951760474,0.14771351153510348
2024_15_NYJ_JAX,NYJ,0.5276589951760474,0.14771351153510348,-3.1119707439626967,0.13986580208161828,0.07271327421431824
2024_15_PIT_PHI,PHI,0.3690555960357995,-0.07921686271013617,13.57464309661619,-0.2048133898443629,-0.4612868955555314
2024_15_PIT_PHI,PIT,-0.2048133898443629,-0.4612868955555314,-1.0984913224265689,0.3690555960357995,-0.07921686271013617
2024_15_TB_LAC,LAC,-0.3030515548151282,-0.2517238288903266,-0.31224582344293594,0.4786821475691058,-0.09738206482693754
2024_15_TB_LAC,TB,0.4786821475691058,-0.09738206482693754,14.891045941756321,-0.3030515548151282,-0.2517238288903266
2024_15_WAS_NO,NO,-0.02133077812325379,-0.1566435068224867,-15.90619220815856,0.08984440102383799,-0.09315927332044528
2024_15_WAS_NO,WAS,0.08984440102383799,-0.09315927332044528,11.438227853467387,-0.02133077812325379,-0.1566435068224867
2024_16_ARI_CAR,ARI,0.13703524725100105,0.17524996053119588,-1.1386813788578427,0.28569865270693473,0.23534268963885552
2024_16_ARI_CAR,CAR,0.28569865270693473,0.23534268963885552,5.6464141855637235,0.13703524725100105,0.17524996053119588
2024_16_CLE_CIN,CIN,0.12162590369023245,0.09969864130375515,18.074102167572295,-0.27224400364147083,-0.10646762943360955
2024_16_CLE_CIN,CLE,-0.27224400364147083,-0.10646762943360955,-3.4613088254005677,0.12162590369023245,0.09969864130375515
2024_16_DEN_LAC,DEN,0.19666720573080723,0.10247765337178287,-1.6066383856993456,0.48152193284877576,-0.2000784498938852
2024_16_DEN_LAC,LAC,0.48152193284877576,-0.2000784498938852,7.393838862578074,0.19666720573080723,0.10247765337178287
2024_16_DET_CHI,CHI,0.257801039108054,-0.8003596586873755,5.802495656786738,0.4694146457692749,0.16769957883122016
2024_16_DET_CHI,DET,0.4694146457692749,0.16769957883122016,1.9420777447521687,0.257801039108054,-0.8003596586873755
2024_16_HOU_KC,HOU,0.12134032700603674,-0.06331428119447083,0.8866064451836251,0.2989486105700085,-0.13562358703980545
2024_16_HOU_KC,KC,0.2989486105700085,-0.13562358703980545,0.4095108043856737,0.12134032700603674,-0.06331428119447083
2024_16_JAX_LV,JAX,-0.21496315183402556,-0.274683537615188,-3.557314361844744,-0.0005958114128053152,-0.217483520078531
2024_16_JAX_LV,LV,-0.0005958114128053152,-0.217483520078531,-9.633496967521873,-0.21496315183402556,-0.274683537615188
2024_16_LA_NYJ,LA,0.20055283296107002,0.04282833749010902,-1.768468555651213,-0.023021071111552542,-0.29446998733037616
2024_16_LA_NYJ,NYJ,-0.023021071111552542,-0.29446998733037616,-3.4208343852133978,0.20055283296107002,0.04282833749010902
2024_16_MIN_SEA,MIN,0.2737724545065798,-0.21386824045995517,-1.7106130293437414,0.06970458632964562,-0.026684012093028286
2024_16_MIN_SEA,SEA,0.06970458632964562,-0.026684012093028286,6.41133664619355,0.2737724545065798,-0.21386824045995517
2024_16_NE_BUF,BUF,0.0607727291293883,-0.01827257744783613,-4.082306446852507,0.2834120768833802,-0.3173150151139045
2024_16_NE_BUF,NE,0.2834120768833802,-0.3173150151139045,7.809106669118328,0.0607727291293883,-0.01827257744783613
2024_16_NO_GB,GB,0.20303534291930359,0.3133146271307802,-4.146425812332718,-0.37363522144434497,-0.24528447872580728
2024_16_NO_GB,NO,-0.37363522144434497,-0.24528447872580728,-14.122089371085167,0.20303534291930359,0.3133146271307802
2024_16_NYG_ATL,ATL,0.26888346039560923,-0.04971845323452726,-3.1219948942844686,-0.5193714574945095,-0.24304155230804877
2024_16_NYG_ATL,NYG,-0.5193714574945095,-0.24304155230804877,-8.773947003725413,0.26888346039560923,-0.04971845323452726
2024_16_PHI_WAS,PHI,0.1456751107076486,0.09282941892503432,-3.9625236988067627,0.21772540681202837,-0.6831140976688628
2024_16_PHI_WAS,WAS,0.21772540681202837,-0.6831140976688628,-2.2802662518289356,0.1456751107076486,0.09282941892503432
2024_16_PIT_BAL,BAL,0.33787985343390736,0.0606179313631347,0.8309733608494634,-0.27833621436100753,-0.011829275431492451
2024_16_PIT_BAL,PIT,-0.27833621436100753,-0.011829275431492451,17.221895089516273,0.33787985343390736,0.0606179313631347
2024_16_SF_MIA,MIA,0.11397457588159376,0.12835183247498552,0.836108144252531,0.13263193923948774,-0.05827273381531567
2024_16_SF_MIA,SF,0.13263193923948774,-0.05827273381531567,-1.3837523557044364,0.11397457588159376,0.12835183247498552
2024_16_TB_DAL,DAL,0.2338625890979057,-0.5232455972084116,5.049556132518884,-0.019511858613806273,0.2065310821082676
2024_16_TB_DAL,TB,-0.019511858613806273,0.2065310821082676,3.1559082657791846,0.2338625890979057,-0.5232455972084116
2024_16_TEN_IND,IND,0.09955192714037842,0.25283035115113534,-6.420684944499623,0.13098775573053256,0.041001948715786316
2024_16_TEN_IND,TEN,0.13098775573053256,0.041001948715786316,-1.602304433331345,0.09955192714037842,0.25283035115113534
2024_17_ARI_LA,ARI,0.037256082405659134,-0.23494162356863463,2.5806793570518494,-0.030442106766856398,-0.1343240069472813
2024_17_ARI_LA,LA,-0.030442106766856398,-0.1343240069472813,-12.166041029351097,0.037256082405659134,-0.23494162356863463
2024_17_ATL_WAS,ATL,0.05183612460768257,0.22311336172887505,-4.833668810980661,0.20604065907699606,0.0842231672544468
2024_17_ATL_WAS,WAS,0.20604065907699606,0.0842231672544468,-0.32105726855141775,0.05183612460768257,0.22311336172887505
2024_17_BAL_HOU,BAL,0.5664608501446481,0.1792877521206503,6.783287227153778,-0.3955150091656833,-0.266987895964121
2024_17_BAL_HOU,HOU,-0.3955150091656833,-0.266987895964121,-9.149917287211265,0.5664608501446481,0.1792877521206503
2024_17_CAR_TB,CAR,-0.037542606539387346,-0.301598606615285,9.889972751790827,0.717324176046854,0.1940336854187646
2024_17_CAR_TB,TB,0.717324176046854,0.1940336854187646,20.1595451682806,-0.037542606539387346,-0.301598606615285
2024_17_DAL_PHI,DAL,-0.3870091517863851,-0.1649358694422214,-9.649372511896594,0.676844464567515,0.08486589780988132
2024_17_DAL_PHI,PHI,0.676844464567515,0.08486589780988132,10.48624979125129,-0.3870091517863851,-0.1649358694422214
2024_17_DEN_CIN,CIN,0.3380496313941718,-0.2250152806648164,14.496714424113838,0.245635838839262,0.03432020215439566
2024_17_DEN_CIN,DEN,0.245635838839262,0.03432020215439566,9.38681585173453,0.3380496313941718,-0.2250152806648164
2024_17_DET_SF,DET,0.554889500553921,0.13070265671315914,11.946850653850671,0.42327760045282486,-0.011190022712980863
2024_17_DET_SF,SF,0.42327760045282486,-0.011190022712980863,18.04342559642262,0.554889500553921,0.13070265671315914
2024_17_GB_MIN,GB,0.04047126931858166,-0.17672158912057057,1.7526489907297595,0.2630653679944101,-0.26064265323499136
2024_17_GB_MIN,MIN,0.2630653679944101,-0.26064265323499136,8.485770516279267,0.04047126931858166,-0.17672158912057057
2024_17_IND_NYG,IND,0.25767372041723763,-0.12191576880271111,7.664833519909833,1.175911175030006,-0.5197081520302315
2024_17_IND_NYG,NYG,1.175911175030006,-0.5197081520302315,10.65792658112266,0.25767372041723763,-0.12191576880271111
2024_17_KC_PIT,KC,0.41341562580305163,-0.09287064376372942,7.68719190045407,-0.22744846159095725,0.03471077278439994
2024_17_KC_PIT,PIT,-0.22744846159095725,0.03471077278439994,-2.4990682091031755,0.41341562580305163,-0.09287064376372942
2024_17_LAC_NE,LAC,0.47926965713065,0.06137147398642531,3.741247281432152,-0.32635279253621485,-0.7481042996514589
2024_17_LAC_NE,NE,-0.32635279253621485,-0.7481042996514589,-8.616063646648241,0.47926965713065,0.06137147398642531
2024_17_LV_NO,LV,0.29134164415663477,-0.09608767488351151,-9.379271183695112,-0.3400015212391169,-0.25358764356217134
2024_17_LV_NO,NO,-0.3400015212391169,-0.25358764356217134,-14.223869495532092,0.29134164415663477,-0.09608767488351151
2024_17_MIA_CLE,CLE,-0.49409095931903224,-0.10529801535373341,-14.86715251623198,0.22088837294961583,-0.71813323807631
2024_17_MIA_CLE,MIA,0.22088837294961583,-0.71813323807631,22.363005702694256,-0.49409095931903224,-0.10529801535373341
2024_17_NYJ_BUF,BUF,0.515647059577739,-0.256529527691929,-2.714696416148433,-0.2124346525077481,-0.1834025396833154
2024_17_NYJ_BUF,NYJ,-0.2124346525077481,-0.1834025396833154,2.547887832887711,0.515647059577739,-0.256529527691929
2024_17_SEA_CHI,CHI,-0.25663229460197645,-0.13545247089932672,-4.994731912246118,-0.22785211016433868,-0.12078779881931437
2024_17_SEA_CHI,SEA,-0.22785211016433868,-0.12078779881931437,8.76797153191133,-0.25663229460197645,-0.13545247089932672
2024_17_TEN_JAX,JAX,0.37351853031865345,-0.06730519923111124,2.1425285509654453,0.05337625318379062,0.006603790732302169
2024_17_TEN_JAX,TEN,0.05337625318379062,0.006603790732302169,-2.7635374665260315,0.37351853031865345,-0.06730519923111124
2024_18_BUF_NE,BUF,-0.07336142749029538,-0.10329664707259166,-9.169398488536958,0.2647666276288934,-0.3476431381969091
2024_18_BUF_NE,NE,0.2647666276288934,-0.3476431381969091,13.710712322166987,-0.07336142749029538,-0.10329664707259166
2024_18_CAR_ATL,ATL,0.1680027896008893,0.3477823478598638,-6.810510480726087,0.5724239464759224,0.08345972685609013
2024_18_CAR_ATL,CAR,0.5724239464759224,0.08345972685609013,7.071861795016697,0.1680027896008893,0.3477823478598638
2024_18_CHI_GB,CHI,-0.19424005695951305,-0.16501303490412494,11.1393836637338,-0.21388797755165115,-0.030419955953466218
2024_18_CHI_GB,GB,-0.21388797755165115,-0.030419955953466218,0.41798365116119385,-0.19424005695951305,-0.16501303490412494
2024_18_CIN_PIT,CIN,-0.01821129092537411,-0.0026017743706082306,8.202476281186808,-0.04781095424972866,-0.2641092471908667
2024_18_CIN_PIT,PIT,-0.04781095424972866,-0.2641092471908667,-9.402608563160074,-0.01821129092537411,-0.0026017743706082306
2024_18_CLE_BAL,BAL,0.1453883611623161,0.10802689077512871,-7.975476682186127,-0.3330016786221144,-0.38067266869577854
2024_18_CLE_BAL,CLE,-0.3330016786221144,-0.38067266869577854,-12.122662681521792,0.1453883611623161,0.10802689077512871
2024_18_HOU_TEN,HOU,0.07010058245305117,0.22836074696316686,-3.8664568747792925,0.18506545546319175,-0.6008516928692409
2024_18_HOU_TEN,TEN,0.18506545546319175,-0.6008516928692409,-1.6049749576128447,0.07010058245305117,0.22836074696316686
2024_18_JAX_IND,IND,-0.013904121114864205,0.13474533755523974,-7.871816937740032,0.061041161702689785,-0.05383757856131221
2024_18_JAX_IND,JAX,0.061041161702689785,-0.05383757856131221,-2.724582918228642,-0.013904121114864205,0.13474533755523974
2024_18_KC_DEN,DEN,0.7192161702403383,0.0264339843667364,19.02631552054964,-0.41828161417706494,-0.40843806088669227
2024_18_KC_DEN,KC,-0.41828161417706494,-0.40843806088669227,-5.398769238415887,0.7192161702403383,0.0264339843667364
2024_18_LAC_LV,LAC,0.5926968968135122,-0.034184721082134974,10.00514464718955,-0.04952861904144767,-0.17823011656715113
2024_18_LAC_LV,LV,-0.04952861904144767,-0.17823011656715113,4.725564840961905,0.5926968968135122,-0.034184721082134974
2024_18_MIA_NYJ,MIA,-0.1948743395513507,-0.02212223386491782,4.8052563860609725,0.05088559000464085,0.12050437207686027
2024_18_MIA_NYJ,NYJ,0.05088559000464085,0.12050437207686027,-2.9586236817496165,-0.1948743395513507,-0.02212223386491782
2024_18_MIN_DET,DET,0.021424249836547955,-0.07374249741405947,10.007851663976908,-0.41610752521680566,0.21008308732052683
2024_18_MIN_DET,MIN,-0.41610752521680566,0.21008308732052683,-17.65385019151788,0.021424249836547955,-0.07374249741405947
2024_18_NO_TB,NO,0.03271229395564867,-0.05043985176922029,1.9112509412643237,0.38938568960245384,-0.16337386006489396
2024_18_NO_TB,TB,0.38938568960245384,-0.16337386006489396,2.944801411321086,0.03271229395564867,-0.05043985176922029
2024_18_NYG_PHI,NYG,-0.2991492793877713,0.09052588190883398,4.486210218497685,0.17480759213414485,-0.4260058639212958
2024_18_NYG_PHI,PHI,0.17480759213414485,-0.4260058639212958,-2.228362821951145,-0.2991492793877713,0.09052588190883398
2024_18_SEA_LA,LA,0.04468146297505702,-0.023250964126782493,-3.0714814364910126,0.3279620413039448,0.14419229034198602
2024_18_SEA_LA,SEA,0.3279620413039448,0.14419229034198602,6.426791681183709,0.04468146297505702,-0.023250964126782493
2024_18_SF_ARI,ARI,0.31148495973529355,0.2452572489125185,8.872442040592432,0.0466210719457076,-0.08752865887632091
2024_18_SF_ARI,SF,0.0466210719457076,-0.08752865887632091,-0.32695609898794264,0.31148495973529355,0.2452572489125185
2024_18_WAS_DAL,DAL,0.056189062503939534,-0.05494220135603235,-8.69446261362596,0.024311243731793657,0.2531444238227171
2024_18_WAS_DAL,WAS,0.024311243731793657,0.2531444238227171,4.934848447640737,0.056189062503939534,-0.05494220135603235
2025_01_ARI_NO,ARI,0.1315303328874779,-0.05262967516790042,-1.733811045515126,-0.014033913347450043,-0.157066867862754
2025_01_ARI_NO,NO,-0.014033913347450043,-0.157066867862754,-4.9585028392512625,0.1315303328874779,-0.05262967516790042
2025_01_BAL_BUF,BAL,0.5300991749699442,0.28299703499445755,8.720899255652176,0.3836357235170189,-0.04602103268553037
2025_01_BAL_BUF,BUF,0.3836357235170189,-0.04602103268553037,8.594318959448072,0.5300991749699442,0.28299703499445755
2025_01_CAR_JAX,CAR,-0.2149518637200657,-0.0928776706539793,-12.371582757024203,0.06841465110946772,0.14115598575547833
2025_01_CAR_JAX,JAX,0.06841465110946772,0.14115598575547833,-4.054062428145573,-0.2149518637200657,-0.0928776706539793
2025_01_CIN_CLE,CIN,-0.018643897853629847,-0.14204928147323106,-1.9334077835083008,-0.017452506202509675,-0.06565043459514804
2025_01_CIN_CLE,CLE,-0.017452506202509675,-0.06565043459514804,2.374263036818731,-0.018643897853629847,-0.14204928147323106
2025_01_DAL_PHI,DAL,0.1338575387248484,0.04892788338752109,0.17288182720993506,0.24953471791788906,0.04738126616799631
2025_01_DAL_PHI,PHI,0.24953471791788906,0.04738126616799631,21.806308776140213,0.1338575387248484,0.04892788338752109
2025_01_DET_GB,DET,0.04534088711214291,-0.27907623173351487,11.339418903777474,0.47449356408070414,-0.032180431511187796
2025_01_DET_GB,GB,0.47449356408070414,-0.032180431511187796,13.074940307573838,0.04534088711214291,-0.27907623173351487
2025_01_HOU_LA,HOU,-0.1323013490095003,-0.16356318006291987,-0.9746561447779337,0.0166697338110466,-0.19687776636177054
2025_01_HOU_LA,LA,0.0166697338110466,-0.19687776636177054,5.381516899381365,-0.1323013490095003,-0.16356318006291987
2025_01_KC_LAC,KC,0.20234668488546015,0.05438787892247395,-5.99277631232613,0.4380612356331639,-0.07007850183951954
2025_01_KC_LAC,LAC,0.4380612356331639,-0.07007850183951954,5.788767951376298,0.20234668488546015,0.05438787892247395
2025_01_LV_NE,LV,0.37807597939386145,-0.3574988553719205,9.620190027988318,0.04412679203979123,-0.3313442153020707
2025_01_LV_NE,NE,0.04412679203979123,-0.3313442153020707,2.388444874021742,0.37807597939386145,-0.3574988553719205
2025_01_MIA_IND,IND,0.36025877651048177,0.08212692994045755,5.388343025898111,-0.43094011731610654,0.38740531478542833
2025_01_MIA_IND,MIA,-0.43094011731610654,0.38740531478542833,-6.79955453641953,0.36025877651048177,0.08212692994045755
2025_01_MIN_CHI,CHI,0.012917689037267822,-0.19862664780452005,-6.66688496575636,-0.13170654802586126,-0.02595198686601809
2025_01_MIN_CHI,MIN,-0.13170654802586126,-0.02595198686601809,-3.2609406113624573,0.012917689037267822,-0.19862664780452005
2025_01_NYG_WAS,NYG,-0.12275870696424578,-0.18485194222097667,-13.457901123911142,0.09842442963471092,0.24502142178915584
2025_01_NYG_WAS,WAS,0.09842442963471092,0.24502142178915584,-1.2890843481853091,-0.12275870696424578,-0.18485194222097667
2025_01_PIT_NYJ,NYJ,0.3997905624436054,0.08346980527352266,10.396403358096169,0.33871460288911676,-0.06194563930560099
2025_01_PIT_NYJ,PIT,0.33871460288911676,-0.06194563930560099,6.350380901632638,0.3997905624436054,0.08346980527352266
2025_01_SF_SEA,SEA,-0.22484075457804262,-0.12963984462856343,7.339647954160517,0.41083410189826897,-0.24946338177232974
2025_01_SF_SEA,SF,0.41083410189826897,-0.24946338177232974,15.341458162840675,-0.22484075457804262,-0.12963984462856343
2025_01_TB_ATL,ATL,0.3540741427802009,-0.517469756485904,-5.938342639378139,0.29894238335890294,-0.17913792837766537
2025_01_TB_ATL,TB,0.29894238335890294,-0.17913792837766537,-10.401313503583273,0.3540741427802009,-0.517469756485904
2025_01_TEN_DEN,DEN,-0.17951411103562795,-0.0852244573963197,-1.6720025120554745,-0.42511682849950083,-0.4369879171685676
2025_01_TEN_DEN,TEN,-0.42511682849950083,-0.4369879171685676,-12.597031831741333,-0.17951411103562795,-0.0852244573963197
2025_02_ATL_MIN,ATL,-0.34714398919806944,0.1742421003618377,-7.450161519504729,-0.6061799763949279,-0.1970728614833206
2025_02_ATL_MIN,MIN,-0.6061799763949279,-0.1970728614833206,-11.110292020298186,-0.34714398919806944,0.1742421003618377
2025_02_BUF_NYJ,BUF,0.2801983703385734,0.1737894207358097,-9.081467151641846,-0.28634804601953817,-0.31271893842873455
2025_02_BUF_NYJ,NYJ,-0.28634804601953817,-0.31271893842873455,-17.092500981830415,0.2801983703385734,0.1737894207358097
2025_02_CAR_ARI,ARI,0.2518842627916477,-0.19617653745465868,0.763731837272644,0.11274078457356596,-0.22295250670254035
2025_02_CAR_ARI,CAR,0.11274078457356596,-0.22295250670254035,-2.3493665006925477,0.2518842627916477,-0.19617653745465868
2025_02_CHI_DET,CHI,-0.014654878810688388,-0.4617027579891631,-5.17697867118951,0.7859533078318892,0.005873661336753967
2025_02_CHI_DET,DET,0.7859533078318892,0.005873661336753967,14.942416335855212,-0.014654878810688388,-0.4617027579891631
2025_02_CLE_BAL,BAL,0.2693623873153205,-0.26341887620305093,6.713613335575376,-0.4382525397520633,0.14481262518702784
2025_02_CLE_BAL,CLE,-0.4382525397520633,0.14481262518702784,-0.20086452728364526,0.2693623873153205,-0.26341887620305093
2025_02_DEN_IND,DEN,0.41468323138436686,-0.06260865370985931,0.9910997748374939,0.30829202758887086,-0.09492071324981376
2025_02_DEN_IND,IND,0.30829202758887086,-0.09492071324981376,4.9739260565150865,0.41468323138436686,-0.06260865370985931
2025_02_JAX_CIN,CIN,0.016357761460287185,0.021643449072143994,2.383185957753381,0.08831926531559549,0.09719968296345681
2025_02_JAX_CIN,JAX,0.08831926531559549,0.09719968296345681,-4.982346514376198,0.016357761460287185,0.021643449072143994
2025_02_LAC_LV,LAC,0.36626341837670123,-0.6233709314170157,0.33174598658526383,-0.3931411248480187,-0.198886252953397
2025_02_LAC_LV,LV,-0.3931411248480187,-0.198886252953397,-15.258365453675736,0.36626341837670123,-0.6233709314170157
2025_02_LA_TEN,LA,0.2979016260920755,0.42582263786133134,10.765356570482254,-0.16145378722062087,-0.03079811560276915
2025_02_LA_TEN,TEN,-0.16145378722062087,-0.03079811560276915,-4.793273537389694,0.2979016260920755,0.42582263786133134
2025_02_NE_MIA,MIA,0.15891731944240262,-0.07321520972376068,13.74564841389656,0.6023075025874087,-0.11279233307868243
2025_02_NE_MIA,NE,0.6023075025874087,-0.11279233307868243,13.996700229852095,0.15891731944240262,-0.07321520972376068
2025_02_NYG_DAL,DAL,0.21053939479412487,0.06205419386866839,2.1017412153574138,0.4197791303855123,-0.2030901378852182
2025_02_NYG_DAL,NYG,0.4197791303855123,-0.2030901378852182,13.416483923792839,0.21053939479412487,0.06205419386866839
2025_02_PHI_KC,KC,0.013353903417708667,-0.3666921112394171,-5.841067638890497,-0.22130193333593434,0.2083985209083039
2025_02_PHI_KC,PHI,-0.22130193333593434,0.2083985209083039,4.396389211927142,0.013353903417708667,-0.3666921112394171
2025_02_SEA_PIT,PIT,-0.18245852198747828,-0.15234969042357988,-4.566772041782256,0.05984043683961951,0.06546000365954663
2025_02_SEA_PIT,SEA,0.05984043683961951,0.06546000365954663,7.034775614738464,-0.18245852198747828,-0.15234969042357988
2025_02_SF_NO,NO,-0.03867033732582223,-0.07329394555805872,3.784003240220687,0.19679704733473385,-0.11280405370812134
2025_02_SF_NO,SF,0.19679704733473385,-0.11280405370812134,-3.6296302550717403,-0.03867033732582223,-0.07329394555805872
2025_02_TB_HOU,HOU,-0.06686184382721855,-0.11287336450186558,-9.786830648131993,0.10634384401464426,0.23710941342454003
2025_02_TB_HOU,TB,0.10634384401464426,0.23710941342454003,1.9042374359236822,-0.06686184382721855,-0.11287336450186558
2025_02_WAS_GB,GB,0.23971219349502587,-0.04883832851975096,10.36571275304865,-0.11095325624516934,-0.06530631655970445
2025_02_WAS_GB,WAS,-0.11095325624516934,-0.06530631655970445,-7.198357805609703,0.23971219349502587,-0.04883832851975096
2025_03_ARI_SF,ARI,0.14541999385702592,-0.11919746786705218,-2.625567948116976,-0.018987629939168634,-0.258088233620296
2025_03_ARI_SF,SF,-0.018987629939168634,-0.258088233620296,3.2555606020124337,0.14541999385702592,-0.11919746786705218
2025_03_ATL_CAR,ATL,-0.5007859013723877,0.007369192782789469,-11.81698913981275,0.023101923130029147,-0.03582178402575664
2025_03_ATL_CAR,CAR,0.023101923130029147,-0.03582178402575664,-1.299610361456871,-0.5007859013723877,0.007369192782789469
2025_03_CIN_MIN,CIN,-0.9743000542602144,-0.22915519728716885,0.3612574476462144,0.09263305485596783,0.08738398659819116
2025_03_CIN_MIN,MIN,0.09263305485596783,0.08738398659819116,-1.7815440893173218,-0.9743000542602144,-0.22915519728716885
2025_03_DAL_CHI,CHI,0.5189758001693395,-0.0338713717691672,3.6546007863112857,0.003720715265936769,-0.07339295749451318
2025_03_DAL_CHI,DAL,0.003720715265936769,-0.07339295749451318,10.181947526606647,0.5189758001693395,-0.0338713717691672
2025_03_DEN_LAC,DEN,-0.1285081516183839,-0.1095903329187422,-8.01634334999582,-0.0003734238601694329,-0.02127031096850464
2025_03_DEN_LAC,LAC,-0.0003734238601694329,-0.02127031096850464,-4.159013960096571,-0.1285081516183839,-0.1095903329187422
2025_03_DET_BAL,BAL,0.2890447316538479,-0.3988256028169417,11.691135913133621,0.4876594230948124,0.25958938912309176
2025_03_DET_BAL,DET,0.4876594230948124,0.25958938912309176,12.977435611761534,0.2890447316538479,-0.3988256028169417
2025_03_GB_CLE,CLE,-0.17312968412487828,-0.08809677700264729,-3.435839441689578,0.037951063602261775,-0.12980645803189347
2025_03_GB_CLE,GB,0.037951063602261775,-0.12980645803189347,-2.6773711442947388,-0.17312968412487828,-0.08809677700264729
2025_03_HOU_JAX,HOU,-0.182518731658829,-0.241396916560916,1.464213016960356,-0.11933477045775953,-0.190106370771343
2025_03_HOU_JAX,JAX,-0.11933477045775953,-0.190106370771343,-17.02903438555567,-0.182518731658829,-0.241396916560916
2025_03_IND_TEN,IND,0.5692453805266654,0.256523721947183,1.6586910486221313,-0.17720717037571249,0.005636474350467324
2025_03_IND_TEN,TEN,-0.17720717037571249,0.005636474350467324,-1.3854862135999344,0.5692453805266654,0.256523721947183
2025_03_KC_NYG,KC,0.21826580838678608,0.0775525591541183,-1.4937388896942139,-0.23546451852113628,0.03602953904605342
2025_03_KC_NYG,NYG,-0.23546451852113628,0.03602953904605342,-4.926895797252655,0.21826580838678608,0.0775525591541183
2025_03_LA_PHI,LA,-0.0022205626496085325,0.006934610254256894,-5.462000586769798,-0.013572357379959432,0.0496805106544903
2025_03_LA_PHI,PHI,-0.013572357379959432,0.0496805106544903,5.956184168656667,-0.0022205626496085325,0.006934610254256894
2025_03_LV_WAS,LV,0.3221191180875629,-0.3339641521825455,11.681264307763842,0.45019162815754804,0.03938368202516562
2025_03_LV_WAS,WAS,0.45019162815754804,0.03938368202516562,14.572758972644806,0.3221191180875629,-0.3339641521825455
2025_03_MIA_BUF,BUF,0.36642408244983066,0.12308507921601147,7.680893937746684,0.016180768583876057,0.06114958363468759
2025_03_MIA_BUF,MIA,0.016180768583876057,0.06114958363468759,-1.6873112230589895,0.36642408244983066,0.12308507921601147
2025_03_NO_SEA,NO,0.0006647332436537553,-0.32040973438881337,4.335025170954262,0.765429157115963,-0.28001757264137267
2025_03_NO_SEA,SEA,0.765429157115963,-0.28001757264137267,17.24617511034012,0.0006647332436537553,-0.32040973438881337
2025_03_NYJ_TB,NYJ,-0.05487951388907652,-0.348347718902754,7.483880179268973,0.33481603706408086,-0.41383719257605756
2025_03_NYJ_TB,TB,0.33481603706408086,-0.41383719257605756,1.1716819015042534,-0.05487951388907652,-0.348347718902754
2025_03_PIT_NE,NE,0.16256494579196443,-0.6778136323846411,7.905837976270252,0.19125620683297273,-0.11217405646918148
2025_03_PIT_NE,PIT,0.19125620683297273,-0.11217405646918148,4.534721103581515,0.16256494579196443,-0.6778136323846411
2025_04_BAL_KC,BAL,-0.22552247197496253,0.4076846438200356,6.868095596631368,0.33855101528390963,0.012986372597099814
2025_04_BAL_KC,KC,0.33855101528390963,0.012986372597099814,5.857575876372201,-0.22552247197496253,0.4076846438200356
2025_04_CAR_NE,CAR,0.04933190486213889,-0.14705433384058,4.047475755214691,0.7873112049786394,-0.07739855187727422
2025_04_CAR_NE,NE,0.7873112049786394,-0.07739855187727422,15.889844298362732,0.04933190486213889,-0.14705433384058
2025_04_CHI_LV,CHI,-0.029065679078820364,-0.3292228904874707,-11.36607618795501,-0.3401261333911041,-0.08624213538044202
2025_04_CHI_LV,LV,-0.3401261333911041,-0.08624213538044202,-3.5831913352012634,-0.029065679078820364,-0.3292228904874707
2025_04_CIN_DEN,CIN,-0.29358807373205,0.024279715946509635,-4.895710132338784,0.35320330587009346,0.015782223547028157
2025_04_CIN_DEN,DEN,0.35320330587009346,0.015782223547028157,-2.154946114335741,-0.29358807373205,0.024279715946509635
2025_04_CLE_DET,CLE,-0.5051452847337193,-0.07978575709365451,-16.38901338857763,-0.0525059183502797,-0.24629586232497655
2025_04_CLE_DET,DET,-0.0525059183502797,-0.24629586232497655,-0.491202712059021,-0.5051452847337193,-0.07978575709365451
2025_04_GB_DAL,DAL,0.5140425792897079,0.05795792371241583,13.671459885020004,0.5416845955361371,0.07682198942893592
2025_04_GB_DAL,GB,0.5416845955361371,0.07682198942893592,15.024238659275902,0.5140425792897079,0.05795792371241583
2025_04_IND_LA,IND,-0.17223699127670344,-0.07442217158400055,7.550807576626539,0.24345657497590745,-0.4278615584283125
2025_04_IND_LA,LA,0.24345657497590745,-0.4278615584283125,5.447497591376305,-0.17223699127670344,-0.07442217158400055
2025_04_JAX_SF,JAX,0.2209694952976284,-0.09812366966507398,0.93662162621816,0.0021391407203777374,-0.1589570569390755
2025_04_JAX_SF,SF,0.0021391407203777374,-0.1589570569390755,-8.329106665946341,0.2209694952976284,-0.09812366966507398
2025_04_LAC_NYG,LAC,-0.278812066911029,0.41722839183155447,-5.677072468556855,-0.04472252507800204,-0.09576031292222138
2025_04_LAC_NYG,NYG,-0.04472252507800204,-0.09576031292222138,0.183735191822052,-0.278812066911029,0.41722839183155447
2025_04_MIN_PIT,MIN,0.0757345928444671,-0.09128100432604293,5.204265883990696,0.2394406827681792,0.15956626736218682
2025_04_MIN_PIT,PIT,0.2394406827681792,0.15956626736218682,9.5908369530331,0.0757345928444671,-0.09128100432604293
2025_04_NO_BUF,BUF,0.2508259843222716,0.06866696597878924,9.253221276131542,-0.19607262318109286,0.03702649830396784
2025_04_NO_BUF,NO,-0.19607262318109286,0.03702649830396784,4.60800576210022,0.2508259843222716,0.06866696597878924
2025_04_NYJ_MIA,MIA,0.42933755729335477,-0.18304765785803662,-1.6991593837738037,0.2558756725970953,-0.1563037091609212
2025_04_NYJ_MIA,NYJ,0.2558756725970953,-0.1563037091609212,5.086048664870085,0.42933755729335477,-0.18304765785803662
2025_04_PHI_TB,PHI,0.07253912437496887,-0.24200504959629832,-4.997034619251887,-0.02530899562067607,-0.2840709473425522
2025_04_PHI_TB,TB,-0.02530899562067607,-0.2840709473425522,-10.171916622381945,0.07253912437496887,-0.24200504959629832
2025_04_SEA_ARI,ARI,-0.025497905356722715,-0.20455423958796579,-4.957857504487038,0.46522009250713237,-0.2311713078553028
2025_04_SEA_ARI,SEA,0.46522009250713237,-0.2311713078553028,6.929043804605802,-0.025497905356722715,-0.20455423958796579
2025_04_TEN_HOU,HOU,0.2170485433143579,-0.02903871224127082,8.142503244536263,-0.4615830317002118,-0.07199578640034021
2025_04_TEN_HOU,TEN,-0.4615830317002118,-0.07199578640034021,-24.49821518815082,0.2170485433143579,-0.02903871224127082
2025_04_WAS_ATL,ATL,0.6952851087395392,-0.08864469296597448,11.439650104596065,0.18663157460551424,0.06537104420740866
2025_04_WAS_ATL,WAS,0.18663157460551424,0.06537104420740866,3.1432081013917923,0.6952851087395392,-0.08864469296597448
2025_05_DAL_NYJ,DAL,0.4061622803491834,0.2607546872398719,-0.6138832441398075,0.06771448629479425,-0.1822860084480214
2025_05_DAL_NYJ,NYJ,0.06771448629479425,-0.1822860084480214,5.117593841119246,0.4061622803491834,0.2607546872398719
2025_05_DEN_PHI,DEN,0.11811808652679792,-0.07139027947830202,0.7757284988959631,0.05160482234114415,-0.1346869834291283
2025_05_DEN_PHI,PHI,0.05160482234114415,-0.1346869834291283,-2.2626442683709636,0.11811808652679792,-0.07139027947830202
2025_05_DET_CIN,CIN,0.01006438619094536,-0.1301782654795366,0.007850751280784607,0.46474630837993963,-0.02808012256718939
2025_05_DET_CIN,DET,0.46474630837993963,-0.02808012256718939,17.393486396126125,0.01006438619094536,-0.1301782654795366
2025_05_HOU_BAL,BAL,-0.2982104521689065,-0.3199990633118432,-0.31771227717399597,0.5772167755644185,0.04822652217273612
2025_05_HOU_BAL,HOU,0.5772167755644185,0.04822652217273612,16.18174256816987,-0.2982104521689065,-0.3199990633118432
2025_05_KC_JAX,JAX,0.2693429611963032,-0.18927700752024784,8.061216115951538,0.11829901693905097,0.31994866723673315
2025_05_KC_JAX,KC,0.11829901693905097,0.31994866723673315,6.204959228634834,0.2693429611963032,-0.18927700752024784
2025_05_LV_IND,IND,0.3622980369695426,0.19601366854424954,-1.6103078280725787,-0.18488296523205794,-0.21578110548201948
2025_05_LV_IND,LV,-0.18488296523205794,-0.21578110548201948,-0.3144454624917772,0.3622980369695426,0.19601366854424954
2025_05_MIA_CAR,CAR,0.0024580424598198134,0.3627317512000445,8.688226231822261,0.2507762378062504,-0.4410553489086361
2025_05_MIA_CAR,MIA,0.2507762378062504,-0.4410553489086361,14.81027743395637,0.0024580424598198134,0.3627317512000445
2025_05_MIN_CLE,CLE,-0.07456425825866184,-0.0164313136586262,-6.815527845174074,0.29767722915171324,-0.42912130358347084
2025_05_MIN_CLE,MIN,0.29767722915171324,-0.42912130358347084,7.974851306746988,-0.07456425825866184,-0.0164313136586262
2025_05_NE_BUF,BUF,0.21194785424213752,-0.358263194989413,5.940981755654017,0.17341462690898463,-0.15085227651870808
2025_05_NE_BUF,NE,0.17341462690898463,-0.15085227651870808,13.756121375731059,0.21194785424213752,-0.358263194989413
2025_05_NYG_NO,NO,0.40897784904158435,-0.23887047759577756,-1.4282968736463977,-0.24998713768582093,-0.3072910059854621
2025_05_NYG_NO,NYG,-0.24998713768582093,-0.3072910059854621,-1.743929317364326,0.40897784904158435,-0.23887047759577756
2025_05_SF_LA,LA,0.34453850787235935,-0.6267532466513598,-3.2675007763116257,0.27933506130132935,-0.11377640518968843
2025_05_SF_LA,SF,0.27933506130132935,-0.11377640518968843,-0.9093616157770157,0.34453850787235935,-0.6267532466513598
2025_05_TB_SEA,SEA,0.5996958114061396,-0.1296136274329564,16.30231229697957,0.6550936198711708,-0.14785010786267536
2025_05_TB_SEA,TB,0.6550936198711708,-0.14785010786267536,20.44649673625827,0.5996958114061396,-0.1296136274329564
2025_05_TEN_ARI,ARI,0.12942807478393661,-0.32890925938513,5.623544057210286,0.046538965987024804,-0.19274773878523296
2025_05_TEN_ARI,TEN,0.046538965987024804,-0.19274773878523296,-9.621611318072757,0.12942807478393661,-0.32890925938513
2025_05_WAS_LAC,LAC,-0.26560006431714206,0.027756130798176553,5.737509019672871,0.5071617422500679,-0.11282130733889062
2025_05_WAS_LAC,WAS,0.5071617422500679,-0.11282130733889062,-0.7532947737237682,-0.26560006431714206,0.027756130798176553
2025_06_ARI_IND,ARI,0.1263885898974253,-0.029825117845219844,4.625235918240669,0.15456240928558562,0.17901814939371738
2025_06_ARI_IND,IND,0.15456240928558562,0.17901814939371738,3.7489487727483115,0.1263885898974253,-0.029825117845219844
2025_06_BUF_ATL,ATL,0.11521830709560976,0.1669488642679639,-6.361269758593652,-0.12453676579988913,-0.0664671124337474
2025_06_BUF_ATL,BUF,-0.12453676579988913,-0.0664671124337474,-7.8905483851066,0.11521830709560976,0.1669488642679639
2025_06_CHI_WAS,CHI,0.06788058281036444,0.2187537875600873,-8.219391313092462,0.3834588931606765,-0.5620152616659956
2025_06_CHI_WAS,WAS,0.3834588931606765,-0.5620152616659956,11.14691657324632,0.06788058281036444,0.2187537875600873
2025_06_CIN_GB,CIN,0.16267703487267088,-0.052403464669623645,4.669453985989094,0.29944603790214047,0.10829570653624143
2025_06_CIN_GB,GB,0.29944603790214047,0.10829570653624143,6.610824282352741,0.16267703487267088,-0.052403464669623645
2025_06_CLE_PIT,CLE,-0.14886141595148691,-0.0014433157869943364,-10.223544111438827,0.2961687767858729,-0.12082321694358023
2025_06_CLE_PIT,PIT,0.2961687767858729,-0.12082321694358023,8.184740769452063,-0.14886141595148691,-0.0014433157869943364
2025_06_DAL_CAR,CAR,0.18387054690806373,0.20126683686820393,13.688871406373524,0.6153851636584773,-0.4669741526886355
2025_06_DAL_CAR,DAL,0.6153851636584773,-0.4669741526886355,7.128864263786989,0.18387054690806373,0.20126683686820393
2025_06_DEN_NYJ,DEN,-0.08294895571575998,-0.25334763681166805,3.521407567537748,-0.7312626404955126,-0.09896739607419087
2025_06_DEN_NYJ,NYJ,-0.7312626404955126,-0.09896739607419087,-14.768174476921558,-0.08294895571575998,-0.25334763681166805
2025_06_DET_KC,DET,0.20078516013199987,-0.08766026902065444,14.184024267726475,0.44626296316668795,0.03974037158768624
2025_06_DET_KC,KC,0.44626296316668795,0.03974037158768624,7.661985499518258,0.20078516013199987,-0.08766026902065444
2025_06_LAC_MIA,LAC,0.17785412416792057,-0.0112353783452666,8.790127697743868,-0.10719615847681241,0.29512033532664644
2025_06_LAC_MIA,MIA,-0.10719615847681241,0.29512033532664644,2.366358737150828,0.17785412416792057,-0.0112353783452666
2025_06_LA_BAL,BAL,-0.3831132931097999,-0.33075050205904216,-0.9252349380403757,0.12514738382911095,-0.16583814126317434
2025_06_LA_BAL,LA,0.12514738382911095,-0.16583814126317434,0.7012727168890146,-0.3831132931097999,-0.33075050205904216
2025_06_NE_NO,NE,0.5512003261765788,-0.3814519624983569,10.796038433909416,-0.06069237735680205,-0.0595552092667536
2025_06_NE_NO,NO,-0.06069237735680205,-0.0595552092667536,6.551737166368044,0.5512003261765788,-0.3814519624983569
2025_06_PHI_NYG,NYG,0.4029246861880113,0.17518733654381527,2.070017388233772,-0.056217516470339464,-0.0877290709823784
2025_06_PHI_NYG,PHI,-0.056217516470339464,-0.0877290709823784,9.212653245776892,0.4029246861880113,0.17518733654381527
2025_06_SEA_JAX,JAX,-0.048837276983627616,-0.13212399906551,-2.139047710668473,0.37638524517616984,-0.4272563084324106
2025_06_SEA_JAX,SEA,0.37638524517616984,-0.4272563084324106,7.398529102404912,-0.048837276983627616,-0.13212399906551
2025_06_SF_TB,SF,-0.12199096182410679,-0.01516955114147138,7.158802489976625,0.5705307035591072,-0.03764835934438564
2025_06_SF_TB,TB,0.5705307035591072,-0.03764835934438564,7.469806982123333,-0.12199096182410679,-0.01516955114147138
2025_06_TEN_LV,LV,0.20442634351061786,-0.3545091478639449,2.7602197035499243,-0.24240901824474956,-0.2137622892041128
2025_06_TEN_LV,TEN,-0.24240901824474956,-0.2137622892041128,5.549942921189701,0.20442634351061786,-0.3545091478639449
2025_07_ATL_SF,ATL,-0.13095546427433702,-0.06473602241668333,-5.806361552741793,0.09040317423885615,-0.009044852029344637
2025_07_ATL_SF,SF,0.09040317423885615,-0.009044852029344637,1.154978449145953,-0.13095546427433702,-0.06473602241668333
2025_07_CAR_NYJ,CAR,-0.10905892064347766,-0.03232309087252361,-2.083128498446557,-0.3394655237686472,-0.04196014018452843
2025_07_CAR_NYJ,NYJ,-0.3394655237686472,-0.04196014018452843,-11.164891239135496,-0.10905892064347766,-0.03232309087252361
2025_07_GB_ARI,ARI,0.1232142793439952,-0.2592352460790426,4.730957395890179,0.26057053810847913,-0.11257962454232927
2025_07_GB_ARI,GB,0.26057053810847913,-0.11257962454232927,-3.0207430677754536,0.1232142793439952,-0.2592352460790426
2025_07_HOU_SEA,HOU,-0.191583019168109,-0.729635439174793,-14.157423377037048,-0.3473742994183291,-0.06378817590318672
2025_07_HOU_SEA,SEA,-0.3473742994183291,-0.06378817590318672,-4.435563395763266,-0.191583019168109,-0.729635439174793
2025_07_IND_LAC,IND,0.4119862643496599,0.50375152064953,5.181318800896406,0.16373100803390453,-0.1084866417133106
2025_07_IND_LAC,LAC,0.16373100803390453,-0.1084866417133106,2.804653180970086,0.4119862643496599,0.50375152064953
2025_07_LA_JAX,JAX,-0.22794447469912157,0.1487010953003644,-12.520551681518555,0.41546920639285373,-0.05916149109058703
2025_07_LA_JAX,LA,0.41546920639285373,-0.05916149109058703,4.221847292148706,-0.22794447469912157,0.1487010953003644
2025_07_LV_KC,KC,0.5527184534722976,-0.15498767354224316,6.071546761428609,-0.5428014292543673,-0.7955576516178553
2025_07_LV_KC,LV,-0.5428014292543673,-0.7955576516178553,-4.785633613081539,0.5527184534722976,-0.15498767354224316
2025_07_MIA_CLE,CLE,0.22792551683789325,-0.19058523728939084,0.2349817090564304,-0.6755602544580781,-0.2403820517578251
2025_07_MIA_CLE,MIA,-0.6755602544580781,-0.2403820517578251,-10.648132065931955,0.22792551683789325,-0.19058523728939084
2025_07_NE_TEN,NE,0.4136999455574915,0.06501451323184973,25.634740665555,-0.2839021644188866,-0.2674717542742236
2025_07_NE_TEN,TEN,-0.2839021644188866,-0.2674717542742236,6.665890011936426,0.4136999455574915,0.06501451323184973
2025_07_NO_CHI,CHI,0.037218331882985636,0.10387179805741441,-3.2287707328796387,-0.19939828819981548,-0.24181502324748128
2025_07_NO_CHI,NO,-0.19939828819981548,-0.24181502324748128,0.39530425302443967,0.037218331882985636,0.10387179805741441
2025_07_NYG_DEN,DEN,0.01760237874400295,0.312619711485003,-10.86830369063786,0.3740013972971885,0.023456564624652718
2025_07_NYG_DEN,NYG,0.3740013972971885,0.023456564624652718,-16.977408076777603,0.01760237874400295,0.312619711485003
2025_07_PHI_MIN,MIN,0.03607903418345548,-0.3732364409703579,-0.5390525609254837,0.7271797762995658,-0.2798086772412816
2025_07_PHI_MIN,PHI,0.7271797762995658,-0.2798086772412816,17.924261611440908,0.03607903418345548,-0.3732364409703579
2025_07_PIT_CIN,CIN,0.325931025412439,0.2887392489106527,1.6087773773405287,0.35183085294635463,0.22761428248486482
2025_07_PIT_CIN,PIT,0.35183085294635463,0.22761428248486482,4.880153861912814,0.325931025412439,0.2887392489106527
2025_07_TB_DET,DET,-0.16615732308886072,0.021057558392414882,-1.2975573539733887,-0.4365343539593214,0.14232659110249105
2025_07_TB_DET,TB,-0.4365343539593214,0.14232659110249105,-9.447585046291351,-0.16615732308886072,0.021057558392414882
2025_07_WAS_DAL,DAL,0.3447453116810873,-0.09091587588773109,0.4078780611356099,-0.3322898440847417,0.14190631661950223
2025_07_WAS_DAL,WAS,-0.3322898440847417,0.14190631661950223,-11.903719459810565,0.3447453116810873,-0.09091587588773109
2025_08_BUF_CAR,BUF,0.38909365684565567,0.283490599266008,-9.345733860264653,-0.4678587090782378,-0.11813026401688587
2025_08_BUF_CAR,CAR,-0.4678587090782378,-0.11813026401688587,3.698212037915769,0.38909365684565567,0.283490599266008
2025_08_CHI_BAL,BAL,0.2964548714173117,0.1604065940615588,10.720725492997603,0.09331053950285392,-0.04653059859299988
2025_08_CHI_BAL,CHI,0.09331053950285392,-0.04653059859299988,7.888272830418178,0.2964548714173117,0.1604065940615588
2025_08_CLE_NE,CLE,-0.46003600906344266,0.10029236408549227,-5.337651480327953,0.30503230293836664,-0.18624108351442764
2025_08_CLE_NE,NE,0.30503230293836664,-0.18624108351442764,18.714007476101752,-0.46003600906344266,0.10029236408549227
2025_08_DAL_DEN,DAL,0.12393277826977837,-0.00035127598468014706,-1.3649272067206246,0.5171175939901604,0.1928454997509511
2025_08_DAL_DEN,DEN,0.5171175939901604,0.1928454997509511,8.968410944497144,0.12393277826977837,-0.00035127598468014706
2025_08_GB_PIT,GB,0.5882107241384066,-0.06375303639099002,13.540970938546318,-0.13268632453630583,-0.06948745364691906
2025_08_GB_PIT,PIT,-0.13268632453630583,-0.06948745364691906,4.962281417101622,0.5882107241384066,-0.06375303639099002
2025_08_MIA_ATL,ATL,-0.10502046209964619,-0.6563796498842851,2.4710270762443542,0.27204398119143713,0.10246328068135059
2025_08_MIA_ATL,MIA,0.27204398119143713,0.10246328068135059,2.2629392367822154,-0.10502046209964619,-0.6563796498842851
2025_08_MIN_LAC,LAC,0.4575897119443613,0.020812799962728678,9.111668666203817,-0.25759104815759165,-0.6795445200065539
2025_08_MIN_LAC,MIN,-0.25759104815759165,-0.6795445200065539,-11.791805922985077,0.4575897119443613,0.020812799962728678
2025_08_NYG_PHI,NYG,0.1297579110707705,-0.05431895220566443,1.8181299621408635,0.4499495851135195,0.49476516628163625
2025_08_NYG_PHI,PHI,0.4499495851135195,0.49476516628163625,9.823632687330246,0.1297579110707705,-0.05431895220566443
2025_08_NYJ_CIN,CIN,0.13244237000645853,0.4372069912920283,-8.001695799105095,0.4028359741280194,0.2681027381106882
2025_08_NYJ_CIN,NYJ,0.4028359741280194,0.2681027381106882,5.570480724175771,0.13244237000645853,0.4372069912920283
2025_08_SF_HOU,HOU,0.5050829163756364,-0.1856223794876002,8.515917784289309,-0.010293230160494877,-0.07434274945408106
2025_08_SF_HOU,SF,-0.010293230160494877,-0.07434274945408106,-2.3466238091068883,0.5050829163756364,-0.1856223794876002
2025_08_TB_NO,NO,-0.5213890787718188,-0.24172350827138872,-6.080386459827423,-0.06556898014631579,-0.24954742691694082
2025_08_TB_NO,TB,-0.06556898014631579,-0.24954742691694082,-9.644939750432968,-0.5213890787718188,-0.24172350827138872
2025_08_TEN_IND,IND,0.3266254990734064,0.38256753148097133,7.135976957423346,-0.1006642106525681,0.08835025307780597
2025_08_TEN_IND,TEN,-0.1006642106525681,0.08835025307780597,-7.154050952679402,0.3266254990734064,0.38256753148097133
2025_08_WAS_KC,KC,0.36058494420528103,0.1026849406659424,10.903219971805811,-0.20290440839178497,-0.0684242068331086
2025_08_WAS_KC,WAS,-0.20290440839178497,-0.0684242068331086,1.1250343918800354,0.36058494420528103,0.1026849406659424
2025_09_ARI_DAL,ARI,0.21503410365920947,-0.006016299583414501,7.376096371946664,-0.23038152096934839,0.09559515035053824
2025_09_ARI_DAL,DAL,-0.23038152096934839,0.09559515035053824,-0.4851244390010834,0.21503410365920947,-0.006016299583414501
2025_09_ATL_NE,ATL,0.11827599372918299,-0.12431607245317926,4.721757944892435,0.018829285897205894,0.004763569643255323
2025_09_ATL_NE,NE,0.018829285897205894,0.004763569643255323,5.3275637328624725,0.11827599372918299,-0.12431607245317926
2025_09_BAL_MIA,BAL,0.45414606432637405,-0.029445971627461,18.104419889657393,-0.11735639785068769,-0.428304644931706
2025_09_BAL_MIA,MIA,-0.11735639785068769,-0.428304644931706,-2.951435382301743,0.45414606432637405,-0.029445971627461
2025_09_CAR_GB,CAR,0.10377871847944334,0.0917594171071732,-11.497365173540617,0.1552631176842358,-0.19449769474751386
2025_09_CAR_GB,GB,0.1552631176842358,-0.19449769474751386,9.10083600452968,0.10377871847944334,0.0917594171071732
2025_09_CHI_CIN,CHI,0.47249869155656693,0.39576462922427297,-0.14702388468910665,0.3129390940825772,-0.12323198304927376
2025_09_CHI_CIN,CIN,0.3129390940825772,-0.12323198304927376,2.815685404671563,0.47249869155656693,0.39576462922427297
2025_09_DEN_HOU,DEN,-0.039935992427120544,-0.17932315733851303,-10.228743447976953,-0.06517028743398626,-0.3678579148021527
2025_09_DEN_HOU,HOU,-0.06517028743398626,-0.3678579148021527,-11.836634232447697,-0.039935992427120544,-0.17932315733851303
2025_09_IND_PIT,IND,-0.26847522933164214,0.4264721365858956,-1.6291015471021335,-0.07913997922999907,-0.13307674307448214
2025_09_IND_PIT,PIT,-0.07913997922999907,-0.13307674307448214,-2.64782224382673,-0.26847522933164214,0.4264721365858956
2025_09_JAX_LV,JAX,-0.10984743862745686,0.3770469339720684,-0.004795103362112334,0.29084237422775255,-0.16834471654793662
2025_09_JAX_LV,LV,0.29084237422775255,-0.16834471654793662,1.5299597068836814,-0.10984743862745686,0.3770469339720684
2025_09_KC_BUF,BUF,0.34815032081021324,0.10251564623382912,18.442466139793396,-0.019584800564671333,0.08472317688865587
2025_09_KC_BUF,KC,-0.019584800564671333,0.08472317688865587,-4.3897662697167235,0.34815032081021324,0.10251564623382912
2025_09_LAC_TEN,LAC,0.13954454917699577,-0.0018807330832351,6.475198268890381,-0.10395414486885313,-0.40811554898574387
2025_09_LAC_TEN,TEN,-0.10395414486885313,-0.40811554898574387,-11.784661525771732,0.13954454917699577,-0.0018807330832351
2025_09_MIN_DET,DET,0.07561234635380702,-0.2804340197139287,-2.515587459007899,-0.12233478644363083,0.15913238754030318
2025_09_MIN_DET,MIN,-0.12233478644363083,0.15913238754030318,-0.12288896933845851,0.07561234635380702,-0.2804340197139287
2025_09_NO_LA,LA,0.40957704418758795,0.22117057344730712,12.67982307941683,-0.0017115295385547841,-0.8474132314191333
2025_09_NO_LA,NO,-0.0017115295385547841,-0.8474132314191333,-6.384628638625145,0.40957704418758795,0.22117057344730712
2025_09_SEA_WAS,SEA,0.8929350269929207,-0.03849933354407161,23.53871576488018,-0.10274783011960895,0.011784221716138913
2025_09_SEA_WAS,WAS,-0.10274783011960895,0.011784221716138913,4.00167065007346,0.8929350269929207,-0.03849933354407161
2025_09_SF_NYG,NYG,0.18128994059740833,0.1532443708468539,3.736145608127117,0.4363366328558085,0.21144388468625644
2025_09_SF_NYG,SF,0.4363366328558085,0.21144388468625644,12.027716636657715,0.18128994059740833,0.1532443708468539
2025_10_ARI_SEA,ARI,-0.18979092725994587,-0.26782233781628556,-11.351046575741334,0.42258174616869343,-0.031836015305134656
2025_10_ARI_SEA,SEA,0.42258174616869343,-0.031836015305134656,18.889621645212173,-0.18979092725994587,-0.26782233781628556
2025_10_ATL_IND,ATL,-0.12938300823858861,0.14445990572026599,-16.349718928337097,-0.006939347129228459,0.33698840909872085
2025_10_ATL_IND,IND,-0.006939347129228459,0.33698840909872085,3.072657034947322,-0.12938300823858861,0.14445990572026599
2025_10_BAL_MIN,BAL,0.03449353321084328,0.014834623213293041,-13.496329316071101,-0.10346604082953127,-0.014568081844897409
2025_10_BAL_MIN,MIN,-0.10346604082953127,-0.014568081844897409,-11.627759984353693,0.03449353321084328,0.014834623213293041
2025_10_BUF_MIA,BUF,0.09887679869492422,-0.5180066257191356,7.705256801385146,0.4289271493464531,0.23068875172303674
2025_10_BUF_MIA,MIA,0.4289271493464531,0.23068875172303674,5.901699690591721,0.09887679869492422,-0.5180066257191356
2025_10_CLE_NYJ,CLE,0.002062137931511158,-0.12074923712363536,-16.412143409252167,-0.3960927222334944,-0.15799539876534976
2025_10_CLE_NYJ,NYJ,-0.3960927222334944,-0.15799539876534976,-13.657003912058743,0.002062137931511158,-0.12074923712363536
2025_10_DET_WAS,DET,0.6816430939412998,0.2839161540133822,9.601234178990126,0.44009255358084787,-0.13270270481064916
2025_10_DET_WAS,WAS,0.44009255358084787,-0.13270270481064916,14.25039998509667,0.6816430939412998,0.2839161540133822
2025_10_JAX_HOU,HOU,0.13160166526701905,0.03499400484394705,-3.2593265853144904,-0.16498794407397302,-0.23490581476399047
2025_10_JAX_HOU,JAX,-0.16498794407397302,-0.23490581476399047,-14.426665979882944,0.13160166526701905,0.03499400484394705
2025_10_LA_SF,LA,0.6116259063057589,0.1531957626980979,10.5948607711231,0.2657242671256065,-0.19442584083437742
2025_10_LA_SF,SF,0.2657242671256065,-0.19442584083437742,14.974827949817364,0.6116259063057589,0.1531957626980979
2025_10_LV_DEN,DEN,-0.41389607412391216,-0.16766341977591553,-7.191638206994092,-0.48694588344826195,-0.24090287222719306
2025_10_LV_DEN,LV,-0.48694588344826195,-0.24090287222719306,-9.336032390594482,-0.41389607412391216,-0.16766341977591553
2025_10_NE_TB,NE,0.15008908160962164,0.2688061755404554,-5.857704477063541,0.03480375761249626,0.09101831846783699
2025_10_NE_TB,TB,0.03480375761249626,0.09101831846783699,-2.538804813872936,0.15008908160962164,0.2688061755404554
2025_10_NO_CAR,CAR,-0.21433145731941125,-0.41188237109251885,2.757819061693938,0.30688063264317933,-0.01622916609013566
2025_10_NO_CAR,NO,0.30688063264317933,-0.01622916609013566,10.370934124176319,-0.21433145731941125,-0.41188237109251885
2025_10_NYG_CHI,CHI,0.10606531764687409,0.013398387222661682,-8.151408698823717,-0.009480053941350984,0.0010079835982261492
2025_10_NYG_CHI,NYG,-0.009480053941350984,0.0010079835982261492,5.115750897675753,0.10606531764687409,0.013398387222661682
2025_10_PHI_GB,GB,-0.1472750354400632,-0.16277104806067655,-6.4590897975545944,0.29943166149702544,-0.4044941846257843
2025_10_PHI_GB,PHI,0.29943166149702544,-0.4044941846257843,-0.7928240558375483,-0.1472750354400632,-0.16277104806067655
2025_10_PIT_LAC,LAC,-0.1253872045458331,-0.09241354027618048,-14.103084441387292,-0.49904654210112764,-0.11333798301433597
2025_10_PIT_LAC,PIT,-0.49904654210112764,-0.11333798301433597,-10.830245379890714,-0.1253872045458331,-0.09241354027618048
2025_11_BAL_CLE,BAL,-0.3822337586522553,0.19823692691904768,-8.797862887382507,-0.5383582762179181,-0.28710706317139306
2025_11_BAL_CLE,CLE,-0.5383582762179181,-0.28710706317139306,-20.817376732826233,-0.3822337586522553,0.19823692691904768
2025_11_CAR_ATL,ATL,0.27655991087394066,-0.1243297580799516,-5.197359261841609,0.2810222985963741,-0.27936925259335943
2025_11_CAR_ATL,CAR,0.2810222985963741,-0.27936925259335943,2.1731023761359127,0.27655991087394066,-0.1243297580799516
2025_11_CHI_MIN,CHI,-0.006626259026537591,-0.11808929340533479,-9.485139059168953,-0.37438194883866277,0.1211482566432096
2025_11_CHI_MIN,MIN,-0.37438194883866277,0.1211482566432096,-15.244286600500345,-0.006626259026537591,-0.11808929340533479
2025_11_CIN_PIT,CIN,-0.3608959206739419,0.13793385686522916,-9.606239810968058,0.331192283425697,-0.032422077716686405
2025_11_CIN_PIT,PIT,0.331192283425697,-0.032422077716686405,0.5320483240587958,-0.3608959206739419,0.13793385686522916
2025_11_DAL_LV,DAL,0.3103393233142085,-0.01512686886039942,8.717983216047287,-0.20973298585540592,-0.12734907476988155
2025_11_DAL_LV,LV,-0.20973298585540592,-0.12734907476988155,-3.2263241517238126,0.3103393233142085,-0.01512686886039942
2025_11_DET_PHI,DET,-0.36572376435078663,-0.4690940110827796,-30.07149224479993,-0.23464312932847275,-0.1512439266213757
2025_11_DET_PHI,PHI,-0.23464312932847275,-0.1512439266213757,-9.799184732966953,-0.36572376435078663,-0.4690940110827796
2025_11_GB_NYG,GB,0.44634901636482394,0.21784813647694967,1.5355408787727356,0.2057846397413717,0.07596212093745922
2025_11_GB_NYG,NYG,0.2057846397413717,0.07596212093745922,0.5008329605234081,0.44634901636482394,0.21784813647694967
2025_11_HOU_TEN,HOU,0.012887815666559397,-0.23750356178637985,-0.025067180395126343,0.02836032058539095,-0.4966719012408772
2025_11_HOU_TEN,TEN,0.02836032058539095,-0.4966719012408772,-1.9957180238432355,0.012887815666559397,-0.23750356178637985
2025_11_KC_DEN,DEN,0.11485248670524194,-0.1892336494580377,1.409962276617686,0.1324106200494559,0.06326957841520198
2025_11_KC_DEN,KC,0.1324106200494559,0.06326957841520198,-2.7892577786778294,0.11485248670524194,-0.1892336494580377
2025_11_LAC_JAX,JAX,0.2125815726165176,0.09315667979600321,-1.5698545358397744,-0.5786892391130627,-0.17960768395390075
2025_11_LAC_JAX,LAC,-0.5786892391130627,-0.17960768395390075,-12.295958399772644,0.2125815726165176,0.09315667979600321
2025_11_NYJ_NE,NE,0.2905669888122501,-0.115074273265021,13.539707118814642,-0.09755542584709033,-0.06796758353205708
2025_11_NYJ_NE,NYJ,-0.09755542584709033,-0.06796758353205708,-7.065995839925913,0.2905669888122501,-0.115074273265021
2025_11_SEA_LA,LA,-0.33793421734299045,-0.018799238635793976,-16.569474449864142,-0.25277327571341374,-0.1061506373201458
2025_11_SEA_LA,SEA,-0.25277327571341374,-0.1061506373201458,0.018557551361265637,-0.33793421734299045,-0.018799238635793976
2025_11_SF_ARI,ARI,0.06698734254980963,-0.313975965010615,12.436020800045558,0.30195486149836875,0.04167101131381721
2025_11_SF_ARI,SF,0.30195486149836875,0.04167101131381721,10.061668038368225,0.06698734254980963,-0.313975965010615
2025_11_TB_BUF,BUF,0.3957517834981036,0.08818077607845355,-0.8126414815584818,-0.03853052711540545,0.18372564354349913
2025_11_TB_BUF,TB,-0.03853052711540545,0.18372564354349913,-8.347461952103508,0.3957517834981036,0.08818077607845355
2025_11_WAS_MIA,MIA,0.10978790131128391,-0.09399039862297442,2.0625826716423035,0.2617594721078853,-0.11480336947352043
2025_11_WAS_MIA,WAS,0.2617594721078853,-0.11480336947352043,2.292767886457772,0.10978790131128391,-0.09399039862297442
2025_12_ATL_NO,ATL,-0.14940745289998864,-0.07767495763514723,7.1835677325725555,-0.2730175582745397,-0.1508293018067399
2025_12_ATL_NO,NO,-0.2730175582745397,-0.1508293018067399,-3.4548243338411506,-0.14940745289998864,-0.07767495763514723
2025_12_BUF_HOU,BUF,-0.2740468231798957,0.08291098156769294,0.7711865939199924,-0.18779599503509434,0.07931743718290818
2025_12_BUF_HOU,HOU,-0.18779599503509434,0.07931743718290818,-7.499050136123385,-0.2740468231798957,0.08291098156769294
2025_12_CAR_SF,CAR,-0.2975126086975548,0.022822231203058943,-2.5994314087761774,-0.06401028606022591,0.057733826813413734
2025_12_CAR_SF,SF,-0.06401028606022591,0.057733826813413734,1.4753536321222782,-0.2975126086975548,0.022822231203058943
2025_12_CLE_LV,CLE,-0.14491860872712928,-0.2937047068352023,-6.131654812230004,-0.2836885232589355,-0.49658881321145026
2025_12_CLE_LV,LV,-0.2836885232589355,-0.49658881321145026,0.5469675574983869,-0.14491860872712928,-0.2937047068352023
2025_12_IND_KC,IND,0.08039792759837774,-0.23003986574985902,-5.146127554678148,0.22558074074461817,-0.27859115996051825
2025_12_IND_KC,KC,0.22558074074461817,-0.27859115996051825,1.1543809674506964,0.08039792759837774,-0.23003986574985902
2025_12_JAX_ARI,ARI,-0.1002930201089571,-0.24122866240979515,3.2745109304137854,-0.17390377063145795,-0.18563453501556068
2025_12_JAX_ARI,JAX,-0.17390377063145795,-0.18563453501556068,-2.9648780822753906,-0.1002930201089571,-0.24122866240979515
2025_12_MIN_GB,GB,0.3458494829172365,-0.13139221805909954,5.1076029028211325,-0.6355873003402664,-0.15805478158750033
2025_12_MIN_GB,MIN,-0.6355873003402664,-0.15805478158750033,-4.204098052448696,0.3458494829172365,-0.13139221805909954
2025_12_NE_CIN,CIN,-0.299451286329232,0.02716691776489218,-5.871537766035865,0.27167615217575947,-0.3501787687628091
2025_12_NE_CIN,NE,0.27167615217575947,-0.3501787687628091,-0.4191146655516191,-0.299451286329232,0.02716691776489218
2025_12_NYG_DET,DET,-0.1229354768921679,0.7625936944899704,-2.8875761910488733,0.4903384368735107,-0.24527724524331893
2025_12_NYG_DET,NYG,0.4903384368735107,-0.24527724524331893,-4.205553759546841,-0.1229354768921679,0.7625936944899704
2025_12_NYJ_BAL,BAL,0.19852659163645117,-0.10171426928016068,1.1591093242168427,0.05537092760264589,-0.57233307040345
2025_12_NYJ_BAL,NYJ,0.05537092760264589,-0.57233307040345,-1.4548066589567397,0.19852659163645117,-0.10171426928016068
2025_12_PHI_DAL,DAL,0.1151522445854027,-0.26488558645695987,1.4702287742069788,0.04936343801516296,-0.132528050125984
2025_12_PHI_DAL,PHI,0.04936343801516296,-0.132528050125984,6.52964860200882,0.1151522445854027,-0.26488558645695987
2025_12_PIT_CHI,CHI,0.056090662148080915,-0.06536139693090935,-3.924371600151062,-0.06397808825194433,0.16682703718543052
2025_12_PIT_CHI,PIT,-0.06397808825194433,0.16682703718543052,8.868385514905375,0.056090662148080915,-0.06536139693090935
2025_12_SEA_TEN,SEA,0.3256057855710357,0.20715773946415683,2.109574556350708,0.10337801050595462,-0.32036868208961095
2025_12_SEA_TEN,TEN,0.10337801050595462,-0.32036868208961095,4.87278456750669,0.3256057855710357,0.20715773946415683
2025_12_TB_LA,LA,0.19505670240000078,-0.155832410679738,4.716209366041071,-0.5891422830741956,-0.04606266609858722
2025_12_TB_LA,TB,-0.5891422830741956,-0.04606266609858722,-18.583328589316338,0.19505670240000078,-0.155832410679738
2025_13_ARI_TB,ARI,0.11354785829149665,-0.41089834390368196,11.05167479128451,0.005201230869807055,-0.08346734333115266
2025_13_ARI_TB,TB,0.005201230869807055,-0.08346734333115266,-0.5803908293063824,0.11354785829149665,-0.41089834390368196
2025_13_ATL_NYJ,ATL,0.18432587175046933,0.17710557576819239,-0.8298612890704986,0.08430784221739628,-0.09668150898968716
2025_13_ATL_NYJ,NYJ,0.08430784221739628,-0.09668150898968716,-1.6333287762057396,0.18432587175046933,0.17710557576819239
2025_13_BUF_PIT,BUF,0.24567423144320924,0.016417050993985615,-8.480159743972447,-0.47469064213335516,-0.35419153224857935
2025_13_BUF_PIT,PIT,-0.47469064213335516,-0.35419153224857935,-26.582244986837562,0.24567423144320924,0.016417050993985615
2025_13_CHI_PHI,CHI,-0.12373492856435041,0.20051479825501287,-12.467103637754917,0.0400928247327745,-0.2551448245803305
2025_13_CHI_PHI,PHI,0.0400928247327745,-0.2551448245803305,0.5673018097877502,-0.12373492856435041,0.20051479825501287
2025_13_CIN_BAL,BAL,-0.5510003560964833,0.11998043061037988,-6.798954904079437,0.1699954837147995,-0.198594585557385
2025_13_CIN_BAL,CIN,0.1699954837147995,-0.198594585557385,-5.978283557024869,-0.5510003560964833,0.11998043061037988
2025_13_DEN_WAS,DEN,0.19789730987609366,0.045568087102202254,-4.023081618686055,0.086492180650396,0.09142165195080451
2025_13_DEN_WAS,WAS,0.086492180650396,0.09142165195080451,3.2220691442489624,0.19789730987609366,0.045568087102202254
2025_13_GB_DET,DET,0.3816535787019655,-0.2960221100027763,2.561455413147255,0.5370173064725987,0.0205545585276559
2025_13_GB_DET,GB,0.5370173064725987,0.0205545585276559,0.8530517076623851,0.3816535787019655,-0.2960221100027763
2025_13_HOU_IND,HOU,0.23947639548322017,-0.21412100104664986,6.048811133950949,0.15217830481938768,-0.28494827332906425
2025_13_HOU_IND,IND,0.15217830481938768,-0.28494827332906425,-8.84944748878479,0.23947639548322017,-0.21412100104664986
2025_13_JAX_TEN,JAX,0.1868717209763853,-0.23779727393120528,4.199545741081238,-0.4787547027755935,-0.018910699519507874
2025_13_JAX_TEN,TEN,-0.4787547027755935,-0.018910699519507874,-1.6733853306089128,0.1868717209763853,-0.23779727393120528
2025_13_KC_DAL,DAL,0.43333846775419976,-0.04420537352764412,4.838724313555537,0.3159806490698627,-0.14819118411978707
2025_13_KC_DAL,KC,0.3159806490698627,-0.14819118411978707,4.746995307505131,0.43333846775419976,-0.04420537352764412
2025_13_LA_CAR,CAR,0.6272995151122064,-0.09213217618604619,8.80542203783989,-0.1170689917576965,0.5281769228140114
2025_13_LA_CAR,LA,-0.1170689917576965,0.5281769228140114,3.4452046509142273,0.6272995151122064,-0.09213217618604619
2025_13_LV_LAC,LAC,0.26897413012542193,0.03922509633294131,11.456142720722017,0.03277598226462335,-0.7521091977541801
2025_13_LV_LAC,LV,0.03277598226462335,-0.7521091977541801,12.157199599526145,0.26897413012542193,0.03922509633294131
2025_13_MIN_SEA,MIN,-0.8455172310533401,-0.26751950655307155,-4.164899628737877,-0.2344827484016988,-0.049388415130254416
2025_13_MIN_SEA,SEA,-0.2344827484016988,-0.049388415130254416,-15.94495345716891,-0.8455172310533401,-0.26751950655307155
2025_13_NO_MIA,MIA,-0.3533435447404947,0.08353498252940231,-1.271800696849823,-0.20500823857462058,-0.10162138320330531
2025_13_NO_MIA,NO,-0.20500823857462058,-0.10162138320330531,9.799112642512602,-0.3533435447404947,0.08353498252940231
2025_13_NYG_NE,NE,0.3182334811924732,-0.1046876214724034,15.77816883722941,-0.12731177978804617,-0.004505164308837899
2025_13_NYG_NE,NYG,-0.12731177978804617,-0.004505164308837899,3.5155829042196274,0.3182334811924732,-0.1046876214724034
2025_13_SF_CLE,CLE,-0.24010304363036994,-0.19229995452229595,1.3269964767538982,0.05169510301011241,-0.03488618788880206
2025_13_SF_CLE,SF,0.05169510301011241,-0.03488618788880206,9.485659262408381,-0.24010304363036994,-0.19229995452229595
2025_14_CHI_GB,CHI,0.016654143121234234,0.1785962837724015,1.8537400024277824,0.23773069750233036,0.16818747562589123
2025_14_CHI_GB,GB,0.23773069750233036,0.16818747562589123,12.038747901501862,0.016654143121234234,0.1785962837724015
2025_14_CIN_BUF,BUF,0.6943083860794298,-0.4556383847522243,12.483755416340298,0.2815267855891413,-0.07363956043570254
2025_14_CIN_BUF,CIN,0.2815267855891413,-0.07363956043570254,7.009764760732651,0.6943083860794298,-0.4556383847522243
2025_14_DAL_DET,DAL,-0.07611291102316545,0.007977531037547371,1.232050010498534,0.27650864770329936,0.2411524246895819
2025_14_DAL_DET,DET,0.27650864770329936,0.2411524246895819,9.59008643704076,-0.07611291102316545,0.007977531037547371
2025_14_DEN_LV,DEN,0.20963073254721473,0.05674327504182715,10.979730553097195,0.043240772339607984,-0.09701829640702768
2025_14_DEN_LV,LV,0.043240772339607984,-0.09701829640702768,8.219962886401586,0.20963073254721473,0.05674327504182715
2025_14_HOU_KC,HOU,0.027702031664562244,-0.1869021216164345,-6.10207838040811,-0.44119641215202193,-0.016516153544547375
2025_14_HOU_KC,KC,-0.44119641215202193,-0.016516153544547375,-14.852203171828698,0.027702031664562244,-0.1869021216164345
2025_14_IND_JAX,IND,-0.04498134222910696,-0.3671576851250037,-0.4494085907936096,0.3311693217399756,-0.2642067635369366
2025_14_IND_JAX,JAX,0.3311693217399756,-0.2642067635369366,-3.3913434513153566,-0.04498134222910696,-0.3671576851250037
2025_14_LA_ARI,ARI,-0.06573230786557771,-0.1327361898638435,-8.447311479936946,0.5165025688499467,0.35681326349817133
2025_14_LA_ARI,LA,0.5165025688499467,0.35681326349817133,4.055153458349166,-0.06573230786557771,-0.1327361898638435
2025_14_MIA_NYJ,MIA,0.07289308523784553,0.29779710601487996,-9.189208632423764,-0.5233938569645822,-0.09750634877298794
2025_14_MIA_NYJ,NYJ,-0.5233938569645822,-0.09750634877298794,-20.353386644273996,0.07289308523784553,0.29779710601487996
2025_14_NO_TB,NO,0.09086715441680125,-0.07668277003685944,-2.251250296831131,-0.13183945938956226,-0.16885098388052677
2025_14_NO_TB,TB,-0.13183945938956226,-0.16885098388052677,-16.479784463133132,0.09086715441680125,-0.07668277003685944
2025_14_PHI_LAC,LAC,-0.2605531809744465,-0.2286842937042351,-15.622795794321144,-0.40146410386917597,-0.020955483096337917
2025_14_PHI_LAC,PHI,-0.40146410386917597,-0.020955483096337917,-10.747973934600228,-0.2605531809744465,-0.2286842937042351
2025_14_PIT_BAL,BAL,0.00266584901587345,0.05030628629777181,-5.037570270625028,0.3019590165455141,0.10070759950904176
2025_14_PIT_BAL,PIT,0.3019590165455141,0.10070759950904176,4.322721018935695,0.00266584901587345,0.05030628629777181
2025_14_SEA_ATL,ATL,-0.37372258184143836,-0.21611653469059797,-12.767703937632698,0.32950283083479864,-0.16462316484047243
2025_14_SEA_ATL,SEA,0.32950283083479864,-0.16462316484047243,-0.26424725850423175,-0.37372258184143836,-0.21611653469059797
2025_14_TEN_CLE,CLE,0.06320647729529918,-0.36575731658759086,-4.73575862614732,-0.3099334639206063,0.07278364193583846
2025_14_TEN_CLE,TEN,-0.3099334639206063,0.07278364193583846,-10.566515326499939,0.06320647729529918,-0.36575731658759086
2025_14_WAS_MIN,MIN,0.3866096695715006,0.21688704914212675,0.14395195504893427,-0.5709904860636658,0.003821088667286353
2025_14_WAS_MIN,WAS,-0.5709904860636658,0.003821088667286353,-17.469057589769363,0.3866096695715006,0.21688704914212675
2025_15_ARI_HOU,ARI,-0.009217815799193216,0.14238391468243208,1.1547101171393144,0.45253565999588746,-0.02087792289169175
2025_15_ARI_HOU,HOU,0.45253565999588746,-0.02087792289169175,11.928566144062923,-0.009217815799193216,0.14238391468243208
2025_15_ATL_TB,ATL,0.24513700304050595,0.05817150003911758,7.697924971580505,0.20615914065500543,0.014732077524637465
2025_15_ATL_TB,TB,0.20615914065500543,0.014732077524637465,-1.1208205483853817,0.24513700304050595,0.05817150003911758
2025_15_BAL_CIN,BAL,0.06624899108922815,0.3339034053129389,6.799069543679555,-0.3540390788172469,-0.2556890853198378
2025_15_BAL_CIN,CIN,-0.3540390788172469,-0.2556890853198378,2.6324328035116196,0.06624899108922815,0.3339034053129389
2025_15_BUF_NE,BUF,0.31456096076403306,0.2312925248303556,10.389750966658958,-0.03149790905105571,0.5866956274822066
2025_15_BUF_NE,NE,-0.03149790905105571,0.5866956274822066,-0.5315368825739081,0.31456096076403306,0.2312925248303556
2025_15_CAR_NO,CAR,0.3056019278197256,-0.1810482310783118,7.088887244462967,0.27724109792356155,-0.1790363240895955
2025_15_CAR_NO,NO,0.27724109792356155,-0.1790363240895955,4.05088807305982,0.3056019278197256,-0.1810482310783118
2025_15_CLE_CHI,CHI,0.16325123060311672,-0.07302963093570725,1.4367245965533786,-0.5153060995945414,-0.31826078314666767
2025_15_CLE_CHI,CLE,-0.5153060995945414,-0.31826078314666767,-4.563810315824324,0.16325123060311672,-0.07302963093570725
2025_15_DET_LA,DET,0.3806696290389126,-0.21138941536179992,-0.5944612779115376,0.1945780004854526,0.2199997615659543
2025_15_DET_LA,LA,0.1945780004854526,0.2199997615659543,-0.5515403653445997,0.3806696290389126,-0.21138941536179992
2025_15_GB_DEN,DEN,0.531639580083337,-0.3276747587977775,8.582598064094782,0.1452518805598122,-0.21904732709719676
2025_15_GB_DEN,GB,0.1452518805598122,-0.21904732709719676,6.805002358224657,0.531639580083337,-0.3276747587977775
2025_15_IND_SEA,IND,-0.019642842675128426,-0.0787520991787402,-0.4007951571391179,0.08698338881048225,-0.33265912718670443
2025_15_IND_SEA,SEA,0.08698338881048225,-0.33265912718670443,0.5525342442772605,-0.019642842675128426,-0.0787520991787402
2025_15_LAC_KC,KC,-0.07082527125031805,-0.20750787965095552,-3.6651724576950073,0.08117966412128545,-0.1163766333037078
2025_15_LAC_KC,LAC,0.08117966412128545,-0.1163766333037078,5.869502746141874,-0.07082527125031805,-0.20750787965095552
2025_15_LV_PHI,LV,-0.5264912482195844,-0.11947072688296127,-10.130075097084045,1.0606591349188312,-0.1448193135011631
2025_15_LV_PHI,PHI,1.0606591349188312,-0.1448193135011631,17.572513222694397,-0.5264912482195844,-0.11947072688296127
2025_15_MIA_PIT,MIA,0.041717582005581684,-0.23160342268347633,15.509115274135883,0.36641867830985575,0.059827873356612944
2025_15_MIA_PIT,PIT,0.36641867830985575,0.059827873356612944,10.425291017249778,0.041717582005581684,-0.23160342268347633
2025_15_MIN_DAL,DAL,0.0018413925774561344,0.2421747198473895,-4.063695073127747,0.47594198947972977,-0.06303435457153804
2025_15_MIN_DAL,MIN,0.47594198947972977,-0.06303435457153804,1.6888683040936787,0.0018413925774561344,0.2421747198473895
2025_15_NYJ_JAX,JAX,0.7344225641422494,-0.5112928118833224,12.163385429552623,-0.19876403913411972,-0.09319049299638546
2025_15_NYJ_JAX,NYJ,-0.19876403913411972,-0.09319049299638546,3.1095354817807674,0.7344225641422494,-0.5112928118833224
2025_15_TEN_SF,SF,0.5042457270049739,-0.07318202481189494,20.512004515954427,0.06062208102155385,0.3163234822039323
2025_15_TEN_SF,TEN,0.06062208102155385,0.3163234822039323,-2.7442482886491,0.5042457270049739,-0.07318202481189494
2025_15_WAS_NYG,NYG,0.13868924671122235,-0.15673627555555086,-4.560298762387699,0.0858804680899662,-0.09253646501068337
2025_15_WAS_NYG,WAS,0.0858804680899662,-0.09253646501068337,4.152094386518002,0.13868924671122235,-0.15673627555555086
2025_16_ATL_ARI,ARI,-0.02223102608353688,0.093837788680712,-13.592558379830985,0.28130011836653795,-0.15812694230053975
2025_16_ATL_ARI,ATL,0.28130011836653795,-0.15812694230053975,-6.863564077545615,-0.02223102608353688,0.093837788680712
2025_16_BUF_CLE,BUF,-0.34323818607551787,0.43248230194672943,-0.8783014284239875,-0.26912239038671854,0.08876381118066742
2025_16_BUF_CLE,CLE,-0.26912239038671854,0.08876381118066742,1.3728872493461326,-0.34323818607551787,0.43248230194672943
2025_16_CIN_MIA,CIN,0.5487874942854055,0.11780152833554894,16.090769825443143,-0.005530459178771707,-0.17351733681021464
2025_16_CIN_MIA,MIA,-0.005530459178771707,-0.17351733681021464,1.5516849427387631,0.5487874942854055,0.11780152833554894
2025_16_GB_CHI,CHI,0.23743662301700985,-0.12019515305798015,0.6091309004816515,0.43577071103271736,-0.2077385062317213
2025_16_GB_CHI,GB,0.43577071103271736,-0.2077385062317213,8.126536011695862,0.23743662301700985,-0.12019515305798015
2025_16_JAX_DEN,DEN,0.0236554469899572,-0.14575733748014927,-3.132745720770048,0.3276050515218772,-0.2320363946724683
2025_16_JAX_DEN,JAX,0.3276050515218772,-0.2320363946724683,5.511070106710706,0.0236554469899572,-0.14575733748014927
2025_16_KC_TEN,KC,-0.3324175331418324,-0.0655840565013932,-12.681263143366033,0.26928955706534907,-0.17172276831320538
2025_16_KC_TEN,TEN,0.26928955706534907,-0.17172276831320538,10.43735632189998,-0.3324175331418324,-0.0655840565013932
2025_16_LAC_DAL,DAL,0.17880326848189915,-0.30400089449540246,5.0298962742090225,0.7742638666357353,0.020436948897743907
2025_16_LAC_DAL,LAC,0.7742638666357353,0.020436948897743907,18.78742820450238,0.17880326848189915,-0.30400089449540246
2025_16_LA_SEA,LA,0.4692833608045653,-0.1610218680699547,-2.744625757137934,-0.12780609082486694,0.34205912013219303
2025_16_LA_SEA,SEA,-0.12780609082486694,0.34205912013219303,1.3444929353652462,0.4692833608045653,-0.1610218680699547
2025_16_LV_HOU,HOU,0.15614131079273816,-0.5097306738503038,-1.5157653128399569,0.09017810999433061,-0.14487840721159484
2025_16_LV_HOU,LV,0.09017810999433061,-0.14487840721159484,4.943414438854564,0.15614131079273816,-0.5097306738503038
2025_16_MIN_NYG,MIN,-0.19646568440859735,0.038418289249185125,2.015871716582257,-0.4279107346794994,-0.11106744322610358
2025_16_MIN_NYG,NYG,-0.4279107346794994,-0.11106744322610358,-17.342952352303726,-0.19646568440859735,0.038418289249185125
2025_16_NE_BAL,BAL,0.13814718071797727,0.06973894346024721,16.25805526971817,0.23772417046349853,0.08996435268394028
2025_16_NE_BAL,NE,0.23772417046349853,0.08996435268394028,12.496597922983623,0.13814718071797727,0.06973894346024721
2025_16_NYJ_NO,NO,0.13641413500210212,-0.3914427922598248,-0.2282974567819149,-0.5154888956294629,-0.17294124740320035
2025_16_NYJ_NO,NYJ,-0.5154888956294629,-0.17294124740320035,-11.822786751915427,0.13641413500210212,-0.3914427922598248
2025_16_PHI_WAS,PHI,0.3904675945486454,0.3111004865448756,7.547666697666563,-0.19429292940793808,0.06092976260306134
2025_16_PHI_WAS,WAS,-0.19429292940793808,0.06092976260306134,-8.998668044805527,0.3904675945486454,0.3111004865448756
2025_16_PIT_DET,DET,0.12200462401909479,-0.36023416490272875,-7.189259334252431,0.027121981681103673,0.394139785990119
2025_16_PIT_DET,PIT,0.027121981681103673,0.394139785990119,-1.3820029403034009,0.12200462401909479,-0.36023416490272875
2025_16_SF_IND,IND,0.010312386489132552,-0.08791971165046561,-3.313934471872118,0.5655352486716198,0.18557900081914677
2025_16_SF_IND,SF,0.5655352486716198,0.18557900081914677,12.416314265944742,0.010312386489132552,-0.08791971165046561
2025_16_TB_CAR,CAR,0.11085327951803597,0.0788581271091708,6.729625982622946,0.17620658064188172,-0.027545275967590235
2025_16_TB_CAR,TB,0.17620658064188172,-0.027545275967590235,1.3597065210342407,0.11085327951803597,0.0788581271091708
2025_17_ARI_CIN,ARI,0.008901708341330628,-0.12968087672757414,-5.66900977066585,0.48808801401989416,0.10420164422442516
2025_17_ARI_CIN,CIN,0.48808801401989416,0.10420164422442516,11.87038566126968,0.008901708341330628,-0.12968087672757414
2025_17_BAL_GB,BAL,0.40987116894528725,0.30372114735370154,10.441548153758049,0.4268006199588175,-0.8389068539571863
2025_17_BAL_GB,GB,0.4268006199588175,-0.8389068539571863,12.37983524799347,0.40987116894528725,0.30372114735370154
2025_17_CHI_SF,CHI,0.39575071361385034,0.16450449796148428,-2.6844049875552836,0.4123734271099859,0.13500246776628397
2025_17_CHI_SF,SF,0.4123734271099859,0.13500246776628397,5.033049168008747,0.39575071361385034,0.16450449796148428
2025_17_DAL_WAS,DAL,0.3143432908905283,0.11506730592897686,-10.961622165309059,0.20820755820781334,0.2719894126021245
2025_17_DAL_WAS,WAS,0.20820755820781334,0.2719894126021245,4.837956740742638,0.3143432908905283,0.11506730592897686
2025_17_DEN_KC,DEN,0.14404786771075745,-0.018177505262428895,3.6181969417108073,-0.2542961524661845,-0.0032154626165078405
2025_17_DEN_KC,KC,-0.2542961524661845,-0.0032154626165078405,-1.7960478365421295,0.14404786771075745,-0.018177505262428895
2025_17_DET_MIN,DET,-0.23360349401638406,-0.724514402965239,-9.006532923928622,-0.5446070903001488,0.06203382532945746
2025_17_DET_MIN,MIN,-0.5446070903001488,0.06203382532945746,-9.389922448566981,-0.23360349401638406,-0.724514402965239
2025_17_HOU_LAC,HOU,-0.035055746582052134,-0.12145112784855883,-7.463044501267946,-0.05323044787852591,-0.3827534620376194
2025_17_HOU_LAC,LAC,-0.05323044787852591,-0.3827534620376194,1.1519169615161033,-0.035055746582052134,-0.12145112784855883
2025_17_JAX_IND,IND,-0.2707550355817454,-0.012083732591814954,-9.688687118990668,0.08527977772854616,-0.151734137806011
2025_17_JAX_IND,JAX,0.08527977772854616,-0.151734137806011,-0.2252337900367943,-0.2707550355817454,-0.012083732591814954
2025_17_LA_ATL,ATL,0.24617479346598267,0.03653412188411157,0.4969857633113861,-0.08762309738461281,-0.13099620766782513
2025_17_LA_ATL,LA,-0.08762309738461281,-0.13099620766782513,-3.0521249605549707,0.24617479346598267,0.03653412188411157
2025_17_NE_NYJ,NE,1.0791337899413163,-0.06975015632087889,26.035621881484985,-0.3129880249338086,-0.00692948635592724
2025_17_NE_NYJ,NYJ,-0.3129880249338086,-0.00692948635592724,-5.9628913179039955,1.0791337899413163,-0.06975015632087889
2025_17_NO_TEN,NO,0.2797714795010909,0.06609566014958546,19.823629436669528,-0.09354626679843354,-0.2008598523928042
2025_17_NO_TEN,TEN,-0.09354626679843354,-0.2008598523928042,-0.292186439037323,0.2797714795010909,0.06609566014958546
2025_17_NYG_LV,LV,-0.21169503548929103,-0.2561038677871693,9.1897223676954,0.21725543705788292,0.260871961703524
2025_17_NYG_LV,NYG,0.21725543705788292,0.260871961703524,4.899843191278392,-0.21169503548929103,-0.2561038677871693
2025_17_PHI_BUF,BUF,-0.1566192892435007,0.07878986120340414,-0.39322881987600616,-0.09585824533561585,-0.14827201762333667
2025_17_PHI_BUF,PHI,-0.09585824533561585,-0.14827201762333667,-2.0993914116512644,-0.1566192892435007,0.07878986120340414
2025_17_PIT_CLE,CLE,-0.10088047713676132,-0.34555896151336846,7.93348447136257,-0.33576126751980545,-0.013118039819148733
2025_17_PIT_CLE,PIT,-0.33576126751980545,-0.013118039819148733,-9.123148950370583,-0.10088047713676132,-0.34555896151336846
2025_17_SEA_CAR,CAR,-0.5353198290995351,-0.3652989196684724,-7.111440669922602,-0.2706127529553105,0.14428578344214818
2025_17_SEA_CAR,SEA,-0.2706127529553105,0.14428578344214818,0.7474059095749488,-0.5353198290995351,-0.3652989196684724
2025_17_TB_MIA,MIA,0.16858702258258607,-0.040629332212035164,0.39217146960171784,0.08192836570171741,-0.14867451664311096
2025_17_TB_MIA,TB,0.08192836570171741,-0.14867451664311096,9.299012476747686,0.16858702258258607,-0.040629332212035164
2025_18_ARI_LA,ARI,-0.0013789445713243591,-0.10245109670462885,14.167317748069763,0.36613137525336986,-0.0038055411827264845
2025_18_ARI_LA,LA,0.36613137525336986,-0.0038055411827264845,-1.8891859698939968,-0.0013789445713243591,-0.10245109670462885
2025_18_BAL_PIT,BAL,0.3828799737859883,-0.08379418011575651,2.5776792098494137,0.1716601323763018,-0.22048840372767503
2025_18_BAL_PIT,PIT,0.1716601323763018,-0.22048840372767503,1.2173842977393756,0.3828799737859883,-0.08379418011575651
2025_18_CAR_TB,CAR,0.15671379343630226,-0.567876300322286,11.256302694479624,0.3504787605055644,-0.23520427487747647
2025_18_CAR_TB,TB,0.3504787605055644,-0.23520427487747647,5.47834038734436,0.15671379343630226,-0.567876300322286
2025_18_CLE_CIN,CIN,-0.275368822592668,0.19792058075545355,6.812598909202375,-0.28024474738947186,0.085755604865484
2025_18_CLE_CIN,CLE,-0.28024474738947186,0.085755604865484,-11.779612302780151,-0.275368822592668,0.19792058075545355
2025_18_DAL_NYG,DAL,-0.1480660233367988,-0.03061840091659515,-5.370055592578391,0.21994574299692488,-0.010148143782510433
2025_18_DAL_NYG,NYG,0.21994574299692488,-0.010148143782510433,4.882981535047293,-0.1480660233367988,-0.03061840091659515
2025_18_DET_CHI,CHI,0.026397015184019313,0.04979892351953054,0.059882011906854035,0.21317934947729134,-0.012930323709694555
2025_18_DET_CHI,DET,0.21317934947729134,-0.012930323709694555,5.419437421692742,0.026397015184019313,0.04979892351953054
2025_18_GB_MIN,GB,-0.6548304625094816,-0.12537994887007292,-16.779063940048218,0.09850436110133007,-0.08250089665788467
2025_18_GB_MIN,MIN,0.09850436110133007,-0.08250089665788467,1.7802639802296956,-0.6548304625094816,-0.12537994887007292
2025_18_IND_HOU,HOU,0.0032995987912292943,0.008443848362762033,-12.230629793235234,0.08850510218172229,-0.20610429346561432
2025_18_IND_HOU,IND,0.08850510218172229,-0.20610429346561432,2.2241687232797798,0.0032995987912292943,0.008443848362762033
2025_18_KC_LV,KC,-0.5927437289358973,-0.2534243915923236,-12.00079451004664,-0.43985894759276317,-0.47441416671777764
2025_18_KC_LV,LV,-0.43985894759276317,-0.47441416671777764,-27.36800553706976,-0.5927437289358973,-0.2534243915923236
2025_18_LAC_DEN,DEN,-0.08816746766873482,-0.3502681902502067,-12.681854030360347,-0.5215795612546347,-0.09284190655307611
2025_18_LAC_DEN,LAC,-0.5215795612546347,-0.09284190655307611,-11.003399287399493,-0.08816746766873482,-0.3502681902502067
2025_18_MIA_NE,MIA,-0.23122963022138837,-0.41744371444918216,0.9687207639217377,0.4357344011601672,0.19979163128408362
2025_18_MIA_NE,NE,0.4357344011601672,0.19979163128408362,21.2237948179245,-0.23122963022138837,-0.41744371444918216
2025_18_NO_ATL,ATL,-0.12864883028657123,-0.4276659496384806,-6.603640417257945,-0.12130209499249175,-0.07553911378414815
2025_18_NO_ATL,NO,-0.12130209499249175,-0.07553911378414815,-1.691332459449768,-0.12864883028657123,-0.4276659496384806
2025_18_NYJ_BUF,BUF,0.7218993530932567,0.010508914344544068,12.69439650433404,-0.24921789381827228,-0.2632968284266429
2025_18_NYJ_BUF,NYJ,-0.24921789381827228,-0.2632968284266429,-19.890870695764367,0.7218993530932567,0.010508914344544068
2025_18_SEA_SF,SEA,0.28606131082689756,-0.05723658768864184,6.9315295953017015,-0.3949613257643495,-0.24388470238773152
2025_18_SEA_SF,SF,-0.3949613257643495,-0.24388470238773152,3.171529703670078,0.28606131082689756,-0.05723658768864184
2025_18_TEN_JAX,JAX,0.4486651832383353,-0.1563917287168902,13.267306262446988,-0.5825124651275466,0.07932990814313395
2025_18_TEN_JAX,TEN,-0.5825124651275466,0.07932990814313395,-9.166356198715441,0.4486651832383353,-0.1563917287168902
2025_18_WAS_PHI,PHI,-0.15481136348201868,0.08772408453256099,-1.3910784440882065,0.5761465341838334,-0.30872497477257105
2025_18_WAS_PHI,WAS,0.5761465341838334,-0.30872497477257105,6.251351300038789,-0.15481136348201868,0.08772408453256099
